"start","end","position","variable","value","Q1Fst","Q3Fst","maxFst"
"1","10000",5000.5,"Fst",0.014439589488661,0,0.0135872591389412,0.023453888051144
"1001","11000",6000.5,"Fst",0.0274944567627494,0,0.0229076799845618,0.0380035655519169
"2001","12000",7000.5,"Fst",0.0160807081318738,0,0.0218753417800324,0.0449647921288705
"3001","13000",8000.5,"Fst",0.016975454213306,0,0.0226558743309604,0.0535898569954296
"4001","14000",9000.5,"Fst",0.0186612383499621,0,0.0248038271084699,0.058232207937843
"5001","15000",10000.5,"Fst",0.0178137482485309,0,0.0237397534462663,0.0558146676647282
"6001","16000",11000.5,"Fst",0.0208006360536652,0,0.0244556928605367,0.0575580272660565
"7001","17000",12000.5,"Fst",0.0182660269905259,0,0.0236015611771979,0.0570537060138262
"8001","18000",13000.5,"Fst",0.0169292305026498,0,0.0214629998549513,0.0534182039232188
"9001","19000",14000.5,"Fst",0.0162732162255251,0,0.0204052306984763,0.0500097229499429
"10001","20000",15000.5,"Fst",0.016410072953532,0,0.0197648889900504,0.0480478470406653
"11001","21000",16000.5,"Fst",0.0096786653715174,0,0.0215305374760945,0.0525098169222591
"12001","22000",17000.5,"Fst",0.0141328315241357,0,0.0131838528023031,0.0228830133153791
"13001","23000",18000.5,"Fst",0.0159001678850451,0,0.0145694736912865,0.0237972949837357
"14001","24000",19000.5,"Fst",0.0153635015363216,0,0.0140607793037968,0.0228299252689496
"15001","25000",20000.5,"Fst",0.0153635015363216,0,0.0140274856860478,0.0229486544493973
"16001","26000",21000.5,"Fst",0.00607613319541589,0,0.0130551505781591,0.0183122122807675
"17001","27000",22000.5,"Fst",0.00521768793242816,0,0.00718009141039364,0.0100135781215736
"18001","28000",23000.5,"Fst",0.00622411110296928,0,0.00675875941163543,0.00936930560433535
"19001","29000",24000.5,"Fst",0.00382898362816797,0,0.00670268893906545,0.00948983980963092
"20001","30000",25000.5,"Fst",0.00267065484456785,0,0.00703967846249149,0.00913707993164981
"21001","31000",26000.5,"Fst",0.00319925598697979,0,0.00639291183706992,0.0086891410748714
"22001","32000",27000.5,"Fst",0.00410134128166917,0,0.00805803722650443,0.0108064870523116
"23001","33000",28000.5,"Fst",0.00384185838731277,0,0.00757269026712863,0.0101532780344782
"24001","34000",29000.5,"Fst",0.00713298956660502,0,0.00820540061819689,0.012388170398183
"25001","35000",30000.5,"Fst",0.0131248583280792,0,0.0301641622855857,0.0707806130864022
"26001","36000",31000.5,"Fst",0.0118646481399711,0,0.0292277719560818,0.068787238211982
"27001","37000",32000.5,"Fst",0.0134560381595309,0,0.0311280669584965,0.0734460488992363
"28001","38000",33000.5,"Fst",0.0134636937202869,0,0.0296565686498051,0.0673182606544612
"29001","39000",34000.5,"Fst",0.0151041820617442,0,0.0293874010002162,0.0679850430141187
"30001","40000",35000.5,"Fst",0.0151041820617442,0,0.0293112125782696,0.0679850430141187
"31001","41000",36000.5,"Fst",0.0160316101621164,0,0.0314607419869266,0.0738320711367635
"32001","42000",37000.5,"Fst",0.0163886013087993,0,0.03103244471721,0.0731303261936754
"33001","43000",38000.5,"Fst",0.0169554333889896,0,0.0320331062943863,0.075743820632046
"34001","44000",39000.5,"Fst",0.0167750297193718,0,0.0356670264163485,0.078296167327359
"35001","45000",40000.5,"Fst",0.012921968183913,0,0.0102058274781458,0.0134993461604331
"36001","46000",41000.5,"Fst",0.0131098448068996,0,0.0104284978759826,0.0139225543884849
"37001","47000",42000.5,"Fst",0.0135089601231835,0,0.0102844425794656,0.0141720734829841
"38001","48000",43000.5,"Fst",0.0174776359319785,0,0.0156503613301735,0.0184873394737711
"39001","49000",44000.5,"Fst",0.0170960333703074,0,0.0164332415853527,0.0175915283020267
"40001","50000",45000.5,"Fst",0.0481129493173333,0,0.0218824575575665,0.0481129493173333
"41001","51000",46000.5,"Fst",0.0446575845190216,0,0.0197500573967729,0.0421455957615423
"42001","52000",47000.5,"Fst",0.0435853819411728,0,0.02027469445762,0.041078081139999
"43001","53000",48000.5,"Fst",0.0373635422548465,0,0.0266406120356011,0.0483238676839574
"44001","54000",49000.5,"Fst",0.0445962034228143,0,0.0233524267212808,0.0444377680058996
"45001","55000",50000.5,"Fst",0.0437975505952871,0,0.023056439581883,0.0438606541356931
"46001","56000",51000.5,"Fst",0.0437975505952871,0,0.0231239667381142,0.0438606541356931
"47001","57000",52000.5,"Fst",0.0412076154844161,0,0.0226081821803996,0.0411916948706258
"48001","58000",53000.5,"Fst",0.0417241621255,0,0.0239723042721985,0.0444998903268261
"49001","59000",54000.5,"Fst",0.0675777133219421,0,0.0217693926149827,0.0430060630019379
"50001","60000",55000.5,"Fst",0.0607534673162237,0,0.0239932696973114,0.0482709800401603
"51001","61000",56000.5,"Fst",0.0627163329547027,0,0.0253446655535657,0.0496933239539769
"52001","62000",57000.5,"Fst",0.0643191973640942,0,0.0260115288516723,0.0510356822983934
"53001","63000",58000.5,"Fst",0.0619030382223636,0,0.0252004104889465,0.0643054161189828
"54001","64000",59000.5,"Fst",0.0600021120598617,0,0.0279604941057522,0.0753661153534454
"55001","65000",60000.5,"Fst",0.0591183454453793,0,0.027481932506567,0.0740446886652276
"56001","66000",61000.5,"Fst",0.0579987767265725,0,0.0257068785313774,0.0725575212244091
"57001","67000",62000.5,"Fst",0.0452454826043165,0,0.0266810387711507,0.0861625448429261
"58001","68000",63000.5,"Fst",0.0453319642229848,0,0.0270847839655849,0.0866341400188864
"59001","69000",64000.5,"Fst",0.0166999871088126,0,0.0323220435407653,0.0815035899148439
"60001","70000",65000.5,"Fst",0.0159488270160209,0,0.0312747771301796,0.0800043179359295
"61001","71000",66000.5,"Fst",0.0157086725893207,0,0.0308681924613943,0.0790088350565846
"62001","72000",67000.5,"Fst",0.0103889536698071,0,0.0322864453820342,0.072657079663683
"63001","73000",68000.5,"Fst",0.00943353879322262,0,0.031924209268084,0.0650341960694458
"64001","74000",69000.5,"Fst",0.015774984008008,0,0.0310437369969252,0.0625864899170652
"65001","75000",70000.5,"Fst",0.0164709391848319,0,0.0322909057194441,0.0652602798344081
"66001","76000",71000.5,"Fst",0.0154512797991059,0,0.03178851583131,0.0655190476679575
"67001","77000",72000.5,"Fst",0.0149346440177833,0,0.0359914057448171,0.0861383122252689
"68001","78000",73000.5,"Fst",0.00733455212727208,0,0.0303062967818243,0.078025902607446
"69001","79000",74000.5,"Fst",0.00586246693425652,0,0.0304194179022487,0.0761011732725086
"70001","80000",75000.5,"Fst",0.0067441245016604,0,0.0307222830162127,0.0768309511767167
"71001","81000",76000.5,"Fst",0.00691130952693408,0,0.0314619204710164,0.0785686463568041
"72001","82000",77000.5,"Fst",0.0181953758069393,0,0.0296030188553696,0.0576506775775514
"73001","83000",78000.5,"Fst",0.0171330370952298,0,0.0278126536949477,0.0545901684389857
"74001","84000",79000.5,"Fst",0,0,0.0220157330642227,0.0649854999369562
"75001","85000",80000.5,"Fst",0,0,0.0211643434602252,0.0598904552392924
"76001","86000",81000.5,"Fst",0,0,0.021947523247827,0.0625644873839228
"77001","87000",82000.5,"Fst",0,0,0.0234705790131247,0.066586802435859
"78001","88000",83000.5,"Fst",0.00272757445011018,0,0.00783814179806752,0.00876872488125691
"79001","89000",84000.5,"Fst",0.000455746969282633,0,0.00461124928247032,0.00495377946835329
"80001","90000",85000.5,"Fst",0,0,0.0249700859511006,0.0617666385055854
"81001","91000",86000.5,"Fst",0,0,0.0244682444043695,0.0589732338745064
"82001","92000",87000.5,"Fst",0,0,0.0252488117629484,0.0609579100145137
"83001","93000",88000.5,"Fst",0,0,0.0272367982862041,0.0658417781759139
"84001","94000",89000.5,"Fst",0,0,0.0280725945197092,0.0698037432749868
"85001","95000",90000.5,"Fst",0,0,0.0317012025323197,0.0741557138392197
"86001","96000",91000.5,"Fst",0,0,0.0330569845763245,0.0778193996098673
"87001","97000",92000.5,"Fst",0,0,0.026688359907727,0.0633332865030417
"88001","98000",93000.5,"Fst",0,0,0.0256726636139572,0.0608851852352076
"89001","99000",94000.5,"Fst",0.0319254658385094,0,0.0421439025071503,0.0858525093601447
"90001","1e+05",95000.5,"Fst",0.0427545275072936,0,0.0445793823115621,0.087974356637195
"91001","101000",96000.5,"Fst",0.0440377689942907,0,0.0476650241288963,0.0921061119174327
"92001","102000",97000.5,"Fst",0.0416542218548203,0,0.0449443948909881,0.0870001218595771
"93001","103000",98000.5,"Fst",0.0403669796434877,0,0.0420786989629454,0.0817022653096694
"94001","104000",99000.5,"Fst",0.0334401063797558,0,0.0327862578197486,0.0702668843248169
"95001","105000",100000.5,"Fst",0.0334401063797558,0,0.0327862578197486,0.0702668843248169
"96001","106000",101000.5,"Fst",0.0333712066376256,0,0.0312300327615073,0.0642136729372845
"97001","107000",102000.5,"Fst",0.0362569871599971,0,0.0335944362068522,0.0689422076957362
"98001","108000",103000.5,"Fst",0.0370760235782949,0,0.0343993849433086,0.0702983571044439
"99001","109000",104000.5,"Fst",0.0110659746877106,0,0.0257191681702283,0.0622242843360361
"100001","110000",105000.5,"Fst",0.0396527470952796,0,0.0252790140599011,0.0571827519942488
"101001","111000",106000.5,"Fst",0.0396527470952796,0,0.0252790140599011,0.0571827519942488
"102001","112000",107000.5,"Fst",0.0327137664607624,0,0.0241806730451066,0.0501589059508681
"103001","113000",108000.5,"Fst",0.0343938598508349,0,0.0256343852157503,0.0532970851716603
"104001","114000",109000.5,"Fst",0.0431977201203271,0,0.0269643780993313,0.0477928189291532
"105001","115000",110000.5,"Fst",0.0431977201203271,0,0.0269643780993313,0.0477928189291532
"106001","116000",111000.5,"Fst",0.0204481172974234,0,0.0317762159126644,0.0706221661547461
"107001","117000",112000.5,"Fst",0.0205608923725249,0,0.033300345427661,0.0733712428135972
"108001","118000",113000.5,"Fst",0.0194384547463042,0,0.0303289098620588,0.0675479588973836
"109001","119000",114000.5,"Fst",0.0195556866285197,0,0.02858830257608,0.063632138281034
"110001","120000",115000.5,"Fst",0,0,0.034506273867976,0.0789440655984603
"111001","121000",116000.5,"Fst",0,0,0.0335942137657388,0.07685649991345
"112001","122000",117000.5,"Fst",0,0,0.0436258392984615,0.115580871009849
"113001","123000",118000.5,"Fst",0,0,0.0426426321310086,0.113396735769015
"114001","124000",119000.5,"Fst",0,0,0.0434688330840696,0.115808482020109
"115001","125000",120000.5,"Fst",0,0,0.0392065923788408,0.120017382750008
"116001","126000",121000.5,"Fst",0,0,0.0383322476250406,0.118588378105504
"117001","127000",122000.5,"Fst",0,0,0.0391630864036494,0.125330049311014
"118001","128000",123000.5,"Fst",0,0,0.0386801227978068,0.125161956433719
"119001","129000",124000.5,"Fst",0,0,0.0377937625483223,0.124456100756438
"120001","130000",125000.5,"Fst",0,0,0.0383849388922856,0.125859501175014
"121001","131000",126000.5,"Fst",0,0,0.0388568302248809,0.127460102150248
"122001","132000",127000.5,"Fst",0,0,0.0366851219651101,0.103865540494517
"123001","133000",128000.5,"Fst",0,0,0.0359972931608619,0.102060144437677
"124001","134000",129000.5,"Fst",0,0,0.0365793345211754,0.103865540494517
"125001","135000",130000.5,"Fst",0,0,0.0316728665250731,0.0942222086090011
"126001","136000",131000.5,"Fst",0,0,0.0336263284730891,0.0994986522911051
"127001","137000",132000.5,"Fst",0,0,0.0249222408151566,0.0694538535825995
"128001","138000",133000.5,"Fst",0,0,0.0271836607360605,0.0766489137141558
"129001","139000",134000.5,"Fst",0,0,0.0389052429052428,0.0789632713355267
"130001","140000",135000.5,"Fst",0,0,0.041749076611462,0.0843676016930911
"131001","141000",136000.5,"Fst",0,0,0.0345579129050938,0.0711175616835994
"132001","142000",137000.5,"Fst",0,0,0.0367835397858493,0.0750462657675863
"133001","143000",138000.5,"Fst",0,0,0.0388944388944388,0.0789632713355267
"134001","144000",139000.5,"Fst",0,0,0.0388944388944388,0.0789632713355267
"135001","145000",140000.5,"Fst",0.0585643605406451,0,0.0540770887822879,0.107483884468586
"136001","146000",141000.5,"Fst",0.0873426241045934,0,0.0578205278104021,0.0979102231137789
"137001","147000",142000.5,"Fst",0.085288846800357,0,0.0565080612023832,0.0956402988707769
"138001","148000",143000.5,"Fst",0.0822977528631673,0,0.0538186076218628,0.0916827490883309
"139001","149000",144000.5,"Fst",0.0809712801661272,0,0.0529780312743377,0.0902233652527348
"140001","150000",145000.5,"Fst",0.0817563202785412,0,0.053395011415254,0.0909472030485112
"141001","151000",146000.5,"Fst",0.0831088535601644,0,0.0542821354188759,0.0927611857891653
"142001","152000",147000.5,"Fst",0.0829847158288034,0,0.0541403247132996,0.0863644745294914
"143001","153000",148000.5,"Fst",0.0812719193932597,0,0.0525053198954359,0.0846282763267961
"144001","154000",149000.5,"Fst",0.0805538336428618,0,0.0521299222070768,0.0839946956484139
"145001","155000",150000.5,"Fst",0.0859635145979178,0,0.0387929762668312,0.0862337749230563
"146001","156000",151000.5,"Fst",0.0334633895882529,0,0.0187290204968096,0.0308714009197101
"147001","157000",152000.5,"Fst",0.0382708813499223,0,0.0163749037463624,0.0282016991818754
"148001","158000",153000.5,"Fst",0.041916646162667,0,0.0170851815634041,0.0327510322362761
"149001","159000",154000.5,"Fst",0.0428664952173691,0,0.0168046726396834,0.0338264099966227
"150001","160000",155000.5,"Fst",0.0418467428041763,0,0.0145967033152471,0.0273939051387123
"151001","161000",156000.5,"Fst",0.0409298211669754,0,0.0142608206638769,0.0267845629547758
"152001","162000",157000.5,"Fst",0.0296422371857527,0,0.0125532230717513,0.0188635201116021
"153001","163000",158000.5,"Fst",0.0300174603783722,0,0.0135509675947296,0.02017382788591
"154001","164000",159000.5,"Fst",0.0310733509444455,0,0.0140207642505531,0.0209409447568221
"155001","165000",160000.5,"Fst",0.026220340434905,0,0.0147789967149708,0.0241772707327774
"156001","166000",161000.5,"Fst",0.0270743713475107,0,0.017988081450632,0.0266208588495721
"157001","167000",162000.5,"Fst",0.0214741520840149,0,0.0209297379986029,0.0268854038279004
"158001","168000",163000.5,"Fst",0.0267770102386415,0,0.0184358362779199,0.02694220545361
"159001","169000",164000.5,"Fst",0.0271509284215656,0,0.0184731426515239,0.0299589228662712
"160001","170000",165000.5,"Fst",0.0245823005292422,0,0.0139308887882904,0.0250565947813655
"161001","171000",166000.5,"Fst",0.0237749624592229,0,0.0222553560258976,0.0396189645753665
"162001","172000",167000.5,"Fst",0.0225094218218584,0,0.0210519175458086,0.0374700686557968
"163001","173000",168000.5,"Fst",0.0113806801937698,0,0.0277661503392255,0.0656734651924291
"164001","174000",169000.5,"Fst",0.0113806801937698,0,0.0277661503392255,0.0656734651924291
"165001","175000",170000.5,"Fst",0.011248353096179,0,0.0272808489445036,0.0656734651924291
"166001","176000",171000.5,"Fst",0.00889088537392335,0,0.0320648176598061,0.108861311865543
"167001","177000",172000.5,"Fst",0.0104496649617676,0,0.0307171513416962,0.102449702195998
"168001","178000",173000.5,"Fst",0.00816465607641437,0,0.0294483202548078,0.0940726733835657
"169001","179000",174000.5,"Fst",0.00859783205159814,0,0.0280076126461451,0.0894933337021784
"170001","180000",175000.5,"Fst",0.00880205529366085,0,0.0308069485103942,0.0921807093184636
"171001","181000",176000.5,"Fst",0.00674567492328815,0,0.0325971988328037,0.103040354409584
"172001","182000",177000.5,"Fst",0.00688656203530336,0,0.0332573075973688,0.10514265052036
"173001","183000",178000.5,"Fst",0.0105997620430669,0,0.0315158938388341,0.0971934450932378
"174001","184000",179000.5,"Fst",0.0105472996138075,0,0.0299952873372927,0.0938682407699954
"175001","185000",180000.5,"Fst",0.0118003785418953,0,0.030808330916247,0.0917827196865504
"176001","186000",181000.5,"Fst",0.0133056404178485,0,0.0329110157550439,0.069797830925318
"177001","187000",182000.5,"Fst",0.0111407298464934,0,0.0352034902670421,0.0756756647387732
"178001","188000",183000.5,"Fst",0.012394439230028,0,0.0322612596476004,0.0832977804803892
"179001","189000",184000.5,"Fst",0.0105913905937551,0,0.0344714315466283,0.0786335344691793
"180001","190000",185000.5,"Fst",0.0114160035201859,0,0.0366153037081324,0.0741177424475263
"181001","191000",186000.5,"Fst",0.0173102957148271,0,0.0205652733130605,0.0339118385108952
"182001","192000",187000.5,"Fst",0.0162644602158477,0,0.018154527027506,0.0307039702633057
"183001","193000",188000.5,"Fst",0.0144088472580514,0,0.0185154968207867,0.0261119906638693
"184001","194000",189000.5,"Fst",0.0147550557117568,0,0.0195287982165115,0.029338061465721
"185001","195000",190000.5,"Fst",0.00163719485373315,0,0.0302546665003297,0.0842966224482691
"186001","196000",191000.5,"Fst",0,0,0.0426524571575476,0.132650693064428
"187001","197000",192000.5,"Fst",0.00109520173532862,0,0.0391569936498033,0.118195508207611
"188001","198000",193000.5,"Fst",0.0052638800617949,0,0.0384263178781784,0.116261358898525
"189001","199000",194000.5,"Fst",0.00546654440994865,0,0.0385743311196718,0.124147700151457
"190001","2e+05",195000.5,"Fst",0.00663140285120767,0,0.0373335054215743,0.117818492203748
"191001","201000",196000.5,"Fst",0.00676311192169998,0,0.0380897845217681,0.119860036544111
"192001","202000",197000.5,"Fst",0.0185984849368079,0,0.0302289399430255,0.0841895842894047
"193001","203000",198000.5,"Fst",0.00848177732890687,0,0.0264672648315069,0.0627782186416979
"194001","204000",199000.5,"Fst",0.0084547542120772,0,0.0262436376121987,0.0621616190832379
"195001","205000",200000.5,"Fst",0.0100657419367766,0,0.0268421270677257,0.066093843594947
"196001","206000",201000.5,"Fst",0.0139368136717235,0,0.0293682674573662,0.0690640530564045
"197001","207000",202000.5,"Fst",0.0137157564944212,0,0.0312392183151592,0.0751526553156988
"198001","208000",203000.5,"Fst",0.0120094222861021,0,0.0308137074658788,0.0723837774102887
"199001","209000",204000.5,"Fst",0.0122501662378653,0,0.0306631661952392,0.0721827205321018
"200001","210000",205000.5,"Fst",0.00755762115712688,0,0.0280749816172469,0.0667881502985749
"201001","211000",206000.5,"Fst",0.00847491040116244,0,0.0274131664184271,0.0649893617291919
"202001","212000",207000.5,"Fst",0,0,0.0370734173220587,0.0801667328126855
"203001","213000",208000.5,"Fst",0.00467079259413361,0,0.0332314634292891,0.129166519647625
"204001","214000",209000.5,"Fst",0.00786880386675304,0,0.0336186212138592,0.117509795882568
"205001","215000",210000.5,"Fst",0.00637142219465803,0,0.0308336482136707,0.104024756945358
"206001","216000",211000.5,"Fst",0.00627991164249064,0,0.0304228404560835,0.102629302888773
"207001","217000",212000.5,"Fst",0.00518168576265343,0,0.029325629341752,0.0978951135402433
"208001","218000",213000.5,"Fst",0.00169354524885623,0,0.0335698762450837,0.113131966437198
"209001","219000",214000.5,"Fst",0.00100364809165909,0,0.03063596430073,0.10220153008492
"210001","220000",215000.5,"Fst",0.0115512600527373,0,0.0277805133644004,0.0518613019923509
"211001","221000",216000.5,"Fst",0.0111540352602373,0,0.0240810549341014,0.0529535799559676
"212001","222000",217000.5,"Fst",0.0111540352602373,0,0.0243910025364799,0.0529535799559676
"213001","223000",218000.5,"Fst",0.0141758058230808,0,0.0229808948861012,0.0501969135622393
"214001","224000",219000.5,"Fst",0.0122665155510995,0,0.0240745133444651,0.0498088741753193
"215001","225000",220000.5,"Fst",0.0140266785681898,0,0.0232970732943934,0.0445629381799595
"216001","226000",221000.5,"Fst",0.014232143909497,0,0.0236315701333972,0.0451733893879042
"217001","227000",222000.5,"Fst",0.0158552617212238,0,0.0228474559607374,0.048393315159652
"218001","228000",223000.5,"Fst",0.0158552617212238,0,0.0228474559607374,0.048393315159652
"219001","229000",224000.5,"Fst",0.0372551100545497,0,0.0207045120072669,0.0441784869976359
"220001","230000",225000.5,"Fst",0.0366481236335826,0,0.0206332379098114,0.0459233802285121
"221001","231000",226000.5,"Fst",0.0420750862184066,0,0.0188307941334845,0.0327427540350907
"222001","232000",227000.5,"Fst",0.0382310991006644,0,0.0186952990129483,0.0308433689197498
"223001","233000",228000.5,"Fst",0.0361858027815325,0,0.0190312890072247,0.0320013474879188
"224001","234000",229000.5,"Fst",0.0356738387743051,0,0.0173905955917464,0.0295494202409097
"225001","235000",230000.5,"Fst",0.0506735019205392,0,0.0195492892965556,0.0373219249340621
"226001","236000",231000.5,"Fst",0.0403453269407431,0,0.0159600782193251,0.031267710450239
"227001","237000",232000.5,"Fst",0.0399263630949158,0,0.0157643898988597,0.0308881327816474
"228001","238000",233000.5,"Fst",0.0505140501531882,0,0.0158267124463522,0.0341339264389777
"229001","239000",234000.5,"Fst",0.0440088932806324,0,0.0182710444515344,0.0355674574003414
"230001","240000",235000.5,"Fst",0.0440988184030284,0,0.0178099891174791,0.0355083584866409
"231001","241000",236000.5,"Fst",0.0470332422055801,0,0.0188968729526855,0.0341764438303023
"232001","242000",237000.5,"Fst",0.0453375727433163,0,0.0176545154732765,0.0374554904410774
"233001","243000",238000.5,"Fst",0.0483383885354357,0,0.017526208895883,0.0336601620595538
"234001","244000",239000.5,"Fst",0.0502620646353552,0,0.0177120274710636,0.0320831733299201
"235001","245000",240000.5,"Fst",0.0418393552571497,0,0.0175356580119071,0.0366199262521546
"236001","246000",241000.5,"Fst",0.0396357903731969,0,0.0229040454855854,0.0494068589602645
"237001","247000",242000.5,"Fst",0.0359456943592357,0,0.0239278807423199,0.0520835587557339
"238001","248000",243000.5,"Fst",0.0222726908770626,0,0.0274434676877439,0.0587610149792235
"239001","249000",244000.5,"Fst",0.0221179062659931,0,0.0271645655232547,0.0581853370626119
"240001","250000",245000.5,"Fst",0.0224196098882737,0,0.0272828093555925,0.0581685030067548
"241001","251000",246000.5,"Fst",0.0211382611005905,0,0.0295201591984153,0.0544847028101724
"242001","252000",247000.5,"Fst",0.0219181015255597,0,0.0340615645851453,0.0611005036955878
"243001","253000",248000.5,"Fst",0.0135655156984115,0,0.033853039365974,0.0627346306583284
"244001","254000",249000.5,"Fst",0.00884227348365252,0,0.0329426823113681,0.0598146414260449
"245001","255000",250000.5,"Fst",0.00884227348365252,0,0.0330652561198778,0.0598668965089334
"246001","256000",251000.5,"Fst",0.0153319112366345,0,0.0232676267932875,0.0517533319734751
"247001","257000",252000.5,"Fst",0.0150821884264655,0,0.0226077450968557,0.0703371573138858
"248001","258000",253000.5,"Fst",0.0148609145066642,0,0.022367819948822,0.0693346424730669
"249001","259000",254000.5,"Fst",0.0155897721682714,0,0.0190924663066765,0.059098216076047
"250001","260000",255000.5,"Fst",0.0147193051847759,0,0.0197792002227087,0.0596693850079617
"251001","261000",256000.5,"Fst",0.0140970470396201,0,0.0178333629341979,0.0462955103161484
"252001","262000",257000.5,"Fst",0.01452108349623,0,0.0179201158648542,0.0448979500120217
"253001","263000",258000.5,"Fst",0.00966617932762981,0,0.0228271821595886,0.0649831050705501
"254001","264000",259000.5,"Fst",0.0140468482067782,0,0.0246504878873666,0.0708115246500995
"255001","265000",260000.5,"Fst",0.00766214501830953,0,0.0296634378279833,0.111268817105996
"256001","266000",261000.5,"Fst",0.00282448195438589,0,0.0315089075198097,0.113244672718341
"257001","267000",262000.5,"Fst",0.00306925526515478,0,0.0277254182998992,0.100427946843453
"258001","268000",263000.5,"Fst",0.00303364269960049,0,0.0274849925427284,0.0997128468398782
"259001","269000",264000.5,"Fst",0.000437298411867904,0,0.0335320484188566,0.115901165232626
"260001","270000",265000.5,"Fst",0.00213554259120186,0,0.0306457209897957,0.102801453002087
"261001","271000",266000.5,"Fst",0.00201075302234521,0,0.0290430734512604,0.0974245844869107
"262001","272000",267000.5,"Fst",0,0,0.0299732165848054,0.101542920249472
"263001","273000",268000.5,"Fst",0.0110823679255106,0,0.0285345690021775,0.071193194372138
"264001","274000",269000.5,"Fst",0.00830436768824361,0,0.0293038482665445,0.0702217742426344
"265001","275000",270000.5,"Fst",0.0172659230434018,0,0.0264223252704463,0.0524285635411804
"266001","276000",271000.5,"Fst",0.0139039533807859,0,0.0257374599796518,0.0526644106560366
"267001","277000",272000.5,"Fst",0.0148689549715746,0,0.0270050289551268,0.0563362316523546
"268001","278000",273000.5,"Fst",0.0136726489639273,0,0.0267974766162487,0.0552738043395153
"269001","279000",274000.5,"Fst",0.0123544442729502,0,0.0223189052673149,0.0512589827783011
"270001","280000",275000.5,"Fst",0.0112632671708697,0,0.0210061890602027,0.0568996252984693
"271001","281000",276000.5,"Fst",0.0143603371741432,0,0.0203967087721851,0.0542958185978781
"272001","282000",277000.5,"Fst",0.0129651300028629,0,0.0181910797563277,0.0525809686744144
"273001","283000",278000.5,"Fst",0.00137216157319531,0,0.0172731021370954,0.0415112633816705
"274001","284000",279000.5,"Fst",0.0237769916904148,0,0.0214085145131324,0.0404450751582059
"275001","285000",280000.5,"Fst",0.022605791043568,0,0.0235601265586781,0.0542995717926725
"276001","286000",281000.5,"Fst",0.0272587511640213,0,0.0230206992889707,0.0665594590136896
"277001","287000",282000.5,"Fst",0.0267679942587253,0,0.023138200932402,0.0660732470589729
"278001","288000",283000.5,"Fst",0.0274210013661166,0,0.0226538447395706,0.0625174636363922
"279001","289000",284000.5,"Fst",0.028851401737962,0,0.0237404151050015,0.0648487894661652
"280001","290000",285000.5,"Fst",0.027807649221274,0,0.0247985934942902,0.0637203972242643
"281001","291000",286000.5,"Fst",0.0271473807953269,0,0.0254728013826052,0.0673392372849331
"282001","292000",287000.5,"Fst",0.0289716548565768,0,0.0272167646882015,0.0702036713005849
"283001","293000",288000.5,"Fst",0.0407070055476711,0,0.0287797176795904,0.0714614563516596
"284001","294000",289000.5,"Fst",0.0239792559484021,0,0.0261657768463168,0.0673737960759355
"285001","295000",290000.5,"Fst",0.0279394592974647,0,0.0257033528321257,0.06506102447101
"286001","296000",291000.5,"Fst",0.0240928859419269,0,0.0284238659394393,0.0835116951362671
"287001","297000",292000.5,"Fst",0.0243517717741141,0,0.0295389276453323,0.0833282482617257
"288001","298000",293000.5,"Fst",0.0253682872981182,0,0.0274801506179426,0.0861268432062861
"289001","299000",294000.5,"Fst",0.0482782051170366,0,0.026900822266593,0.0623398757490791
"290001","3e+05",295000.5,"Fst",0.0398979465975348,0,0.0380273183112652,0.103454796665838
"291001","301000",296000.5,"Fst",0.040484095292378,0,0.0385390985376608,0.104916102762462
"292001","302000",297000.5,"Fst",0.0385344531211629,0,0.0361682968741329,0.100497767182189
"293001","303000",298000.5,"Fst",0.0336559303249345,0,0.0400225158318511,0.114932481583888
"294001","304000",299000.5,"Fst",0.0334123847167326,0,0.0397366276701409,0.113835153249142
"295001","305000",300000.5,"Fst",0.0328027199442554,0,0.0417421480969335,0.118190671262238
"296001","306000",301000.5,"Fst",0.0325861139922193,0,0.0407730400168112,0.11609924602252
"297001","307000",302000.5,"Fst",0.0339896257242532,0,0.0423816187072153,0.12119131821649
"298001","308000",303000.5,"Fst",0.0344826954421781,0,0.0467623236072728,0.131646030078577
"299001","309000",304000.5,"Fst",0.0142880696579044,0,0.0378503404620769,0.0854052588686158
"300001","310000",305000.5,"Fst",8.21141624487431e-05,0,0.0359853312308005,0.0983569772707303
"301001","311000",306000.5,"Fst",8.27637779402535e-05,0,0.0362629774537087,0.0990808698375522
"302001","312000",307000.5,"Fst",0.000186634989996937,0,0.0387936654110798,0.106789877910713
"303001","313000",308000.5,"Fst",0,0,0.0405981222804464,0.113741090129731
"304001","314000",309000.5,"Fst",0,0,0.041320174916184,0.115872700807199
"305001","315000",310000.5,"Fst",0,0,0.0425227059720887,0.119123898921879
"306001","316000",311000.5,"Fst",0,0,0.0429842508232289,0.121207791560502
"307001","317000",312000.5,"Fst",0,0,0.0433955856531592,0.122306069216824
"308001","318000",313000.5,"Fst",0.0144698401787248,0,0.0302961513714755,0.0731280060023359
"309001","319000",314000.5,"Fst",0.0172089548119629,0,0.0311861376443713,0.0738685743252395
"310001","320000",315000.5,"Fst",0.0414868457633422,0,0.031039846493137,0.0651592593089447
"311001","321000",316000.5,"Fst",0.0391526579193632,0,0.0297988098584476,0.0621295747040466
"312001","322000",317000.5,"Fst",0.0377442269884437,0,0.0281760865864261,0.0598027340370307
"313001","323000",318000.5,"Fst",0.0417619667802537,0,0.0273636220621542,0.0562206282463518
"314001","324000",319000.5,"Fst",0.0451355425430561,0,0.02485023002066,0.0611521963403379
"315001","325000",320000.5,"Fst",0.045628061249252,0,0.0232625018417991,0.0605250557757153
"316001","326000",321000.5,"Fst",0.0443798295881943,0,0.0225613067714432,0.0589450529063721
"317001","327000",322000.5,"Fst",0.042991086815009,0,0.0216548441626443,0.05704368411792
"318001","328000",323000.5,"Fst",0.0431837678883146,0,0.0183475740305088,0.030101263878912
"319001","329000",324000.5,"Fst",0.0407190411821861,0,0.0183365000257937,0.0335851582517837
"320001","330000",325000.5,"Fst",0.0177640180946513,0,0.0211216429930106,0.0501441994054911
"321001","331000",326000.5,"Fst",0.015293490350183,0,0.0192607491351816,0.0437184812628406
"322001","332000",327000.5,"Fst",0.0173749779043566,0,0.0193346948425005,0.0437449744363503
"323001","333000",328000.5,"Fst",0.0119608858514019,0,0.0198402001277823,0.0442056101599211
"324001","334000",329000.5,"Fst",0.0052350460897862,0,0.0203291986733954,0.0477773604281317
"325001","335000",330000.5,"Fst",0.00596068113811643,0,0.018529224598452,0.0472649976918614
"326001","336000",331000.5,"Fst",0.00722205460377745,0,0.0182368010912772,0.0466000617152819
"327001","337000",332000.5,"Fst",0.00705573199179332,0,0.0183331384351433,0.0464706391512774
"328001","338000",333000.5,"Fst",0.00891855910563422,0,0.0204256031561838,0.0612681237067924
"329001","339000",334000.5,"Fst",0.0089765559983247,0,0.0204626128277223,0.060350611410261
"330001","340000",335000.5,"Fst",0.0140743485149475,0,0.0220869804641776,0.0768861886506358
"331001","341000",336000.5,"Fst",0.0181616621179597,0,0.0237724992790686,0.0907499867310743
"332001","342000",337000.5,"Fst",0.0143261730974928,0,0.0246763747973258,0.0946431021490661
"333001","343000",338000.5,"Fst",0.0134227309100607,0,0.0242512641332251,0.09195767998438
"334001","344000",339000.5,"Fst",0.0136055651788179,0,0.0239178384170988,0.091038521931963
"335001","345000",340000.5,"Fst",0.00820209169551933,0,0.0221792618295348,0.0552663307006743
"336001","346000",341000.5,"Fst",0.00645708165257741,0,0.0233187939157842,0.0591734812502077
"337001","347000",342000.5,"Fst",0.00673455702239356,0,0.0230059326036362,0.0570913338601687
"338001","348000",343000.5,"Fst",0.031149245700805,0,0.0207382451572928,0.0525477431149164
"339001","349000",344000.5,"Fst",0.0230195121569073,0,0.0212964448479041,0.0439954887544189
"340001","350000",345000.5,"Fst",0.0231054408987407,0,0.0209487003637628,0.045215352959694
"341001","351000",346000.5,"Fst",0.0254883732088984,0,0.0231429498070118,0.0511562534419431
"342001","352000",347000.5,"Fst",0.0180000982270025,0,0.0196995914300052,0.0446682410124726
"343001","353000",348000.5,"Fst",0.0189065012760155,0,0.0202254881397083,0.0460786729799344
"344001","354000",349000.5,"Fst",0.0109334195957126,0,0.0198837051570709,0.0373162377367665
"345001","355000",350000.5,"Fst",0.00779059466445819,0,0.0215797753299174,0.0428704450511559
"346001","356000",351000.5,"Fst",0.00838451743274116,0,0.0205250166870286,0.0403527362474909
"347001","357000",352000.5,"Fst",0.00771620397644546,0,0.0205135585501132,0.0384093807551402
"348001","358000",353000.5,"Fst",0,0,0.0183311090956286,0.0343865941438304
"349001","359000",354000.5,"Fst",0,0,0.0184576779888471,0.0381014956549224
"350001","360000",355000.5,"Fst",0,0,0.0184601970022601,0.0383070334905395
"351001","361000",356000.5,"Fst",0,0,0.0165360588039764,0.0353360001652863
"352001","362000",357000.5,"Fst",0,0,0.0178247201961076,0.0434354784774008
"353001","363000",358000.5,"Fst",0,0,0.0180682689272693,0.0439352946189685
"354001","364000",359000.5,"Fst",0.00602037316484816,0,0.0189958225916106,0.0333381429173573
"355001","365000",360000.5,"Fst",0.0574017802881349,0,0.0315584345504794,0.0753253701073321
"356001","366000",361000.5,"Fst",0.0520652224734693,0,0.0301859444135622,0.0698461697015393
"357001","367000",362000.5,"Fst",0.0548919130852202,0,0.0287569332365261,0.058010419854961
"358001","368000",363000.5,"Fst",0.0514988585271999,0,0.0291975096719994,0.0568108786732654
"359001","369000",364000.5,"Fst",0.0460345352544964,0,0.0286934751471324,0.0557360654182503
"360001","370000",365000.5,"Fst",0.0406655057114688,0,0.0275583877388874,0.0502872291614436
"361001","371000",366000.5,"Fst",0.0389202701574914,0,0.0263837565720996,0.0485583797652827
"362001","372000",367000.5,"Fst",0.0366455013373315,0,0.0245334468890605,0.0448666651941986
"363001","373000",368000.5,"Fst",0.0367618315568514,0,0.0228146821924062,0.0420751947341038
"364001","374000",369000.5,"Fst",0.0348870248374165,0,0.0214937863911323,0.0373653706718141
"365001","375000",370000.5,"Fst",0.0184123025095762,0,0.019644636534142,0.0326695771922143
"366001","376000",371000.5,"Fst",0.016695979443099,0,0.0200034167676093,0.0331850048594188
"367001","377000",372000.5,"Fst",0.0100244942332894,0,0.0174829485334684,0.0315437417654809
"368001","378000",373000.5,"Fst",0.00731189696661705,0,0.0177315798332617,0.0286893260921951
"369001","379000",374000.5,"Fst",0.00869799705591046,0,0.0179811465671224,0.0323975377446934
"370001","380000",375000.5,"Fst",0.0122880808780689,0,0.0182588413465841,0.0349015885608507
"371001","381000",376000.5,"Fst",0.011171325924607,0,0.0178764840505708,0.0335716000685989
"372001","382000",377000.5,"Fst",0.0106785761630191,0,0.0198424331812302,0.0388914365092774
"373001","383000",378000.5,"Fst",0.0333335869679353,0,0.0168744150819192,0.0390993407084591
"374001","384000",379000.5,"Fst",0.0417162460692916,0,0.0171797399839554,0.0460280522704165
"375001","385000",380000.5,"Fst",0.0548848167641549,0,0.0156353136909377,0.0366434867698132
"376001","386000",381000.5,"Fst",0.0578892454561618,0,0.014806285069491,0.0362642035648704
"377001","387000",382000.5,"Fst",0.0555406662626642,0,0.0170362680206495,0.0352691381972033
"378001","388000",383000.5,"Fst",0.0578316612163008,0,0.0182969747131424,0.0421952035221332
"379001","389000",384000.5,"Fst",0.0421479231195765,0,0.017547659006044,0.0345365562436034
"380001","390000",385000.5,"Fst",0.0412646320862577,0,0.0172392092571561,0.0325404636201728
"381001","391000",386000.5,"Fst",0.0445045733752796,0,0.0183526157736308,0.0363243541060835
"382001","392000",387000.5,"Fst",0.0445925454283957,0,0.0186472113060428,0.0364482370833594
"383001","393000",388000.5,"Fst",0.025243719934113,0,0.0163837070923295,0.0318347335925947
"384001","394000",389000.5,"Fst",0.0196240467934758,0,0.0169855028262361,0.0350305561539987
"385001","395000",390000.5,"Fst",0.0105740719642194,0,0.016834013804094,0.0345582396349616
"386001","396000",391000.5,"Fst",0.0329384558716509,0,0.021022170535446,0.0451292759898992
"387001","397000",392000.5,"Fst",0.0311445804726683,0,0.0232003220202445,0.0470136544362248
"388001","398000",393000.5,"Fst",0.0328463600250474,0,0.0224368990146425,0.0448373196151791
"389001","399000",394000.5,"Fst",0.0424692633126106,0,0.0262290273170005,0.0527845472157631
"390001","4e+05",395000.5,"Fst",0.0423239008130669,0,0.0272795960947748,0.0529405521268579
"391001","401000",396000.5,"Fst",0.0392834747150129,0,0.0255934420507995,0.0475301729501059
"392001","402000",397000.5,"Fst",0.0351967053037249,0,0.020778750361481,0.0592411236363912
"393001","403000",398000.5,"Fst",0.0348374420251777,0,0.0235051765318709,0.0668251681520223
"394001","404000",399000.5,"Fst",0.0356281231467771,0,0.0232185554297048,0.065959249322324
"395001","405000",400000.5,"Fst",0.032036288549364,0,0.0246661387594825,0.0738803222111981
"396001","406000",401000.5,"Fst",0.0141982268695816,0,0.0258484853799089,0.0815009130937372
"397001","407000",402000.5,"Fst",0.0138950305183283,0,0.0261211029357877,0.0806155147304953
"398001","408000",403000.5,"Fst",0.0137035939632686,0,0.0243543619184696,0.0804809524908093
"399001","409000",404000.5,"Fst",0.0108872996747248,0,0.0242155526892646,0.0783266224769121
"400001","410000",405000.5,"Fst",0.00872146219976289,0,0.0231028300568259,0.0758400718430614
"401001","411000",406000.5,"Fst",0.00807642788478979,0,0.0221083928124086,0.0759386138695382
"402001","412000",407000.5,"Fst",0.000833627971743689,0,0.0235527385680589,0.0603145946861831
"403001","413000",408000.5,"Fst",0,0,0.0232608576145304,0.0588612647634759
"404001","414000",409000.5,"Fst",3.85992664641011e-05,0,0.0240858761446946,0.0601556244457266
"405001","415000",410000.5,"Fst",0,0,0.0200701300803131,0.0499267157029375
"406001","416000",411000.5,"Fst",0.00364296325187619,0,0.0219990321804538,0.0581603791385034
"407001","417000",412000.5,"Fst",0.00395924613241772,0,0.0229001723104758,0.0602469771112836
"408001","418000",413000.5,"Fst",0.0269034550225035,0,0.0246990435901708,0.0574260611635783
"409001","419000",414000.5,"Fst",0.0321571929246582,0,0.0241248780850113,0.0418810268607327
"410001","420000",415000.5,"Fst",0.043299737127885,0,0.0264829487820098,0.0420794835964591
"411001","421000",416000.5,"Fst",0.057675745605225,0,0.0217969772894445,0.0413334019409265
"412001","422000",417000.5,"Fst",0.0584972769966372,0,0.0227677048594863,0.042097276849441
"413001","423000",418000.5,"Fst",0.0566645737556446,0,0.0225023108852146,0.0414643021482213
"414001","424000",419000.5,"Fst",0.0576603381293997,0,0.0215388637799219,0.0447311262782806
"415001","425000",420000.5,"Fst",0.0508273278032898,0,0.0205112481447115,0.0416973137192196
"416001","426000",421000.5,"Fst",0.0502564159216967,0,0.0214329164877131,0.0439165433055901
"417001","427000",422000.5,"Fst",0.0497388238969798,0,0.0210535025659912,0.0434679888348858
"418001","428000",423000.5,"Fst",0.0212167453676259,0,0.0197319019207078,0.0605587057017093
"419001","429000",424000.5,"Fst",0.0287357682881759,0,0.0211727174391523,0.0715551397869814
"420001","430000",425000.5,"Fst",0.0283022306969699,0,0.0206683897645235,0.0702239472259014
"421001","431000",426000.5,"Fst",0.000895479579231195,0,0.0175238030359771,0.0368223007785099
"422001","432000",427000.5,"Fst",0.000458262688067923,0,0.0176427653817011,0.04057044667677
"423001","433000",428000.5,"Fst",0.00137374702592097,0,0.0195638158554305,0.0429971040292048
"424001","434000",429000.5,"Fst",0.00119332740874711,0,0.0209443725703785,0.0444345276042331
"425001","435000",430000.5,"Fst",0.0098092770815994,0,0.0116730132762546,0.0230576640222123
"426001","436000",431000.5,"Fst",0.00852528895811133,0,0.0116093771501411,0.0285744767620937
"427001","437000",432000.5,"Fst",0.00249602176479646,0,0.0252011866479676,0.0583990210429909
"428001","438000",433000.5,"Fst",0.000878228196981801,0,0.0271555519398705,0.0610904356669365
"429001","439000",434000.5,"Fst",0.00075346851243796,0,0.0254710824427701,0.0585787412242167
"430001","440000",435000.5,"Fst",0,0,0.0239824714339802,0.0558170609926226
"431001","441000",436000.5,"Fst",0,0,0.0359281672702278,0.0811972298312632
"432001","442000",437000.5,"Fst",0,0,0.0378933925173211,0.0837888728581131
"433001","443000",438000.5,"Fst",0,0,0.0367646256285446,0.0801743887755022
"434001","444000",439000.5,"Fst",0.00624040531479386,0,0.0348504506681784,0.0776029712788605
"435001","445000",440000.5,"Fst",0.00622001325126076,0,0.0347264404831734,0.0773075017118483
"436001","446000",441000.5,"Fst",0.0067288464459424,0,0.0354321925178175,0.0786933980266168
"437001","447000",442000.5,"Fst",0.0112875862875861,0,0.0390074575130085,0.0863475296365326
"438001","448000",443000.5,"Fst",0.00834934678032984,0,0.0345168598000901,0.0775012082537061
"439001","449000",444000.5,"Fst",0.00859444373609863,0,0.0346472792932275,0.0784504713103712
"440001","450000",445000.5,"Fst",0.00914694121599413,0,0.037511556959558,0.0844513247659326
"441001","451000",446000.5,"Fst",0.0165318557698847,0,0.0257167700394724,0.0619606184088518
"442001","452000",447000.5,"Fst",0.00857010907347655,0,0.0321725277276984,0.0855729532402332
"443001","453000",448000.5,"Fst",0.00490953311984665,0,0.0360777013408601,0.0957580797877834
"444001","454000",449000.5,"Fst",0.0012431942030553,0,0.0375360697839512,0.0941882238458213
"445001","455000",450000.5,"Fst",0.0131432669449816,0,0.0342511907178903,0.0855185640011658
"446001","456000",451000.5,"Fst",0.0264531958967186,0,0.0346320952847422,0.0879862440504019
"447001","457000",452000.5,"Fst",0.0258538211702135,0,0.0346785317200427,0.088091453986729
"448001","458000",453000.5,"Fst",0.0236339802657615,0,0.0341340568188212,0.0828751165882796
"449001","459000",454000.5,"Fst",0.0237594536119209,0,0.0342991929414274,0.0831183344886713
"450001","460000",455000.5,"Fst",0.0150204607457785,0,0.0282406173396995,0.0626398155544196
"451001","461000",456000.5,"Fst",0.0148708471121759,0,0.0267176551729051,0.0588299975335516
"452001","462000",457000.5,"Fst",0.0157715887383897,0,0.025427080830402,0.0554121636386639
"453001","463000",458000.5,"Fst",0.0169088998213092,0,0.0257730871677136,0.0601601310470038
"454001","464000",459000.5,"Fst",0.0138346398186481,0,0.0251287424224665,0.0564511746443197
"455001","465000",460000.5,"Fst",0.00776015809662622,0,0.0284818937978528,0.0626786475527737
"456001","466000",461000.5,"Fst",0,0,0.0306974160090481,0.0689892001073344
"457001","467000",462000.5,"Fst",0,0,0.0313851035599962,0.0703826785695201
"458001","468000",463000.5,"Fst",0,0,0.0342036404584909,0.0713426464881645
"459001","469000",464000.5,"Fst",0,0,0.0342729465795876,0.0714083236547323
"460001","470000",465000.5,"Fst",0,0,0.0303472762456528,0.0700083021255465
"461001","471000",466000.5,"Fst",0,0,0.0254095293825544,0.0481364796539325
"462001","472000",467000.5,"Fst",0,0,0.0235363550510956,0.0673215162353601
"463001","473000",468000.5,"Fst",0,0,0.0221899073736179,0.059629850272052
"464001","474000",469000.5,"Fst",0,0,0.0254057792544984,0.0531255846386721
"465001","475000",470000.5,"Fst",0,0,0.0246187501680444,0.0508910948029568
"466001","476000",471000.5,"Fst",0.0058724735992659,0,0.020755916674952,0.0501860188416221
"467001","477000",472000.5,"Fst",0.00820617803127577,0,0.0199019350197504,0.049989152836533
"468001","478000",473000.5,"Fst",0.00938907856659166,0,0.0197590079936882,0.0390243087182143
"469001","479000",474000.5,"Fst",0.0136840383106387,0,0.0196322110328241,0.0359262009005469
"470001","480000",475000.5,"Fst",0.0119293629463056,0,0.0193817779346985,0.0511239547489168
"471001","481000",476000.5,"Fst",0.0156830352356867,0,0.0182735786792424,0.0490018179040447
"472001","482000",477000.5,"Fst",0.0231849121834751,0,0.0175834068148106,0.0479301566772016
"473001","483000",478000.5,"Fst",0.0254233239518947,0,0.0174221341964218,0.047220403058902
"474001","484000",479000.5,"Fst",0.034481000718649,0,0.0163391127787525,0.046839888942857
"475001","485000",480000.5,"Fst",0.0294746980477941,0,0.0199116127909361,0.0422166543546592
"476001","486000",481000.5,"Fst",0.0300633593757553,0,0.0208148348587786,0.0427200136220366
"477001","487000",482000.5,"Fst",0.0303754758229045,0,0.0203970321889438,0.0421774924086485
"478001","488000",483000.5,"Fst",0.0326922353166861,0,0.020533061271199,0.0390120786010455
"479001","489000",484000.5,"Fst",0.0349942687962577,0,0.0202781595447566,0.04308265587362
"480001","490000",485000.5,"Fst",0.0344634122274067,0,0.0221463010870524,0.0548340829152972
"481001","491000",486000.5,"Fst",0.0327010402784415,0,0.0214645904623604,0.0546236658501609
"482001","492000",487000.5,"Fst",0.0255707954643452,0,0.019960097628736,0.0479620959066787
"483001","493000",488000.5,"Fst",0.0257829679838506,0,0.0207673324539014,0.0496976133270947
"484001","494000",489000.5,"Fst",0.0169430748543254,0,0.0205240965642469,0.046544571126258
"485001","495000",490000.5,"Fst",0.0186283969118481,0,0.0193227843993454,0.0403219518539167
"486001","496000",491000.5,"Fst",0.0190165459043075,0,0.019820725933771,0.0425320465688042
"487001","497000",492000.5,"Fst",0.0196492787433393,0,0.0205317757336901,0.0462748487497268
"488001","498000",493000.5,"Fst",0.0101422097756665,0,0.0207424958007206,0.0373569560935856
"489001","499000",494000.5,"Fst",0.00587919135465786,0,0.0195402323818719,0.0388337171479409
"490001","5e+05",495000.5,"Fst",0.00477376961691767,0,0.0206540965171928,0.0414726691532026
"491001","501000",496000.5,"Fst",0.00502742897587716,0,0.0212202623975505,0.0416710672794222
"492001","502000",497000.5,"Fst",0.0065025278614631,0,0.0224185922004145,0.0483099929883786
"493001","503000",498000.5,"Fst",0.00591018279725264,0,0.0214064179090777,0.0464340789982982
"494001","504000",499000.5,"Fst",0.00629084795943757,0,0.0246209497146466,0.0527822282636233
"495001","505000",500000.5,"Fst",0.00878127894655056,0,0.0222185146229756,0.0465599374392462
"496001","506000",501000.5,"Fst",0.0112649117889128,0,0.0199210730998353,0.0408085022352189
"497001","507000",502000.5,"Fst",0.0326455483116441,0,0.0202981095592418,0.0417246433275821
"498001","508000",503000.5,"Fst",0.0497579606519518,0,0.0193299852444149,0.0316598070061936
"499001","509000",504000.5,"Fst",0.0522085239819193,0,0.0203271912126591,0.0341752469555218
"500001","510000",505000.5,"Fst",0.0527940998902598,0,0.0207763582309788,0.0356854277544892
"501001","511000",506000.5,"Fst",0.0513192163809153,0,0.0202559861359154,0.0345804170874185
"502001","512000",507000.5,"Fst",0.0575608206556716,0,0.0225386636571286,0.0385517039925726
"503001","513000",508000.5,"Fst",0.0598936973543635,0,0.0234433278274502,0.0402277216152583
"504001","514000",509000.5,"Fst",0.0588751594225886,0,0.0222541623802273,0.0372215153894048
"505001","515000",510000.5,"Fst",0.0569636684509138,0,0.0179294688919796,0.0313175419124948
"506001","516000",511000.5,"Fst",0.0541780250122251,0,0.0197220327662917,0.0455545544040865
"507001","517000",512000.5,"Fst",0.015643060638807,0,0.0198748505615976,0.0457651081585478
"508001","518000",513000.5,"Fst",0.0136218911854958,0,0.0207719904111286,0.0483339386817648
"509001","519000",514000.5,"Fst",0.00682817559720206,0,0.0234488700450848,0.0524065272385607
"510001","520000",515000.5,"Fst",0.00655486970868202,0,0.0242691620918208,0.053930354000173
"511001","521000",516000.5,"Fst",0.0129825391830056,0,0.0229829449903292,0.0584775086505189
"512001","522000",517000.5,"Fst",0.0131975800678367,0,0.0226135334276528,0.0558100864238049
"513001","523000",518000.5,"Fst",0.0269876588847499,0,0.0215855151858609,0.0482460340818853
"514001","524000",519000.5,"Fst",0.023327044409837,0,0.0212012427160156,0.0500717773447505
"515001","525000",520000.5,"Fst",0.0243407083858742,0,0.0184558818646874,0.0385007167217172
"516001","526000",521000.5,"Fst",0.0261819052408157,0,0.0181530154928377,0.0405284508892279
"517001","527000",522000.5,"Fst",0.0305523334845884,0,0.0181852809175335,0.045479720628099
"518001","528000",523000.5,"Fst",0.0376948538346994,0,0.0154970414669733,0.0341203556006374
"519001","529000",524000.5,"Fst",0.0561018022314368,0,0.0181765022476598,0.038464784959463
"520001","530000",525000.5,"Fst",0.0523471016050508,0,0.0172963095598641,0.0374413022205843
"521001","531000",526000.5,"Fst",0.0503886292924306,0,0.0161471973840161,0.0338718187481645
"522001","532000",527000.5,"Fst",0.0510732783261323,0,0.0174559976589527,0.0340057252589223
"523001","533000",528000.5,"Fst",0.0431441797213693,0,0.0182402754967033,0.0355946283469679
"524001","534000",529000.5,"Fst",0.0700657135358175,0,0.021108958396759,0.0519476689226021
"525001","535000",530000.5,"Fst",0.066036892107992,0,0.0210976216205436,0.0424421135883587
"526001","536000",531000.5,"Fst",0.0654803293941546,0,0.021055559056797,0.0419547035135373
"527001","537000",532000.5,"Fst",0.0654832461340075,0,0.0209800128944687,0.0425654600417473
"528001","538000",533000.5,"Fst",0.0677896393111079,0,0.0215308883991251,0.0502787303832176
"529001","539000",534000.5,"Fst",0.0597993315806666,0,0.0227024913192532,0.0452588359245876
"530001","540000",535000.5,"Fst",0.0626267365299766,0,0.0234877253818555,0.0470859576628108
"531001","541000",536000.5,"Fst",0.0561083784113292,0,0.0216881231788193,0.044540201047696
"532001","542000",537000.5,"Fst",0.05456227885072,0,0.0210486070935748,0.0448229994290891
"533001","543000",538000.5,"Fst",0.0501162571323241,0,0.0201191637688994,0.0443561864025303
"534001","544000",539000.5,"Fst",0.0290382372095354,0,0.020393052906432,0.0412496991386937
"535001","545000",540000.5,"Fst",0.0239480642253496,0,0.0168788104771272,0.0434080231854735
"536001","546000",541000.5,"Fst",0.00891235520043432,0,0.0154942353651729,0.0328169489936981
"537001","547000",542000.5,"Fst",0,0,0.0173853570757956,0.0467480593137211
"538001","548000",543000.5,"Fst",0,0,0.0232552191106807,0.0643726110082623
"539001","549000",544000.5,"Fst",0,0,0.0216565700092565,0.0476401259661708
"540001","550000",545000.5,"Fst",0,0,0.0212063541819504,0.0496230372012078
"541001","551000",546000.5,"Fst",0,0,0.0208911354149906,0.0483607286269762
"542001","552000",547000.5,"Fst",0,0,0.0200328414464293,0.0469943850119734
"543001","553000",548000.5,"Fst",0,0,0.0201064243666112,0.0473814355617982
"544001","554000",549000.5,"Fst",0,0,0.0201737537133628,0.0475132741686206
"545001","555000",550000.5,"Fst",0,0,0.0195248876500705,0.0463950759208165
"546001","556000",551000.5,"Fst",0,0,0.0223339954765122,0.051467724372675
"547001","557000",552000.5,"Fst",0.00447327387426777,0,0.0245005923318581,0.0577310621296333
"548001","558000",553000.5,"Fst",0.00948530021621918,0,0.022436022352724,0.0653323628867207
"549001","559000",554000.5,"Fst",0.0191210417299559,0,0.0164910551926147,0.0318250439241855
"550001","560000",555000.5,"Fst",0.0389698898215003,0,0.018841827415637,0.0381484134080314
"551001","561000",556000.5,"Fst",0.0288567169136238,0,0.020017755769849,0.0396200288466577
"552001","562000",557000.5,"Fst",0.0216446780319655,0,0.0228977747982819,0.0451212396351844
"553001","563000",558000.5,"Fst",0.0113155667429532,0,0.0212358803356202,0.0409774336037452
"554001","564000",559000.5,"Fst",0.00513194762497104,0,0.022551924839735,0.0450463120168181
"555001","565000",560000.5,"Fst",0.0132231655795226,0,0.0190818369005538,0.0413834306816777
"556001","566000",561000.5,"Fst",0.0131869423242208,0,0.0187561013225279,0.0407830134041544
"557001","567000",562000.5,"Fst",0.00848861980432247,0,0.0189044182864667,0.0408573487727112
"558001","568000",563000.5,"Fst",0.0147316181614378,0,0.0188512507739772,0.0517803085654335
"559001","569000",564000.5,"Fst",0.0104985271705993,0,0.0184328136390676,0.0369530224463491
"560001","570000",565000.5,"Fst",0.0106248794386541,0,0.0183946794405998,0.036620137232382
"561001","571000",566000.5,"Fst",0.0106315116328489,0,0.0182325886633214,0.0364396452809379
"562001","572000",567000.5,"Fst",0.00898978074007339,0,0.0189318893509103,0.0365468923336121
"563001","573000",568000.5,"Fst",0.00294477273167959,0,0.0196631420643401,0.0462200304286239
"564001","574000",569000.5,"Fst",0.0255551266186699,0,0.0195501129838826,0.0396114065735422
"565001","575000",570000.5,"Fst",0.02313614917838,0,0.0193039318146425,0.0431346434952087
"566001","576000",571000.5,"Fst",0.0231946346430701,0,0.018873828611898,0.0428107887188244
"567001","577000",572000.5,"Fst",0.021552201214548,0,0.0192904001444114,0.0401208872877973
"568001","578000",573000.5,"Fst",0.0213701604838324,0,0.0196887774501774,0.0411164435632686
"569001","579000",574000.5,"Fst",0.0368501064153238,0,0.0198879589734296,0.0639963651302217
"570001","580000",575000.5,"Fst",0.0364656247748922,0,0.0194000460457003,0.0636264951135663
"571001","581000",576000.5,"Fst",0.00305202471774868,0,0.052889396801399,0.103601029583207
"572001","582000",577000.5,"Fst",0.00393229958447339,0,0.0504218980345313,0.100761595816162
"573001","583000",578000.5,"Fst",0.00452217734517346,0,0.0503096752435868,0.102971522182401
"574001","584000",579000.5,"Fst",0,0,0.0496763008128693,0.101844091787048
"575001","585000",580000.5,"Fst",0,0,0.0495284210355667,0.101303795194899
"576001","586000",581000.5,"Fst",0.0114228922802573,0,0.0467861698507218,0.0944821339658751
"577001","587000",582000.5,"Fst",0.0150889238284935,0,0.0455881974891368,0.0944790473706486
"578001","588000",583000.5,"Fst",0.0145012791375491,0,0.0449769583758429,0.0926587748953356
"579001","589000",584000.5,"Fst",0.0144407601871641,0,0.0442335771054515,0.0913136966441587
"580001","590000",585000.5,"Fst",0.0189890558308887,0,0.0381955196400083,0.0768054248063383
"581001","591000",586000.5,"Fst",0.0542259418689626,0,0.0314344797344945,0.063218595035216
"582001","592000",587000.5,"Fst",0.0633143493771079,0,0.0389929097968052,0.0803745075122032
"583001","593000",588000.5,"Fst",0.0524689238304639,0,0.0412369185413708,0.0951061665189852
"584001","594000",589000.5,"Fst",0.0511503578668496,0,0.0427469322432997,0.112348634363658
"585001","595000",590000.5,"Fst",0.0545414741913453,0,0.0438099550640885,0.117016825807791
"586001","596000",591000.5,"Fst",0.0495469711907088,0,0.0444972646286798,0.119360754116074
"587001","597000",592000.5,"Fst",0.0474484007569662,0,0.0446557724838482,0.119891712829315
"588001","598000",593000.5,"Fst",0.0486880039305915,0,0.042576273939257,0.112517975348751
"589001","599000",594000.5,"Fst",0.0482106043837586,0,0.0400474433990308,0.106666363948255
"590001","6e+05",595000.5,"Fst",0.0473934347149984,0,0.038828936340107,0.102304299253808
"591001","601000",596000.5,"Fst",0.0421474932455821,0,0.0384268863830192,0.096362282606261
"592001","602000",597000.5,"Fst",0.0297793360978611,0,0.0325092035112031,0.0890448066015289
"593001","603000",598000.5,"Fst",0.0320196199609147,0,0.0287359352916242,0.0690630272203058
"594001","604000",599000.5,"Fst",0.0273468048482128,0,0.0263662537910634,0.0601322511268786
"595001","605000",600000.5,"Fst",0.0240839488212041,0,0.0264601654385408,0.0628083890428606
"596001","606000",601000.5,"Fst",0.0201893504801113,0,0.0282432783811907,0.0647701015517904
"597001","607000",602000.5,"Fst",0.0227744094350285,0,0.0282510681716825,0.0642508167543394
"598001","608000",603000.5,"Fst",0.0196382808328747,0,0.0299457964175281,0.0714976116872855
"599001","609000",604000.5,"Fst",0.0179136515687246,0,0.031195085030775,0.0781302405790266
"600001","610000",605000.5,"Fst",0.0207034371556274,0,0.0318488279038988,0.0825768038987243
"601001","611000",606000.5,"Fst",0.0233990941004719,0,0.0306756357141175,0.0738405556994031
"602001","612000",607000.5,"Fst",0.038388774144267,0,0.0300592225719144,0.0598075680749862
"603001","613000",608000.5,"Fst",0.0330923488088078,0,0.0225550668882299,0.0529036772489213
"604001","614000",609000.5,"Fst",0.0129794912220824,0,0.0308893753837984,0.0704057303213065
"605001","615000",610000.5,"Fst",0.00502276966305759,0,0.038401158551977,0.0966148839676444
"606001","616000",611000.5,"Fst",0.00217332363456446,0,0.0416463878752068,0.10834384988931
"607001","617000",612000.5,"Fst",0.00171022644903573,0,0.0395265517743593,0.108036873313313
"608001","618000",613000.5,"Fst",0.00310982781912272,0,0.0378142936067239,0.103454819586205
"609001","619000",614000.5,"Fst",0.00430555125574184,0,0.0366499909628092,0.099367461913526
"610001","620000",615000.5,"Fst",0.00550788928312773,0,0.0336764197281818,0.0900778363774413
"611001","621000",616000.5,"Fst",0.00568686510006933,0,0.0338202389302522,0.0909408193313023
"612001","622000",617000.5,"Fst",0.00519541750754493,0,0.0347066976174265,0.0938733138428715
"613001","623000",618000.5,"Fst",0.00350701916405549,0,0.0371562773519258,0.0967161858344062
"614001","624000",619000.5,"Fst",0.0117968506579106,0,0.0327045390747244,0.0836968549572281
"615001","625000",620000.5,"Fst",0.0222955021005947,0,0.0253303370388039,0.0494109796243556
"616001","626000",621000.5,"Fst",0.0292570267654358,0,0.0252286368928174,0.0587034034141624
"617001","627000",622000.5,"Fst",0.0317223493349337,0,0.025378534818052,0.0609003548427933
"618001","628000",623000.5,"Fst",0.0329585576332272,0,0.0273668357350477,0.0681318912971559
"619001","629000",624000.5,"Fst",0.0337412947343884,0,0.0284142315733517,0.0744759051726731
"620001","630000",625000.5,"Fst",0.0324742924610799,0,0.0177476994238858,0.0285988967691093
"621001","631000",626000.5,"Fst",0.0330741590425384,0,0.0186344999052864,0.0295818742544267
"622001","632000",627000.5,"Fst",0.0583790447177206,0,0.0433549122817947,0.0949553250318165
"623001","633000",628000.5,"Fst",0.0534233750939778,0,0.050895145903854,0.107054937029633
"624001","634000",629000.5,"Fst",0.0452794758193542,0,0.0545798581135596,0.11742105569122
"625001","635000",630000.5,"Fst",0.0449652746106832,0,0.0542232491016555,0.11671014227623
"626001","636000",631000.5,"Fst",0.0784374823350287,0,0.0485879752979506,0.106914158456209
"627001","637000",632000.5,"Fst",0.0766665867244433,0,0.0464619789671544,0.107507180143281
"628001","638000",633000.5,"Fst",0.0682838495112197,0,0.0426525704029181,0.102470218725426
"629001","639000",634000.5,"Fst",0.0619211701496309,0,0.040426072936084,0.101729017333965
"630001","640000",635000.5,"Fst",0.0528765267470671,0,0.0392109292444303,0.112320442380354
"631001","641000",636000.5,"Fst",0.0383836868707051,0,0.0376058537755406,0.123600250506014
"632001","642000",637000.5,"Fst",0.0263553507753952,0,0.0424347024277971,0.118241381030279
"633001","643000",638000.5,"Fst",0.00895522835767082,0,0.0604343166962677,0.136139310566686
"634001","644000",639000.5,"Fst",1.94590011410867e-05,0,0.0708362804696864,0.148712074627509
"635001","645000",640000.5,"Fst",0,0,0.0719903639428631,0.142144747278696
"636001","646000",641000.5,"Fst",0,0,0.0749147216615274,0.1394413481168
"637001","647000",642000.5,"Fst",0,0,0.0749921171648634,0.140470489594745
"638001","648000",643000.5,"Fst",0,0,0.0776784448260203,0.143152432134041
"639001","649000",644000.5,"Fst",0,0,0.0775071773714425,0.142639935506889
"640001","650000",645000.5,"Fst",0,0,0.0788344506743946,0.14264320889652
"641001","651000",646000.5,"Fst",0,0,0.0779863537452409,0.152297819741944
"642001","652000",647000.5,"Fst",0,0,0.0769090087907195,0.149524057983638
"643001","653000",648000.5,"Fst",0,0,0.0725409307899935,0.144288618850363
"644001","654000",649000.5,"Fst",0.00369567990139408,0,0.0656980249227932,0.136155668960197
"645001","655000",650000.5,"Fst",0.00731786965566816,0,0.0641390265288262,0.131303878449585
"646001","656000",651000.5,"Fst",0.0148604074558519,0,0.0619306462771338,0.116957341887244
"647001","657000",652000.5,"Fst",0.0203705135046972,0,0.063080076449661,0.111563005634849
"648001","658000",653000.5,"Fst",0.0519506550970081,0,0.07226250385093,0.0890621026015118
"649001","659000",654000.5,"Fst",0.0573589225818003,0,0.0860908894399277,0.0993937962497138
"650001","660000",655000.5,"Fst",0.0698497337534641,0,0.0866798309513482,0.103463163518388
"651001","661000",656000.5,"Fst",0.0469068343972028,0,0.0303666052232283,0.0391909473005289
"652001","662000",657000.5,"Fst",0.0435084112510613,0,0.0337338951596174,0.0442140339544925
"653001","663000",658000.5,"Fst",0.045552074081098,0,0.0447436811037544,0.0566960016025521
"654001","664000",659000.5,"Fst",0.0418261983247606,0,0.0497494900853515,0.0637897750066212
"655001","665000",660000.5,"Fst",0.0463980475197087,0,0.0528272037641935,0.0670999119102077
"656001","666000",661000.5,"Fst",0.0482617366349657,0,0.0532122435180242,0.0673195765145767
"657001","667000",662000.5,"Fst",0.0501539012793133,0,0.0546624655058592,0.0692180286357454
"658001","668000",663000.5,"Fst",0.0501440752636185,0,0.0551021970176997,0.0697446634985702
"659001","669000",664000.5,"Fst",0.0518687976078761,0,0.0527624023271475,0.0664279909135631
"660001","670000",665000.5,"Fst",0.0409079318135614,0,0.0549284175782078,0.0684349755181328
"661001","671000",666000.5,"Fst",0.0441284246690009,0,0.052019475416359,0.0651537768178913
"662001","672000",667000.5,"Fst",0.048489328063241,0,0.0502241178126672,0.0619308773909629
"663001","673000",668000.5,"Fst",0.0504543893938361,0,0.0494443100575274,0.060194256694774
"664001","674000",669000.5,"Fst",0.0595898979494299,0,0.0551967910088496,0.0619579185116944
"665001","675000",670000.5,"Fst",0.0604072156726507,0,0.0494447004631941,0.060527006331904
"666001","676000",671000.5,"Fst",0.0566904031876672,0,0.0459396364034859,0.059132019390265
"667001","677000",672000.5,"Fst",0.0564652846026575,0,0.0452175262428189,0.0591760036354304
"668001","678000",673000.5,"Fst",0.0559567027022505,0,0.0435911153715458,0.0595881071817085
"669001","679000",674000.5,"Fst",0.0510793351896389,0,0.0426756491274814,0.065300561083279
"670001","680000",675000.5,"Fst",0.0499581759175055,0,0.0401566132888162,0.0691388896762059
"671001","681000",676000.5,"Fst",0.0443252607036859,0,0.0387364198471322,0.0679144398739747
"672001","682000",677000.5,"Fst",0.0364838595906594,0,0.0402437790976959,0.0658782556381955
"673001","683000",678000.5,"Fst",0.0316666442283857,0,0.0414572716877185,0.0621060939405974
"674001","684000",679000.5,"Fst",0.028139466533148,0,0.0382463445683401,0.0580587853635096
"675001","685000",680000.5,"Fst",0.0202293128553854,0,0.0367923961706263,0.0568119553603312
"676001","686000",681000.5,"Fst",0.0222058306505539,0,0.0359664854436127,0.0565981778607141
"677001","687000",682000.5,"Fst",0.0210812931597402,0,0.0326154056784482,0.0526076069247253
"678001","688000",683000.5,"Fst",0.0235781061501285,0,0.028829029208297,0.0498424038413823
"679001","689000",684000.5,"Fst",0.0192031773282579,0,0.0248794729132061,0.0451675980672669
"680001","690000",685000.5,"Fst",0.0147680075911736,0,0.0236758164802339,0.0348445325778305
"681001","691000",686000.5,"Fst",0.0160755211927317,0,0.0195241521958419,0.0322765867023537
"682001","692000",687000.5,"Fst",0.0177839170521048,0,0.0117045619707387,0.0277340912324848
"683001","693000",688000.5,"Fst",0.0272959952046015,0,0.0110338635961634,0.0258112326469327
"684001","694000",689000.5,"Fst",0.0289242209608342,0,0.0119080349489505,0.0280824029626349
"685001","695000",690000.5,"Fst",0.0331119265708868,0,0.0119740890171052,0.0278458162057998
"686001","696000",691000.5,"Fst",0.0303185305742849,0,0.0101969995018987,0.0193396878021825
"687001","697000",692000.5,"Fst",0.0271289579454178,0,0.0136441514628985,0.0244159270936988
"688001","698000",693000.5,"Fst",0.0195974777295228,0,0.0148597815040235,0.0297468992638904
"689001","699000",694000.5,"Fst",0.0274660682534109,0,0.0226373653301739,0.04606487796522
"690001","7e+05",695000.5,"Fst",0.0312835014712441,0,0.025260185462235,0.0513407448844652
"691001","701000",696000.5,"Fst",0.0326077735909367,0,0.0268694934473399,0.0608476180025135
"692001","702000",697000.5,"Fst",0.0336057657189698,0,0.0263137898854186,0.0597158090453498
"693001","703000",698000.5,"Fst",0.0108851272216336,0,0.0356812480982922,0.0835037192610242
"694001","704000",699000.5,"Fst",0.0126728843370522,0,0.0344312304985707,0.0762469068976184
"695001","705000",700000.5,"Fst",0.0181492573347278,0,0.034000538036657,0.0734330427966885
"696001","706000",701000.5,"Fst",0.0201238182685146,0,0.0329625921379034,0.0765319047127592
"697001","707000",702000.5,"Fst",0.0242503084383685,0,0.0305233184489211,0.0882022947318046
"698001","708000",703000.5,"Fst",0.0238469975852765,0,0.0347396458991808,0.102838606491336
"699001","709000",704000.5,"Fst",0.0226354721689952,0,0.0336360646365495,0.0967814667671594
"700001","710000",705000.5,"Fst",0.0225900097625382,0,0.0346189669065037,0.10007386300909
"701001","711000",706000.5,"Fst",0.0220269709909656,0,0.0343744889062574,0.0983366911989393
"702001","712000",707000.5,"Fst",0.0224371282071073,0,0.0336312390991293,0.0966720716062459
"703001","713000",708000.5,"Fst",0.0363619828160977,0,0.0262853904362311,0.0713785937247877
"704001","714000",709000.5,"Fst",0.0363809993910538,0,0.026850831237009,0.074584482481869
"705001","715000",710000.5,"Fst",0.0327269295421049,0,0.0285463802085501,0.0802933804049065
"706001","716000",711000.5,"Fst",0.0617662292343705,0,0.0278755250939173,0.0747209967921836
"707001","717000",712000.5,"Fst",0.0720252892887164,0,0.0296135575029052,0.0721716389336763
"708001","718000",713000.5,"Fst",0.079228447028315,0,0.0306671905028649,0.0555584966777781
"709001","719000",714000.5,"Fst",0.0959306751767074,0,0.0291040135292891,0.0620717367290379
"710001","720000",715000.5,"Fst",0.0927753223043817,0,0.0278721584574938,0.0587689824113529
"711001","721000",716000.5,"Fst",0.0893753405733143,0,0.0260468410933686,0.0571836492936862
"712001","722000",717000.5,"Fst",0.0910668720018979,0,0.0265100243072525,0.060657460270987
"713001","723000",718000.5,"Fst",0.0937048603710592,0,0.028813670250897,0.0879519535458859
"714001","724000",719000.5,"Fst",0.0839894028295753,0,0.0274652473642715,0.0834883110060415
"715001","725000",720000.5,"Fst",0.0828951541995019,0,0.02705450470279,0.0823548252393068
"716001","726000",721000.5,"Fst",0.0629741976556943,0,0.0271523624394652,0.0675114062429415
"717001","727000",722000.5,"Fst",0.0616105809475976,0,0.0261457826979905,0.0660610452977571
"718001","728000",723000.5,"Fst",0.0645882138446561,0,0.025382355664226,0.0686062881678122
"719001","729000",724000.5,"Fst",0.0604151664887145,0,0.02963681011896,0.062748547657009
"720001","730000",725000.5,"Fst",0.0579341163447712,0,0.0293209204784647,0.0633241029798438
"721001","731000",726000.5,"Fst",0.0603476945682223,0,0.0310844225923516,0.0660109003569864
"722001","732000",727000.5,"Fst",0.0662855017573007,0,0.0303229494852562,0.0803302215421745
"723001","733000",728000.5,"Fst",0.0683335139505241,0,0.0315736877353945,0.0826225603617869
"724001","734000",729000.5,"Fst",0.0758897450009173,0,0.0310476533023412,0.0860781859677539
"725001","735000",730000.5,"Fst",0.0787436315971707,0,0.0341276489140386,0.101359313736109
"726001","736000",731000.5,"Fst",0.0842316516462758,0,0.0326697135269372,0.0967409143319407
"727001","737000",732000.5,"Fst",0.0852664158213753,0,0.0335318513581187,0.0974710606156527
"728001","738000",733000.5,"Fst",0.087502691697825,0,0.034394806779612,0.0998244406539586
"729001","739000",734000.5,"Fst",0.085643337720174,0,0.0323136820657956,0.104889522059456
"730001","740000",735000.5,"Fst",0.0891941896997509,0,0.0336865569734541,0.112638774350798
"731001","741000",736000.5,"Fst",0.0879218371353976,0,0.0313420218064996,0.106229864728473
"732001","742000",737000.5,"Fst",0.103165477984697,0,0.0329406325463812,0.0855380506379367
"733001","743000",738000.5,"Fst",0.0767185268362581,0,0.0299588863433217,0.0607984190268168
"734001","744000",739000.5,"Fst",0.0755514046713653,0,0.0290754944676773,0.0593073058915035
"735001","745000",740000.5,"Fst",0.0697150778337673,0,0.0244428787681426,0.062009449284952
"736001","746000",741000.5,"Fst",0.0553853090330614,0,0.0261360546464332,0.0588728742469306
"737001","747000",742000.5,"Fst",0.0880416862383635,0,0.0295805939077817,0.0587224911040702
"738001","748000",743000.5,"Fst",0.0881594098098634,0,0.0295282950591702,0.0587533674395
"739001","749000",744000.5,"Fst",0.094603226828571,0,0.0281915408974659,0.0535339426568042
"740001","750000",745000.5,"Fst",0.0966641691972211,0,0.0289288972561291,0.0545104562596437
"741001","751000",746000.5,"Fst",0.103287531561132,0,0.0300544584100456,0.0536327577167959
"742001","752000",747000.5,"Fst",0.0993200086402755,0,0.0272360200850593,0.0587623336723884
"743001","753000",748000.5,"Fst",0.109649738484149,0,0.0284957749045074,0.0579885224381321
"744001","754000",749000.5,"Fst",0.110516904723093,0,0.0288579744206189,0.058732976508785
"745001","755000",750000.5,"Fst",0.110850470741145,0,0.0292760605929108,0.058355421423683
"746001","756000",751000.5,"Fst",0.118067617233018,0,0.0294871230825583,0.0586817631665612
"747001","757000",752000.5,"Fst",0.112537687749372,0,0.0252638022507342,0.0585987952234596
"748001","758000",753000.5,"Fst",0.115741881607361,0,0.0247763380312907,0.0563479900207839
"749001","759000",754000.5,"Fst",0.119954827780915,0,0.036232236774422,0.0726615920526383
"750001","760000",755000.5,"Fst",0.0990867836564923,0,0.0326298600305902,0.0708816189458649
"751001","761000",756000.5,"Fst",0.0243923404581909,0,0.0234397673301462,0.0498091196179801
"752001","762000",757000.5,"Fst",0.0212504344592901,0,0.0199348114879515,0.0421827035037576
"753001","763000",758000.5,"Fst",0.131602685312269,0,0.0257934320729779,0.0554942355796998
"754001","764000",759000.5,"Fst",0.128600099773591,0,0.0251030319490152,0.0541702614313516
"755001","765000",760000.5,"Fst",0.125194820597926,0,0.0245440652434384,0.0543793703570172
"756001","766000",761000.5,"Fst",0.119623510677624,0,0.0237452112373941,0.0508608205285674
"757001","767000",762000.5,"Fst",0.16713915769388,0,0.0323006032574086,0.069332509492084
"758001","768000",763000.5,"Fst",0.202227410093892,0,0.0346318330664827,0.0852887563288421
"759001","769000",764000.5,"Fst",0.234691541501976,0,0.0404294939186729,0.100617831484447
"760001","770000",765000.5,"Fst",0.246077172036171,0,0.0408330243506212,0.104237703276311
"761001","771000",766000.5,"Fst",0.256873717846171,0,0.0444771508496423,0.108771753878399
"762001","772000",767000.5,"Fst",0.257997026507597,0,0.0430727609366582,0.107178303168154
"763001","773000",768000.5,"Fst",0.24758943631832,0,0.0423261869901347,0.105054802355621
"764001","774000",769000.5,"Fst",0.248592250065932,0,0.0425829692268684,0.105642932809677
"765001","775000",770000.5,"Fst",0.252419036951675,0,0.0434927349766296,0.107891596490514
"766001","776000",771000.5,"Fst",0.257362555175514,0,0.0448698889694634,0.109081286971175
"767001","777000",772000.5,"Fst",0.263228386306965,0,0.04097481179569,0.109117389123298
"768001","778000",773000.5,"Fst",0.236467046603548,0,0.0402006695880653,0.094918639493255
"769001","779000",774000.5,"Fst",0.165517097841697,0,0.0310476105854267,0.067390340306565
"770001","780000",775000.5,"Fst",0.183414724106866,0,0.0413400040382407,0.0868230074017843
"771001","781000",776000.5,"Fst",0.148126468803535,0,0.0309235806046284,0.0747664931049826
"772001","782000",777000.5,"Fst",0.148251486583659,0,0.0355763721585856,0.0823165496395094
"773001","783000",778000.5,"Fst",0.152409595389379,0,0.0360494852858599,0.0840337861940952
"774001","784000",779000.5,"Fst",0.147635493208222,0,0.0347314205653873,0.0809091612949798
"775001","785000",780000.5,"Fst",0.180486248961618,0,0.0476826915277479,0.0930925747668205
"776001","786000",781000.5,"Fst",0.177544119473227,0,0.0463426979353461,0.090752452308561
"777001","787000",782000.5,"Fst",0.156201803844067,0,0.0432234128163624,0.0831320396049194
"778001","788000",783000.5,"Fst",0.155986748584071,0,0.0431571782217643,0.08294618068533
"779001","789000",784000.5,"Fst",0.158041750696539,0,0.0437943644600095,0.0843333306464583
"780001","790000",785000.5,"Fst",0.156988441753098,0,0.0394626604990919,0.0952970709456038
"781001","791000",786000.5,"Fst",0.161808307613243,0,0.0439677237096851,0.0993979923965644
"782001","792000",787000.5,"Fst",0.162021337860247,0,0.0440080364139658,0.0995039926931482
"783001","793000",788000.5,"Fst",0.159823645831551,0,0.043276285800307,0.0980697009065803
"784001","794000",789000.5,"Fst",0.159144705448063,0,0.0420082795053305,0.0965631998477369
"785001","795000",790000.5,"Fst",0.119657474681011,0,0.0266287044338361,0.0891669882328938
"786001","796000",791000.5,"Fst",0.111440511533929,0,0.030087029918752,0.0960213268950254
"787001","797000",792000.5,"Fst",0.145506434344111,0,0.0373928248741044,0.131438565038185
"788001","798000",793000.5,"Fst",0.174044837020955,0,0.0459116589537143,0.157580324550131
"789001","799000",794000.5,"Fst",0.173195573385159,0,0.0456097349799608,0.156787051809868
"790001","8e+05",795000.5,"Fst",0.165651204498085,0,0.046193227282604,0.154370486527727
"791001","801000",796000.5,"Fst",0.160378747051904,0,0.0439209121780824,0.148104287139467
"792001","802000",797000.5,"Fst",0.161389718231013,0,0.0443075478452741,0.149061600064689
"793001","803000",798000.5,"Fst",0.161389718231013,0,0.0442861848675817,0.149061600064689
"794001","804000",799000.5,"Fst",0.145004258764119,0,0.040171820235878,0.137159127770359
"795001","805000",800000.5,"Fst",0.184478131414391,0,0.0359733055246742,0.127002956184451
"796001","806000",801000.5,"Fst",0.196381402015652,0,0.037990195943912,0.129038424775378
"797001","807000",802000.5,"Fst",0.228952621945942,0,0.0363822191062266,0.132040102897957
"798001","808000",803000.5,"Fst",0.249166117976685,0,0.0340414855422606,0.123802619632463
"799001","809000",804000.5,"Fst",0.23236106150955,0,0.0328247228567633,0.113060511990818
"800001","810000",805000.5,"Fst",0.22902786091535,0,0.0325120406809831,0.111528875546552
"801001","811000",806000.5,"Fst",0.235926235616087,0,0.0326082717392527,0.115590980252667
"802001","812000",807000.5,"Fst",0.231064427605384,0,0.0317705105377009,0.113450632742305
"803001","813000",808000.5,"Fst",0.228361726743711,0,0.031766096453839,0.112115711343006
"804001","814000",809000.5,"Fst",0.252268353903775,0,0.0349875957334442,0.122615117841236
"805001","815000",810000.5,"Fst",0.226865984996169,0,0.0300770064893465,0.126804910375765
"806001","816000",811000.5,"Fst",0.226783813381439,0,0.0297255931333857,0.124862840301263
"807001","817000",812000.5,"Fst",0.126848538663813,0,0.0215489313890733,0.0744537356909423
"808001","818000",813000.5,"Fst",0.038552452246791,0,0.0196374525207354,0.0573046632470023
"809001","819000",814000.5,"Fst",0.0345790218699917,0,0.0196399869833322,0.0472314293848421
"810001","820000",815000.5,"Fst",0.0353045140658528,0,0.018878138604209,0.0465414455432581
"811001","821000",816000.5,"Fst",0.0374642525620951,0,0.0219734337606034,0.0708704685643771
"812001","822000",817000.5,"Fst",0.0382590409744982,0,0.0231985203863893,0.0737998735107299
"813001","823000",818000.5,"Fst",0.0367816660105531,0,0.022685580154934,0.0743941336667761
"814001","824000",819000.5,"Fst",0.0372474672987916,0,0.0229444811524678,0.0753366837765815
"815001","825000",820000.5,"Fst",0.0414253856446378,0,0.0255460993229378,0.0849036306588973
"816001","826000",821000.5,"Fst",0.039530613186509,0,0.0250645797329858,0.0843247489750325
"817001","827000",822000.5,"Fst",0.0483432228491517,0,0.0204811781201725,0.0565391779834153
"818001","828000",823000.5,"Fst",0.0277391991751159,0,0.0200271192231499,0.0606866361583344
"819001","829000",824000.5,"Fst",0.14866409137692,0,0.028045518652601,0.0603213215939004
"820001","830000",825000.5,"Fst",0.149934738959386,0,0.026256874574113,0.0611901634111306
"821001","831000",826000.5,"Fst",0.169682799735078,0,0.0277231802068085,0.071946818990633
"822001","832000",827000.5,"Fst",0.165590616429798,0,0.027796037393622,0.0684031517336928
"823001","833000",828000.5,"Fst",0.170227253671604,0,0.0287679792693891,0.0703945579130152
"824001","834000",829000.5,"Fst",0.182834983632832,0,0.0322571677746126,0.0741984023812527
"825001","835000",830000.5,"Fst",0.173108853818846,0,0.031117787542607,0.0698911105879548
"826001","836000",831000.5,"Fst",0.178388510827626,0,0.032580740152355,0.0728717402959038
"827001","837000",832000.5,"Fst",0.181804396143525,0,0.0324283295122571,0.0743110095673283
"828001","838000",833000.5,"Fst",0.186884694735233,0,0.0332687219957125,0.0749978334828929
"829001","839000",834000.5,"Fst",0.10608277796965,0,0.0246762025825577,0.0578958922478816
"830001","840000",835000.5,"Fst",0.125559875733458,0,0.0214658749198457,0.0500551573211852
"831001","841000",836000.5,"Fst",0.120368315818935,0,0.0208794477555677,0.0466909769142252
"832001","842000",837000.5,"Fst",0.116412694606541,0,0.0192389412121882,0.0471097769217245
"833001","843000",838000.5,"Fst",0.110976975043259,0,0.0183203651905492,0.0445037517501286
"834001","844000",839000.5,"Fst",0.0624483744181145,0,0.0150671524928465,0.0253880135210058
"835001","845000",840000.5,"Fst",0.0665539412607296,0,0.0152684156918728,0.0276372049359663
"836001","846000",841000.5,"Fst",0.0598676764106245,0,0.0137101555714231,0.0254986409164815
"837001","847000",842000.5,"Fst",0.0543072882400997,0,0.0129245117298416,0.0241462263464414
"838001","848000",843000.5,"Fst",0.0520142010882136,0,0.0125350435780563,0.0246942042130404
"839001","849000",844000.5,"Fst",0.0528082366441412,0,0.0127121018435691,0.0259457222937234
"840001","850000",845000.5,"Fst",0.0140890269151137,0,0.00708145544767911,0.0132468670694245
"841001","851000",846000.5,"Fst",0.0341199483746067,0,0.0102808815638248,0.0277792171751192
"842001","852000",847000.5,"Fst",0.0345115281545654,0,0.0110784508118246,0.0272149260510371
"843001","853000",848000.5,"Fst",0.0364699239379545,0,0.0111797551605631,0.0282137344850701
"844001","854000",849000.5,"Fst",0.0356005472942066,0,0.0116291224655341,0.0257555769113745
"845001","855000",850000.5,"Fst",0.0316121659449995,0,0.0134493767809231,0.0312159265897312
"846001","856000",851000.5,"Fst",0.0325472737041258,0,0.0139046319532566,0.0329452441543775
"847001","857000",852000.5,"Fst",0.0336167459530753,0,0.0156119315736484,0.036123070949306
"848001","858000",853000.5,"Fst",0.0357982581611666,0,0.0158618817105114,0.0360253414547083
"849001","859000",854000.5,"Fst",0.0499381278969777,0,0.0160983705642897,0.0325006750538666
"850001","860000",855000.5,"Fst",0.0684185565688119,0,0.0192946226403731,0.034950661986235
"851001","861000",856000.5,"Fst",0.0610578628554327,0,0.0197694472908587,0.0348485127266706
"852001","862000",857000.5,"Fst",0.0637278227611702,0,0.019717538543404,0.0369603698657257
"853001","863000",858000.5,"Fst",0.0639057903100932,0,0.0203436556173468,0.0373536353224438
"854001","864000",859000.5,"Fst",0.0657496570540049,0,0.0209328158275855,0.0381320131189026
"855001","865000",860000.5,"Fst",0.0781260193491836,0,0.0204338082709564,0.0373860793633789
"856001","866000",861000.5,"Fst",0.0757867730252249,0,0.0197870870699249,0.0366394598906621
"857001","867000",862000.5,"Fst",0.0756941604142305,0,0.0191617888321605,0.0367843097104233
"858001","868000",863000.5,"Fst",0.128501216429717,0,0.0319656619101506,0.0703243859938779
"859001","869000",864000.5,"Fst",0.123315751604968,0,0.0324677819619636,0.0733126654788455
"860001","870000",865000.5,"Fst",0.13351580830969,0,0.0300091472574239,0.0760287804299052
"861001","871000",866000.5,"Fst",0.131176144619663,0,0.0284634794621424,0.0733718761717317
"862001","872000",867000.5,"Fst",0.125928154376842,0,0.0275011806713471,0.0768414634831529
"863001","873000",868000.5,"Fst",0.12862749232806,0,0.0282488720765487,0.0791583745375527
"864001","874000",869000.5,"Fst",0.12862749232806,0,0.0282732758164638,0.0791583745375527
"865001","875000",870000.5,"Fst",0.115853406677767,0,0.0250685042053764,0.0791889072790904
"866001","876000",871000.5,"Fst",0.117403859256772,0,0.0259960804554983,0.0820637679713746
"867001","877000",872000.5,"Fst",0.119157935153926,0,0.0265098356697764,0.0853089292776293
"868001","878000",873000.5,"Fst",0.0432978782907002,0,0.0165891591436051,0.0461285672843312
"869001","879000",874000.5,"Fst",0.0567194200241832,0,0.0180003561564339,0.0477286458534641
"870001","880000",875000.5,"Fst",0.0379675436405196,0,0.0186899503907629,0.0410456862245727
"871001","881000",876000.5,"Fst",0.0353751804747349,0,0.0194611831592051,0.0410969657180372
"872001","882000",877000.5,"Fst",0.0765257379119382,0,0.0232351040933679,0.0499292532659097
"873001","883000",878000.5,"Fst",0.0703124197936452,0,0.0206473627487242,0.0427454348935469
"874001","884000",879000.5,"Fst",0.0683565998704051,0,0.019984918766833,0.0416434041501976
"875001","885000",880000.5,"Fst",0.0720979189857485,0,0.0176308961413818,0.0455358462675536
"876001","886000",881000.5,"Fst",0.0887511627856628,0,0.017021443173934,0.0500905108145686
"877001","887000",882000.5,"Fst",0.0904521992141935,0,0.017343051100372,0.0510468264056531
"878001","888000",883000.5,"Fst",0.0895193588539734,0,0.0171621252813141,0.0506897898874468
"879001","889000",884000.5,"Fst",0.0835670833326992,0,0.0167818499255815,0.0502482034302958
"880001","890000",885000.5,"Fst",0.0818090265062066,0,0.0179508862370258,0.048151121770358
"881001","891000",886000.5,"Fst",0.0750251900030923,0,0.015664828069336,0.0415028275198693
"882001","892000",887000.5,"Fst",0.0510253911366804,0,0.011905270905946,0.0269000668296211
"883001","893000",888000.5,"Fst",0.050481702598951,0,0.0135301576304008,0.0318109875463367
"884001","894000",889000.5,"Fst",0.0539223058793319,0,0.0145820465411918,0.0342187648762019
"885001","895000",890000.5,"Fst",0.0566113712960126,0,0.021778202893567,0.0452410313955476
"886001","896000",891000.5,"Fst",0.0307558932064861,0,0.0221839916240743,0.0510292656502738
"887001","897000",892000.5,"Fst",0.0304121293585182,0,0.0219333378405387,0.0503548170129324
"888001","898000",893000.5,"Fst",0.0244906327853327,0,0.0238439457511888,0.0616512756389198
"889001","899000",894000.5,"Fst",0.0235781717706656,0,0.0261906698577054,0.0686415280481611
"890001","9e+05",895000.5,"Fst",0.0241086655564696,0,0.0267317824579334,0.0662900293491682
"891001","901000",896000.5,"Fst",0.0329446953373279,0,0.0298189735339375,0.070606213739676
"892001","902000",897000.5,"Fst",0.0393248485256703,0,0.0275726546816454,0.0613565617158401
"893001","903000",898000.5,"Fst",0.0411079995519356,0,0.0286818213863793,0.0639557955355446
"894001","904000",899000.5,"Fst",0.0512404679203098,0,0.0247489432426387,0.0543868143970682
"895001","905000",900000.5,"Fst",0.0514248183474948,0,0.0329114422490025,0.0749082395569157
"896001","906000",901000.5,"Fst",0.0529203671304042,0,0.0329091322882895,0.0773423071504037
"897001","907000",902000.5,"Fst",0.0597743156095558,0,0.0411905148474234,0.110741035711748
"898001","908000",903000.5,"Fst",0.0570297268103124,0,0.0504683425084612,0.142191317700557
"899001","909000",904000.5,"Fst",0.0670738795298137,0,0.0534544401354553,0.161305802347263
"900001","910000",905000.5,"Fst",0.0799291500705802,0,0.0537104003008773,0.16001265884415
"901001","911000",906000.5,"Fst",0.0860163135046643,0,0.0541437560335888,0.16740825966707
"902001","912000",907000.5,"Fst",0.0863049727176829,0,0.0550844361509549,0.173341718171589
"903001","913000",908000.5,"Fst",0.0890039958128422,0,0.0535596634941217,0.171445354073804
"904001","914000",909000.5,"Fst",0.0879811720835995,0,0.054573165715556,0.173527669992316
"905001","915000",910000.5,"Fst",0.091098753537208,0,0.0538498106476885,0.173930668706232
"906001","916000",911000.5,"Fst",0.0909993929187527,0,0.0536480198866979,0.173901221356714
"907001","917000",912000.5,"Fst",0.0924596286241326,0,0.0512761995040109,0.17231048039402
"908001","918000",913000.5,"Fst",0.10174527603053,0,0.0475117604298588,0.156744653069951
"909001","919000",914000.5,"Fst",0.102440724536168,0,0.042736179128517,0.130868105096767
"910001","920000",915000.5,"Fst",0.0806098979624604,0,0.0402800444826772,0.145233430718271
"911001","921000",916000.5,"Fst",0.0591917946112694,0,0.0309438739084517,0.121549426393603
"912001","922000",917000.5,"Fst",0.0616507184278555,0,0.0300683582421469,0.112495447139931
"913001","923000",918000.5,"Fst",0.0475826175591569,0,0.0278977106666092,0.107059152005159
"914001","924000",919000.5,"Fst",0.0473010375632739,0,0.0275955686154671,0.107158373835641
"915001","925000",920000.5,"Fst",0.039823461562592,0,0.0234965591956135,0.0987053541381554
"916001","926000",921000.5,"Fst",0.0411049409337667,0,0.024823294238888,0.104461817169989
"917001","927000",922000.5,"Fst",0.0376255888713144,0,0.019568513076694,0.078067280354693
"918001","928000",923000.5,"Fst",0.0311297246631302,0,0.0208772711109261,0.0853817548585227
"919001","929000",924000.5,"Fst",0.0313530177293517,0,0.0215190193427349,0.0858008380939201
"920001","930000",925000.5,"Fst",0.0279873135979662,0,0.0318299501072598,0.128173812007341
"921001","931000",926000.5,"Fst",0.0271875355209763,0,0.0359157242582069,0.143305205137705
"922001","932000",927000.5,"Fst",0.0206302043783304,0,0.0365915715946527,0.157671262699565
"923001","933000",928000.5,"Fst",0.0260098934824082,0,0.0353151862781497,0.142836146971202
"924001","934000",929000.5,"Fst",0.0261931166529228,0,0.0356436615252826,0.144130795520438
"925001","935000",930000.5,"Fst",0.0261673519777779,0,0.037890034168701,0.151447656770876
"926001","936000",931000.5,"Fst",0.0214313902179953,0,0.0444444084728121,0.184759507386034
"927001","937000",932000.5,"Fst",0.0401924723154918,0,0.0463218449947435,0.17824568683188
"928001","938000",933000.5,"Fst",0.0690598388590002,0,0.0484475033997246,0.176765214017371
"929001","939000",934000.5,"Fst",0.0696262672043537,0,0.0488441572222897,0.178612796049624
"930001","940000",935000.5,"Fst",0.0906319042079577,0,0.0468416281194946,0.160285166401298
"931001","941000",936000.5,"Fst",0.111757895157105,0,0.0469656757681532,0.157695834100825
"932001","942000",937000.5,"Fst",0.112385298897761,0,0.0502256792269446,0.165249344077195
"933001","943000",938000.5,"Fst",0.117790355281564,0,0.0505451078430025,0.169161951436353
"934001","944000",939000.5,"Fst",0.117400804706015,0,0.0503687187153628,0.168579043181783
"935001","945000",940000.5,"Fst",0.11699196400647,0,0.0503669560242909,0.167865412089265
"936001","946000",941000.5,"Fst",0.136151213775305,0,0.0456941290998243,0.14176200162987
"937001","947000",942000.5,"Fst",0.150898456318349,0,0.0492705382795394,0.143715917079937
"938001","948000",943000.5,"Fst",0.141809147374365,0,0.0477424914415039,0.137936340455465
"939001","949000",944000.5,"Fst",0.161467414487372,0,0.0500075963736656,0.129678317352304
"940001","950000",945000.5,"Fst",0.158869883395751,0,0.0471390692407024,0.121726479868605
"941001","951000",946000.5,"Fst",0.157926478798965,0,0.0479362639650968,0.113942856419194
"942001","952000",947000.5,"Fst",0.16825184833358,0,0.0449332948030088,0.108633718167908
"943001","953000",948000.5,"Fst",0.168219901869798,0,0.0461551080292524,0.103440872392331
"944001","954000",949000.5,"Fst",0.169498281884019,0,0.0487124930882849,0.105444904853401
"945001","955000",950000.5,"Fst",0.180059253082139,0,0.057971274290048,0.114544540785131
"946001","956000",951000.5,"Fst",0.153087580702421,0,0.0523646880070756,0.102326615053029
"947001","957000",952000.5,"Fst",0.14536943376216,0,0.048419700859728,0.0961735688001065
"948001","958000",953000.5,"Fst",0.152837435986255,0,0.048477587578695,0.0961686473641403
"949001","959000",954000.5,"Fst",0.138559192000311,0,0.0444590366076289,0.110999262061733
"950001","960000",955000.5,"Fst",0.14248074575068,0,0.0442788765266262,0.106943389649463
"951001","961000",956000.5,"Fst",0.139698496399665,0,0.0430560688074089,0.10692585306131
"952001","962000",957000.5,"Fst",0.138952708344931,0,0.0430127884176831,0.104200009940852
"953001","963000",958000.5,"Fst",0.141908683209391,0,0.0427895365416074,0.108841176101024
"954001","964000",959000.5,"Fst",0.143710789619299,0,0.0446255946853171,0.110331832373062
"955001","965000",960000.5,"Fst",0.123443681755763,0,0.041016392744439,0.0946091952413622
"956001","966000",961000.5,"Fst",0.139155461122832,0,0.0425572296578548,0.106170598826568
"957001","967000",962000.5,"Fst",0.141533742052885,0,0.0425470521108739,0.107714741748069
"958001","968000",963000.5,"Fst",0.126995369510689,0,0.0392000082560345,0.103431670969291
"959001","969000",964000.5,"Fst",0.120257163059274,0,0.0308362695630661,0.0756088695019992
"960001","970000",965000.5,"Fst",0.113536301918506,0,0.0346066805319507,0.0863783432098332
"961001","971000",966000.5,"Fst",0.115491564118566,0,0.0353401351828754,0.0878188637482796
"962001","972000",967000.5,"Fst",0.114980595726371,0,0.0366034034086139,0.0915909516420754
"963001","973000",968000.5,"Fst",0.120988436614329,0,0.0349396458992499,0.0872749318897856
"964001","974000",969000.5,"Fst",0.119564984142407,0,0.0336279250417898,0.0818606243019916
"965001","975000",970000.5,"Fst",0.121710260089655,0,0.0336951163441004,0.0773751382351092
"966001","976000",971000.5,"Fst",0.116579830217668,0,0.0316987580481754,0.0669428910751491
"967001","977000",972000.5,"Fst",0.113808860404367,0,0.0351781938350708,0.0750073542389834
"968001","978000",973000.5,"Fst",0.124987496464215,0,0.039746388365945,0.0865654490549247
"969001","979000",974000.5,"Fst",0.130820532942862,0,0.0466832443678101,0.0959319857842109
"970001","980000",975000.5,"Fst",0.101039581536476,0,0.034729334655727,0.0717675926215781
"971001","981000",976000.5,"Fst",0.113150874040928,0,0.0332363759888359,0.0624266471797288
"972001","982000",977000.5,"Fst",0.133259342052046,0,0.0395211741651538,0.0704618865321175
"973001","983000",978000.5,"Fst",0.11552706674011,0,0.0317670038840083,0.0577933578420596
"974001","984000",979000.5,"Fst",0.102178299787861,0,0.0271934288041103,0.0504895745834395
"975001","985000",980000.5,"Fst",0.123968111194613,0,0.02829775006058,0.062927869096989
"976001","986000",981000.5,"Fst",0.123968111194613,0,0.02829775006058,0.062927869096989
"977001","987000",982000.5,"Fst",0.123968111194613,0,0.02829775006058,0.062927869096989
"978001","988000",983000.5,"Fst",0.123968111194613,0,0.02829775006058,0.062927869096989
"979001","989000",984000.5,"Fst",0.123968111194613,0,0.02829775006058,0.062927869096989
"980001","990000",985000.5,"Fst",0.167540358120786,0,0.04019524045814,0.0897529079034277
"981001","991000",986000.5,"Fst",0.164024453732764,0,0.0443299672300602,0.0859634990978416
"982001","992000",987000.5,"Fst",0.0645746691871455,0,0.0459925743059227,0.10958514196257
"983001","993000",988000.5,"Fst",0,0,0,0
"984001","994000",989000.5,"Fst",0,0,0,0
"985001","995000",990000.5,"Fst",0,0,0,0
"986001","996000",991000.5,"Fst",0,0,0,0
"987001","997000",992000.5,"Fst",0.211475729417116,0,0.0698521209693209,0.127434423284226
"988001","998000",993000.5,"Fst",0.201535804778995,0,0.0609857155669755,0.133833213834251
"989001","999000",994000.5,"Fst",0.198419845345637,0,0.0600988426569486,0.13190524436725
"990001","1e+06",995000.5,"Fst",0.178515416974062,0,0.0519047668086535,0.116345784825956
"991001","1001000",996000.5,"Fst",0.134541279746331,0,0.0438464300013858,0.108514668443361
"992001","1002000",997000.5,"Fst",0.128553591913082,0,0.0404849425336229,0.102681126348351
"993001","1003000",998000.5,"Fst",0.12657128542003,0,0.0401193111552067,0.101327757780233
"994001","1004000",999000.5,"Fst",0.13779395186753,0,0.0412474300743446,0.0999583147748425
"995001","1005000",1000000.5,"Fst",0.136886773251897,0,0.040996490848526,0.0992987218159205
"996001","1006000",1001000.5,"Fst",0.135107785249551,0,0.0404524665277618,0.0980053104009113
"997001","1007000",1002000.5,"Fst",0.113291213232668,0,0.0329365681885506,0.0931817822322901
"998001","1008000",1003000.5,"Fst",0.084200208526004,0,0.0332276964318235,0.112385030031061
"999001","1009000",1004000.5,"Fst",0.138905244894004,0,0.0365840238971864,0.0967209741971296
"1000001","1010000",1005000.5,"Fst",0.192533356701775,0,0.053369723773654,0.100381886416774
"1001001","1011000",1006000.5,"Fst",0.209917472704967,0,0.0589893890749586,0.107997498311103
"1002001","1012000",1007000.5,"Fst",0.210359539902756,0,0.0597607860232919,0.106790076923534
"1003001","1013000",1008000.5,"Fst",0.213426891728413,0,0.0607010586683813,0.108009892078632
"1004001","1014000",1009000.5,"Fst",0.21895465450271,0,0.0612448245517901,0.108117850640333
"1005001","1015000",1010000.5,"Fst",0.220888957686651,0,0.0626293736921867,0.108511830056328
"1006001","1016000",1011000.5,"Fst",0.223954389604348,0,0.0594114884985466,0.103630177676201
"1007001","1017000",1012000.5,"Fst",0.229480488628435,0,0.0579950122470831,0.103196952038731
"1008001","1018000",1013000.5,"Fst",0.22971962368891,0,0.0578703977440651,0.100121716593768
"1009001","1019000",1014000.5,"Fst",0.224443104560816,0,0.053423277943198,0.0947914258472501
"1010001","1020000",1015000.5,"Fst",0.207693636111386,0,0.0469666131195875,0.0820059116574549
"1011001","1021000",1016000.5,"Fst",0.205485769334297,0,0.041425605170717,0.0840201162404193
"1012001","1022000",1017000.5,"Fst",0.20595435606663,0,0.0425534978689202,0.0859068837666522
"1013001","1023000",1018000.5,"Fst",0.198127393038184,0,0.0395295623569955,0.085193073622954
"1014001","1024000",1019000.5,"Fst",0.1971777906551,0,0.0389055630827926,0.0895964344531416
"1015001","1025000",1020000.5,"Fst",0.189399901308725,0,0.0398639753020884,0.0972742422852765
"1016001","1026000",1021000.5,"Fst",0.179912697943693,0,0.037799124772533,0.0830686999500981
"1017001","1027000",1022000.5,"Fst",0.174323800666512,0,0.0374605291620061,0.0965971979309774
"1018001","1028000",1023000.5,"Fst",0.16628881505649,0,0.0391375364753238,0.0980738284053475
"1019001","1029000",1024000.5,"Fst",0.140096276587564,0,0.0373629318125573,0.111460425995561
"1020001","1030000",1025000.5,"Fst",0.139459726162576,0,0.0388097614766788,0.112465179737845
"1021001","1031000",1026000.5,"Fst",0.135420912874356,0,0.0382324964221924,0.11062055549483
"1022001","1032000",1027000.5,"Fst",0.138850841015905,0,0.0392334047672252,0.113044562189079
"1023001","1033000",1028000.5,"Fst",0.136225648316662,0,0.0405692225734143,0.115885111023693
"1024001","1034000",1029000.5,"Fst",0.108502481500193,0,0.0305206831985743,0.0857362064573246
"1025001","1035000",1030000.5,"Fst",0.00965411400193994,0,0.0131375917373865,0.0233865250235001
"1026001","1036000",1031000.5,"Fst",0.00965411400193994,0,0.0130701823267275,0.0233865250235001
"1027001","1037000",1032000.5,"Fst",0.0105018613151708,0,0.0113474528091553,0.0213831678028623
"1028001","1038000",1033000.5,"Fst",0.0105018613151708,0,0.011056147190623,0.0195709351768691
"1029001","1039000",1034000.5,"Fst",0.00972629422315407,0,0.0103177689653572,0.0181774210903682
"1030001","1040000",1035000.5,"Fst",0.0043464042994853,0,0.0168823001945375,0.0278336501141025
"1031001","1041000",1036000.5,"Fst",0.15505940723332,0,0.0265888274431923,0.0598428124445869
"1032001","1042000",1037000.5,"Fst",0.15552645364065,0,0.0265396836010225,0.0596485876656466
"1033001","1043000",1038000.5,"Fst",0.147256782929498,0,0.0223266267641097,0.0543252889514709
"1034001","1044000",1039000.5,"Fst",0.15844761488689,0,0.0240066295438437,0.0583497851505185
"1035001","1045000",1040000.5,"Fst",0.278858320099575,0,0.0317221127554513,0.0772511654285667
"1036001","1046000",1041000.5,"Fst",0.233012743291377,0,0.027882627197762,0.0595874592318061
"1037001","1047000",1042000.5,"Fst",0.237063586476841,0,0.0290656186526824,0.0608335390383679
"1038001","1048000",1043000.5,"Fst",0.255165710053694,0,0.0307645559234197,0.0724228596689594
"1039001","1049000",1044000.5,"Fst",0.304408918757726,0,0.037163512984375,0.0785240779459204
"1040001","1050000",1045000.5,"Fst",0.315431759386598,0,0.0390539359763452,0.0819902241005955
"1041001","1051000",1046000.5,"Fst",0.292649748152606,0,0.0370480175242459,0.0666015687887235
"1042001","1052000",1047000.5,"Fst",0.281866203440768,0,0.0330163049419114,0.0603783044543506
"1043001","1053000",1048000.5,"Fst",0.310387456457273,0,0.0415672684573606,0.0671348920279125
"1044001","1054000",1049000.5,"Fst",0.300132321855281,0,0.0399127858892456,0.0640995159719459
"1045001","1055000",1050000.5,"Fst",0.263199655999043,0,0.0347973864223824,0.0581465036990877
"1046001","1056000",1051000.5,"Fst",0.305950673075705,0,0.0381922176772704,0.071775103049282
"1047001","1057000",1052000.5,"Fst",0.292721771503114,0,0.0338883306992976,0.0765428212601205
"1048001","1058000",1053000.5,"Fst",0.253244916132257,0,0.0310218896050862,0.0626511726462954
"1049001","1059000",1054000.5,"Fst",0.219306930416814,0,0.0301859798003414,0.0673483643339661
"1050001","1060000",1055000.5,"Fst",0.219306930416814,0,0.0301859798003414,0.0673483643339661
"1051001","1061000",1056000.5,"Fst",0.224442774698409,0,0.0309818894021075,0.0693748127024786
"1052001","1062000",1057000.5,"Fst",0.229388341406172,0,0.0334512275486905,0.0735480510460976
"1053001","1063000",1058000.5,"Fst",0.186746457801637,0,0.0266247736323108,0.065188141834752
"1054001","1064000",1059000.5,"Fst",0.196474923590351,0,0.0281764951990003,0.0677485002013863
"1055001","1065000",1060000.5,"Fst",0.207911298680313,0,0.0303169422185392,0.0723242576152339
"1056001","1066000",1061000.5,"Fst",0.242466455658911,0,0.0327868642146335,0.0628307376193271
"1057001","1067000",1062000.5,"Fst",0.252043263793016,0,0.0399514936213319,0.0697923184709778
"1058001","1068000",1063000.5,"Fst",0.306038181523121,0,0.0345592324469627,0.0774946359431188
"1059001","1069000",1064000.5,"Fst",0.309231109395736,0,0.040492531712284,0.07266403712101
"1060001","1070000",1065000.5,"Fst",0.274010479017278,0,0.0435432417790011,0.107274911292606
"1061001","1071000",1066000.5,"Fst",0.293972530583587,0,0.0431168260506457,0.100400776133418
"1062001","1072000",1067000.5,"Fst",0.284945558479282,0,0.0406138479165834,0.0939796710644623
"1063001","1073000",1068000.5,"Fst",0.278558951590063,0,0.0384117759876419,0.0899563433058853
"1064001","1074000",1069000.5,"Fst",0.26040557602513,0,0.0369944788501595,0.0933349797666552
"1065001","1075000",1070000.5,"Fst",0.259401515296529,0,0.0367410575718273,0.0930178274538906
"1066001","1076000",1071000.5,"Fst",0.253317606055535,0,0.0370325416643082,0.094155499153052
"1067001","1077000",1072000.5,"Fst",0.252758133030436,0,0.0369078745968389,0.0938858020382988
"1068001","1078000",1073000.5,"Fst",0.250265375704077,0,0.0374267150788358,0.0973945211132768
"1069001","1079000",1074000.5,"Fst",0.242374109102372,0,0.0355522752023921,0.0959418574261857
"1070001","1080000",1075000.5,"Fst",0.235204843136408,0,0.0306312651225687,0.0692489839465472
"1071001","1081000",1076000.5,"Fst",0.181365357708343,0,0.0268200415206466,0.0678938650650549
"1072001","1082000",1077000.5,"Fst",0.169453766815308,0,0.0261428301316642,0.0742715409450149
"1073001","1083000",1078000.5,"Fst",0.160249340111784,0,0.0305313952985496,0.0830560728166218
"1074001","1084000",1079000.5,"Fst",0.194567083580127,0,0.0335869891900051,0.122522872013707
"1075001","1085000",1080000.5,"Fst",0.195362454628813,0,0.0339744495548523,0.123155774604214
"1076001","1086000",1081000.5,"Fst",0.210005900936523,0,0.0320220061280791,0.122328966640602
"1077001","1087000",1082000.5,"Fst",0.205175871945557,0,0.0307118700178179,0.12047839496973
"1078001","1088000",1083000.5,"Fst",0.209391234352135,0,0.0314657073871767,0.122448663862367
"1079001","1089000",1084000.5,"Fst",0.211399549571268,0,0.0317694738111689,0.123674578751347
"1080001","1090000",1085000.5,"Fst",0.178022369041093,0,0.0325205691276518,0.117038105339597
"1081001","1091000",1086000.5,"Fst",0.181550871612365,0,0.0336527856396077,0.120418092203476
"1082001","1092000",1087000.5,"Fst",0.185997867359697,0,0.0345879707711013,0.124751341580196
"1083001","1093000",1088000.5,"Fst",0.192799623380163,0,0.0360872826680455,0.129463897935659
"1084001","1094000",1089000.5,"Fst",0.173908248853036,0,0.0304194342567081,0.075825571754023
"1085001","1095000",1090000.5,"Fst",0.19459724683113,0,0.0333438467188511,0.0854428662294554
"1086001","1096000",1091000.5,"Fst",0.0283666540927952,0,0.0245657359114978,0.0358386158550229
"1087001","1097000",1092000.5,"Fst",0.00867558837101989,0,0.011674347158218,0.0122977346278317
"1088001","1098000",1093000.5,"Fst",0.0101744186046512,0,0.00962422555368005,0.0106399148806811
"1089001","1099000",1094000.5,"Fst",0.0101744186046512,0,0.00962422555368005,0.0106399148806811
"1090001","1100000",1095000.5,"Fst",0.0101744186046512,0,0.00962422555368005,0.0106399148806811
"1091001","1101000",1096000.5,"Fst",0.0101744186046512,0,0.00962422555368005,0.0106399148806811
"1092001","1102000",1097000.5,"Fst",0.0101744186046512,0,0.00962422555368005,0.0106399148806811
"1093001","1103000",1098000.5,"Fst",0.0101744186046512,0,0.00962422555368005,0.0106399148806811
"1094001","1104000",1099000.5,"Fst",0.0101744186046512,0,0.00962422555368005,0.0106399148806811
"1095001","1105000",1100000.5,"Fst",0.339010255505702,0,0.0426967646779273,0.140925187700229
"1096001","1106000",1101000.5,"Fst",0.313738064782452,0,0.0385173264359212,0.13503036766096
"1097001","1107000",1102000.5,"Fst",0.261772762798977,0,0.0309302809529108,0.103285512778791
"1098001","1108000",1103000.5,"Fst",0.234631579577444,0,0.0307466318083521,0.115905979784778
"1099001","1109000",1104000.5,"Fst",0.230681264611546,0,0.030218849101782,0.117366531176086
"1100001","1110000",1105000.5,"Fst",0.230681264611546,0,0.030218849101782,0.117366531176086
"1101001","1111000",1106000.5,"Fst",0.230681264611546,0,0.030218849101782,0.117366531176086
"1102001","1112000",1107000.5,"Fst",0.229825542590092,0,0.0300246925940831,0.11694954044866
"1103001","1113000",1108000.5,"Fst",0.227203016522763,0,0.0302239680286567,0.114904439715286
"1104001","1114000",1109000.5,"Fst",0.235660689630442,0,0.0306783892604975,0.120531508477929
"1105001","1115000",1110000.5,"Fst",0.194296627344007,0,0.0301404394306262,0.111171330905374
"1106001","1116000",1111000.5,"Fst",0.211498773594002,0,0.0288811421716679,0.101129950399368
"1107001","1117000",1112000.5,"Fst",0.23513734255645,0,0.0344453636435608,0.135998775447727
"1108001","1118000",1113000.5,"Fst",0.351717019927424,0,0.0321298211980715,0.106189465674393
"1109001","1119000",1114000.5,"Fst",0.435656767532027,0,0.0336984508476636,0.125467350187293
"1110001","1120000",1115000.5,"Fst",0.415884756244104,0,0.0315663264654382,0.118261890780975
"1111001","1121000",1116000.5,"Fst",0.412824250621684,0,0.0314437607581999,0.116910553348193
"1112001","1122000",1117000.5,"Fst",0.418270556925847,0,0.0335193607583063,0.112703285566738
"1113001","1123000",1118000.5,"Fst",0.425892848760245,0,0.0340792496063547,0.117045008648649
"1114001","1124000",1119000.5,"Fst",0.425871127007342,0,0.0333882553281978,0.122694897493255
"1115001","1125000",1120000.5,"Fst",0.425302858452197,0,0.034849781929609,0.119359518467458
"1116001","1126000",1121000.5,"Fst",0.354527568171837,0,0.0316702110512118,0.0956435642647753
"1117001","1127000",1122000.5,"Fst",0.370793822189314,0,0.0307672972933957,0.0961900575081907
"1118001","1128000",1123000.5,"Fst",0.352040161215537,0,0.0289344530739887,0.0926712407149004
"1119001","1129000",1124000.5,"Fst",0.201886727287185,0,0.0246137068602872,0.109844522365343
"1120001","1130000",1125000.5,"Fst",0.22532747902765,0,0.029478321682588,0.12438696067221
"1121001","1131000",1126000.5,"Fst",0.229924195769743,0,0.0297512454827163,0.12802318614734
"1122001","1132000",1127000.5,"Fst",0.080371482945396,0,0.0185546780230064,0.0451909769256778
"1123001","1133000",1128000.5,"Fst",0.234140544730578,0,0.0302097100856399,0.073499402518614
"1124001","1134000",1129000.5,"Fst",0.231609948905813,0,0.0299678602751454,0.0722171615959192
"1125001","1135000",1130000.5,"Fst",0.218556449614796,0,0.028084604901511,0.0670133535790595
"1126001","1136000",1131000.5,"Fst",0.209284019983303,0,0.0262695607553745,0.0628855908395932
"1127001","1137000",1132000.5,"Fst",0.234339224245276,0,0.0263731817752409,0.0558788975159303
"1128001","1138000",1133000.5,"Fst",0.256554454652281,0,0.0293302423128828,0.0597457469612303
"1129001","1139000",1134000.5,"Fst",0.239800234598097,0,0.02770819888187,0.0547262283074343
"1130001","1140000",1135000.5,"Fst",0.234477088784086,0,0.0263569198316097,0.0526118044144425
"1131001","1141000",1136000.5,"Fst",0.228255739227641,0,0.0258644166367463,0.0508732997584421
"1132001","1142000",1137000.5,"Fst",0.250154245269101,0,0.0292140787760676,0.0581444822452453
"1133001","1143000",1138000.5,"Fst",0.13709907023471,0,0.0268932374796452,0.0622096690944544
"1134001","1144000",1139000.5,"Fst",0.135176349039346,0,0.0259090065221661,0.0606206051342749
"1135001","1145000",1140000.5,"Fst",0.140242526957865,0,0.0269253427897833,0.0624878803156935
"1136001","1146000",1141000.5,"Fst",0.145108819204281,0,0.0300525623132844,0.0705564472980204
"1137001","1147000",1142000.5,"Fst",0.0138260794206415,0,0.0097705865586763,0.0138960146203243
"1138001","1148000",1143000.5,"Fst",0.013875506281201,0,0.00972066556409122,0.0137545669460563
"1139001","1149000",1144000.5,"Fst",0.0124066877381882,0,0.00972995155769314,0.0119506770449584
"1140001","1150000",1145000.5,"Fst",0.014364342335197,0,0.00854774308752759,0.0142992270688072
"1141001","1151000",1146000.5,"Fst",0.24947212813848,0,0.0310064605185655,0.0765617459537561
"1142001","1152000",1147000.5,"Fst",0.24508855764091,0,0.0302997007260137,0.075012249107565
"1143001","1153000",1148000.5,"Fst",0.255829226105958,0,0.0325937095142326,0.0777283224160664
"1144001","1154000",1149000.5,"Fst",0.480627502495191,0,0.0529111438541957,0.117132910429543
"1145001","1155000",1150000.5,"Fst",0.518663064017015,0,0.0626675201284111,0.130109713487072
"1146001","1156000",1151000.5,"Fst",0.52005492067877,0,0.0621176391775665,0.130222396951136
"1147001","1157000",1152000.5,"Fst",0.516250283088187,0,0.0612586649567132,0.127728476839409
"1148001","1158000",1153000.5,"Fst",0.5061978024319,0,0.0597897083780222,0.125312796271816
"1149001","1159000",1154000.5,"Fst",0.504238228909614,0,0.0590431744136082,0.12479729389002
"1150001","1160000",1155000.5,"Fst",0.509805522140116,0,0.0602182502628818,0.125750505270693
"1151001","1161000",1156000.5,"Fst",0.550553614688257,0,0.0664984746935534,0.132988889506988
"1152001","1162000",1157000.5,"Fst",0.534103159129339,0,0.0639314324354129,0.127755596146538
"1153001","1163000",1158000.5,"Fst",0.513505135853295,0,0.0592185368065738,0.119998464287709
"1154001","1164000",1159000.5,"Fst",0.440149627991624,0,0.0458586068906856,0.0942039429165175
"1155001","1165000",1160000.5,"Fst",0.331988467635312,0,0.0297530549738072,0.061344211969001
"1156001","1166000",1161000.5,"Fst",0.32456137673529,0,0.029109966288825,0.0599206785166428
"1157001","1167000",1162000.5,"Fst",0.337817623475823,0,0.0300763105912129,0.062543852572236
"1158001","1168000",1163000.5,"Fst",0.339273889845355,0,0.0295292533892323,0.0629719636811834
"1159001","1169000",1164000.5,"Fst",0.317174927563286,0,0.0271717498716768,0.0600236131407954
"1160001","1170000",1165000.5,"Fst",0.304085629690232,0,0.0256742608148617,0.0563724819043969
"1161001","1171000",1166000.5,"Fst",0.0676172795145127,0,0.0192497006703178,0.0398859491419052
"1162001","1172000",1167000.5,"Fst",0.249528860425944,0,0.0261481639912011,0.0646686693587493
"1163001","1173000",1168000.5,"Fst",0.250810788084158,0,0.0303845296434759,0.0627188853323291
"1164001","1174000",1169000.5,"Fst",0.243210962039617,0,0.0300898221002375,0.0604449196536962
"1165001","1175000",1170000.5,"Fst",0.244332347223658,0,0.030195988766023,0.0597943254923015
"1166001","1176000",1171000.5,"Fst",0.244584511358768,0,0.0299328187001795,0.0596476589889409
"1167001","1177000",1172000.5,"Fst",0.24568920788326,0,0.0300814295125204,0.0599445981749468
"1168001","1178000",1173000.5,"Fst",0.244177423784674,0,0.0304776885533132,0.0618246893885015
"1169001","1179000",1174000.5,"Fst",0.256926290050116,0,0.0315074413202211,0.065948036792392
"1170001","1180000",1175000.5,"Fst",0.261238273515625,0,0.0317601557386625,0.0675664245495259
"1171001","1181000",1176000.5,"Fst",0.271535438659565,0,0.0335421833073017,0.0712859463211323
"1172001","1182000",1177000.5,"Fst",0.184951957038395,0,0.0282538466451904,0.0625122626473508
"1173001","1183000",1178000.5,"Fst",0.164245922935183,0,0.0267678478894131,0.0561662439281815
"1174001","1184000",1179000.5,"Fst",0.168567160627652,0,0.0278990799855766,0.0641139432442159
"1175001","1185000",1180000.5,"Fst",0.172736056214317,0,0.02827547064173,0.0618422049463612
"1176001","1186000",1181000.5,"Fst",0.159058332971377,0,0.0260214846732329,0.0650950996848637
"1177001","1187000",1182000.5,"Fst",0.15785724716056,0,0.0264318798286858,0.0587257875813038
"1178001","1188000",1183000.5,"Fst",0.163871831985448,0,0.0284233588565712,0.0592920568256359
"1179001","1189000",1184000.5,"Fst",0.0679459714972493,0,0.0245257658054043,0.0648130385988714
"1180001","1190000",1185000.5,"Fst",0.154463126006626,0,0.0288669662171632,0.0482051851577636
"1181001","1191000",1186000.5,"Fst",0.150006257111448,0,0.0270543298385646,0.0472702076314722
"1182001","1192000",1187000.5,"Fst",0.271729989724581,0,0.0364831076089487,0.0668575858388867
"1183001","1193000",1188000.5,"Fst",0.576018237545874,0,0.0582977756344257,0.169098196921003
"1184001","1194000",1189000.5,"Fst",0.677959612000196,0,0.0720308578189894,0.219774123878702
"1185001","1195000",1190000.5,"Fst",0.687173148825896,0,0.0756391791120143,0.220409106668208
"1186001","1196000",1191000.5,"Fst",0.659195955190899,0,0.0714189815347442,0.207867388222338
"1187001","1197000",1192000.5,"Fst",0.610691696076294,0,0.0656953794392017,0.189508869162244
"1188001","1198000",1193000.5,"Fst",0.60708870678581,0,0.0652344072696887,0.187991900880202
"1189001","1199000",1194000.5,"Fst",0.598882946169818,0,0.0636124993079956,0.186307347226004
"1190001","1200000",1195000.5,"Fst",0.60709880857262,0,0.0634040220049785,0.18847046351701
"1191001","1201000",1196000.5,"Fst",0.603139278066067,0,0.0631798647065353,0.186906840538267
"1192001","1202000",1197000.5,"Fst",0.607503834828869,0,0.0642513708556648,0.190695555664448
"1193001","1203000",1198000.5,"Fst",0.576168341679233,0,0.0607014360340501,0.177388598454972
"1194001","1204000",1199000.5,"Fst",0.389241690248256,0,0.0417639941765002,0.104320948681914
"1195001","1205000",1200000.5,"Fst",0.236042086025491,0,0.0367456033125016,0.0846985550396808
"1196001","1206000",1201000.5,"Fst",0.22570653285806,0,0.0341182857066655,0.0735416438742779
"1197001","1207000",1202000.5,"Fst",0.321372940430084,0,0.0356079007134987,0.0999584120058089
"1198001","1208000",1203000.5,"Fst",0.325914782770742,0,0.0349500784586924,0.101600424714462
"1199001","1209000",1204000.5,"Fst",0.366633708472762,0,0.0315260367533881,0.083790060292704
"1200001","1210000",1205000.5,"Fst",0.317843171783235,0,0.0276390547902225,0.075567158937128
"1201001","1211000",1206000.5,"Fst",0.326472654523461,0,0.0287023895099936,0.0760595312100047
"1202001","1212000",1207000.5,"Fst",0.321315108638414,0,0.0282144283450039,0.0746337512686714
"1203001","1213000",1208000.5,"Fst",0.32943143812709,0,0.0299648341639545,0.0786296471679697
"1204001","1214000",1209000.5,"Fst",0.291282562011765,0,0.0245943171719059,0.0593968863410411
"1205001","1215000",1210000.5,"Fst",0.3077133838473,0,0.0273822751524374,0.0646224142486362
"1206001","1216000",1211000.5,"Fst",0.28092964708952,0,0.0239503218423341,0.0543135326044858
"1207001","1217000",1212000.5,"Fst",0.302868889582758,0,0.0251801361697549,0.056438955143858
"1208001","1218000",1213000.5,"Fst",0.316127851748908,0,0.0278008951544611,0.0609598728153034
"1209001","1219000",1214000.5,"Fst",0.0209561344556959,0,0.0170854177274944,0.0218611363514885
"1210001","1220000",1215000.5,"Fst",0.344242451555678,0,0.0294429179007461,0.0596532469289217
"1211001","1221000",1216000.5,"Fst",0.375516086604728,0,0.0316236470068464,0.061402489580641
"1212001","1222000",1217000.5,"Fst",0.39241600049333,0,0.0332643448148736,0.0648269842342738
"1213001","1223000",1218000.5,"Fst",0.36747762670909,0,0.031911832664696,0.064511190090174
"1214001","1224000",1219000.5,"Fst",0.390316147253308,0,0.0349030401529893,0.0703738199881635
"1215001","1225000",1220000.5,"Fst",0.315945440218277,0,0.0289661502643553,0.0484803952889058
"1216001","1226000",1221000.5,"Fst",0.301129357808247,0,0.026330158745685,0.0434598210198492
"1217001","1227000",1222000.5,"Fst",0.28546250161157,0,0.0244149644049303,0.0399806668640567
"1218001","1228000",1223000.5,"Fst",0.328514423992186,0,0.0249657141359176,0.0494767507619317
"1219001","1229000",1224000.5,"Fst",0.322687265466696,0,0.0249921601898056,0.043463872502137
"1220001","1230000",1225000.5,"Fst",0.220724319363862,0,0.0205107949658739,0.040088906397868
"1221001","1231000",1226000.5,"Fst",0.240717514475848,0,0.0210768947197423,0.0413050715688174
"1222001","1232000",1227000.5,"Fst",0.231737540320749,0,0.0197817667812869,0.0389239481026921
"1223001","1233000",1228000.5,"Fst",0.223837373992343,0,0.021261739614081,0.038377990215879
"1224001","1234000",1229000.5,"Fst",0.29104347826087,0,0.0236482789800987,0.039772227162953
"1225001","1235000",1230000.5,"Fst",0.30207672691288,0,0.0231471786674944,0.0450118706993095
"1226001","1236000",1231000.5,"Fst",0.308192671675875,0,0.0240969960781749,0.0471226859263202
"1227001","1237000",1232000.5,"Fst",0.313420852841096,0,0.0248147789831411,0.0469922596946293
"1228001","1238000",1233000.5,"Fst",0.287746598543453,0,0.0255285959011822,0.053203422087774
"1229001","1239000",1234000.5,"Fst",0.264869167586559,0,0.0228539509265619,0.0540152656238501
"1230001","1240000",1235000.5,"Fst",0.260499922516107,0,0.0227832371709514,0.0542524640206504
"1231001","1241000",1236000.5,"Fst",0.246184292143908,0,0.0216358340622197,0.0537732631141518
"1232001","1242000",1237000.5,"Fst",0.253627276037788,0,0.0226504746539846,0.0589023665263273
"1233001","1243000",1238000.5,"Fst",0.278970174393358,0,0.0248061525041648,0.0713469535491948
"1234001","1244000",1239000.5,"Fst",0.0718814274602646,0,0.0186111614917027,0.048079930976564
"1235001","1245000",1240000.5,"Fst",0.284856647493471,0,0.0226066386476171,0.0533975734730711
"1236001","1246000",1241000.5,"Fst",0.567544814345308,0,0.0585593267256742,0.111116238792427
"1237001","1247000",1242000.5,"Fst",0.576670383351617,0,0.0611308352541796,0.114661126096705
"1238001","1248000",1243000.5,"Fst",0.573805879379663,0,0.0616302732800984,0.113681026474379
"1239001","1249000",1244000.5,"Fst",0.579702739909046,0,0.0614963356161354,0.114954557723272
"1240001","1250000",1245000.5,"Fst",0.575605823258881,0,0.0623508730553886,0.114113731252694
"1241001","1251000",1246000.5,"Fst",0.582268110749047,0,0.0590091424188349,0.116485043525917
"1242001","1252000",1247000.5,"Fst",0.58323769578733,0,0.0594128960167376,0.116789610089252
"1243001","1253000",1248000.5,"Fst",0.582508075008606,0,0.0592155298268517,0.116649277837098
"1244001","1254000",1249000.5,"Fst",0.609307743409706,0,0.0586318374396319,0.114684775860009
"1245001","1255000",1250000.5,"Fst",0.6544170585493,0,0.0587880254659985,0.119898931232247
"1246001","1256000",1251000.5,"Fst",0.651761608665356,0,0.0398614842749592,0.0999345129311946
"1247001","1257000",1252000.5,"Fst",0.650652062497585,0,0.0398597837164851,0.0910433531619159
"1248001","1258000",1253000.5,"Fst",0.663966192341027,0,0.0416815004337706,0.0925544856968358
"1249001","1259000",1254000.5,"Fst",0.67138020539113,0,0.0417861668474998,0.0937257777487598
"1250001","1260000",1255000.5,"Fst",0.830861044709001,0,0.0561693380954313,0.13375591580562
"1251001","1261000",1256000.5,"Fst",0.84827362006987,0,0.0584832430309097,0.138600028202719
"1252001","1262000",1257000.5,"Fst",0.869786188395355,0,0.0606340883039302,0.14489571680712
"1253001","1263000",1258000.5,"Fst",0.834278375600512,0,0.0567653518969777,0.132218793423926
"1254001","1264000",1259000.5,"Fst",0.866179943460076,0,0.0616674575050555,0.141361630753964
"1255001","1265000",1260000.5,"Fst",0.873120252858253,0,0.0641717911776839,0.142500391691818
"1256001","1266000",1261000.5,"Fst",0.921013234246517,0,0.0686192625464934,0.158809139212499
"1257001","1267000",1262000.5,"Fst",0.931875168262704,0,0.0699465385946248,0.16128750800973
"1258001","1268000",1263000.5,"Fst",0.930723999131963,0,0.0699678850131222,0.160797684913394
"1259001","1269000",1264000.5,"Fst",0.943575366609929,0,0.0718515352849752,0.164903602720393
"1260001","1270000",1265000.5,"Fst",0.944965471454812,0,0.0720456131537719,0.165323425534902
"1261001","1271000",1266000.5,"Fst",0.946553520942753,0,0.0727343672485649,0.165989704970809
"1262001","1272000",1267000.5,"Fst",0.940178890198275,0,0.0718041080929699,0.164024675607371
"1263001","1273000",1268000.5,"Fst",0.898085836761343,0,0.0660391704878422,0.148703770237181
"1264001","1274000",1269000.5,"Fst",0.910131808581915,0,0.0684158641684082,0.153000712665647
"1265001","1275000",1270000.5,"Fst",0.916126652352912,0,0.0696539807706145,0.155054529115503
"1266001","1276000",1271000.5,"Fst",0.92646109610382,0,0.0718456093819566,0.158514044937103
"1267001","1277000",1272000.5,"Fst",0.928228112339168,0,0.0716528355065465,0.159752073171571
"1268001","1278000",1273000.5,"Fst",0.924747215767728,0,0.072344787665651,0.158582914050259
"1269001","1279000",1274000.5,"Fst",0.921359558085636,0,0.0720837179641577,0.157803812882564
"1270001","1280000",1275000.5,"Fst",0.915011208567188,0,0.070493192940158,0.156180885099013
"1271001","1281000",1276000.5,"Fst",0.917097670836185,0,0.0706567032661012,0.15664656254654
"1272001","1282000",1277000.5,"Fst",0.929152981683103,0,0.0707227906602873,0.160790715226765
"1273001","1283000",1278000.5,"Fst",0.955088378681731,0,0.0762126779320777,0.17050388990047
"1274001","1284000",1279000.5,"Fst",0.95691136856457,0,0.0764490370012328,0.170922470461
"1275001","1285000",1280000.5,"Fst",0.954432610017032,0,0.0765257529509308,0.170265499295766
"1276001","1286000",1281000.5,"Fst",0.956985219595405,0,0.077122566617161,0.171259942370424
"1277001","1287000",1282000.5,"Fst",0.959487288708321,0,0.0772600532839984,0.17192482773771
"1278001","1288000",1283000.5,"Fst",0.964210798141343,0,0.0780493564408653,0.173630168999447
"1279001","1289000",1284000.5,"Fst",0.964858408422513,0,0.0781372104385784,0.173734496945008
"1280001","1290000",1285000.5,"Fst",0.968183983035263,0,0.0784561247005845,0.174672935215469
"1281001","1291000",1286000.5,"Fst",0.97186318876301,0,0.0794069891204374,0.176143877832627
"1282001","1292000",1287000.5,"Fst",0.973106221031756,0,0.0794998283363112,0.176524470271475
"1283001","1293000",1288000.5,"Fst",0.971399464435013,0,0.0792646492253698,0.175879226698929
"1284001","1294000",1289000.5,"Fst",0.96963556054553,0,0.0785680645986659,0.175524807497069
"1285001","1295000",1290000.5,"Fst",0.976743737906284,0,0.0794498229869138,0.177762613204871
"1286001","1296000",1291000.5,"Fst",0.972355913092328,0,0.0775134068276664,0.175769351270121
"1287001","1297000",1292000.5,"Fst",0.988426102185335,0,0.0818709318547827,0.182326584123906
"1288001","1298000",1293000.5,"Fst",0,0,0,0
"1289001","1299000",1294000.5,"Fst",0,0,0,0
"1290001","1300000",1295000.5,"Fst",0.984949430375194,0,0.0726787021745309,0.149717453800871
"1291001","1301000",1296000.5,"Fst",0.983820109469365,0,0.0718676067942733,0.159839420420927
"1292001","1302000",1297000.5,"Fst",0.973431731517243,0,0.0684286907689195,0.156256610370539
"1293001","1303000",1298000.5,"Fst",0.969012168193746,0,0.0676452823968983,0.154849900384393
"1294001","1304000",1299000.5,"Fst",0.958235181162337,0,0.066116384973539,0.15113574541347
"1295001","1305000",1300000.5,"Fst",0.95455344406662,0,0.066167741381822,0.150038623263145
"1296001","1306000",1301000.5,"Fst",0.953941686159543,0,0.0663041502194825,0.149755977701478
"1297001","1307000",1302000.5,"Fst",0.950930998582818,0,0.0670839599169209,0.148864443542636
"1298001","1308000",1303000.5,"Fst",0.944917696181623,0,0.0664239384462804,0.146926792033478
"1299001","1309000",1304000.5,"Fst",0.942547676345196,0,0.065962166920437,0.146124455106351
"1300001","1310000",1305000.5,"Fst",0.886527784845617,0,0.0664627062534457,0.150746913557298
"1301001","1311000",1306000.5,"Fst",0.796212747319435,0,0.0598087506106664,0.135497431085284
"1302001","1312000",1307000.5,"Fst",0.796774239785799,0,0.0604864906496354,0.136961160491749
"1303001","1313000",1308000.5,"Fst",0.80118370044245,0,0.0597362378688911,0.136704148660124
"1304001","1314000",1309000.5,"Fst",0.792943484149482,0,0.0595257328954927,0.129616333240472
"1305001","1315000",1310000.5,"Fst",0.78377215573398,0,0.0580062087376952,0.12556616877723
"1306001","1316000",1311000.5,"Fst",0.785482920330308,0,0.0575920948962222,0.127771171418515
"1307001","1317000",1312000.5,"Fst",0.769258927476658,0,0.0559190856339373,0.128155356905014
"1308001","1318000",1313000.5,"Fst",0.778130959012459,0,0.0565930945223458,0.126675662048538
"1309001","1319000",1314000.5,"Fst",0.797708853949458,0,0.0581219473428507,0.132968469542691
"1310001","1320000",1315000.5,"Fst",0.818985886744751,0,0.0633957485732986,0.142129574600156
"1311001","1321000",1316000.5,"Fst",0.826509273564943,0,0.0639651633957387,0.144844005742212
"1312001","1322000",1317000.5,"Fst",0.835874267360022,0,0.0650551353925029,0.14634096000517
"1313001","1323000",1318000.5,"Fst",0.837173277331168,0,0.0657284801224077,0.146382867136354
"1314001","1324000",1319000.5,"Fst",0.840071314583351,0,0.0660382882724464,0.146846858281419
"1315001","1325000",1320000.5,"Fst",0.843614311249634,0,0.0667974430616536,0.148109392469619
"1316001","1326000",1321000.5,"Fst",0.842509226483553,0,0.0665726000601969,0.147659207764846
"1317001","1327000",1322000.5,"Fst",0.840814073330064,0,0.066270253735791,0.147022467712733
"1318001","1328000",1323000.5,"Fst",0.84665117151457,0,0.0670075794347859,0.148314828297156
"1319001","1329000",1324000.5,"Fst",0.844108677459305,0,0.0664579344895559,0.147036065005992
"1320001","1330000",1325000.5,"Fst",0.836245740921755,0,0.0643560844105263,0.145015244261455
"1321001","1331000",1326000.5,"Fst",0.840059782608696,0,0.066990227538787,0.146113946538171
"1322001","1332000",1327000.5,"Fst",0.833624418181711,0,0.0661084411499464,0.144700601983131
"1323001","1333000",1328000.5,"Fst",0,0,0,0
"1324001","1334000",1329000.5,"Fst",0,0,0,0
"1325001","1335000",1330000.5,"Fst",0,0,0,0
"1326001","1336000",1331000.5,"Fst",0,0,0,0
"1327001","1337000",1332000.5,"Fst",0,0,0,0
"1328001","1338000",1333000.5,"Fst",0.790770105046939,0,0.0601267756875043,0.132043413260177
"1329001","1339000",1334000.5,"Fst",0.803526344298873,0,0.0613245948136455,0.134399378038411
"1330001","1340000",1335000.5,"Fst",0.805092823967945,0,0.0622376976473049,0.136645945082828
"1331001","1341000",1336000.5,"Fst",0.809272637113667,0,0.0628104675611224,0.137928817549732
"1332001","1342000",1337000.5,"Fst",0.821295163286927,0,0.0639181127425505,0.141709405686005
"1333001","1343000",1338000.5,"Fst",0.822841308681043,0,0.0631647562178965,0.142725546518272
"1334001","1344000",1339000.5,"Fst",0.82466265606971,0,0.0623571754758342,0.142920994828581
"1335001","1345000",1340000.5,"Fst",0.820264765702513,0,0.060805170622799,0.141788878649945
"1336001","1346000",1341000.5,"Fst",0.818535602667267,0,0.0602729649092831,0.14182809749969
"1337001","1347000",1342000.5,"Fst",0.813849103711104,0,0.0591492319405288,0.142556326363882
"1338001","1348000",1343000.5,"Fst",0.807004427156608,0,0.0574725277871557,0.143082061364831
"1339001","1349000",1344000.5,"Fst",0.785744609782994,0,0.0551326700738229,0.142036600482292
"1340001","1350000",1345000.5,"Fst",0.757889750445908,0,0.0520081137202952,0.134211672141614
"1341001","1351000",1346000.5,"Fst",0.726942019706868,0,0.05274543739269,0.130927530636337
"1342001","1352000",1347000.5,"Fst",0.665043702069608,0,0.0499749177033487,0.123375348306836
"1343001","1353000",1348000.5,"Fst",0.624006722865679,0,0.052224685773702,0.120403290692199
"1344001","1354000",1349000.5,"Fst",0.573923564972495,0,0.0529478403424941,0.118347135998855
"1345001","1355000",1350000.5,"Fst",0.511604670636886,0,0.0515204173351825,0.109122624590735
"1346001","1356000",1351000.5,"Fst",0.501509434551882,0,0.0522837433631781,0.108149329045767
"1347001","1357000",1352000.5,"Fst",0.440974738107787,0,0.0565312123258293,0.101783620377757
"1348001","1358000",1353000.5,"Fst",0.417394165289094,0,0.048005695683498,0.0946115058624178
"1349001","1359000",1354000.5,"Fst",0.419636098102413,0,0.04698452819808,0.0979177049074307
"1350001","1360000",1355000.5,"Fst",0.332969291262221,0,0.0370663423683145,0.0792508901805328
"1351001","1361000",1356000.5,"Fst",0.275485787318643,0,0.0278380727621083,0.0794224580292882
"1352001","1362000",1357000.5,"Fst",0.258853798647706,0,0.0289520507889609,0.086414626055118
"1353001","1363000",1358000.5,"Fst",0.256823821007443,0,0.0259009934179383,0.0784380094375858
"1354001","1364000",1359000.5,"Fst",0.248892176275853,0,0.0257699830711393,0.0740166873719434
"1355001","1365000",1360000.5,"Fst",0.140547634954878,0,0.0246222190664544,0.067505839583951
"1356001","1366000",1361000.5,"Fst",0.141157495445087,0,0.0248681340824829,0.0676809610495733
"1357001","1367000",1362000.5,"Fst",0.141809299022274,0,0.0248547576495139,0.070372544522239
"1358001","1368000",1363000.5,"Fst",0.155575637800934,0,0.0232187534096912,0.0390836681371549
"1359001","1369000",1364000.5,"Fst",0.156786527991089,0,0.0233298656041115,0.0411901163209151
"1360001","1370000",1365000.5,"Fst",0.111909647967733,0,0.0202693042546595,0.0328000179265683
"1361001","1371000",1366000.5,"Fst",0.109293365192389,0,0.0185031536933527,0.0301359479073466
"1362001","1372000",1367000.5,"Fst",0.0858958322909891,0,0.0199926718937439,0.0401753481175866
"1363001","1373000",1368000.5,"Fst",0.0452788210219581,0,0.0205906826586631,0.041034021174139
"1364001","1374000",1369000.5,"Fst",0.049512791575986,0,0.022771662830131,0.0447172492185278
"1365001","1375000",1370000.5,"Fst",0.0459462144419418,0,0.0205543814295374,0.0401220442410374
"1366001","1376000",1371000.5,"Fst",0.055917897510575,0,0.0260851777724358,0.0453836205895309
"1367001","1377000",1372000.5,"Fst",0.0613922149887622,0,0.0271359253492511,0.0492681743443221
"1368001","1378000",1373000.5,"Fst",0.0641865702735266,0,0.0263164624638902,0.0498798032922915
"1369001","1379000",1374000.5,"Fst",0.0713482559862432,0,0.0203157612003728,0.0384768661547449
"1370001","1380000",1375000.5,"Fst",0.0905867847108525,0,0.0347040293395693,0.0678198516646484
"1371001","1381000",1376000.5,"Fst",0.0952885687807697,0,0.0389790102367211,0.0727483698474422
"1372001","1382000",1377000.5,"Fst",0.0964072307955735,0,0.0377537187171496,0.0725681373543522
"1373001","1383000",1378000.5,"Fst",0.0955732105111505,0,0.0380068433871542,0.0723378602086322
"1374001","1384000",1379000.5,"Fst",0.115789852501915,0,0.0334338112806636,0.0629794261351867
"1375001","1385000",1380000.5,"Fst",0.113236339604882,0,0.0299917974095865,0.0600403011750529
"1376001","1386000",1381000.5,"Fst",0.123953349282297,0,0.0296519323825807,0.0592574895278603
"1377001","1387000",1382000.5,"Fst",0.201275098878379,0,0.0307499994496791,0.0560087008196988
"1378001","1388000",1383000.5,"Fst",0.204920213673173,0,0.0303228429247389,0.0539451613256883
"1379001","1389000",1384000.5,"Fst",0.206145706771658,0,0.0300931842048252,0.0506275572533885
"1380001","1390000",1385000.5,"Fst",0.238153750136578,0,0.030957936642398,0.0690074329054714
"1381001","1391000",1386000.5,"Fst",0.223046835410966,0,0.0275621282619247,0.063350315364362
"1382001","1392000",1387000.5,"Fst",0.231675934277353,0,0.0291829462367493,0.0679903822736746
"1383001","1393000",1388000.5,"Fst",0.232334255443352,0,0.0295246384775063,0.068364072691516
"1384001","1394000",1389000.5,"Fst",0.265697560992379,0,0.0318087574041554,0.0706068141781495
"1385001","1395000",1390000.5,"Fst",0.317410977769034,0,0.0368594859454348,0.087393290907721
"1386001","1396000",1391000.5,"Fst",0.376410561967745,0,0.0475937930463059,0.124039091206041
"1387001","1397000",1392000.5,"Fst",0.374567482710036,0,0.0506311766532103,0.14612100431459
"1388001","1398000",1393000.5,"Fst",0.389421375713472,0,0.0531679723889463,0.150454355431363
"1389001","1399000",1394000.5,"Fst",0.386263928935797,0,0.0533735594606586,0.148498314950677
"1390001","1400000",1395000.5,"Fst",0.386263928935797,0,0.0533735594606586,0.148498314950677
"1391001","1401000",1396000.5,"Fst",0.410866273794839,0,0.0572457404560408,0.160353830566597
"1392001","1402000",1397000.5,"Fst",0.412621633750148,0,0.0575793829795295,0.161140843231954
"1393001","1403000",1398000.5,"Fst",0.418448239280269,0,0.0585454851727801,0.163543652180066
"1394001","1404000",1399000.5,"Fst",0.40618775619918,0,0.0632213362356353,0.162293621659375
"1395001","1405000",1400000.5,"Fst",0.319006008000867,0,0.0471377132825369,0.124023584597128
"1396001","1406000",1401000.5,"Fst",0.241841439857532,0,0.0368214394502365,0.0929870655739968
"1397001","1407000",1402000.5,"Fst",0.237518807555361,0,0.037803734831826,0.0963727148258241
"1398001","1408000",1403000.5,"Fst",0.218692609986535,0,0.0332345176198144,0.0783170956289508
"1399001","1409000",1404000.5,"Fst",0.206742891239587,0,0.0322196547046902,0.0737370552648522
"1400001","1410000",1405000.5,"Fst",0.233378599179012,0,0.0342353960270196,0.0671179882082427
"1401001","1411000",1406000.5,"Fst",0.232090696903908,0,0.0339425633610963,0.0669049644736198
"1402001","1412000",1407000.5,"Fst",0.237843222045868,0,0.0349954205463792,0.0664335371545737
"1403001","1413000",1408000.5,"Fst",0.239782103390293,0,0.0349712388409483,0.0693537761866126
"1404001","1414000",1409000.5,"Fst",0.239664907147416,0,0.0347401261898647,0.0691190140587526
"1405001","1415000",1410000.5,"Fst",0.252632248878631,0,0.0372461020573711,0.0742448317917886
"1406001","1416000",1411000.5,"Fst",0.244053420539171,0,0.0356207187474733,0.0698505923970352
"1407001","1417000",1412000.5,"Fst",0.243996993183796,0,0.0349186000371573,0.0666916604766109
"1408001","1418000",1413000.5,"Fst",0.266820703658475,0,0.0375233019507229,0.0881150705947711
"1409001","1419000",1414000.5,"Fst",0.302917428534705,0,0.0433806493038818,0.101439125471991
"1410001","1420000",1415000.5,"Fst",0.258406414193369,0,0.0358093037918763,0.100558230148175
"1411001","1421000",1416000.5,"Fst",0.266291355823946,0,0.036979894658244,0.10384290857448
"1412001","1422000",1417000.5,"Fst",0.249598220788162,0,0.0372744930132713,0.11029745960323
"1413001","1423000",1418000.5,"Fst",0.244608600186927,0,0.0331803106201025,0.0937325953406701
"1414001","1424000",1419000.5,"Fst",0.249220032198773,0,0.0359581365337995,0.0949002907708862
"1415001","1425000",1420000.5,"Fst",0.226809625875382,0,0.0372514333325757,0.0998667532262577
"1416001","1426000",1421000.5,"Fst",0.230106509611243,0,0.0366692410780467,0.09917078583678
"1417001","1427000",1422000.5,"Fst",0.229484315023947,0,0.034622118543779,0.0875319539162747
"1418001","1428000",1423000.5,"Fst",0.233602672792537,0,0.0336383154830155,0.0713826041661221
"1419001","1429000",1424000.5,"Fst",0.247748765723254,0,0.0335933837837681,0.0847831306217683
"1420001","1430000",1425000.5,"Fst",0.27999173185324,0,0.039541685480281,0.105598574679602
"1421001","1431000",1426000.5,"Fst",0.298184164910433,0,0.0421494239639642,0.116660286457562
"1422001","1432000",1427000.5,"Fst",0.310681519666637,0,0.0438813357300461,0.122809349078809
"1423001","1433000",1428000.5,"Fst",0.299149463423869,0,0.0414835080764565,0.116388205525081
"1424001","1434000",1429000.5,"Fst",0.314139614309664,0,0.0458064587209851,0.120614021331787
"1425001","1435000",1430000.5,"Fst",0.307261241336818,0,0.0443803165029248,0.113797581689961
"1426001","1436000",1431000.5,"Fst",0.300983540535916,0,0.0406481631109138,0.10487962547571
"1427001","1437000",1432000.5,"Fst",0.290545732901974,0,0.0430857029305245,0.108485387494667
"1428001","1438000",1433000.5,"Fst",0.314289215582703,0,0.0351995108146207,0.0855861660723177
"1429001","1439000",1434000.5,"Fst",0.292335063702661,0,0.0351155866449014,0.0674757049939414
"1430001","1440000",1435000.5,"Fst",0.278141805564083,0,0.0304091037702812,0.0682720261356823
"1431001","1441000",1436000.5,"Fst",0.318377395410809,0,0.0283997253302328,0.0712750467632163
"1432001","1442000",1437000.5,"Fst",0.306428595370717,0,0.0262132652132993,0.0684160866024749
"1433001","1443000",1438000.5,"Fst",0.31012787208663,0,0.0268181090842416,0.0698215900384345
"1434001","1444000",1439000.5,"Fst",0.364640726530561,0,0.0277148614216931,0.0657387531969538
"1435001","1445000",1440000.5,"Fst",0.361833226043791,0,0.0268163118376549,0.0648955027272752
"1436001","1446000",1441000.5,"Fst",0.389091292588537,0,0.0276714125544675,0.0537134591824564
"1437001","1447000",1442000.5,"Fst",0.380850449142032,0,0.0269160961751435,0.0520757775386034
"1438001","1448000",1443000.5,"Fst",0.411671976729114,0,0.0256323961666421,0.0588257320452333
"1439001","1449000",1444000.5,"Fst",0.443799188866958,0,0.0293500918879361,0.0656939508320636
"1440001","1450000",1445000.5,"Fst",0.441843376164536,0,0.0301085656819116,0.0658546536206109
"1441001","1451000",1446000.5,"Fst",0.382485463328942,0,0.0312804722367035,0.0718773628363624
"1442001","1452000",1447000.5,"Fst",0.380768473229112,0,0.0347876194557162,0.0762136630113218
"1443001","1453000",1448000.5,"Fst",0.370334141808934,0,0.038679432800097,0.0869350734573724
"1444001","1454000",1449000.5,"Fst",0.2786702289117,0,0.042027833819699,0.0951983168838845
"1445001","1455000",1450000.5,"Fst",0.280033232848269,0,0.0417380970236847,0.0919090413598709
"1446001","1456000",1451000.5,"Fst",0.259455499133328,0,0.043187059923007,0.0940063642277493
"1447001","1457000",1452000.5,"Fst",0.239571439206539,0,0.0351038270039271,0.0828066816724028
"1448001","1458000",1453000.5,"Fst",0.150119828304115,0,0.0368154807682247,0.0790614861829078
"1449001","1459000",1454000.5,"Fst",0.140332012222943,0,0.0355236973280219,0.0779384641380885
"1450001","1460000",1455000.5,"Fst",0.123263686835356,0,0.0344843683091789,0.0712383036574312
"1451001","1461000",1456000.5,"Fst",0.0947556227415923,0,0.0332591754855091,0.0644241083375295
"1452001","1462000",1457000.5,"Fst",0.107620378172111,0,0.0309428711794091,0.0564875076533409
"1453001","1463000",1458000.5,"Fst",0.108449037445038,0,0.0319823661332048,0.0566127961976102
"1454001","1464000",1459000.5,"Fst",0.127828267017767,0,0.0287440252542254,0.0540523621374684
"1455001","1465000",1460000.5,"Fst",0.129430062150013,0,0.029763783778902,0.0556598643608305
"1456001","1466000",1461000.5,"Fst",0.120705381574947,0,0.0301996427367376,0.0536764871371095
"1457001","1467000",1462000.5,"Fst",0.15205210220047,0,0.0293257451719931,0.0617078359669074
"1458001","1468000",1463000.5,"Fst",0.1673195256917,0,0.0301640187967529,0.0666223165887271
"1459001","1469000",1464000.5,"Fst",0.189328396613567,0,0.0319326372032449,0.072526223807424
"1460001","1470000",1465000.5,"Fst",0.230835685542588,0,0.0343617913060827,0.0841347969007544
"1461001","1471000",1466000.5,"Fst",0.272015065023353,0,0.0336808079944771,0.0926920895555262
"1462001","1472000",1467000.5,"Fst",0.277839691676867,0,0.0342697469395287,0.0946249862136099
"1463001","1473000",1468000.5,"Fst",0.273344652152154,0,0.0324704049637251,0.0903926168108428
"1464001","1474000",1469000.5,"Fst",0.343850959810549,0,0.0383959391793136,0.0978401297313476
"1465001","1475000",1470000.5,"Fst",0.319516561890656,0,0.0352965850577131,0.0875717510618038
"1466001","1476000",1471000.5,"Fst",0.353126522575195,0,0.0332074520415133,0.0743674661560972
"1467001","1477000",1472000.5,"Fst",0.370786891184671,0,0.034958147138157,0.0661458333333332
"1468001","1478000",1473000.5,"Fst",0.383906300982233,0,0.034802483265929,0.0810184815707473
"1469001","1479000",1474000.5,"Fst",0.386608813391489,0,0.0358926497600451,0.08858906847675
"1470001","1480000",1475000.5,"Fst",0.378469872800865,0,0.0389799073651826,0.0862760472560163
"1471001","1481000",1476000.5,"Fst",0.381148772942083,0,0.0400722109211689,0.0863467403879863
"1472001","1482000",1477000.5,"Fst",0.381905142973735,0,0.0419054304759406,0.0912986946544569
"1473001","1483000",1478000.5,"Fst",0.365912665992,0,0.040809116783404,0.0876795462556015
"1474001","1484000",1479000.5,"Fst",0.335744875906327,0,0.0381762145480118,0.084007834057935
"1475001","1485000",1480000.5,"Fst",0.350971323158745,0,0.039989428606725,0.0907352933182947
"1476001","1486000",1481000.5,"Fst",0.325775143611458,0,0.0360036986859127,0.0871003147071948
"1477001","1487000",1482000.5,"Fst",0.306883639393518,0,0.0348741705832357,0.0855770338779097
"1478001","1488000",1483000.5,"Fst",0.27316837022379,0,0.0346054943818854,0.0819222032075151
"1479001","1489000",1484000.5,"Fst",0.258241867729545,0,0.0309507903686046,0.0772884473840257
"1480001","1490000",1485000.5,"Fst",0.199836832469244,0,0.0330705694849062,0.0640269781905282
"1481001","1491000",1486000.5,"Fst",0.141851994865426,0,0.0379215073937803,0.0677921360634833
"1482001","1492000",1487000.5,"Fst",0.141851994865426,0,0.0379215073937803,0.0677921360634833
"1483001","1493000",1488000.5,"Fst",0.105955231982629,0,0.035506423754182,0.0559593329593685
"1484001","1494000",1489000.5,"Fst",0.0884079985018414,0,0.0410249708618875,0.0620175577678935
"1485001","1495000",1490000.5,"Fst",0.0824351532986599,0,0.0391668356432482,0.0571935226734752
"1486001","1496000",1491000.5,"Fst",0.0907485596380815,0,0.0366195013403408,0.0605183066266413
"1487001","1497000",1492000.5,"Fst",0.0920228744428558,0,0.0377183957001016,0.0637901583467211
"1488001","1498000",1493000.5,"Fst",0.0947593860860113,0,0.0341226905615922,0.0577134208503898
"1489001","1499000",1494000.5,"Fst",0.0720679731760788,0,0.0338245164244326,0.0518967555671668
"1490001","1500000",1495000.5,"Fst",0.0471842402640344,0,0.0325466653929325,0.0569353409102608
"1491001","1501000",1496000.5,"Fst",0.0462638162555845,0,0.0306239297180928,0.0538185391125701
"1492001","1502000",1497000.5,"Fst",0.0462638162555845,0,0.0306239297180928,0.0538185391125701
"1493001","1503000",1498000.5,"Fst",0.0457352797062378,0,0.0302989235912954,0.053252914931378
"1494001","1504000",1499000.5,"Fst",0.115026631221031,0,0.0259196454522055,0.0525082359935032
"1495001","1505000",1500000.5,"Fst",0.157938910867836,0,0.0270093126079197,0.063066765545706
"1496001","1506000",1501000.5,"Fst",0.18408724930464,0,0.0336209444038312,0.0743123825786401
"1497001","1507000",1502000.5,"Fst",0.215393592304532,0,0.0386715385112056,0.0859862966301791
"1498001","1508000",1503000.5,"Fst",0.219949864925564,0,0.0411044211662926,0.0889270150086122
"1499001","1509000",1504000.5,"Fst",0.227517743095288,0,0.0433989221410758,0.0885454885816528
"1500001","1510000",1505000.5,"Fst",0.221907997760466,0,0.0403765823399376,0.0876252320231206
"1501001","1511000",1506000.5,"Fst",0.220329522433309,0,0.0434183359505933,0.086746873574556
"1502001","1512000",1507000.5,"Fst",0.211125652945707,0,0.0412813452839838,0.0821535055220352
"1503001","1513000",1508000.5,"Fst",0.212161338749741,0,0.0415689854104431,0.0826837769460127
"1504001","1514000",1509000.5,"Fst",0.195941185770751,0,0.0386692401132307,0.0720906201409028
"1505001","1515000",1510000.5,"Fst",0.182237504193224,0,0.0360908067654174,0.0730849667966641
"1506001","1516000",1511000.5,"Fst",0.159636242362542,0,0.0357139426766449,0.0838480731797512
"1507001","1517000",1512000.5,"Fst",0.0679226134564099,0,0.0362860382016412,0.128207978550428
"1508001","1518000",1513000.5,"Fst",0.0652618036659194,0,0.0340301986997686,0.116949756611694
"1509001","1519000",1514000.5,"Fst",0.0654050439743542,0,0.03465727869893,0.1215291326293
"1510001","1520000",1515000.5,"Fst",0.0745278022947925,0,0.0222812415464053,0.0617418036699701
"1511001","1521000",1516000.5,"Fst",0.0391940355165146,0,0.0172267081275052,0.039245453274532
"1512001","1522000",1517000.5,"Fst",0.0410408165550424,0,0.0211929761182361,0.0388984361574153
"1513001","1523000",1518000.5,"Fst",0.0338922084444143,0,0.0184584987852465,0.0341105670940755
"1514001","1524000",1519000.5,"Fst",0.0327128511911119,0,0.0177973781710266,0.0330795724616498
"1515001","1525000",1520000.5,"Fst",0.0264028986134489,0,0.0215354639772993,0.0425617821985235
"1516001","1526000",1521000.5,"Fst",0.0333948897384393,0,0.0258145765626924,0.0483224971914578
"1517001","1527000",1522000.5,"Fst",0.032867306606437,0,0.0253809124030459,0.0474429067988945
"1518001","1528000",1523000.5,"Fst",0.0330195881777895,0,0.0275170631706416,0.0483621015712471
"1519001","1529000",1524000.5,"Fst",0.049369610271322,0,0.0247113908237935,0.0473629346176684
"1520001","1530000",1525000.5,"Fst",0.0446439073187983,0,0.0252264379766016,0.0515251350177875
"1521001","1531000",1526000.5,"Fst",0.0466948344009813,0,0.0293991664151373,0.0592946565285867
"1522001","1532000",1527000.5,"Fst",0.0480029503964594,0,0.0323026580002507,0.0662034766152844
"1523001","1533000",1528000.5,"Fst",0.0526015784858229,0,0.0313566353781309,0.0662684655640692
"1524001","1534000",1529000.5,"Fst",0.0520994700366897,0,0.0297250602958622,0.0652903618121009
"1525001","1535000",1530000.5,"Fst",0.0816018898700714,0,0.0286951360732906,0.0605091121904505
"1526001","1536000",1531000.5,"Fst",0.0894709271870089,0,0.0263479191661083,0.0577245453534271
"1527001","1537000",1532000.5,"Fst",0.0877498052140677,0,0.0249920802055103,0.058642514985734
"1528001","1538000",1533000.5,"Fst",0.0877498052140677,0,0.0249920802055103,0.058642514985734
"1529001","1539000",1534000.5,"Fst",0.0749869277235793,0,0.0275113053215978,0.0660494971271376
"1530001","1540000",1535000.5,"Fst",0.0729455912374595,0,0.0251982832746556,0.0648122796543289
"1531001","1541000",1536000.5,"Fst",0.0720650162272349,0,0.025230280840441,0.0630041813247235
"1532001","1542000",1537000.5,"Fst",0.0730413034416514,0,0.0254836044410561,0.06374199691531
"1533001","1543000",1538000.5,"Fst",0.0666900042605931,0,0.0250249830624339,0.0583041392876036
"1534001","1544000",1539000.5,"Fst",0.0678875356813231,0,0.0239214569439427,0.054999781647177
"1535001","1545000",1540000.5,"Fst",0.0462607221500503,0,0.0173042127643786,0.0314748747574928
"1536001","1546000",1541000.5,"Fst",0.0486930496592332,0,0.0183794095360658,0.0341490281572243
"1537001","1547000",1542000.5,"Fst",0.0348670157300652,0,0.0152026052661032,0.0272349398504225
"1538001","1548000",1543000.5,"Fst",0.0326425748164879,0,0.0146860071919355,0.0265893601871631
"1539001","1549000",1544000.5,"Fst",0.0329068131573658,0,0.0145526581511682,0.027014652014652
"1540001","1550000",1545000.5,"Fst",0.0315516380588522,0,0.0157117153823717,0.0311024606822374
"1541001","1551000",1546000.5,"Fst",0.0309179761746641,0,0.0146038323692736,0.0282438598749805
"1542001","1552000",1547000.5,"Fst",0.0309179761746641,0,0.0146033034203111,0.0282438598749805
"1543001","1553000",1548000.5,"Fst",0.044383995574391,0,0.0239842235764314,0.0394727846459608
"1544001","1554000",1549000.5,"Fst",0.0671478235813658,0,0.0339836747847281,0.0800494719817335
"1545001","1555000",1550000.5,"Fst",0.0574430163671051,0,0.0333725978788196,0.0950222801929891
"1546001","1556000",1551000.5,"Fst",0.0564341840717729,0,0.034465453070754,0.0983356609001415
"1547001","1557000",1552000.5,"Fst",0.0539560046143442,0,0.0375112334339186,0.0998995828320468
"1548001","1558000",1553000.5,"Fst",0.115180317573691,0,0.0409051765809314,0.0894989398597302
"1549001","1559000",1554000.5,"Fst",0.0935413575341049,0,0.0352174916865619,0.0775451692771227
"1550001","1560000",1555000.5,"Fst",0.0918410053904667,0,0.0320412771526619,0.0754971920037633
"1551001","1561000",1556000.5,"Fst",0.0970451323790669,0,0.0313697815596002,0.0713594433265049
"1552001","1562000",1557000.5,"Fst",0.0905143645861238,0,0.0291154426539381,0.0664741395136731
"1553001","1563000",1558000.5,"Fst",0.0849229477902778,0,0.0281790325617276,0.0627220882772348
"1554001","1564000",1559000.5,"Fst",0.0917318541416903,0,0.0269114601558063,0.0813736589131187
"1555001","1565000",1560000.5,"Fst",0.0937805366131251,0,0.0279643546327499,0.0818406996365973
"1556001","1566000",1561000.5,"Fst",0.093718351955085,0,0.0278817933379681,0.0812980719398092
"1557001","1567000",1562000.5,"Fst",0.0941100965026834,0,0.0273229263341325,0.0810991607075221
"1558001","1568000",1563000.5,"Fst",0.063921909021867,0,0.0294750901892396,0.0717704285059002
"1559001","1569000",1564000.5,"Fst",0.0822636275363592,0,0.0289571852027794,0.0805747646254922
"1560001","1570000",1565000.5,"Fst",0.0875742433441028,0,0.0304433497110099,0.0856419537411973
"1561001","1571000",1566000.5,"Fst",0.0972944763559856,0,0.031038014144357,0.0899856952707715
"1562001","1572000",1567000.5,"Fst",0.109150131531984,0,0.0297801297145406,0.089621106611529
"1563001","1573000",1568000.5,"Fst",0.138482526222178,0,0.0290526764688219,0.0743291743434238
"1564001","1574000",1569000.5,"Fst",0.137147296031438,0,0.0195335192816602,0.0518844101642983
"1565001","1575000",1570000.5,"Fst",0.136147164863208,0,0.0199344438801965,0.0528804758989506
"1566001","1576000",1571000.5,"Fst",0.105731151195033,0,0.0224438651775661,0.0479812861694225
"1567001","1577000",1572000.5,"Fst",0.112891043669111,0,0.0245946141522996,0.0528939267851638
"1568001","1578000",1573000.5,"Fst",0.111703412799336,0,0.0241158074217804,0.051856935865172
"1569001","1579000",1574000.5,"Fst",0.104487532084698,0,0.0200545336206106,0.0550663385921744
"1570001","1580000",1575000.5,"Fst",0.0934733510936826,0,0.0210435714237341,0.0584451439677955
"1571001","1581000",1576000.5,"Fst",0.0588256223150653,0,0.0242926478949399,0.0708570533826934
"1572001","1582000",1577000.5,"Fst",0.0532666166181244,0,0.0238056586811622,0.0953743397745267
"1573001","1583000",1578000.5,"Fst",0.026154356908853,0,0.0274523878955846,0.110139201344533
"1574001","1584000",1579000.5,"Fst",0.0222336976711454,0,0.0264930577246444,0.115300928039579
"1575001","1585000",1580000.5,"Fst",0.0267242554271453,0,0.0275706678665973,0.103859396703048
"1576001","1586000",1581000.5,"Fst",0.0321787492910049,0,0.029086954631085,0.109031334231806
"1577001","1587000",1582000.5,"Fst",0.0339175376909878,0,0.0325100596023789,0.113949798265
"1578001","1588000",1583000.5,"Fst",0.0503871206420284,0,0.0345482674975237,0.121854269409342
"1579001","1589000",1584000.5,"Fst",0.0849287774813804,0,0.0366096018703413,0.12862514136554
"1580001","1590000",1585000.5,"Fst",0.0849630166585024,0,0.0357499165879227,0.107752544277887
"1581001","1591000",1586000.5,"Fst",0.0842817592109928,0,0.0353321031803919,0.106583010616843
"1582001","1592000",1587000.5,"Fst",0.131408163899979,0,0.0326473397306466,0.0819224311940698
"1583001","1593000",1588000.5,"Fst",0.138652989696145,0,0.0305534876074473,0.0795064864225964
"1584001","1594000",1589000.5,"Fst",0.140556632026707,0,0.0308797319130418,0.0805502249605199
"1585001","1595000",1590000.5,"Fst",0.176538635714954,0,0.0326693387794889,0.0862337478461807
"1586001","1596000",1591000.5,"Fst",0.170587063619135,0,0.0311809175454868,0.0817517545580747
"1587001","1597000",1592000.5,"Fst",0.174385107559834,0,0.0277817050333452,0.0678441024919351
"1588001","1598000",1593000.5,"Fst",0.192960278220873,0,0.0238889099803235,0.0521380466109461
"1589001","1599000",1594000.5,"Fst",0.16230249531069,0,0.0219853022260485,0.0443420733147252
"1590001","1600000",1595000.5,"Fst",0.183366322252322,0,0.0215760906446081,0.0527181127176097
"1591001","1601000",1596000.5,"Fst",0.174583633357405,0,0.0220631524018199,0.0517023971597899
"1592001","1602000",1597000.5,"Fst",0.0958025745042376,0,0.0244860006115565,0.0439642060614559
"1593001","1603000",1598000.5,"Fst",0.0926762648864067,0,0.0233200755669348,0.0422782054196006
"1594001","1604000",1599000.5,"Fst",0.0894406921631186,0,0.022896511074943,0.0409933399627308
"1595001","1605000",1600000.5,"Fst",0.0455555762311689,0,0.0221931412859426,0.0369153491436101
"1596001","1606000",1601000.5,"Fst",0.0568768052259389,0,0.0218328482740559,0.0391540626402846
"1597001","1607000",1602000.5,"Fst",0.0589245416297132,0,0.0224094404273694,0.0413211733901389
"1598001","1608000",1603000.5,"Fst",0.0557884208097725,0,0.0223260154438708,0.0391208726514272
"1599001","1609000",1604000.5,"Fst",0.0518749352392984,0,0.0208086652502298,0.0433390424044628
"1600001","1610000",1605000.5,"Fst",0.0466912494447902,0,0.0203793162165349,0.0445761782394501
"1601001","1611000",1606000.5,"Fst",0.0411686797618527,0,0.0207530234681273,0.0426194736299267
"1602001","1612000",1607000.5,"Fst",0.0485512433475459,0,0.0199261297776783,0.0336893092438291
"1603001","1613000",1608000.5,"Fst",0.0494157187121911,0,0.019752102908936,0.0372435592979292
"1604001","1614000",1609000.5,"Fst",0.0518626712013971,0,0.0199985952036977,0.0381423907923301
"1605001","1615000",1610000.5,"Fst",0.0532640088977653,0,0.02039463354225,0.0425140866350273
"1606001","1616000",1611000.5,"Fst",0.040797819071993,0,0.0191752226115467,0.04567697042687
"1607001","1617000",1612000.5,"Fst",0.0400938232994528,0,0.0192059376274797,0.0465917893530464
"1608001","1618000",1613000.5,"Fst",0.0438980970038384,0,0.0206073816308577,0.0494434499271951
"1609001","1619000",1614000.5,"Fst",0.0435680741339107,0,0.0200779236720814,0.0506625332193392
"1610001","1620000",1615000.5,"Fst",0.0388277452182999,0,0.0182477455337205,0.0424852513220023
"1611001","1621000",1616000.5,"Fst",0.0398117328895362,0,0.0179444618854932,0.0419762545422029
"1612001","1622000",1617000.5,"Fst",0.0379987588069945,0,0.0168214754556358,0.0413589379336327
"1613001","1623000",1618000.5,"Fst",0.0361967714430587,0,0.0175555909136552,0.0428263911534159
"1614001","1624000",1619000.5,"Fst",0.0273422029783481,0,0.0130365415824814,0.0271777019953161
"1615001","1625000",1620000.5,"Fst",0.0258725279015133,0,0.0124546989786847,0.0194613978828319
"1616001","1626000",1621000.5,"Fst",0.0394047709355394,0,0.0142779323698217,0.0345612458820006
"1617001","1627000",1622000.5,"Fst",0.0380847329280088,0,0.0138863075270386,0.0334230301370727
"1618001","1628000",1623000.5,"Fst",0.0367270814403904,0,0.0143751525353963,0.0327374251362182
"1619001","1629000",1624000.5,"Fst",0.0372752680735954,0,0.0138516773580293,0.031219332679097
"1620001","1630000",1625000.5,"Fst",0.0344670622668674,0,0.0137545669460563,0.0282793939252802
"1621001","1631000",1626000.5,"Fst",0.0355031092271167,0,0.0141216120153966,0.0289381356308565
"1622001","1632000",1627000.5,"Fst",0.0337650675841891,0,0.0146747326884569,0.0298935846761934
"1623001","1633000",1628000.5,"Fst",0.0401893279623845,0,0.0138995143073574,0.0268133514717769
"1624001","1634000",1629000.5,"Fst",0.0367483778383961,0,0.0132714044681851,0.0270328386407139
"1625001","1635000",1630000.5,"Fst",0.0360356638782747,0,0.012273143438853,0.0269692319615593
"1626001","1636000",1631000.5,"Fst",0.0379475341544618,0,0.0135681726155466,0.0228817972485664
"1627001","1637000",1632000.5,"Fst",0.0397490399807739,0,0.0137128392115626,0.0224969212490077
"1628001","1638000",1633000.5,"Fst",0.0282666302995817,0,0.0258259933450414,0.0632872277131827
"1629001","1639000",1634000.5,"Fst",0.0285541780402057,0,0.0247057376799029,0.0605332527460035
"1630001","1640000",1635000.5,"Fst",0.029094445519939,0,0.0252823672651381,0.0607080337871141
"1631001","1641000",1636000.5,"Fst",0.0291597334942661,0,0.0246847971534664,0.0599307841647674
"1632001","1642000",1637000.5,"Fst",0.0307254901223379,0,0.0235423968899762,0.0598654385391222
"1633001","1643000",1638000.5,"Fst",0.0647201326023206,0,0.0223529865321415,0.0535273825465264
"1634001","1644000",1639000.5,"Fst",0.0665378350352585,0,0.0226229493516213,0.0545695903023071
"1635001","1645000",1640000.5,"Fst",0.0675174210889062,0,0.0233897966297599,0.0577469221565037
"1636001","1646000",1641000.5,"Fst",0.0628339579994828,0,0.0268239283216808,0.0646656232591454
"1637001","1647000",1642000.5,"Fst",0.0609046849757673,0,0.0245399771940261,0.0609607783520827
"1638001","1648000",1643000.5,"Fst",0.0937364017828185,0,0.0183155543532256,0.0376342642320088
"1639001","1649000",1644000.5,"Fst",0.103741364304176,0,0.0213479664349345,0.0445779942814782
"1640001","1650000",1645000.5,"Fst",0.126513951877726,0,0.0250827525612744,0.0514436770396683
"1641001","1651000",1646000.5,"Fst",0.121751268177353,0,0.0219464306405879,0.0576872853895634
"1642001","1652000",1647000.5,"Fst",0.118870592014051,0,0.0230438957630542,0.0561980321177645
"1643001","1653000",1648000.5,"Fst",0.0782658948365337,0,0.0234969071918296,0.0552121321086876
"1644001","1654000",1649000.5,"Fst",0.076759231911023,0,0.022850848530823,0.0534133606597376
"1645001","1655000",1650000.5,"Fst",0.0743654634093397,0,0.021822217562101,0.051968401193926
"1646001","1656000",1651000.5,"Fst",0.0756005575747716,0,0.0218971271283767,0.052712529310875
"1647001","1657000",1652000.5,"Fst",0.0859640872327163,0,0.0246329524894298,0.0668307923960098
"1648001","1658000",1653000.5,"Fst",0.0985099887099903,0,0.026895628291804,0.0671111497198454
"1649001","1659000",1654000.5,"Fst",0.113999391190563,0,0.0278835221268655,0.0668074808711829
"1650001","1660000",1655000.5,"Fst",0.0928139990022639,0,0.0236263238251707,0.0572869042361696
"1651001","1661000",1656000.5,"Fst",0.0813233549520627,0,0.020085809310452,0.0455793488609934
"1652001","1662000",1657000.5,"Fst",0.0825057421182037,0,0.0207773435687453,0.0465204395071847
"1653001","1663000",1658000.5,"Fst",0.0856150190854562,0,0.0210416470664753,0.0490099760008992
"1654001","1664000",1659000.5,"Fst",0.0821082436622876,0,0.0202940950489442,0.0457905407305454
"1655001","1665000",1660000.5,"Fst",0.079710165313163,0,0.0197653521763906,0.0429838344959949
"1656001","1666000",1661000.5,"Fst",0.0732245922734187,0,0.0191024092113157,0.0352886521076157
"1657001","1667000",1662000.5,"Fst",0.0710223702646732,0,0.0197301111034311,0.0374167050553219
"1658001","1668000",1663000.5,"Fst",0.053480992201436,0,0.0229486987958745,0.0493996627604496
"1659001","1669000",1664000.5,"Fst",0.0255308863451239,0,0.0185240421837802,0.0374661149833936
"1660001","1670000",1665000.5,"Fst",0.0414426325435555,0,0.0189827680891797,0.0362334265414003
"1661001","1671000",1666000.5,"Fst",0.0456226061819921,0,0.0227854583167105,0.04454443003974
"1662001","1672000",1667000.5,"Fst",0.110629970646529,0,0.0207086611499028,0.0467728173948332
"1663001","1673000",1668000.5,"Fst",0.133595043135253,0,0.0211073419422519,0.0516529408221245
"1664001","1674000",1669000.5,"Fst",0.130020007417894,0,0.0214078326921998,0.0502843895670286
"1665001","1675000",1670000.5,"Fst",0.13389187358493,0,0.0207339765018722,0.0502816359289493
"1666001","1676000",1671000.5,"Fst",0.147036921163742,0,0.0225119088738408,0.0539241891560431
"1667001","1677000",1672000.5,"Fst",0.146061379761328,0,0.0223216153481618,0.0534893804177961
"1668001","1678000",1673000.5,"Fst",0.159608579791184,0,0.0215161533381637,0.0487784717677973
"1669001","1679000",1674000.5,"Fst",0.156320905238397,0,0.0212595087019181,0.0488348521831214
"1670001","1680000",1675000.5,"Fst",0.166410031111098,0,0.0222121052933735,0.0576043598678286
"1671001","1681000",1676000.5,"Fst",0.165561154988924,0,0.0218200934755565,0.0569820936410802
"1672001","1682000",1677000.5,"Fst",0.114527193063088,0,0.0221753776578021,0.0610298548819387
"1673001","1683000",1678000.5,"Fst",0.0329099944781888,0,0.0327405965727191,0.0731324692243112
"1674001","1684000",1679000.5,"Fst",0.0312666222139966,0,0.0377440953509323,0.076627808075249
"1675001","1685000",1680000.5,"Fst",0.0301653762597018,0,0.0353580943371746,0.0729360065915958
"1676001","1686000",1681000.5,"Fst",0.0306854689538348,0,0.0358796977393869,0.0739865711977267
"1677001","1687000",1682000.5,"Fst",0.0339571558451116,0,0.0293274926816021,0.0532122943390009
"1678001","1688000",1683000.5,"Fst",0.0339564582129306,0,0.0305725858338631,0.0557114342743085
"1679001","1689000",1684000.5,"Fst",0.0287416671582797,0,0.0308460731721866,0.058081859001802
"1680001","1690000",1685000.5,"Fst",0.0280392692485658,0,0.0298874255900535,0.0560628156041938
"1681001","1691000",1686000.5,"Fst",0.0267947920465025,0,0.027808477687006,0.0445074595500531
"1682001","1692000",1687000.5,"Fst",0.0259963568732913,0,0.0291824709524957,0.0623147936819227
"1683001","1693000",1688000.5,"Fst",0.0251626107263748,0,0.0256486489161729,0.0617529981381258
"1684001","1694000",1689000.5,"Fst",0.0257492448409685,0,0.0259339044302782,0.066105282777206
"1685001","1695000",1690000.5,"Fst",0.0269586833793104,0,0.0238665426638727,0.0550924461340502
"1686001","1696000",1691000.5,"Fst",0.046164460664161,0,0.0268060315852133,0.0504856575643609
"1687001","1697000",1692000.5,"Fst",0.0485758043912976,0,0.0278313807658482,0.0512650680548798
"1688001","1698000",1693000.5,"Fst",0.0483014307815883,0,0.0276672226719927,0.0509727999570415
"1689001","1699000",1694000.5,"Fst",0.0468301128264557,0,0.0263300411885507,0.0527525590519418
"1690001","1700000",1695000.5,"Fst",0.079001165230445,0,0.0257515564789336,0.0595953220648023
"1691001","1701000",1696000.5,"Fst",0.0826188683084021,0,0.0255081647493777,0.0654616509569705
"1692001","1702000",1697000.5,"Fst",0.0909289712295618,0,0.0262396530188791,0.0731385005529127
"1693001","1703000",1698000.5,"Fst",0.109166623378872,0,0.025647328415685,0.0922355311264793
"1694001","1704000",1699000.5,"Fst",0.106298552129655,0,0.024994348454683,0.0898386415364574
"1695001","1705000",1700000.5,"Fst",0.120199606941397,0,0.0268626284257267,0.0953759647894009
"1696001","1706000",1701000.5,"Fst",0.120335951278628,0,0.0263289514632321,0.0924680269034499
"1697001","1707000",1702000.5,"Fst",0.119497929123024,0,0.0262140910128242,0.0955574921113317
"1698001","1708000",1703000.5,"Fst",0.118928184042871,0,0.025820407097544,0.0951450736935419
"1699001","1709000",1704000.5,"Fst",0.130626000264242,0,0.0301794047679099,0.110297136224006
"1700001","1710000",1705000.5,"Fst",0.0833848623064904,0,0.0203477530006431,0.0606492430648257
"1701001","1711000",1706000.5,"Fst",0.0912521828067516,0,0.0222041761208608,0.0633146940764286
"1702001","1712000",1707000.5,"Fst",0.0889474985576528,0,0.0219484497762733,0.0643170953193004
"1703001","1713000",1708000.5,"Fst",0.0290676908001833,0,0.0146741808427682,0.0394931906623345
"1704001","1714000",1709000.5,"Fst",0.0310665180230397,0,0.0156009131555713,0.0420770036913928
"1705001","1715000",1710000.5,"Fst",0.0172779109699993,0,0.0137443478243041,0.0220171535803112
"1706001","1716000",1711000.5,"Fst",0.0162127037903436,0,0.0142657578887673,0.0214538423749666
"1707001","1717000",1712000.5,"Fst",0.018927339170196,0,0.016668959444892,0.0250699796973295
"1708001","1718000",1713000.5,"Fst",0.0177962399583554,0,0.0173100782042392,0.0263672917669272
"1709001","1719000",1714000.5,"Fst",0.0184811811526291,0,0.0179509264129703,0.027218433740173
"1710001","1720000",1715000.5,"Fst",0.117395770527679,0,0.0347567679179043,0.0842663707684663
"1711001","1721000",1716000.5,"Fst",0.114496645041499,0,0.035114321932039,0.0834546531144681
"1712001","1722000",1717000.5,"Fst",0.163030460817496,0,0.0402471347961754,0.0823148553074589
"1713001","1723000",1718000.5,"Fst",0.226079712769476,0,0.0361019809145685,0.0757719720944519
"1714001","1724000",1719000.5,"Fst",0.209994012041803,0,0.0354696487228616,0.0686153596195176
"1715001","1725000",1720000.5,"Fst",0.216979628450489,0,0.0368525959730636,0.071069872753489
"1716001","1726000",1721000.5,"Fst",0.208170885543688,0,0.0353507857075287,0.068292533110314
"1717001","1727000",1722000.5,"Fst",0.197100112686255,0,0.0337007840356441,0.0644517533831725
"1718001","1728000",1723000.5,"Fst",0.198491895332928,0,0.0338931794922146,0.064941958447725
"1719001","1729000",1724000.5,"Fst",0.194368372942265,0,0.033436557579972,0.063134473647615
"1720001","1730000",1725000.5,"Fst",0.175322476409891,0,0.0333703717176248,0.0578683046392406
"1721001","1731000",1726000.5,"Fst",0.164695532729443,0,0.0338931403605632,0.0846294299274047
"1722001","1732000",1727000.5,"Fst",0.155587797768332,0,0.0380157921881061,0.098383091130712
"1723001","1733000",1728000.5,"Fst",0.0924984557316042,0,0.0366804626567528,0.110472498148289
"1724001","1734000",1729000.5,"Fst",0.0805687866810396,0,0.044556836058456,0.127443355628143
"1725001","1735000",1730000.5,"Fst",0.0794896544030826,0,0.044035466393278,0.125828662110625
"1726001","1736000",1731000.5,"Fst",0.0767820087978192,0,0.0478999525159289,0.135837356044513
"1727001","1737000",1732000.5,"Fst",0.0821235577945409,0,0.050478869132009,0.146172614758347
"1728001","1738000",1733000.5,"Fst",0.077332684215462,0,0.0456261526111408,0.133468323766695
"1729001","1739000",1734000.5,"Fst",0.0591789469069868,0,0.0423152179881224,0.131553404546077
"1730001","1740000",1735000.5,"Fst",0.0383563176484433,0,0.0377311082945086,0.129030359571722
"1731001","1741000",1736000.5,"Fst",0.00961855860514937,0,0.0382978431934313,0.122347826086956
"1732001","1742000",1737000.5,"Fst",0.00985810125240416,0,0.0390892621870883,0.124249381843871
"1733001","1743000",1738000.5,"Fst",0.00971663303201464,0,0.038294672267676,0.121712802768166
"1734001","1744000",1739000.5,"Fst",0.00974977046941061,0,0.038291522142454,0.121712802768166
"1735001","1745000",1740000.5,"Fst",0.00996114760695888,0,0.0389620807722973,0.123812038014783
"1736001","1746000",1741000.5,"Fst",0.0103748565599898,0,0.0405092838416745,0.128469685902118
"1737001","1747000",1742000.5,"Fst",0.0106145397148412,0,0.0412605547047702,0.130567928730512
"1738001","1748000",1743000.5,"Fst",0.00765714933905459,0,0.0464235181497046,0.155306088819313
"1739001","1749000",1744000.5,"Fst",0.164858284716799,0,0.0553983142344688,0.0885956825000508
"1740001","1750000",1745000.5,"Fst",0.164858284716799,0,0.0556296827819054,0.0885956825000508
"1741001","1751000",1746000.5,"Fst",0.211291837709259,0,0.0416974768898736,0.1043942042646
"1742001","1752000",1747000.5,"Fst",0.220519411236936,0,0.0473862948219002,0.112315086503383
"1743001","1753000",1748000.5,"Fst",0.225332233307117,0,0.0485183018545954,0.115185419996607
"1744001","1754000",1749000.5,"Fst",0.2224400478693,0,0.0478625963175967,0.113865166059804
"1745001","1755000",1750000.5,"Fst",0.212943907083049,0,0.0454699584148289,0.108111861040513
"1746001","1756000",1751000.5,"Fst",0.210365559235124,0,0.0449696775560967,0.106825382306228
"1747001","1757000",1752000.5,"Fst",0.206537360112639,0,0.0439499793522684,0.104966057271233
"1748001","1758000",1753000.5,"Fst",0.195303046581114,0,0.0402821167485354,0.0942575801711645
"1749001","1759000",1754000.5,"Fst",0.17469229530562,0,0.0319194658007009,0.0915660495111297
"1750001","1760000",1755000.5,"Fst",0.178895283726078,0,0.0327693193641497,0.0941171187834169
"1751001","1761000",1756000.5,"Fst",0.118270746817006,0,0.0328887490009288,0.0622207175563475
"1752001","1762000",1757000.5,"Fst",0.0343075310387274,0,0.0157438394273546,0.0353653409568654
"1753001","1763000",1758000.5,"Fst",0.0597439221485271,0,0.0339826121066161,0.101777759830021
"1754001","1764000",1759000.5,"Fst",0.0605073547970764,0,0.0330873804615326,0.101959243815649
"1755001","1765000",1760000.5,"Fst",0.0619913059688386,0,0.034245739693783,0.104859929537821
"1756001","1766000",1761000.5,"Fst",0.19622575419239,0,0.0392381562318955,0.105035033598776
"1757001","1767000",1762000.5,"Fst",0.197080055533333,0,0.0374732151723868,0.0987350342881715
"1758001","1768000",1763000.5,"Fst",0.217396084805316,0,0.0383319639532227,0.0888876805683939
"1759001","1769000",1764000.5,"Fst",0.228229904737619,0,0.0406323018398132,0.0922529177693582
"1760001","1770000",1765000.5,"Fst",0.226188647739965,0,0.0401691308547318,0.091349561859946
"1761001","1771000",1766000.5,"Fst",0.158438501192777,0,0.0427615878830913,0.0757854744118422
"1762001","1772000",1767000.5,"Fst",0.210025116634989,0,0.044740721479138,0.0749761591459768
"1763001","1773000",1768000.5,"Fst",0.229264899412533,0,0.0480123969732937,0.0877433023428353
"1764001","1774000",1769000.5,"Fst",0.229825595722356,0,0.0481829602852089,0.0880407175808686
"1765001","1775000",1770000.5,"Fst",0.230128534310638,0,0.0482581189436882,0.0881665966717902
"1766001","1776000",1771000.5,"Fst",0.225639053849807,0,0.0495497322643455,0.0888726063110731
"1767001","1777000",1772000.5,"Fst",0.226132081085849,0,0.04983549308635,0.0891393882756167
"1768001","1778000",1773000.5,"Fst",0.225617122380852,0,0.0499512133287309,0.0903021041538689
"1769001","1779000",1774000.5,"Fst",0.22577307169199,0,0.0499936705296285,0.0903695933890261
"1770001","1780000",1775000.5,"Fst",0.225929236740387,0,0.0500361999877511,0.0904371835787198
"1771001","1781000",1776000.5,"Fst",0.242772364122723,0,0.0492546807926636,0.0946445009970392
"1772001","1782000",1777000.5,"Fst",0.231028459361058,0,0.0557898700884567,0.10853931369427
"1773001","1783000",1778000.5,"Fst",0.227814255368865,0,0.0504251095676293,0.0976860376306795
"1774001","1784000",1779000.5,"Fst",0.224352908259155,0,0.0490937187548372,0.0954999120225919
"1775001","1785000",1780000.5,"Fst",0.224352908259155,0,0.0490937187548372,0.0954999120225919
"1776001","1786000",1781000.5,"Fst",0.218593377840042,0,0.0477390069267131,0.0927986971819958
"1777001","1787000",1782000.5,"Fst",0.21684908433266,0,0.0472645190737533,0.0920080799536083
"1778001","1788000",1783000.5,"Fst",0.212062708941877,0,0.0456890830118784,0.0892916345250957
"1779001","1789000",1784000.5,"Fst",0.212062708941877,0,0.0456890830118784,0.0892916345250957
"1780001","1790000",1785000.5,"Fst",0.20505855341165,0,0.0441194277573685,0.0861196668543411
"1781001","1791000",1786000.5,"Fst",0.196713062503278,0,0.0433202239564382,0.084420981759618
"1782001","1792000",1787000.5,"Fst",0.272856424658484,0,0.0409630201588071,0.091513911963869
"1783001","1793000",1788000.5,"Fst",0.00420047519964795,0,0.0205838041483563,0.0305541149517887
"1784001","1794000",1789000.5,"Fst",0.00309867594694591,0,0.0199974225008798,0.0300760752084627
"1785001","1795000",1790000.5,"Fst",0.00261623593797511,0,0.0169291694519981,0.0256391767261331
"1786001","1796000",1791000.5,"Fst",0.00277686701450675,0,0.018079169478363,0.0272176795371264
"1787001","1797000",1792000.5,"Fst",0.00286481361132718,0,0.0186887299769633,0.0280044144314961
"1788001","1798000",1793000.5,"Fst",0.00295851315185069,0,0.0191987978263515,0.028943993836314
"1789001","1799000",1794000.5,"Fst",0.00295851315185069,0,0.0191987978263515,0.028943993836314
"1790001","1800000",1795000.5,"Fst",0.0189273391701961,0,0.0213113149017927,0.0342834960070986
"1791001","1801000",1796000.5,"Fst",0.0247184584679203,0,0.0167037539394654,0.0308060838092848
"1792001","1802000",1797000.5,"Fst",0.0314479349542462,0,0.0156637289221338,0.0327841708750723
"1793001","1803000",1798000.5,"Fst",0.218698674015786,0,0.0494409771604907,0.167903567620102
"1794001","1804000",1799000.5,"Fst",0.215016435367294,0,0.0486871233989208,0.165034297010787
"1795001","1805000",1800000.5,"Fst",0.229213033343468,0,0.0521562187592317,0.176622270184307
"1796001","1806000",1801000.5,"Fst",0.229876137586506,0,0.0519983611305929,0.176622270184307
"1797001","1807000",1802000.5,"Fst",0.215807713858688,0,0.0463328095846936,0.166764596456567
"1798001","1808000",1803000.5,"Fst",0.202309779210682,0,0.0442140286815831,0.158829327469861
"1799001","1809000",1804000.5,"Fst",0.202309779210682,0,0.0442140286815831,0.158829327469861
"1800001","1810000",1805000.5,"Fst",0.497526175110975,0,0.0467658122774455,0.117494685317184
"1801001","1811000",1806000.5,"Fst",0.497819833811772,0,0.0481238732023891,0.102595311290964
"1802001","1812000",1807000.5,"Fst",0.495112384909635,0,0.047662220047694,0.101848134704787
"1803001","1813000",1808000.5,"Fst",0.553782329249151,0,0.0477628329893771,0.116753312050885
"1804001","1814000",1809000.5,"Fst",0.548913020535556,0,0.0476981721727591,0.114832161168945
"1805001","1815000",1810000.5,"Fst",0.524794751015088,0,0.0467523577733103,0.104154560644304
"1806001","1816000",1811000.5,"Fst",0.521682880403393,0,0.046445428580236,0.103365724372181
"1807001","1817000",1812000.5,"Fst",0.534753090419519,0,0.0498413696781958,0.107997793353801
"1808001","1818000",1813000.5,"Fst",0.548291529681209,0,0.0515004359840396,0.111223804907152
"1809001","1819000",1814000.5,"Fst",0.518552293228006,0,0.0478248866018081,0.103360724760235
"1810001","1820000",1815000.5,"Fst",0.472906702274929,0,0.0464372974004802,0.103661248602088
"1811001","1821000",1816000.5,"Fst",0.431953118561814,0,0.0414855427067824,0.0975926065268292
"1812001","1822000",1817000.5,"Fst",0.412353588012953,0,0.0389200909637806,0.0915365891784461
"1813001","1823000",1818000.5,"Fst",0.401951978556176,0,0.038563456441683,0.0893346722119081
"1814001","1824000",1819000.5,"Fst",0.412353588012953,0,0.0388565447576817,0.0913913698407756
"1815001","1825000",1820000.5,"Fst",0.400720644263288,0,0.0371795567228857,0.0838349309301091
"1816001","1826000",1821000.5,"Fst",0.390466844577766,0,0.0355250560338168,0.0803753356868073
"1817001","1827000",1822000.5,"Fst",0.324630376081086,0,0.0297405333285355,0.0680577175527068
"1818001","1828000",1823000.5,"Fst",0.314545140945215,0,0.0268369702619968,0.0627047892818643
"1819001","1829000",1824000.5,"Fst",0.310625017190359,0,0.0290504612996282,0.0729252655898124
"1820001","1830000",1825000.5,"Fst",0.13157835952867,0,0.0260589263908178,0.0525586582288287
"1821001","1831000",1826000.5,"Fst",0.133391795941183,0,0.027412989121277,0.0573405493057666
"1822001","1832000",1827000.5,"Fst",0.142726051662739,0,0.0276285091316884,0.0563819000180245
"1823001","1833000",1828000.5,"Fst",0.305579128748826,0,0.0299974154899909,0.0834601905596321
"1824001","1834000",1829000.5,"Fst",0.288979669120258,0,0.0280076154451532,0.0722392310130815
"1825001","1835000",1830000.5,"Fst",0.304106584790833,0,0.029112283253906,0.0749022491920796
"1826001","1836000",1831000.5,"Fst",0.31487278184795,0,0.0308957815886964,0.0788751936946082
"1827001","1837000",1832000.5,"Fst",0.3215578896479,0,0.0316581923662185,0.080665912485919
"1828001","1838000",1833000.5,"Fst",0.328027817752049,0,0.0345233412436969,0.0860885065488647
"1829001","1839000",1834000.5,"Fst",0.365595348523018,0,0.0363442292098539,0.086365039319359
"1830001","1840000",1835000.5,"Fst",0.355158226809767,0,0.0350253507189062,0.0832657681940701
"1831001","1841000",1836000.5,"Fst",0.351401660644468,0,0.0339751901037458,0.087670465623283
"1832001","1842000",1837000.5,"Fst",0.363625580298207,0,0.0351672753414686,0.0905191189192046
"1833001","1843000",1838000.5,"Fst",0.130881525897645,0,0.0316299490641614,0.0653128896198638
"1834001","1844000",1839000.5,"Fst",0.0706568100912327,0,0.0220423315896789,0.0469956159686046
"1835001","1845000",1840000.5,"Fst",0.0677283532355996,0,0.021094639868798,0.0449885337782143
"1836001","1846000",1841000.5,"Fst",0.0650329827003979,0,0.0201569390097313,0.0431458661637691
"1837001","1847000",1842000.5,"Fst",0.349002111646543,0,0.0321114755514992,0.081975923425744
"1838001","1848000",1843000.5,"Fst",0.351604425636876,0,0.033078417369379,0.0816290523516388
"1839001","1849000",1844000.5,"Fst",0.356959225933595,0,0.0335316189281179,0.0826868316349382
"1840001","1850000",1845000.5,"Fst",0.35528213245478,0,0.0330172031053047,0.0835727983510701
"1841001","1851000",1846000.5,"Fst",0.388540590651634,0,0.0404806503499063,0.0868430870371865
"1842001","1852000",1847000.5,"Fst",0.357471082185041,0,0.04114545824813,0.0811089367253752
"1843001","1853000",1848000.5,"Fst",0.361340229126413,0,0.0392049435415557,0.0780122247341539
"1844001","1854000",1849000.5,"Fst",0.375218456613246,0,0.0451543519753038,0.096576273695711
"1845001","1855000",1850000.5,"Fst",0.371156433439832,0,0.042933981325582,0.0999898606641798
"1846001","1856000",1851000.5,"Fst",0.322834651673374,0,0.035743907054646,0.0872126894633559
"1847001","1857000",1852000.5,"Fst",0.171376251756563,0,0.0360916339742927,0.0681181727904668
"1848001","1858000",1853000.5,"Fst",0.167862650077169,0,0.0351976887199151,0.0674697198418674
"1849001","1859000",1854000.5,"Fst",0.168958848857532,0,0.035583715892196,0.0681586629832089
"1850001","1860000",1855000.5,"Fst",0.159947513483439,0,0.0345343985940621,0.0637620060911955
"1851001","1861000",1856000.5,"Fst",0.200210704467318,0,0.0315903829909184,0.0567306064512768
"1852001","1862000",1857000.5,"Fst",0.188920201319924,0,0.0317002416978731,0.0655515457027743
"1853001","1863000",1858000.5,"Fst",0.212940511292568,0,0.0291224863496636,0.0738217959786324
"1854001","1864000",1859000.5,"Fst",0.177307576173795,0,0.0304204068112261,0.0906353285946689
"1855001","1865000",1860000.5,"Fst",0.175274124972028,0,0.0299154510196446,0.0926699339574669
"1856001","1866000",1861000.5,"Fst",0.199978997088639,0,0.0360409710416373,0.108929074082641
"1857001","1867000",1862000.5,"Fst",0.219330966630814,0,0.0384219374180573,0.120875646093037
"1858001","1868000",1863000.5,"Fst",0.229970694671853,0,0.040844555856119,0.126534351369263
"1859001","1869000",1864000.5,"Fst",0.222719673247564,0,0.0388879884826983,0.121390187163696
"1860001","1870000",1865000.5,"Fst",0.236077197958424,0,0.0413172536671551,0.1309406372358
"1861001","1871000",1866000.5,"Fst",0.173483464532058,0,0.0385797260766297,0.0947895627630145
"1862001","1872000",1867000.5,"Fst",0.182255365823582,0,0.0400141105188934,0.0994030593209799
"1863001","1873000",1868000.5,"Fst",0.070346331536426,0,0.0316694615001423,0.067492532068178
"1864001","1874000",1869000.5,"Fst",0.0252129440967859,0,0.0257034836515014,0.0324847305551051
"1865001","1875000",1870000.5,"Fst",0.0265743539400829,0,0.0224325024656393,0.0330370139322105
"1866001","1876000",1871000.5,"Fst",0.0239358336791549,0,0.017525971565923,0.0256428984645416
"1867001","1877000",1872000.5,"Fst",0.0239358336791549,0,0.017525971565923,0.0256428984645416
"1868001","1878000",1873000.5,"Fst",0.0239358336791549,0,0.017525971565923,0.0256428984645416
"1869001","1879000",1874000.5,"Fst",0.0846653779944799,0,0.0292483859472354,0.0524118505105375
"1870001","1880000",1875000.5,"Fst",0.0889435616143691,0,0.0324885460990831,0.0636442394074216
"1871001","1881000",1876000.5,"Fst",0.0913782426836033,0,0.0335667586430869,0.0656841188756082
"1872001","1882000",1877000.5,"Fst",0.0889435616143691,0,0.0324885460990831,0.0636442394074216
"1873001","1883000",1878000.5,"Fst",0.0744187149239122,0,0.0267981121592336,0.0461163345143638
"1874001","1884000",1879000.5,"Fst",0.300265802616662,0,0.0383126939727685,0.0654471104696615
"1875001","1885000",1880000.5,"Fst",0.311681141494806,0,0.0404334704447576,0.068996906983177
"1876001","1886000",1881000.5,"Fst",0.313028214274238,0,0.039580773061013,0.0682888256239379
"1877001","1887000",1882000.5,"Fst",0.309334434191162,0,0.0389487400047015,0.0673547235272193
"1878001","1888000",1883000.5,"Fst",0.298758256882493,0,0.0373025598438892,0.064537320144876
"1879001","1889000",1884000.5,"Fst",0.353728487016397,0,0.0493287420195369,0.0888743328263637
"1880001","1890000",1885000.5,"Fst",0.328440262281437,0,0.042725523201713,0.073039511517071
"1881001","1891000",1886000.5,"Fst",0.324128337050368,0,0.0419756898780147,0.0719349442351493
"1882001","1892000",1887000.5,"Fst",0.305848031648604,0,0.037450868027498,0.0680974418959467
"1883001","1893000",1888000.5,"Fst",0.351016302052194,0,0.04462786130973,0.0814299179631627
"1884001","1894000",1889000.5,"Fst",0.144630202450087,0,0.039182645098661,0.0846872820274356
"1885001","1895000",1890000.5,"Fst",0.134165673296108,0,0.0374170648714799,0.0754562458574367
"1886001","1896000",1891000.5,"Fst",0.138020290806353,0,0.0361599441145769,0.0779329920152796
"1887001","1897000",1892000.5,"Fst",0.129403393791431,0,0.0337688851188701,0.0747076354892752
"1888001","1898000",1893000.5,"Fst",0.134628444915312,0,0.0353832252709816,0.0774236958043258
"1889001","1899000",1894000.5,"Fst",0.134628444915312,0,0.0353813419198376,0.0777228856979448
"1890001","1900000",1895000.5,"Fst",0.127290596799653,0,0.0431691307279854,0.0907284511864159
"1891001","1901000",1896000.5,"Fst",0.130594107594564,0,0.0445278713345317,0.0931093764827652
"1892001","1902000",1897000.5,"Fst",0.0213372464557052,0,0.0171452451882824,0.0251407494590122
"1893001","1903000",1898000.5,"Fst",0.0211097165764382,0,0.0169803201101675,0.0248782590354263
"1894001","1904000",1899000.5,"Fst",0.0223545806656386,0,0.0180865661656993,0.0263129561822547
"1895001","1905000",1900000.5,"Fst",0.013455614476812,0,0.0158256373624504,0.0177156177156177
"1896001","1906000",1901000.5,"Fst",0.0192215580521427,0,0.0161980631052795,0.0233486943164362
"1897001","1907000",1902000.5,"Fst",0.0102825645602643,0,0.0111714822525769,0.0122977346278317
"1898001","1908000",1903000.5,"Fst",0.176431272384812,0,0.0544439122291067,0.176431272384812
"1899001","1909000",1904000.5,"Fst",0.175292189564537,0,0.0547220928025401,0.176431272384812
"1900001","1910000",1905000.5,"Fst",0.16323133751033,0,0.0508982012047115,0.16521792579646
"1901001","1911000",1906000.5,"Fst",0.153587248430525,0,0.0475709856367654,0.155344763034307
"1902001","1912000",1907000.5,"Fst",0.148365095478424,0,0.0460189282587355,0.150004488798627
"1903001","1913000",1908000.5,"Fst",0.106439357615975,0,0.0349814318626878,0.119728807907917
"1904001","1914000",1909000.5,"Fst",0.106439357615975,0,0.0349814318626878,0.119728807907917
"1905001","1915000",1910000.5,"Fst",0.102201619532154,0,0.0335045922984108,0.114545089028339
"1906001","1916000",1911000.5,"Fst",0.119643139469226,0,0.0340761227357154,0.132388875227168
"1907001","1917000",1912000.5,"Fst",0.118178267969989,0,0.0332149984500405,0.131146658940877
"1908001","1918000",1913000.5,"Fst",0.0447094043080666,0,0.0244517103362061,0.0652912099720609
"1909001","1919000",1914000.5,"Fst",0.0446699174623871,0,0.0244561970428156,0.0621264188274497
"1910001","1920000",1915000.5,"Fst",0.0474702835601509,0,0.0259385303110909,0.0656614571868809
"1911001","1921000",1916000.5,"Fst",0.0468692329922337,0,0.0250168351740337,0.0620308590492077
"1912001","1922000",1917000.5,"Fst",0.0484306113667521,0,0.0257132327353415,0.063748861627471
"1913001","1923000",1918000.5,"Fst",0.0762374966110643,0,0.0358782698272844,0.0686746563519407
"1914001","1924000",1919000.5,"Fst",0.106741116175275,0,0.0457501889309846,0.10156665040386
"1915001","1925000",1920000.5,"Fst",0.109223467714235,0,0.0472144406252166,0.104495259341885
"1916001","1926000",1921000.5,"Fst",0.0838662719537312,0,0.0303796510325976,0.0768521416471727
"1917001","1927000",1922000.5,"Fst",0.10515291810587,0,0.0459372304447428,0.101975818754789
"1918001","1928000",1923000.5,"Fst",0.10515291810587,0,0.0459404872838785,0.101975818754789
"1919001","1929000",1924000.5,"Fst",0.107875787578758,0,0.0465961136041574,0.10397207910919
"1920001","1930000",1925000.5,"Fst",0.0986673968601679,0,0.0382472713726414,0.0917003866558762
"1921001","1931000",1926000.5,"Fst",0.107055029227978,0,0.0423113801672984,0.10164701199184
"1922001","1932000",1927000.5,"Fst",0.102067878567833,0,0.040522245970921,0.0970313942845727
"1923001","1933000",1928000.5,"Fst",0.107866550102575,0,0.0425570475709464,0.102474876643675
"1924001","1934000",1929000.5,"Fst",0.0783657834382473,0,0.0310556128166467,0.0713751884137882
"1925001","1935000",1930000.5,"Fst",0.14107259075829,0,0.0399090780978282,0.123371057953395
"1926001","1936000",1931000.5,"Fst",0.138658995438747,0,0.039843430364332,0.120691434077064
"1927001","1937000",1932000.5,"Fst",0.134432789543118,0,0.038199101518177,0.11207436309853
"1928001","1938000",1933000.5,"Fst",0.134432789543118,0,0.0381947326726842,0.11207436309853
"1929001","1939000",1934000.5,"Fst",0.134432789543118,0,0.0381732568351861,0.11207436309853
"1930001","1940000",1935000.5,"Fst",0.150846579507449,0,0.0457774823404092,0.147115539787029
"1931001","1941000",1936000.5,"Fst",0.150846579507449,0,0.0457774823404092,0.147115539787029
"1932001","1942000",1937000.5,"Fst",0.160403773358169,0,0.0478479113933769,0.158062727786048
"1933001","1943000",1938000.5,"Fst",0.132067834461581,0,0.0388960350653155,0.132067834461581
"1934001","1944000",1939000.5,"Fst",0.135474633704004,0,0.039904475948672,0.135474633704004
"1935001","1945000",1940000.5,"Fst",0.0769244883448903,0,0.031193988326527,0.0694830762970192
"1936001","1946000",1941000.5,"Fst",0.0775225374325824,0,0.0316345510879359,0.07229720844968
"1937001","1947000",1942000.5,"Fst",0.0740916906723835,0,0.0301155427021767,0.0691185659827626
"1938001","1948000",1943000.5,"Fst",0.0737790675049893,0,0.0301080364082719,0.0688288281654152
"1939001","1949000",1944000.5,"Fst",0.0737790675049893,0,0.0300146759207577,0.0691185659827626
"1940001","1950000",1945000.5,"Fst",0.0545495038479622,0,0.0358074758786985,0.0771756329991812
"1941001","1951000",1946000.5,"Fst",0.0808921322508279,0,0.0294450137809097,0.0599700149925038
"1942001","1952000",1947000.5,"Fst",0.077803643042226,0,0.0283332241849776,0.0572725685350096
"1943001","1953000",1948000.5,"Fst",0.0889879846401584,0,0.0329153996631179,0.0666198623510876
"1944001","1954000",1949000.5,"Fst",0.0870453765221429,0,0.0321950407907556,0.0651914255214794
"1945001","1955000",1950000.5,"Fst",0.0747936583338281,0,0.0258922372243595,0.0759613274517394
"1946001","1956000",1951000.5,"Fst",0.0752359335802174,0,0.0258891337301651,0.0763902182591835
"1947001","1957000",1952000.5,"Fst",0.0834614365226611,0,0.0286050166613027,0.0843254902390154
"1948001","1958000",1953000.5,"Fst",0.0797653958944282,0,0.0277007534347198,0.0802828990989786
"1949001","1959000",1954000.5,"Fst",0.0768130745658834,0,0.026727716630055,0.0770275101773109
"1950001","1960000",1955000.5,"Fst",0.0740714989280955,0,0.0259410890801952,0.0748333932207449
"1951001","1961000",1956000.5,"Fst",0.0637860492964775,0,0.0336446889828877,0.0701145507565294
"1952001","1962000",1957000.5,"Fst",0.0605741605980855,0,0.0302821413767778,0.0649008547039986
"1953001","1963000",1958000.5,"Fst",0.0585137516078961,0,0.0291786932829119,0.0610986385595083
"1954001","1964000",1959000.5,"Fst",0.0590293526858031,0,0.0277727379824056,0.0604428835594915
"1955001","1965000",1960000.5,"Fst",0.0532318015349287,0,0.0289439355931102,0.0603041773735515
"1956001","1966000",1961000.5,"Fst",0.079152119568531,0,0.0337656351113005,0.0805851130966221
"1957001","1967000",1962000.5,"Fst",0.0855695105212644,0,0.0305375040118273,0.060605533596838
"1958001","1968000",1963000.5,"Fst",0.0851586510230872,0,0.0298793795390712,0.0597958170298131
"1959001","1969000",1964000.5,"Fst",0.0858019771063249,0,0.0304725451189467,0.0593231150775908
"1960001","1970000",1965000.5,"Fst",0.0879504549560837,0,0.0312521197627006,0.0607588444332277
"1961001","1971000",1966000.5,"Fst",0.122531040442978,0,0.0411264223357923,0.104917530667565
"1962001","1972000",1967000.5,"Fst",0.127787272448665,0,0.0430329011909953,0.109823594660281
"1963001","1973000",1968000.5,"Fst",0.128672240517724,0,0.0433769553269624,0.110280860514428
"1964001","1974000",1969000.5,"Fst",0.274689741950832,0,0.0461018490953618,0.0967555500944637
"1965001","1975000",1970000.5,"Fst",0.281387024451022,0,0.047109235048915,0.099537204036993
"1966001","1976000",1971000.5,"Fst",0.278712346521439,0,0.0475904616072778,0.103757366619899
"1967001","1977000",1972000.5,"Fst",0.294979538095186,0,0.0433772102012485,0.0924817769897557
"1968001","1978000",1973000.5,"Fst",0.282464993023999,0,0.0408575866966012,0.0835717671612677
"1969001","1979000",1974000.5,"Fst",0.286274626275826,0,0.041221712864323,0.0846898074379564
"1970001","1980000",1975000.5,"Fst",0.284616075307923,0,0.0409557277531226,0.0840317030576709
"1971001","1981000",1976000.5,"Fst",0.341960429435235,0,0.0354010964057262,0.0868225742179717
"1972001","1982000",1977000.5,"Fst",0.324367983313322,0,0.0339771997488337,0.0813713542936062
"1973001","1983000",1978000.5,"Fst",0.302097113174242,0,0.032798377489493,0.0739025434091465
"1974001","1984000",1979000.5,"Fst",0.0831596860157041,0,0.024446145691516,0.0529282472135156
"1975001","1985000",1980000.5,"Fst",0.0835893197874402,0,0.0253814005406339,0.0562882988036182
"1976001","1986000",1981000.5,"Fst",0.0874284113584226,0,0.0270925359608129,0.0586560794418187
"1977001","1987000",1982000.5,"Fst",0.061190340863896,0,0.0253791080776653,0.0444883678553838
"1978001","1988000",1983000.5,"Fst",0.0515574834833977,0,0.0266737792210145,0.0522401516127252
"1979001","1989000",1984000.5,"Fst",0.0504866917362835,0,0.0261611962029321,0.0510307888635261
"1980001","1990000",1985000.5,"Fst",0.050286700439793,0,0.0262530379813779,0.0514133603752061
"1981001","1991000",1986000.5,"Fst",0.0414667895683259,0,0.0322730650737799,0.0454350934398581
"1982001","1992000",1987000.5,"Fst",0.0379824290566144,0,0.0253390293090325,0.0396622524835789
"1983001","1993000",1988000.5,"Fst",0.0274140536518018,0,0.0164031771598078,0.0297918538484576
"1984001","1994000",1989000.5,"Fst",0.0244544009249892,0,0.0163648534645563,0.028979080304637
"1985001","1995000",1990000.5,"Fst",0.0137706519085211,0,0.0139618176107118,0.0174736636029474
"1986001","1996000",1991000.5,"Fst",0.00581323438466308,0,0.00702951926969205,0.00765654908394864
"1987001","1997000",1992000.5,"Fst",0.0394895417731008,0,0.0191522896718724,0.0396040828951436
"1988001","1998000",1993000.5,"Fst",0.0423682396014411,0,0.0184474737337537,0.0427575155728085
"1989001","1999000",1994000.5,"Fst",0.363001386109479,0,0.0433315882965824,0.0959819993571199
"1990001","2e+06",1995000.5,"Fst",0.363001386109479,0,0.0434021774450794,0.0966655875687925
"1991001","2001000",1996000.5,"Fst",0.349220234940541,0,0.0412719019855436,0.0919052016004924
"1992001","2002000",1997000.5,"Fst",0.329679659079911,0,0.037743539265092,0.0847410400654992
"1993001","2003000",1998000.5,"Fst",0.317377571004208,0,0.0352815101069248,0.0813784794876673
"1994001","2004000",1999000.5,"Fst",0.323190412177391,0,0.0357813600317631,0.0816374269005848
"1995001","2005000",2000000.5,"Fst",0.334166577644839,0,0.0368715723602133,0.0843352423672019
"1996001","2006000",2001000.5,"Fst",0.325769613141931,0,0.0358928783390869,0.0822147607334817
"1997001","2007000",2002000.5,"Fst",0.323723868222923,0,0.032282050830385,0.0829768073032321
"1998001","2008000",2003000.5,"Fst",0.340860262735974,0,0.0357479220510234,0.0896333754740835
"1999001","2009000",2004000.5,"Fst",0.0646825111647245,0,0.0248601840964043,0.0481710911603546
"2000001","2010000",2005000.5,"Fst",0.0625180682243772,0,0.0241561403974544,0.0437343013174739
"2001001","2011000",2006000.5,"Fst",0.0642914436472424,0,0.0228604457861713,0.0400952413598525
"2002001","2012000",2007000.5,"Fst",0.0570302518091043,0,0.0193304309527419,0.0395625151132925
"2003001","2013000",2008000.5,"Fst",0.0919185298473041,0,0.0263871583059728,0.0604108292825357
"2004001","2014000",2009000.5,"Fst",0.0906660140746012,0,0.0245102484898288,0.0561337198782466
"2005001","2015000",2010000.5,"Fst",0.0895708450533967,0,0.0241645902132673,0.0554706676454548
"2006001","2016000",2011000.5,"Fst",0.0906660140746012,0,0.02442277144499,0.0563918718858624
"2007001","2017000",2012000.5,"Fst",0.0830249810159854,0,0.0292784439086107,0.073532392489478
"2008001","2018000",2013000.5,"Fst",0.391624690500177,0,0.0482478170153089,0.119041107087169
"2009001","2019000",2014000.5,"Fst",0.40104227058035,0,0.0507434343479228,0.123101144925824
"2010001","2020000",2015000.5,"Fst",0.394352980113044,0,0.049437003118912,0.120297061396957
"2011001","2021000",2016000.5,"Fst",0.41816128375807,0,0.0542558220875619,0.129486488642797
"2012001","2022000",2017000.5,"Fst",0.429734330524083,0,0.0563125373514859,0.134460082425839
"2013001","2023000",2018000.5,"Fst",0.484028489049283,0,0.0578501686163412,0.145458564287415
"2014001","2024000",2019000.5,"Fst",0.52496342305038,0,0.0647283259375763,0.161683483802443
"2015001","2025000",2020000.5,"Fst",0.52496342305038,0,0.0647283259375763,0.162157123834887
"2016001","2026000",2021000.5,"Fst",0.497891389593184,0,0.0605404295396087,0.149375743506231
"2017001","2027000",2022000.5,"Fst",0.503470004602632,0,0.0612775357749452,0.15146979598529
"2018001","2028000",2023000.5,"Fst",0.0516286020009296,0,0.0263484074411264,0.0497570630562958
"2019001","2029000",2024000.5,"Fst",0.0540160518044409,0,0.0272244539879996,0.0519510752855497
"2020001","2030000",2025000.5,"Fst",0.0574484339190222,0,0.0368952407846714,0.0704770549133721
"2021001","2031000",2026000.5,"Fst",0.052880288028803,0,0.0305723803792922,0.0648913667902971
"2022001","2032000",2027000.5,"Fst",0.117379073756432,0,0.0444397305475846,0.11115368380037
"2023001","2033000",2028000.5,"Fst",0.116587160964972,0,0.0444397305475846,0.110411559798736
"2024001","2034000",2029000.5,"Fst",0.108632867067425,0,0.0343445905380658,0.0790733510905505
"2025001","2035000",2030000.5,"Fst",0.105675942293814,0,0.0333784281870481,0.0773042309702665
"2026001","2036000",2031000.5,"Fst",0.10451474359876,0,0.0328247057034084,0.0772203768343017
"2027001","2037000",2032000.5,"Fst",0.101420845394722,0,0.0314614938611521,0.0752118265218392
"2028001","2038000",2033000.5,"Fst",0.105581826337244,0,0.0359645860952212,0.0785153518635718
"2029001","2039000",2034000.5,"Fst",0.105581826337244,0,0.0359617737461446,0.0785153518635718
"2030001","2040000",2035000.5,"Fst",0.119787826409286,0,0.0393394313210473,0.0908581095172989
"2031001","2041000",2036000.5,"Fst",0.120799159123278,0,0.0393085591955803,0.0924281494678607
"2032001","2042000",2037000.5,"Fst",0.107316130371551,0,0.0403888955644988,0.110271826432614
"2033001","2043000",2038000.5,"Fst",0.0934040415628119,0,0.0303112892671763,0.0835697922283161
"2034001","2044000",2039000.5,"Fst",0.0974983345916417,0,0.0294375962835929,0.0619688646812014
"2035001","2045000",2040000.5,"Fst",0.130851084325922,0,0.0279294364269228,0.0657814080008092
"2036001","2046000",2041000.5,"Fst",0.142169110139878,0,0.0295534228727424,0.0566662801932367
"2037001","2047000",2042000.5,"Fst",0.142879855684705,0,0.0298652763505017,0.0568818537245563
"2038001","2048000",2043000.5,"Fst",0.143571657503695,0,0.0293391875099463,0.05773893409361
"2039001","2049000",2044000.5,"Fst",0.143992820148975,0,0.0294441891009083,0.0579364406789892
"2040001","2050000",2045000.5,"Fst",0.143121339287064,0,0.028739602098361,0.058868599712211
"2041001","2051000",2046000.5,"Fst",0.143573950170289,0,0.0288452837764835,0.0590502571336855
"2042001","2052000",2047000.5,"Fst",0.143573950170289,0,0.0288452837764835,0.0590502571336855
"2043001","2053000",2048000.5,"Fst",0.152128273990429,0,0.0314030608687677,0.062961741546382
"2044001","2054000",2049000.5,"Fst",0.169662274484409,0,0.0329958756532878,0.0664995083967415
"2045001","2055000",2050000.5,"Fst",0.156943014534251,0,0.0332949033796436,0.0686006148165974
"2046001","2056000",2051000.5,"Fst",0,0,0,0
"2047001","2057000",2052000.5,"Fst",0,0,0,0
"2048001","2058000",2053000.5,"Fst",0,0,0,0
"2049001","2059000",2054000.5,"Fst",0,0,0,0
"2050001","2060000",2055000.5,"Fst",0,0,0,0
"2051001","2061000",2056000.5,"Fst",0,0,0,0
"2052001","2062000",2057000.5,"Fst",0,0,0,0
"2053001","2063000",2058000.5,"Fst",0,0,0,0
"2054001","2064000",2059000.5,"Fst",0,0,0,0
"2055001","2065000",2060000.5,"Fst",0.421129527052024,0,0.0475934973271225,0.121097933513028
"2056001","2066000",2061000.5,"Fst",0.28475455730194,0,0.0387939755400785,0.0946472637205786
"2057001","2067000",2062000.5,"Fst",0.252426151804737,0,0.0350665325598375,0.0814721980625186
"2058001","2068000",2063000.5,"Fst",0.244987072369788,0,0.0329327921156371,0.0775429452739207
"2059001","2069000",2064000.5,"Fst",0.216776461244059,0,0.028980028190763,0.0637687245119294
"2060001","2070000",2065000.5,"Fst",0.204713572783064,0,0.0264399605273973,0.0589406718805768
"2061001","2071000",2066000.5,"Fst",0.204713572783064,0,0.0264399605273973,0.0589406718805768
"2062001","2072000",2067000.5,"Fst",0.165348734826428,0,0.0271069432535266,0.0544979676543856
"2063001","2073000",2068000.5,"Fst",0.16400154494692,0,0.0270273214913915,0.054200667383045
"2064001","2074000",2069000.5,"Fst",0.16400154494692,0,0.0270273214913915,0.054200667383045
"2065001","2075000",2070000.5,"Fst",0.0734693719208203,0,0.0251730222035753,0.0557846820084259
"2066001","2076000",2071000.5,"Fst",0.0689009916634463,0,0.0254121575230184,0.0527803662506249
"2067001","2077000",2072000.5,"Fst",0.0743669656148481,0,0.0277355908812369,0.0591457860763505
"2068001","2078000",2073000.5,"Fst",0.0723269339356296,0,0.026456773119389,0.0586954450885565
"2069001","2079000",2074000.5,"Fst",0.0674314483603724,0,0.0320633360216546,0.0767580925760123
"2070001","2080000",2075000.5,"Fst",0.0598354176116114,0,0.0347315501207741,0.0840582031771459
"2071001","2081000",2076000.5,"Fst",0.0621869898779988,0,0.0249843019045685,0.0525708847410253
"2072001","2082000",2077000.5,"Fst",0.0654130075745081,0,0.0231845037658314,0.0616147876443849
"2073001","2083000",2078000.5,"Fst",0.0654441666152766,0,0.019447078550184,0.0539147803880894
"2074001","2084000",2079000.5,"Fst",0.0649091486108305,0,0.0193168434135967,0.0535646844115434
"2075001","2085000",2080000.5,"Fst",0.0649091486108305,0,0.0193168434135967,0.0535646844115434
"2076001","2086000",2081000.5,"Fst",0.0593430484873742,0,0.0179983935199319,0.0480871359333991
"2077001","2087000",2082000.5,"Fst",0.0722420232504613,0,0.0174882610782444,0.0410087056136443
"2078001","2088000",2083000.5,"Fst",0.0712687701655904,0,0.0173546966455476,0.0405571082240265
"2079001","2089000",2084000.5,"Fst",0.0703639750784736,0,0.0171653683085389,0.040140045739281
"2080001","2090000",2085000.5,"Fst",0.0703639750784736,0,0.0171653683085389,0.040140045739281
"2081001","2091000",2086000.5,"Fst",0.0808968375191992,0,0.0205032510812813,0.0453648635891626
"2082001","2092000",2087000.5,"Fst",0.0856214463811584,0,0.0224173734582479,0.0486656185500252
"2083001","2093000",2088000.5,"Fst",0.100495301198891,0,0.0343890544898574,0.0801483899688382
"2084001","2094000",2089000.5,"Fst",0.0982000342547142,0,0.0329547914812889,0.077046585906253
"2085001","2095000",2090000.5,"Fst",0.0982000342547142,0,0.0329547914812889,0.077046585906253
"2086001","2096000",2091000.5,"Fst",0.137643676226003,0,0.0402298972428078,0.0763474081702713
"2087001","2097000",2092000.5,"Fst",0.116470102335827,0,0.0417606943601058,0.111793803696954
"2088001","2098000",2093000.5,"Fst",0.119581378597022,0,0.0427237469430414,0.101645203437188
"2089001","2099000",2094000.5,"Fst",0.117171767234339,0,0.041848591650324,0.0992813704515059
"2090001","2100000",2095000.5,"Fst",0.111329882593268,0,0.0394311335025647,0.094242122519587
"2091001","2101000",2096000.5,"Fst",0.113629866380271,0,0.0382216185966598,0.0860542919255872
"2092001","2102000",2097000.5,"Fst",0.120451109166675,0,0.0380245279129144,0.0830982309953996
"2093001","2103000",2098000.5,"Fst",0.116680547283741,0,0.0360821155635214,0.0794080922356217
"2094001","2104000",2099000.5,"Fst",0.117453457769663,0,0.0368155040733612,0.0805390508700785
"2095001","2105000",2100000.5,"Fst",0.117108956698998,0,0.0348749608272849,0.0733742279742231
"2096001","2106000",2101000.5,"Fst",0.107456111787406,0,0.0370673553778811,0.0830945271423723
"2097001","2107000",2102000.5,"Fst",0.10853365333936,0,0.0375028395869712,0.0840735495534752
"2098001","2108000",2103000.5,"Fst",0.0978601608286767,0,0.0274617488411248,0.0666095432893851
"2099001","2109000",2104000.5,"Fst",0.103308024634617,0,0.0297529012480621,0.0699429289950921
"2100001","2110000",2105000.5,"Fst",0.100724718312926,0,0.0299158678995706,0.0713377256074195
"2101001","2111000",2106000.5,"Fst",0.0576918937512266,0,0.0213754442427943,0.0441984704742674
"2102001","2112000",2107000.5,"Fst",0.0387713022366615,0,0.0202534643745967,0.0484620091597457
"2103001","2113000",2108000.5,"Fst",0.0411820518077403,0,0.0204774675696709,0.0461259841806682
"2104001","2114000",2109000.5,"Fst",0.042212866590063,0,0.0203038524379609,0.0473489115075058
"2105001","2115000",2110000.5,"Fst",0.0172655127548976,0,0.018180123998209,0.0328283541016919
"2106001","2116000",2111000.5,"Fst",0.0179409166748455,0,0.0176702295726254,0.0331213367398522
"2107001","2117000",2112000.5,"Fst",0.0180632411067193,0,0.0176702295726254,0.033001851398078
"2108001","2118000",2113000.5,"Fst",0.0231197040060902,0,0.0223859338203352,0.0340784445140297
"2109001","2119000",2114000.5,"Fst",0.0290690873420744,0,0.0209025249701706,0.0346749670992053
"2110001","2120000",2115000.5,"Fst",0.0470273386034256,0,0.0202505281641033,0.036813311088468
"2111001","2121000",2116000.5,"Fst",0.0497327056956667,0,0.0214722021445925,0.038884197529112
"2112001","2122000",2117000.5,"Fst",0.0509952902742443,0,0.0228997736155362,0.0391304347826088
"2113001","2123000",2118000.5,"Fst",0.0494389405061342,0,0.0221295231987748,0.0379773749488893
"2114001","2124000",2119000.5,"Fst",0.0518246162331097,0,0.0234769565496762,0.0409297880845769
"2115001","2125000",2120000.5,"Fst",0.0501073508431369,0,0.0229862766839137,0.0396025917135657
"2116001","2126000",2121000.5,"Fst",0.0505005064003715,0,0.02387621076505,0.0420763155345655
"2117001","2127000",2122000.5,"Fst",0.0519876767016354,0,0.0246747773858927,0.0432925435973728
"2118001","2128000",2123000.5,"Fst",0.0496706192358366,0,0.0242420021975425,0.0428589476832478
"2119001","2129000",2124000.5,"Fst",0.0447753292303621,0,0.0265501885997187,0.0448372615039282
"2120001","2130000",2125000.5,"Fst",0.0254931927975407,0,0.0169353720269051,0.0325639649311147
"2121001","2131000",2126000.5,"Fst",0.0308176295753937,0,0.0180026225631874,0.0275185451064848
"2122001","2132000",2127000.5,"Fst",0.0306014497888164,0,0.0180974163470683,0.027267338470658
"2123001","2133000",2128000.5,"Fst",0.0264905156388181,0,0.0166180583479981,0.027160219685867
"2124001","2134000",2129000.5,"Fst",0.0196567811005876,0,0.0168584474962467,0.0209020393486412
"2125001","2135000",2130000.5,"Fst",0.0220359214688137,0,0.0188353591640005,0.0236483858420848
"2126001","2136000",2131000.5,"Fst",0.240185490647661,0,0.0416167434300429,0.0896527684530761
"2127001","2137000",2132000.5,"Fst",0.233743734193509,0,0.0403422477342234,0.0869103311533435
"2128001","2138000",2133000.5,"Fst",0.234755611830711,0,0.0401444421935801,0.0865732827776796
"2129001","2139000",2134000.5,"Fst",0.241254037071699,0,0.0415142524685032,0.0892941573792636
"2130001","2140000",2135000.5,"Fst",0.226476527608375,0,0.0382553296352793,0.0818997774704987
"2131001","2141000",2136000.5,"Fst",0.246331020470278,0,0.0402555545432212,0.0848473827197231
"2132001","2142000",2137000.5,"Fst",0.247489922291622,0,0.04038573060085,0.0848473827197231
"2133001","2143000",2138000.5,"Fst",0.253723591288249,0,0.0415744192435004,0.0876568987038199
"2134001","2144000",2139000.5,"Fst",0.260279396010925,0,0.0428257992463714,0.0906588472895673
"2135001","2145000",2140000.5,"Fst",0.252505718050066,0,0.0414136775685836,0.0880278771142956
"2136001","2146000",2141000.5,"Fst",0.00848715525922372,0,0.00927635777128502,0.0106779065683175
"2137001","2147000",2142000.5,"Fst",0.00813999497951401,0,0.0087834293119414,0.00999910722256936
"2138001","2148000",2143000.5,"Fst",0.00857375888431799,0,0.00927622071604473,0.0105060738239295
"2139001","2149000",2144000.5,"Fst",0.0444105768498056,0,0.0222413354104897,0.044392523364486
"2140001","2150000",2145000.5,"Fst",0.0478175254348541,0,0.024495178438968,0.0478589420654912
"2141001","2151000",2146000.5,"Fst",0.0497752640235615,0,0.0255862047563877,0.0536587800738745
"2142001","2152000",2147000.5,"Fst",0.047697610907125,0,0.0244966014894492,0.0514362270530629
"2143001","2153000",2148000.5,"Fst",0.047697610907125,0,0.0244966014894492,0.0514362270530629
"2144001","2154000",2149000.5,"Fst",0.119513737410183,0,0.0387584132877828,0.0914281653861525
"2145001","2155000",2150000.5,"Fst",0.116978924387494,0,0.0379481820100491,0.0898929155917763
"2146001","2156000",2151000.5,"Fst",0.129719632162528,0,0.043625656934137,0.101801848232444
"2147001","2157000",2152000.5,"Fst",0.132886812791951,0,0.0447387738453061,0.103779593750253
"2148001","2158000",2153000.5,"Fst",0.132886812791951,0,0.0447387738453061,0.103779593750253
"2149001","2159000",2154000.5,"Fst",0.138450445519281,0,0.0546548774358181,0.134869308523038
"2150001","2160000",2155000.5,"Fst",0.142922727951863,0,0.0563534109433586,0.140067299766872
"2151001","2161000",2156000.5,"Fst",0.126137630485457,0,0.0422307045305065,0.099020919695363
"2152001","2162000",2157000.5,"Fst",0.120795754809687,0,0.0349120700082798,0.0788256114008623
"2153001","2163000",2158000.5,"Fst",0.114186241782547,0,0.033146117666938,0.0753109177168448
"2154001","2164000",2159000.5,"Fst",0.0717986073607854,0,0.0293734345822806,0.0544468456487407
"2155001","2165000",2160000.5,"Fst",0.0720931321858753,0,0.0292806454669573,0.0543271822517106
"2156001","2166000",2161000.5,"Fst",0.070298814229249,0,0.0285714927425124,0.0531817296138734
"2157001","2167000",2162000.5,"Fst",0.112549320562015,0,0.029225065212386,0.0655956436409432
"2158001","2168000",2163000.5,"Fst",0.109263441872137,0,0.0283513062481784,0.063614990113492
"2159001","2169000",2164000.5,"Fst",0.122612396246222,0,0.0348835841837551,0.0718588027758574
"2160001","2170000",2165000.5,"Fst",0.124249176744383,0,0.0353641076895665,0.0726511810283823
"2161001","2171000",2166000.5,"Fst",0.299963333850509,0,0.0383429114178867,0.102450556420458
"2162001","2172000",2167000.5,"Fst",0.321939336488515,0,0.0411144537230851,0.111985207148889
"2163001","2173000",2168000.5,"Fst",0.329220013742585,0,0.0419237783256742,0.114122270171905
"2164001","2174000",2169000.5,"Fst",0.34713547981345,0,0.0453678987676986,0.125081290456898
"2165001","2175000",2170000.5,"Fst",0.33110603986468,0,0.0441879451924502,0.130701409740565
"2166001","2176000",2171000.5,"Fst",0.413632001529238,0,0.0557485969496101,0.137091368043876
"2167001","2177000",2172000.5,"Fst",0.452928818146209,0,0.0566000686157248,0.129524580558467
"2168001","2178000",2173000.5,"Fst",0.437591517991425,0,0.0550155670220149,0.133071536981556
"2169001","2179000",2174000.5,"Fst",0.465085398355202,0,0.058542352175295,0.145614432424775
"2170001","2180000",2175000.5,"Fst",0.443071560498111,0,0.0557365395244787,0.136567002549937
"2171001","2181000",2176000.5,"Fst",0.385810134831254,0,0.0478786745744078,0.122191026181711
"2172001","2182000",2177000.5,"Fst",0.382739813339404,0,0.0471726499099777,0.120817128487469
"2173001","2183000",2178000.5,"Fst",0.38654454498639,0,0.047800281172829,0.122191026181711
"2174001","2184000",2179000.5,"Fst",0.516706456926194,0,0.0627154733402477,0.161124497730778
"2175001","2185000",2180000.5,"Fst",0.519142673181135,0,0.0632903741557678,0.16495972031459
"2176001","2186000",2181000.5,"Fst",0.436409755267574,0,0.0563550275723454,0.145325586934296
"2177001","2187000",2182000.5,"Fst",0.412431479915352,0,0.0518412017381396,0.134601356540314
"2178001","2188000",2183000.5,"Fst",0.411899313501144,0,0.0486565084945522,0.124325894653799
"2179001","2189000",2184000.5,"Fst",0.388828018104289,0,0.0450252763809233,0.120329515947758
"2180001","2190000",2185000.5,"Fst",0.39259254763451,0,0.0462112225514508,0.121887606882844
"2181001","2191000",2186000.5,"Fst",0.38780781178833,0,0.0452702568092815,0.120162355367896
"2182001","2192000",2187000.5,"Fst",0.389440321161733,0,0.0455032017812748,0.120840124780801
"2183001","2193000",2188000.5,"Fst",0.389440321161733,0,0.0455032017812748,0.120840124780801
"2184001","2194000",2189000.5,"Fst",0.128910077708538,0,0.0364706950553697,0.0871471660462796
"2185001","2195000",2190000.5,"Fst",0.137865678469523,0,0.038931629117063,0.0939966441072435
"2186001","2196000",2191000.5,"Fst",0.0775260591048348,0,0.0271420169913852,0.048220766012528
"2187001","2197000",2192000.5,"Fst",0.207217000796846,0,0.0334269149553096,0.0640559311590709
"2188001","2198000",2193000.5,"Fst",0.19323074817146,0,0.0343387448050544,0.0643708156639794
"2189001","2199000",2194000.5,"Fst",0.19923825537145,0,0.0314511279624733,0.0623603711978004
"2190001","2200000",2195000.5,"Fst",0.202293050766686,0,0.0335286295260138,0.0657613142526537
"2191001","2201000",2196000.5,"Fst",0.208991069108415,0,0.034622978543899,0.0679787027656227
"2192001","2202000",2197000.5,"Fst",0.21332774912965,0,0.0354747837565212,0.0696005296843963
"2193001","2203000",2198000.5,"Fst",0.21332774912965,0,0.0354747837565212,0.0696005296843963
"2194001","2204000",2199000.5,"Fst",0.21332774912965,0,0.0354771267767803,0.0692840037788078
"2195001","2205000",2200000.5,"Fst",0.204048712744365,0,0.0337013110759417,0.0657593763976744
"2196001","2206000",2201000.5,"Fst",0.188784249384742,0,0.0311983174781815,0.0587058083120499
"2197001","2207000",2202000.5,"Fst",0.0314115500734592,0,0.0202858823843406,0.0388463356973996
"2198001","2208000",2203000.5,"Fst",0.0327903930936525,0,0.0220578796455605,0.0411073672881795
"2199001","2209000",2204000.5,"Fst",0.0358720367846751,0,0.0257132353871103,0.0468954873475045
"2200001","2210000",2205000.5,"Fst",0.0358198076976985,0,0.0254464739280406,0.0471185923050258
"2201001","2211000",2206000.5,"Fst",0.0368656414990912,0,0.0261780942721365,0.0483729594767474
"2202001","2212000",2207000.5,"Fst",0.0358198076976985,0,0.0255324951753237,0.0471185923050258
"2203001","2213000",2208000.5,"Fst",0.0342911781546895,0,0.0241780112623051,0.0449078640427096
"2204001","2214000",2209000.5,"Fst",0.0352157356783594,0,0.0248070035621229,0.0460254805686597
"2205001","2215000",2210000.5,"Fst",0.0430803840437071,0,0.0221661784979037,0.0471267221050018
"2206001","2216000",2211000.5,"Fst",0.0595150620749438,0,0.024355393205346,0.0503406195768563
"2207001","2217000",2212000.5,"Fst",0.0699656298333047,0,0.0374764539240595,0.0760534215444321
"2208001","2218000",2213000.5,"Fst",0.069625072413889,0,0.0373704458982652,0.0760534215444321
"2209001","2219000",2214000.5,"Fst",0.0678991344373843,0,0.0362622285970731,0.0737843796656426
"2210001","2220000",2215000.5,"Fst",0.0717996424390857,0,0.0382454405729237,0.0780683656327007
"2211001","2221000",2216000.5,"Fst",0.0719071341144919,0,0.0353621453339865,0.0712331744156037
"2212001","2222000",2217000.5,"Fst",0.0722276711164881,0,0.0355136004848456,0.0712331744156037
"2213001","2223000",2218000.5,"Fst",0.0742589438508624,0,0.0355609421040757,0.0729155659721533
"2214001","2224000",2219000.5,"Fst",0.181670590632894,0,0.040080237074038,0.106626839806105
"2215001","2225000",2220000.5,"Fst",0.189961219197661,0,0.0439530591839583,0.112990902518941
"2216001","2226000",2221000.5,"Fst",0.240653145856282,0,0.0463079376614987,0.111564348576914
"2217001","2227000",2222000.5,"Fst",0.234826697015836,0,0.0452806189332772,0.109242150001575
"2218001","2228000",2223000.5,"Fst",0.240653145856282,0,0.0463380759359388,0.111564348576914
"2219001","2229000",2224000.5,"Fst",0.23147960387877,0,0.0435649273391378,0.106205069801238
"2220001","2230000",2225000.5,"Fst",0.200457070520029,0,0.0368144217526769,0.0864905228171038
"2221001","2231000",2226000.5,"Fst",0.204456189293262,0,0.0367397216334123,0.0902403765139936
"2222001","2232000",2227000.5,"Fst",0.207954347610257,0,0.0374415532134054,0.0921706519474481
"2223001","2233000",2228000.5,"Fst",0.195402062951804,0,0.0362079147094012,0.0833887667670908
"2224001","2234000",2229000.5,"Fst",0.0663226999730921,0,0.030142055745763,0.0760058781797912
"2225001","2235000",2230000.5,"Fst",0.0643245160636466,0,0.0290837191027032,0.0729656430525996
"2226001","2236000",2231000.5,"Fst",0.0594797613819352,0,0.0269080256728828,0.06810773548673
"2227001","2237000",2232000.5,"Fst",0.0556789351831475,0,0.0200302467260771,0.0505935633461921
"2228001","2238000",2233000.5,"Fst",0.0556789351831475,0,0.0200302467260771,0.0505935633461921
"2229001","2239000",2234000.5,"Fst",0.0566657976216076,0,0.0205704283799694,0.0511459528175754
"2230001","2240000",2235000.5,"Fst",0.249855291010247,0,0.0358607578185833,0.0904189754714082
"2231001","2241000",2236000.5,"Fst",0.246424616549983,0,0.0352109108168651,0.0888697406891878
"2232001","2242000",2237000.5,"Fst",0.273068073478212,0,0.0449576035205472,0.109487018971332
"2233001","2243000",2238000.5,"Fst",0.277943967543661,0,0.0464602320424382,0.116177125759333
"2234001","2244000",2239000.5,"Fst",0.324884049032003,0,0.0517738774656641,0.114000715244317
"2235001","2245000",2240000.5,"Fst",0.307421138698523,0,0.0508506197940155,0.108580450902017
"2236001","2246000",2241000.5,"Fst",0.31208941779475,0,0.0513582189109121,0.109967575161413
"2237001","2247000",2242000.5,"Fst",0.337023194992364,0,0.0566560521392195,0.119874090246535
"2238001","2248000",2243000.5,"Fst",0.285878250860625,0,0.042472720213736,0.0951262830123399
"2239001","2249000",2244000.5,"Fst",0.275650084293142,0,0.039989480060345,0.0920855626251655
"2240001","2250000",2245000.5,"Fst",0.238117893914995,0,0.0396162025822645,0.0976734641528793
"2241001","2251000",2246000.5,"Fst",0.242923192761713,0,0.0405512842624734,0.100019043491394
"2242001","2252000",2247000.5,"Fst",0.21295952745329,0,0.0353478164159084,0.0839373297474291
"2243001","2253000",2248000.5,"Fst",0.208770802877914,0,0.0391066280155156,0.0902253069497008
"2244001","2254000",2249000.5,"Fst",0.132242217352321,0,0.0401064263858264,0.109260519551203
"2245001","2255000",2250000.5,"Fst",0.120095762958512,0,0.0433227145421221,0.109131375311115
"2246001","2256000",2251000.5,"Fst",0.119423788362624,0,0.0429291819046765,0.108345427494364
"2247001","2257000",2252000.5,"Fst",0.117869947250099,0,0.0424403282755194,0.107008729757219
"2248001","2258000",2253000.5,"Fst",0.116385908115686,0,0.0319766586744512,0.0609383980044674
"2249001","2259000",2254000.5,"Fst",0.0939867390768769,0,0.0378808301076312,0.0765624763719397
"2250001","2260000",2255000.5,"Fst",0.0797377428870526,0,0.0306112847621347,0.061535676001539
"2251001","2261000",2256000.5,"Fst",0.080856590814515,0,0.0275270966546624,0.0596167758271002
"2252001","2262000",2257000.5,"Fst",0.0937403041642846,0,0.0243936313713888,0.0496737229308892
"2253001","2263000",2258000.5,"Fst",0.0692873023715416,0,0.0212866813687966,0.0349209569805535
"2254001","2264000",2259000.5,"Fst",0.0699729081767571,0,0.0209853499923353,0.0365159875073583
"2255001","2265000",2260000.5,"Fst",0.0674333278202138,0,0.0200584531605848,0.0351330415975052
"2256001","2266000",2261000.5,"Fst",0.0904285203281354,0,0.0211996833284927,0.0356291956835434
"2257001","2267000",2262000.5,"Fst",0.0906330069318927,0,0.0212503666768531,0.035549843354627
"2258001","2268000",2263000.5,"Fst",0.0906330069318927,0,0.0212503666768531,0.035549843354627
"2259001","2269000",2264000.5,"Fst",0.0831651684706171,0,0.0197245576558335,0.0354123773767712
"2260001","2270000",2265000.5,"Fst",0.0905139363107377,0,0.0211263687412539,0.0398885705383923
"2261001","2271000",2266000.5,"Fst",0.0914634866213786,0,0.0244913193922606,0.0465223254940114
"2262001","2272000",2267000.5,"Fst",0.0795339940360554,0,0.0272988693420989,0.0571067193675889
"2263001","2273000",2268000.5,"Fst",0.0789362206957215,0,0.0266750083077663,0.0543771948059922
"2264001","2274000",2269000.5,"Fst",0.0803179720449577,0,0.0272281058022689,0.0554737460876398
"2265001","2275000",2270000.5,"Fst",0.0875609354413702,0,0.0264328567904138,0.0517519593033154
"2266001","2276000",2271000.5,"Fst",0.040198894880323,0,0.0221355686835845,0.0459065399588459
"2267001","2277000",2272000.5,"Fst",0.087071444113714,0,0.0229376481842803,0.0579569357958074
"2268001","2278000",2273000.5,"Fst",0.087071444113714,0,0.0229376481842803,0.0579569357958074
"2269001","2279000",2274000.5,"Fst",0.113523897906581,0,0.0306400107306112,0.0755441656568064
"2270001","2280000",2275000.5,"Fst",0.117476211389255,0,0.031844413418556,0.0781717888100867
"2271001","2281000",2276000.5,"Fst",0.113523897906581,0,0.0307177678966105,0.0755441656568064
"2272001","2282000",2277000.5,"Fst",0.116210218123262,0,0.0306432129305912,0.0799105953148507
"2273001","2283000",2278000.5,"Fst",0.125522350487287,0,0.0353875861166114,0.0860156720916214
"2274001","2284000",2279000.5,"Fst",0.117778674327108,0,0.0320336073898633,0.080121712887991
"2275001","2285000",2280000.5,"Fst",0.12093471925314,0,0.041009251282111,0.106271915210941
"2276001","2286000",2281000.5,"Fst",0.127112905997594,0,0.0431093546208079,0.112187861907907
"2277001","2287000",2282000.5,"Fst",0.0282828282828282,0,0.0287739865379618,0.0361167684996606
"2278001","2288000",2283000.5,"Fst",0.0906475281150876,0,0.0468670680608843,0.127034627730591
"2279001","2289000",2284000.5,"Fst",0.081624880990162,0,0.0424608630631333,0.114914174118614
"2280001","2290000",2285000.5,"Fst",0.0881192579199173,0,0.0393257916657233,0.105843572070722
"2281001","2291000",2286000.5,"Fst",0.0903082669697248,0,0.0403038406330258,0.108283769697713
"2282001","2292000",2287000.5,"Fst",0.0974982717600454,0,0.0347261044314092,0.0758723454007676
"2283001","2293000",2288000.5,"Fst",0.087066334880807,0,0.0293872470308851,0.0626387665579502
"2284001","2294000",2289000.5,"Fst",0.0844536717718553,0,0.0276790422398211,0.0567759423765091
"2285001","2295000",2290000.5,"Fst",0.0824454134499338,0,0.0269718129258118,0.0553029141486047
"2286001","2296000",2291000.5,"Fst",0.0814766798418971,0,0.0266587993835453,0.0545336734152906
"2287001","2297000",2292000.5,"Fst",0.0801606606448605,0,0.0293400715643721,0.0796773788129396
"2288001","2298000",2293000.5,"Fst",0.0698060438551561,0,0.0234333394243411,0.0506881973080042
"2289001","2299000",2294000.5,"Fst",0.081248041405942,0,0.0284824137366401,0.0579382778767988
"2290001","2300000",2295000.5,"Fst",0.0782538180333648,0,0.0262722994060895,0.0562180020360176
"2291001","2301000",2296000.5,"Fst",0.0755921235424341,0,0.025447846158765,0.0542978886936719
"2292001","2302000",2297000.5,"Fst",0.0617050410584874,0,0.0269882042982755,0.0686643369286364
"2293001","2303000",2298000.5,"Fst",0.0707513161563315,0,0.0322470364689771,0.0802133298408938
"2294001","2304000",2299000.5,"Fst",0.0730704981332555,0,0.0374779429784062,0.0958995385524641
"2295001","2305000",2300000.5,"Fst",0.0728541710006242,0,0.0375382134322718,0.0956982501656973
"2296001","2306000",2301000.5,"Fst",0.0728541710006242,0,0.0375382134322718,0.0958995385524641
"2297001","2307000",2302000.5,"Fst",0.0758087137492648,0,0.0441664037338973,0.0944749089072479
"2298001","2308000",2303000.5,"Fst",0.0990111401023592,0,0.0410788765827063,0.0981780006484657
"2299001","2309000",2304000.5,"Fst",0.0883953990673358,0,0.0385154809737049,0.103706759744951
"2300001","2310000",2305000.5,"Fst",0.0863677837641807,0,0.0375030395538124,0.101458374709831
"2301001","2311000",2306000.5,"Fst",0.084971937312216,0,0.0377930709771538,0.0961074427325345
"2302001","2312000",2307000.5,"Fst",0.103452525735134,0,0.0405249286654551,0.106827227728354
"2303001","2313000",2308000.5,"Fst",0.0999208239298762,0,0.0448408459330518,0.110070506782093
"2304001","2314000",2309000.5,"Fst",0.0999208239298762,0,0.0448408459330518,0.110070506782093
"2305001","2315000",2310000.5,"Fst",0.100276695483247,0,0.0450191253155599,0.110070506782093
"2306001","2316000",2311000.5,"Fst",0.110015785547363,0,0.0457924822545571,0.113833823444617
"2307001","2317000",2312000.5,"Fst",0.10539973860132,0,0.043856413941228,0.109609834693032
"2308001","2318000",2313000.5,"Fst",0.0939167310063496,0,0.0383787520402299,0.0926195397426764
"2309001","2319000",2314000.5,"Fst",0.0939167310063496,0,0.0383787520402299,0.0926195397426764
"2310001","2320000",2315000.5,"Fst",0.0953687330975661,0,0.0390710699325045,0.0940097016900339
"2311001","2321000",2316000.5,"Fst",0.106525789061586,0,0.0476533785468087,0.1059129576888
"2312001","2322000",2317000.5,"Fst",0.106084599291989,0,0.0490691180541485,0.102326421827709
"2313001","2323000",2318000.5,"Fst",0.104773535351226,0,0.0484423411103908,0.101268584385718
"2314001","2324000",2319000.5,"Fst",0.0993008481957934,0,0.0436787070765772,0.0941049077925518
"2315001","2325000",2320000.5,"Fst",0.100233480976673,0,0.0442034018011511,0.0951758029025666
"2316001","2326000",2321000.5,"Fst",0.0842926213589522,0,0.0433850433575366,0.0993176037356213
"2317001","2327000",2322000.5,"Fst",0.0877647705285743,0,0.0448872651863106,0.103049789262221
"2318001","2328000",2323000.5,"Fst",0.089610368406757,0,0.0458688743136229,0.10483720153615
"2319001","2329000",2324000.5,"Fst",0.089610368406757,0,0.0458688743136229,0.10483720153615
"2320001","2330000",2325000.5,"Fst",0.0880562402461968,0,0.0449630332831421,0.103049789262221
"2321001","2331000",2326000.5,"Fst",0.0121883656509697,0,0.0318936707339622,0.0486397328747147
"2322001","2332000",2327000.5,"Fst",0.0121883656509697,0,0.0318936707339622,0.0486397328747147
"2323001","2333000",2328000.5,"Fst",0.0126233512457254,0,0.0241012337736555,0.0422644666122928
"2324001","2334000",2329000.5,"Fst",0.0637257169287696,0,0.0418774163527473,0.0898994756481106
"2325001","2335000",2330000.5,"Fst",0.0661902474177275,0,0.0432614177324038,0.0932987806017191
"2326001","2336000",2331000.5,"Fst",0.0720232496953164,0,0.0481063350918983,0.105872729660986
"2327001","2337000",2332000.5,"Fst",0.069523181205154,0,0.0466238145533358,0.101576444979091
"2328001","2338000",2333000.5,"Fst",0.0820745276337135,0,0.0378483957931626,0.0788540897150625
"2329001","2339000",2334000.5,"Fst",0.0820745276337135,0,0.0378483957931626,0.0788540897150625
"2330001","2340000",2335000.5,"Fst",0.0816497600956435,0,0.0378452299564529,0.0788540897150625
"2331001","2341000",2336000.5,"Fst",0.0646350266903627,0,0.0288165611907413,0.0513961597233522
"2332001","2342000",2337000.5,"Fst",0.133539527431897,0,0.0284951998199895,0.0617226325471569
"2333001","2343000",2338000.5,"Fst",0.141771424608953,0,0.0302106132351634,0.0652224979828619
"2334001","2344000",2339000.5,"Fst",0.157089587552763,0,0.0321522952888843,0.0748761846006205
"2335001","2345000",2340000.5,"Fst",0.157089587552763,0,0.0321522952888843,0.0748761846006205
"2336001","2346000",2341000.5,"Fst",0.144469348213594,0,0.0297813805834171,0.0656056019912727
"2337001","2347000",2342000.5,"Fst",0.139634732226934,0,0.0306002030839407,0.0631180886935362
"2338001","2348000",2343000.5,"Fst",0.141227097373485,0,0.0337770930983151,0.0720493692976977
"2339001","2349000",2344000.5,"Fst",0.138568704952337,0,0.0331133525035759,0.0706474357741843
"2340001","2350000",2345000.5,"Fst",0.0914412434355595,0,0.0380592915995946,0.127209787714865
"2341001","2351000",2346000.5,"Fst",0.104267326563991,0,0.0444736291481478,0.154097801656295
"2342001","2352000",2347000.5,"Fst",0.0327302080170823,0,0.0472893414667397,0.171396392498505
"2343001","2353000",2348000.5,"Fst",0.0332999560825648,0,0.0482402959382946,0.174153281768673
"2344001","2354000",2349000.5,"Fst",0.0596463243455944,0,0.0393150447183247,0.146547053337478
"2345001","2355000",2350000.5,"Fst",0.0585195063116554,0,0.0381221578610359,0.141957801114838
"2346001","2356000",2351000.5,"Fst",0.0590942019357305,0,0.0380602489416327,0.143644893095974
"2347001","2357000",2352000.5,"Fst",0.0429310765950452,0,0.0435838596162654,0.138706087188089
"2348001","2358000",2353000.5,"Fst",0.04216093896147,0,0.0427898125910177,0.136359367930407
"2349001","2359000",2354000.5,"Fst",0.043081770701658,0,0.0435838596162654,0.139164703934854
"2350001","2360000",2355000.5,"Fst",0.101536812487439,0,0.0353629689520861,0.0853064341456565
"2351001","2361000",2356000.5,"Fst",0.102174274338649,0,0.0257210408444265,0.0582811848143513
"2352001","2362000",2357000.5,"Fst",0.102174274338649,0,0.0257210408444265,0.0582811848143513
"2353001","2363000",2358000.5,"Fst",0.0988025834942389,0,0.0248939883689414,0.0566807861466803
"2354001","2364000",2359000.5,"Fst",0.0551046358427549,0,0.0269707263940429,0.0580538085255067
"2355001","2365000",2360000.5,"Fst",0.0429617782486452,0,0.0349408750975868,0.0649833834778676
"2356001","2366000",2361000.5,"Fst",0.0398298689319968,0,0.0398604831032454,0.141482434290043
"2357001","2367000",2362000.5,"Fst",0.0391567283926928,0,0.0392110063479768,0.139265876152833
"2358001","2368000",2363000.5,"Fst",0.0390304163656198,0,0.0393274997663642,0.139265876152833
"2359001","2369000",2364000.5,"Fst",0.0390304163656198,0,0.0393274997663642,0.139265876152833
"2360001","2370000",2365000.5,"Fst",0.0383508850794625,0,0.0381412029372437,0.135036121808224
"2361001","2371000",2366000.5,"Fst",0.0284037763331371,0,0.035082945385421,0.138499543934327
"2362001","2372000",2367000.5,"Fst",0.026231879929099,0,0.032176796065398,0.127770129235689
"2363001","2373000",2368000.5,"Fst",0.0263060744354982,0,0.0322448724827627,0.127770129235689
"2364001","2374000",2369000.5,"Fst",0.0263060744354982,0,0.0322448724827627,0.127770129235689
"2365001","2375000",2370000.5,"Fst",0.0265592870833298,0,0.0388525428391227,0.112351949555866
"2366001","2376000",2371000.5,"Fst",0.0164601399043001,0,0.0195374926091282,0.0342495387821079
"2367001","2377000",2372000.5,"Fst",0.0170418140212192,0,0.0203545710452991,0.035496866446403
"2368001","2378000",2373000.5,"Fst",0.0171170671048541,0,0.0187138890002101,0.0343441638996728
"2369001","2379000",2374000.5,"Fst",0.0198031686195077,0,0.0168048827723759,0.0318951930654059
"2370001","2380000",2375000.5,"Fst",0.0205042403776046,0,0.0188412450776539,0.0335143877161326
"2371001","2381000",2376000.5,"Fst",0.0185073973972409,0,0.0136204276284234,0.0212247379949244
"2372001","2382000",2377000.5,"Fst",0.0218896462267038,0,0.0142151558903548,0.0208119280746283
"2373001","2383000",2378000.5,"Fst",0.0250885210803689,0,0.0148674635163468,0.0239854215918044
"2374001","2384000",2379000.5,"Fst",0.0198341115576089,0,0.0209500146948453,0.0404844852966469
"2375001","2385000",2380000.5,"Fst",0.0208557041529048,0,0.0221430032339041,0.0426907826435013
"2376001","2386000",2381000.5,"Fst",0.0199275707220165,0,0.0209560181065045,0.0404844852966469
"2377001","2387000",2382000.5,"Fst",0.0218315726203746,0,0.0195009202963664,0.0402521818107396
"2378001","2388000",2383000.5,"Fst",0.0221047680992645,0,0.0198927897824384,0.041281937344665
"2379001","2389000",2384000.5,"Fst",0.0167824763417378,0,0.0190795369329103,0.0404034086104826
"2380001","2390000",2385000.5,"Fst",0.0354400900810944,0,0.0199883642827381,0.0343119257599056
"2381001","2391000",2386000.5,"Fst",0.0331635081180461,0,0.0174481877771238,0.0316961244934993
"2382001","2392000",2387000.5,"Fst",0.0343576567886252,0,0.0198657328232051,0.0329876942864782
"2383001","2393000",2388000.5,"Fst",0.0202037671371447,0,0.033698228978933,0.11005466549153
"2384001","2394000",2389000.5,"Fst",0.0218301908795646,0,0.0350093254659914,0.112936192599587
"2385001","2395000",2390000.5,"Fst",0.022612548304428,0,0.0443140430108288,0.154195463565841
"2386001","2396000",2391000.5,"Fst",0.0231072142435986,0,0.0452512144088003,0.157262406768377
"2387001","2397000",2392000.5,"Fst",0.0220276225523601,0,0.0462462378392675,0.159346904503471
"2388001","2398000",2393000.5,"Fst",0.0222641203459918,0,0.0453018196829368,0.157660132907978
"2389001","2399000",2394000.5,"Fst",0.0233855854266577,0,0.0576398341369558,0.181510142432079
"2390001","2400000",2395000.5,"Fst",0.0206137594541598,0,0.0608512072195687,0.190411553776637
"2391001","2401000",2396000.5,"Fst",0.0207804078529613,0,0.0614302679730159,0.191802921902181
"2392001","2402000",2397000.5,"Fst",0.0208647465835378,0,0.0616765625956696,0.192641529599671
"2393001","2403000",2398000.5,"Fst",0.0235603542030993,0,0.0625952681605249,0.190436977666186
"2394001","2404000",2399000.5,"Fst",0.0239186526263521,0,0.0634793564679604,0.193381854740175
"2395001","2405000",2400000.5,"Fst",0.0357710538193396,0,0.051496874309506,0.161208768393151
"2396001","2406000",2401000.5,"Fst",0.0533102798588073,0,0.0471670300398487,0.147420334531494
"2397001","2407000",2402000.5,"Fst",0.0528248250646779,0,0.0463201704490269,0.145734180168294
"2398001","2408000",2403000.5,"Fst",0.0552582560200738,0,0.0461554137523316,0.143331940887859
"2399001","2409000",2404000.5,"Fst",0.0676269476918439,0,0.0395349361297462,0.125320036408837
"2400001","2410000",2405000.5,"Fst",0.0724163981550749,0,0.0358354070669747,0.114197349602736
"2401001","2411000",2406000.5,"Fst",0.0717282452802736,0,0.0354967633128617,0.113159100241885
"2402001","2412000",2407000.5,"Fst",0.0888773823812188,0,0.0335585174257775,0.0981517045377851
"2403001","2413000",2408000.5,"Fst",0.0900936159591015,0,0.0320122428313078,0.101994855824225
"2404001","2414000",2409000.5,"Fst",0.0894078098513645,0,0.0317913355604377,0.101236447641299
"2405001","2415000",2410000.5,"Fst",0.120566862584758,0,0.0325536047788495,0.0746706788979508
"2406001","2416000",2411000.5,"Fst",0.0979437707101073,0,0.0320597973016607,0.0924206491795425
"2407001","2417000",2412000.5,"Fst",0.10013227101553,0,0.0337599625738136,0.0942673926863651
"2408001","2418000",2413000.5,"Fst",0.0950562636121641,0,0.0340698015830905,0.100701139133256
"2409001","2419000",2414000.5,"Fst",0.131391214839217,0,0.0346442018170296,0.0713284302973605
"2410001","2420000",2415000.5,"Fst",0.136520933397195,0,0.0346902218661072,0.0631418623709077
"2411001","2421000",2416000.5,"Fst",0.138274815542238,0,0.0350774755380844,0.0639624574725022
"2412001","2422000",2417000.5,"Fst",0.153683796638741,0,0.0328097036280618,0.094195131173416
"2413001","2423000",2418000.5,"Fst",0.155636383977665,0,0.0339628985859408,0.0841707697530952
"2414001","2424000",2419000.5,"Fst",0.158491162065693,0,0.0346142546392375,0.0857310637660442
"2415001","2425000",2420000.5,"Fst",0.159521224932869,0,0.0348593250635296,0.0865344067471728
"2416001","2426000",2421000.5,"Fst",0.186291612179741,0,0.0390754023848512,0.0923516260472782
"2417001","2427000",2422000.5,"Fst",0.188182285388576,0,0.0391002203308297,0.0930211242003974
"2418001","2428000",2423000.5,"Fst",0.188182285388576,0,0.0390132717481169,0.0930211242003974
"2419001","2429000",2424000.5,"Fst",0.183347739371002,0,0.03921571683717,0.0927064494360358
"2420001","2430000",2425000.5,"Fst",0.172165908315803,0,0.0392749228699038,0.105229470496232
"2421001","2431000",2426000.5,"Fst",0.157233926189954,0,0.0363121599895157,0.0996664681357952
"2422001","2432000",2427000.5,"Fst",0.105201432574366,0,0.0287694507783183,0.0916379646770402
"2423001","2433000",2428000.5,"Fst",0.159372898473427,0,0.035716408231121,0.102822811208559
"2424001","2434000",2429000.5,"Fst",0.152759787089973,0,0.034968346245235,0.0979244943433671
"2425001","2435000",2430000.5,"Fst",0.15216163269316,0,0.0353494045516835,0.0976109307596753
"2426001","2436000",2431000.5,"Fst",0.120509435598887,0,0.0267827311238949,0.0796118227855764
"2427001","2437000",2432000.5,"Fst",0.128435021434039,0,0.0283940745415143,0.0720499288879042
"2428001","2438000",2433000.5,"Fst",0.129788259911287,0,0.028758116246159,0.0729812755063405
"2429001","2439000",2434000.5,"Fst",0.131498937955176,0,0.0288248863620412,0.0774750732829721
"2430001","2440000",2435000.5,"Fst",0.138335386422744,0,0.0274570280271134,0.0557809446456488
"2431001","2441000",2436000.5,"Fst",0.144960804068669,0,0.0285691581962005,0.0542750847733674
"2432001","2442000",2437000.5,"Fst",0.156843739051148,0,0.0300414772556166,0.0577001917345424
"2433001","2443000",2438000.5,"Fst",0.0696764815404701,0,0.0216530134915006,0.0424564323124914
"2434001","2444000",2439000.5,"Fst",0.0745568405471787,0,0.0219696683866056,0.0456681889176168
"2435001","2445000",2440000.5,"Fst",0.073142156854923,0,0.0214801895125771,0.0446243445994998
"2436001","2446000",2441000.5,"Fst",0.0689657870306982,0,0.0202420253088931,0.0419048080754216
"2437001","2447000",2442000.5,"Fst",0.0324677978950185,0,0.0349185676722459,0.107450706224968
"2438001","2448000",2443000.5,"Fst",0.0403544689277572,0,0.029559750262906,0.119815274987509
"2439001","2449000",2444000.5,"Fst",0.0431023428665605,0,0.0317397699624304,0.116879670830997
"2440001","2450000",2445000.5,"Fst",0.0359381242557417,0,0.0319214697598115,0.11928062309995
"2441001","2451000",2446000.5,"Fst",0.0873578166583837,0,0.0324147506884882,0.113478469183771
"2442001","2452000",2447000.5,"Fst",0.0905335161732678,0,0.033964794299738,0.118591217245062
"2443001","2453000",2448000.5,"Fst",0.0870627365063525,0,0.0331553480816645,0.118004132413065
"2444001","2454000",2449000.5,"Fst",0.0846405096224937,0,0.0319768139694816,0.114126820806299
"2445001","2455000",2450000.5,"Fst",0.123546633049292,0,0.034174703400578,0.112068128810059
"2446001","2456000",2451000.5,"Fst",0.135318701419746,0,0.0310500568181594,0.0885433800662421
"2447001","2457000",2452000.5,"Fst",0.155350243614212,0,0.0258594274155279,0.0514332131920132
"2448001","2458000",2453000.5,"Fst",0.167010295463591,0,0.0287954294672609,0.0569316668949941
"2449001","2459000",2454000.5,"Fst",0.172628673762879,0,0.0306155750954499,0.0609687086986466
"2450001","2460000",2455000.5,"Fst",0.167695643394584,0,0.0275295397337264,0.0607613648009476
"2451001","2461000",2456000.5,"Fst",0.15051751852706,0,0.025236771819092,0.0548572459157654
"2452001","2462000",2457000.5,"Fst",0.0779982624894594,0,0.0280771083372696,0.0630170396243163
"2453001","2463000",2458000.5,"Fst",0.0782883152187366,0,0.0256931160951982,0.0598244016486009
"2454001","2464000",2459000.5,"Fst",0.0901104149012939,0,0.026502781627149,0.0633941487261288
"2455001","2465000",2460000.5,"Fst",0.0770924317557449,0,0.0255199194647785,0.0614817434905608
"2456001","2466000",2461000.5,"Fst",0.0645843435246285,0,0.0292789259251305,0.0750880734255376
"2457001","2467000",2462000.5,"Fst",0.0643275444067019,0,0.0289529176558118,0.0747154652162585
"2458001","2468000",2463000.5,"Fst",0.0641867919709589,0,0.0288873126523289,0.0745227038557972
"2459001","2469000",2464000.5,"Fst",0.0641867919709589,0,0.0288873126523289,0.0745227038557972
"2460001","2470000",2465000.5,"Fst",0.0640577325581352,0,0.0297731507731202,0.0760253329351176
"2461001","2471000",2466000.5,"Fst",0.0638868079934537,0,0.0297046864035288,0.0758574272383101
"2462001","2472000",2467000.5,"Fst",0.0718610838336926,0,0.0316419919524414,0.100155177880164
"2463001","2473000",2468000.5,"Fst",0.0717733386660737,0,0.0383852402385051,0.123933395761831
"2464001","2474000",2469000.5,"Fst",0.021256110217822,0,0.0425405245479577,0.130567620438244
"2465001","2475000",2470000.5,"Fst",0.0186198103688888,0,0.0469606294072776,0.137092820077927
"2466001","2476000",2471000.5,"Fst",0.0126925946694263,0,0.040522874039893,0.124789035754288
"2467001","2477000",2472000.5,"Fst",0.00907813852438466,0,0.0423068621767421,0.125344826302822
"2468001","2478000",2473000.5,"Fst",0.0246856459139698,0,0.036449442447936,0.137862867014066
"2469001","2479000",2474000.5,"Fst",0.0243366009807697,0,0.035865964670621,0.135663971954884
"2470001","2480000",2475000.5,"Fst",0.0252505646527387,0,0.0380230027330832,0.144637497893437
"2471001","2481000",2476000.5,"Fst",0.0242646245680567,0,0.0375203450647123,0.141718597302469
"2472001","2482000",2477000.5,"Fst",0.0319793792625266,0,0.0289271663069519,0.0773415312545747
"2473001","2483000",2478000.5,"Fst",0.0329876706791232,0,0.0218153694035913,0.0577406248540606
"2474001","2484000",2479000.5,"Fst",0.0308308266287458,0,0.0203770355268817,0.0539363094372547
"2475001","2485000",2480000.5,"Fst",0.0311980721142212,0,0.0229016587969764,0.0544529577518512
"2476001","2486000",2481000.5,"Fst",0.0328643446927098,0,0.0240121608440256,0.0571954412116372
"2477001","2487000",2482000.5,"Fst",0.0340421552366729,0,0.0249060592050236,0.0587779973649539
"2478001","2488000",2483000.5,"Fst",0.10623140518193,0,0.022355300637431,0.0537700035216941
"2479001","2489000",2484000.5,"Fst",0.101231170302141,0,0.0213847556498512,0.0511486551706517
"2480001","2490000",2485000.5,"Fst",0.0717493691686232,0,0.0338777829989133,0.106194608666014
"2481001","2491000",2486000.5,"Fst",0.0690412869896456,0,0.0313124043996144,0.100860927774075
"2482001","2492000",2487000.5,"Fst",0.0720513665235661,0,0.0282536563390785,0.0927449194063257
"2483001","2493000",2488000.5,"Fst",0.086280931090057,0,0.0319938760375334,0.100494089779892
"2484001","2494000",2489000.5,"Fst",0.0872176763674986,0,0.0322232435474758,0.101392724144362
"2485001","2495000",2490000.5,"Fst",0.088715675825489,0,0.0342141418298597,0.0997598662561789
"2486001","2496000",2491000.5,"Fst",0.0861697888207399,0,0.0330354368723728,0.096934874763178
"2487001","2497000",2492000.5,"Fst",0.0854018745100508,0,0.032592085769122,0.0959207979862794
"2488001","2498000",2493000.5,"Fst",0.0346906666641649,0,0.0301301930787489,0.0996290610837781
"2489001","2499000",2494000.5,"Fst",0.0559653725213154,0,0.0292364097773308,0.0948722024598341
"2490001","2500000",2495000.5,"Fst",0.0798558928993711,0,0.0178273953987348,0.0413525809847481
"2491001","2501000",2496000.5,"Fst",0.0824205702033417,0,0.018037014209051,0.0384185193097988
"2492001","2502000",2497000.5,"Fst",0.0749257514004732,0,0.0197432368116049,0.0450025004546281
"2493001","2503000",2498000.5,"Fst",0.0571448627400161,0,0.0181878725573996,0.0405291240374333
"2494001","2504000",2499000.5,"Fst",0.0578962484784661,0,0.0184993444936703,0.041195128129798
"2495001","2505000",2500000.5,"Fst",0.0605847857239462,0,0.019699595629033,0.0426297964979041
"2496001","2506000",2501000.5,"Fst",0.065588563184471,0,0.0277712327613694,0.0584081437028414
"2497001","2507000",2502000.5,"Fst",0.0685022328155392,0,0.0290832125972052,0.0615341609510343
"2498001","2508000",2503000.5,"Fst",0.0698672556576834,0,0.0287456198221071,0.0593379446640315
"2499001","2509000",2504000.5,"Fst",0.0415749105966496,0,0.0280301263492789,0.0658046222717481
"2500001","2510000",2505000.5,"Fst",0.040860460579084,0,0.0274855939515001,0.0645434796135627
"2501001","2511000",2506000.5,"Fst",0.0560852249200076,0,0.028147811675925,0.0657512664922341
"2502001","2512000",2507000.5,"Fst",0.0561408170507647,0,0.0268756182668528,0.0575040414384982
"2503001","2513000",2508000.5,"Fst",0.139612595869434,0,0.0315873365338455,0.071737601523062
"2504001","2514000",2509000.5,"Fst",0.135012514581469,0,0.0282566402422361,0.0609811886985798
"2505001","2515000",2510000.5,"Fst",0.149244486554901,0,0.0272781271787581,0.0585624633166284
"2506001","2516000",2511000.5,"Fst",0.145205240852798,0,0.0250833496702405,0.0439059375054665
"2507001","2517000",2512000.5,"Fst",0.137665478552038,0,0.0233329840168844,0.0420973346505262
"2508001","2518000",2513000.5,"Fst",0.141375494071146,0,0.0246287243490265,0.0420769120661091
"2509001","2519000",2514000.5,"Fst",0.130396454665229,0,0.0231910856610615,0.0500871113864261
"2510001","2520000",2515000.5,"Fst",0.127582029774743,0,0.0231058630393015,0.049397499338949
"2511001","2521000",2516000.5,"Fst",0.117451448456499,0,0.0224867432423664,0.0509650150937699
"2512001","2522000",2517000.5,"Fst",0.121741580012843,0,0.0232636583456745,0.0523204983901788
"2513001","2523000",2518000.5,"Fst",0.0711787288813439,0,0.0209415354872432,0.0430046677640438
"2514001","2524000",2519000.5,"Fst",0.0661465150786529,0,0.0247349086931277,0.0504839735772751
"2515001","2525000",2520000.5,"Fst",0.0326603128974671,0,0.0226634745697103,0.0503061498790333
"2516001","2526000",2521000.5,"Fst",0.0457802722324185,0,0.0234299116939476,0.0562759234860684
"2517001","2527000",2522000.5,"Fst",0.0424197104039,0,0.0216237519802103,0.053551044965697
"2518001","2528000",2523000.5,"Fst",0.0515612165022179,0,0.0247015758762747,0.046231063622368
"2519001","2529000",2524000.5,"Fst",0.0450396464422852,0,0.0238280465951787,0.054178004365637
"2520001","2530000",2525000.5,"Fst",0.0450396464422852,0,0.0243232982531617,0.0557692739478942
"2521001","2531000",2526000.5,"Fst",0.0569186201128319,0,0.0317367352954316,0.0832324582517375
"2522001","2532000",2527000.5,"Fst",0.0980572202578299,0,0.0294697151005753,0.0678045746422051
"2523001","2533000",2528000.5,"Fst",0.0978976334617502,0,0.029444257204558,0.0677161887907164
"2524001","2534000",2529000.5,"Fst",0.0977385652723377,0,0.0294426811000375,0.0678931915246725
"2525001","2535000",2530000.5,"Fst",0.102591228547182,0,0.0309256955242336,0.0714693266128433
"2526001","2536000",2531000.5,"Fst",0.100513109488581,0,0.0314412007298859,0.0721285715287863
"2527001","2537000",2532000.5,"Fst",0.109979677870534,0,0.0339939762147559,0.0788025794899773
"2528001","2538000",2533000.5,"Fst",0.0983636049247301,0,0.0327380804852612,0.0716191170069111
"2529001","2539000",2534000.5,"Fst",0.0947721552014577,0,0.0323408450578393,0.0686841078726284
"2530001","2540000",2535000.5,"Fst",0.0926796355749527,0,0.0311832303127845,0.066831515688337
"2531001","2541000",2536000.5,"Fst",0.109501634902093,0,0.0274834797815824,0.0504930618667173
"2532001","2542000",2537000.5,"Fst",0.00348991295208945,0,0.0182167762518658,0.0331172919647206
"2533001","2543000",2538000.5,"Fst",0.00363707795609314,0,0.0189321016214239,0.0344786156254528
"2534001","2544000",2539000.5,"Fst",0.062469484612688,0,0.0227607860239032,0.0573732649401327
"2535001","2545000",2540000.5,"Fst",0.0585396499923878,0,0.0209326323995756,0.0544016918999856
"2536001","2546000",2541000.5,"Fst",0.0518664722688084,0,0.0194083467318354,0.0489832238577158
"2537001","2547000",2542000.5,"Fst",0.0467495742151097,0,0.0207825213193638,0.0448079615759638
"2538001","2548000",2543000.5,"Fst",0.128197201551586,0,0.026332209612276,0.056386801404948
"2539001","2549000",2544000.5,"Fst",0.163774899771206,0,0.0328225597637855,0.0696352781198921
"2540001","2550000",2545000.5,"Fst",0.171541501976285,0,0.0346863601391793,0.0732093253491479
"2541001","2551000",2546000.5,"Fst",0.127424848705314,0,0.0373295178895182,0.0876201774838637
"2542001","2552000",2547000.5,"Fst",0.108789985032221,0,0.0325216006242174,0.0899066890978777
"2543001","2553000",2548000.5,"Fst",0.102003442441858,0,0.0308280973460106,0.0834375829177973
"2544001","2554000",2549000.5,"Fst",0.0953646203413996,0,0.0323498337132923,0.0891952884032697
"2545001","2555000",2550000.5,"Fst",0.0973885252436281,0,0.0331960363349271,0.0915939185410566
"2546001","2556000",2551000.5,"Fst",0.103262684392734,0,0.0349444401033196,0.0976753661754144
"2547001","2557000",2552000.5,"Fst",0.108448994004854,0,0.0361406473157992,0.102613497839016
"2548001","2558000",2553000.5,"Fst",0.0666229488561505,0,0.0333933461771644,0.0997794681877914
"2549001","2559000",2554000.5,"Fst",0.0296579441901723,0,0.0320473577045288,0.0471081414128746
"2550001","2560000",2555000.5,"Fst",0.0298052622388869,0,0.0322286312532189,0.0473373662442653
"2551001","2561000",2556000.5,"Fst",0.0404792662268803,0,0.0334380959233406,0.048148480002164
"2552001","2562000",2557000.5,"Fst",0.0395383416657715,0,0.0371766206320449,0.0538772518030594
"2553001","2563000",2558000.5,"Fst",0.051033675081651,0,0.0355354299103993,0.0477234542697806
"2554001","2564000",2559000.5,"Fst",0.0428465093947816,0,0.0333113453202145,0.0469274307207075
"2555001","2565000",2560000.5,"Fst",0.0341142430286683,0,0.0337977692905751,0.0456838989435556
"2556001","2566000",2561000.5,"Fst",0.0401857687110104,0,0.0324486446864453,0.0438009262711246
"2557001","2567000",2562000.5,"Fst",0.0396654057498821,0,0.0319302120884909,0.0426187552450842
"2558001","2568000",2563000.5,"Fst",0.0564922585166713,0,0.0292081138189711,0.0396385080896502
"2559001","2569000",2564000.5,"Fst",0.0555900355743285,0,0.0230553766970939,0.0361355614616103
"2560001","2570000",2565000.5,"Fst",0.054585341401169,0,0.0227430571350728,0.0355279849189928
"2561001","2571000",2566000.5,"Fst",0.0711696050158039,0,0.0221389147398751,0.0396893084904596
"2562001","2572000",2567000.5,"Fst",0.0722513717429724,0,0.0219785237463041,0.0374708793360617
"2563001","2573000",2568000.5,"Fst",0.0685433110911746,0,0.0221103355278716,0.0371828610755873
"2564001","2574000",2569000.5,"Fst",0.081104488626263,0,0.021502073025567,0.0459855764679671
"2565001","2575000",2570000.5,"Fst",0.116715496712244,0,0.0304331760522021,0.0677150624767363
"2566001","2576000",2571000.5,"Fst",0.127865294162726,0,0.0322946840173198,0.0741943069733688
"2567001","2577000",2572000.5,"Fst",0.084783708030774,0,0.0438897099294979,0.119203991882007
"2568001","2578000",2573000.5,"Fst",0.0716284796261979,0,0.0394857471824969,0.106816039050937
"2569001","2579000",2574000.5,"Fst",0.0816360914934402,0,0.0363180453428526,0.100731616369784
"2570001","2580000",2575000.5,"Fst",0.0783990576119861,0,0.0349122821460551,0.0970377556954592
"2571001","2581000",2576000.5,"Fst",0.0547613792462529,0,0.0334135630210375,0.0899335478808038
"2572001","2582000",2577000.5,"Fst",0.0560803404463107,0,0.0335411246177775,0.0900176053299272
"2573001","2583000",2578000.5,"Fst",0.0552391461060944,0,0.0346812422742012,0.092985085320564
"2574001","2584000",2579000.5,"Fst",0.0510319565139981,0,0.0352256835804246,0.0956653225423368
"2575001","2585000",2580000.5,"Fst",0.0560505632351287,0,0.043345324449867,0.120275598400155
"2576001","2586000",2581000.5,"Fst",0.037556887475338,0,0.0457216131987615,0.126064764555231
"2577001","2587000",2582000.5,"Fst",0.0588723184011652,0,0.0362097522465037,0.098345850063336
"2578001","2588000",2583000.5,"Fst",0.0477791694124347,0,0.0403595018543242,0.121332470644006
"2579001","2589000",2584000.5,"Fst",0.0450964110359326,0,0.0400037101476586,0.116954304126065
"2580001","2590000",2585000.5,"Fst",0.0482533216121849,0,0.0405792890404606,0.123161758193281
"2581001","2591000",2586000.5,"Fst",0.0519576204104,0,0.0433780501811851,0.133962523742496
"2582001","2592000",2587000.5,"Fst",0.0462382734489066,0,0.0479774722017136,0.145787652477483
"2583001","2593000",2588000.5,"Fst",0.0534871344672676,0,0.0562956491457459,0.168772228733148
"2584001","2594000",2589000.5,"Fst",0.0552873913222951,0,0.0564109200037207,0.1720124250646
"2585001","2595000",2590000.5,"Fst",0.0403920684745502,0,0.0408515146755765,0.121930480856138
"2586001","2596000",2591000.5,"Fst",0.0415834725561306,0,0.0420471825884091,0.125319266481659
"2587001","2597000",2592000.5,"Fst",0.0415834725561306,0,0.0420471825884091,0.125319266481659
"2588001","2598000",2593000.5,"Fst",0.0422125197874605,0,0.0403035479012475,0.121744544913098
"2589001","2599000",2594000.5,"Fst",0.0469725002102431,0,0.0410470487816418,0.131366245923601
"2590001","2600000",2595000.5,"Fst",0.0531030279814036,0,0.0507072689211567,0.154125535729759
"2591001","2601000",2596000.5,"Fst",0.054446194000807,0,0.0518312295292187,0.157852232621325
"2592001","2602000",2597000.5,"Fst",0.0571027349681603,0,0.0544084045746907,0.165873761683751
"2593001","2603000",2598000.5,"Fst",0.013196835629836,0,0.013196835629836,0.014645308924485
"2594001","2604000",2599000.5,"Fst",0.0200393630345319,0,0.0188585432140802,0.021111111111111
"2595001","2605000",2600000.5,"Fst",0.0187862029128134,0,0.013631257258827,0.0187862029128134
"2596001","2606000",2601000.5,"Fst",0.031969821264325,0,0.0209483042496821,0.0270503727950536
"2597001","2607000",2602000.5,"Fst",0.0265005843761376,0,0.0294135629580173,0.0682518793199698
"2598001","2608000",2603000.5,"Fst",0.0592315871145722,0,0.0360736656492982,0.093342766672641
"2599001","2609000",2604000.5,"Fst",0.0595453469437529,0,0.0360456643872258,0.0930541602001509
"2600001","2610000",2605000.5,"Fst",0.0557844282864993,0,0.0327358693119895,0.0898040564732975
"2601001","2611000",2606000.5,"Fst",0.0542726987027481,0,0.0321032089231077,0.0866569443330505
"2602001","2612000",2607000.5,"Fst",0.0534138317073727,0,0.0311203210510194,0.0844759324168677
"2603001","2613000",2608000.5,"Fst",0.0531221206402731,0,0.0308685305350645,0.0840296533355606
"2604001","2614000",2609000.5,"Fst",0.0531553348293105,0,0.0312561402237218,0.0840296533355606
"2605001","2615000",2610000.5,"Fst",0.0544295153245639,0,0.030083335399995,0.0767971742293307
"2606001","2616000",2611000.5,"Fst",0.0543129107888833,0,0.0313522232622901,0.0823582706549206
"2607001","2617000",2612000.5,"Fst",0.0634359877942906,0,0.0289369513159245,0.0972391559535219
"2608001","2618000",2613000.5,"Fst",0.0250002847672312,0,0.0136250061122119,0.029459518686748
"2609001","2619000",2614000.5,"Fst",0.0254308503165388,0,0.0138321388336505,0.028564324934788
"2610001","2620000",2615000.5,"Fst",0.0282012910068693,0,0.0143753536214083,0.0307285590089813
"2611001","2621000",2616000.5,"Fst",0.0283125462646125,0,0.0157472706649871,0.0295961328551381
"2612001","2622000",2617000.5,"Fst",0.028632635995407,0,0.017027878065444,0.0312428554535062
"2613001","2623000",2618000.5,"Fst",0.0292638432617224,0,0.0174791465490051,0.0319229917232213
"2614001","2624000",2619000.5,"Fst",0.0439573601628938,0,0.0180367522108169,0.0308709874546175
"2615001","2625000",2620000.5,"Fst",0.036170058094251,0,0.0176313157969737,0.0391276595744682
"2616001","2626000",2621000.5,"Fst",0.0412511925855255,0,0.0319809687031172,0.0871555216322532
"2617001","2627000",2622000.5,"Fst",0.0371939293841441,0,0.0348740716801551,0.0826088855882223
"2618001","2628000",2623000.5,"Fst",0.0311792425767216,0,0.039333617388694,0.0826385009293554
"2619001","2629000",2624000.5,"Fst",0.0286687078995712,0,0.037113808151416,0.0807962599223142
"2620001","2630000",2625000.5,"Fst",0.0392500393099835,0,0.0416542628055137,0.113724174534408
"2621001","2631000",2626000.5,"Fst",0.0354230088288739,0,0.0405435925536029,0.105451321350413
"2622001","2632000",2627000.5,"Fst",0.0339229429095065,0,0.0387869503057878,0.104693517024008
"2623001","2633000",2628000.5,"Fst",0.03367744215958,0,0.038511525889427,0.103858640492716
"2624001","2634000",2629000.5,"Fst",0.0283986121928177,0,0.0390086852714396,0.106219761257276
"2625001","2635000",2630000.5,"Fst",0.0267089735703655,0,0.0401410733764029,0.102463756856436
"2626001","2636000",2631000.5,"Fst",0.0349012878732824,0,0.0308676830009344,0.0881632953689515
"2627001","2637000",2632000.5,"Fst",0.0512148073115278,0,0.0316367134441779,0.0886155503480429
"2628001","2638000",2633000.5,"Fst",0.06140554516656,0,0.027424643359653,0.0840806219567861
"2629001","2639000",2634000.5,"Fst",0.0655542934923843,0,0.0280034055041034,0.086827800445881
"2630001","2640000",2635000.5,"Fst",0.0582946620081209,0,0.0186821161170538,0.0433004033266785
"2631001","2641000",2636000.5,"Fst",0.0631499547331463,0,0.0184709935139377,0.0390802184323751
"2632001","2642000",2637000.5,"Fst",0.0658479614239456,0,0.0190249858370872,0.0413247423610734
"2633001","2643000",2638000.5,"Fst",0.115966405692509,0,0.0229426791771766,0.0618661316528943
"2634001","2644000",2639000.5,"Fst",0.120349854535418,0,0.0238978533374628,0.0651696159534682
"2635001","2645000",2640000.5,"Fst",0.126453607510157,0,0.0232542220287604,0.0688446110417474
"2636001","2646000",2641000.5,"Fst",0.138054355486105,0,0.0251347590781973,0.0626975831076043
"2637001","2647000",2642000.5,"Fst",0.0905322124550315,0,0.0342554976725096,0.0679004369394368
"2638001","2648000",2643000.5,"Fst",0.0911842580520348,0,0.0365995675776533,0.0737126564450196
"2639001","2649000",2644000.5,"Fst",0.0864006442457519,0,0.0344882806079213,0.0709734345980202
"2640001","2650000",2645000.5,"Fst",0.0913530581486637,0,0.0357853519635645,0.0757226375710873
"2641001","2651000",2646000.5,"Fst",0.0952093730178675,0,0.0373705390971177,0.0787394278222096
"2642001","2652000",2647000.5,"Fst",0.0966999307167774,0,0.0379702837253712,0.0797785273891457
"2643001","2653000",2648000.5,"Fst",0.0491859553067471,0,0.0468851181042763,0.070643163723338
"2644001","2654000",2649000.5,"Fst",0.0487254795999121,0,0.0446574354505651,0.0666212639497269
"2645001","2655000",2650000.5,"Fst",0.0684487329278143,0,0.0405152627828017,0.0638549447459646
"2646001","2656000",2651000.5,"Fst",0.0312778155567423,0,0.0456230360032595,0.0902364258711211
"2647001","2657000",2652000.5,"Fst",0.128900649829169,0,0.0310745053740931,0.0853584073229129
"2648001","2658000",2653000.5,"Fst",0.12900360060265,0,0.0287129181258151,0.0786858401207451
"2649001","2659000",2654000.5,"Fst",0.180573079535781,0,0.0333276934120867,0.0749691468416999
"2650001","2660000",2655000.5,"Fst",0.186939937532823,0,0.0322550081800494,0.0637936356532451
"2651001","2661000",2656000.5,"Fst",0.181777746327952,0,0.0315671248127232,0.0632262306548083
"2652001","2662000",2657000.5,"Fst",0.183867697855548,0,0.0300333064894258,0.0622770892926634
"2653001","2663000",2658000.5,"Fst",0.18196185374977,0,0.0297007394142956,0.0616025136067717
"2654001","2664000",2659000.5,"Fst",0.187398560969442,0,0.031068531028692,0.0641806080007912
"2655001","2665000",2660000.5,"Fst",0.18397931534574,0,0.0329739218595902,0.0706304114347843
"2656001","2666000",2661000.5,"Fst",0.182458792431279,0,0.0309507584243098,0.0703814192926169
"2657001","2667000",2662000.5,"Fst",0.195683211116554,0,0.0316997740927249,0.0667248751045073
"2658001","2668000",2663000.5,"Fst",0.198431461740669,0,0.0313502067352234,0.0696235703102194
"2659001","2669000",2664000.5,"Fst",0.150046525322275,0,0.0338162741905158,0.0776587743198127
"2660001","2670000",2665000.5,"Fst",0.12131906969627,0,0.0247909691860573,0.0592834374601556
"2661001","2671000",2666000.5,"Fst",0.128036321185719,0,0.0265418401789837,0.0608432147562582
"2662001","2672000",2667000.5,"Fst",0.0527219142477552,0,0.0221186416486412,0.0425251462757215
"2663001","2673000",2668000.5,"Fst",0.0568110386208868,0,0.0238526130727669,0.0458135021814267
"2664001","2674000",2669000.5,"Fst",0.0194843993492368,0,0.0305400023526923,0.0848742789659087
"2665001","2675000",2670000.5,"Fst",0.0189903776187953,0,0.0336524963384472,0.0928285070408224
"2666001","2676000",2671000.5,"Fst",0,0,0.0374264853636569,0.0961331203594811
"2667001","2677000",2672000.5,"Fst",0.0160813261619336,0,0.0316131203945811,0.0843338190190223
"2668001","2678000",2673000.5,"Fst",0.029434483264199,0,0.0289589029265945,0.0743378566988423
"2669001","2679000",2674000.5,"Fst",0.0307237651493338,0,0.030579322078293,0.0797595000237206
"2670001","2680000",2675000.5,"Fst",0.0270449000483408,0,0.0297978909409685,0.0691700692705971
"2671001","2681000",2676000.5,"Fst",0.09399425736151,0,0.0318067618863534,0.0551072269094525
"2672001","2682000",2677000.5,"Fst",0.0870229758708597,0,0.030291903819637,0.0517939570256952
"2673001","2683000",2678000.5,"Fst",0.0798534095705898,0,0.0306515300289486,0.0559273603301409
"2674001","2684000",2679000.5,"Fst",0.11765229939143,0,0.0304151877894875,0.063058321600027
"2675001","2685000",2680000.5,"Fst",0.141647645171401,0,0.029435653188999,0.0673488354198751
"2676001","2686000",2681000.5,"Fst",0.142751515064132,0,0.0297051338408737,0.0679826796957296
"2677001","2687000",2682000.5,"Fst",0.140741541750566,0,0.0269611848699957,0.0640802082399996
"2678001","2688000",2683000.5,"Fst",0.143873787035142,0,0.0275088839058081,0.0657124073631367
"2679001","2689000",2684000.5,"Fst",0.143149598963464,0,0.0264933575261264,0.0568605272421552
"2680001","2690000",2685000.5,"Fst",0.149327166966918,0,0.0255461355235041,0.0557599700911217
"2681001","2691000",2686000.5,"Fst",0.109620645078128,0,0.0210741410600634,0.0498231763039259
"2682001","2692000",2687000.5,"Fst",0.113477861363937,0,0.0209546231207124,0.0487657104374279
"2683001","2693000",2688000.5,"Fst",0.120066698344572,0,0.02094429794727,0.0482508589577911
"2684001","2694000",2689000.5,"Fst",0.119700331067033,0,0.020980062240015,0.0481333581706266
"2685001","2695000",2690000.5,"Fst",0.0765507515706458,0,0.0204039370740743,0.0336929661003249
"2686001","2696000",2691000.5,"Fst",0.0717768856587688,0,0.0190157385105873,0.0313057058516607
"2687001","2697000",2692000.5,"Fst",0.0558521568804259,0,0.01642493233496,0.0337243401759532
"2688001","2698000",2693000.5,"Fst",0.0567327381889979,0,0.0155673979807419,0.0309813832522737
"2689001","2699000",2694000.5,"Fst",0.0309590935688069,0,0.0172382519774877,0.0403013072146238
"2690001","2700000",2695000.5,"Fst",0.0407643947709809,0,0.0164947291031996,0.0370487483530961
"2691001","2701000",2696000.5,"Fst",0.0378360392541296,0,0.0192291268514095,0.037433940397586
"2692001","2702000",2697000.5,"Fst",0.0321011137131897,0,0.0184577656225529,0.0370295433547823
"2693001","2703000",2698000.5,"Fst",0.0976475090919389,0,0.024970969346339,0.0419729797781748
"2694001","2704000",2699000.5,"Fst",0.0893291657708614,0,0.0234800653760875,0.0389469401413003
"2695001","2705000",2700000.5,"Fst",0.0925154499596008,0,0.0215309263886662,0.0459210738505673
"2696001","2706000",2701000.5,"Fst",0.0832240896952726,0,0.0222115916597626,0.0394786884871811
"2697001","2707000",2702000.5,"Fst",0.090106120085381,0,0.0218078094190044,0.0433022951890877
"2698001","2708000",2703000.5,"Fst",0.0904182101382263,0,0.0209595082079837,0.0343243758338099
"2699001","2709000",2704000.5,"Fst",0.100857875311416,0,0.0230238415959647,0.0457920158722036
"2700001","2710000",2705000.5,"Fst",0.0953517008277603,0,0.0241099277322649,0.0456323930846224
"2701001","2711000",2706000.5,"Fst",0.0883850039739436,0,0.0256261567931822,0.0571273142171109
"2702001","2712000",2707000.5,"Fst",0.0933301131577551,0,0.0261933716894161,0.0567633465513092
"2703001","2713000",2708000.5,"Fst",0.0579383727450523,0,0.030018952351763,0.0750721296687404
"2704001","2714000",2709000.5,"Fst",0.0607851190626045,0,0.0312766464170505,0.0797238431823784
"2705001","2715000",2710000.5,"Fst",0.0546909111725783,0,0.0281081735002754,0.0731684328167287
"2706001","2716000",2711000.5,"Fst",0.0684009469100521,0,0.0275656839053742,0.0765218667012525
"2707001","2717000",2712000.5,"Fst",0.0678612184294316,0,0.0273763196445692,0.0759498933249485
"2708001","2718000",2713000.5,"Fst",0.0687810479701052,0,0.0274386290110667,0.0768729763086994
"2709001","2719000",2714000.5,"Fst",0.064276212798713,0,0.026832181589017,0.076130358239242
"2710001","2720000",2715000.5,"Fst",0.114623843936171,0,0.0280845810654859,0.0609857914070963
"2711001","2721000",2716000.5,"Fst",0.155401895234101,0,0.027200087664975,0.067823499605809
"2712001","2722000",2717000.5,"Fst",0.154488717239183,0,0.0272772212385624,0.0672521822665516
"2713001","2723000",2718000.5,"Fst",0.159854058984494,0,0.0292245578515178,0.0713875160408373
"2714001","2724000",2719000.5,"Fst",0.164806054507903,0,0.0304078521928385,0.0728658538420741
"2715001","2725000",2720000.5,"Fst",0.178573244139127,0,0.0324440572423382,0.0772444270159753
"2716001","2726000",2721000.5,"Fst",0.206112820013365,0,0.0428237212456501,0.0994307120011124
"2717001","2727000",2722000.5,"Fst",0.196216744566734,0,0.0403985746971584,0.0950326912392692
"2718001","2728000",2723000.5,"Fst",0.193282078856428,0,0.0396767807685348,0.0933756119777752
"2719001","2729000",2724000.5,"Fst",0.184079403883375,0,0.0361778098556634,0.0910467684475735
"2720001","2730000",2725000.5,"Fst",0.153677089602126,0,0.0301662808913043,0.0658427102343
"2721001","2731000",2726000.5,"Fst",0.071588976969108,0,0.0269629111693455,0.0715911012005807
"2722001","2732000",2727000.5,"Fst",0.0785257870699065,0,0.0298104528213616,0.0780768023502092
"2723001","2733000",2728000.5,"Fst",0.0760346625753335,0,0.0284022054415655,0.0737514678658775
"2724001","2734000",2729000.5,"Fst",0.0792518899420547,0,0.0307203238572531,0.0659552352897308
"2725001","2735000",2730000.5,"Fst",0.0899947602663329,0,0.0263630075255025,0.0523546086159681
"2726001","2736000",2731000.5,"Fst",0.086064833407312,0,0.0260177665730952,0.0648366650680153
"2727001","2737000",2732000.5,"Fst",0.0883238212132804,0,0.0263145801518789,0.0641771228815913
"2728001","2738000",2733000.5,"Fst",0.0885626361560803,0,0.0264051428095118,0.064431099711217
"2729001","2739000",2734000.5,"Fst",0.086840955075086,0,0.0266783630041384,0.0589645125017539
"2730001","2740000",2735000.5,"Fst",0.0873910836671874,0,0.0267290110706409,0.059311348153286
"2731001","2741000",2736000.5,"Fst",0.0909031711626382,0,0.0273884510299604,0.0585206120127517
"2732001","2742000",2737000.5,"Fst",0.0900533186867003,0,0.0268544104606727,0.0575326158810404
"2733001","2743000",2738000.5,"Fst",0.0911492960055372,0,0.0271148163199433,0.0585210903829499
"2734001","2744000",2739000.5,"Fst",0.0897298843299152,0,0.0271271486289555,0.0589875323920972
"2735001","2745000",2740000.5,"Fst",0.0856624060501968,0,0.0321608896060373,0.0731526129208628
"2736001","2746000",2741000.5,"Fst",0.088315515218486,0,0.0358948647705111,0.0660131456376966
"2737001","2747000",2742000.5,"Fst",0.0858737094078447,0,0.0334866659017287,0.0558579852987998
"2738001","2748000",2743000.5,"Fst",0.0972280089659153,0,0.0295602505378416,0.0486982737759134
"2739001","2749000",2744000.5,"Fst",0.102832502121143,0,0.0270942715142783,0.060697131878688
"2740001","2750000",2745000.5,"Fst",0.0979103001868442,0,0.0250575596530179,0.0563007518796993
"2741001","2751000",2746000.5,"Fst",0.0859677162638935,0,0.0223565901720206,0.0394406015037595
"2742001","2752000",2747000.5,"Fst",0.0909926060318077,0,0.0243728450880939,0.0439691261119833
"2743001","2753000",2748000.5,"Fst",0.0909926060318077,0,0.0243728450880939,0.0439691261119833
"2744001","2754000",2749000.5,"Fst",0.0999071036838262,0,0.0271629697267626,0.0502781374382584
"2745001","2755000",2750000.5,"Fst",0.105369116252528,0,0.0285651797988872,0.0530283488860228
"2746001","2756000",2751000.5,"Fst",0.118387858955946,0,0.0316767488353982,0.0635365040721096
"2747001","2757000",2752000.5,"Fst",0.118387858955946,0,0.0316767488353982,0.0635365040721096
"2748001","2758000",2753000.5,"Fst",0.107812353107079,0,0.038078065245322,0.0938035656996196
"2749001","2759000",2754000.5,"Fst",0.0165931156222419,0,0.0223470831970008,0.02375
"2750001","2760000",2755000.5,"Fst",0,0,0,0
"2751001","2761000",2756000.5,"Fst",0,0,0,0
"2752001","2762000",2757000.5,"Fst",0,0,0,0
"2753001","2763000",2758000.5,"Fst",0,0,0,0
"2754001","2764000",2759000.5,"Fst",0,0,0,0
"2755001","2765000",2760000.5,"Fst",0,0,0,0
"2756001","2766000",2761000.5,"Fst",0,0,0,0
"2757001","2767000",2762000.5,"Fst",0,0,0,0
"2758001","2768000",2763000.5,"Fst",0,0,0,0
"2759001","2769000",2764000.5,"Fst",0,0,0,0
"2760001","2770000",2765000.5,"Fst",0,0,0,0
"2761001","2771000",2766000.5,"Fst",0,0,0,0
"2762001","2772000",2767000.5,"Fst",0,0,0,0
"2763001","2773000",2768000.5,"Fst",0,0,0,0
"2764001","2774000",2769000.5,"Fst",0,0,0,0
"2765001","2775000",2770000.5,"Fst",0,0,0,0
"2766001","2776000",2771000.5,"Fst",0,0,0,0
"2767001","2777000",2772000.5,"Fst",0,0,0,0
"2768001","2778000",2773000.5,"Fst",0,0,0,0
"2769001","2779000",2774000.5,"Fst",0,0,0,0
"2770001","2780000",2775000.5,"Fst",0,0,0,0
"2771001","2781000",2776000.5,"Fst",0.201265718747432,0,0.0758501336942589,0.235343929294901
"2772001","2782000",2777000.5,"Fst",0.194405779459631,0,0.0734749048170389,0.227183396762075
"2773001","2783000",2778000.5,"Fst",0.160117879049638,0,0.0581191897804326,0.163717137905843
"2774001","2784000",2779000.5,"Fst",0.154121432583237,0,0.055633890130639,0.156666481100039
"2775001","2785000",2780000.5,"Fst",0.145104438856723,0,0.0523819428987931,0.146186317073635
"2776001","2786000",2781000.5,"Fst",0.136480460514958,0,0.0480716754743346,0.135035807101254
"2777001","2787000",2782000.5,"Fst",0.127643086786995,0,0.0448246268407106,0.125463745400027
"2778001","2788000",2783000.5,"Fst",0.115756059273074,0,0.03883694943314,0.102128082553103
"2779001","2789000",2784000.5,"Fst",0.11183161234036,0,0.0373486522315573,0.0981776956610469
"2780001","2790000",2785000.5,"Fst",0.110675291900251,0,0.0346944568669367,0.092144805721448
"2781001","2791000",2786000.5,"Fst",0.0771214134332862,0,0.0253511448532996,0.0553696769158425
"2782001","2792000",2787000.5,"Fst",0.0759804834226151,0,0.0255330218776851,0.0551882094326294
"2783001","2793000",2788000.5,"Fst",0.0367653706846638,0,0.0189300191708992,0.0402033584571136
"2784001","2794000",2789000.5,"Fst",0.0436872796318084,0,0.0185894182453107,0.036561215958273
"2785001","2795000",2790000.5,"Fst",0.0462175232478759,0,0.0195780586435501,0.0398426043601523
"2786001","2796000",2791000.5,"Fst",0.0476044475638138,0,0.0209523468351034,0.0434810024592058
"2787001","2797000",2792000.5,"Fst",0.0514365167398334,0,0.0222828149705685,0.0464006529997174
"2788001","2798000",2793000.5,"Fst",0.0440942760942762,0,0.021125033856902,0.0372470859599816
"2789001","2799000",2794000.5,"Fst",0.0477363855070352,0,0.0228597962611618,0.0396329204035373
"2790001","2800000",2795000.5,"Fst",0.0267670906006768,0,0.0255850306624722,0.035029878425716
"2791001","2801000",2796000.5,"Fst",0.0728772597575037,0,0.0252370515075924,0.0458215891118521
"2792001","2802000",2797000.5,"Fst",0.0718879740345078,0,0.0241430698559438,0.0430282760717544
"2793001","2803000",2798000.5,"Fst",0.0678704534879895,0,0.0226183986983311,0.0400294167562369
"2794001","2804000",2799000.5,"Fst",0.0572979778478273,0,0.0208917833741749,0.0424085395686822
"2795001","2805000",2800000.5,"Fst",0.0968588261615334,0,0.0324463142260451,0.0978426023863869
"2796001","2806000",2801000.5,"Fst",0.0951826536445227,0,0.0320181296952247,0.0961572176636437
"2797001","2807000",2802000.5,"Fst",0.103791143537539,0,0.0282663189927854,0.0888151094171854
"2798001","2808000",2803000.5,"Fst",0.0974303022626275,0,0.026531482386246,0.0825779951514382
"2799001","2809000",2804000.5,"Fst",0.0971178292917422,0,0.0236898936294294,0.0735976798307294
"2800001","2810000",2805000.5,"Fst",0.115862552156669,0,0.0254889529826101,0.0650894007288582
"2801001","2811000",2806000.5,"Fst",0.134984018681911,0,0.0274723691554975,0.0650451849174226
"2802001","2812000",2807000.5,"Fst",0.137061937367344,0,0.0279120180136893,0.066156051143521
"2803001","2813000",2808000.5,"Fst",0.134053299288491,0,0.0272989320398341,0.0646740381247811
"2804001","2814000",2809000.5,"Fst",0.136359530102997,0,0.0278956501638445,0.0652504644343803
"2805001","2815000",2810000.5,"Fst",0.140260921868795,0,0.0301129149837819,0.0712739156070882
"2806001","2816000",2811000.5,"Fst",0.143778506502413,0,0.0308531990709973,0.0730794757587506
"2807001","2817000",2812000.5,"Fst",0.139647138604725,0,0.0311842137200358,0.0811728122578305
"2808001","2818000",2813000.5,"Fst",0.149792913812157,0,0.0307059405668662,0.0731712990423555
"2809001","2819000",2814000.5,"Fst",0.154305340079928,0,0.0337600489669534,0.0796456526060361
"2810001","2820000",2815000.5,"Fst",0.146670343475197,0,0.0389214354633659,0.102060602954335
"2811001","2821000",2816000.5,"Fst",0.108514268902619,0,0.0337335104970332,0.0701919854858758
"2812001","2822000",2817000.5,"Fst",0.097634605740662,0,0.0306606720004587,0.0635595332740349
"2813001","2823000",2818000.5,"Fst",0.0964248085973168,0,0.0300286674943027,0.0628710666690003
"2814001","2824000",2819000.5,"Fst",0.0637362218686016,0,0.0282392590623027,0.0736536759423881
"2815001","2825000",2820000.5,"Fst",0.0372414897496128,0,0.0213809487412005,0.0527639072006483
"2816001","2826000",2821000.5,"Fst",0.0365671382001781,0,0.0209645669131112,0.0516805496963867
"2817001","2827000",2822000.5,"Fst",0.0332737264155925,0,0.0225034549524817,0.0519497050570737
"2818001","2828000",2823000.5,"Fst",0.0139033709729707,0,0.0233910715718554,0.0578886827902447
"2819001","2829000",2824000.5,"Fst",0.0130912433043087,0,0.0240877006587008,0.0578298472787925
"2820001","2830000",2825000.5,"Fst",0.0108906999940207,0,0.0227026392613494,0.0514608476090721
"2821001","2831000",2826000.5,"Fst",0.0109950898046569,0,0.0232802513146752,0.0530669397811662
"2822001","2832000",2827000.5,"Fst",0.0117720409295721,0,0.0237140289975026,0.0588173685823739
"2823001","2833000",2828000.5,"Fst",0.0131092549252801,0,0.023313244109654,0.058236100049486
"2824001","2834000",2829000.5,"Fst",0.0119094016547935,0,0.0182256384283517,0.0352501386802851
"2825001","2835000",2830000.5,"Fst",0.0121185084432742,0,0.0197467992944078,0.0371855716447882
"2826001","2836000",2831000.5,"Fst",0.01187412767854,0,0.0202564264209264,0.0338939457992496
"2827001","2837000",2832000.5,"Fst",0.0177233801718059,0,0.0180954721769065,0.0405254984036419
"2828001","2838000",2833000.5,"Fst",0.0160634281315386,0,0.0183129709961741,0.0390627572204643
"2829001","2839000",2834000.5,"Fst",0.0160634281315386,0,0.0183129709961741,0.0390627572204643
"2830001","2840000",2835000.5,"Fst",0.0236588272615812,0,0.0166825370855661,0.0378077851315537
"2831001","2841000",2836000.5,"Fst",0.0251569402464543,0,0.0186481538574345,0.0392206282861803
"2832001","2842000",2837000.5,"Fst",0.0165549474202078,0,0.0158502118765724,0.0311992409256846
"2833001","2843000",2838000.5,"Fst",0.0142013649260025,0,0.017701501749953,0.0333302227199201
"2834001","2844000",2839000.5,"Fst",0.0012384716732543,0,0.0175150466452113,0.0291290970217518
"2835001","2845000",2840000.5,"Fst",0.0030723964186945,0,0.0165790043417595,0.0253128508447659
"2836001","2846000",2841000.5,"Fst",0.00243748081507056,0,0.0179504674400734,0.0310981535471332
"2837001","2847000",2842000.5,"Fst",0,0,0.0206263910137381,0.0406026970770256
"2838001","2848000",2843000.5,"Fst",0.0735161712898426,0,0.0275056525037316,0.0853464905772369
"2839001","2849000",2844000.5,"Fst",0.0752380054982205,0,0.0280664853034393,0.0870928053604891
"2840001","2850000",2845000.5,"Fst",0.0721307422398737,0,0.0269636630070015,0.0836688305784373
"2841001","2851000",2846000.5,"Fst",0.0698229318493697,0,0.0264861897902253,0.0841693356921599
"2842001","2852000",2847000.5,"Fst",0.0638794452154535,0,0.0241276793208722,0.0754587883254058
"2843001","2853000",2848000.5,"Fst",0.0586098702028842,0,0.0216615641817428,0.0671185171108972
"2844001","2854000",2849000.5,"Fst",0.0651042530606396,0,0.0248252385594807,0.0745100146997812
"2845001","2855000",2850000.5,"Fst",0.0671534487384293,0,0.0254765318052667,0.0779392579867362
"2846001","2856000",2851000.5,"Fst",0.0657668413441143,0,0.024941595384355,0.0760255033765512
"2847001","2857000",2852000.5,"Fst",0.0823051532288055,0,0.0313454826409152,0.0944630272631891
"2848001","2858000",2853000.5,"Fst",0.00130952943070117,0,0.01172534766697,0.0145326918610056
"2849001","2859000",2854000.5,"Fst",0,0,0.0156720562607401,0.0274755038604707
"2850001","2860000",2855000.5,"Fst",0,0,0.0160236463517682,0.0277974664166251
"2851001","2861000",2856000.5,"Fst",0.13756138410786,0,0.0312813870449114,0.0557339621784227
"2852001","2862000",2857000.5,"Fst",0.138204189992368,0,0.0312847281882812,0.0562899924487564
"2853001","2863000",2858000.5,"Fst",0.149319488387959,0,0.0308471551036181,0.0630461399236103
"2854001","2864000",2859000.5,"Fst",0.137607087802986,0,0.0283818260057285,0.0580161225633223
"2855001","2865000",2860000.5,"Fst",0.132623427450065,0,0.0273382490967077,0.0557905506363121
"2856001","2866000",2861000.5,"Fst",0.127404002999845,0,0.0253015551294959,0.0504638665201539
"2857001","2867000",2862000.5,"Fst",0.126018349751172,0,0.0255269717803906,0.0503926938175344
"2858001","2868000",2863000.5,"Fst",0.121764032352963,0,0.0248187289860295,0.0501634641344975
"2859001","2869000",2864000.5,"Fst",0.125092277522894,0,0.0245128517110108,0.0490775543984273
"2860001","2870000",2865000.5,"Fst",0.127483861375098,0,0.0246211127975585,0.0491545589820537
"2861001","2871000",2866000.5,"Fst",0.0139573633913256,0,0.0126939606525633,0.0248164143069971
"2862001","2872000",2867000.5,"Fst",0.0150947679037566,0,0.0145483120128237,0.0300089289745955
"2863001","2873000",2868000.5,"Fst",0.015010439591445,0,0.0146251403128531,0.0298800562734777
"2864001","2874000",2869000.5,"Fst",0.0191234166573254,0,0.0151390280459132,0.0288039498734283
"2865001","2875000",2870000.5,"Fst",0.0303229227799501,0,0.0245307108520424,0.0479098792178654
"2866001","2876000",2871000.5,"Fst",0.0274302019354579,0,0.025781136866438,0.0521116406189188
"2867001","2877000",2872000.5,"Fst",0.0298606326528147,0,0.0244654243810191,0.0509798298217116
"2868001","2878000",2873000.5,"Fst",0.0875975267925272,0,0.0239698043098294,0.0468167228161395
"2869001","2879000",2874000.5,"Fst",0.0879036279454082,0,0.0227599618976845,0.0459888136537964
"2870001","2880000",2875000.5,"Fst",0.0861012319803279,0,0.0214874790399761,0.0439830867771893
"2871001","2881000",2876000.5,"Fst",0.14392291673337,0,0.0266181285774091,0.0585522461866181
"2872001","2882000",2877000.5,"Fst",0.144106283532966,0,0.0242685240074013,0.0593072903851443
"2873001","2883000",2878000.5,"Fst",0.138524044369309,0,0.022973993590604,0.0556258549527604
"2874001","2884000",2879000.5,"Fst",0.163977067580589,0,0.0324400851632815,0.0817800794622431
"2875001","2885000",2880000.5,"Fst",0.166310498791317,0,0.0341885029780715,0.0876945682968803
"2876001","2886000",2881000.5,"Fst",0.165242139652348,0,0.0336333443657234,0.0865172117346029
"2877001","2887000",2882000.5,"Fst",0.169125195721995,0,0.0354721896872468,0.0904642680121499
"2878001","2888000",2883000.5,"Fst",0.1536236925141,0,0.0296636219344875,0.0774634896585501
"2879001","2889000",2884000.5,"Fst",0.157245365900619,0,0.02995449704632,0.0801384872729158
"2880001","2890000",2885000.5,"Fst",0.162575450835356,0,0.0313630348686411,0.0837223974763407
"2881001","2891000",2886000.5,"Fst",0.109020269406743,0,0.0270335843532228,0.075708548570613
"2882001","2892000",2887000.5,"Fst",0.10989057541719,0,0.0256840091545616,0.0656762405492886
"2883001","2893000",2888000.5,"Fst",0.105273163129093,0,0.0254967944681176,0.0632029000668616
"2884001","2894000",2889000.5,"Fst",0.0417823927269985,0,0.0229431607673501,0.0482417463198682
"2885001","2895000",2890000.5,"Fst",0.0505751696770232,0,0.0245961867784897,0.0589382406180239
"2886001","2896000",2891000.5,"Fst",0.0496570375459373,0,0.024870347884,0.0602798482340174
"2887001","2897000",2892000.5,"Fst",0.0500822045673918,0,0.0243588890680803,0.0602823977574241
"2888001","2898000",2893000.5,"Fst",0.0459890332593785,0,0.0232477020295344,0.0566501884535068
"2889001","2899000",2894000.5,"Fst",0.0552423205707299,0,0.0235892571295659,0.0623978375761929
"2890001","2900000",2895000.5,"Fst",0.0552423205707299,0,0.0235899915756044,0.0623978375761929
"2891001","2901000",2896000.5,"Fst",0.0604849627281296,0,0.0254466701743971,0.0650643293675376
"2892001","2902000",2897000.5,"Fst",0.0354263952486739,0,0.0252409327014118,0.0459127145258202
"2893001","2903000",2898000.5,"Fst",0.0401506810186348,0,0.0227290997103451,0.0462491987611687
"2894001","2904000",2899000.5,"Fst",0.0455748643397869,0,0.0223469510333656,0.0501842182028321
"2895001","2905000",2900000.5,"Fst",0.030274209486166,0,0.0247748941767244,0.0610471881211682
"2896001","2906000",2901000.5,"Fst",0.0320697832901731,0,0.0263451904034924,0.0642157823924545
"2897001","2907000",2902000.5,"Fst",0.030748218147726,0,0.0260304687417286,0.0623928529180935
"2898001","2908000",2903000.5,"Fst",0.0342540630029537,0,0.0220653788072159,0.0614377184337926
"2899001","2909000",2904000.5,"Fst",0.00376131582302686,0,0.0188023921014984,0.0471149736815057
"2900001","2910000",2905000.5,"Fst",0.00376131582302686,0,0.0188014515878246,0.0472095007138273
"2901001","2911000",2906000.5,"Fst",0.0038278037289895,0,0.0190781742994629,0.047868046495363
"2902001","2912000",2907000.5,"Fst",0.00376131582302686,0,0.0188007516416223,0.0471149736815057
"2903001","2913000",2908000.5,"Fst",0.00365475654413483,0,0.018235182348297,0.0458557761666326
"2904001","2914000",2909000.5,"Fst",0.00351492238070672,0,0.0174642016163873,0.043923719464145
"2905001","2915000",2910000.5,"Fst",0.00863003102554294,0,0.0151541764046558,0.0232707539531455
"2906001","2916000",2911000.5,"Fst",0.0110058909044203,0,0.0136660666669808,0.0189279417896863
"2907001","2917000",2912000.5,"Fst",0.00871174792235785,0,0.0136011851219785,0.0210089018637828
"2908001","2918000",2913000.5,"Fst",0.0236975110293847,0,0.0238072258860925,0.0581612093580178
"2909001","2919000",2914000.5,"Fst",0.0370126710699709,0,0.0265209041847964,0.0597118535360578
"2910001","2920000",2915000.5,"Fst",0.0413374149887576,0,0.0250097733983405,0.0640458105400793
"2911001","2921000",2916000.5,"Fst",0.0416584878367111,0,0.0252341418162194,0.064532569546342
"2912001","2922000",2917000.5,"Fst",0.0775820039928075,0,0.0229921068842694,0.0576159800082712
"2913001","2923000",2918000.5,"Fst",0.0784412741344596,0,0.0232122578589289,0.0576593692754338
"2914001","2924000",2919000.5,"Fst",0.0776270087119598,0,0.0227092981037135,0.0559415357074426
"2915001","2925000",2920000.5,"Fst",0.0770320961684897,0,0.0225892593698923,0.0556486913681242
"2916001","2926000",2921000.5,"Fst",0.0779199228244943,0,0.0235374048839308,0.0571853389605763
"2917001","2927000",2922000.5,"Fst",0.0783808685637645,0,0.0228468277936391,0.0562108327066958
"2918001","2928000",2923000.5,"Fst",0.115331515275924,0,0.0239019966600014,0.051771129654661
"2919001","2929000",2924000.5,"Fst",0.121088671344721,0,0.0232281594125304,0.0687070784800681
"2920001","2930000",2925000.5,"Fst",0.107033656427502,0,0.0250530980710194,0.0518324673518665
"2921001","2931000",2926000.5,"Fst",0.107033656427502,0,0.0250530980710194,0.0518324673518665
"2922001","2932000",2927000.5,"Fst",0.0215479616464108,0,0.0192308776284636,0.0392100380408538
"2923001","2933000",2928000.5,"Fst",0.0217048369491731,0,0.0194540577530944,0.0416219111124521
"2924001","2934000",2929000.5,"Fst",0.0206556442833867,0,0.0236377414885646,0.0521374277896017
"2925001","2935000",2930000.5,"Fst",0.0227964592395442,0,0.0226444604767618,0.0467436513472319
"2926001","2936000",2931000.5,"Fst",0.00731026578239213,0,0.0257530011041908,0.0764188854301495
"2927001","2937000",2932000.5,"Fst",0.00808825542643177,0,0.0241994586605695,0.0712420627314245
"2928001","2938000",2933000.5,"Fst",0.00827937316707161,0,0.0241521770123302,0.0731253761341615
"2929001","2939000",2934000.5,"Fst",0.00829891118839265,0,0.0230522218497442,0.0698338168427165
"2930001","2940000",2935000.5,"Fst",0.00162585277674809,0,0.0239853275075873,0.0690875674838953
"2931001","2941000",2936000.5,"Fst",0.00162585277674809,0,0.0239853275075873,0.0690875674838953
"2932001","2942000",2937000.5,"Fst",0.00199925058321559,0,0.022649317515974,0.066960037398661
"2933001","2943000",2938000.5,"Fst",0.00197558783393048,0,0.022345035358096,0.0662136180314675
"2934001","2944000",2939000.5,"Fst",0.00232348010642713,0,0.0210503051001303,0.0642935058768539
"2935001","2945000",2940000.5,"Fst",0,0,0.0297845707238222,0.0659836284485752
"2936001","2946000",2941000.5,"Fst",0.107809023451094,0,0.0483288063517203,0.104612313636374
"2937001","2947000",2942000.5,"Fst",0.188901694150972,0,0.0692351547551008,0.138640500321562
"2938001","2948000",2943000.5,"Fst",0.190257987070408,0,0.0682934524440616,0.139689328947089
"2939001","2949000",2944000.5,"Fst",0.190390631570095,0,0.0672958737124742,0.137256972887326
"2940001","2950000",2945000.5,"Fst",0.192834504571095,0,0.0679696951599898,0.13943889307152
"2941001","2951000",2946000.5,"Fst",0.193594800727605,0,0.0674909647170205,0.139291661523987
"2942001","2952000",2947000.5,"Fst",0.193711868376275,0,0.0674816556656783,0.139437075729454
"2943001","2953000",2948000.5,"Fst",0.193343579965058,0,0.0673250551647343,0.139104283125356
"2944001","2954000",2949000.5,"Fst",0.193093301498281,0,0.0672741116280631,0.138475361231276
"2945001","2955000",2950000.5,"Fst",0.204642891264665,0,0.0713303658337263,0.147337153261428
"2946001","2956000",2951000.5,"Fst",0.229090499435821,0,0.0797324097483047,0.171983767458093
"2947001","2957000",2952000.5,"Fst",0.148612473978155,0,0.0324969050935266,0.0742621802626369
"2948001","2958000",2953000.5,"Fst",0.116722184408453,0,0.0269644176355555,0.0531489208325442
"2949001","2959000",2954000.5,"Fst",0.0989958610842007,0,0.0282346103254754,0.056406063812165
"2950001","2960000",2955000.5,"Fst",0.08672691191183,0,0.0248202544858012,0.0597820030346412
"2951001","2961000",2956000.5,"Fst",0.0232309875681562,0,0.026079817440757,0.0515863965083605
"2952001","2962000",2957000.5,"Fst",0.0204920083300046,0,0.0236645350850947,0.0457710140929063
"2953001","2963000",2958000.5,"Fst",0.0208599467981185,0,0.0241626314544976,0.0466694024292219
"2954001","2964000",2959000.5,"Fst",0.0163208915780134,0,0.0245510638192181,0.0489972104416569
"2955001","2965000",2960000.5,"Fst",0.0169133500716765,0,0.0233815927965041,0.0471224355178075
"2956001","2966000",2961000.5,"Fst",0.0160158620537371,0,0.0226157740338574,0.0454502439059229
"2957001","2967000",2962000.5,"Fst",0.0165343711433381,0,0.0223946435605641,0.0478586319454143
"2958001","2968000",2963000.5,"Fst",0.0156052147254989,0,0.0213471419701463,0.0467543091206554
"2959001","2969000",2964000.5,"Fst",0.0120741818806114,0,0.0207425204197768,0.0453816441846812
"2960001","2970000",2965000.5,"Fst",0.00156926321528239,0,0.0247464339680138,0.0643825830518893
"2961001","2971000",2966000.5,"Fst",0.016395831110381,0,0.0263608965718974,0.0784480125508491
"2962001","2972000",2967000.5,"Fst",0.0440145797789556,0,0.0268021226019909,0.0749591701749492
"2963001","2973000",2968000.5,"Fst",0.0440145797789556,0,0.0268021226019909,0.0749591701749492
"2964001","2974000",2969000.5,"Fst",0.0390472308747355,0,0.0232144943698737,0.0589967079024842
"2965001","2975000",2970000.5,"Fst",0.0307005469134686,0,0.0211416500914635,0.0474968176581473
"2966001","2976000",2971000.5,"Fst",0.0301566506723518,0,0.0222531539574213,0.0459389636528972
"2967001","2977000",2972000.5,"Fst",0.0435220965827267,0,0.0220048384968482,0.0442235548618528
"2968001","2978000",2973000.5,"Fst",0.0441770015626437,0,0.0221960794353211,0.0439033085160354
"2969001","2979000",2974000.5,"Fst",0.0451145099841787,0,0.0226679701861572,0.0479407055975323
"2970001","2980000",2975000.5,"Fst",0.0538177559521432,0,0.0207017070697082,0.0437253709359429
"2971001","2981000",2976000.5,"Fst",0.0485201521995227,0,0.0228179062167375,0.0423461970850751
"2972001","2982000",2977000.5,"Fst",0.0371259500493504,0,0.0185481464838846,0.0441613553435108
"2973001","2983000",2978000.5,"Fst",0.0365331792468411,0,0.0182073894772301,0.0433380080404963
"2974001","2984000",2979000.5,"Fst",0.0404443125185521,0,0.0195194837335523,0.0462421512590268
"2975001","2985000",2980000.5,"Fst",0.0563015322238969,0,0.0208493090317477,0.0627900799243295
"2976001","2986000",2981000.5,"Fst",0.0702066949962541,0,0.0217270828023137,0.0729757813362225
"2977001","2987000",2982000.5,"Fst",0.0340337061880502,0,0.0304851492410032,0.0857047771901944
"2978001","2988000",2983000.5,"Fst",0.0336108217278992,0,0.0299507344093543,0.0828600868031806
"2979001","2989000",2984000.5,"Fst",0.0255954826102742,0,0.0340859777961951,0.0939923422449375
"2980001","2990000",2985000.5,"Fst",0.031933977793538,0,0.031414550004477,0.0882697391726307
"2981001","2991000",2986000.5,"Fst",0.0309377767789866,0,0.0326491579193615,0.0867672349366808
"2982001","2992000",2987000.5,"Fst",0.029238917614488,0,0.0331532493236282,0.088462650350296
"2983001","2993000",2988000.5,"Fst",0.0292975276340164,0,0.0332151859132013,0.0886126428512001
"2984001","2994000",2989000.5,"Fst",0.0288948051665208,0,0.0324044532528212,0.0863981040700909
"2985001","2995000",2990000.5,"Fst",0.0256299749391499,0,0.0349458028512311,0.0915264801905
"2986001","2996000",2991000.5,"Fst",0.0278658636821166,0,0.0306297186841455,0.0845708632632439
"2987001","2997000",2992000.5,"Fst",0.0336911844928582,0,0.0268340974543639,0.0550022295728686
"2988001","2998000",2993000.5,"Fst",0.0333630356898853,0,0.0268846358264752,0.0546770578662283
"2989001","2999000",2994000.5,"Fst",0.0493711094397594,0,0.0198944619043153,0.0423014135815106
"2990001","3e+06",2995000.5,"Fst",0.0361704765964574,0,0.0210451595252507,0.0470547477608747
"2991001","3001000",2996000.5,"Fst",0.0513660603779181,0,0.0216447928517203,0.0520317015411932
"2992001","3002000",2997000.5,"Fst",0.0459005750421112,0,0.020440457183247,0.0462410977988039
"2993001","3003000",2998000.5,"Fst",0.0459005750421112,0,0.020440457183247,0.0462832995829749
"2994001","3004000",2999000.5,"Fst",0.0584145295217084,0,0.0234081824030902,0.0494347331355368
"2995001","3005000",3000000.5,"Fst",0.0632828550214501,0,0.0265289298637551,0.052526150284978
"2996001","3006000",3001000.5,"Fst",0.0523172905525847,0,0.0226288377405477,0.0435469926891667
"2997001","3007000",3002000.5,"Fst",0.0545310588065933,0,0.0243619614574513,0.046841422924901
"2998001","3008000",3003000.5,"Fst",0.07821762482594,0,0.024629247389056,0.0523711454529613
"2999001","3009000",3004000.5,"Fst",0.07821762482594,0,0.0245871374714193,0.0524894834667892
"3000001","3010000",3005000.5,"Fst",0.0800470492433667,0,0.0252373919695411,0.0540081665327361
"3001001","3011000",3006000.5,"Fst",0.0643290090285693,0,0.0281656573974163,0.0741524842297574
"3002001","3012000",3007000.5,"Fst",0.0795394066384113,0,0.0295198844576327,0.0846990779632711
"3003001","3013000",3008000.5,"Fst",0.0790592772606046,0,0.0296936716304123,0.084151599513563
"3004001","3014000",3009000.5,"Fst",0.0615012704686618,0,0.0337967948241911,0.0726949637377561
"3005001","3015000",3010000.5,"Fst",0.0536332886677305,0,0.0318638267734997,0.0776462932861464
"3006001","3016000",3011000.5,"Fst",0.051907825053605,0,0.030756620423,0.0740719234608657
"3007001","3017000",3012000.5,"Fst",0.0615374791675979,0,0.0272827614533755,0.0664465338564824
"3008001","3018000",3013000.5,"Fst",0.0412149519093676,0,0.0265188285375013,0.0585617883761307
"3009001","3019000",3014000.5,"Fst",0.0403127446180219,0,0.0258236307206939,0.0572093557168358
"3010001","3020000",3015000.5,"Fst",0.104531372368784,0,0.0257494978434347,0.0617228373708495
"3011001","3021000",3016000.5,"Fst",0.120808865733587,0,0.0270956670303489,0.0577555338541665
"3012001","3022000",3017000.5,"Fst",0.122010851924019,0,0.0280358596461603,0.0567339432774787
"3013001","3023000",3018000.5,"Fst",0.126208017398345,0,0.0285791555197674,0.0596309523809525
"3014001","3024000",3019000.5,"Fst",0.111751934532094,0,0.0301467802486114,0.0686486762490748
"3015001","3025000",3020000.5,"Fst",0.122628204476869,0,0.0342126692037742,0.0663122296899195
"3016001","3026000",3021000.5,"Fst",0.122425669041565,0,0.0334015251010949,0.06634495321032
"3017001","3027000",3022000.5,"Fst",0.0903042035798681,0,0.0556696290271407,0.117617401897498
"3018001","3028000",3023000.5,"Fst",0.101171237903753,0,0.0634163434963642,0.119545075090497
"3019001","3029000",3024000.5,"Fst",0.0951377031609163,0,0.0639967080644959,0.125287308158722
"3020001","3030000",3025000.5,"Fst",0.0866343547351073,0,0.0659185556819128,0.135429271344449
"3021001","3031000",3026000.5,"Fst",0.0843896469785504,0,0.0648713352662716,0.138051214337374
"3022001","3032000",3027000.5,"Fst",0.0844916244335554,0,0.0650857842645296,0.138411056600266
"3023001","3033000",3028000.5,"Fst",0.0845170918344131,0,0.0651093753843957,0.138457393554509
"3024001","3034000",3029000.5,"Fst",0.0836756706119786,0,0.0635091563285938,0.137389565721385
"3025001","3035000",3030000.5,"Fst",0.0828898282086862,0,0.0615951497825774,0.134098031251022
"3026001","3036000",3031000.5,"Fst",0.0825508432555907,0,0.0609370994385023,0.132655914015322
"3027001","3037000",3032000.5,"Fst",0.0827221811641399,0,0.0590057827690715,0.129679456946936
"3028001","3038000",3033000.5,"Fst",0.0745003181540059,0,0.0584400115959317,0.127351132015402
"3029001","3039000",3034000.5,"Fst",0.0698062645774561,0,0.0547319210719794,0.121035505295666
"3030001","3040000",3035000.5,"Fst",0.0590317103132392,0,0.0418975405950266,0.106174210509922
"3031001","3041000",3036000.5,"Fst",0.0495723438560183,0,0.0550084882445126,0.136370720241688
"3032001","3042000",3037000.5,"Fst",0.0495723438560183,0,0.0550084882445126,0.136370720241688
"3033001","3043000",3038000.5,"Fst",0.0495723438560183,0,0.0550084882445126,0.136370720241688
"3034001","3044000",3039000.5,"Fst",0.0475482900809648,0,0.0500471811808666,0.131089340940087
"3035001","3045000",3040000.5,"Fst",0.0445018303912762,0,0.045527796114356,0.12311782087063
"3036001","3046000",3041000.5,"Fst",0.0425552207281122,0,0.044967918837658,0.1180169373872
"3037001","3047000",3042000.5,"Fst",0.0135346699072584,0,0.0466929899683483,0.0865527653340494
"3038001","3048000",3043000.5,"Fst",0,0,0.0576444404836245,0.0619203982044315
"3039001","3049000",3044000.5,"Fst",0,0,0.0627762006497118,0.0656478405315614
"3040001","3050000",3045000.5,"Fst",0,0,0,0
"3041001","3051000",3046000.5,"Fst",0,0,0,0
"3042001","3052000",3047000.5,"Fst",0,0,0.0552596351082603,0.0619383473414363
"3043001","3053000",3048000.5,"Fst",0,0,0.0559206793594017,0.0604942240326883
"3044001","3054000",3049000.5,"Fst",0,0,0.0560380853559431,0.0597320406742119
"3045001","3055000",3050000.5,"Fst",0,0,0.0499291608562256,0.0598889506661584
"3046001","3056000",3051000.5,"Fst",0,0,0.0510216434099778,0.0613550713810473
"3047001","3057000",3052000.5,"Fst",0,0,0.0516709353611791,0.0620678577053512
"3048001","3058000",3053000.5,"Fst",0,0,0.0515604523836773,0.0617893425887798
"3049001","3059000",3054000.5,"Fst",0,0,0.0499197695298311,0.0879955454052458
"3050001","3060000",3055000.5,"Fst",0,0,0.0552335015192952,0.105633748002617
"3051001","3061000",3056000.5,"Fst",0,0,0.0575049767317827,0.115017111652489
"3052001","3062000",3057000.5,"Fst",0,0,0.0592138629551464,0.127495737082145
"3053001","3063000",3058000.5,"Fst",0,0,0.0618510485453466,0.137880082803644
"3054001","3064000",3059000.5,"Fst",0,0,0.0626285652524272,0.136106755520785
"3055001","3065000",3060000.5,"Fst",0,0,0.0615007477026749,0.131211247926528
"3056001","3066000",3061000.5,"Fst",0.000514088345925257,0,0.0626909089529856,0.137181826949567
"3057001","3067000",3062000.5,"Fst",0.00163330080774249,0,0.0633266807049338,0.141777557837014
"3058001","3068000",3063000.5,"Fst",0.00219117429629667,0,0.0639748026671385,0.14500562338342
"3059001","3069000",3064000.5,"Fst",0.00647813570913525,0,0.0604678762485371,0.140993233400252
"3060001","3070000",3065000.5,"Fst",0.0121211324909164,0,0.0583964813950168,0.133206144110056
"3061001","3071000",3066000.5,"Fst",0.0171099500710762,0,0.0526798812472714,0.123150950327825
"3062001","3072000",3067000.5,"Fst",0.0266786666656557,0,0.049603540757212,0.111843441037867
"3063001","3073000",3068000.5,"Fst",0.0681593065002384,0,0.0573138353467433,0.0917333998020466
"3064001","3074000",3069000.5,"Fst",0.0753799461604482,0,0.0588564044367573,0.0739936593750203
"3065001","3075000",3070000.5,"Fst",0.0142478858802426,0,0.0212529324225109,0.0377020837433968
"3066001","3076000",3071000.5,"Fst",0.0196144646123539,0,0.0201260943816597,0.0357758131569988
"3067001","3077000",3072000.5,"Fst",0.0185821243695985,0,0.0190455808797018,0.033868510488691
"3068001","3078000",3073000.5,"Fst",0.0176907009311706,0,0.0471021687978222,0.141064874398208
"3069001","3079000",3074000.5,"Fst",0.015735309835359,0,0.0584827049787187,0.173446051295255
"3070001","3080000",3075000.5,"Fst",0.0109967747018787,0,0.0560146073505026,0.173968190628207
"3071001","3081000",3076000.5,"Fst",0.00977884016675346,0,0.0566080748032347,0.170662381195874
"3072001","3082000",3077000.5,"Fst",0.0122938047354585,0,0.0546892963121152,0.164972839996341
"3073001","3083000",3078000.5,"Fst",0.0141304545099453,0,0.0505384400951744,0.154709869985329
"3074001","3084000",3079000.5,"Fst",0.0152189079725312,0,0.0470731407007769,0.14545852561827
"3075001","3085000",3080000.5,"Fst",0.0259360065703719,0,0.043906629131921,0.134235805629672
"3076001","3086000",3081000.5,"Fst",0.0310244258583484,0,0.0415303773394541,0.131020698665263
"3077001","3087000",3082000.5,"Fst",0.0333773653087123,0,0.039825727253707,0.127524049687121
"3078001","3088000",3083000.5,"Fst",0.0361827272461465,0,0.0345152423292687,0.115839816084898
"3079001","3089000",3084000.5,"Fst",0.0444784358910782,0,0.0297627039621171,0.0800068951065023
"3080001","3090000",3085000.5,"Fst",0.0628875224986215,0,0.0289799474836997,0.0633575557999134
"3081001","3091000",3086000.5,"Fst",0.0728318425111592,0,0.031730687803371,0.0798892871167809
"3082001","3092000",3087000.5,"Fst",0.0733701698840132,0,0.0325940351434881,0.080964365643834
"3083001","3093000",3088000.5,"Fst",0.0824699423223317,0,0.0347478252447577,0.0895742187594575
"3084001","3094000",3089000.5,"Fst",0.0886476142360418,0,0.0364042601408319,0.0970576668308677
"3085001","3095000",3090000.5,"Fst",0.0902860788947326,0,0.0407404594420339,0.108913732805292
"3086001","3096000",3091000.5,"Fst",0.0973236802732956,0,0.044106896323214,0.12286917014878
"3087001","3097000",3092000.5,"Fst",0.103690184754819,0,0.0485929488396902,0.131373943322885
"3088001","3098000",3093000.5,"Fst",0.104850763110214,0,0.0482478218070283,0.132590356005721
"3089001","3099000",3094000.5,"Fst",0.100660538962467,0,0.0467538316289683,0.127458987197492
"3090001","3100000",3095000.5,"Fst",0.0702645831615056,0,0.0412591850916526,0.10077358490566
"3091001","3101000",3096000.5,"Fst",0.0767731459376919,0,0.0432753747694048,0.0976466660876738
"3092001","3102000",3097000.5,"Fst",0.076696101241517,0,0.0439460107767263,0.0991736846310023
"3093001","3103000",3098000.5,"Fst",0.0755813839128139,0,0.0454013807863967,0.0980650642721362
"3094001","3104000",3099000.5,"Fst",0.0807504137927433,0,0.0458616878886648,0.0995760488593196
"3095001","3105000",3100000.5,"Fst",0.078450136139558,0,0.0446432062611838,0.0963499731615673
"3096001","3106000",3101000.5,"Fst",0.0639620597760179,0,0.0400891400727568,0.0895974751253173
"3097001","3107000",3102000.5,"Fst",0.0582063633630875,0,0.0374280396597523,0.0779131481013999
"3098001","3108000",3103000.5,"Fst",0.0555654051122676,0,0.0378732133788514,0.0755676912594079
"3099001","3109000",3104000.5,"Fst",0.0535905350476261,0,0.0399288506794171,0.0751744401531957
"3100001","3110000",3105000.5,"Fst",0.0555783550425433,0,0.0327865650282878,0.0754654661908498
"3101001","3111000",3106000.5,"Fst",0.0485826830174656,0,0.0315109990479803,0.0781567233838646
"3102001","3112000",3107000.5,"Fst",0.0437038247333285,0,0.0317040942551087,0.0681436859044938
"3103001","3113000",3108000.5,"Fst",0.023649230003521,0,0.0336727698549884,0.0644232295604916
"3104001","3114000",3109000.5,"Fst",0.0124552228985831,0,0.0351804698657188,0.0629616273323449
"3105001","3115000",3110000.5,"Fst",0.0125873004768734,0,0.0368371218533784,0.0663244601342111
"3106001","3116000",3111000.5,"Fst",0.0110079193869669,0,0.0409010618044508,0.0610123995132641
"3107001","3117000",3112000.5,"Fst",0.0101617291862908,0,0.0331073405396639,0.0526259361112451
"3108001","3118000",3113000.5,"Fst",0.0101617291862908,0,0.0331073405396639,0.0526259361112451
"3109001","3119000",3114000.5,"Fst",0.0097160147199129,0,0.031753642683284,0.0503701309279634
"3110001","3120000",3115000.5,"Fst",0.00634803268617024,0,0.0302802471209349,0.0423197773588294
"3111001","3121000",3116000.5,"Fst",0.00128816544841515,0,0.0305769674673885,0.0417478339299221
"3112001","3122000",3117000.5,"Fst",0.00333250875289126,0,0.0189828005342478,0.0333064269326908
"3113001","3123000",3118000.5,"Fst",0.0197925745751832,0,0.0154773407528239,0.0264279607201854
"3114001","3124000",3119000.5,"Fst",0.0223530799519923,0,0.0161885494181028,0.0315753692562721
"3115001","3125000",3120000.5,"Fst",0.0223530799519923,0,0.0161885494181028,0.0315753692562721
"3116001","3126000",3121000.5,"Fst",0.0216853638688678,0,0.0158689796492211,0.0307556240928883
"3117001","3127000",3122000.5,"Fst",0.026056958401903,0,0.0170479922726907,0.0370263087961732
"3118001","3128000",3123000.5,"Fst",0.026056958401903,0,0.0170479922726907,0.0370263087961732
"3119001","3129000",3124000.5,"Fst",0.0273582852905699,0,0.0177468512773178,0.0381755676367125
"3120001","3130000",3125000.5,"Fst",0.0281710384477183,0,0.0192372690906123,0.0425595039669312
"3121001","3131000",3126000.5,"Fst",0.0260508787673281,0,0.0349039504633996,0.0862590095326669
"3122001","3132000",3127000.5,"Fst",0.0252345109939818,0,0.0338161650189582,0.0838922999891552
"3123001","3133000",3128000.5,"Fst",0.0410651928529094,0,0.0388973956030333,0.0786499952994266
"3124001","3134000",3129000.5,"Fst",0.0601250207060096,0,0.0639263454469022,0.135879841388394
"3125001","3135000",3130000.5,"Fst",0.0560353252546445,0,0.0689710005569814,0.15136014116947
"3126001","3136000",3131000.5,"Fst",0.0541973041818132,0,0.0763710652162146,0.162488950524817
"3127001","3137000",3132000.5,"Fst",0.0530019028717019,0,0.0783923076666871,0.166416647201483
"3128001","3138000",3133000.5,"Fst",0.0522062065184634,0,0.0794994649861397,0.168661597763206
"3129001","3139000",3134000.5,"Fst",0.0499820640159694,0,0.0790977940768803,0.172453484364471
"3130001","3140000",3135000.5,"Fst",0.0499337996651753,0,0.0799278214975621,0.174110531749746
"3131001","3141000",3136000.5,"Fst",0.0503286971597254,0,0.082329709214829,0.177357597228257
"3132001","3142000",3137000.5,"Fst",0.0501703287845643,0,0.0832539423710424,0.178576247059002
"3133001","3143000",3138000.5,"Fst",0.0496798291312273,0,0.0839130025281083,0.18036326986183
"3134001","3144000",3139000.5,"Fst",0.0479689190999131,0,0.0869709820527816,0.185178813167459
"3135001","3145000",3140000.5,"Fst",0.0479283619076857,0,0.0880944138865321,0.187055227261857
"3136001","3146000",3141000.5,"Fst",0.0433929795172466,0,0.0828386616740966,0.187364196904237
"3137001","3147000",3142000.5,"Fst",0.0376659136855674,0,0.0812446500665942,0.18693561115595
"3138001","3148000",3143000.5,"Fst",0.0353311160407415,0,0.0789785070560176,0.186750949109997
"3139001","3149000",3144000.5,"Fst",0.0343969675777457,0,0.0778458673611822,0.186759149734729
"3140001","3150000",3145000.5,"Fst",0.0330570780377613,0,0.078277608924395,0.185936277673775
"3141001","3151000",3146000.5,"Fst",0.0312008591177007,0,0.080730860942812,0.185522919175461
"3142001","3152000",3147000.5,"Fst",0.0291030534110128,0,0.083620073263272,0.185064730973584
"3143001","3153000",3148000.5,"Fst",0.0280420784555958,0,0.0856909866379029,0.184736481139129
"3144001","3154000",3149000.5,"Fst",0.0260665665448058,0,0.0881742492604034,0.183933650006051
"3145001","3155000",3150000.5,"Fst",0.0241925008528492,0,0.0852786933537322,0.183233923350162
"3146001","3156000",3151000.5,"Fst",0.0264480537542976,0,0.0853378092864648,0.184002796877815
"3147001","3157000",3152000.5,"Fst",0.0287399123981492,0,0.0802099840845737,0.182162511696172
"3148001","3158000",3153000.5,"Fst",0.0307931003476293,0,0.0717603163993743,0.17408779542143
"3149001","3159000",3154000.5,"Fst",0.0321319498209545,0,0.0720415468241677,0.175928820700857
"3150001","3160000",3155000.5,"Fst",0.0336474816788092,0,0.0698195822026959,0.176479396240324
"3151001","3161000",3156000.5,"Fst",0.0342677533925186,0,0.0688688122180108,0.179638936671433
"3152001","3162000",3157000.5,"Fst",0.0351059547888063,0,0.0653132864662723,0.177270736768121
"3153001","3163000",3158000.5,"Fst",0.0355272088314952,0,0.0619447777351452,0.173531961677858
"3154001","3164000",3159000.5,"Fst",0.037186298235422,0,0.0609674997785807,0.170453559986772
"3155001","3165000",3160000.5,"Fst",0.0386717442707435,0,0.0578219081627392,0.163926727013284
"3156001","3166000",3161000.5,"Fst",0.0383351525974268,0,0.0557492846857141,0.15727182217847
"3157001","3167000",3162000.5,"Fst",0.0374195240890273,0,0.0547743555360459,0.155223590466085
"3158001","3168000",3163000.5,"Fst",0.0359460412514203,0,0.0577865699827188,0.161621081313877
"3159001","3169000",3164000.5,"Fst",0.0354286268612154,0,0.0532318527116555,0.151013420144629
"3160001","3170000",3165000.5,"Fst",0.0340703690806052,0,0.0469586869471264,0.134500922099129
"3161001","3171000",3166000.5,"Fst",0.0340730298864952,0,0.0375119138804914,0.0890728928262321
"3162001","3172000",3167000.5,"Fst",0.0342137897746259,0,0.0407042402343064,0.0885552309702821
"3163001","3173000",3168000.5,"Fst",0.0366059235311659,0,0.0386820362858413,0.0927485026963639
"3164001","3174000",3169000.5,"Fst",0.0392466066047866,0,0.0397770456916827,0.0962249055044634
"3165001","3175000",3170000.5,"Fst",0.0296161688273058,0,0.0371179689367275,0.0946760791710983
"3166001","3176000",3171000.5,"Fst",0.0243066608483772,0,0.042738668664622,0.117850775563357
"3167001","3177000",3172000.5,"Fst",0.01344197602127,0,0.050156380245137,0.153560542052476
"3168001","3178000",3173000.5,"Fst",0.0142654367538854,0,0.0523205304127492,0.157811722777674
"3169001","3179000",3174000.5,"Fst",0.0144620909501099,0,0.052722476374982,0.159803716462845
"3170001","3180000",3175000.5,"Fst",0.0114831812642013,0,0.0546899734137383,0.165532334374126
"3171001","3181000",3176000.5,"Fst",0.00399871515466843,0,0.0580394702113172,0.173665033521698
"3172001","3182000",3177000.5,"Fst",9.52016368080955e-05,0,0.0600279785758808,0.178632469352766
"3173001","3183000",3178000.5,"Fst",0,0,0.0623671354410847,0.186902190243219
"3174001","3184000",3179000.5,"Fst",0,0,0.064823980278581,0.193295540019493
"3175001","3185000",3180000.5,"Fst",0,0,0.0678648815416694,0.200320612138085
"3176001","3186000",3181000.5,"Fst",0,0,0.0722340368125114,0.201201811028344
"3177001","3187000",3182000.5,"Fst",0.0184927239325688,0,0.0404389794335149,0.110859455315969
"3178001","3188000",3183000.5,"Fst",0.0209139728563732,0,0.03242423695622,0.0648056719418573
"3179001","3189000",3184000.5,"Fst",0.0212643946807087,0,0.0194352627002614,0.0404145519499736
"3180001","3190000",3185000.5,"Fst",0.0212643946807087,0,0.0194352627002614,0.0404145519499736
"3181001","3191000",3186000.5,"Fst",0.0212643946807087,0,0.0194352627002614,0.0404145519499736
"3182001","3192000",3187000.5,"Fst",0.0212643946807087,0,0.0194352627002614,0.0404145519499736
"3183001","3193000",3188000.5,"Fst",0.0212643946807087,0,0.0194352627002614,0.0404145519499736
"3184001","3194000",3189000.5,"Fst",0.021314154239818,0,0.0194807943031794,0.0405137877913785
"3185001","3195000",3190000.5,"Fst",0.021314154239818,0,0.0194807943031794,0.0405137877913785
"3186001","3196000",3191000.5,"Fst",0.021314154239818,0,0.0194807943031794,0.0405137877913785
"3187001","3197000",3192000.5,"Fst",0.021314154239818,0,0.0194807943031794,0.0405137877913785
"3188001","3198000",3193000.5,"Fst",0.0216806152828515,0,0.0200725541250518,0.0487370578298372
"3189001","3199000",3194000.5,"Fst",0,0,0,0
"3190001","3200000",3195000.5,"Fst",0,0,0,0
"3191001","3201000",3196000.5,"Fst",0,0,0,0
"3192001","3202000",3197000.5,"Fst",0,0,0,0
"3193001","3203000",3198000.5,"Fst",0,0,0,0
"3194001","3204000",3199000.5,"Fst",0,0,0,0
"3195001","3205000",3200000.5,"Fst",0,0,0,0
"3196001","3206000",3201000.5,"Fst",0.00315543546837738,0,0.0599280229565549,0.122748286306393
"3197001","3207000",3202000.5,"Fst",0.0616449975785681,0,0.0602999779620588,0.0651773357199535
"3198001","3208000",3203000.5,"Fst",0.0617216594470676,0,0.0603757968804293,0.065209521918105
"3199001","3209000",3204000.5,"Fst",0.0617216594470676,0,0.0603757968804293,0.065209521918105
"3200001","3210000",3205000.5,"Fst",0.0617216594470676,0,0.0603757968804293,0.065209521918105
"3201001","3211000",3206000.5,"Fst",0.0617216594470676,0,0.0603757968804293,0.065209521918105
"3202001","3212000",3207000.5,"Fst",0.0237985241070957,0,0.0464404307699824,0.0920982777896145
"3203001","3213000",3208000.5,"Fst",0.0296576649019775,0,0.0458789299798146,0.0810829436782359
"3204001","3214000",3209000.5,"Fst",0.0337632431845876,0,0.0451733648960104,0.0779958248495838
"3205001","3215000",3210000.5,"Fst",0.0356238754335328,0,0.0443345198340115,0.0769099523364767
"3206001","3216000",3211000.5,"Fst",0.0372676109832135,0,0.0448632419061336,0.0768624700866728
"3207001","3217000",3212000.5,"Fst",0.0344809200844209,0,0.0450258762306025,0.0782443128649222
"3208001","3218000",3213000.5,"Fst",0.0363100679204679,0,0.0444325987121455,0.077015573410888
"3209001","3219000",3214000.5,"Fst",0.038628264768276,0,0.0447578058805524,0.0760335667555189
"3210001","3220000",3215000.5,"Fst",0.0473037466927392,0,0.0433134378934247,0.0736948833677614
"3211001","3221000",3216000.5,"Fst",0.0525673678772661,0,0.0460464353933599,0.0760288371543062
"3212001","3222000",3217000.5,"Fst",0.0753818994932163,0,0.0601847113229686,0.0749954336263835
"3213001","3223000",3218000.5,"Fst",0.0815831105672058,0,0.0640885793793512,0.0794681539185207
"3214001","3224000",3219000.5,"Fst",0.0841537516517038,0,0.0655871704701952,0.0818255579415225
"3215001","3225000",3220000.5,"Fst",0.0845856951497554,0,0.0662842383471247,0.0830624967258631
"3216001","3226000",3221000.5,"Fst",0.0852674812184683,0,0.0666882698215083,0.0843104727375542
"3217001","3227000",3222000.5,"Fst",0.0863505630105091,0,0.0669036102196664,0.0857984133936828
"3218001","3228000",3223000.5,"Fst",0.0859177126531034,0,0.066300787849975,0.0862135323636981
"3219001","3229000",3224000.5,"Fst",0.0864752467282331,0,0.0663190254800629,0.0880866111404486
"3220001","3230000",3225000.5,"Fst",0.0664935931594256,0,0.0496988261954539,0.070878778989662
"3221001","3231000",3226000.5,"Fst",0.0408108371826104,0,0.0301799188673813,0.0462771596175249
"3222001","3232000",3227000.5,"Fst",0.0324687135139279,0,0.0237734258930555,0.0378199544358081
"3223001","3233000",3228000.5,"Fst",0.0119101594796219,0,0.00892718031999095,0.0160268934605218
"3224001","3234000",3229000.5,"Fst",0.00144150332591975,0,0.0019514836437921,0.00386839505170267
"3225001","3235000",3230000.5,"Fst",0.000618488869393641,0,0.000878243095597808,0.00110529377545077
"3226001","3236000",3231000.5,"Fst",0.000240542891448925,0,0.00236623408106957,0.00324357231540662
"3227001","3237000",3232000.5,"Fst",0.00213560873616336,0,0.00204113658376535,0.0035843478020019
"3228001","3238000",3233000.5,"Fst",0.00211554391700264,0,0.00202314466136899,0.0035508104665638
"3229001","3239000",3234000.5,"Fst",0.00205260845544497,0,0.00196302868692344,0.00344408691216513
"3230001","3240000",3235000.5,"Fst",0.00223010771698084,0,0.00213275031013305,0.00374226281756029
"3231001","3241000",3236000.5,"Fst",0.00257573326721394,0,0.00246155042334961,0.0043193343082133
"3232001","3242000",3237000.5,"Fst",0.00272594525676251,0,0.00260430542351742,0.00456989261069674
"3233001","3243000",3238000.5,"Fst",0.00321225032861683,0,0.00296681074178293,0.00504378671987582
"3234001","3244000",3239000.5,"Fst",0.00517360093584662,0,0.0043655018841308,0.00680527842842416
"3235001","3245000",3240000.5,"Fst",0.00714604683954967,0,0.005994221049846,0.00832490823473686
"3236001","3246000",3241000.5,"Fst",0.0141712176646674,0,0.0247767007272051,0.0500276577117234
"3237001","3247000",3242000.5,"Fst",0.021054155190103,0,0.0420902960925407,0.1012142394624
"3238001","3248000",3243000.5,"Fst",0.0273313071367991,0,0.0546438760643346,0.134119278338962
"3239001","3249000",3244000.5,"Fst",0.0278660530521915,0,0.0692482775529435,0.147893354998567
"3240001","3250000",3245000.5,"Fst",0.0282412921297569,0,0.0737399182057325,0.156143198908441
"3241001","3251000",3246000.5,"Fst",0.0312181894718427,0,0.0747402852211345,0.159226386054979
"3242001","3252000",3247000.5,"Fst",0.0381758802117711,0,0.0716696386034854,0.156486895280791
"3243001","3253000",3248000.5,"Fst",0.0402106470560223,0,0.0719319775478344,0.157014768767029
"3244001","3254000",3249000.5,"Fst",0.0415925348028,0,0.071585784166555,0.157859446748336
"3245001","3255000",3250000.5,"Fst",0.0434750837039297,0,0.0715941219513274,0.159739249768375
"3246001","3256000",3251000.5,"Fst",0.0454457423473343,0,0.0700402260904131,0.160343379958701
"3247001","3257000",3252000.5,"Fst",0.0464989014997358,0,0.0673459380127884,0.155857209009216
"3248001","3258000",3253000.5,"Fst",0.050168143873175,0,0.0699131293994679,0.150242167040701
"3249001","3259000",3254000.5,"Fst",0.0550697090902795,0,0.0652264698529471,0.13266024537163
"3250001","3260000",3255000.5,"Fst",0.0547151143239468,0,0.0609900828229163,0.118568420100834
"3251001","3261000",3256000.5,"Fst",0.0538202636288998,0,0.0505378459818271,0.104823290105254
"3252001","3262000",3257000.5,"Fst",0.0510977763555063,0,0.0416209725048708,0.0913464481918176
"3253001","3263000",3258000.5,"Fst",0.0640099487674932,0,0.039479348268086,0.0889962093555196
"3254001","3264000",3259000.5,"Fst",0.045539253355255,0,0.0398513741503887,0.0908843763364751
"3255001","3265000",3260000.5,"Fst",0.0605220912037966,0,0.04151720274393,0.10784310001527
"3256001","3266000",3261000.5,"Fst",0.069679433540578,0,0.0429956672963999,0.117663114385809
"3257001","3267000",3262000.5,"Fst",0.0791362563479007,0,0.0427298422058241,0.121248217361038
"3258001","3268000",3263000.5,"Fst",0.0916685640830336,0,0.045345607273949,0.126116270928517
"3259001","3269000",3264000.5,"Fst",0.0991972181380137,0,0.0466506463100503,0.131669904803149
"3260001","3270000",3265000.5,"Fst",0.104568256055657,0,0.0483351003870851,0.134340202605699
"3261001","3271000",3266000.5,"Fst",0.122440947264554,0,0.0471180838217906,0.138531417148453
"3262001","3272000",3267000.5,"Fst",0.130922792974287,0,0.0532961694426946,0.142178262945532
"3263001","3273000",3268000.5,"Fst",0.13575511599136,0,0.058334946676162,0.139683099560129
"3264001","3274000",3269000.5,"Fst",0.160600257504798,0,0.0702279399384402,0.134861798409303
"3265001","3275000",3270000.5,"Fst",0.145183155600651,0,0.0686264802814121,0.126756133126744
"3266001","3276000",3271000.5,"Fst",0.137273089876245,0,0.0663867375598856,0.124927404880169
"3267001","3277000",3272000.5,"Fst",0.129662993541385,0,0.0706021108206901,0.126638424855787
"3268001","3278000",3273000.5,"Fst",0.118011481140126,0,0.0670940722692714,0.133592961050081
"3269001","3279000",3274000.5,"Fst",0.112093467156125,0,0.067226353565519,0.130629615627041
"3270001","3280000",3275000.5,"Fst",0.108115700617087,0,0.0667067686273656,0.127922924702455
"3271001","3281000",3276000.5,"Fst",0.0903069158847603,0,0.065396139114253,0.129887708304083
"3272001","3282000",3277000.5,"Fst",0.078149033093371,0,0.0568811803872925,0.122899123210029
"3273001","3283000",3278000.5,"Fst",0.0592487210992763,0,0.051972838079645,0.117179537729186
"3274001","3284000",3279000.5,"Fst",0.0399036237290925,0,0.0490246431968084,0.106833836346211
"3275001","3285000",3280000.5,"Fst",0.0292575294483292,0,0.0415903719895879,0.086027215231282
"3276001","3286000",3281000.5,"Fst",0.0208578712683297,0,0.0375299548725019,0.0759040783282622
"3277001","3287000",3282000.5,"Fst",0.0151266587414584,0,0.0362109203553342,0.0586830342584324
"3278001","3288000",3283000.5,"Fst",0,0,0.0434483344883863,0.0609573755540037
"3279001","3289000",3284000.5,"Fst",0,0,0.0427185664981624,0.0632011752292452
"3280001","3290000",3285000.5,"Fst",0,0,0.0378164102121825,0.0578855663572962
"3281001","3291000",3286000.5,"Fst",0,0,0.0321281541317773,0.0503579908434694
"3282001","3292000",3287000.5,"Fst",0,0,0.0214492638626143,0.0474684050177138
"3283001","3293000",3288000.5,"Fst",0,0,0.0217862425399566,0.0517849968893693
"3284001","3294000",3289000.5,"Fst",0.0061547460294249,0,0.0196149323265414,0.048172322611018
"3285001","3295000",3290000.5,"Fst",0.0149403949779556,0,0.0193948839999638,0.0529120039258665
"3286001","3296000",3291000.5,"Fst",0.0222080284257327,0,0.0211671151050763,0.0590643956386642
"3287001","3297000",3292000.5,"Fst",0.0279778788272859,0,0.0202997044857081,0.0517443885397075
"3288001","3298000",3293000.5,"Fst",0.0274250225667299,0,0.0196813131269562,0.0501908436641982
"3289001","3299000",3294000.5,"Fst",0.0274250225667299,0,0.0196813131269562,0.0501908436641982
"3290001","3300000",3295000.5,"Fst",0.0275287200210006,0,0.0201952283546841,0.0495134466253233
"3291001","3301000",3296000.5,"Fst",0.0333066606917803,0,0.0202697216346857,0.0568609674527391
"3292001","3302000",3297000.5,"Fst",0.0354844475912349,0,0.0212182477930664,0.0595460651912606
"3293001","3303000",3298000.5,"Fst",0.0418831691252969,0,0.0218583204704602,0.065830403489395
"3294001","3304000",3299000.5,"Fst",0.034552956684771,0,0.0227633280956028,0.0738835157636782
"3295001","3305000",3300000.5,"Fst",0.0392287224706717,0,0.0221828953773533,0.0690351040152699
"3296001","3306000",3301000.5,"Fst",0.0286269595308184,0,0.0226249036297009,0.0650454601345127
"3297001","3307000",3302000.5,"Fst",0.00832466412040933,0,0.0381618080966055,0.0850989224633625
"3298001","3308000",3303000.5,"Fst",0.00600132517144447,0,0.0424731203939102,0.0947989868639962
"3299001","3309000",3304000.5,"Fst",0.00577589130510836,0,0.0474829486298599,0.0932428857428859
"3300001","3310000",3305000.5,"Fst",0.015418696911171,0,0.0359091927122221,0.0820652158212068
"3301001","3311000",3306000.5,"Fst",0.0603627323095309,0,0.0350962533380574,0.104686975883246
"3302001","3312000",3307000.5,"Fst",0.0849331897635727,0,0.0471657125010945,0.0953582178461967
"3303001","3313000",3308000.5,"Fst",0.0882511170080063,0,0.0484385829843417,0.0957256043757595
"3304001","3314000",3309000.5,"Fst",0.0935774655837361,0,0.0548610649721286,0.112053513313875
"3305001","3315000",3310000.5,"Fst",0.0942305806568505,0,0.0560268650955999,0.114260991967876
"3306001","3316000",3311000.5,"Fst",0.0959704524282325,0,0.0569561941821942,0.116201837562632
"3307001","3317000",3312000.5,"Fst",0.099313291066653,0,0.0582554795830418,0.119586487636016
"3308001","3318000",3313000.5,"Fst",0.101792551667492,0,0.0587665666937769,0.120914817907473
"3309001","3319000",3314000.5,"Fst",0.105829576834499,0,0.0597961747938065,0.121794781582583
"3310001","3320000",3315000.5,"Fst",0.111765988896335,0,0.0623084447648939,0.131566957571946
"3311001","3321000",3316000.5,"Fst",0.11556860934525,0,0.0680814456375613,0.146010199309818
"3312001","3322000",3317000.5,"Fst",0.113645221114273,0,0.0658452531527193,0.13707120160978
"3313001","3323000",3318000.5,"Fst",0.114120786939054,0,0.0632216512835342,0.130846548751337
"3314001","3324000",3319000.5,"Fst",0.112976257696755,0,0.0348735813346715,0.0804009131831878
"3315001","3325000",3320000.5,"Fst",0.113329869356787,0,0.0259671910246933,0.0681474509182746
"3316001","3326000",3321000.5,"Fst",0.113396522477545,0,0.0268879924325897,0.0650563835449963
"3317001","3327000",3322000.5,"Fst",0.0858371121333016,0,0.0299579509815815,0.0615211414946206
"3318001","3328000",3323000.5,"Fst",0.0625186596941217,0,0.0302345307454598,0.0690572708180927
"3319001","3329000",3324000.5,"Fst",0.0368215230726356,0,0.0363959696226366,0.0834179223347936
"3320001","3330000",3325000.5,"Fst",0.0469009184148756,0,0.0325179254728079,0.0896266890254556
"3321001","3331000",3326000.5,"Fst",0.0390451291039268,0,0.0351874766412724,0.10061676680013
"3322001","3332000",3327000.5,"Fst",0.0453621492701175,0,0.0364051758670207,0.100517681064793
"3323001","3333000",3328000.5,"Fst",0.133524811552489,0,0.0386794701356817,0.0915034247967682
"3324001","3334000",3329000.5,"Fst",0.17802406107124,0,0.0561491418773742,0.140715960311038
"3325001","3335000",3330000.5,"Fst",0.184314816187787,0,0.0593187557918648,0.153680704390328
"3326001","3336000",3331000.5,"Fst",0.182803141658985,0,0.0638433880262773,0.161139833641634
"3327001","3337000",3332000.5,"Fst",0.186087245122557,0,0.0676990544483639,0.168069054288547
"3328001","3338000",3333000.5,"Fst",0.188298585158126,0,0.0668434099723969,0.169773757552922
"3329001","3339000",3334000.5,"Fst",0.188012647435616,0,0.0667403750361364,0.16945650502831
"3330001","3340000",3335000.5,"Fst",0.188734863643922,0,0.0669251941007956,0.171518393788723
"3331001","3341000",3336000.5,"Fst",0.191318959547989,0,0.0685081375001923,0.174307892770405
"3332001","3342000",3337000.5,"Fst",0.193877715797242,0,0.0703073433689712,0.177601589906992
"3333001","3343000",3338000.5,"Fst",0.189505014008602,0,0.0706814974837315,0.178971170605638
"3334001","3344000",3339000.5,"Fst",0.175851836292852,0,0.0681288456442335,0.174407954687539
"3335001","3345000",3340000.5,"Fst",0.167574083639477,0,0.0671037980035419,0.166981178941741
"3336001","3346000",3341000.5,"Fst",0.157489211497864,0,0.0578125421043932,0.146736860392621
"3337001","3347000",3342000.5,"Fst",0.0642306450874335,0,0.0241681151360929,0.0532975999230786
"3338001","3348000",3343000.5,"Fst",0.0612469827832057,0,0.0224827534843903,0.0518159067783687
"3339001","3349000",3344000.5,"Fst",0.055506132892273,0,0.0237356735513847,0.0503491273353667
"3340001","3350000",3345000.5,"Fst",0.0621121458578837,0,0.0241386256204026,0.0552715591501953
"3341001","3351000",3346000.5,"Fst",0.0490368409277351,0,0.0247504803807862,0.0588120258370287
"3342001","3352000",3347000.5,"Fst",0.0504870548192177,0,0.0253438748468394,0.0572022310902541
"3343001","3353000",3348000.5,"Fst",0.0515443017127799,0,0.0230556530038887,0.0497938183331441
"3344001","3354000",3349000.5,"Fst",0.0542290799179894,0,0.0229529732846158,0.0528375877489606
"3345001","3355000",3350000.5,"Fst",0.0674222069814684,0,0.0255925399882692,0.0502447846984789
"3346001","3356000",3351000.5,"Fst",0.0509201953765036,0,0.0222202319672662,0.0358956656039698
"3347001","3357000",3352000.5,"Fst",0.0498778322985481,0,0.0216586633304758,0.0354612832979492
"3348001","3358000",3353000.5,"Fst",0.0484499838954924,0,0.022605469409413,0.0440022391180239
"3349001","3359000",3354000.5,"Fst",0.0561241725466933,0,0.0248307868162689,0.0496916309744693
"3350001","3360000",3355000.5,"Fst",0.0592556197925935,0,0.0245993184788268,0.0482392218432497
"3351001","3361000",3356000.5,"Fst",0.076248838230638,0,0.029292928570004,0.0593584275193807
"3352001","3362000",3357000.5,"Fst",0.0969562451081059,0,0.0377061657738907,0.0765835203136286
"3353001","3363000",3358000.5,"Fst",0.105007385340554,0,0.0428864611825151,0.0925469230838246
"3354001","3364000",3359000.5,"Fst",0.105853354152333,0,0.043575263891816,0.0936897678230487
"3355001","3365000",3360000.5,"Fst",0.0907537389320171,0,0.0386594003789433,0.0853108446135034
"3356001","3366000",3361000.5,"Fst",0.0927700434788767,0,0.0419022977968771,0.0907828324147563
"3357001","3367000",3362000.5,"Fst",0.092341352104198,0,0.0412167678241127,0.089588965921805
"3358001","3368000",3363000.5,"Fst",0.0968739468714849,0,0.0441905222664205,0.0907304534059973
"3359001","3369000",3364000.5,"Fst",0.0957851147060024,0,0.0440949918860221,0.0910399884731996
"3360001","3370000",3365000.5,"Fst",0.0936501078903476,0,0.0405905395048433,0.0852601607458222
"3361001","3371000",3366000.5,"Fst",0.0609411010517482,0,0.0239746452563886,0.0603993392036871
"3362001","3372000",3367000.5,"Fst",0.0311137211673245,0,0.0150625400776849,0.0336534972572624
"3363001","3373000",3368000.5,"Fst",0.0297473331922964,0,0.0140780166719231,0.0314115331197653
"3364001","3374000",3369000.5,"Fst",0.0376887700185916,0,0.0142539569636649,0.0322698647425018
"3365001","3375000",3370000.5,"Fst",0.0578225966209779,0,0.0184571558051696,0.0451570968580628
"3366001","3376000",3371000.5,"Fst",0.0748607570070705,0,0.0251434131961387,0.0608455956491659
"3367001","3377000",3372000.5,"Fst",0.0809808563940824,0,0.0264339513672503,0.065420825833197
"3368001","3378000",3373000.5,"Fst",0.0895169144775296,0,0.0292028676732119,0.0665598242253296
"3369001","3379000",3374000.5,"Fst",0.107823641898059,0,0.0310246567906909,0.0702797527178267
"3370001","3380000",3375000.5,"Fst",0.109611982699174,0,0.0314354936216948,0.0712029959922034
"3371001","3381000",3376000.5,"Fst",0.12088420784073,0,0.0349226984118869,0.0813503879292913
"3372001","3382000",3377000.5,"Fst",0.131398751607625,0,0.0381902292570321,0.088302765052254
"3373001","3383000",3378000.5,"Fst",0.148837032039139,0,0.0641292102753261,0.154429196790683
"3374001","3384000",3379000.5,"Fst",0.149541821825474,0,0.0654613917738401,0.155929385322442
"3375001","3385000",3380000.5,"Fst",0.15043505979849,0,0.0686185074357516,0.151813854756127
"3376001","3386000",3381000.5,"Fst",0.152911722175423,0,0.0734965545223228,0.157115613939162
"3377001","3387000",3382000.5,"Fst",0.154649886665204,0,0.0763739831940378,0.161302519480505
"3378001","3388000",3383000.5,"Fst",0.149265041555763,0,0.0725938929095622,0.155400047477931
"3379001","3389000",3384000.5,"Fst",0.144492576630424,0,0.0731446755581341,0.154720996565502
"3380001","3390000",3385000.5,"Fst",0.139058890514909,0,0.0687843148693961,0.148978882997447
"3381001","3391000",3386000.5,"Fst",0.133550300335315,0,0.0633880712817508,0.13990277475355
"3382001","3392000",3387000.5,"Fst",0.13540458502258,0,0.0613939729953214,0.136561803444534
"3383001","3393000",3388000.5,"Fst",0.106214453877951,0,0.0317130135916421,0.0733296754662643
"3384001","3394000",3389000.5,"Fst",0.0963491434453402,0,0.0319519229851534,0.0650168857313784
"3385001","3395000",3390000.5,"Fst",0.0832814267915228,0,0.0360620653360946,0.0686062557925387
"3386001","3396000",3391000.5,"Fst",0.0845521023182993,0,0.0355781322733947,0.067011714459062
"3387001","3397000",3392000.5,"Fst",0.0675745692749782,0,0.0360498055978005,0.0711494610100386
"3388001","3398000",3393000.5,"Fst",0.0402423254568248,0,0.0395035646257642,0.0899314505599283
"3389001","3399000",3394000.5,"Fst",0.0464070292623207,0,0.0368194707807702,0.085163260358133
"3390001","3400000",3395000.5,"Fst",0.0455269658542349,0,0.0338485421705184,0.0873292966519352
"3391001","3401000",3396000.5,"Fst",0.0390205896411502,0,0.0335276218453689,0.0804215130832309
"3392001","3402000",3397000.5,"Fst",0.0282386090882306,0,0.0342453149627248,0.080377549498764
"3393001","3403000",3398000.5,"Fst",0.0266812457300086,0,0.0334303684535259,0.0716741534345779
"3394001","3404000",3399000.5,"Fst",0.0310236129245001,0,0.0369923545663599,0.0680842231540287
"3395001","3405000",3400000.5,"Fst",0.03036353829454,0,0.0382192546262491,0.067239385012386
"3396001","3406000",3401000.5,"Fst",0.0217876824851877,0,0.0344344299882102,0.0629869914608915
"3397001","3407000",3402000.5,"Fst",0.0240105073660274,0,0.0279241868132416,0.0528260385981977
"3398001","3408000",3403000.5,"Fst",0.03522999067706,0,0.0162950939100739,0.0359762841323749
"3399001","3409000",3404000.5,"Fst",0.0165346088577297,0,0.0114599142258997,0.0317723555469621
"3400001","3410000",3405000.5,"Fst",0.0178107074700952,0,0.00968528935332928,0.0353648131970115
"3401001","3411000",3406000.5,"Fst",0.0165306405166342,0,0.00899376220095061,0.0331730223529877
"3402001","3412000",3407000.5,"Fst",0.00397421351795624,0,0.00498732505966216,0.00922579740013452
"3403001","3413000",3408000.5,"Fst",0.00063836917953608,0,0.00919282430569409,0.0289311913975335
"3404001","3414000",3409000.5,"Fst",0.000327649004099428,0,0.00930065050944433,0.0295859959151831
"3405001","3415000",3410000.5,"Fst",0,0,0.0116127074467056,0.0294929467145915
"3406001","3416000",3411000.5,"Fst",0,0,0.0131592540134495,0.0342688362381059
"3407001","3417000",3412000.5,"Fst",0,0,0.0192522709993067,0.0510405951881409
"3408001","3418000",3413000.5,"Fst",0.0145214222081866,0,0.0344604909493489,0.0977153624847408
"3409001","3419000",3414000.5,"Fst",0.0189743554646061,0,0.0389639377744297,0.12053778073096
"3410001","3420000",3415000.5,"Fst",0.0164496201172912,0,0.0439564587364844,0.119356313949437
"3411001","3421000",3416000.5,"Fst",0.0144013497337514,0,0.0491339792907798,0.128641303400059
"3412001","3422000",3417000.5,"Fst",0.0149864507291623,0,0.0494851390770138,0.129441409235429
"3413001","3423000",3418000.5,"Fst",0.0149880200368295,0,0.0479645766838222,0.113112086098306
"3414001","3424000",3419000.5,"Fst",0.0367530148003501,0,0.0431889692683597,0.0980206559254302
"3415001","3425000",3420000.5,"Fst",0.0401115713835991,0,0.0437872692126128,0.0949563580831837
"3416001","3426000",3421000.5,"Fst",0.0387297500905784,0,0.0431877692925438,0.0935865768453258
"3417001","3427000",3422000.5,"Fst",0.0390437923321735,0,0.0415807211787357,0.0945882468728415
"3418001","3428000",3423000.5,"Fst",0.0363157034826537,0,0.037476597086451,0.0776193339341713
"3419001","3429000",3424000.5,"Fst",0.0391521752960278,0,0.0328508250915034,0.0728865077373699
"3420001","3430000",3425000.5,"Fst",0.0424305251428858,0,0.029443326515958,0.0653003631414214
"3421001","3431000",3426000.5,"Fst",0.0486523632055378,0,0.026241499960913,0.0582408007191281
"3422001","3432000",3427000.5,"Fst",0.0470168398083888,0,0.0259951344815994,0.0574867571487048
"3423001","3433000",3428000.5,"Fst",0.0646747187846527,0,0.0190344051875537,0.0356812503924946
"3424001","3434000",3429000.5,"Fst",0.00919608950299478,0,0.0210449501679415,0.0443926315199621
"3425001","3435000",3430000.5,"Fst",0.00972978174944139,0,0.0208588222337981,0.044688633168135
"3426001","3436000",3431000.5,"Fst",0.0106990851291153,0,0.0216315655103813,0.0477015079941089
"3427001","3437000",3432000.5,"Fst",0.0103225585149602,0,0.0211572340170051,0.0458195942827714
"3428001","3438000",3433000.5,"Fst",0.00879344640555968,0,0.0183943756078351,0.0397278546210127
"3429001","3439000",3434000.5,"Fst",0,0,0.0188815129388906,0.0444302798318302
"3430001","3440000",3435000.5,"Fst",0,0,0.0202973251178856,0.0471941814873383
"3431001","3441000",3436000.5,"Fst",0,0,0.0198616145460514,0.0480826081093696
"3432001","3442000",3437000.5,"Fst",0.0122531654390405,0,0.022874399086778,0.0461983787031186
"3433001","3443000",3438000.5,"Fst",0.013391850348372,0,0.0237292377901527,0.0535317299845927
"3434001","3444000",3439000.5,"Fst",0.0135432380727644,0,0.0219497254584154,0.0498462965788418
"3435001","3445000",3440000.5,"Fst",0.0179949152879019,0,0.0222869438854396,0.0387740301817581
"3436001","3446000",3441000.5,"Fst",0.0182550650930098,0,0.0237277745478444,0.0436078307928089
"3437001","3447000",3442000.5,"Fst",0.0224282352289928,0,0.0249948942652674,0.0472498125937031
"3438001","3448000",3443000.5,"Fst",0.0241131650266085,0,0.0271451900232891,0.0488761238761238
"3439001","3449000",3444000.5,"Fst",0.0227275579054234,0,0.0293078722534276,0.0530246530657763
"3440001","3450000",3445000.5,"Fst",0.0222398499816884,0,0.0295233354188529,0.0533743485410105
"3441001","3451000",3446000.5,"Fst",0.0200888424586926,0,0.0279801026562119,0.053213911180986
"3442001","3452000",3447000.5,"Fst",0.0152910066041611,0,0.0288644189274499,0.0589306538733732
"3443001","3453000",3448000.5,"Fst",0.0172523518753748,0,0.02963238563828,0.0583840844128753
"3444001","3454000",3449000.5,"Fst",0.0171558991587165,0,0.029998571294769,0.0594725862789587
"3445001","3455000",3450000.5,"Fst",0.0133859282632262,0,0.0258054795055441,0.0515180466270071
"3446001","3456000",3451000.5,"Fst",0.00920127529128922,0,0.0199931507535575,0.035407786302927
"3447001","3457000",3452000.5,"Fst",0.0479998908930659,0,0.0226153155264611,0.0668649601410087
"3448001","3458000",3453000.5,"Fst",0.0493552889797949,0,0.0229228349692719,0.0650391548851631
"3449001","3459000",3454000.5,"Fst",0.0529964639122825,0,0.0227782132912991,0.074410671434621
"3450001","3460000",3455000.5,"Fst",0.0581668064039605,0,0.0193105071639945,0.0648012363070907
"3451001","3461000",3456000.5,"Fst",0.0640521295602319,0,0.0214498564720777,0.0683415895680046
"3452001","3462000",3457000.5,"Fst",0.0543213741664021,0,0.0202840982616386,0.0580552191309719
"3453001","3463000",3458000.5,"Fst",0.0559876207837576,0,0.0213061715402216,0.0599193259570617
"3454001","3464000",3459000.5,"Fst",0.0567006515711937,0,0.0221607634708088,0.0615612207208593
"3455001","3465000",3460000.5,"Fst",0.0482161679733482,0,0.019972653049154,0.0521873719362059
"3456001","3466000",3461000.5,"Fst",0.0440583013732929,0,0.0187038641138595,0.0472552438148456
"3457001","3467000",3462000.5,"Fst",0.0160928304903381,0,0.0188376260528336,0.0373908628645582
"3458001","3468000",3463000.5,"Fst",0.0147684182695043,0,0.0191915128280565,0.0369057000262674
"3459001","3469000",3464000.5,"Fst",0.0152754523623249,0,0.0196296141603973,0.0335932232132402
"3460001","3470000",3465000.5,"Fst",0,0,0.0225776390808857,0.0673838898839539
"3461001","3471000",3466000.5,"Fst",0,0,0.0201767463824926,0.0600207894871926
"3462001","3472000",3467000.5,"Fst",0,0,0.0243506417961798,0.097780839338703
"3463001","3473000",3468000.5,"Fst",0.00899304347826091,0,0.0299001055087922,0.109288968382918
"3464001","3474000",3469000.5,"Fst",0.0054464418039597,0,0.0276175834752289,0.0928480431720711
"3465001","3475000",3470000.5,"Fst",0,0,0.0313248570831582,0.0636452707264149
"3466001","3476000",3471000.5,"Fst",0,0,0.0304719819863949,0.0584703769819328
"3467001","3477000",3472000.5,"Fst",0,0,0.0303941264501355,0.0587522640475798
"3468001","3478000",3473000.5,"Fst",0,0,0.0299996685111513,0.0584214516267691
"3469001","3479000",3474000.5,"Fst",0,0,0.0297945660126822,0.0583775693941023
"3470001","3480000",3475000.5,"Fst",0,0,0.0308233784165177,0.0615955333584723
"3471001","3481000",3476000.5,"Fst",0,0,0.032234628503007,0.0648344262236628
"3472001","3482000",3477000.5,"Fst",0,0,0.0328529773763295,0.072609926130505
"3473001","3483000",3478000.5,"Fst",0,0,0.0384766370379197,0.0840387406230302
"3474001","3484000",3479000.5,"Fst",0,0,0.0352035910046887,0.0789128596828274
"3475001","3485000",3480000.5,"Fst",0,0,0.0300424096262788,0.0601609216381588
"3476001","3486000",3481000.5,"Fst",0.0398816666098069,0,0.0296662114123569,0.076456947477107
"3477001","3487000",3482000.5,"Fst",0.0387192078891684,0,0.0286491348723347,0.0736458131897374
"3478001","3488000",3483000.5,"Fst",0.0401389811932328,0,0.0293688457988708,0.0759077082115288
"3479001","3489000",3484000.5,"Fst",0.0391942438801681,0,0.0271796329784824,0.0683672523174412
"3480001","3490000",3485000.5,"Fst",0.0366568889389091,0,0.023485104704209,0.058435267602734
"3481001","3491000",3486000.5,"Fst",0.0369996148778757,0,0.0241347506291468,0.0592472369917657
"3482001","3492000",3487000.5,"Fst",0.0375655465083529,0,0.0243070010655016,0.0579085228470904
"3483001","3493000",3488000.5,"Fst",0.0396453423524794,0,0.0229379775497286,0.0577372780279372
"3484001","3494000",3489000.5,"Fst",0.0430672519491966,0,0.0267844007546466,0.0627851262637049
"3485001","3495000",3490000.5,"Fst",0.043713789381558,0,0.0277300017889163,0.0660494495696876
"3486001","3496000",3491000.5,"Fst",0.0127122614835281,0,0.0118163667715366,0.0159615889385073
"3487001","3497000",3492000.5,"Fst",0.0236473183224527,0,0.0116071505617708,0.0171531800616479
"3488001","3498000",3493000.5,"Fst",0.0246826973889557,0,0.0120332354485702,0.0177745283952874
"3489001","3499000",3494000.5,"Fst",0.0272416486038506,0,0.0132776467513003,0.0217401381356324
"3490001","3500000",3495000.5,"Fst",0.0339951755858767,0,0.0176080534721161,0.0317326917211698
"3491001","3501000",3496000.5,"Fst",0.0321230505254774,0,0.0151185199256298,0.0228587340362246
"3492001","3502000",3497000.5,"Fst",0.0310251277726408,0,0.0148606847827044,0.0222959522229595
"3493001","3503000",3498000.5,"Fst",0.0265434667036497,0,0.0136144482771645,0.0232541879753937
"3494001","3504000",3499000.5,"Fst",0.00359464060212478,0,0.0343507776248965,0.0922038804598536
"3495001","3505000",3500000.5,"Fst",0.025896403067722,0,0.0229827579466095,0.0631945418395715
"3496001","3506000",3501000.5,"Fst",0.0220108145111259,0,0.0215708448743462,0.0559396253864338
"3497001","3507000",3502000.5,"Fst",0.018768576786403,0,0.0225646221963168,0.0560582380673361
"3498001","3508000",3503000.5,"Fst",0.023386518243661,0,0.0230599070718213,0.046864817314898
"3499001","3509000",3504000.5,"Fst",0.024529040952939,0,0.0223885637099668,0.0460558607435751
"3500001","3510000",3505000.5,"Fst",0.0247041367200981,0,0.0225223713020727,0.0463328537664661
"3501001","3511000",3506000.5,"Fst",0.0175864869095606,0,0.0197971507142601,0.0363488396463226
"3502001","3512000",3507000.5,"Fst",0.0145307680111706,0,0.0203367417242126,0.0424703719155117
"3503001","3513000",3508000.5,"Fst",0.0230517605667946,0,0.0215182448449591,0.0480981282868074
"3504001","3514000",3509000.5,"Fst",0.0292142239804691,0,0.0206968153933406,0.058415061630132
"3505001","3515000",3510000.5,"Fst",0.0202376443438356,0,0.0249992959859456,0.075242464955649
"3506001","3516000",3511000.5,"Fst",0.00483467730028075,0,0.040505923867939,0.117677122995823
"3507001","3517000",3512000.5,"Fst",4.27793309553115e-05,0,0.046070859024979,0.131818307264247
"3508001","3518000",3513000.5,"Fst",0,0,0.046049898924947,0.133084109246047
"3509001","3519000",3514000.5,"Fst",0,0,0.0422686005751662,0.121398506857109
"3510001","3520000",3515000.5,"Fst",0,0,0.0408797088742233,0.112967154207922
"3511001","3521000",3516000.5,"Fst",0,0,0.0399122506096033,0.115945497613946
"3512001","3522000",3517000.5,"Fst",0,0,0.0427633778652605,0.118960820743614
"3513001","3523000",3518000.5,"Fst",0,0,0.0390894865834924,0.110481137819715
"3514001","3524000",3519000.5,"Fst",0,0,0.0356671017028539,0.0903001590748812
"3515001","3525000",3520000.5,"Fst",0,0,0.0308455491878908,0.0867576337555797
"3516001","3526000",3521000.5,"Fst",0.00412473892186338,0,0.0249581789952269,0.0555429375463943
"3517001","3527000",3522000.5,"Fst",0.0112571676973866,0,0.0240734634768413,0.0542237001911429
"3518001","3528000",3523000.5,"Fst",0.0132312129009983,0,0.0254198652122237,0.0546991455610296
"3519001","3529000",3524000.5,"Fst",0.0179032821320591,0,0.0236882555218064,0.0460455650404207
"3520001","3530000",3525000.5,"Fst",0.0214055873189238,0,0.024681199714425,0.0489082372855377
"3521001","3531000",3526000.5,"Fst",0.0195136923329046,0,0.0241304336408723,0.0468630047335874
"3522001","3532000",3527000.5,"Fst",0.0156009741800176,0,0.0227170963897299,0.0411035248847562
"3523001","3533000",3528000.5,"Fst",0.0146354780062274,0,0.0197746645558689,0.0339831973695967
"3524001","3534000",3529000.5,"Fst",0.0178686846175845,0,0.0202217074041309,0.0433638716708672
"3525001","3535000",3530000.5,"Fst",0.0153410628860597,0,0.0214707615180544,0.0489931505646833
"3526001","3536000",3531000.5,"Fst",0.0125416286065761,0,0.0218632488427544,0.0530451465980396
"3527001","3537000",3532000.5,"Fst",0.00965380070375987,0,0.022674277259935,0.0546725967733768
"3528001","3538000",3533000.5,"Fst",0.011436005473607,0,0.0220044678026749,0.0523571971233835
"3529001","3539000",3534000.5,"Fst",0.0397423397159399,0,0.112937693392166,0.177081853428719
"3530001","3540000",3535000.5,"Fst",0.0381762020485699,0,0.113349551922562,0.18122572981863
"3531001","3541000",3536000.5,"Fst",0.0360773125334241,0,0.115325269651497,0.176976537224053
"3532001","3542000",3537000.5,"Fst",0.0372529832378862,0,0.118847788145668,0.178751118523526
"3533001","3543000",3538000.5,"Fst",0.042670174535541,0,0.128218884106083,0.199247332349963
"3534001","3544000",3539000.5,"Fst",0.0438982675593984,0,0.134168092555102,0.208166745996016
"3535001","3545000",3540000.5,"Fst",0.038937335402023,0,0.123712548726272,0.190803073553892
"3536001","3546000",3541000.5,"Fst",0.0385235658197158,0,0.123127101388814,0.191285174190268
"3537001","3547000",3542000.5,"Fst",0.0357879639309411,0,0.111789502597895,0.176514821035807
"3538001","3548000",3543000.5,"Fst",0.032416881505488,0,0.0929664539747398,0.152972876334474
"3539001","3549000",3544000.5,"Fst",0.0112413812122452,0,0.0235151667597022,0.0653027865715633
"3540001","3550000",3545000.5,"Fst",0.0104335919955254,0,0.0238175972929092,0.0675321622982719
"3541001","3551000",3546000.5,"Fst",0.013240218473463,0,0.0251372638522661,0.0734150394572417
"3542001","3552000",3547000.5,"Fst",0.0169643106254359,0,0.0271820296037279,0.0810711094488755
"3543001","3553000",3548000.5,"Fst",0.0122541658156831,0,0.0290651423560815,0.0775829442511866
"3544001","3554000",3549000.5,"Fst",0.0122936055046223,0,0.0285965013453409,0.0764949802917392
"3545001","3555000",3550000.5,"Fst",0.0148069126599416,0,0.0271873127302247,0.0673493096008108
"3546001","3556000",3551000.5,"Fst",0.0174593908039534,0,0.0242275756967182,0.0605227400309158
"3547001","3557000",3552000.5,"Fst",0.0190293660046553,0,0.0202779258842166,0.0503470458777722
"3548001","3558000",3553000.5,"Fst",0.0173553204298695,0,0.0206354916927915,0.0421102812648975
"3549001","3559000",3554000.5,"Fst",0.0103330944287936,0,0.020594631580666,0.0518283814492301
"3550001","3560000",3555000.5,"Fst",0.00756648635860147,0,0.0204878994063495,0.0538799807453691
"3551001","3561000",3556000.5,"Fst",0.022368345679459,0,0.0218764868420383,0.0525597870069552
"3552001","3562000",3557000.5,"Fst",0.0115029019745093,0,0.0195478048342266,0.0579611062989033
"3553001","3563000",3558000.5,"Fst",0.0184743964173728,0,0.0221103685466195,0.0513037129745515
"3554001","3564000",3559000.5,"Fst",0.015803633706447,0,0.0229817913469652,0.0433497480623037
"3555001","3565000",3560000.5,"Fst",0.00927434499665958,0,0.024932394147785,0.048947395591348
"3556001","3566000",3561000.5,"Fst",0.00635855846488875,0,0.0294606764473662,0.0567834411810377
"3557001","3567000",3562000.5,"Fst",0.00778780352675434,0,0.0283298590612145,0.0572106204267525
"3558001","3568000",3563000.5,"Fst",0.00751628069095767,0,0.0281101634922944,0.0569668958795821
"3559001","3569000",3564000.5,"Fst",0.00808398829467094,0,0.0248318415277404,0.0554913465061094
"3560001","3570000",3565000.5,"Fst",0.00894969917570743,0,0.0255496509756244,0.0563657013177632
"3561001","3571000",3566000.5,"Fst",0.0035289220621666,0,0.0268135985197844,0.0570741924565551
"3562001","3572000",3567000.5,"Fst",0.00691854316565821,0,0.0324669785131761,0.070450910713863
"3563001","3573000",3568000.5,"Fst",0.00581132131550655,0,0.0325441795444432,0.071455002646556
"3564001","3574000",3569000.5,"Fst",0.00688187791454731,0,0.0322112400581353,0.0680131795034365
"3565001","3575000",3570000.5,"Fst",0.0212820104829212,0,0.0261447137175934,0.0758618582040518
"3566001","3576000",3571000.5,"Fst",0.0212477863987987,0,0.0257957054237855,0.0747595139167034
"3567001","3577000",3572000.5,"Fst",0.0209866355064647,0,0.0240486772060282,0.0697684125845733
"3568001","3578000",3573000.5,"Fst",0.0206685248206289,0,0.023797360634799,0.0694122873509122
"3569001","3579000",3574000.5,"Fst",0.0327395455447869,0,0.0233497244269028,0.0564758514432387
"3570001","3580000",3575000.5,"Fst",0.0351282408455365,0,0.027798446764075,0.0629036405935882
"3571001","3581000",3576000.5,"Fst",0.0355028940279183,0,0.0256659513504931,0.059524613627957
"3572001","3582000",3577000.5,"Fst",0.025976082573808,0,0.0244139158303495,0.0491810504326149
"3573001","3583000",3578000.5,"Fst",0.013532189100788,0,0.0320486595572147,0.065592515271673
"3574001","3584000",3579000.5,"Fst",0.0129287923729654,0,0.033803780301047,0.0684847515461718
"3575001","3585000",3580000.5,"Fst",0,0,0.0366528766993609,0.0733485904309474
"3576001","3586000",3581000.5,"Fst",0,0,0.0366510117918107,0.0725033497793879
"3577001","3587000",3582000.5,"Fst",0,0,0.0403295412414199,0.0792997360161539
"3578001","3588000",3583000.5,"Fst",0,0,0.0393058753904517,0.0787461142395828
"3579001","3589000",3584000.5,"Fst",0,0,0.0377517178390698,0.0816740316220744
"3580001","3590000",3585000.5,"Fst",0,0,0.0363788308082987,0.075591963302891
"3581001","3591000",3586000.5,"Fst",0,0,0.0374842948203102,0.0777066973980655
"3582001","3592000",3587000.5,"Fst",0,0,0.0323546967238003,0.0641400139504089
"3583001","3593000",3588000.5,"Fst",0.0040240280476096,0,0.0212952667676358,0.0463096709827141
"3584001","3594000",3589000.5,"Fst",0.00391347782652118,0,0.0207515471667183,0.0451741018177541
"3585001","3595000",3590000.5,"Fst",0.0108619932458014,0,0.0194745739910271,0.0432274373011011
"3586001","3596000",3591000.5,"Fst",0.00947056492753029,0,0.0182551420630752,0.040528516057531
"3587001","3597000",3592000.5,"Fst",0.00865097095720901,0,0.0176395549568904,0.0394853842313861
"3588001","3598000",3593000.5,"Fst",0.00634874916281181,0,0.0180684122973615,0.0358292145903583
"3589001","3599000",3594000.5,"Fst",0.00642775581906019,0,0.0180787768180004,0.0353389585959328
"3590001","3600000",3595000.5,"Fst",0.00364261582641778,0,0.0199668865196916,0.0437330246494901
"3591001","3601000",3596000.5,"Fst",0.0173913043478261,0,0.0212650835455751,0.0619628922351897
"3592001","3602000",3597000.5,"Fst",0.0174975102614208,0,0.0318440812520563,0.115063868984322
"3593001","3603000",3598000.5,"Fst",0.0271124705267928,0,0.0326003584987379,0.116439955497629
"3594001","3604000",3599000.5,"Fst",0.0389123832370886,0,0.0330137251944031,0.119494875459336
"3595001","3605000",3600000.5,"Fst",0.0350863933651977,0,0.028752571462892,0.104539396239807
"3596001","3606000",3601000.5,"Fst",0.0355478921070482,0,0.0293299504748534,0.10670856107296
"3597001","3607000",3602000.5,"Fst",0.045174005709655,0,0.0258738018703987,0.0862759958067351
"3598001","3608000",3603000.5,"Fst",0.0455527510707131,0,0.0257383980633934,0.0876543513466289
"3599001","3609000",3604000.5,"Fst",0.0450143600189024,0,0.0250292062920204,0.0851054823955824
"3600001","3610000",3605000.5,"Fst",0.0448181014097577,0,0.0247645696708721,0.0846626383935801
"3601001","3611000",3606000.5,"Fst",0.0455504275727665,0,0.0241237662830072,0.0704755919778068
"3602001","3612000",3607000.5,"Fst",0.0551419745012931,0,0.023681005029341,0.0449416293217262
"3603001","3613000",3608000.5,"Fst",0.055680129043203,0,0.0266084475316977,0.0600273542264493
"3604001","3614000",3609000.5,"Fst",0.0414783352816827,0,0.0256453143451146,0.0592774148915327
"3605001","3615000",3610000.5,"Fst",0.0410503981082673,0,0.0271332184288687,0.0627828436046771
"3606001","3616000",3611000.5,"Fst",0.0423475520697348,0,0.0277451950304282,0.0639125921892622
"3607001","3617000",3612000.5,"Fst",0.017248688504363,0,0.0272530484024933,0.0672162619988708
"3608001","3618000",3613000.5,"Fst",0.0169640586159923,0,0.0256153316599685,0.0607823818646283
"3609001","3619000",3614000.5,"Fst",0.0162960162147665,0,0.0288653311985261,0.0694036903904406
"3610001","3620000",3615000.5,"Fst",0.0158495546724888,0,0.0285155380161627,0.0691659749815021
"3611001","3621000",3616000.5,"Fst",0.00211263250838634,0,0.0309268060927966,0.0728218850185554
"3612001","3622000",3617000.5,"Fst",0.00082555917784044,0,0.032414886367119,0.0759060435533053
"3613001","3623000",3618000.5,"Fst",0.0032303484905053,0,0.0321204063993851,0.0757774363337009
"3614001","3624000",3619000.5,"Fst",0,0,0.0299206789602586,0.0913918761907371
"3615001","3625000",3620000.5,"Fst",0,0,0.0375070962354019,0.114745400833789
"3616001","3626000",3621000.5,"Fst",0,0,0.0363553232300313,0.107433679789761
"3617001","3627000",3622000.5,"Fst",0,0,0.0355633564612828,0.105398317103334
"3618001","3628000",3623000.5,"Fst",0,0,0.0328656343673236,0.0921158161949713
"3619001","3629000",3624000.5,"Fst",0,0,0.0289792578539876,0.084175682943271
"3620001","3630000",3625000.5,"Fst",0,0,0.0258973292841226,0.0715158618978964
"3621001","3631000",3626000.5,"Fst",0,0,0.0229265706881564,0.0631384473465
"3622001","3632000",3627000.5,"Fst",0,0,0.0226772762632353,0.060422624930492
"3623001","3633000",3628000.5,"Fst",0,0,0.0211912022766127,0.0559711505712318
"3624001","3634000",3629000.5,"Fst",0,0,0.0197297992851391,0.0467035754003515
"3625001","3635000",3630000.5,"Fst",0.00256564132774684,0,0.0179760914896662,0.0416053223918417
"3626001","3636000",3631000.5,"Fst",0.00505421686963881,0,0.0194796184712935,0.0547410623118418
"3627001","3637000",3632000.5,"Fst",0.00522846410868472,0,0.0206207348721246,0.0558051999518566
"3628001","3638000",3633000.5,"Fst",0.0079136490393108,0,0.0274613293838441,0.063588787506656
"3629001","3639000",3634000.5,"Fst",0.0104006213227181,0,0.0272491267630345,0.0635491397063027
"3630001","3640000",3635000.5,"Fst",0.0134294587722141,0,0.0307624841496927,0.0632047277628581
"3631001","3641000",3636000.5,"Fst",0.0170315276813641,0,0.0305899165904308,0.0604228868576776
"3632001","3642000",3637000.5,"Fst",0.0206261059454356,0,0.0320904817838482,0.0623419218158283
"3633001","3643000",3638000.5,"Fst",0.0162106961361619,0,0.0366434558446654,0.0716517903014776
"3634001","3644000",3639000.5,"Fst",0.0158107715758147,0,0.037043090823542,0.0729072105210237
"3635001","3645000",3640000.5,"Fst",0.0154480776140855,0,0.0382100727702636,0.0749560880803809
"3636001","3646000",3641000.5,"Fst",0.0151112783712544,0,0.0305835119820903,0.0525174192487103
"3637001","3647000",3642000.5,"Fst",0.0115352466146353,0,0.025681579745227,0.038305502644433
"3638001","3648000",3643000.5,"Fst",0.0154651623879144,0,0.020965993030967,0.0465226060825851
"3639001","3649000",3644000.5,"Fst",0.00876293819049689,0,0.0221729899093128,0.0481658648926543
"3640001","3650000",3645000.5,"Fst",0.0067999950600236,0,0.0225759004743345,0.0540309368429674
"3641001","3651000",3646000.5,"Fst",0.0020480953475438,0,0.021838817644876,0.0470033132421008
"3642001","3652000",3647000.5,"Fst",0.000531791063745679,0,0.0221683362610896,0.0478599399095704
"3643001","3653000",3648000.5,"Fst",0.00244629834342014,0,0.021657948867363,0.0488848164686381
"3644001","3654000",3649000.5,"Fst",0.00317225880591332,0,0.0232549426048578,0.0520625435654241
"3645001","3655000",3650000.5,"Fst",0.00314693593205073,0,0.0220126687433653,0.066703419202835
"3646001","3656000",3651000.5,"Fst",0.00310912336143232,0,0.0216284170990024,0.0667442172064753
"3647001","3657000",3652000.5,"Fst",0.00660288262341291,0,0.0215674506757715,0.0692951372909955
"3648001","3658000",3653000.5,"Fst",0.00171386371764448,0,0.0248640661270912,0.080909930182909
"3649001","3659000",3654000.5,"Fst",0.00259187918228188,0,0.0229276461669832,0.0778852093572905
"3650001","3660000",3655000.5,"Fst",0.00487775502830301,0,0.0237872641967984,0.0849962039731749
"3651001","3661000",3656000.5,"Fst",0.00163195661002835,0,0.0273785928249581,0.0854387594912376
"3652001","3662000",3657000.5,"Fst",0.00645282437091388,0,0.0351013924291181,0.0802963130075794
"3653001","3663000",3658000.5,"Fst",0.00603853870492121,0,0.0343074345877356,0.0672555119472619
"3654001","3664000",3659000.5,"Fst",0.00598310470433217,0,0.0339002491906435,0.0669632069912575
"3655001","3665000",3660000.5,"Fst",0.00615047455498774,0,0.036079763957894,0.0763287156755342
"3656001","3666000",3661000.5,"Fst",0.00650751702290908,0,0.0362572844831493,0.0773373927064852
"3657001","3667000",3662000.5,"Fst",0.00639973359733004,0,0.0368277601768771,0.0783530346580502
"3658001","3668000",3663000.5,"Fst",0.00574741407726242,0,0.0375716787821795,0.0789843548543226
"3659001","3669000",3664000.5,"Fst",0.00539450599711921,0,0.0383473391809296,0.0817206617338871
"3660001","3670000",3665000.5,"Fst",0.00539450599711921,0,0.0383473391809296,0.0817206617338871
"3661001","3671000",3666000.5,"Fst",0.0101186703418966,0,0.0327039119585471,0.0786582135380046
"3662001","3672000",3667000.5,"Fst",0.0103195200097406,0,0.0324770079276891,0.0678387774796094
"3663001","3673000",3668000.5,"Fst",0.0111502213863875,0,0.030018134971809,0.0798903386444436
"3664001","3674000",3669000.5,"Fst",0.0101046968578277,0,0.0306144846094984,0.0813822666552736
"3665001","3675000",3670000.5,"Fst",0.0141313920786941,0,0.0290504696157882,0.0711463351575214
"3666001","3676000",3671000.5,"Fst",0.0145554357807322,0,0.026734938522134,0.0663954579294203
"3667001","3677000",3672000.5,"Fst",0.0147642227693902,0,0.0270986695871138,0.0671634053946282
"3668001","3678000",3673000.5,"Fst",0.0149441342213378,0,0.0274264633273596,0.0680654779945559
"3669001","3679000",3674000.5,"Fst",0.0185816828706643,0,0.0291630125140395,0.0740593092066963
"3670001","3680000",3675000.5,"Fst",0.0180529775293167,0,0.0283006731763886,0.0720723050784625
"3671001","3681000",3676000.5,"Fst",0.0320894840149498,0,0.0249666396888951,0.0484605109851399
"3672001","3682000",3677000.5,"Fst",0.0319590389579785,0,0.0246952879678954,0.0517738692780065
"3673001","3683000",3678000.5,"Fst",0.0312946980331554,0,0.0241051978613121,0.0509366747960641
"3674001","3684000",3679000.5,"Fst",0.0336839408578539,0,0.0245029618254954,0.0541134663275905
"3675001","3685000",3680000.5,"Fst",0.0345001141748689,0,0.021483922962777,0.067302282519674
"3676001","3686000",3681000.5,"Fst",0.0321294592121012,0,0.0232232179671446,0.0672445552064146
"3677001","3687000",3682000.5,"Fst",0.0311967324777164,0,0.0224053544398453,0.0650728740694139
"3678001","3688000",3683000.5,"Fst",0.0288671169520822,0,0.0199768359167038,0.0571911061075148
"3679001","3689000",3684000.5,"Fst",0.0290094753370513,0,0.0199768359167038,0.0574579386398982
"3680001","3690000",3685000.5,"Fst",0.0282811391507043,0,0.0195564550755957,0.0558369590107627
"3681001","3691000",3686000.5,"Fst",0.00667258664978454,0,0.00929441219353729,0.014397696368581
"3682001","3692000",3687000.5,"Fst",0.00549638291993959,0,0.0105923469306062,0.012737009697496
"3683001","3693000",3688000.5,"Fst",0.0362654223312519,0,0.0292685799984783,0.0626116249134337
"3684001","3694000",3689000.5,"Fst",0.0347909562546173,0,0.0287511493172376,0.061224891012125
"3685001","3695000",3690000.5,"Fst",0.0294905903795367,0,0.0273224888423277,0.0566275521169137
"3686001","3696000",3691000.5,"Fst",0.0315666873975237,0,0.0289979839390311,0.0599664101326419
"3687001","3697000",3692000.5,"Fst",0.0323577480787732,0,0.0298694219658518,0.0615833054843861
"3688001","3698000",3693000.5,"Fst",0.0331954034146756,0,0.0309804653417329,0.0635120917226814
"3689001","3699000",3694000.5,"Fst",0.0318992294486365,0,0.0279522769347235,0.0560455820245193
"3690001","3700000",3695000.5,"Fst",0.0324403454838237,0,0.0284360884593446,0.0565223579564191
"3691001","3701000",3696000.5,"Fst",0.0317806477311028,0,0.0273141209745493,0.0540614768854613
"3692001","3702000",3697000.5,"Fst",0.0325037730897507,0,0.028447429481103,0.0576609788638438
"3693001","3703000",3698000.5,"Fst",0.00311978186891015,0,0.0215982653725484,0.0474472807991121
"3694001","3704000",3699000.5,"Fst",0,0,0.0364395929505072,0.109887157806485
"3695001","3705000",3700000.5,"Fst",0.000199004590426655,0,0.0512522474290915,0.13316474957402
"3696001","3706000",3701000.5,"Fst",0.0263512977174545,0,0.0485991279905109,0.114053474694353
"3697001","3707000",3702000.5,"Fst",0.0204782048604679,0,0.0494943342233159,0.113424688623057
"3698001","3708000",3703000.5,"Fst",0.021029990743477,0,0.0491508009345704,0.112934731816424
"3699001","3709000",3704000.5,"Fst",0.0207153910847114,0,0.0489356564372407,0.112406004523281
"3700001","3710000",3705000.5,"Fst",0.0205804915141901,0,0.0487997174768162,0.111922349847081
"3701001","3711000",3706000.5,"Fst",0.0205314273706276,0,0.0487172326845515,0.111643569717822
"3702001","3712000",3707000.5,"Fst",0.0200500306284925,0,0.0482839879865769,0.110450644788635
"3703001","3713000",3708000.5,"Fst",0.0200758334665738,0,0.0482783500680435,0.110427001959363
"3704001","3714000",3709000.5,"Fst",0.0236909721107247,0,0.0487061770068965,0.108499714037315
"3705001","3715000",3710000.5,"Fst",0.0360058712920129,0,0.0424560689303261,0.0924163450839099
"3706001","3716000",3711000.5,"Fst",0.0105456591576347,0,0.0421816762973102,0.0975740991421077
"3707001","3717000",3712000.5,"Fst",0.0222195744585035,0,0.0226169224706782,0.0387737907206729
"3708001","3718000",3713000.5,"Fst",0.0133027010977489,0,0.0211492994254193,0.0456231920860291
"3709001","3719000",3714000.5,"Fst",0.0366407853733862,0,0.0230627442506282,0.0481475698551997
"3710001","3720000",3715000.5,"Fst",0.0406352054416768,0,0.0242183681942389,0.0530943844605543
"3711001","3721000",3716000.5,"Fst",0.0390384024511254,0,0.0236885880165994,0.0513088006106674
"3712001","3722000",3717000.5,"Fst",0.0516053362632845,0,0.0258833614707991,0.0482878104656204
"3713001","3723000",3718000.5,"Fst",0.0377471348672735,0,0.0241302360454575,0.0512932915074786
"3714001","3724000",3719000.5,"Fst",0.0334170451253641,0,0.0212454280618199,0.0460391133311934
"3715001","3725000",3720000.5,"Fst",0.0330679597554447,0,0.0211002757952342,0.0435471079268211
"3716001","3726000",3721000.5,"Fst",0.0236410059016562,0,0.019663581268658,0.0367634208997438
"3717001","3727000",3722000.5,"Fst",0.0171026914736304,0,0.0191114559779996,0.0466565627531423
"3718001","3728000",3723000.5,"Fst",0.0213453569111974,0,0.0177302011451052,0.0430476844696318
"3719001","3729000",3724000.5,"Fst",0.0102609661601442,0,0.018184434749272,0.0405411874429986
"3720001","3730000",3725000.5,"Fst",0.0104164682953711,0,0.0179298243176076,0.0404647160068845
"3721001","3731000",3726000.5,"Fst",0.0109757502255263,0,0.0186557642002569,0.0406147418680991
"3722001","3732000",3727000.5,"Fst",0.0109930533587717,0,0.0184480526167358,0.0426450813637186
"3723001","3733000",3728000.5,"Fst",0.0140039959852861,0,0.0194357795259082,0.0503831060582528
"3724001","3734000",3729000.5,"Fst",0.0129989275130414,0,0.0185305497943393,0.0461798265632132
"3725001","3735000",3730000.5,"Fst",0.00289425533141463,0,0.0183506652045076,0.0466422990007894
"3726001","3736000",3731000.5,"Fst",0.00211543086399146,0,0.0262533127931355,0.0497955965466749
"3727001","3737000",3732000.5,"Fst",0.00835672878212768,0,0.0307128437378511,0.0488029228454762
"3728001","3738000",3733000.5,"Fst",0,0,0.0345796553859647,0.0568531458005902
"3729001","3739000",3734000.5,"Fst",0.00449176170730292,0,0.0323737288280132,0.0667594020168796
"3730001","3740000",3735000.5,"Fst",0.00544600924041205,0,0.0332831994895378,0.0658636289605063
"3731001","3741000",3736000.5,"Fst",0.00549797075772829,0,0.0336046041905745,0.0664691555244028
"3732001","3742000",3737000.5,"Fst",0.010011049240874,0,0.0282585489884569,0.0588347441470296
"3733001","3743000",3738000.5,"Fst",0.00845576513338031,0,0.0288249234050287,0.0574721854923802
"3734001","3744000",3739000.5,"Fst",0.0100330381921502,0,0.0289123670222056,0.065207840960241
"3735001","3745000",3740000.5,"Fst",0.0133277467681311,0,0.0296226998054125,0.0658204316742962
"3736001","3746000",3741000.5,"Fst",0.0178921426212804,0,0.0270562222100927,0.0815228977151602
"3737001","3747000",3742000.5,"Fst",0.0179210579173107,0,0.0270551332738195,0.0815228977151602
"3738001","3748000",3743000.5,"Fst",0.0119694165740557,0,0.0250025394924619,0.0677538532363477
"3739001","3749000",3744000.5,"Fst",0.00844793489929541,0,0.027669456398726,0.0622131781332859
"3740001","3750000",3745000.5,"Fst",0.006648526197362,0,0.0276877957007148,0.0621537018203929
"3741001","3751000",3746000.5,"Fst",0.0065798560738497,0,0.0274501749077909,0.0616326633337042
"3742001","3752000",3747000.5,"Fst",0,0,0.0289746650287246,0.0668934298329126
"3743001","3753000",3748000.5,"Fst",0,0,0.0305133846196981,0.0716073495548313
"3744001","3754000",3749000.5,"Fst",0,0,0.0315276081470788,0.0775913903279631
"3745001","3755000",3750000.5,"Fst",0,0,0.0386777252144082,0.0906285539670655
"3746001","3756000",3751000.5,"Fst",0,0,0.0367521606131809,0.0897150174358703
"3747001","3757000",3752000.5,"Fst",0,0,0.0367539156236155,0.089508271934796
"3748001","3758000",3753000.5,"Fst",0,0,0.0352490747949412,0.104946193127723
"3749001","3759000",3754000.5,"Fst",0,0,0.0318118329793177,0.0724261845897045
"3750001","3760000",3755000.5,"Fst",0,0,0.0336346252818849,0.0764814349360848
"3751001","3761000",3756000.5,"Fst",0,0,0.0321714943470059,0.073963806441256
"3752001","3762000",3757000.5,"Fst",0,0,0.0323586297384911,0.0537357223848662
"3753001","3763000",3758000.5,"Fst",0,0,0.0324751380129175,0.0535404775316308
"3754001","3764000",3759000.5,"Fst",0.00814191834564004,0,0.031011376229513,0.0600537420167797
"3755001","3765000",3760000.5,"Fst",0.0109299999305347,0,0.031036474721069,0.0777068406019887
"3756001","3766000",3761000.5,"Fst",0.0060543154995929,0,0.0426386509438228,0.0854188322808199
"3757001","3767000",3762000.5,"Fst",0.00575606322752786,0,0.0414929187060241,0.0826418772889397
"3758001","3768000",3763000.5,"Fst",0.00550432691900182,0,0.0414482930738354,0.0823974420108183
"3759001","3769000",3764000.5,"Fst",0.00899529895469686,0,0.0491675699106345,0.0943285256910872
"3760001","3770000",3765000.5,"Fst",0.00851512737859528,0,0.0479988452019746,0.0917540817429773
"3761001","3771000",3766000.5,"Fst",0.00946238604727789,0,0.0443870329352223,0.0938855643318073
"3762001","3772000",3767000.5,"Fst",0.00994003430188173,0,0.0442111879882243,0.0938284503935592
"3763001","3773000",3768000.5,"Fst",0.0100763978781186,0,0.0449227014655247,0.0950665012550129
"3764001","3774000",3769000.5,"Fst",0.00483373768096995,0,0.0467032421159352,0.0922080674803033
"3765001","3775000",3770000.5,"Fst",0,0,0.0433028686722637,0.0852595812393474
"3766001","3776000",3771000.5,"Fst",0.00273758636929999,0,0.0189800328939437,0.0372250778182722
"3767001","3777000",3772000.5,"Fst",0.00836159706049644,0,0.0270021095633764,0.0547805245894724
"3768001","3778000",3773000.5,"Fst",0.0114374949584578,0,0.0319540531876142,0.062101233621496
"3769001","3779000",3774000.5,"Fst",0.0209900414919215,0,0.0307493330758031,0.0713924390924612
"3770001","3780000",3775000.5,"Fst",0.0211336218408467,0,0.030869127727244,0.0660830378250591
"3771001","3781000",3776000.5,"Fst",0.0209387834655832,0,0.0320797106445145,0.0722012259974977
"3772001","3782000",3777000.5,"Fst",0.0214509962821834,0,0.0328002211440976,0.0737711608722247
"3773001","3783000",3778000.5,"Fst",0.0205274354929141,0,0.031948243700883,0.0716091417222824
"3774001","3784000",3779000.5,"Fst",0.0186496858861194,0,0.0303715967738015,0.0655677275311745
"3775001","3785000",3780000.5,"Fst",0.0193763898820516,0,0.0329376703310193,0.0669427665822903
"3776001","3786000",3781000.5,"Fst",0.019342870568167,0,0.0330383094658973,0.0672034737446745
"3777001","3787000",3782000.5,"Fst",0.0191368459889134,0,0.0293843260200486,0.0715667087705207
"3778001","3788000",3783000.5,"Fst",0.021017733249875,0,0.0369201038464903,0.0573158494481011
"3779001","3789000",3784000.5,"Fst",0.00643627538912295,0,0.0343021602250295,0.0661504498779142
"3780001","3790000",3785000.5,"Fst",0.00709569004283928,0,0.0256615194558385,0.0541351478518948
"3781001","3791000",3786000.5,"Fst",0.0182935190972374,0,0.023946709292889,0.0502776765702803
"3782001","3792000",3787000.5,"Fst",0.0182935190972374,0,0.023946709292889,0.0502776765702803
"3783001","3793000",3788000.5,"Fst",0.0416005553945344,0,0.0249664391693175,0.0501752619429854
"3784001","3794000",3789000.5,"Fst",0.0516107421710389,0,0.0253389355249453,0.0642631140165878
"3785001","3795000",3790000.5,"Fst",0.0591064614264148,0,0.0393204381022426,0.102559252330328
"3786001","3796000",3791000.5,"Fst",0.0601846248921734,0,0.0400284622075457,0.104118458171999
"3787001","3797000",3792000.5,"Fst",0.0574919603761618,0,0.0378318586132411,0.0993823227442001
"3788001","3798000",3793000.5,"Fst",0.0557818262494963,0,0.0357998721120386,0.0946701698800014
"3789001","3799000",3794000.5,"Fst",0.064510253171464,0,0.0373030255977124,0.0924221576824423
"3790001","3800000",3795000.5,"Fst",0.0688717802382843,0,0.040143394147724,0.097268844536935
"3791001","3801000",3796000.5,"Fst",0.0644634611962936,0,0.0396711910322099,0.0943871653367141
"3792001","3802000",3797000.5,"Fst",0.0521264901503246,0,0.0341103867162435,0.0808441998202259
"3793001","3803000",3798000.5,"Fst",0.0364533881795114,0,0.0298130822074181,0.0675924954143458
"3794001","3804000",3799000.5,"Fst",0.0342698219222186,0,0.0289516243968003,0.0711812045955722
"3795001","3805000",3800000.5,"Fst",0.022792497251271,0,0.0273856967600061,0.0616805242429109
"3796001","3806000",3801000.5,"Fst",0.0419455868964251,0,0.0347432348262517,0.0735154838106957
"3797001","3807000",3802000.5,"Fst",0.0415240257406981,0,0.0344032591414663,0.0741719212612643
"3798001","3808000",3803000.5,"Fst",0.0399381687954213,0,0.0337193108734736,0.0751469997874702
"3799001","3809000",3804000.5,"Fst",0.0319842211255533,0,0.0386532779527418,0.0824546970907731
"3800001","3810000",3805000.5,"Fst",0.0336825900987995,0,0.0380929817876338,0.0822639605506159
"3801001","3811000",3806000.5,"Fst",0.0335869336797999,0,0.0378752717886447,0.0813269800002059
"3802001","3812000",3807000.5,"Fst",0.0399528092322476,0,0.0397377664568362,0.0885699782862296
"3803001","3813000",3808000.5,"Fst",0.0437423402537421,0,0.037154826452135,0.0891750851963833
"3804001","3814000",3809000.5,"Fst",0.0336886151098699,0,0.029277170096962,0.0656362516610014
"3805001","3815000",3810000.5,"Fst",0.0344193568928154,0,0.0298997601648444,0.0669809211261861
"3806001","3816000",3811000.5,"Fst",0.00361668674467786,0,0.0247916763657352,0.0678153295553133
"3807001","3817000",3812000.5,"Fst",0.00376169569624385,0,0.0265107964359819,0.070973707803082
"3808001","3818000",3813000.5,"Fst",0.00525042546835219,0,0.0260543848508368,0.0725934241193199
"3809001","3819000",3814000.5,"Fst",0.0125961272524217,0,0.024294316962508,0.0681136925837901
"3810001","3820000",3815000.5,"Fst",0.00686510192617584,0,0.0243052799186146,0.0547423080859909
"3811001","3821000",3816000.5,"Fst",0.00667679252351638,0,0.0247699224138263,0.0556445467619724
"3812001","3822000",3817000.5,"Fst",0.00496614609544366,0,0.0230392636114381,0.0521028483832254
"3813001","3823000",3818000.5,"Fst",0.00128662669819268,0,0.0220418290579582,0.0486945324835875
"3814001","3824000",3819000.5,"Fst",0.0062913477659251,0,0.0210792807357244,0.0528331620417951
"3815001","3825000",3820000.5,"Fst",0.00426491330626777,0,0.0183156702692569,0.0472720525209884
"3816001","3826000",3821000.5,"Fst",0.00408758405571508,0,0.0198330890383201,0.0463513348318367
"3817001","3827000",3822000.5,"Fst",0.00408758405571508,0,0.0198813403788632,0.0463513348318367
"3818001","3828000",3823000.5,"Fst",0.0023705057134098,0,0.0185819098689929,0.041574922446846
"3819001","3829000",3824000.5,"Fst",0.000923227835319285,0,0.0206967842411154,0.0332131582388433
"3820001","3830000",3825000.5,"Fst",0.00104281701515319,0,0.0218183467761675,0.0483509277738892
"3821001","3831000",3826000.5,"Fst",0,0,0.0231006757245745,0.0496414587161731
"3822001","3832000",3827000.5,"Fst",0,0,0.024860120141819,0.0514648682416566
"3823001","3833000",3828000.5,"Fst",0.000451177230982203,0,0.0275083284981276,0.0604088528467648
"3824001","3834000",3829000.5,"Fst",0.00182938488845297,0,0.030222196723435,0.0689737202640427
"3825001","3835000",3830000.5,"Fst",0.00619207595114324,0,0.0332356707604541,0.0819817382747414
"3826001","3836000",3831000.5,"Fst",0.00444258663623465,0,0.0312212762499266,0.0751671888273521
"3827001","3837000",3832000.5,"Fst",0.00422210695873948,0,0.0280969469064185,0.0680474814702178
"3828001","3838000",3833000.5,"Fst",0.00357604684941171,0,0.0281528424391455,0.0647551973019711
"3829001","3839000",3834000.5,"Fst",0.00112348894120318,0,0.0307770233132732,0.0747610256518301
"3830001","3840000",3835000.5,"Fst",0.000947135229040108,0,0.0278774123333379,0.0708093364718146
"3831001","3841000",3836000.5,"Fst",0.0032923174634496,0,0.0289806124406464,0.0647555408082426
"3832001","3842000",3837000.5,"Fst",0.00337261167544167,0,0.0291160590987819,0.0646934545948528
"3833001","3843000",3838000.5,"Fst",0.00558505871847426,0,0.0251908492052888,0.0540451544886574
"3834001","3844000",3839000.5,"Fst",0.00757145410848714,0,0.0207268719294859,0.0435279907927717
"3835001","3845000",3840000.5,"Fst",0.00119199716963425,0,0.0211849711141901,0.0604767645744794
"3836001","3846000",3841000.5,"Fst",0.00520555764050112,0,0.0206086522035685,0.0624782347896656
"3837001","3847000",3842000.5,"Fst",0.00138653381848197,0,0.0204453673059332,0.0808498604510436
"3838001","3848000",3843000.5,"Fst",0.0043289148347615,0,0.0221526091913662,0.0919857547951899
"3839001","3849000",3844000.5,"Fst",0.00475752600944579,0,0.0235233896948455,0.0929629192733826
"3840001","3850000",3845000.5,"Fst",0.00661925484752424,0,0.0219661840411883,0.0836928598645476
"3841001","3851000",3846000.5,"Fst",0.00500526165429305,0,0.0201823461788845,0.0730025732755916
"3842001","3852000",3847000.5,"Fst",0.00481435355811788,0,0.0203971422289756,0.0739262590849792
"3843001","3853000",3848000.5,"Fst",0.00247883753903255,0,0.0207151150156646,0.0723866967103474
"3844001","3854000",3849000.5,"Fst",0,0,0.0219877684733735,0.0782646065311137
"3845001","3855000",3850000.5,"Fst",0,0,0.0216712537063231,0.053978296225386
"3846001","3856000",3851000.5,"Fst",0,0,0.0237440398960153,0.0580640539587375
"3847001","3857000",3852000.5,"Fst",0,0,0.0284175008403827,0.0670325900514579
"3848001","3858000",3853000.5,"Fst",0,0,0.027309286637508,0.0493065570110601
"3849001","3859000",3854000.5,"Fst",0.0083799134135627,0,0.0254984826391029,0.0465097796283463
"3850001","3860000",3855000.5,"Fst",0.00717864547936553,0,0.0286266777652738,0.0611700922490247
"3851001","3861000",3856000.5,"Fst",0.0295552566740518,0,0.0284217065384094,0.0740244224115192
"3852001","3862000",3857000.5,"Fst",0.0103060862227955,0,0.0326765120094752,0.0754586433586005
"3853001","3863000",3858000.5,"Fst",0.0103952422812464,0,0.0329490691054772,0.0756999899428686
"3854001","3864000",3859000.5,"Fst",0.00704258212111109,0,0.0328338365679459,0.0680232738734586
"3855001","3865000",3860000.5,"Fst",0.00915143503472049,0,0.0346558561213322,0.0725483924698411
"3856001","3866000",3861000.5,"Fst",0.00943709021482519,0,0.0331094394208085,0.0680984382665989
"3857001","3867000",3862000.5,"Fst",0.00893058804908065,0,0.0314603292711022,0.0659048822339273
"3858001","3868000",3863000.5,"Fst",0.0102415895010286,0,0.0320826924465248,0.0730975033525204
"3859001","3869000",3864000.5,"Fst",0.00511894468774821,0,0.0311370936412507,0.077154997727905
"3860001","3870000",3865000.5,"Fst",0.00536282960905665,0,0.0299132066896148,0.0751313271610843
"3861001","3871000",3866000.5,"Fst",0,0,0.0315394447738899,0.0836377305695774
"3862001","3872000",3867000.5,"Fst",0.000735761031555704,0,0.0225647785003089,0.0585685294286599
"3863001","3873000",3868000.5,"Fst",0.000768188667948699,0,0.023562225200757,0.0609593293245253
"3864001","3874000",3869000.5,"Fst",0.00841335750888261,0,0.0144502023550963,0.0294199344935843
"3865001","3875000",3870000.5,"Fst",0.0113050840438602,0,0.0138201034518812,0.0310703874533662
"3866001","3876000",3871000.5,"Fst",0.0102051804068577,0,0.016150482256953,0.034325697280559
"3867001","3877000",3872000.5,"Fst",0.0122157312578146,0,0.0173985725348601,0.0412387553345001
"3868001","3878000",3873000.5,"Fst",0.0145544980554471,0,0.0194887322807958,0.0450056890869751
"3869001","3879000",3874000.5,"Fst",0,0,0.0295874546349395,0.0970306841021029
"3870001","3880000",3875000.5,"Fst",0,0,0.0321154802268365,0.11008625473535
"3871001","3881000",3876000.5,"Fst",0,0,0.0306568897268226,0.104309684164778
"3872001","3882000",3877000.5,"Fst",0,0,0.0271764434019578,0.0908243753700175
"3873001","3883000",3878000.5,"Fst",0,0,0.0247046544323701,0.0811182100589083
"3874001","3884000",3879000.5,"Fst",0,0,0.0235074501401242,0.06627022631292
"3875001","3885000",3880000.5,"Fst",0,0,0.0251040987502508,0.0641294578437434
"3876001","3886000",3881000.5,"Fst",0,0,0.0250832317322176,0.0640075387223676
"3877001","3887000",3882000.5,"Fst",0,0,0.0259289738218228,0.0632612130291347
"3878001","3888000",3883000.5,"Fst",0,0,0.0261789789045709,0.0640094757680423
"3879001","3889000",3884000.5,"Fst",0.00537365813012947,0,0.0198047613283782,0.044801407500241
"3880001","3890000",3885000.5,"Fst",0,0,0.0238530004769748,0.0474627161342447
"3881001","3891000",3886000.5,"Fst",0,0,0.0238364952217832,0.048107792509442
"3882001","3892000",3887000.5,"Fst",0,0,0.0266928169216011,0.0519692093939698
"3883001","3893000",3888000.5,"Fst",0,0,0.0283467135125043,0.055412672433949
"3884001","3894000",3889000.5,"Fst",0,0,0.0338386834343935,0.0803322844106337
"3885001","3895000",3890000.5,"Fst",0,0,0.0442639380885523,0.0851846588939875
"3886001","3896000",3891000.5,"Fst",0,0,0.0409859393171538,0.0800426579163247
"3887001","3897000",3892000.5,"Fst",0,0,0.036710716287051,0.0738766410113489
"3888001","3898000",3893000.5,"Fst",0,0,0.0351356851455377,0.0711698793336997
"3889001","3899000",3894000.5,"Fst",0,0,0.0396238206580723,0.0782015384709235
"3890001","3900000",3895000.5,"Fst",0.00902706180764834,0,0.0158678185776448,0.0279632745844773
"3891001","3901000",3896000.5,"Fst",0.00674684534252079,0,0.0199619332883645,0.0327939348645375
"3892001","3902000",3897000.5,"Fst",0.00253168138388016,0,0.0225454259351316,0.0614077935904059
"3893001","3903000",3898000.5,"Fst",0.00423785707323165,0,0.0221707810210001,0.0613653489792085
"3894001","3904000",3899000.5,"Fst",0.00387812177047664,0,0.0203735949763905,0.0576881603004464
"3895001","3905000",3900000.5,"Fst",0.00363595035582298,0,0.0190869351853539,0.054640244291177
"3896001","3906000",3901000.5,"Fst",0.00223234803619021,0,0.0183895890755292,0.0552557376096093
"3897001","3907000",3902000.5,"Fst",0.000800694485526221,0,0.0188867306232471,0.0531793196420061
"3898001","3908000",3903000.5,"Fst",0,0,0.0215410875544048,0.0491028715544556
"3899001","3909000",3904000.5,"Fst",0,0,0.0191768025167595,0.044892498342114
"3900001","3910000",3905000.5,"Fst",0,0,0.019424345841251,0.0454624463221461
"3901001","3911000",3906000.5,"Fst",0,0,0.0202508361196418,0.0467704574930657
"3902001","3912000",3907000.5,"Fst",0.000489416370977658,0,0.0187154987003096,0.0424691968894508
"3903001","3913000",3908000.5,"Fst",0,0,0.019919682413134,0.0427341802968858
"3904001","3914000",3909000.5,"Fst",0,0,0.0219902998564326,0.0487297306296407
"3905001","3915000",3910000.5,"Fst",0,0,0.0254120721629117,0.0597852901645204
"3906001","3916000",3911000.5,"Fst",0,0,0.0241283141451836,0.0576542448774315
"3907001","3917000",3912000.5,"Fst",0,0,0.0202364866611601,0.0466114288287478
"3908001","3918000",3913000.5,"Fst",0.000931105751219574,0,0.0194516597389905,0.0431809957683086
"3909001","3919000",3914000.5,"Fst",0.000704549885676919,0,0.0194311545621237,0.0458619932256684
"3910001","3920000",3915000.5,"Fst",0.000686464771189166,0,0.0189350997285526,0.0445357491664702
"3911001","3921000",3916000.5,"Fst",0.00697668752588654,0,0.0156990072812641,0.0480442125539796
"3912001","3922000",3917000.5,"Fst",0.00658328461329616,0,0.014895444815301,0.0449882651868274
"3913001","3923000",3918000.5,"Fst",0.00651872914139462,0,0.0147546586105444,0.0444853019505601
"3914001","3924000",3919000.5,"Fst",0.00688485258608762,0,0.0138151403511394,0.0423125227769847
"3915001","3925000",3920000.5,"Fst",0.00966683415353531,0,0.0138108606130289,0.0211663821339597
"3916001","3926000",3921000.5,"Fst",0.0106276731162063,0,0.0138591659792927,0.0215254633531051
"3917001","3927000",3922000.5,"Fst",0.0114458934199462,0,0.0170011261291644,0.0415382429271208
"3918001","3928000",3923000.5,"Fst",0.0155518027268716,0,0.0267988399390297,0.0487228412496941
"3919001","3929000",3924000.5,"Fst",0.0172296024088373,0,0.0248373007937425,0.0440517905576818
"3920001","3930000",3925000.5,"Fst",0.0141999396257178,0,0.0248081618486045,0.0515943096886669
"3921001","3931000",3926000.5,"Fst",0.00360436336261183,0,0.0413397589998871,0.0865096471166481
"3922001","3932000",3927000.5,"Fst",0.00136233090423088,0,0.0343662152072485,0.0661706781639531
"3923001","3933000",3928000.5,"Fst",2.1689826246396e-05,0,0.0327230142627632,0.0615695752971933
"3924001","3934000",3929000.5,"Fst",0,0,0.0316553624654745,0.0597917194658144
"3925001","3935000",3930000.5,"Fst",0,0,0.0289910994668755,0.0561507504677718
"3926001","3936000",3931000.5,"Fst",0,0,0.0282795081303698,0.0550478808745212
"3927001","3937000",3932000.5,"Fst",0,0,0.0298845579401313,0.0592732426714306
"3928001","3938000",3933000.5,"Fst",0,0,0.0302578115539876,0.0710346702750621
"3929001","3939000",3934000.5,"Fst",0,0,0.0302134558890951,0.0715904384414164
"3930001","3940000",3935000.5,"Fst",0,0,0.0264707960017254,0.0502204743941765
"3931001","3941000",3936000.5,"Fst",0.00454812460879206,0,0.0210389141598083,0.0361254681879322
"3932001","3942000",3937000.5,"Fst",0.00657495727923629,0,0.0211629945485911,0.0402978798102612
"3933001","3943000",3938000.5,"Fst",0.00813233203653974,0,0.0212394169261275,0.0426526668501321
"3934001","3944000",3939000.5,"Fst",0.0230698706461998,0,0.0205527113880521,0.0332382410844135
"3935001","3945000",3940000.5,"Fst",0.0261005326858058,0,0.0202903845592559,0.0349320543565149
"3936001","3946000",3941000.5,"Fst",0.0264554476323524,0,0.020337114856844,0.0350933633597404
"3937001","3947000",3942000.5,"Fst",0.0221358166243314,0,0.0193564490278002,0.0309363195750582
"3938001","3948000",3943000.5,"Fst",0.0221922674594741,0,0.0193038095911531,0.0311046129190437
"3939001","3949000",3944000.5,"Fst",0.0237385761295704,0,0.0206033465608916,0.0311200144842046
"3940001","3950000",3945000.5,"Fst",0.0221037756898134,0,0.0173001609632429,0.0354467758605249
"3941001","3951000",3946000.5,"Fst",0.0171718779943157,0,0.0178348813853726,0.0391039539780292
"3942001","3952000",3947000.5,"Fst",0.019707573709202,0,0.0188462057041789,0.0407105204014205
"3943001","3953000",3948000.5,"Fst",0.0175133396681528,0,0.0190701227850977,0.0382576149245446
"3944001","3954000",3949000.5,"Fst",0.0073322523622944,0,0.022135163221856,0.0430149480710146
"3945001","3955000",3950000.5,"Fst",0.00991618493388779,0,0.022438125142114,0.0429417595184086
"3946001","3956000",3951000.5,"Fst",0.00900216942386045,0,0.0218574113028306,0.042530489318933
"3947001","3957000",3952000.5,"Fst",0.0158476904409109,0,0.0244969751370063,0.0496721092995134
"3948001","3958000",3953000.5,"Fst",0.0166098440176591,0,0.0257343010714298,0.048477538194565
"3949001","3959000",3954000.5,"Fst",0.0158334269557726,0,0.0221491686492366,0.0427749332710569
"3950001","3960000",3955000.5,"Fst",0.0168924979308525,0,0.0242903506176628,0.046001981834107
"3951001","3961000",3956000.5,"Fst",0.0181868561754336,0,0.0241031356008727,0.0464421334230548
"3952001","3962000",3957000.5,"Fst",0.0196644039129102,0,0.025174965241222,0.0485311757702962
"3953001","3963000",3958000.5,"Fst",0.0264679426747737,0,0.0184874188233351,0.0399252730527642
"3954001","3964000",3959000.5,"Fst",0.0175764650580775,0,0.0197831580636807,0.0449917547810105
"3955001","3965000",3960000.5,"Fst",0.000547696355114313,0,0.0243430228429909,0.0462250673004206
"3956001","3966000",3961000.5,"Fst",0,0,0.0254669604142553,0.0586391594087384
"3957001","3967000",3962000.5,"Fst",0,0,0.0258905399919093,0.060938538805272
"3958001","3968000",3963000.5,"Fst",0,0,0.0287756257306045,0.0685637945377381
"3959001","3969000",3964000.5,"Fst",0,0,0.032386884379257,0.0824883201700317
"3960001","3970000",3965000.5,"Fst",0,0,0.0329296096379192,0.08417600130926
"3961001","3971000",3966000.5,"Fst",0,0,0.033303892907156,0.0838014727167463
"3962001","3972000",3967000.5,"Fst",0,0,0.0332770512762572,0.0809303772646505
"3963001","3973000",3968000.5,"Fst",0,0,0.0312303804777929,0.0642399297313384
"3964001","3974000",3969000.5,"Fst",0,0,0.0273819340434432,0.0569715468718971
"3965001","3975000",3970000.5,"Fst",0,0,0.0284091539181879,0.118102499289038
"3966001","3976000",3971000.5,"Fst",0,0,0.030912035365801,0.115533057379138
"3967001","3977000",3972000.5,"Fst",0,0,0.0302964421064213,0.111824019007268
"3968001","3978000",3973000.5,"Fst",0,0,0.0238458723972294,0.0965664514813676
"3969001","3979000",3974000.5,"Fst",0,0,0.0233198509908782,0.0949485954319866
"3970001","3980000",3975000.5,"Fst",0,0,0.0215076872904478,0.0860036382881681
"3971001","3981000",3976000.5,"Fst",0.00107642313078571,0,0.0221550830785712,0.084154717271515
"3972001","3982000",3977000.5,"Fst",0.00267026841457974,0,0.0210121976453518,0.0762701791214966
"3973001","3983000",3978000.5,"Fst",0.000743289663073021,0,0.021201103891397,0.0833155215356426
"3974001","3984000",3979000.5,"Fst",0,0,0.0196574693285445,0.0423280423280422
"3975001","3985000",3980000.5,"Fst",0.00426553532102536,0,0.0158221494105424,0.0377762837720399
"3976001","3986000",3981000.5,"Fst",0.00488439824947517,0,0.0148997094952916,0.0371710041609071
"3977001","3987000",3982000.5,"Fst",0.00257762944653117,0,0.017115021472557,0.0401711138458072
"3978001","3988000",3983000.5,"Fst",0.0047965796263123,0,0.0197041271737671,0.0508137801973356
"3979001","3989000",3984000.5,"Fst",0.00535017332053789,0,0.018316297226911,0.049578515741865
"3980001","3990000",3985000.5,"Fst",0.00527440684061176,0,0.0176298776555027,0.0481616350046894
"3981001","3991000",3986000.5,"Fst",0.00310020160270541,0,0.0191933465675226,0.0614458753028178
"3982001","3992000",3987000.5,"Fst",0.000103791659458841,0,0.0214912891417483,0.0697846542048488
"3983001","3993000",3988000.5,"Fst",0.00205971790503956,0,0.0204219281698904,0.0682566148026647
"3984001","3994000",3989000.5,"Fst",0,0,0.0417573636713002,0.0813202140518859
"3985001","3995000",3990000.5,"Fst",0,0,0.0412342100290415,0.0834430608035795
"3986001","3996000",3991000.5,"Fst",0,0,0.0407819215632108,0.0790543160565058
"3987001","3997000",3992000.5,"Fst",0,0,0.0455655599468727,0.0859136739970574
"3988001","3998000",3993000.5,"Fst",0,0,0.0438706017375214,0.0824290717640715
"3989001","3999000",3994000.5,"Fst",0,0,0.0447199363782512,0.0838877009243268
"3990001","4e+06",3995000.5,"Fst",0,0,0.0429792289212062,0.0824671541128337
"3991001","4001000",3996000.5,"Fst",0,0,0.0416704177457537,0.0808119099884934
"3992001","4002000",3997000.5,"Fst",0,0,0.0408512254657422,0.0793740039955848
"3993001","4003000",3998000.5,"Fst",0,0,0.0414656580825463,0.0797193414292693
"3994001","4004000",3999000.5,"Fst",0,0,0.0325148271377124,0.0511307863882244
"3995001","4005000",4000000.5,"Fst",0.00907406777798259,0,0.0266014406506131,0.0397116527759812
"3996001","4006000",4001000.5,"Fst",0.0171397772188286,0,0.0246266094521067,0.0439808720614594
"3997001","4007000",4002000.5,"Fst",0.019004769317156,0,0.0258914903625692,0.0537742150968604
"3998001","4008000",4003000.5,"Fst",0.0220893423783808,0,0.0254855166174045,0.0502645924441205
"3999001","4009000",4004000.5,"Fst",0.0196754217105742,0,0.0219233413594998,0.048416357102392
"4000001","4010000",4005000.5,"Fst",0.0242960168740229,0,0.0223561671387345,0.05191424592184
"4001001","4011000",4006000.5,"Fst",0.0295002971078547,0,0.0236396817398888,0.0505650862142699
"4002001","4012000",4007000.5,"Fst",0.0291314482618832,0,0.0227521213803503,0.0491235296351301
"4003001","4013000",4008000.5,"Fst",0.0226858828773374,0,0.0212214296958785,0.0437158829238764
"4004001","4014000",4009000.5,"Fst",0.0255879227234095,0,0.0206422828242293,0.0472303369882937
"4005001","4015000",4010000.5,"Fst",0.0184303348857489,0,0.023807987634861,0.057602766692088
"4006001","4016000",4011000.5,"Fst",0.0164046732330135,0,0.0225998823769963,0.0592167200963029
"4007001","4017000",4012000.5,"Fst",0.0150868582922095,0,0.0225339881983695,0.0584995284967229
"4008001","4018000",4013000.5,"Fst",0.0136318239024635,0,0.0228763606490907,0.0604719084230432
"4009001","4019000",4014000.5,"Fst",0.00686251851292841,0,0.0232008453973844,0.0595697709628462
"4010001","4020000",4015000.5,"Fst",0.00426813779591917,0,0.0241033316187075,0.047669587847733
"4011001","4021000",4016000.5,"Fst",0,0,0.0288789390209754,0.0755878677181537
"4012001","4022000",4017000.5,"Fst",0.000376722158872744,0,0.0311781441782516,0.0870364010702737
"4013001","4023000",4018000.5,"Fst",0.00192423763063143,0,0.0329679929150774,0.0970511201675378
"4014001","4024000",4019000.5,"Fst",0.000911439809120007,0,0.0326207613438833,0.0971468671033577
"4015001","4025000",4020000.5,"Fst",0.000710093677103396,0,0.0346961140086692,0.10286684822257
"4016001","4026000",4021000.5,"Fst",0.0130682018957514,0,0.0342765714404997,0.100968219822348
"4017001","4027000",4022000.5,"Fst",0.0135402673046152,0,0.0344293601840966,0.100285157003503
"4018001","4028000",4023000.5,"Fst",0.0120204436050638,0,0.0323557885324806,0.0959528649959125
"4019001","4029000",4024000.5,"Fst",0.0149551128889239,0,0.0290647756945031,0.088089971945969
"4020001","4030000",4025000.5,"Fst",0.0134808693470825,0,0.028297684884214,0.0838740653718566
"4021001","4031000",4026000.5,"Fst",0.0206881379955614,0,0.0234671297187094,0.0581575501309108
"4022001","4032000",4027000.5,"Fst",0.02335345048119,0,0.0207469906639171,0.052701913588926
"4023001","4033000",4028000.5,"Fst",0.0244608242116077,0,0.0207680033590746,0.0625149108291565
"4024001","4034000",4029000.5,"Fst",0.0258950578018969,0,0.0235916498981398,0.0654732561347604
"4025001","4035000",4030000.5,"Fst",0.0259063622454404,0,0.0239105028087445,0.0662164583810284
"4026001","4036000",4031000.5,"Fst",0,0,0.0228065937071235,0.0641304115444529
"4027001","4037000",4032000.5,"Fst",0,0,0.0224166431179099,0.0520721012008118
"4028001","4038000",4033000.5,"Fst",0,0,0.0239110580169638,0.061102557682607
"4029001","4039000",4034000.5,"Fst",0,0,0.026990252350896,0.0674789206740449
"4030001","4040000",4035000.5,"Fst",0.0138953194952156,0,0.0281457490625693,0.0726924275003271
"4031001","4041000",4036000.5,"Fst",0.0145027776937434,0,0.0322189551501646,0.068105434249638
"4032001","4042000",4037000.5,"Fst",0.0147131079417446,0,0.0336586790205905,0.0731373260572438
"4033001","4043000",4038000.5,"Fst",0.0149433329540489,0,0.0305158069518884,0.068746208071493
"4034001","4044000",4039000.5,"Fst",0.0146915014624051,0,0.0307361364366669,0.0705043350575821
"4035001","4045000",4040000.5,"Fst",0.014299727417189,0,0.0304663014133617,0.0702714121551024
"4036001","4046000",4041000.5,"Fst",0.0152321870811664,0,0.0303626311805022,0.0699916472440769
"4037001","4047000",4042000.5,"Fst",0.019380474052166,0,0.0260113659135057,0.0525695781633126
"4038001","4048000",4043000.5,"Fst",0.0178392094963641,0,0.0251491329368123,0.0517478158116177
"4039001","4049000",4044000.5,"Fst",0.0161723859088206,0,0.0235745713683128,0.0491742502009485
"4040001","4050000",4045000.5,"Fst",0.00422167476223856,0,0.020530988400272,0.0484624600638976
"4041001","4051000",4046000.5,"Fst",0.00704947351415441,0,0.020670249716342,0.0510577446001174
"4042001","4052000",4047000.5,"Fst",0.00680020265693115,0,0.0239538234904449,0.0498460260044971
"4043001","4053000",4048000.5,"Fst",0.013216132458552,0,0.0271037328031088,0.0553026968025544
"4044001","4054000",4049000.5,"Fst",0.0260551501969247,0,0.0317122874682129,0.074045493994343
"4045001","4055000",4050000.5,"Fst",0.0280428951982605,0,0.0319534592610725,0.0761840794690868
"4046001","4056000",4051000.5,"Fst",0.0233408538491858,0,0.0300921944484724,0.0711921284256569
"4047001","4057000",4052000.5,"Fst",0.0286146837628876,0,0.0382107103764856,0.0977628852369099
"4048001","4058000",4053000.5,"Fst",0.0317179191560595,0,0.0395148174491583,0.103699065895543
"4049001","4059000",4054000.5,"Fst",0.0439233093519199,0,0.0449783511222422,0.108191619622659
"4050001","4060000",4055000.5,"Fst",0.0524654733848531,0,0.040186373865302,0.0979983736843439
"4051001","4061000",4056000.5,"Fst",0.0519639716134092,0,0.0358933762199298,0.0802140537249052
"4052001","4062000",4057000.5,"Fst",0.0495826877709358,0,0.0353881984068068,0.0782942805992559
"4053001","4063000",4058000.5,"Fst",0.0595644480082943,0,0.0323905166221144,0.0719078209099644
"4054001","4064000",4059000.5,"Fst",0.0522103830387771,0,0.0309861703387191,0.0632659513008494
"4055001","4065000",4060000.5,"Fst",0.0432060587591594,0,0.028767604308683,0.0581645722895207
"4056001","4066000",4061000.5,"Fst",0.0611819768826143,0,0.0271349196662677,0.0544183753331221
"4057001","4067000",4062000.5,"Fst",0.0644590034644221,0,0.027216649081532,0.0504678704950036
"4058001","4068000",4063000.5,"Fst",0.0723032933071401,0,0.0274286829230499,0.055703407147999
"4059001","4069000",4064000.5,"Fst",0.0643030029495696,0,0.0289933599284025,0.0620146522689897
"4060001","4070000",4065000.5,"Fst",0.0522490006221417,0,0.0275025244655831,0.0696921460614152
"4061001","4071000",4066000.5,"Fst",0.051875862231083,0,0.0301408196044327,0.0725541077218255
"4062001","4072000",4067000.5,"Fst",0.0534428019159727,0,0.0300421609360388,0.0726180591731219
"4063001","4073000",4068000.5,"Fst",0.0444553203637994,0,0.027767431280546,0.0692283739667034
"4064001","4074000",4069000.5,"Fst",0.0526611367312909,0,0.0260068651042449,0.0628823079823071
"4065001","4075000",4070000.5,"Fst",0.0573171086609047,0,0.0257514713646233,0.0657717292571519
"4066001","4076000",4071000.5,"Fst",0.0476301293915812,0,0.0269511746416302,0.0654643402026664
"4067001","4077000",4072000.5,"Fst",0.040792821225368,0,0.0243770408698911,0.0625210204123906
"4068001","4078000",4073000.5,"Fst",0.0252090962957738,0,0.0210030929622663,0.0663611209012501
"4069001","4079000",4074000.5,"Fst",0.0251368914502921,0,0.0181035852342737,0.0485930317768758
"4070001","4080000",4075000.5,"Fst",0.0326684454347171,0,0.0153370831696007,0.0403255874560222
"4071001","4081000",4076000.5,"Fst",0.0242672113586667,0,0.0189880655033746,0.0374068644159441
"4072001","4082000",4077000.5,"Fst",0.0351574782528112,0,0.0190346522522108,0.0377814833103924
"4073001","4083000",4078000.5,"Fst",0.0452874836752293,0,0.0188514730345069,0.0404759220773465
"4074001","4084000",4079000.5,"Fst",0.0387294666296422,0,0.0222509184558557,0.0511986386875473
"4075001","4085000",4080000.5,"Fst",0.0394233742084295,0,0.0248320944879134,0.0576507272564726
"4076001","4086000",4081000.5,"Fst",0.0391520232494689,0,0.0254690551814855,0.0588776477501399
"4077001","4087000",4082000.5,"Fst",0.0433221167055213,0,0.0302250270218256,0.0686512125843308
"4078001","4088000",4083000.5,"Fst",0.0435901352466364,0,0.0310755109618665,0.0710509420814429
"4079001","4089000",4084000.5,"Fst",0.0472209423389213,0,0.032599317758284,0.0802724551686607
"4080001","4090000",4085000.5,"Fst",0.0479712919545332,0,0.0345813813612127,0.0854758793544043
"4081001","4091000",4086000.5,"Fst",0.0657104876949447,0,0.0310494792417478,0.0867155857015696
"4082001","4092000",4087000.5,"Fst",0.0457482684846069,0,0.0322588738040494,0.0811952701830359
"4083001","4093000",4088000.5,"Fst",0.027172162611137,0,0.0332909225144346,0.0842768246218428
"4084001","4094000",4089000.5,"Fst",0.00103885845254381,0,0.023724063666281,0.0641609048634599
"4085001","4095000",4090000.5,"Fst",0.00431421077906247,0,0.0217526376344922,0.0596661179350809
"4086001","4096000",4091000.5,"Fst",0.00436077635973309,0,0.0218645120277403,0.0590352824347217
"4087001","4097000",4092000.5,"Fst",0.00658598210657824,0,0.0203917595281747,0.0546302432558866
"4088001","4098000",4093000.5,"Fst",0.00657333836959906,0,0.0204197359757041,0.0546302432558866
"4089001","4099000",4094000.5,"Fst",0.00663990740717091,0,0.0206629240461627,0.0551889746104134
"4090001","4100000",4095000.5,"Fst",0.00929296237574306,0,0.0214505774660221,0.0531622780442811
"4091001","4101000",4096000.5,"Fst",0.00875296923535573,0,0.0246153069590683,0.0564264957383797
"4092001","4102000",4097000.5,"Fst",0.00951467160212804,0,0.0265033469021886,0.059631144536805
"4093001","4103000",4098000.5,"Fst",0.00732820822095526,0,0.0394075026581577,0.116672945185632
"4094001","4104000",4099000.5,"Fst",0.00898704595943556,0,0.0416155410429194,0.124202656756177
"4095001","4105000",4100000.5,"Fst",0.00641753041853566,0,0.0439517968570593,0.128697851639572
"4096001","4106000",4101000.5,"Fst",0.00698438927729961,0,0.0442356744345367,0.131440452093313
"4097001","4107000",4102000.5,"Fst",0.00243969506342145,0,0.041738013947329,0.121987242043172
"4098001","4108000",4103000.5,"Fst",0.00201762803576333,0,0.0419705394597272,0.121629672196722
"4099001","4109000",4104000.5,"Fst",0.00265191620429162,0,0.0421163021731148,0.113819867894589
"4100001","4110000",4105000.5,"Fst",0.000297740510519562,0,0.0429547072593143,0.115702205672072
"4101001","4111000",4106000.5,"Fst",0,0,0.0402921443758488,0.107644143979378
"4102001","4112000",4107000.5,"Fst",0.00823122133912468,0,0.0337899163006222,0.0913453721939558
"4103001","4113000",4108000.5,"Fst",0.0160264241687165,0,0.0300196549332241,0.0554870579633929
"4104001","4114000",4109000.5,"Fst",0.0153046251993622,0,0.0303709380777843,0.0554870579633929
"4105001","4115000",4110000.5,"Fst",0.0167860651985573,0,0.0275702814618499,0.0527241874467415
"4106001","4116000",4111000.5,"Fst",0.0165113647353461,0,0.0271464064184885,0.0519289018734336
"4107001","4117000",4112000.5,"Fst",0.0160140830179641,0,0.0257015742305197,0.049217257866334
"4108001","4118000",4113000.5,"Fst",0.0187987195479343,0,0.024028152010267,0.0473366965298303
"4109001","4119000",4114000.5,"Fst",0.0230280528785658,0,0.0228832933719165,0.0464773775790432
"4110001","4120000",4115000.5,"Fst",0.0238609914431531,0,0.0229211789184863,0.0465249623739834
"4111001","4121000",4116000.5,"Fst",0.0242357708670353,0,0.0225015197890216,0.0460398364299981
"4112001","4122000",4117000.5,"Fst",0.022906616744101,0,0.016673352550927,0.0337555911850664
"4113001","4123000",4118000.5,"Fst",0.0227488424913025,0,0.0189838992724511,0.0345359696483292
"4114001","4124000",4119000.5,"Fst",0.0200561522790439,0,0.0172361593884329,0.031175797382694
"4115001","4125000",4120000.5,"Fst",0.0208227032107443,0,0.0180230697198377,0.0318068765277911
"4116001","4126000",4121000.5,"Fst",0.0266491675187327,0,0.0167185023571757,0.0419332379288817
"4117001","4127000",4122000.5,"Fst",0.0312012491066923,0,0.0187754004953734,0.0449977736840727
"4118001","4128000",4123000.5,"Fst",0.0201078718951683,0,0.0231310698216079,0.0590769812384393
"4119001","4129000",4124000.5,"Fst",0.0146597031154753,0,0.0222716125306309,0.0598482696997306
"4120001","4130000",4125000.5,"Fst",0.0145549121601727,0,0.0220492713866259,0.05933224366316
"4121001","4131000",4126000.5,"Fst",0.0134093933359699,0,0.0240711839963598,0.0642065042589858
"4122001","4132000",4127000.5,"Fst",0.0126532922229918,0,0.0253706448063875,0.0678773541547069
"4123001","4133000",4128000.5,"Fst",0.0137451988208254,0,0.0248727210015739,0.0656626972514606
"4124001","4134000",4129000.5,"Fst",0.0164069772765425,0,0.0282659827674896,0.0763669186464085
"4125001","4135000",4130000.5,"Fst",0.0136495388669302,0,0.029726520343545,0.0734062587650759
"4126001","4136000",4131000.5,"Fst",0.001774327552857,0,0.0304558581893334,0.0846601388787969
"4127001","4137000",4132000.5,"Fst",0.001774327552857,0,0.0303510263725861,0.0848445262378982
"4128001","4138000",4133000.5,"Fst",0.00871377682971886,0,0.0118801903938211,0.019469513937599
"4129001","4139000",4134000.5,"Fst",0.00895211497307558,0,0.0105311883544285,0.0175137600308894
"4130001","4140000",4135000.5,"Fst",0.0108246807728337,0,0.0107161685282354,0.0154401315145439
"4131001","4141000",4136000.5,"Fst",0.0122554537986431,0,0.0156163271916277,0.0362941346281451
"4132001","4142000",4137000.5,"Fst",0.0182652392396767,0,0.0163234242677033,0.0340192857690207
"4133001","4143000",4138000.5,"Fst",0.0176710115080736,0,0.0184058634410539,0.0388269414523061
"4134001","4144000",4139000.5,"Fst",0.0183286130735634,0,0.0173249992728258,0.0364207319130382
"4135001","4145000",4140000.5,"Fst",0.00725532645230575,0,0.0188464318683324,0.0382771419733994
"4136001","4146000",4141000.5,"Fst",0.00594044626395662,0,0.0180455561354141,0.0338388898165155
"4137001","4147000",4142000.5,"Fst",0.00394787421029319,0,0.0189348709065964,0.0349123100164024
"4138001","4148000",4143000.5,"Fst",0.00420885726155951,0,0.0199109453420277,0.0348206218442731
"4139001","4149000",4144000.5,"Fst",0.0183869879534717,0,0.0200419142688064,0.0357284677600216
"4140001","4150000",4145000.5,"Fst",0.00999541265670612,0,0.0274386888905246,0.0562685020205196
"4141001","4151000",4146000.5,"Fst",0.00951424459920558,0,0.0291547525161758,0.0562489883275482
"4142001","4152000",4147000.5,"Fst",0.00724521014995616,0,0.0270821907076172,0.0513247477414555
"4143001","4153000",4148000.5,"Fst",0.00729118214460978,0,0.0255794823692062,0.0490983004280877
"4144001","4154000",4149000.5,"Fst",0.00498615839882921,0,0.0241053603977723,0.0527986410191265
"4145001","4155000",4150000.5,"Fst",0.0078844517422163,0,0.0237786040280185,0.0532268098752946
"4146001","4156000",4151000.5,"Fst",0.00758007883072354,0,0.0238896366382745,0.0542252216019625
"4147001","4157000",4152000.5,"Fst",0.00940164566087454,0,0.0237460142502033,0.054144373579542
"4148001","4158000",4153000.5,"Fst",0.0100498367417083,0,0.0229487401890696,0.0537614568236958
"4149001","4159000",4154000.5,"Fst",0.00131997750690127,0,0.0210831799137637,0.0491762478460447
"4150001","4160000",4155000.5,"Fst",0.00209506645640911,0,0.0224796625496625,0.0570533771867497
"4151001","4161000",4156000.5,"Fst",0.000521643554470042,0,0.0268293028715931,0.0708243419617953
"4152001","4162000",4157000.5,"Fst",0.00255585640727718,0,0.0287796405858695,0.068601509962731
"4153001","4163000",4158000.5,"Fst",0.000490196856245184,0,0.0321623896129307,0.0759685253608091
"4154001","4164000",4159000.5,"Fst",0,0,0.0324273804684787,0.0817671662781683
"4155001","4165000",4160000.5,"Fst",0,0,0.0359276096160844,0.0930098405453471
"4156001","4166000",4161000.5,"Fst",0,0,0.0345816503109201,0.0898606691375273
"4157001","4167000",4162000.5,"Fst",0,0,0.0322903854291309,0.0734077690917319
"4158001","4168000",4163000.5,"Fst",0,0,0.0313811145216783,0.0794703873939957
"4159001","4169000",4164000.5,"Fst",0,0,0.0298547995593726,0.0771744051898934
"4160001","4170000",4165000.5,"Fst",0,0,0.0279413369071852,0.070078961389766
"4161001","4171000",4166000.5,"Fst",0.00101210988352429,0,0.0258621041068214,0.0561208848680224
"4162001","4172000",4167000.5,"Fst",0,0,0.0261793659929802,0.0615272332321188
"4163001","4173000",4168000.5,"Fst",0.000376945676510476,0,0.0242011454097905,0.0602824240071024
"4164001","4174000",4169000.5,"Fst",0.00231863015257505,0,0.023403060631278,0.0546201654460762
"4165001","4175000",4170000.5,"Fst",0.00245219079663417,0,0.02167031274855,0.0500697565206065
"4166001","4176000",4171000.5,"Fst",0.0139873452564248,0,0.0206678894800129,0.0482766062700037
"4167001","4177000",4172000.5,"Fst",0.0154442580794302,0,0.0205477662959404,0.0511676120227347
"4168001","4178000",4173000.5,"Fst",0.0193199116619041,0,0.0220535333839811,0.0527853018466944
"4169001","4179000",4174000.5,"Fst",0.0188518254552446,0,0.0216727308563309,0.0520775521981919
"4170001","4180000",4175000.5,"Fst",0.0204455419587053,0,0.022100900291945,0.0560709765443103
"4171001","4181000",4176000.5,"Fst",0.0237680124244661,0,0.0145545984772453,0.0331161621371185
"4172001","4182000",4177000.5,"Fst",0.0229128993775695,0,0.0126843184455259,0.0289587602357926
"4173001","4183000",4178000.5,"Fst",0.0219034710841968,0,0.0117416363621819,0.0271876356725633
"4174001","4184000",4179000.5,"Fst",0.022590141576205,0,0.0119071950426535,0.0277610350655554
"4175001","4185000",4180000.5,"Fst",0.0216462462231479,0,0.0122357181737398,0.027110478636591
"4176001","4186000",4181000.5,"Fst",0.00690489473425338,0,0.0059719754007749,0.0131884899206888
"4177001","4187000",4182000.5,"Fst",0.00803081002588546,0,0.00614230382148623,0.0127770288311875
"4178001","4188000",4183000.5,"Fst",0.00727809856317996,0,0.00629889285577747,0.0134846511332207
"4179001","4189000",4184000.5,"Fst",0.0080613169111704,0,0.00682576500811157,0.0145718475588058
"4180001","4190000",4185000.5,"Fst",0.0080613169111704,0,0.00682576500811157,0.0145718475588058
"4181001","4191000",4186000.5,"Fst",0.00764891889312924,0,0.00714136216561437,0.0158752978822455
"4182001","4192000",4187000.5,"Fst",0.00481301341348261,0,0.0085619045511903,0.0200795088931144
"4183001","4193000",4188000.5,"Fst",0.00446496762898452,0,0.00982807971657137,0.0235219714451423
"4184001","4194000",4189000.5,"Fst",0.00508887710495487,0,0.0100935491515033,0.0248365828540392
"4185001","4195000",4190000.5,"Fst",0.0087846535286823,0,0.00639016422271878,0.0116762417706432
"4186001","4196000",4191000.5,"Fst",0.0117121322176836,0,0.0114817987531055,0.0208325289511144
"4187001","4197000",4192000.5,"Fst",0,0,1.11022302462516e-16,1.11022302462516e-16
"4188001","4198000",4193000.5,"Fst",0,0,0,0
"4189001","4199000",4194000.5,"Fst",0,0,0,0
"4190001","4200000",4195000.5,"Fst",0,0,0,0
"4191001","4201000",4196000.5,"Fst",0,0,0,0
"4192001","4202000",4197000.5,"Fst",0,0,0,0
"4193001","4203000",4198000.5,"Fst",0,0,0,0
"4194001","4204000",4199000.5,"Fst",0,0,0,0
"4195001","4205000",4200000.5,"Fst",0.00738007111347372,0,0.0198203708021365,0.036405544999249
"4196001","4206000",4201000.5,"Fst",0.00264919499085969,0,0.0150344332104965,0.0335727132745883
"4197001","4207000",4202000.5,"Fst",0,0,0.014652822909145,0.0285320130874964
"4198001","4208000",4203000.5,"Fst",0,0,0.0128540274531277,0.0251327380685301
"4199001","4209000",4204000.5,"Fst",0,0,0.0109278313804315,0.0215800195108066
"4200001","4210000",4205000.5,"Fst",0,0,0.00931382380078268,0.0184351230504389
"4201001","4211000",4206000.5,"Fst",0,0,0.00815810611146548,0.0165401145674346
"4202001","4212000",4207000.5,"Fst",0,0,0.00750255126329571,0.0150273405335654
"4203001","4213000",4208000.5,"Fst",0.00149083018379137,0,0.00781200981837195,0.0134163372076143
"4204001","4214000",4209000.5,"Fst",0.00116042355899282,0,0.0092790492829326,0.0213449680310294
"4205001","4215000",4210000.5,"Fst",5.2725445729096e-05,0,0.0103863826240396,0.0233142184496424
"4206001","4216000",4211000.5,"Fst",0.00104533258998574,0,0.0107952457403427,0.0236297448844788
"4207001","4217000",4212000.5,"Fst",0.00227187711721444,0,0.0080253944845326,0.0175220148176011
"4208001","4218000",4213000.5,"Fst",0.00265703775253345,0,0.00816152422788655,0.0179863764604214
"4209001","4219000",4214000.5,"Fst",0.00517470321878666,0,0.0110457714722472,0.0194106342682278
"4210001","4220000",4215000.5,"Fst",0.00571345582121163,0,0.0110881700448954,0.0196329949862859
"4211001","4221000",4216000.5,"Fst",0.00677342135177506,0,0.0118040067473709,0.0201040808484361
"4212001","4222000",4217000.5,"Fst",0.00790248751508826,0,0.0125892203232739,0.0210595065312047
"4213001","4223000",4218000.5,"Fst",0.00657610881990212,0,0.0116766992575858,0.021301979418917
"4214001","4224000",4219000.5,"Fst",0.00748394074402559,0,0.0111634033262219,0.0235810803795552
"4215001","4225000",4220000.5,"Fst",0.00777244874617455,0,0.011557566088234,0.0243918417386182
"4216001","4226000",4221000.5,"Fst",0.0067169859169387,0,0.0145161600333099,0.0330894879950442
"4217001","4227000",4222000.5,"Fst",0.00713316087306937,0,0.015589987169602,0.0328761578865064
"4218001","4228000",4223000.5,"Fst",0.00715569101297264,0,0.0156597092232245,0.0329905728320413
"4219001","4229000",4224000.5,"Fst",0.00618563456439447,0,0.0136885832942563,0.0328372893862994
"4220001","4230000",4225000.5,"Fst",0.00599247461072505,0,0.0150782926214431,0.0363549452275148
"4221001","4231000",4226000.5,"Fst",0.00733957122856621,0,0.0158644891983982,0.0353003652905917
"4222001","4232000",4227000.5,"Fst",0.00638507957184975,0,0.0151373117258589,0.0320973861876284
"4223001","4233000",4228000.5,"Fst",0.00643374507813899,0,0.0150921137661655,0.0329768396861725
"4224001","4234000",4229000.5,"Fst",0.00645591341876051,0,0.0150720852668279,0.0328851281733386
"4225001","4235000",4230000.5,"Fst",0.00679023373895626,0,0.0138405561387168,0.0307050737170758
"4226001","4236000",4231000.5,"Fst",0.00864472085239454,0,0.0116694521286845,0.0170982984999108
"4227001","4237000",4232000.5,"Fst",0.0101074670615793,0,0.00818734997288293,0.0126683871244084
"4228001","4238000",4233000.5,"Fst",0.0102272465887081,0,0.00828911205474409,0.0128108919382502
"4229001","4239000",4234000.5,"Fst",0.00740613669330881,0,0.00948516246989818,0.0149866139541134
"4230001","4240000",4235000.5,"Fst",0.0113711418638126,0,0.0110228892016736,0.019810357738179
"4231001","4241000",4236000.5,"Fst",0.0100148197143342,0,0.00857307325420766,0.0156078266630588
"4232001","4242000",4237000.5,"Fst",0.00949175124322033,0,0.00850293192893555,0.0159190626215554
"4233001","4243000",4238000.5,"Fst",0.00775284867764958,0,0.00887301372939244,0.0147324804470907
"4234001","4244000",4239000.5,"Fst",0.0100903070929557,0,0.0110515835781221,0.0220854498831049
"4235001","4245000",4240000.5,"Fst",0.00856524637922007,0,0.0110533841815382,0.0226312040659151
"4236001","4246000",4241000.5,"Fst",0.00822206505515588,0,0.0118740168231627,0.0235726093591049
"4237001","4247000",4242000.5,"Fst",0.00533995512906216,0,0.0138021865964798,0.0313714319431756
"4238001","4248000",4243000.5,"Fst",0.00385501835193325,0,0.0131675097373742,0.0278721146826795
"4239001","4249000",4244000.5,"Fst",0.00391682883714073,0,0.0133370171595325,0.0259860917606487
"4240001","4250000",4245000.5,"Fst",0.00022833891069507,0,0.0136133262028744,0.0272119961898944
"4241001","4251000",4246000.5,"Fst",0,0,0.0128953673714575,0.0259305584797397
"4242001","4252000",4247000.5,"Fst",0.000805920164208995,0,0.0126893453906462,0.02792346528123
"4243001","4253000",4248000.5,"Fst",0.00263143673502242,0,0.0125770007996189,0.0287481863108803
"4244001","4254000",4249000.5,"Fst",0.00483722512957241,0,0.0146128420511383,0.0309734394875107
"4245001","4255000",4250000.5,"Fst",0.00712372555662089,0,0.0157883249928691,0.0288810463257823
"4246001","4256000",4251000.5,"Fst",0.00704098716837365,0,0.0155739335023729,0.0282375145281407
"4247001","4257000",4252000.5,"Fst",0.00826357607196415,0,0.0141512209938114,0.0280288998930911
"4248001","4258000",4253000.5,"Fst",0.0177442283431983,0,0.0146199379348292,0.0295610732329017
"4249001","4259000",4254000.5,"Fst",0.019647460114611,0,0.0146299340196947,0.0289897357832142
"4250001","4260000",4255000.5,"Fst",0.0178342144586151,0,0.0140740671710206,0.0298083522249385
"4251001","4261000",4256000.5,"Fst",0.0189249641928513,0,0.0144290388437631,0.031883606924459
"4252001","4262000",4257000.5,"Fst",0.0183852695177027,0,0.0149678539591494,0.0334603214800359
"4253001","4263000",4258000.5,"Fst",0.0179446697364185,0,0.0152033464906307,0.03305390084874
"4254001","4264000",4259000.5,"Fst",0.0132404551418984,0,0.0157580779452786,0.0298798353518939
"4255001","4265000",4260000.5,"Fst",0.026152546118083,0,0.0160638335263212,0.0292111524478658
"4256001","4266000",4261000.5,"Fst",0.0249504842664805,0,0.0146935521509618,0.0270280717012128
"4257001","4267000",4262000.5,"Fst",0.0255204765922891,0,0.0135068473505016,0.0272046949466306
"4258001","4268000",4263000.5,"Fst",0.0186701543139074,0,0.013043410618956,0.0260737745828067
"4259001","4269000",4264000.5,"Fst",0.0173330379209169,0,0.0131519866777606,0.0260489170361724
"4260001","4270000",4265000.5,"Fst",0.0165571980168613,0,0.0117286089945961,0.0209671934542084
"4261001","4271000",4266000.5,"Fst",0.0181265055120672,0,0.0123503261035111,0.0234750291801185
"4262001","4272000",4267000.5,"Fst",0.0194354877688171,0,0.0132797198480858,0.0248046318681355
"4263001","4273000",4268000.5,"Fst",0.0198655495581874,0,0.0128815494823085,0.0248963004138102
"4264001","4274000",4269000.5,"Fst",0.0221292475275119,0,0.0130670647964259,0.0262141305619567
"4265001","4275000",4270000.5,"Fst",0.0119404750858861,0,0.0114303424852676,0.0234044478817846
"4266001","4276000",4271000.5,"Fst",0.0122530640379959,0,0.0125946455454055,0.0250547559001983
"4267001","4277000",4272000.5,"Fst",0.0121215723238622,0,0.0115957892154456,0.0211898947440076
"4268001","4278000",4273000.5,"Fst",0.0103650030590505,0,0.0109601118678552,0.0315616917524475
"4269001","4279000",4274000.5,"Fst",0.012484723994481,0,0.0120613863782919,0.0259636721084918
"4270001","4280000",4275000.5,"Fst",0.0146876386889222,0,0.0105020137419946,0.023700619079415
"4271001","4281000",4276000.5,"Fst",0.0119716006477965,0,0.00995525471711712,0.0196976262205032
"4272001","4282000",4277000.5,"Fst",0.00980271829811863,0,0.00913998947562316,0.0184111977881977
"4273001","4283000",4278000.5,"Fst",0.00905134325426249,0,0.00939259933303451,0.018613154496065
"4274001","4284000",4279000.5,"Fst",0.00792173207636959,0,0.00920093218157469,0.0185483870095471
"4275001","4285000",4280000.5,"Fst",0.00821177016584518,0,0.00948301255568033,0.0189821109230099
"4276001","4286000",4281000.5,"Fst",0.00698838295601023,0,0.00972420618109496,0.0174349656615321
"4277001","4287000",4282000.5,"Fst",0.00418050628925881,0,0.0106807936000233,0.0182291313036785
"4278001","4288000",4283000.5,"Fst",0.00497573412343166,0,0.00946318795005587,0.0216090537900363
"4279001","4289000",4284000.5,"Fst",0.00208150544183294,0,0.00745114606341494,0.0146349620544165
"4280001","4290000",4285000.5,"Fst",0.00138596548131986,0,0.0079898473095044,0.0150871344764869
"4281001","4291000",4286000.5,"Fst",0.0011906325037323,0,0.00868015175414148,0.0160440728242963
"4282001","4292000",4287000.5,"Fst",0.00233538971021408,0,0.0096802372245354,0.0195001824518398
"4283001","4293000",4288000.5,"Fst",0.00620576747667045,0,0.0143766280714408,0.0279341710548338
"4284001","4294000",4289000.5,"Fst",0.00683062034622883,0,0.0161200651120166,0.0292886598118206
"4285001","4295000",4290000.5,"Fst",0.00857950175418387,0,0.0159458078177767,0.0301469855141989
"4286001","4296000",4291000.5,"Fst",0.0112161069961582,0,0.0167308598970035,0.0327372271399554
"4287001","4297000",4292000.5,"Fst",0.0123668484219915,0,0.0182089694687969,0.0358611458280991
"4288001","4298000",4293000.5,"Fst",0.0135089410506833,0,0.0190700173717892,0.0348729470319425
"4289001","4299000",4294000.5,"Fst",0.0137094336623369,0,0.019206229609854,0.0375478013117115
"4290001","4300000",4295000.5,"Fst",0.0127720644926897,0,0.0184817021149255,0.035513297517804
"4291001","4301000",4296000.5,"Fst",0.0131516660087311,0,0.0188800028037273,0.0359844255020941
"4292001","4302000",4297000.5,"Fst",0.0116477307335786,0,0.0186908650110689,0.0362847826636077
"4293001","4303000",4298000.5,"Fst",0.00961321031353124,0,0.0151053466862052,0.0278702566693546
"4294001","4304000",4299000.5,"Fst",0.00959796178643779,0,0.0153330245865513,0.0268819527506791
"4295001","4305000",4300000.5,"Fst",0.00527465957067486,0,0.0155524234563601,0.0275866077656358
"4296001","4306000",4301000.5,"Fst",0.00531284838350043,0,0.015867975447718,0.02593622626096
"4297001","4307000",4302000.5,"Fst",0.00564476016126425,0,0.0306242201717354,0.0663813052988453
"4298001","4308000",4303000.5,"Fst",0.0058840709515372,0,0.0293356679461999,0.0655302916978309
"4299001","4309000",4304000.5,"Fst",0.00336598196710192,0,0.0280754018990979,0.0616423706048568
"4300001","4310000",4305000.5,"Fst",0.00351403176386633,0,0.0271028562471087,0.0598730079593602
"4301001","4311000",4306000.5,"Fst",0.00338094750536655,0,0.0265869777159758,0.0583298146748311
"4302001","4312000",4307000.5,"Fst",0.00706484802790408,0,0.0236289766421063,0.052578856456039
"4303001","4313000",4308000.5,"Fst",0.00738455126396698,0,0.0247247155062762,0.0534000304321363
"4304001","4314000",4309000.5,"Fst",0.0137938869808348,0,0.0214633552025853,0.0494858467438724
"4305001","4315000",4310000.5,"Fst",0.0124027788911881,0,0.0222541699180792,0.0482336397614898
"4306001","4316000",4311000.5,"Fst",0.0117383329936823,0,0.0221080527841356,0.0472554269030405
"4307001","4317000",4312000.5,"Fst",0.0141679307967387,0,0.0167728309588574,0.0315871366590968
"4308001","4318000",4313000.5,"Fst",0.0189834887320527,0,0.0172979157489165,0.0302869484808279
"4309001","4319000",4314000.5,"Fst",0.0233319612208555,0,0.0172931479405235,0.0317333506499657
"4310001","4320000",4315000.5,"Fst",0.0179599779923038,0,0.0177437483659106,0.032804716754916
"4311001","4321000",4316000.5,"Fst",0.0184280766770342,0,0.0185673365843497,0.0330392910925702
"4312001","4322000",4317000.5,"Fst",0.0150482608921827,0,0.0182174119902808,0.0456947956386543
"4313001","4323000",4318000.5,"Fst",0.014988249680154,0,0.0184417373195252,0.0452685244209247
"4314001","4324000",4319000.5,"Fst",0.00814082413614348,0,0.0194793358820387,0.0514521174081084
"4315001","4325000",4320000.5,"Fst",0.0105507213449025,0,0.0202375278117152,0.0584799372903907
"4316001","4326000",4321000.5,"Fst",0.0109638161654451,0,0.0210663406480193,0.0582351366881557
"4317001","4327000",4322000.5,"Fst",0.0108323664018692,0,0.0221417392070667,0.0602489008475937
"4318001","4328000",4323000.5,"Fst",0.00176590036780067,0,0.0229086689216737,0.069937477188695
"4319001","4329000",4324000.5,"Fst",0.000955648599313963,0,0.0229569560606215,0.0726573190211139
"4320001","4330000",4325000.5,"Fst",0.0103109520679587,0,0.0213879485383325,0.0636285300587738
"4321001","4331000",4326000.5,"Fst",0.00779597282959721,0,0.0199395645957172,0.0602433523942087
"4322001","4332000",4327000.5,"Fst",0.000828846160800589,0,0.0226303830953152,0.0540723864754311
"4323001","4333000",4328000.5,"Fst",0,0,0.0241895768883347,0.0545403181665697
"4324001","4334000",4329000.5,"Fst",0,0,0.0223100303672709,0.0441222481692248
"4325001","4335000",4330000.5,"Fst",0.00104902891209557,0,0.0218406708439781,0.0424059839473081
"4326001","4336000",4331000.5,"Fst",0,0,0.0224616439080932,0.0517365740265956
"4327001","4337000",4332000.5,"Fst",0.000733293526636092,0,0.020448242142279,0.046061498149627
"4328001","4338000",4333000.5,"Fst",0.000728783429162938,0,0.0203220575806861,0.0457207102185887
"4329001","4339000",4334000.5,"Fst",0,0,0.019875547641763,0.0437224847530191
"4330001","4340000",4335000.5,"Fst",0,0,0.0184614425035337,0.0416583247496216
"4331001","4341000",4336000.5,"Fst",0.000343610940600203,0,0.0182999066264409,0.0434277885932656
"4332001","4342000",4337000.5,"Fst",0.00360680863687168,0,0.0183591983763344,0.0407628126169182
"4333001","4343000",4338000.5,"Fst",0.00925216796213957,0,0.0163811308249577,0.03463798202767
"4334001","4344000",4339000.5,"Fst",0.0119687591315143,0,0.0187320688358918,0.0384662501531299
"4335001","4345000",4340000.5,"Fst",0.0105157820484743,0,0.0196591415869172,0.0375842738385364
"4336001","4346000",4341000.5,"Fst",0.00918904428601619,0,0.0161688949929772,0.0376941186634702
"4337001","4347000",4342000.5,"Fst",0.011044226436105,0,0.0175136999792518,0.0361148980421993
"4338001","4348000",4343000.5,"Fst",0.0125544381900633,0,0.016189539272623,0.0311614356214905
"4339001","4349000",4344000.5,"Fst",0.0121055601429487,0,0.0170498551963699,0.0384780187929151
"4340001","4350000",4345000.5,"Fst",0.0112073597717568,0,0.0173177907048232,0.0420674397425237
"4341001","4351000",4346000.5,"Fst",0.0112857619590978,0,0.0173458147501523,0.0418011387597848
"4342001","4352000",4347000.5,"Fst",0.0132569961240062,0,0.0204177517863734,0.0449430338128259
"4343001","4353000",4348000.5,"Fst",0.00770624313016366,0,0.0209203784404869,0.0470423012681099
"4344001","4354000",4349000.5,"Fst",0.00454492556135788,0,0.0215182785558534,0.047063824194385
"4345001","4355000",4350000.5,"Fst",0.00503813609668113,0,0.0197338583787379,0.0458593472036007
"4346001","4356000",4351000.5,"Fst",0.00696234616504698,0,0.0189363633526992,0.0546634564665314
"4347001","4357000",4352000.5,"Fst",0.0116873823558143,0,0.0194321547300931,0.0448997423748355
"4348001","4358000",4353000.5,"Fst",0.0111240925512758,0,0.0206106933323434,0.04803878861849
"4349001","4359000",4354000.5,"Fst",0.0123333351118036,0,0.0218769128343832,0.0512431044481557
"4350001","4360000",4355000.5,"Fst",0.0127151331490581,0,0.0215870506951736,0.050089542882954
"4351001","4361000",4356000.5,"Fst",0.0118092492590035,0,0.0206369934588033,0.0516438091619228
"4352001","4362000",4357000.5,"Fst",0.0105798459720468,0,0.0198291944169299,0.0466552912362276
"4353001","4363000",4358000.5,"Fst",0.0124928997157403,0,0.0214207458140559,0.0496242712452282
"4354001","4364000",4359000.5,"Fst",0.0175363540897966,0,0.0203641265444479,0.0532462699049912
"4355001","4365000",4360000.5,"Fst",0.0168623620797534,0,0.0223608208821374,0.0529803105044727
"4356001","4366000",4361000.5,"Fst",0.0233147463202339,0,0.0240779176084189,0.0714566986389947
"4357001","4367000",4362000.5,"Fst",0.0131631711168289,0,0.0178650645293422,0.0391959429122412
"4358001","4368000",4363000.5,"Fst",0.0137539410197006,0,0.0170194209401583,0.0348834372789293
"4359001","4369000",4364000.5,"Fst",0.00923674111540784,0,0.0159677500586628,0.037501333547579
"4360001","4370000",4365000.5,"Fst",0.00817587050630519,0,0.0170741727001926,0.0407079101261927
"4361001","4371000",4366000.5,"Fst",0.0243654478294758,0,0.0129086964024299,0.0295178930790094
"4362001","4372000",4367000.5,"Fst",0.0242439688746945,0,0.012289342333053,0.0275964067552998
"4363001","4373000",4368000.5,"Fst",0.027704719556737,0,0.0130076204703016,0.0316630138183815
"4364001","4374000",4369000.5,"Fst",0.028656732828476,0,0.0134047992171163,0.0327494897827378
"4365001","4375000",4370000.5,"Fst",0.0247973397999574,0,0.019414970524384,0.0601648384800106
"4366001","4376000",4371000.5,"Fst",0.0213417439611661,0,0.0201275331324064,0.0586344227383175
"4367001","4377000",4372000.5,"Fst",0.0163555714672048,0,0.0192146068286393,0.0581699346405229
"4368001","4378000",4373000.5,"Fst",0.016002299380105,0,0.0201043361800197,0.0614155141375129
"4369001","4379000",4374000.5,"Fst",0.0195313334105043,0,0.0212901166444796,0.0618676607880229
"4370001","4380000",4375000.5,"Fst",0.0195063750119957,0,0.0213160704979133,0.0617927705463157
"4371001","4381000",4376000.5,"Fst",0.00576231262829019,0,0.0211418718723954,0.0591013565414532
"4372001","4382000",4377000.5,"Fst",0.00141370658805007,0,0.0248581654450291,0.0537964393799093
"4373001","4383000",4378000.5,"Fst",0.00116635540635013,0,0.0247262037938155,0.053459274817674
"4374001","4384000",4379000.5,"Fst",0.00114432572584078,0,0.0242724631892753,0.0526283877726608
"4375001","4385000",4380000.5,"Fst",0,0,0.028643678133174,0.0526237906979361
"4376001","4386000",4381000.5,"Fst",0,0,0.026389506956745,0.0470633775682386
"4377001","4387000",4382000.5,"Fst",0,0,0.0305445529628015,0.0500522664653718
"4378001","4388000",4383000.5,"Fst",0,0,0.0312846768968223,0.0506861251531561
"4379001","4389000",4384000.5,"Fst",0,0,0.0325556161177209,0.0527062639434428
"4380001","4390000",4385000.5,"Fst",0,0,0.0327694826757999,0.0531299525568095
"4381001","4391000",4386000.5,"Fst",0.00184493184966039,0,0.030382962694915,0.0536195004946703
"4382001","4392000",4387000.5,"Fst",0.0123856555874553,0,0.0270109321606522,0.0513063801742447
"4383001","4393000",4388000.5,"Fst",0.0101549349140848,0,0.024968425301992,0.0530808950432579
"4384001","4394000",4389000.5,"Fst",0.0154951632823831,0,0.0263585955040799,0.0788704567184479
"4385001","4395000",4390000.5,"Fst",0.0135693226190323,0,0.0265831510732078,0.0696391493592692
"4386001","4396000",4391000.5,"Fst",0.012361208740978,0,0.0273877461130385,0.0746026631875248
"4387001","4397000",4392000.5,"Fst",0.0119635483418548,0,0.0277527324070718,0.0608450119723919
"4388001","4398000",4393000.5,"Fst",0.0118066790703755,0,0.0266214074729238,0.091473418373717
"4389001","4399000",4394000.5,"Fst",0.0104467625663093,0,0.03026388237393,0.11103177191224
"4390001","4400000",4395000.5,"Fst",0.00885717408797548,0,0.0307709299522118,0.110172500142828
"4391001","4401000",4396000.5,"Fst",0.00950573557781775,0,0.036894629157504,0.130804015554035
"4392001","4402000",4397000.5,"Fst",0.00569669312907328,0,0.041869349426528,0.146430892588918
"4393001","4403000",4398000.5,"Fst",0.00321088794446178,0,0.041455680188766,0.152097253941326
"4394001","4404000",4399000.5,"Fst",0.000426267016565673,0,0.0467472088878235,0.159849675922476
"4395001","4405000",4400000.5,"Fst",0,0,0.0558501282699272,0.175563567694367
"4396001","4406000",4401000.5,"Fst",0,0,0.0573039863823812,0.178896110370065
"4397001","4407000",4402000.5,"Fst",0,0,0.0614195181923096,0.190873187140882
"4398001","4408000",4403000.5,"Fst",0,0,0.0599154611194212,0.180099013801997
"4399001","4409000",4404000.5,"Fst",0,0,0.0596265400742548,0.178477691207572
"4400001","4410000",4405000.5,"Fst",0,0,0.0565327619902299,0.195525103612824
"4401001","4411000",4406000.5,"Fst",0,0,0.0565011595291635,0.194575820312318
"4402001","4412000",4407000.5,"Fst",0,0,0.0541813845939819,0.194974918450839
"4403001","4413000",4408000.5,"Fst",0,0,0.0576813121202907,0.207198179198343
"4404001","4414000",4409000.5,"Fst",0,0,0.0566014199762002,0.208965856068701
"4405001","4415000",4410000.5,"Fst",0,0,0.0535871894910955,0.198090970744965
"4406001","4416000",4411000.5,"Fst",0,0,0.0535798673556828,0.195896777045994
"4407001","4417000",4412000.5,"Fst",0,0,0.054910692982041,0.193656429630941
"4408001","4418000",4413000.5,"Fst",0,0,0.0561389057205103,0.20090436842998
"4409001","4419000",4414000.5,"Fst",0,0,0.0506770016660867,0.185115886270095
"4410001","4420000",4415000.5,"Fst",0,0,0.044998320417495,0.141558390192691
"4411001","4421000",4416000.5,"Fst",0,0,0.0392215609641684,0.124420900961096
"4412001","4422000",4417000.5,"Fst",0,0,0.0367369130155925,0.122513954054316
"4413001","4423000",4418000.5,"Fst",0,0,0.0276865512087845,0.0727438937873721
"4414001","4424000",4419000.5,"Fst",0,0,0.0261867140022442,0.0839344256877339
"4415001","4425000",4420000.5,"Fst",0.000588891736089225,0,0.0333058621482911,0.0943442796985031
"4416001","4426000",4421000.5,"Fst",0,0,0.0319917964869371,0.0900603594038772
"4417001","4427000",4422000.5,"Fst",0,0,0.0331300877217792,0.092661279471537
"4418001","4428000",4423000.5,"Fst",0,0,0.0332571912987689,0.0949387699387699
"4419001","4429000",4424000.5,"Fst",0,0,0.0338399579027043,0.095078670768442
"4420001","4430000",4425000.5,"Fst",0,0,0.0331691500421853,0.0926713539416317
"4421001","4431000",4426000.5,"Fst",0.00120575472124262,0,0.0345441588616154,0.0921919479463198
"4422001","4432000",4427000.5,"Fst",0.00199386783986044,0,0.0368230448670913,0.0895434407148756
"4423001","4433000",4428000.5,"Fst",0.000721601395521798,0,0.0357307784722937,0.0935600580777937
"4424001","4434000",4429000.5,"Fst",6.09840931723449e-05,0,0.0335595451092983,0.0882378070667698
"4425001","4435000",4430000.5,"Fst",0,0,0.0326028441787517,0.0884156195182727
"4426001","4436000",4431000.5,"Fst",0,0,0.0300205492392185,0.109391950867001
"4427001","4437000",4432000.5,"Fst",0,0,0.0300205492392185,0.109391950867001
"4428001","4438000",4433000.5,"Fst",0,0,0.0300813973299747,0.118034846612423
"4429001","4439000",4434000.5,"Fst",0,0,0.0293236276688414,0.115743749667435
"4430001","4440000",4435000.5,"Fst",0,0,0.0315361975836551,0.121898008861865
"4431001","4441000",4436000.5,"Fst",0,0,0.0329239646090489,0.124234941768554
"4432001","4442000",4437000.5,"Fst",0,0,0.0291454354990404,0.0849289492955526
"4433001","4443000",4438000.5,"Fst",0,0,0.0313351469271739,0.0932114961084767
"4434001","4444000",4439000.5,"Fst",0,0,0.0366708992106164,0.107096659083813
"4435001","4445000",4440000.5,"Fst",0.00938992954115836,0,0.0181466778406452,0.0319154997689747
"4436001","4446000",4441000.5,"Fst",0.00987492809293189,0,0.017634719367931,0.031175691133334
"4437001","4447000",4442000.5,"Fst",0.0106066410126935,0,0.0167727177687519,0.0283865552695927
"4438001","4448000",4443000.5,"Fst",0.00984244255444622,0,0.0155612379972565,0.0261354518841237
"4439001","4449000",4444000.5,"Fst",0.0097283053804792,0,0.0194238959662423,0.0340074418244818
"4440001","4450000",4445000.5,"Fst",0.00828208502296091,0,0.0186158032942276,0.0344848154209858
"4441001","4451000",4446000.5,"Fst",0.00241422033104755,0,0.0359895684215929,0.0719324244220509
"4442001","4452000",4447000.5,"Fst",0.00348918102431528,0,0.034719231490111,0.0676583550874666
"4443001","4453000",4448000.5,"Fst",0.00132958276426587,0,0.0332078485698052,0.0620076686684148
"4444001","4454000",4449000.5,"Fst",0.00176641073991779,0,0.0318531605979134,0.0594446718515487
"4445001","4455000",4450000.5,"Fst",0,0,0.0266633941427155,0.054737608602408
"4446001","4456000",4451000.5,"Fst",0,0,0.0262065458958294,0.0519002724847379
"4447001","4457000",4452000.5,"Fst",0,0,0.0274481588243362,0.0493859627449715
"4448001","4458000",4453000.5,"Fst",0,0,0.0278564380578093,0.0501040262404128
"4449001","4459000",4454000.5,"Fst",0,0,0.0257852023129672,0.0465381769818262
"4450001","4460000",4455000.5,"Fst",0,0,0.0240641713390076,0.0428638772476028
"4451001","4461000",4456000.5,"Fst",0.000106892281574011,0,0.0244501213851949,0.0450374296215269
"4452001","4462000",4457000.5,"Fst",0,0,0.0259111558714872,0.046033527515009
"4453001","4463000",4458000.5,"Fst",0,0,0.0256736279083215,0.0461950603873288
"4454001","4464000",4459000.5,"Fst",0.000586747845726987,0,0.0250741936595037,0.0448289521156753
"4455001","4465000",4460000.5,"Fst",0,0,0.0227139815333463,0.0436946599235777
"4456001","4466000",4461000.5,"Fst",0.0112494138138943,0,0.0235510738406647,0.0536417889337355
"4457001","4467000",4462000.5,"Fst",0.0140937536254633,0,0.0279215479156264,0.0665209938091006
"4458001","4468000",4463000.5,"Fst",0.0122592452217229,0,0.0251262630766196,0.0560034765184617
"4459001","4469000",4464000.5,"Fst",0.00988011988011994,0,0.0252145144073184,0.0561810828926713
"4460001","4470000",4465000.5,"Fst",0.0105842462858412,0,0.024950441324021,0.0556405154697431
"4461001","4471000",4466000.5,"Fst",0.0105116355758704,0,0.0243343117741699,0.0555271108548747
"4462001","4472000",4467000.5,"Fst",0.0102507219885315,0,0.0245527096155408,0.0552874066600514
"4463001","4473000",4468000.5,"Fst",0.00812551389659866,0,0.0227092371391876,0.0483096966116927
"4464001","4474000",4469000.5,"Fst",0.00716633423397173,0,0.0240907184377216,0.0496922334800791
"4465001","4475000",4470000.5,"Fst",0.0124477996520265,0,0.0233988369279743,0.0490772469984967
"4466001","4476000",4471000.5,"Fst",0.000334615156387885,0,0.0218798029043121,0.0522096536119784
"4467001","4477000",4472000.5,"Fst",0.0021172199200209,0,0.0226499260277275,0.0601407859403794
"4468001","4478000",4473000.5,"Fst",0,0,0.0218793409109007,0.0417338019551111
"4469001","4479000",4474000.5,"Fst",0.00618739669303603,0,0.0232472209043498,0.0601979766099947
"4470001","4480000",4475000.5,"Fst",0.00662326426459559,0,0.0220901794052886,0.0555540570694352
"4471001","4481000",4476000.5,"Fst",0.00415787495301345,0,0.0228388321434374,0.0777557663302509
"4472001","4482000",4477000.5,"Fst",0.00387499619527165,0,0.0220747821839009,0.0767268516203777
"4473001","4483000",4478000.5,"Fst",0.00700257654153713,0,0.0219343400293981,0.0828714932995462
"4474001","4484000",4479000.5,"Fst",0.00756759675230256,0,0.0217779537011542,0.0822657123746544
"4475001","4485000",4480000.5,"Fst",0.00599742736898934,0,0.0228341459280098,0.0859980693603796
"4476001","4486000",4481000.5,"Fst",0.0039264166992834,0,0.0219931553292528,0.0855381289517285
"4477001","4487000",4482000.5,"Fst",0.00475684972683343,0,0.0217390614358251,0.0867557917032411
"4478001","4488000",4483000.5,"Fst",0.00841262630841288,0,0.0225403575264685,0.0893119234118095
"4479001","4489000",4484000.5,"Fst",0,0,0.0240148895234037,0.0895254348110974
"4480001","4490000",4485000.5,"Fst",0,0,0.0236052295993492,0.0893952998929654
"4481001","4491000",4486000.5,"Fst",0,0,0.0262126337613439,0.0527795837426862
"4482001","4492000",4487000.5,"Fst",0,0,0.0255032202345474,0.0552109280166133
"4483001","4493000",4488000.5,"Fst",0,0,0.0247107146673598,0.0535500170621577
"4484001","4494000",4489000.5,"Fst",0,0,0.0249070707807197,0.0538396528556475
"4485001","4495000",4490000.5,"Fst",0,0,0.025675757783305,0.0508270249611292
"4486001","4496000",4491000.5,"Fst",0,0,0.0261255361264782,0.0505922864389085
"4487001","4497000",4492000.5,"Fst",0,0,0.0252721226708595,0.0490445574271977
"4488001","4498000",4493000.5,"Fst",0,0,0.0258909608297659,0.0495340193199718
"4489001","4499000",4494000.5,"Fst",0.00073193917509784,0,0.0225667998130766,0.0543460852217648
"4490001","4500000",4495000.5,"Fst",0,0,0.0246778009363819,0.0603990102072376
"4491001","4501000",4496000.5,"Fst",0.00798702593427025,0,0.0123053229800328,0.0364880297864932
"4492001","4502000",4497000.5,"Fst",0.00643681307712918,0,0.0125021898339692,0.0390317322078561
"4493001","4503000",4498000.5,"Fst",0.00512301988540609,0,0.0194318405671573,0.049430131445905
"4494001","4504000",4499000.5,"Fst",0.0045299576883564,0,0.0186014788114735,0.0431186356572051
"4495001","4505000",4500000.5,"Fst",0.0232791279729748,0,0.018396789606412,0.0365196577220882
"4496001","4506000",4501000.5,"Fst",0.0236914600550964,0,0.0180473302064751,0.0377442886780178
"4497001","4507000",4502000.5,"Fst",0.0244788662179968,0,0.0193837718460136,0.0411604492968444
"4498001","4508000",4503000.5,"Fst",0.0243493804680909,0,0.0186567141385496,0.0393916456497414
"4499001","4509000",4504000.5,"Fst",0.0253295779981539,0,0.0190896656485601,0.0390822764163992
"4500001","4510000",4505000.5,"Fst",0.0214559774924149,0,0.0169311399527739,0.0326179818086575
"4501001","4511000",4506000.5,"Fst",0.0225932693097977,0,0.0174791765584873,0.0353918036317478
"4502001","4512000",4507000.5,"Fst",0.0224506296363672,0,0.0195498199967087,0.0478669372531814
"4503001","4513000",4508000.5,"Fst",0.0289218564332742,0,0.0171372790756553,0.0517776367648001
"4504001","4514000",4509000.5,"Fst",0.0302308329827147,0,0.0188383957533123,0.0565409123316273
"4505001","4515000",4510000.5,"Fst",0.00935203381161331,0,0.0198769702235281,0.0438695296557771
"4506001","4516000",4511000.5,"Fst",0.0071374569125694,0,0.019055923132869,0.0469113276660444
"4507001","4517000",4512000.5,"Fst",0.00736090921104804,0,0.019639872193405,0.0483713266839031
"4508001","4518000",4513000.5,"Fst",0.00762917438248623,0,0.0205689417730228,0.0507843850415264
"4509001","4519000",4514000.5,"Fst",0.00702931914019522,0,0.0215649155886398,0.0514381115901187
"4510001","4520000",4515000.5,"Fst",0.00899451257366224,0,0.0263901559210796,0.0597758717025536
"4511001","4521000",4516000.5,"Fst",0.00672369085518798,0,0.029969154284198,0.0705867915916744
"4512001","4522000",4517000.5,"Fst",0,0,0.0389379678026293,0.0981787174334489
"4513001","4523000",4518000.5,"Fst",0,0,0.0457084689702527,0.112794612794613
"4514001","4524000",4519000.5,"Fst",0,0,0.0457084689702527,0.112794612794613
"4515001","4525000",4520000.5,"Fst",0,0,0.0411450728835505,0.0953426170385325
"4516001","4526000",4521000.5,"Fst",0,0,0,0
"4517001","4527000",4522000.5,"Fst",0,0,0,0
"4518001","4528000",4523000.5,"Fst",0,0,0,0
"4519001","4529000",4524000.5,"Fst",0,0,0,0
"4520001","4530000",4525000.5,"Fst",0,0,0,0
"4521001","4531000",4526000.5,"Fst",0,0,0,0
"4522001","4532000",4527000.5,"Fst",0,0,0,0
"4523001","4533000",4528000.5,"Fst",0,0,0,0
"4524001","4534000",4529000.5,"Fst",0,0,0,0
"4525001","4535000",4530000.5,"Fst",0,0,0,0
"4526001","4536000",4531000.5,"Fst",0,0,0,0
"4527001","4537000",4532000.5,"Fst",0,0,0,0
"4528001","4538000",4533000.5,"Fst",0,0,0,0
"4529001","4539000",4534000.5,"Fst",0,0,0,0
"4530001","4540000",4535000.5,"Fst",0,0,0.0176245210727969,0.0187384939072499
"4531001","4541000",4536000.5,"Fst",0,0,0.0176245210727969,0.0187384939072499
"4532001","4542000",4537000.5,"Fst",0,0,0.0176245210727969,0.0187384939072499
"4533001","4543000",4538000.5,"Fst",0,0,0.0176245210727969,0.0187384939072499
"4534001","4544000",4539000.5,"Fst",0,0,0.0176245210727969,0.0187384939072499
"4535001","4545000",4540000.5,"Fst",0.0171803237643671,0,0.0195842141169119,0.0266471579320742
"4536001","4546000",4541000.5,"Fst",0.00655085195514959,0,0.029913684846918,0.0663824696408095
"4537001","4547000",4542000.5,"Fst",0,0,0.0318397921068915,0.0524101164713431
"4538001","4548000",4543000.5,"Fst",0.00110367567040781,0,0.0236340147297292,0.0369190211100312
"4539001","4549000",4544000.5,"Fst",0.00104975320371703,0,0.0224249463679926,0.0350947271135024
"4540001","4550000",4545000.5,"Fst",0.00123389256086182,0,0.0231536974667114,0.0390050206368973
"4541001","4551000",4546000.5,"Fst",0,0,0.0259971124309222,0.0411348964970284
"4542001","4552000",4547000.5,"Fst",0,0,0.0219989173341025,0.0401494956922848
"4543001","4553000",4548000.5,"Fst",0,0,0.0212355483569439,0.0393028106992357
"4544001","4554000",4549000.5,"Fst",0,0,0.0213670890568999,0.0481918928769084
"4545001","4555000",4550000.5,"Fst",0,0,0.021824238380741,0.0488676096901456
"4546001","4556000",4551000.5,"Fst",0,0,0.023221903494178,0.0545414735405352
"4547001","4557000",4552000.5,"Fst",0,0,0.0250163492721517,0.0583859371245319
"4548001","4558000",4553000.5,"Fst",0,0,0.0284007381901825,0.0674091075014507
"4549001","4559000",4554000.5,"Fst",0,0,0.0258579470423869,0.062977749235123
"4550001","4560000",4555000.5,"Fst",0,0,0.0255942665627774,0.0622249809930702
"4551001","4561000",4556000.5,"Fst",0,0,0.0259221535763916,0.0646131394042749
"4552001","4562000",4557000.5,"Fst",0,0,0.0265594713208011,0.0658284130984726
"4553001","4563000",4558000.5,"Fst",0,0,0.02649029826824,0.0667961612511201
"4554001","4564000",4559000.5,"Fst",0,0,0.0280254377588561,0.0738203660008917
"4555001","4565000",4560000.5,"Fst",0,0,0.0279325977629298,0.071383149836037
"4556001","4566000",4561000.5,"Fst",0,0,0.0278135607976569,0.0711810585027485
"4557001","4567000",4562000.5,"Fst",0,0,0.026508586565163,0.0677904688376985
"4558001","4568000",4563000.5,"Fst",0,0,0.0279291644256575,0.0691765130600452
"4559001","4569000",4564000.5,"Fst",0.00836564510233295,0,0.0106126915316606,0.0270745823413812
"4560001","4570000",4565000.5,"Fst",0.00659197794239541,0,0.0230368516495837,0.0537463731990152
"4561001","4571000",4566000.5,"Fst",0.00885605855934068,0,0.0183949164568807,0.0433328088817886
"4562001","4572000",4567000.5,"Fst",0.00736881280238189,0,0.017245239344033,0.0361742584149499
"4563001","4573000",4568000.5,"Fst",0.0102515701446962,0,0.0205603637292758,0.0521131921265963
"4564001","4574000",4569000.5,"Fst",0.016157321057927,0,0.0202535834858203,0.0441468897892053
"4565001","4575000",4570000.5,"Fst",0.014976396099471,0,0.018460333045312,0.0427721769149947
"4566001","4576000",4571000.5,"Fst",0.0149588112899608,0,0.0184934740780083,0.0428229953430127
"4567001","4577000",4572000.5,"Fst",0.00998985467495428,0,0.0198502463429692,0.0522125238186674
"4568001","4578000",4573000.5,"Fst",0.0100629456873218,0,0.0199763464364091,0.052486455520853
"4569001","4579000",4574000.5,"Fst",0.00607584882134971,0,0.0192645378158988,0.0456736483087621
"4570001","4580000",4575000.5,"Fst",0.00721889969895029,0,0.0170083551437718,0.0512955589682563
"4571001","4581000",4576000.5,"Fst",0.0105922202562078,0,0.0183290887217565,0.0589042469399644
"4572001","4582000",4577000.5,"Fst",0.0175886614403219,0,0.0173056933567004,0.0591537927750658
"4573001","4583000",4578000.5,"Fst",0.0378860786163721,0,0.0191623740098849,0.0649362486688426
"4574001","4584000",4579000.5,"Fst",0.037311046925522,0,0.020636505041619,0.0374005850243669
"4575001","4585000",4580000.5,"Fst",0.0374720246555756,0,0.0185514274649196,0.0371105887169508
"4576001","4586000",4581000.5,"Fst",0.0371421859793953,0,0.0181236915044733,0.0345262537687221
"4577001","4587000",4582000.5,"Fst",0.0462789546204317,0,0.0150013615346879,0.0435251866672558
"4578001","4588000",4583000.5,"Fst",0.0379475001252607,0,0.0145178222629272,0.0417040741605206
"4579001","4589000",4584000.5,"Fst",0.0485037915343814,0,0.0155258255780274,0.0409700735534418
"4580001","4590000",4585000.5,"Fst",0.048965370635121,0,0.0159801134881557,0.0425488102083846
"4581001","4591000",4586000.5,"Fst",0.0471915283097014,0,0.0177514544008084,0.0457823343247159
"4582001","4592000",4587000.5,"Fst",0.0442826849058028,0,0.0182735043382903,0.0490687440521975
"4583001","4593000",4588000.5,"Fst",0.00966534105444306,0,0.0168544503827557,0.0373045200337355
"4584001","4594000",4589000.5,"Fst",0.0149961607210292,0,0.021227342339367,0.0570949967104349
"4585001","4595000",4590000.5,"Fst",0.0126912200042999,0,0.0237917611762571,0.0542230616739191
"4586001","4596000",4591000.5,"Fst",0.0067365927930978,0,0.0252826282685697,0.0537054022448431
"4587001","4597000",4592000.5,"Fst",0.00787601584910658,0,0.0252998585722209,0.0536944849988328
"4588001","4598000",4593000.5,"Fst",0.0124296909387296,0,0.0313240429335177,0.076523298073082
"4589001","4599000",4594000.5,"Fst",0.0135772368998914,0,0.0277496341126411,0.0634879030604387
"4590001","4600000",4595000.5,"Fst",0.0126450107732481,0,0.0271358900925567,0.0616607809504591
"4591001","4601000",4596000.5,"Fst",0.0070398285065707,0,0.0229664312012193,0.0484843732736469
"4592001","4602000",4597000.5,"Fst",0.00666164578603345,0,0.0217708554871664,0.0459958682296615
"4593001","4603000",4598000.5,"Fst",0.00663439399528387,0,0.0204740537440808,0.0420878737987179
"4594001","4604000",4599000.5,"Fst",1.68163047349346e-05,0,0.0149152672011465,0.0264040355512849
"4595001","4605000",4600000.5,"Fst",0,0,0.0154138850308026,0.0292007145165473
"4596001","4606000",4601000.5,"Fst",0.00233720591871234,0,0.0158039141479758,0.0426009504023689
"4597001","4607000",4602000.5,"Fst",0.00299416082004023,0,0.015385324060703,0.0405043341213553
"4598001","4608000",4603000.5,"Fst",0.00344032599517863,0,0.014846859919072,0.0398607627659935
"4599001","4609000",4604000.5,"Fst",0.0026843059596634,0,0.0155820952054222,0.0449243075824015
"4600001","4610000",4605000.5,"Fst",0.00307413000736767,0,0.0156764780011837,0.0454045748844762
"4601001","4611000",4606000.5,"Fst",0.0113542504692947,0,0.0224963586921709,0.0449342803494163
"4602001","4612000",4607000.5,"Fst",0.0117943646670473,0,0.0234119717777208,0.0467764689884929
"4603001","4613000",4608000.5,"Fst",0.0119293402446367,0,0.0242186832319208,0.0488128541711498
"4604001","4614000",4609000.5,"Fst",0.0123606614154324,0,0.026372291259206,0.0521993208560373
"4605001","4615000",4610000.5,"Fst",0.0123161827522184,0,0.0273881528746268,0.0533626952513575
"4606001","4616000",4611000.5,"Fst",0.0134838700182011,0,0.0365357542624492,0.0842961839329249
"4607001","4617000",4612000.5,"Fst",0.0082892867291845,0,0.0307996111923042,0.0640794650147445
"4608001","4618000",4613000.5,"Fst",0.00650001004647216,0,0.0305094093201573,0.0554143041998625
"4609001","4619000",4614000.5,"Fst",0.00546051638143386,0,0.02985087684578,0.0557546383598542
"4610001","4620000",4615000.5,"Fst",0.00630159501953775,0,0.0273175402597109,0.0519379319691016
"4611001","4621000",4616000.5,"Fst",0.000206887723773752,0,0.0227205499871882,0.0448396519605011
"4612001","4622000",4617000.5,"Fst",0.000202200839285682,0,0.0221959421401816,0.0437225249373546
"4613001","4623000",4618000.5,"Fst",0,0,0.0233991533699422,0.0447704541321563
"4614001","4624000",4619000.5,"Fst",0,0,0.0239016294718824,0.045736354771384
"4615001","4625000",4620000.5,"Fst",0.00083946106855326,0,0.0223079916401286,0.0458815354467063
"4616001","4626000",4621000.5,"Fst",0.000841084578941831,0,0.0220339413485824,0.0441456324451357
"4617001","4627000",4622000.5,"Fst",0.00461371251922693,0,0.0166324801104529,0.0440676125157996
"4618001","4628000",4623000.5,"Fst",0.00638360159157036,0,0.0151002307712344,0.0255145033219899
"4619001","4629000",4624000.5,"Fst",0.0064418993230001,0,0.0152588306115588,0.0258030154047852
"4620001","4630000",4625000.5,"Fst",0.00755995520026553,0,0.0229084267118848,0.0586616406438913
"4621001","4631000",4626000.5,"Fst",0.00643791424398388,0,0.0251122070296663,0.0836605227909575
"4622001","4632000",4627000.5,"Fst",0.00731599038799646,0,0.0252061568337477,0.0788573137548493
"4623001","4633000",4628000.5,"Fst",0.0137701469762315,0,0.0232188300911863,0.077033594506242
"4624001","4634000",4629000.5,"Fst",0.013516486374038,0,0.022821639880771,0.0756063384955389
"4625001","4635000",4630000.5,"Fst",0.0124223602484471,0,0.024113836675354,0.0783711899164155
"4626001","4636000",4631000.5,"Fst",0.0158916531039295,0,0.0219712719790468,0.0725082131512986
"4627001","4637000",4632000.5,"Fst",0.0160070267896355,0,0.0235386788039521,0.0792254154874387
"4628001","4638000",4633000.5,"Fst",0.0155822739634994,0,0.0211747748072724,0.060972438749939
"4629001","4639000",4634000.5,"Fst",0.0168457906816767,0,0.0203755534646407,0.0566960052721216
"4630001","4640000",4635000.5,"Fst",0.0176669590276907,0,0.0150830811607902,0.0453297593120009
"4631001","4641000",4636000.5,"Fst",0.0207423259741298,0,0.0146287516158821,0.0331637518725071
"4632001","4642000",4637000.5,"Fst",0.020095368248676,0,0.014422070692385,0.0344297322671501
"4633001","4643000",4638000.5,"Fst",0.0182001787204726,0,0.0157169429106002,0.0395447644143296
"4634001","4644000",4639000.5,"Fst",0.0109072442948444,0,0.0171901943940486,0.0466647863887244
"4635001","4645000",4640000.5,"Fst",0.0107647549790859,0,0.0190934415929055,0.0499595902660569
"4636001","4646000",4641000.5,"Fst",0.00669136216748234,0,0.0202121203169686,0.0544614006047746
"4637001","4647000",4642000.5,"Fst",0.00784891173286828,0,0.0184618283626776,0.0508168767742634
"4638001","4648000",4643000.5,"Fst",0.00679726162467775,0,0.0222922019545342,0.0628054669437209
"4639001","4649000",4644000.5,"Fst",0.00112421158859644,0,0.0257096167041105,0.0733233542002425
"4640001","4650000",4645000.5,"Fst",0,0,0.0237008847873249,0.0624843094482656
"4641001","4651000",4646000.5,"Fst",0.000991904012799139,0,0.021802497324244,0.058223012288973
"4642001","4652000",4647000.5,"Fst",0,0,0.0226080011179534,0.0646541836325055
"4643001","4653000",4648000.5,"Fst",0,0,0.0227793154812718,0.0653354398351104
"4644001","4654000",4649000.5,"Fst",0.0015938158240939,0,0.0220692783074658,0.0665678395616409
"4645001","4655000",4650000.5,"Fst",0.000904774159820376,0,0.019854421688578,0.0486016484423925
"4646001","4656000",4651000.5,"Fst",0.00207892811310961,0,0.0213293802371317,0.0554361993873076
"4647001","4657000",4652000.5,"Fst",0.00123593869838112,0,0.0217070105766515,0.0566128517373112
"4648001","4658000",4653000.5,"Fst",0.00164659190302041,0,0.0202403871078103,0.0440346213043235
"4649001","4659000",4654000.5,"Fst",0.00490233736914236,0,0.018206223413871,0.035702917653553
"4650001","4660000",4655000.5,"Fst",0.00716092405154689,0,0.017640980225296,0.0409554931950062
"4651001","4661000",4656000.5,"Fst",0.00884409892917104,0,0.0205897044533072,0.041571706176071
"4652001","4662000",4657000.5,"Fst",0.0182409639996224,0,0.017277343639838,0.0399044305529183
"4653001","4663000",4658000.5,"Fst",0.0130805349013761,0,0.0171565882876231,0.033796607027669
"4654001","4664000",4659000.5,"Fst",0.015919333148982,0,0.0181097241540146,0.0336017823699533
"4655001","4665000",4660000.5,"Fst",0.0166516546747344,0,0.0208418681415984,0.0372668252463648
"4656001","4666000",4661000.5,"Fst",0.0122312651242764,0,0.0213787438769867,0.0390337070646225
"4657001","4667000",4662000.5,"Fst",0.0130359742462217,0,0.0213772166914246,0.0377254008107839
"4658001","4668000",4663000.5,"Fst",0.00955065388015464,0,0.0210696297359373,0.0376512424304036
"4659001","4669000",4664000.5,"Fst",0.00346670301213037,0,0.0213132610604878,0.055334490586193
"4660001","4670000",4665000.5,"Fst",0.0048304862534112,0,0.0209735271519996,0.0546792849631967
"4661001","4671000",4666000.5,"Fst",0.00305064755771089,0,0.0226234945547942,0.0584240960038022
"4662001","4672000",4667000.5,"Fst",0,0,0.0242649442451431,0.0643178989829636
"4663001","4673000",4668000.5,"Fst",0.00238006060312312,0,0.0236643573515946,0.0492587843036678
"4664001","4674000",4669000.5,"Fst",0,0,0.0220722284341089,0.0491204075993305
"4665001","4675000",4670000.5,"Fst",0,0,0.0212551642887486,0.0450529327037343
"4666001","4676000",4671000.5,"Fst",0,0,0.0228819220353394,0.0540826048332068
"4667001","4677000",4672000.5,"Fst",0.00369753985314614,0,0.0213738008804031,0.0467536849639414
"4668001","4678000",4673000.5,"Fst",0.00542294654427489,0,0.0245037746394264,0.0496850547355355
"4669001","4679000",4674000.5,"Fst",0.012052803472708,0,0.0200994087706194,0.0349704912234329
"4670001","4680000",4675000.5,"Fst",0.00834179988556327,0,0.0190635850874216,0.0289882528413148
"4671001","4681000",4676000.5,"Fst",0.00834179988556327,0,0.0190635850874216,0.0289882528413148
"4672001","4682000",4677000.5,"Fst",0.00627784416459842,0,0.0188106500529205,0.0308292628369179
"4673001","4683000",4678000.5,"Fst",0.00779168383358841,0,0.0183974371365113,0.0363284526805461
"4674001","4684000",4679000.5,"Fst",0.0154455835349333,0,0.018772987068589,0.0269328098990658
"4675001","4685000",4680000.5,"Fst",0.0149883531966096,0,0.019289220828379,0.0281038713195202
"4676001","4686000",4681000.5,"Fst",0.0144654993948997,0,0.0182310308821598,0.0267407123707393
"4677001","4687000",4682000.5,"Fst",0.0126452853593462,0,0.0198864964797734,0.0313239224543573
"4678001","4688000",4683000.5,"Fst",0.0124640387240154,0,0.0203072782830022,0.0329646611937896
"4679001","4689000",4684000.5,"Fst",0.0128843061205184,0,0.0195923032269233,0.0319040888354732
"4680001","4690000",4685000.5,"Fst",0.0125513125058813,0,0.0200211954171609,0.0360166411103848
"4681001","4691000",4686000.5,"Fst",0.0120713465830063,0,0.0193075148682947,0.0346750363853692
"4682001","4692000",4687000.5,"Fst",0.0087098896726906,0,0.0180846646029929,0.0367848038825432
"4683001","4693000",4688000.5,"Fst",0.00788923761877236,0,0.0189294440746844,0.0383766481044131
"4684001","4694000",4689000.5,"Fst",0,0,0.0202172526404134,0.0450098402346882
"4685001","4695000",4690000.5,"Fst",0,0,0.0231012105782724,0.0496736719688352
"4686001","4696000",4691000.5,"Fst",0,0,0.0255717717442558,0.0569504903046387
"4687001","4697000",4692000.5,"Fst",0,0,0.024251728544886,0.0543839712729607
"4688001","4698000",4693000.5,"Fst",0,0,0.0242069606351908,0.0522739806663066
"4689001","4699000",4694000.5,"Fst",0,0,0.023511811503031,0.0491710373952727
"4690001","4700000",4695000.5,"Fst",0,0,0.0217195583571809,0.0458657790562582
"4691001","4701000",4696000.5,"Fst",0,0,0.0217496895778515,0.0439540607054962
"4692001","4702000",4697000.5,"Fst",0.00285791975696426,0,0.0193872504155589,0.035156347796633
"4693001","4703000",4698000.5,"Fst",0.00621127811168376,0,0.0199954524019686,0.0346588760955491
"4694001","4704000",4699000.5,"Fst",0.00440234428240427,0,0.0202647244198163,0.03584579238973
"4695001","4705000",4700000.5,"Fst",0.00429917216384035,0,0.0198001161270146,0.035049562798153
"4696001","4706000",4701000.5,"Fst",0.00463844047032191,0,0.0200734753523982,0.0351375209349851
"4697001","4707000",4702000.5,"Fst",0.00929844843713334,0,0.0178114815032028,0.0340476811648216
"4698001","4708000",4703000.5,"Fst",0.0125223114481425,0,0.01303850013516,0.0304483837330553
"4699001","4709000",4704000.5,"Fst",0.00934792773274717,0,0.021890921339788,0.0509201079171463
"4700001","4710000",4705000.5,"Fst",0.00205020203165251,0,0.0246127238860867,0.0532758240686405
"4701001","4711000",4706000.5,"Fst",0.00659641959772228,0,0.0261168109424452,0.0528961652047754
"4702001","4712000",4707000.5,"Fst",0.00572309992958009,0,0.0274104968686555,0.0540211659721966
"4703001","4713000",4708000.5,"Fst",0.00232354601919815,0,0.0279421455474891,0.056136554874384
"4704001","4714000",4709000.5,"Fst",0.00235295799412483,0,0.0282790041299227,0.0567282445173288
"4705001","4715000",4710000.5,"Fst",0.00278666993718735,0,0.0256896063318298,0.0499142802859558
"4706001","4716000",4711000.5,"Fst",0.00413409878082327,0,0.0252962294033141,0.047273063687712
"4707001","4717000",4712000.5,"Fst",0.00572683355292058,0,0.0242193187170689,0.0453745895663563
"4708001","4718000",4713000.5,"Fst",0.00622748854309341,0,0.022183722060505,0.0608395989974937
"4709001","4719000",4714000.5,"Fst",0.00882663563323249,0,0.0205412590126605,0.073700169002883
"4710001","4720000",4715000.5,"Fst",0.00998533471359553,0,0.0288426355016331,0.0802848622872027
"4711001","4721000",4716000.5,"Fst",0.00844618123593366,0,0.0326312544459934,0.0921874707348794
"4712001","4722000",4717000.5,"Fst",0.00858686217333426,0,0.0310954156443008,0.0830304769742719
"4713001","4723000",4718000.5,"Fst",0.00729377889330007,0,0.0311098078141556,0.0816328695654116
"4714001","4724000",4719000.5,"Fst",0.00729377889330007,0,0.0311098078141556,0.0816328695654116
"4715001","4725000",4720000.5,"Fst",0.00754645420139954,0,0.0335205475778119,0.0908737059811708
"4716001","4726000",4721000.5,"Fst",0.00814323175773002,0,0.0334202482989189,0.0915884697916737
"4717001","4727000",4722000.5,"Fst",0.00737174552309683,0,0.0334686882108155,0.0901762930406769
