"start","end","position","variable","value","Q1Fst","Q3Fst","maxFst"
"1","10000",5000.5,"Fst",0.0608877529758373,0,0.0346833728238038,0.0809568995913965
"1001","11000",6000.5,"Fst",0.0517166473499017,0,0.0352778211840021,0.0766172474615056
"2001","12000",7000.5,"Fst",0.107022904193298,0,0.0318137108973864,0.0637767440112538
"3001","13000",8000.5,"Fst",0.0927234024477158,0,0.0328618036713459,0.0688968998303471
"4001","14000",9000.5,"Fst",0.0927234024477158,0,0.0328618036713459,0.0688968998303471
"5001","15000",10000.5,"Fst",0.0916426129596114,0,0.032719671706894,0.0677820980733602
"6001","16000",11000.5,"Fst",0.0910496444149078,0,0.0322588345369255,0.0666996286285626
"7001","17000",12000.5,"Fst",0.117750822003021,0,0.0363557108936997,0.0680740163993133
"8001","18000",13000.5,"Fst",0.117750822003021,0,0.0363557108936997,0.0680740163993133
"9001","19000",14000.5,"Fst",0.119681163347333,0,0.0369826332655637,0.0692241184873318
"10001","20000",15000.5,"Fst",0.130923003553462,0,0.0418009371981407,0.077047753770523
"11001","21000",16000.5,"Fst",0.125535222573336,0,0.0393392723039247,0.0721223003107524
"12001","22000",17000.5,"Fst",0.0115495728071793,0,0.0460912984746101,0.0919998159083224
"13001","23000",18000.5,"Fst",0.00669344042838005,0,0.043552744690116,0.0876500067090995
"14001","24000",19000.5,"Fst",0.0108902983321588,0,0.0378378254169208,0.0934011027902856
"15001","25000",20000.5,"Fst",0.00926634318331576,0,0.0399161461189766,0.101984169434187
"16001","26000",21000.5,"Fst",0.0067115328037658,0,0.0430755211164617,0.109235101569269
"17001","27000",22000.5,"Fst",0.0104690293816808,0,0.0373437316714011,0.0920993281230192
"18001","28000",23000.5,"Fst",0.0179346224876223,0,0.0359295323949234,0.0857592749059068
"19001","29000",24000.5,"Fst",0.0190765109660136,0,0.0336609745161475,0.0801411588178014
"20001","30000",25000.5,"Fst",0.0186721202944435,0,0.0328588928985027,0.07825587361243
"21001","31000",26000.5,"Fst",0.0628345087431167,0,0.0221493761155504,0.0516482364233231
"22001","32000",27000.5,"Fst",0.0628345087431167,0,0.0221493761155504,0.0516482364233231
"23001","33000",28000.5,"Fst",0.0539296135678473,0,0.0255511015459462,0.0550657012603916
"24001","34000",29000.5,"Fst",0.0555601046691706,0,0.0270077626537002,0.0614760717464471
"25001","35000",30000.5,"Fst",0.054077822369569,0,0.0260758153848541,0.0606095218316806
"26001","36000",31000.5,"Fst",0.0612519579973313,0,0.0327451608427188,0.0888361447825717
"27001","37000",32000.5,"Fst",0.0614365087863321,0,0.033245963582291,0.0918884165579282
"28001","38000",33000.5,"Fst",0.0594710970070312,0,0.0344628463040335,0.0956089414545698
"29001","39000",34000.5,"Fst",0.0710047145451214,0,0.0335770277060684,0.098197425227087
"30001","40000",35000.5,"Fst",0.0707980326828496,0,0.0331410003182006,0.0958768336196644
"31001","41000",36000.5,"Fst",0.0631901796269067,0,0.0374534393681302,0.109322859058883
"32001","42000",37000.5,"Fst",0.0703450944414801,0,0.0325118872437441,0.0945591692302876
"33001","43000",38000.5,"Fst",0.0760942760942762,0,0.0349339922299458,0.0986712736468555
"34001","44000",39000.5,"Fst",0.077436170328298,0,0.0353871816923606,0.0992396038670698
"35001","45000",40000.5,"Fst",0.0781136691276046,0,0.0355556395203156,0.100121393677035
"36001","46000",41000.5,"Fst",0.0773271545423445,0,0.025127500392162,0.0557435537397711
"37001","47000",42000.5,"Fst",0.0829940526762957,0,0.0273939601924072,0.0608386661166814
"38001","48000",43000.5,"Fst",0.0807746374055269,0,0.0266122840733785,0.0590262601014364
"39001","49000",44000.5,"Fst",0.0432904599410855,0,0.0372798673337007,0.093311685490774
"40001","50000",45000.5,"Fst",0.0434285480522404,0,0.0381931814828378,0.0951405121617888
"41001","51000",46000.5,"Fst",0.0441377383251252,0,0.0370858962511477,0.0929001575990033
"42001","52000",47000.5,"Fst",0.0242424242424243,0,0.0448667449733185,0.115409609670826
"43001","53000",48000.5,"Fst",0.0437733916881027,0,0.044293893037226,0.0870735504734396
"44001","54000",49000.5,"Fst",0.0334030037277253,0,0.0493479313821224,0.104537646340056
"45001","55000",50000.5,"Fst",0.0498768130530232,0,0.0471705491535511,0.097407483411998
"46001","56000",51000.5,"Fst",0.0421359308934349,0,0.0520258370780407,0.101318784896678
"47001","57000",52000.5,"Fst",0.0403893171620171,0,0.0485138999719552,0.095232346705498
"48001","58000",53000.5,"Fst",0.0373133642247719,0,0.0498279524220592,0.102616364744335
"49001","59000",54000.5,"Fst",0.0424758393191529,0,0.0469356669495589,0.106778993252022
"50001","60000",55000.5,"Fst",0.0417498523287533,0,0.0480684929216785,0.107566037735849
"51001","61000",56000.5,"Fst",0.0452347886237263,0,0.0463273327409604,0.0951517731594358
"52001","62000",57000.5,"Fst",0.0468436158421783,0,0.0449411218180253,0.100269079869253
"53001","63000",58000.5,"Fst",0.038044620661443,0,0.0454900341403666,0.110645113880588
"54001","64000",59000.5,"Fst",0.0612564823492658,0,0.0413297325874326,0.0944858782875828
"55001","65000",60000.5,"Fst",0.0468729626771258,0,0.0461630067195861,0.106861274341708
"56001","66000",61000.5,"Fst",0.0610664121096413,0,0.0387295523364596,0.0967703477188898
"57001","67000",62000.5,"Fst",0.0655417575125605,0,0.0426038236572779,0.106010220782257
"58001","68000",63000.5,"Fst",0.0607867815535545,0,0.0466935650111133,0.119630162597833
"59001","69000",64000.5,"Fst",0.0890736306539799,0,0.0400174873075126,0.0874135926473062
"60001","70000",65000.5,"Fst",0.0868545011484603,0,0.038898281577534,0.0853075467286627
"61001","71000",66000.5,"Fst",0.0891309903293925,0,0.0406956309993449,0.0965179913801745
"62001","72000",67000.5,"Fst",0.0981764699832354,0,0.0334879290369315,0.0779543883897721
"63001","73000",68000.5,"Fst",0.0963608011502866,0,0.0329890301835394,0.0764875830061184
"64001","74000",69000.5,"Fst",0.0867702960897642,0,0.0321013959181705,0.0742468889267709
"65001","75000",70000.5,"Fst",0.0837674572632493,0,0.0300419925335399,0.071324569335281
"66001","76000",71000.5,"Fst",0.089436545327784,0,0.0344967927911079,0.0864696170847312
"67001","77000",72000.5,"Fst",0.0890557437333306,0,0.0345046841708652,0.086183597390494
"68001","78000",73000.5,"Fst",0.0905673744087678,0,0.0328250330253659,0.10737752956183
"69001","79000",74000.5,"Fst",0.0554736449817157,0,0.0290442923325369,0.111494526415993
"70001","80000",75000.5,"Fst",0.0570437287247971,0,0.0300585392693666,0.113915151515152
"71001","81000",76000.5,"Fst",0.0546075277918855,0,0.0278078164734292,0.0897140529660432
"72001","82000",77000.5,"Fst",0.0354965378945089,0,0.0349431958918931,0.110144753758735
"73001","83000",78000.5,"Fst",0.0363860348838889,0,0.0359662350787369,0.113308721385163
"74001","84000",79000.5,"Fst",0.0365998393819477,0,0.0361786503931857,0.11403514249536
"75001","85000",80000.5,"Fst",0.0370796700806673,0,0.0376939429227201,0.117777417670466
"76001","86000",81000.5,"Fst",0.0225196123673284,0,0.0369945600020593,0.10702822492268
"77001","87000",82000.5,"Fst",0.0204739310589834,0,0.0389449198988006,0.124077391845987
"78001","88000",83000.5,"Fst",0.0249364813781991,0,0.0355752101194186,0.103341467844986
"79001","89000",84000.5,"Fst",0.0250279498034093,0,0.0363346029028156,0.104914545294593
"80001","90000",85000.5,"Fst",0.0236666585228801,0,0.0351130178166283,0.101417512739721
"81001","91000",86000.5,"Fst",0.0118762088974854,0,0.0392562082842872,0.127961507406858
"82001","92000",87000.5,"Fst",0.0330840714840714,0,0.038305020112987,0.089251754213391
"83001","93000",88000.5,"Fst",0.0376619499671622,0,0.0357495750223263,0.0852600530817491
"84001","94000",89000.5,"Fst",0.0376147883124628,0,0.0357495750223263,0.0852600530817491
"85001","95000",90000.5,"Fst",0.0371745036572622,0,0.0341399588031123,0.0820313535897514
"86001","96000",91000.5,"Fst",0.0376097518520225,0,0.0344835981463736,0.08029325189676
"87001","97000",92000.5,"Fst",0.0492461857903763,0,0.0332721721963294,0.0793391116726888
"88001","98000",93000.5,"Fst",0.0492461857903763,0,0.0332721721963294,0.0793391116726888
"89001","99000",94000.5,"Fst",0.0664653653977498,0,0.029711447431431,0.0728943872367797
"90001","1e+05",95000.5,"Fst",0.0710203618196957,0,0.0315977042919045,0.0756558283565582
"91001","101000",96000.5,"Fst",0.0711239979532662,0,0.031276263183213,0.0756558283565582
"92001","102000",97000.5,"Fst",0.0706171609971677,0,0.030164612459566,0.067253506727191
"93001","103000",98000.5,"Fst",0.0666797162644595,0,0.0358584723954175,0.0918604972757696
"94001","104000",99000.5,"Fst",0.0689051994837119,0,0.0372097732662602,0.0946834288320648
"95001","105000",100000.5,"Fst",0.0666079305715382,0,0.0269064438506392,0.0720574539723478
"96001","106000",101000.5,"Fst",0.0663347085882298,0,0.0277107989733835,0.0731349368120668
"97001","107000",102000.5,"Fst",0.0499323998299248,0,0.0312202041972524,0.0900544736927943
"98001","108000",103000.5,"Fst",0.0499323998299248,0,0.0311745202475288,0.0900544736927943
"99001","109000",104000.5,"Fst",0.0427665415624132,0,0.0300400423454976,0.0964718001545195
"100001","110000",105000.5,"Fst",0.0428118342366935,0,0.0299607508120685,0.0974035233268087
"101001","111000",106000.5,"Fst",0.0429073406824989,0,0.0307178773423315,0.0998556157524537
"102001","112000",107000.5,"Fst",0.0428631323538595,0,0.0306875853279255,0.0998556157524537
"103001","113000",108000.5,"Fst",0.0402983242281014,0,0.033617544935045,0.0974085649720926
"104001","114000",109000.5,"Fst",0.0402983242281014,0,0.033617544935045,0.0974085649720926
"105001","115000",110000.5,"Fst",0.0301965056692088,0,0.0423011593747189,0.12977612229853
"106001","116000",111000.5,"Fst",0.0285535106973155,0,0.0421874417338621,0.127706281963209
"107001","117000",112000.5,"Fst",0.0501156515034697,0,0.0424027220571142,0.113578088578088
"108001","118000",113000.5,"Fst",0.0435317732819186,0,0.0340196715269764,0.0962066830647726
"109001","119000",114000.5,"Fst",0.0290777517371819,0,0.0359399209593084,0.0904181327223632
"110001","120000",115000.5,"Fst",0.0116335924645443,0,0.0393729188323191,0.0892297373399902
"111001","121000",116000.5,"Fst",0.0116515218232522,0,0.0393135112538501,0.0893603538521983
"112001","122000",117000.5,"Fst",0.019826745956128,0,0.0337428475002298,0.0736434230135697
"113001","123000",118000.5,"Fst",0.0215095278264443,0,0.0333212344217623,0.0722535465101313
"114001","124000",119000.5,"Fst",0.0512983634471668,0,0.0279822368243825,0.0683110171482263
"115001","125000",120000.5,"Fst",0.050927404207363,0,0.0278078009354626,0.0678882791032325
"116001","126000",121000.5,"Fst",0.0508400627953269,0,0.0283394014209069,0.0684274306073221
"117001","127000",122000.5,"Fst",0.0465206042165438,0,0.0317480073816286,0.0825514837110809
"118001","128000",123000.5,"Fst",0.0490562329339258,0,0.0335077936912546,0.0887586628618019
"119001","129000",124000.5,"Fst",0.0474418160516816,0,0.0350124212899794,0.0915192666538954
"120001","130000",125000.5,"Fst",0.0654109522982853,0,0.0323426361310487,0.0698509190910407
"121001","131000",126000.5,"Fst",0.0653897726872698,0,0.0368648597242914,0.077583235111466
"122001","132000",127000.5,"Fst",0.066396193338342,0,0.0385653173294953,0.0867683613418599
"123001","133000",128000.5,"Fst",0.0646203260218372,0,0.0390815034318165,0.0897379743099886
"124001","134000",129000.5,"Fst",0.049704780235618,0,0.0350267931751483,0.101166216928755
"125001","135000",130000.5,"Fst",0.0499911157662417,0,0.0352303428947611,0.101749427567834
"126001","136000",131000.5,"Fst",0.0497162116995125,0,0.0349218011643046,0.101402006071827
"127001","137000",132000.5,"Fst",0.0573054488547446,0,0.0338224832047939,0.0939434910729763
"128001","138000",133000.5,"Fst",0.0642474511836876,0,0.0338874021922243,0.097452981427175
"129001","139000",134000.5,"Fst",0.0596989633173844,0,0.031236277680383,0.096727631343016
"130001","140000",135000.5,"Fst",0.0623690773655734,0,0.0310604532243658,0.0975197620780028
"131001","141000",136000.5,"Fst",0.0659248737373737,0,0.0300013736498511,0.103841827680156
"132001","142000",137000.5,"Fst",0.0675148789971338,0,0.028825049142369,0.0969379559762038
"133001","143000",138000.5,"Fst",0.0686283489809937,0,0.0297274641560494,0.0948846432398774
"134001","144000",139000.5,"Fst",0.0868164284093488,0,0.0271275523105937,0.0739140894389351
"135001","145000",140000.5,"Fst",0.0852908648529086,0,0.0262040409855196,0.0719043275565014
"136001","146000",141000.5,"Fst",0.088600384616354,0,0.028351065427501,0.0909332347459991
"137001","147000",142000.5,"Fst",0.0915571904011211,0,0.0257186992017579,0.0887553893622673
"138001","148000",143000.5,"Fst",0.0877602844083291,0,0.02283551202111,0.0808855364035413
"139001","149000",144000.5,"Fst",0.0984890892127998,0,0.02524873332168,0.0788422085451789
"140001","150000",145000.5,"Fst",0.116583805526061,0,0.02731445391266,0.0778066762098697
"141001","151000",146000.5,"Fst",0.114612610371844,0,0.0254249379865932,0.0806734807924576
"142001","152000",147000.5,"Fst",0.119112573825689,0,0.027369174632514,0.0836314590996671
"143001","153000",148000.5,"Fst",0.108764086623943,0,0.0265788133850066,0.0845531779564761
"144001","154000",149000.5,"Fst",0.0835844541072572,0,0.0301076289225351,0.094974482539364
"145001","155000",150000.5,"Fst",0.0847863601849934,0,0.0309377147452684,0.0974508715291343
"146001","156000",151000.5,"Fst",0.0712624483384422,0,0.0337252760808411,0.0739057665584141
"147001","157000",152000.5,"Fst",0.0678843487218972,0,0.0317685532529775,0.068445408376907
"148001","158000",153000.5,"Fst",0.0815933161684862,0,0.0321694822817455,0.0662000348883574
"149001","159000",154000.5,"Fst",0.0822784731069974,0,0.0320311555645842,0.0666799894686423
"150001","160000",155000.5,"Fst",0.0442267774560091,0,0.0346441947186988,0.0708238160499467
"151001","161000",156000.5,"Fst",0.0515789035294268,0,0.0366126625193619,0.0727341519623018
"152001","162000",157000.5,"Fst",0.0529739152420017,0,0.0383031526885524,0.0757780354179454
"153001","163000",158000.5,"Fst",0.0563910655336627,0,0.0333539532484607,0.0656857867178431
"154001","164000",159000.5,"Fst",0.0607831820835324,0,0.0267954851398577,0.0519116150603286
"155001","165000",160000.5,"Fst",0.0603353651642747,0,0.0260467917233971,0.0504112370524585
"156001","166000",161000.5,"Fst",0.0685085732772565,0,0.0238449596727325,0.0504441151972166
"157001","167000",162000.5,"Fst",0.0674742408698866,0,0.0239293640726217,0.0495095473593887
"158001","168000",163000.5,"Fst",0.0496425287496,0,0.0252450389124302,0.0575580975316075
"159001","169000",164000.5,"Fst",0.0424788166020392,0,0.0264974903944815,0.0610628443390193
"160001","170000",165000.5,"Fst",0.0553151423739658,0,0.0233815966455685,0.0514612347845158
"161001","171000",166000.5,"Fst",0.0194277780076596,0,0.0230981140570086,0.0412428073265997
"162001","172000",167000.5,"Fst",0.0218487816501336,0,0.0207336050438807,0.0389087602756167
"163001","173000",168000.5,"Fst",0.0235543630341993,0,0.0218724247296498,0.0431527306101697
"164001","174000",169000.5,"Fst",0.0321868659375462,0,0.0239316741678863,0.0532632788105292
"165001","175000",170000.5,"Fst",0.0318954916785371,0,0.024107370210225,0.053564243855506
"166001","176000",171000.5,"Fst",0.0296982894139293,0,0.0231548660646471,0.0506477752807279
"167001","177000",172000.5,"Fst",0.0405207391435396,0,0.0238788391940168,0.0474413409530803
"168001","178000",173000.5,"Fst",0.0405754831628053,0,0.0242275433033217,0.0480666883892689
"169001","179000",174000.5,"Fst",0.0405085204632203,0,0.0226136106838507,0.0522572114735962
"170001","180000",175000.5,"Fst",0.035886021654958,0,0.0217585682610271,0.0445351492250804
"171001","181000",176000.5,"Fst",0.02732314884381,0,0.0239752089516233,0.0422730241145501
"172001","182000",177000.5,"Fst",0.0257411333375314,0,0.0244513788202223,0.0444886665667125
"173001","183000",178000.5,"Fst",0.0258265672054739,0,0.025015974908072,0.0448439936104275
"174001","184000",179000.5,"Fst",0.0145339777969057,0,0.0270018693262841,0.0529892601535553
"175001","185000",180000.5,"Fst",0.0122347796239558,0,0.027397653942875,0.0507953596117044
"176001","186000",181000.5,"Fst",0.0166211188304632,0,0.0243663754390063,0.0514040183143977
"177001","187000",182000.5,"Fst",0.00203957623312467,0,0.0290804285979838,0.0598172785505003
"178001","188000",183000.5,"Fst",0.00114967000212907,0,0.0280438345696268,0.0529132886734127
"179001","189000",184000.5,"Fst",0.0019251336898396,0,0.0303131101375735,0.0619171176514197
"180001","190000",185000.5,"Fst",0.00270783069030944,0,0.0298626074727346,0.0820579091283665
"181001","191000",186000.5,"Fst",0.013903017972194,0,0.0274521970061542,0.0756617372132901
"182001","192000",187000.5,"Fst",0.0130180457228104,0,0.0284331022666178,0.0765636620079497
"183001","193000",188000.5,"Fst",0.0130049415640442,0,0.0284324732291326,0.0765636620079497
"184001","194000",189000.5,"Fst",0.0132890393747737,0,0.0272993077927646,0.0749265647360097
"185001","195000",190000.5,"Fst",0.00871119052937241,0,0.0264244167782772,0.0692257354580917
"186001","196000",191000.5,"Fst",0.0157699772103176,0,0.0266266838565931,0.0695257279759705
"187001","197000",192000.5,"Fst",0.0187587106722418,0,0.0300703235430701,0.0651557075268885
"188001","198000",193000.5,"Fst",0.0200889747368361,0,0.028166634325322,0.0784549983901687
"189001","199000",194000.5,"Fst",0.0200238647837091,0,0.0284888649375763,0.0796825813559017
"190001","2e+05",195000.5,"Fst",0.0204689846367102,0,0.0263255627184656,0.0950310559006209
"191001","201000",196000.5,"Fst",0.0119682029046322,0,0.0264666173293861,0.0960228049037996
"192001","202000",197000.5,"Fst",0.0132516858853686,0,0.0263372332539215,0.100274474232345
"193001","203000",198000.5,"Fst",0.00646950110408939,0,0.0356311205050854,0.107315914662886
"194001","204000",199000.5,"Fst",0.00539551655212955,0,0.0341871880022938,0.104095784095784
"195001","205000",200000.5,"Fst",0.00716082952554031,0,0.0334921015116864,0.102827610313869
"196001","206000",201000.5,"Fst",0.00372294391802264,0,0.0335350215374377,0.103192779631384
"197001","207000",202000.5,"Fst",0.000671521256506047,0,0.0334760542937916,0.101167948021127
"198001","208000",203000.5,"Fst",0.000493529220673805,0,0.032747545820807,0.0957579171040167
"199001","209000",204000.5,"Fst",0.000523798908120154,0,0.0334554993632825,0.0919326072129091
"200001","210000",205000.5,"Fst",0,0,0.0323334046661997,0.0891689887379542
"201001","211000",206000.5,"Fst",0.000610068377525752,0,0.0330825649439032,0.0909931182014488
"202001","212000",207000.5,"Fst",0,0,0.0357002422920595,0.0837593586687596
"203001","213000",208000.5,"Fst",0.0100155282735308,0,0.0251707731802811,0.0673475704116374
"204001","214000",209000.5,"Fst",0.0175406433088892,0,0.0208257097721814,0.064140694354471
"205001","215000",210000.5,"Fst",0.0164222538041469,0,0.0211159502520626,0.0687515726661634
"206001","216000",211000.5,"Fst",0.0205424739195231,0,0.0201130085977907,0.0499245675640525
"207001","217000",212000.5,"Fst",0.0171146953405018,0,0.0208006672099083,0.0450134616486223
"208001","218000",213000.5,"Fst",0.0179766382894477,0,0.0216677653985516,0.0467149578780204
"209001","219000",214000.5,"Fst",0.0172740167633786,0,0.0214328079280868,0.0523258298455312
"210001","220000",215000.5,"Fst",0.0185678440455511,0,0.0232239406671044,0.0567551622418877
"211001","221000",216000.5,"Fst",0.0179059036201894,0,0.0230448800669381,0.0556712227166772
"212001","222000",217000.5,"Fst",0.0100835623352586,0,0.027576263160213,0.065778659233848
"213001","223000",218000.5,"Fst",0.00887606411189912,0,0.026939513488748,0.0612472502174246
"214001","224000",219000.5,"Fst",0.0026711234258403,0,0.0247335292426725,0.0554985009603917
"215001","225000",220000.5,"Fst",0.00210404957486654,0,0.0238396958036693,0.0492541480694391
"216001","226000",221000.5,"Fst",0,0,0.0226589357753543,0.0509148895697329
"217001","227000",222000.5,"Fst",0.00588023088023093,0,0.0103711016713848,0.0190896285862554
"218001","228000",223000.5,"Fst",0.00142649903288194,0,0.0311928898372883,0.0827258789036233
"219001","229000",224000.5,"Fst",0.000890975636807179,0,0.0328007659669381,0.0860275563457017
"220001","230000",225000.5,"Fst",0.00133316488289692,0,0.0317460585569933,0.0837900397474866
"221001","231000",226000.5,"Fst",0.0013615473469486,0,0.0324111817377646,0.0855168217246182
"222001","232000",227000.5,"Fst",0.00678669601690918,0,0.0282970748765438,0.0758595611099155
"223001","233000",228000.5,"Fst",0.0208236469676576,0,0.027449819372863,0.0713745089323258
"224001","234000",229000.5,"Fst",0.0221469055824883,0,0.0244656328142763,0.0669921190154301
"225001","235000",230000.5,"Fst",0.0226825810582155,0,0.0247630120692845,0.0639740940418604
"226001","236000",231000.5,"Fst",0.0225182366000635,0,0.0248423484078251,0.064022317076168
"227001","237000",232000.5,"Fst",0.0236461982912289,0,0.0269581730914647,0.0684939680277833
"228001","238000",233000.5,"Fst",0.0419772337439577,0,0.0204468294829457,0.0750255389205061
"229001","239000",234000.5,"Fst",0.044484241412455,0,0.0187833902568939,0.0589705219483039
"230001","240000",235000.5,"Fst",0.0445362871570461,0,0.018351036001123,0.0596157221166477
"231001","241000",236000.5,"Fst",0.0554286225082685,0,0.0218647312837133,0.0633375777675863
"232001","242000",237000.5,"Fst",0.0777701742380374,0,0.0295973023638573,0.0729975534279265
"233001","243000",238000.5,"Fst",0.0714033539276259,0,0.0312547224046457,0.0768922291338591
"234001","244000",239000.5,"Fst",0.0716404142895817,0,0.0324804828716071,0.079591284431586
"235001","245000",240000.5,"Fst",0.0783363875388414,0,0.0332885436530637,0.0777125215613469
"236001","246000",241000.5,"Fst",0.0847001438065996,0,0.0325835103636293,0.074787763347999
"237001","247000",242000.5,"Fst",0.0833099908738514,0,0.0335183010931762,0.0810790273556231
"238001","248000",243000.5,"Fst",0.0852114929289052,0,0.0346489335784433,0.0785462397130968
"239001","249000",244000.5,"Fst",0.0921320296146444,0,0.0380919570212677,0.0943225526245081
"240001","250000",245000.5,"Fst",0.0930697297066484,0,0.0383017327315051,0.0953360722108414
"241001","251000",246000.5,"Fst",0.0891604285053326,0,0.0352974514019595,0.0909115737464775
"242001","252000",247000.5,"Fst",0.0671444877131732,0,0.0327201307285235,0.076803577595542
"243001","253000",248000.5,"Fst",0.0644428152492669,0,0.0321142744398805,0.080966053505257
"244001","254000",249000.5,"Fst",0.0629293122318156,0,0.0318799882613878,0.0786387420021929
"245001","255000",250000.5,"Fst",0.0660930892702983,0,0.0281608724515098,0.0749274792839227
"246001","256000",251000.5,"Fst",0.049460048455629,0,0.0258253025409859,0.0567316705962559
"247001","257000",252000.5,"Fst",0.0434979506819863,0,0.0228358905254641,0.0455316453953437
"248001","258000",253000.5,"Fst",0.0304106742768453,0,0.029944485457108,0.0543943837198969
"249001","259000",254000.5,"Fst",0.0307215699663017,0,0.0304750872228077,0.0550400143871955
"250001","260000",255000.5,"Fst",0.0340640183969437,0,0.0277983327723163,0.052120995554978
"251001","261000",256000.5,"Fst",0.0305214305214306,0,0.0269544615669798,0.0495659618524269
"252001","262000",257000.5,"Fst",0.0307094474153298,0,0.0280257478532423,0.0520506434205064
"253001","263000",258000.5,"Fst",0.0263418191227235,0,0.0307067579375277,0.0433817032083271
"254001","264000",259000.5,"Fst",0.0296319055364781,0,0.0286777216018203,0.0401591734953956
"255001","265000",260000.5,"Fst",0.0172626631063951,0,0.0298701116122046,0.0439594348998228
"256001","266000",261000.5,"Fst",0.0193673283467588,0,0.0269070566325917,0.0410639072923069
"257001","267000",262000.5,"Fst",0.0206932427271411,0,0.0254145689085715,0.0404580296438593
"258001","268000",263000.5,"Fst",0.0232114584483964,0,0.0196744262427621,0.0328020657109787
"259001","269000",264000.5,"Fst",0.0513874657796975,0,0.0237491293969627,0.055298318359825
"260001","270000",265000.5,"Fst",0.0311464235854479,0,0.0303199888905823,0.0819492132800544
"261001","271000",266000.5,"Fst",0.0341816457605931,0,0.032043503655007,0.0845911687097097
"262001","272000",267000.5,"Fst",0.0341816457605931,0,0.032043503655007,0.0845911687097097
"263001","273000",268000.5,"Fst",0.0342174081981027,0,0.0331890188948534,0.0862460949224481
"264001","274000",269000.5,"Fst",0.0278896456420886,0,0.0293926458997116,0.0771870794078062
"265001","275000",270000.5,"Fst",0.0211570247933885,0,0.0317759685006026,0.0751716751716752
"266001","276000",271000.5,"Fst",0.0204670066331812,0,0.0326601935865684,0.0766743266844381
"267001","277000",272000.5,"Fst",0.0207298374731677,0,0.0314334653798619,0.074216884644168
"268001","278000",273000.5,"Fst",0.0209779946439974,0,0.0325109792360618,0.0757648776925886
"269001","279000",274000.5,"Fst",0,0,0.0305931092330452,0.0754782122205904
"270001","280000",275000.5,"Fst",0.00293990488543028,0,0.0354841212023026,0.0947722319412817
"271001","281000",276000.5,"Fst",0.00198550898683003,0,0.036477060344184,0.0953351655351909
"272001","282000",277000.5,"Fst",0.00193191555659422,0,0.0354329717092351,0.0927599041780435
"273001","283000",278000.5,"Fst",0.00253435659468138,0,0.0363117784176873,0.0911372305861798
"274001","284000",279000.5,"Fst",0.00252292119686159,0,0.0246479493151325,0.0873833582192777
"275001","285000",280000.5,"Fst",0.0348289445116465,0,0.018851376588293,0.0475336141830107
"276001","286000",281000.5,"Fst",0.0348289445116465,0,0.018851376588293,0.0475336141830107
"277001","287000",282000.5,"Fst",0.0352046412665687,0,0.0194584229778454,0.047377524415631
"278001","288000",283000.5,"Fst",0.0335781384961713,0,0.0304044709636113,0.0745462454031398
"279001","289000",284000.5,"Fst",0.0333027062776586,0,0.0301093674820374,0.0738714733542319
"280001","290000",285000.5,"Fst",0.0363795580924177,0,0.0314415592817994,0.0819125376253529
"281001","291000",286000.5,"Fst",0.0343219960482075,0,0.0299588582883426,0.0809772831862109
"282001","292000",287000.5,"Fst",0.031987987624835,0,0.0310076070940365,0.0805611696621349
"283001","293000",288000.5,"Fst",0.0314322073861617,0,0.0294590697784368,0.0850811001632721
"284001","294000",289000.5,"Fst",0.0321911069263565,0,0.0316299361882108,0.0920808034993317
"285001","295000",290000.5,"Fst",0.0210391831103598,0,0.0346944580905884,0.092484094443659
"286001","296000",291000.5,"Fst",0.0206680983058936,0,0.0340977530332048,0.090900753175287
"287001","297000",292000.5,"Fst",0.0190290093343755,0,0.0325575737239129,0.0846862873337692
"288001","298000",293000.5,"Fst",0.0115701380706367,0,0.0226825270316474,0.0559161093221038
"289001","299000",294000.5,"Fst",0.010926245784718,0,0.0223891498948747,0.0555193367942372
"290001","3e+05",295000.5,"Fst",0,0,0.0271469945794859,0.0554221002059025
"291001","301000",296000.5,"Fst",0,0,0.0275069528951325,0.0597592145621708
"292001","302000",297000.5,"Fst",0,0,0.0399119539444969,0.0837234278418195
"293001","303000",298000.5,"Fst",0,0,0.0446470687144717,0.0963954025509978
"294001","304000",299000.5,"Fst",0,0,0.0428760402493051,0.0919196339607227
"295001","305000",300000.5,"Fst",0,0,0.0428760402493051,0.0918296245269673
"296001","306000",301000.5,"Fst",0,0,0.0406277724472823,0.0936038033391202
"297001","307000",302000.5,"Fst",0,0,0.039253493480765,0.0944805105439275
"298001","308000",303000.5,"Fst",0,0,0.0412762139003028,0.0990607572182547
"299001","309000",304000.5,"Fst",3.43134101095099e-05,0,0.0392492453369859,0.0926059452348776
"300001","310000",305000.5,"Fst",0.00476612390919118,0,0.0369541575135698,0.090171875443217
"301001","311000",306000.5,"Fst",0.0131672226855714,0,0.0351810122517789,0.0866268715253031
"302001","312000",307000.5,"Fst",0.019814102754192,0,0.0274602254338365,0.0742380166993767
"303001","313000",308000.5,"Fst",0.0250885527835792,0,0.0250220646336848,0.0600593191703896
"304001","314000",309000.5,"Fst",0.0264205779452065,0,0.025779208704259,0.0611843065671772
"305001","315000",310000.5,"Fst",0.0255938458339831,0,0.0265514362117782,0.0606003039513676
"306001","316000",311000.5,"Fst",0.0250769255553944,0,0.023716053290477,0.0545837085134232
"307001","317000",312000.5,"Fst",0.0276940737552016,0,0.0249374457646244,0.056814021629664
"308001","318000",313000.5,"Fst",0.0263586397437029,0,0.0241702143754809,0.0539809570816641
"309001","319000",314000.5,"Fst",0.0232396919295079,0,0.0243447298947029,0.0577035501290325
"310001","320000",315000.5,"Fst",0.0280763058927034,0,0.0171689542039496,0.040744674822675
"311001","321000",316000.5,"Fst",0.00558507255310603,0,0.0192639354798696,0.038988215153749
"312001","322000",317000.5,"Fst",0.00208831738436988,0,0.0251067313863394,0.05139803835456
"313001","323000",318000.5,"Fst",0,0,0.0275218534149298,0.0611862226425061
"314001","324000",319000.5,"Fst",0,0,0.0330358890416373,0.0742415626755443
"315001","325000",320000.5,"Fst",0.0100051526292335,0,0.0313855894275321,0.0740161242977192
"316001","326000",321000.5,"Fst",0.0100233361526938,0,0.0304604986309649,0.0726137282011209
"317001","327000",322000.5,"Fst",0.0099794991463471,0,0.0294499526289355,0.0707364869249237
"318001","328000",323000.5,"Fst",0.0119807944920052,0,0.0293858211561944,0.0691871841771768
"319001","329000",324000.5,"Fst",0.00669829566212676,0,0.0293463542624725,0.0604154881596182
"320001","330000",325000.5,"Fst",0.00654335431019748,0,0.0296902964322915,0.0601360871077612
"321001","331000",326000.5,"Fst",0.00514071768120805,0,0.0304267434598842,0.057580808080808
"322001","332000",327000.5,"Fst",0.00762316061438617,0,0.027735314258352,0.0500711375541616
"323001","333000",328000.5,"Fst",0.00868757895377681,0,0.0292330149995731,0.0607426018343019
"324001","334000",329000.5,"Fst",0.0121060169198568,0,0.031339642833211,0.0641348129880805
"325001","335000",330000.5,"Fst",0.00522334195567098,0,0.0316873301502412,0.0635429822345711
"326001","336000",331000.5,"Fst",0.00519526905811396,0,0.0326511259868146,0.0663601331231388
"327001","337000",332000.5,"Fst",0.00499514188196026,0,0.0334992221302665,0.0673650314710271
"328001","338000",333000.5,"Fst",0.00172609487097097,0,0.0340307621351326,0.0682669203043652
"329001","339000",334000.5,"Fst",0.00424998163134638,0,0.0295676539217229,0.0711244930814535
"330001","340000",335000.5,"Fst",0.000602029921401681,0,0.0293073283170606,0.0804335505222876
"331001","341000",336000.5,"Fst",0.0132491486456118,0,0.0251383257578428,0.0755222697332356
"332001","342000",337000.5,"Fst",0.0117205927366354,0,0.0259098918312943,0.076647762744867
"333001","343000",338000.5,"Fst",0.0165098530340495,0,0.0241997902000854,0.0594678007417522
"334001","344000",339000.5,"Fst",0.0165688883013005,0,0.024867802198954,0.0607005227621592
"335001","345000",340000.5,"Fst",0.00851767472624387,0,0.0269042747397341,0.0575912061794415
"336001","346000",341000.5,"Fst",0.00823244855502925,0,0.0270784844219389,0.058416563388496
"337001","347000",342000.5,"Fst",0.00851596175660352,0,0.0279178681442631,0.0603649923724504
"338001","348000",343000.5,"Fst",0.0101992826106796,0,0.0300261529050091,0.066021142279813
"339001","349000",344000.5,"Fst",0.0237914333955389,0,0.0289392752305041,0.069021673696906
"340001","350000",345000.5,"Fst",0.0719008264462809,0,0.02424297251456,0.0514404651777454
"341001","351000",346000.5,"Fst",0,0,0,0
"342001","352000",347000.5,"Fst",0,0,0,0
"343001","353000",348000.5,"Fst",0,0,0,0
"344001","354000",349000.5,"Fst",0,0,0,0
"345001","355000",350000.5,"Fst",0,0,0,0
"346001","356000",351000.5,"Fst",0,0,0,0
"347001","357000",352000.5,"Fst",0.0351044928332974,0,0.0399324571896064,0.0419737475218582
"348001","358000",353000.5,"Fst",0.0296559258743248,0,0.0248656698671463,0.0339394990461561
"349001","359000",354000.5,"Fst",0.0353976385749729,0,0.0228653384578709,0.0444176850566786
"350001","360000",355000.5,"Fst",0.0347010047060133,0,0.0221268110286695,0.043400475669661
"351001","361000",356000.5,"Fst",0.0324367589974381,0,0.0211900599935037,0.0348120192247211
"352001","362000",357000.5,"Fst",0.0312538657852163,0,0.0203357432942541,0.0333521855938905
"353001","363000",358000.5,"Fst",0.0347272189022139,0,0.0180589944349351,0.0264029588207562
"354001","364000",359000.5,"Fst",0.0325013009701071,0,0.0168119905752343,0.0268887889031474
"355001","365000",360000.5,"Fst",0.0321579996571529,0,0.0166076104437,0.0266075697786986
"356001","366000",361000.5,"Fst",0.0315744554914801,0,0.0170443021431228,0.0257780914031345
"357001","367000",362000.5,"Fst",0.0304422656688133,0,0.0179812287432211,0.0268165390350544
"358001","368000",363000.5,"Fst",0.0371497400786104,0,0.0191890033492337,0.0419975217127964
"359001","369000",364000.5,"Fst",0.0380645450069379,0,0.0273588762724208,0.0595763254919806
"360001","370000",365000.5,"Fst",0.0367657504725443,0,0.0261700680011811,0.0582287805860024
"361001","371000",366000.5,"Fst",0.0390612089948862,0,0.0313262977679181,0.0661840792449599
"362001","372000",367000.5,"Fst",0.053874380827506,0,0.0321374413086817,0.067191827598858
"363001","373000",368000.5,"Fst",0.0534683142851617,0,0.0318325788927156,0.0715339156980641
"364001","374000",369000.5,"Fst",0.0542356563432373,0,0.0316436769006249,0.0728078567190205
"365001","375000",370000.5,"Fst",0.0535907447186984,0,0.0300922194774523,0.0684784552118719
"366001","376000",371000.5,"Fst",0.0533119272192119,0,0.0301331817387139,0.0640139032737477
"367001","377000",372000.5,"Fst",0.0517137109856596,0,0.0291975648282648,0.0619738792899072
"368001","378000",373000.5,"Fst",0.047846155991577,0,0.0269242145792168,0.0673755716798178
"369001","379000",374000.5,"Fst",0.0479924242424242,0,0.0290889424872144,0.075137822285525
"370001","380000",375000.5,"Fst",0.0482608334026449,0,0.0295333687550463,0.0790307179169917
"371001","381000",376000.5,"Fst",0.0477665932683234,0,0.0285177369938821,0.0754967784541661
"372001","382000",377000.5,"Fst",0.0103398199244845,0,0.0225720140145559,0.0399863043336702
"373001","383000",378000.5,"Fst",0.00745454545454538,0,0.0239495701697829,0.0424142579002547
"374001","384000",379000.5,"Fst",0.00524102232287282,0,0.0255849948912753,0.0450070773024064
"375001","385000",380000.5,"Fst",0.00274442538593467,0,0.0270052389947975,0.0474319465844889
"376001","386000",381000.5,"Fst",0.00190152313439984,0,0.0289531603227114,0.0472208718198022
"377001","387000",382000.5,"Fst",0.0060265337847909,0,0.0259391572195762,0.0423629002576371
"378001","388000",383000.5,"Fst",0.00785574221197982,0,0.0265390719303094,0.0429802613288851
"379001","389000",384000.5,"Fst",0.00426566320999189,0,0.0265198659651701,0.0707336767367396
"380001","390000",385000.5,"Fst",0.0036345249222377,0,0.0266478956661419,0.0715089335159869
"381001","391000",386000.5,"Fst",0.00163749616861231,0,0.0269540890264664,0.0740146563675975
"382001","392000",387000.5,"Fst",0.00874756145142419,0,0.0224576699597958,0.0686723348593851
"383001","393000",388000.5,"Fst",0.0110606372173304,0,0.022234777429107,0.0676632092739476
"384001","394000",389000.5,"Fst",0.0103898911291908,0,0.0222110671667368,0.0766496170910222
"385001","395000",390000.5,"Fst",0.0114273306311522,0,0.0214603341112292,0.0748424084716751
"386001","396000",391000.5,"Fst",0.0182438940856647,0,0.0250008449696014,0.0634586006721662
"387001","397000",392000.5,"Fst",0.0410485416691675,0,0.0457900190680797,0.105815180762726
"388001","398000",393000.5,"Fst",0.0382063709613613,0,0.0463415835776702,0.105122414805789
"389001","399000",394000.5,"Fst",0.0412797280448312,0,0.0458942303848266,0.107999563461748
"390001","4e+05",395000.5,"Fst",0.0411759195859507,0,0.0446518430199474,0.105882382619115
"391001","401000",396000.5,"Fst",0.0411715767580232,0,0.0444569817241747,0.105710428203473
"392001","402000",397000.5,"Fst",0.0416008569240949,0,0.0446321485005684,0.105106003280045
"393001","403000",398000.5,"Fst",0.0390330450210689,0,0.0460470823287943,0.107233614927758
"394001","404000",399000.5,"Fst",0.0405444864989248,0,0.0469863373360854,0.106760823325702
"395001","405000",400000.5,"Fst",0.0404206213578732,0,0.0475689573111293,0.107999841056818
"396001","406000",401000.5,"Fst",0.0385366712256828,0,0.0479416003513075,0.111969972451791
"397001","407000",402000.5,"Fst",0.00754470346939362,0,0.0378424407203134,0.0826216190121515
"398001","408000",403000.5,"Fst",0.010462218917708,0,0.0479190082094533,0.122481887340925
"399001","409000",404000.5,"Fst",0.00813710206760743,0,0.0500513165414399,0.130930795727162
"400001","410000",405000.5,"Fst",0.00678652525846168,0,0.0520187111801803,0.13583093336025
"401001","411000",406000.5,"Fst",0.00429040672398795,0,0.0522117842029746,0.141567803127403
"402001","412000",407000.5,"Fst",0.00470867127720087,0,0.0527179078552428,0.14531285058478
"403001","413000",408000.5,"Fst",0.00634453178684413,0,0.0500959526601905,0.15174406811959
"404001","414000",409000.5,"Fst",0.00816719184066128,0,0.0493214243164977,0.149046411641495
"405001","415000",410000.5,"Fst",0.00730644058913332,0,0.0513783144843329,0.144839909588237
"406001","416000",411000.5,"Fst",0.00766640375844452,0,0.0506853871446709,0.140573994341939
"407001","417000",412000.5,"Fst",0.00634233718926147,0,0.0515893566019007,0.140233699947064
"408001","418000",413000.5,"Fst",0.00596884301825307,0,0.0563381953472465,0.126985267262898
"409001","419000",414000.5,"Fst",0.00795811288445925,0,0.0587752563934588,0.132534743808079
"410001","420000",415000.5,"Fst",0.00669356147550493,0,0.055785416712799,0.128581187002016
"411001","421000",416000.5,"Fst",0.00954413799671694,0,0.0542464673591232,0.133604155829113
"412001","422000",417000.5,"Fst",0.00795804608945516,0,0.0534080560454317,0.133260356664612
"413001","423000",418000.5,"Fst",0.00857919905133842,0,0.0510069405450634,0.120711820432033
"414001","424000",419000.5,"Fst",0.00964538858181685,0,0.0500833877429062,0.114901376645789
"415001","425000",420000.5,"Fst",0.0117217568743196,0,0.0448017367178383,0.0966818122021068
"416001","426000",421000.5,"Fst",0.0115019786002269,0,0.0411336173784641,0.0901095391042689
"417001","427000",422000.5,"Fst",0.0154378753625174,0,0.0440531056307243,0.0999194058489937
"418001","428000",423000.5,"Fst",0.0190858484864863,0,0.0387616760232344,0.0961930478180439
"419001","429000",424000.5,"Fst",0.0215321486298101,0,0.038877028549947,0.0992235009691299
"420001","430000",425000.5,"Fst",0.0330025267083074,0,0.0374151807875781,0.102073634615974
"421001","431000",426000.5,"Fst",0.0328099417559118,0,0.0371936235522038,0.101538924396722
"422001","432000",427000.5,"Fst",0.0321697965978256,0,0.0370235298737132,0.100880066360697
"423001","433000",428000.5,"Fst",0.035828588714652,0,0.0358019106420918,0.0989196862071428
"424001","434000",429000.5,"Fst",0.0371311887134465,0,0.0357201592370328,0.101691684664502
"425001","435000",430000.5,"Fst",0.0372679248591657,0,0.0358355274900923,0.102058686438965
"426001","436000",431000.5,"Fst",0.0544378327983532,0,0.0402591060065032,0.118298394666685
"427001","437000",432000.5,"Fst",0.0595119986977493,0,0.0341625008652785,0.0941371119751274
"428001","438000",433000.5,"Fst",0.0603135313531352,0,0.0305389109639456,0.0838973768391396
"429001","439000",434000.5,"Fst",0.0606168807016833,0,0.030510487965823,0.0876949578658224
"430001","440000",435000.5,"Fst",0.0493244641537325,0,0.0337323318610441,0.0835921445016147
"431001","441000",436000.5,"Fst",0.0507097048721924,0,0.0345661395204309,0.0859644383709659
"432001","442000",437000.5,"Fst",0.0565355042966983,0,0.0356276466814402,0.0943666376723776
"433001","443000",438000.5,"Fst",0.0615057794439238,0,0.022436401243579,0.0551209845640385
"434001","444000",439000.5,"Fst",0.0717803030303031,0,0.0254678502309909,0.0606008208115344
"435001","445000",440000.5,"Fst",0.07079701120797,0,0.0251583969485237,0.059758321595374
"436001","446000",441000.5,"Fst",0.0713012477718361,0,0.0245469369061941,0.0553929405977125
"437001","447000",442000.5,"Fst",0.0700263355130613,0,0.0262037665390711,0.054599629486958
"438001","448000",443000.5,"Fst",0.0762221653442541,0,0.0300238174242517,0.0617965524609032
"439001","449000",444000.5,"Fst",0.075600335852225,0,0.029881937358764,0.0605904151226213
"440001","450000",445000.5,"Fst",0.0541614123581337,0,0.0226726691846424,0.0674258508653413
"441001","451000",446000.5,"Fst",0.0601798855273917,0,0.0207170976072058,0.0693514585103372
"442001","452000",447000.5,"Fst",0.0576190669535913,0,0.0189736176209331,0.0543116348671905
"443001","453000",448000.5,"Fst",0.0571314102564103,0,0.0216801308507923,0.046712247826454
"444001","454000",449000.5,"Fst",0.0422053970102894,0,0.0272934584849395,0.0544978269929154
"445001","455000",450000.5,"Fst",0.0260269839217208,0,0.0258022940129787,0.0687926224334416
"446001","456000",451000.5,"Fst",0.0236594957205645,0,0.0280496458599496,0.0741247492113505
"447001","457000",452000.5,"Fst",0.024069967972407,0,0.0294836070445769,0.0811153145697104
"448001","458000",453000.5,"Fst",0.0228755420529198,0,0.0375335092093232,0.0778143875043005
"449001","459000",454000.5,"Fst",0.0227218420766807,0,0.0346070627206507,0.077407055998339
"450001","460000",455000.5,"Fst",0.0225850644032463,0,0.0343404415964273,0.0769658854108396
"451001","461000",456000.5,"Fst",0.0179618737746631,0,0.0356671060308568,0.0783889921654731
"452001","462000",457000.5,"Fst",0.0147504025764896,0,0.0352451394861005,0.0867989623439142
"453001","463000",458000.5,"Fst",0.012180502672707,0,0.0396108576472926,0.0952995443166768
"454001","464000",459000.5,"Fst",0.0123791903813653,0,0.0402065332747768,0.0967811037115909
"455001","465000",460000.5,"Fst",0.0192847371033549,0,0.0356091432013674,0.0846328143224041
"456001","466000",461000.5,"Fst",0.0193186258836904,0,0.0352546388952132,0.0824661712110207
"457001","467000",462000.5,"Fst",0.0120965940433369,0,0.035553705849878,0.0949038803142146
"458001","468000",463000.5,"Fst",0.0096770262035345,0,0.0356413132792174,0.0880869440061354
"459001","469000",464000.5,"Fst",7.61971748433066e-05,0,0.0341605834955462,0.0890510459502949
"460001","470000",465000.5,"Fst",8.01776242753682e-05,0,0.0359820903049044,0.0934306055871951
"461001","471000",466000.5,"Fst",0,0,0.0375012292051658,0.101105488631881
"462001","472000",467000.5,"Fst",0.0114138734828391,0,0.0317909926298266,0.0859398400283375
"463001","473000",468000.5,"Fst",0.0117930395659652,0,0.0318424612260258,0.084261454733355
"464001","474000",469000.5,"Fst",0.011970254483699,0,0.0314196050347075,0.0825115744313741
"465001","475000",470000.5,"Fst",0.0122086667541214,0,0.0302254558578399,0.0864425531914894
"466001","476000",471000.5,"Fst",0.0121483897268652,0,0.0311121880286529,0.0884888962473095
"467001","477000",472000.5,"Fst",0.0242667361292002,0,0.0242752160527068,0.0678182735002032
"468001","478000",473000.5,"Fst",0.029372842347526,0,0.0328684926641961,0.0965647325560188
"469001","479000",474000.5,"Fst",0.0280417467728646,0,0.0313705468171646,0.0922437025460542
"470001","480000",475000.5,"Fst",0.0326924702314367,0,0.0357221146649008,0.099679258467305
"471001","481000",476000.5,"Fst",0.0324973382795977,0,0.0346562179844405,0.0949497855362538
"472001","482000",477000.5,"Fst",0.028089600288839,0,0.033392514084663,0.102211253682181
"473001","483000",478000.5,"Fst",0.0267899332306112,0,0.0318531813957281,0.0997079205921578
"474001","484000",479000.5,"Fst",0.0269282955850118,0,0.0327345898645413,0.101704977203647
"475001","485000",480000.5,"Fst",0.0309372943499108,0,0.0317542921313287,0.0794297810164285
"476001","486000",481000.5,"Fst",0.0286466711948425,0,0.030275397446516,0.074779532632383
"477001","487000",482000.5,"Fst",0.0287081339712919,0,0.0315171566108783,0.0795985734786089
"478001","488000",483000.5,"Fst",0.0261282164924265,0,0.0294660123751304,0.0688212345461106
"479001","489000",484000.5,"Fst",0.027335460818809,0,0.0307749182415399,0.0715716391238859
"480001","490000",485000.5,"Fst",0.0131234980364575,0,0.0131242938970384,0.0208909908331875
"481001","491000",486000.5,"Fst",0.0127740822862774,0,0.0138246460046086,0.022943288304734
"482001","492000",487000.5,"Fst",0.0539077125635172,0,0.0244467778289835,0.0747860322328409
"483001","493000",488000.5,"Fst",0.0550794917439077,0,0.0257956037928242,0.0743535002653545
"484001","494000",489000.5,"Fst",0.0522087732852604,0,0.0216240645141831,0.0674848312965159
"485001","495000",490000.5,"Fst",0.0531828128108215,0,0.022108259760695,0.0626284602895971
"486001","496000",491000.5,"Fst",0.0560890100793691,0,0.0206712927886879,0.0654192283703109
"487001","497000",492000.5,"Fst",0.0717988394584139,0,0.0280969250899803,0.0895807055067059
"488001","498000",493000.5,"Fst",0.0706678434833774,0,0.0278955623559413,0.0880665057656207
"489001","499000",494000.5,"Fst",0.0873125650903429,0,0.0294794403794876,0.081268597801664
"490001","5e+05",495000.5,"Fst",0.088487540247021,0,0.0296057723829217,0.0837366470459995
"491001","501000",496000.5,"Fst",0.0755037354650506,0,0.0289217303346774,0.0849273534517025
"492001","502000",497000.5,"Fst",0.0679449865890543,0,0.0222049481247322,0.0674483631914669
"493001","503000",498000.5,"Fst",0.0697111134684063,0,0.0232799450790798,0.0691915475342127
"494001","504000",499000.5,"Fst",0.0664963207601831,0,0.0245397630873279,0.0686086034617696
"495001","505000",500000.5,"Fst",0.065660849045583,0,0.0245490502554032,0.0691685450124552
"496001","506000",501000.5,"Fst",0.0655754741491297,0,0.0244681626145032,0.0690127329104629
"497001","507000",502000.5,"Fst",0.0453596478084353,0,0.0231021264034642,0.0610808204651696
"498001","508000",503000.5,"Fst",0.0455791326359087,0,0.0208211722555784,0.0578164081220006
"499001","509000",504000.5,"Fst",0.0128876037332206,0,0.0179046886912389,0.0440506780158227
"500001","510000",505000.5,"Fst",0.0130769781255218,0,0.0181663847948786,0.0445914536027177
"501001","511000",506000.5,"Fst",0.0190687361419069,0,0.0135535117810886,0.0245581663971836
"502001","512000",507000.5,"Fst",0.0193999548838261,0,0.0137876318794399,0.0249769202114162
"503001","513000",508000.5,"Fst",0.0193999548838261,0,0.0137887393215132,0.024818224636476
"504001","514000",509000.5,"Fst",0.0117056751955621,0,0.0227545437124582,0.0933991601806138
"505001","515000",510000.5,"Fst",0.0116472581440734,0,0.0237242647784312,0.0975499616263928
"506001","516000",511000.5,"Fst",0.015418411759875,0,0.02212466945754,0.0895783111483771
"507001","517000",512000.5,"Fst",0.018796751993892,0,0.0224362608806413,0.0895783111483771
"508001","518000",513000.5,"Fst",0.0127755092294098,0,0.0235087765284619,0.102367873802696
"509001","519000",514000.5,"Fst",0.00939136406558494,0,0.0251881520442897,0.106915747412998
"510001","520000",515000.5,"Fst",0.0127097749144993,0,0.0272276931129415,0.103525961726041
"511001","521000",516000.5,"Fst",0.0045482551952053,0,0.0305435698709196,0.06885921473538
"512001","522000",517000.5,"Fst",0.0043627767032024,0,0.0294183995243761,0.0661821826290371
"513001","523000",518000.5,"Fst",0.00375151515151506,0,0.0294356617466798,0.0667912534850345
"514001","524000",519000.5,"Fst",0.0146364834111871,0,0.0302306049570402,0.0599377971451074
"515001","525000",520000.5,"Fst",0.0262132604237866,0,0.0280643001046436,0.0558067213101946
"516001","526000",521000.5,"Fst",0.0238150738150739,0,0.0320739571482217,0.0617353660831923
"517001","527000",522000.5,"Fst",0.0259503054023601,0,0.0293324760656972,0.0592064471033265
"518001","528000",523000.5,"Fst",0.0193743846095583,0,0.0274842201522424,0.0511101677212418
"519001","529000",524000.5,"Fst",0.0205798279192775,0,0.027480575371107,0.0526005879986896
"520001","530000",525000.5,"Fst",0.0187119735365349,0,0.0277303513136514,0.0546211547577935
"521001","531000",526000.5,"Fst",0.0343758992407641,0,0.0239524196722255,0.048682100268167
"522001","532000",527000.5,"Fst",0.0433270013568521,0,0.02963261021454,0.0588424715094682
"523001","533000",528000.5,"Fst",0.0440285737566886,0,0.0294080201767875,0.0569246356480401
"524001","534000",529000.5,"Fst",0.0414312945286396,0,0.0350270142203364,0.073928501714955
"525001","535000",530000.5,"Fst",0.0339802677942214,0,0.035147895814194,0.0747968737594081
"526001","536000",531000.5,"Fst",0.0342341714033314,0,0.0335871596380335,0.0635182300396349
"527001","537000",532000.5,"Fst",0.0328255739111779,0,0.0375029364196451,0.0718115172376254
"528001","538000",533000.5,"Fst",0.0437760566792825,0,0.0345069796064919,0.0602540334846668
"529001","539000",534000.5,"Fst",0.0426597420421405,0,0.0330479607332241,0.0577751247175201
"530001","540000",535000.5,"Fst",0.0562099377073703,0,0.0313858420295537,0.0651092301427829
"531001","541000",536000.5,"Fst",0.0553120446518982,0,0.0307940710081468,0.0641122172279159
"532001","542000",537000.5,"Fst",0.0527373608039421,0,0.0268155641345844,0.0558415653760421
"533001","543000",538000.5,"Fst",0.0531944601683083,0,0.0262924433244278,0.0564547045137774
"534001","544000",539000.5,"Fst",0.0656159614818407,0,0.0243797040552579,0.0546442844799436
"535001","545000",540000.5,"Fst",0.0670914400576478,0,0.0256854671695977,0.059948479711134
"536001","546000",541000.5,"Fst",0.0745501405810685,0,0.0300036514671322,0.0765414457245035
"537001","547000",542000.5,"Fst",0.0721528288023514,0,0.0283241715856006,0.0721856710393542
"538001","548000",543000.5,"Fst",0.0591551845883652,0,0.0253613581575016,0.0592663877853595
"539001","549000",544000.5,"Fst",0.0609026001298156,0,0.0260814588953921,0.0613597527145915
"540001","550000",545000.5,"Fst",0.0544541965268273,0,0.0228878644351684,0.0410546651791787
"541001","551000",546000.5,"Fst",0.0536776378452747,0,0.0225100438574196,0.0402948402948402
"542001","552000",547000.5,"Fst",0.0443163832052721,0,0.0239874122791263,0.0486489194695883
"543001","553000",548000.5,"Fst",0.0437278077727516,0,0.0228012203239086,0.047051400347373
"544001","554000",549000.5,"Fst",0.0268847306124455,0,0.0238919772515413,0.049667996325456
"545001","555000",550000.5,"Fst",0.0290338897319171,0,0.0221079775172144,0.0501731636753076
"546001","556000",551000.5,"Fst",0.0283877349159247,0,0.0216568812192362,0.0490844713450932
"547001","557000",552000.5,"Fst",0.0282950534085179,0,0.0224396126423446,0.0490915231340764
"548001","558000",553000.5,"Fst",0.0194600304290105,0,0.0356894863229833,0.0764940387742107
"549001","559000",554000.5,"Fst",0.0196132224404144,0,0.035505111752406,0.0763004193360191
"550001","560000",555000.5,"Fst",0.0099539150471718,0,0.0414139954745435,0.0862942269952311
"551001","561000",556000.5,"Fst",0.0110701419792327,0,0.040334263342026,0.0834249068025884
"552001","562000",557000.5,"Fst",0.0124815055560715,0,0.0450348406676747,0.0886494604965573
"553001","563000",558000.5,"Fst",0.0335267569310123,0,0.0434276494753807,0.0844303197723552
"554001","564000",559000.5,"Fst",0.0153277616692251,0,0.0379134908099816,0.0911440776275025
"555001","565000",560000.5,"Fst",0.0134838117242809,0,0.0373979732011509,0.0954612260700316
"556001","566000",561000.5,"Fst",0.0134838117242809,0,0.0373979732011509,0.0954612260700316
"557001","567000",562000.5,"Fst",0.0165537438264711,0,0.0376759260147531,0.0866705971509004
"558001","568000",563000.5,"Fst",0.0247885069349464,0,0.0471180118894547,0.10095624625896
"559001","569000",564000.5,"Fst",0.0245871080226907,0,0.0473244938517718,0.0999215595690107
"560001","570000",565000.5,"Fst",0.0246156786993441,0,0.0472705209616322,0.0999215595690107
"561001","571000",566000.5,"Fst",0.0245640365923385,0,0.0482281522334185,0.101515883354557
"562001","572000",567000.5,"Fst",0.0241808684640955,0,0.0418249668688107,0.0875653665171369
"563001","573000",568000.5,"Fst",0.00592114631978502,0,0.0451505896737986,0.091308640608275
"564001","574000",569000.5,"Fst",0.0219522331573689,0,0.0273722814078484,0.0615608544886339
"565001","575000",570000.5,"Fst",0.0306032335796885,0,0.0281738696694592,0.0655844549634171
"566001","576000",571000.5,"Fst",0.0379780746589586,0,0.0248261028510003,0.0679001787983559
"567001","577000",572000.5,"Fst",0.0444366263251711,0,0.0320825724737443,0.126295352505764
"568001","578000",573000.5,"Fst",0.0406704193037205,0,0.0324341428093735,0.113637054539927
"569001","579000",574000.5,"Fst",0.0410896676259804,0,0.0320483636252935,0.110399449035812
"570001","580000",575000.5,"Fst",0.0521541861801046,0,0.0420900657300301,0.172556791544133
"571001","581000",576000.5,"Fst",0.0520893555935736,0,0.0427295405309998,0.174056807390141
"572001","582000",577000.5,"Fst",0.0543968117190866,0,0.0465335137320787,0.189023987935341
"573001","583000",578000.5,"Fst",0.0562475958456212,0,0.049649103612065,0.213318670576735
"574001","584000",579000.5,"Fst",0.0551984945817923,0,0.048224620559078,0.206762013480401
"575001","585000",580000.5,"Fst",0.053829506909988,0,0.0479239449729579,0.214529136724511
"576001","586000",581000.5,"Fst",0.0495331078091323,0,0.0505006340052426,0.218230844450839
"577001","587000",582000.5,"Fst",0.0480267527886575,0,0.0459071111673553,0.194927415111276
"578001","588000",583000.5,"Fst",0.0494576790228962,0,0.0484100180799051,0.20560841228247
"579001","589000",584000.5,"Fst",0.0500258317258195,0,0.0508303333869167,0.213785045094212
"580001","590000",585000.5,"Fst",0.0315945579380612,0,0.042617278235368,0.162883944505726
"581001","591000",586000.5,"Fst",0.0328274121670221,0,0.0403174799449531,0.145226685757614
"582001","592000",587000.5,"Fst",0.0387129369414885,0,0.0467035334741312,0.158793774579757
"583001","593000",588000.5,"Fst",0.0408328098357714,0,0.043478295449554,0.109010090014308
"584001","594000",589000.5,"Fst",0.0422839715657395,0,0.0444769538241613,0.114614676216289
"585001","595000",590000.5,"Fst",0.0591509167746126,0,0.0475169523837706,0.12286892986729
"586001","596000",591000.5,"Fst",0.0681275960141592,0,0.0470942234134207,0.122941437252294
"587001","597000",592000.5,"Fst",0.0592700552620393,0,0.0455786510013191,0.110173797666435
"588001","598000",593000.5,"Fst",0.0612017746006365,0,0.0471156610894934,0.113689626484683
"589001","599000",594000.5,"Fst",0.0602873716434239,0,0.0461396482989417,0.110968572296348
"590001","6e+05",595000.5,"Fst",0.0714742910547107,0,0.0416851280452765,0.112591408354798
"591001","601000",596000.5,"Fst",0.0729430565224359,0,0.0494433837878696,0.151014502915776
"592001","602000",597000.5,"Fst",0.0775270505199306,0,0.0443434211712411,0.133225953665673
"593001","603000",598000.5,"Fst",0.0650989951840182,0,0.041869358930837,0.126677215728311
"594001","604000",599000.5,"Fst",0.0653608232037192,0,0.0420173340205442,0.127177069454409
"595001","605000",600000.5,"Fst",0.0546326836581711,0,0.0401086692869298,0.127338737958207
"596001","606000",601000.5,"Fst",0.0463950889133554,0,0.0405260298840045,0.127999976330381
"597001","607000",602000.5,"Fst",0.0521464366937026,0,0.041069897899559,0.131813092458883
"598001","608000",603000.5,"Fst",0.0521973800847041,0,0.0408811606030293,0.128577900733558
"599001","609000",604000.5,"Fst",0.056556610372508,0,0.0365397592469977,0.117361502010052
"600001","610000",605000.5,"Fst",0.0433119516682935,0,0.0316447951719372,0.0941048630216506
"601001","611000",606000.5,"Fst",0.0361949140051924,0,0.0234872737611187,0.0562940728035068
"602001","612000",607000.5,"Fst",0.0541013551367779,0,0.0218784537021958,0.0499030065160447
"603001","613000",608000.5,"Fst",0.0670185346368978,0,0.0218158812443436,0.0586674250903997
"604001","614000",609000.5,"Fst",0.0684656137199052,0,0.0202052264091384,0.0550427926830557
"605001","615000",610000.5,"Fst",0.0701802741244693,0,0.0193707750798248,0.0548108369044732
"606001","616000",611000.5,"Fst",0.0994277328338287,0,0.0219200904041673,0.0546048899145365
"607001","617000",612000.5,"Fst",0.100479091045613,0,0.0220723837781557,0.0557892252901945
"608001","618000",613000.5,"Fst",0.0986350150479185,0,0.0214889964520594,0.0551686844076371
"609001","619000",614000.5,"Fst",0.0969582504970178,0,0.02754126426722,0.0612292284755587
"610001","620000",615000.5,"Fst",0.10526518018948,0,0.0307889916790382,0.0687062751418303
"611001","621000",616000.5,"Fst",0.109982780156286,0,0.0336206064547785,0.0762219572885079
"612001","622000",617000.5,"Fst",0.0982126596077024,0,0.0350805708371452,0.0781645434906181
"613001","623000",618000.5,"Fst",0.0979420506434205,0,0.0352765103640922,0.0782874069032998
"614001","624000",619000.5,"Fst",0.0815097776048244,0,0.0354251546934427,0.0709734494352592
"615001","625000",620000.5,"Fst",0.0827908849343747,0,0.0359537942605014,0.0714142318439545
"616001","626000",621000.5,"Fst",0.0606412710987874,0,0.0373231432591945,0.0850497779855106
"617001","627000",622000.5,"Fst",0.0613541736245629,0,0.0383272065099256,0.0859780759780759
"618001","628000",623000.5,"Fst",0.0595070997225395,0,0.0381534488283465,0.0849292590083859
"619001","629000",624000.5,"Fst",0.0605365280714116,0,0.0431764765366462,0.102921130704562
"620001","630000",625000.5,"Fst",0.057602748129064,0,0.0400609858114762,0.096473603704163
"621001","631000",626000.5,"Fst",0.0494116688064233,0,0.0369608602509783,0.0846343829937372
"622001","632000",627000.5,"Fst",0.050378581229645,0,0.0372987684590688,0.0855940549735877
"623001","633000",628000.5,"Fst",0.0501514450380716,0,0.0372122668836647,0.074805947589382
"624001","634000",629000.5,"Fst",0.0544847916133496,0,0.0313567985239166,0.0629253056884636
"625001","635000",630000.5,"Fst",0.0489238291211593,0,0.0325065379263142,0.0749484518706212
"626001","636000",631000.5,"Fst",0.0364889944750707,0,0.0310187705390856,0.0914050889036117
"627001","637000",632000.5,"Fst",0.0347082629320606,0,0.0309949921821634,0.0921640648913377
"628001","638000",633000.5,"Fst",0.0389477964405242,0,0.0300271877858812,0.0898941542101181
"629001","639000",634000.5,"Fst",0.0333333333333332,0,0.0290844748883648,0.0976062135229502
"630001","640000",635000.5,"Fst",0.024448886849752,0,0.0278946045406291,0.0748992446364362
"631001","641000",636000.5,"Fst",0.0281544346417762,0,0.0267728931016417,0.0729699911738746
"632001","642000",637000.5,"Fst",0.0267653538532261,0,0.0262685450912589,0.0662305232754706
"633001","643000",638000.5,"Fst",0.0235397609217735,0,0.0287016873979438,0.0745843242999599
"634001","644000",639000.5,"Fst",0.0231428846709703,0,0.0311478025977181,0.0810910692730592
"635001","645000",640000.5,"Fst",0.0198457857340862,0,0.0258254567044386,0.0683686630500064
"636001","646000",641000.5,"Fst",0.0328477106049853,0,0.0212881406751891,0.0557417619026467
"637001","647000",642000.5,"Fst",0.0350443929743292,0,0.0220335184364589,0.0565792906017779
"638001","648000",643000.5,"Fst",0.0290826748586721,0,0.0241406647456295,0.0575793215105128
"639001","649000",644000.5,"Fst",0.0296613317398537,0,0.0245916465840105,0.0586348083747941
"640001","650000",645000.5,"Fst",0.028851667421156,0,0.0242544101968095,0.0434572067437617
"641001","651000",646000.5,"Fst",0.0358454106280192,0,0.0247336740958794,0.0427742023809011
"642001","652000",647000.5,"Fst",0.049285572215913,0,0.0254110142541582,0.0454291410610954
"643001","653000",648000.5,"Fst",0.0461219907133145,0,0.0234939029250138,0.0535631628271809
"644001","654000",649000.5,"Fst",0.0371787892745975,0,0.0225788349502488,0.0419059050985816
"645001","655000",650000.5,"Fst",0.0377732306992755,0,0.022590558213509,0.0419371884074626
"646001","656000",651000.5,"Fst",0.0294013092296354,0,0.0218234801719198,0.0419540565817161
"647001","657000",652000.5,"Fst",0.0294013092296354,0,0.0218542242327222,0.0419540565817161
"648001","658000",653000.5,"Fst",0.0294340605289045,0,0.0218234801719198,0.0418936330724771
"649001","659000",654000.5,"Fst",0.0427768961434797,0,0.0207844262330868,0.0400507139258448
"650001","660000",655000.5,"Fst",0.0601520270866654,0,0.023214518809651,0.0548732571616619
"651001","661000",656000.5,"Fst",0.0541508068094249,0,0.0259803557548744,0.0618702108147432
"652001","662000",657000.5,"Fst",0.0440594206119878,0,0.0233613936105291,0.0583199912271082
"653001","663000",658000.5,"Fst",0.0472272501528903,0,0.0248453632414697,0.0660009671179885
"654001","664000",659000.5,"Fst",0.0581316943640541,0,0.0294107516954685,0.0671397994818069
"655001","665000",660000.5,"Fst",0.0495585222857949,0,0.026425999182127,0.0584456194212292
"656001","666000",661000.5,"Fst",0.0507263447192776,0,0.027909683002079,0.06307992772138
"657001","667000",662000.5,"Fst",0.0499085100900925,0,0.0275198591777619,0.0614280617208169
"658001","668000",663000.5,"Fst",0.0499589081816434,0,0.0275205528944446,0.0615074033619604
"659001","669000",664000.5,"Fst",0.0356215213358071,0,0.0328947913576592,0.0580963768386703
"660001","670000",665000.5,"Fst",0.018743825210955,0,0.0360413519699531,0.0668241267392911
"661001","671000",666000.5,"Fst",0.0183028211620768,0,0.0331619652821115,0.0606505149292434
"662001","672000",667000.5,"Fst",0.0238188093957324,0,0.0300683640484191,0.0593720557832325
"663001","673000",668000.5,"Fst",0.01508334882568,0,0.0243344785913942,0.0535772954458077
"664001","674000",669000.5,"Fst",0.00848636933956881,0,0.0254156935011281,0.0588701844038564
"665001","675000",670000.5,"Fst",0.00870628390942196,0,0.0234030668085843,0.0674265171134185
"666001","676000",671000.5,"Fst",0.0103627455832137,0,0.0241117668301125,0.0670687741064173
"667001","677000",672000.5,"Fst",0.0104554621408556,0,0.0250594164401947,0.0717971157176976
"668001","678000",673000.5,"Fst",0.0106934355188816,0,0.0227828380534813,0.0670758698025793
"669001","679000",674000.5,"Fst",0.0106934355188816,0,0.0227839651721395,0.0669219868486606
"670001","680000",675000.5,"Fst",0.00269824806837271,0,0.0237477994000759,0.0678230278709813
"671001","681000",676000.5,"Fst",0,0,0.02740855895932,0.0747863359647882
"672001","682000",677000.5,"Fst",0.000551557579021256,0,0.0247459823441257,0.0716313812666923
"673001","683000",678000.5,"Fst",0.00239218349454573,0,0.0254745515495375,0.0816950705884721
"674001","684000",679000.5,"Fst",0.00556807079588861,0,0.0270453093148696,0.0631788578502609
"675001","685000",680000.5,"Fst",0.00740561977620635,0,0.0270004798107048,0.0627912714935616
"676001","686000",681000.5,"Fst",0.0107669780958963,0,0.0255179644558583,0.0599554303976152
"677001","687000",682000.5,"Fst",0.0117215095742703,0,0.0235299844354677,0.0533412757889613
"678001","688000",683000.5,"Fst",0.0143293185942914,0,0.0241108738491736,0.0500417014178481
"679001","689000",684000.5,"Fst",0.00936930018239446,0,0.025746887571895,0.0812183638964755
"680001","690000",685000.5,"Fst",0.00643662906436637,0,0.0245669009161401,0.0834013224747064
"681001","691000",686000.5,"Fst",0.0132918618843261,0,0.0259654110914494,0.112666285496474
"682001","692000",687000.5,"Fst",0.00725170782974249,0,0.0251511739079379,0.106121297948124
"683001","693000",688000.5,"Fst",0.00787729878638965,0,0.0254901958945487,0.106507381507381
"684001","694000",689000.5,"Fst",0.0267546978161504,0,0.0259202668975268,0.0848156045858297
"685001","695000",690000.5,"Fst",0.0263438054482831,0,0.02663405726626,0.0872677676932997
"686001","696000",691000.5,"Fst",0.0242498998798556,0,0.0279847883089271,0.0907065759060162
"687001","697000",692000.5,"Fst",0.0185970100213569,0,0.0250022091445069,0.0775743707093822
"688001","698000",693000.5,"Fst",0.0104381373973054,0,0.0255311947564931,0.0656898957563818
"689001","699000",694000.5,"Fst",0.0154707336431116,0,0.0311426541704389,0.0811120786839208
"690001","7e+05",695000.5,"Fst",0.0109457554715807,0,0.029216860354529,0.0902249887175421
"691001","701000",696000.5,"Fst",0.018702451007351,0,0.0288241220555264,0.0837172272219923
"692001","702000",697000.5,"Fst",0.021165475837696,0,0.0296463225765469,0.0880937820214887
"693001","703000",698000.5,"Fst",0.0210168930537561,0,0.0306718636881453,0.0957318774364133
"694001","704000",699000.5,"Fst",0.0117056209010233,0,0.0333041354180859,0.105275821645501
"695001","705000",700000.5,"Fst",0.011641574514071,0,0.0331473170987108,0.104801693404635
"696001","706000",701000.5,"Fst",0.0117622423644141,0,0.0335073807067304,0.105754259343575
"697001","707000",702000.5,"Fst",0.014304690743047,0,0.0335698741862248,0.102251404776239
"698001","708000",703000.5,"Fst",0.0205082335118235,0,0.0288175532974302,0.10879077688982
"699001","709000",704000.5,"Fst",0.020589851621176,0,0.0367901638723137,0.145353860144857
"700001","710000",705000.5,"Fst",0.0408520430856103,0,0.0341822483523598,0.112835408817693
"701001","711000",706000.5,"Fst",0.0199832975423527,0,0.0255609135646452,0.0633800455144329
"702001","712000",707000.5,"Fst",0.00982436224892003,0,0.0144318016474327,0.0340882017569004
"703001","713000",708000.5,"Fst",0.00863554004006384,0,0.0206775642372868,0.0680130647851664
"704001","714000",709000.5,"Fst",0.00669783130763169,0,0.0181643282170575,0.0620634283420313
"705001","715000",710000.5,"Fst",0.00567588764414839,0,0.0209133933615376,0.0650509185113611
"706001","716000",711000.5,"Fst",0.00576118512938806,0,0.0206027474408331,0.0635785800956812
"707001","717000",712000.5,"Fst",0.005692148054256,0,0.0198377896045545,0.0628166160081053
"708001","718000",713000.5,"Fst",0.0050273625745324,0,0.0190075732013648,0.0606496453138496
"709001","719000",714000.5,"Fst",0.00565526649127934,0,0.0180636575914159,0.0588701477197066
"710001","720000",715000.5,"Fst",0.00552358337593251,0,0.0182259644964686,0.0580698248501235
"711001","721000",716000.5,"Fst",0.0097019636665161,0,0.02239898606233,0.0582159392451509
"712001","722000",717000.5,"Fst",0.0107701499173302,0,0.0267104319121464,0.0692366963892271
"713001","723000",718000.5,"Fst",0.0113230312311476,0,0.0247934468209244,0.0497627415768489
"714001","724000",719000.5,"Fst",0.0148033526756932,0,0.0311857288360151,0.0513478507245203
"715001","725000",720000.5,"Fst",0.0183071499021867,0,0.0351840569114002,0.0612434072148059
"716001","726000",721000.5,"Fst",0.0185895584512666,0,0.036108679207218,0.0630891799905885
"717001","727000",722000.5,"Fst",0.0207872702480364,0,0.0353165494411404,0.0640683255317401
"718001","728000",723000.5,"Fst",0.0221964324091983,0,0.0365126558305681,0.068819713724927
"719001","729000",724000.5,"Fst",0.0305812790748229,0,0.0385976588197446,0.0716432421264986
"720001","730000",725000.5,"Fst",0.0320078184665968,0,0.0400836641977475,0.0754795604952345
"721001","731000",726000.5,"Fst",0.0263094600226231,0,0.0164434137693179,0.0308293014175367
"722001","732000",727000.5,"Fst",0.0323900009473926,0,0.0168509645882872,0.034412750530132
"723001","733000",728000.5,"Fst",0.0316963339690612,0,0.0164255192602585,0.0336679516008138
"724001","734000",729000.5,"Fst",0.0239310536558243,0,0.0168963946606611,0.0287911020137467
"725001","735000",730000.5,"Fst",0.0239995373583159,0,0.016782134651027,0.0307648849474602
"726001","736000",731000.5,"Fst",0.0223572485783282,0,0.0162969093390864,0.0288853274385189
"727001","737000",732000.5,"Fst",0.0196392073224917,0,0.017650258234412,0.0328929919348914
"728001","738000",733000.5,"Fst",0.0241198698589167,0,0.0190001054376755,0.0394612968119791
"729001","739000",734000.5,"Fst",0.0103248643641657,0,0.0197245876839225,0.0448644071232851
"730001","740000",735000.5,"Fst",0.0109526065519117,0,0.0208744228754445,0.0474190506959233
"731001","741000",736000.5,"Fst",0.0113461571499744,0,0.0203933104478621,0.0409857680445916
"732001","742000",737000.5,"Fst",0.00889081408885406,0,0.0207280550195142,0.0392318215020918
"733001","743000",738000.5,"Fst",0.00856745449277818,0,0.0199731337228933,0.0378515798187099
"734001","744000",739000.5,"Fst",0.0102173273984367,0,0.0196028283928012,0.0513263203321631
"735001","745000",740000.5,"Fst",0.00591937318468416,0,0.0218945424161884,0.0399184408891652
"736001","746000",741000.5,"Fst",0.00667003945431732,0,0.0219134734718891,0.0406080908283307
"737001","747000",742000.5,"Fst",0.00655130922757097,0,0.0214583976596928,0.0399057909681949
"738001","748000",743000.5,"Fst",0.00723340684071672,0,0.0212185347811167,0.0399425789622005
"739001","749000",744000.5,"Fst",0.000991594528521045,0,0.0229838024514988,0.0453404626630339
"740001","750000",745000.5,"Fst",0.00166866740872806,0,0.0203900998026295,0.0386388047945959
"741001","751000",746000.5,"Fst",0.000806338098972681,0,0.0215856208377587,0.0413021244265217
"742001","752000",747000.5,"Fst",0,0,0.0208686582723469,0.0393553188082253
"743001","753000",748000.5,"Fst",0.00377548960226126,0,0.0189314782985742,0.0352573633531578
"744001","754000",749000.5,"Fst",0.00554811105625697,0,0.0226562142884806,0.0377833894563572
"745001","755000",750000.5,"Fst",0.021821388488055,0,0.0135891246058572,0.0237522447734895
"746001","756000",751000.5,"Fst",0.0214481002131087,0,0.0139820868733,0.0225964644699352
"747001","757000",752000.5,"Fst",0.0221942535041575,0,0.0145013317128485,0.0233979315412539
"748001","758000",753000.5,"Fst",0.0222854810733598,0,0.0142862160074096,0.0231275209432207
"749001","759000",754000.5,"Fst",0.0218359503254341,0,0.0138449693629464,0.0226777643794791
"750001","760000",755000.5,"Fst",0.0324350868577744,0,0.0176881205997774,0.0267439916405432
"751001","761000",756000.5,"Fst",0.0312533270243096,0,0.0170991227787521,0.0257495271439495
"752001","762000",757000.5,"Fst",0.0233913388552565,0,0.0218344626632563,0.0351767902668427
"753001","763000",758000.5,"Fst",0.0202937966926887,0,0.0201267670344124,0.0362525591597143
"754001","764000",759000.5,"Fst",0.0196446136760273,0,0.0192402847735015,0.0348984726265256
"755001","765000",760000.5,"Fst",0.0117287987791586,0,0.0207995484058633,0.0422672658673181
"756001","766000",761000.5,"Fst",0.012927191679049,0,0.0217907897995976,0.0431395278307577
"757001","767000",762000.5,"Fst",0.0175804149075114,0,0.0194191480143001,0.0397399921855577
"758001","768000",763000.5,"Fst",0.0167450365726228,0,0.020854146248933,0.04413760727136
"759001","769000",764000.5,"Fst",0.0296110861086111,0,0.0203538452961662,0.0385037534643835
"760001","770000",765000.5,"Fst",0.0234738299040417,0,0.0173548597638268,0.0354638352104781
"761001","771000",766000.5,"Fst",0.0228450648407055,0,0.0164155279816784,0.033151311286823
"762001","772000",767000.5,"Fst",0.0287037945858934,0,0.0161280458818802,0.0354219074525589
"763001","773000",768000.5,"Fst",0.0300447776736437,0,0.0165470075073599,0.0378624373228689
"764001","774000",769000.5,"Fst",0.0307715595536719,0,0.0174569122599646,0.0388670226723117
"765001","775000",770000.5,"Fst",0.0413544965371644,0,0.0165334335733108,0.0348619500121827
"766001","776000",771000.5,"Fst",0.041074081377769,0,0.0164740797470041,0.0343931221601124
"767001","777000",772000.5,"Fst",0.034648034312041,0,0.0174242397654783,0.0366392900972339
"768001","778000",773000.5,"Fst",0.0326160801564027,0,0.0176014609905301,0.0362588316076687
"769001","779000",774000.5,"Fst",0.0250812672176309,0,0.0185400709668783,0.042974591970576
"770001","780000",775000.5,"Fst",0.0252665459666063,0,0.0200895666119983,0.0518532431755571
"771001","781000",776000.5,"Fst",0.0272058823529413,0,0.0221700531556574,0.0575198406859138
"772001","782000",777000.5,"Fst",0.0322739591032275,0,0.0239967012736536,0.0449117979460468
"773001","783000",778000.5,"Fst",0.033357771260997,0,0.0247984782019252,0.043580928144079
"774001","784000",779000.5,"Fst",0.033357771260997,0,0.0247984782019252,0.043580928144079
"775001","785000",780000.5,"Fst",0,0,0.0282872329739928,0.0696172333356895
"776001","786000",781000.5,"Fst",0.00059657856268025,0,0.0259661729426372,0.0581142109363656
"777001","787000",782000.5,"Fst",0.00314177814177818,0,0.0288248337378734,0.0652808113515908
"778001","788000",783000.5,"Fst",0.00165442728116816,0,0.0270655047066065,0.0940753178220196
"779001","789000",784000.5,"Fst",0.00315799074264078,0,0.025855021840519,0.0878938962272294
"780001","790000",785000.5,"Fst",0.00315799074264078,0,0.0258133855074435,0.0878938962272294
"781001","791000",786000.5,"Fst",0.00339917572207515,0,0.0247771531990149,0.0859611208387887
"782001","792000",787000.5,"Fst",0.00534661113372792,0,0.0230551544767581,0.0807085911470731
"783001","793000",788000.5,"Fst",0.00575067766475257,0,0.0224637860352574,0.0745467495467497
"784001","794000",789000.5,"Fst",0.00634418682748683,0,0.0212293116970267,0.0725713929417633
"785001","795000",790000.5,"Fst",0.0367550786259025,0,0.0220995935450214,0.0726700352338995
"786001","796000",791000.5,"Fst",0.0298042331545607,0,0.0220153337159016,0.0577528362976657
"787001","797000",792000.5,"Fst",0.0300184948072273,0,0.0221951378412018,0.0581610129857643
"788001","798000",793000.5,"Fst",0.0447995245887826,0,0.0237150834386672,0.0542010625962654
"789001","799000",794000.5,"Fst",0.0437747082742072,0,0.0221960674777608,0.051383730986417
"790001","8e+05",795000.5,"Fst",0.0363877772722631,0,0.0217300230059526,0.0538156970239764
"791001","801000",796000.5,"Fst",0.0480071234735413,0,0.0302493643623303,0.0676850528005619
"792001","802000",797000.5,"Fst",0.0522191780821918,0,0.0356669053044183,0.0745918582577515
"793001","803000",798000.5,"Fst",0.0586444945706343,0,0.0447231695609171,0.0910364920432962
"794001","804000",799000.5,"Fst",0.0652375072034247,0,0.039892336913782,0.0848338269593071
"795001","805000",800000.5,"Fst",0.0573945464970458,0,0.0423451279968304,0.0879145484029641
"796001","806000",801000.5,"Fst",0.0643559426601343,0,0.0472258773055223,0.103057179332124
"797001","807000",802000.5,"Fst",0.065163125507953,0,0.0458032827715286,0.101906187859452
"798001","808000",803000.5,"Fst",0.0667777248929082,0,0.0489795747624611,0.104745096566658
"799001","809000",804000.5,"Fst",0.0708298019367305,0,0.0490052927006944,0.104138972009639
"800001","810000",805000.5,"Fst",0.0829001602931073,0,0.0452290298950248,0.0954989793976148
"801001","811000",806000.5,"Fst",0.0812874630711443,0,0.0400865164133035,0.0838570726663834
"802001","812000",807000.5,"Fst",0.0823786411080847,0,0.036674307127206,0.0752925945019762
"803001","813000",808000.5,"Fst",0.0678213169150507,0,0.0264842125502805,0.0508794202683668
"804001","814000",809000.5,"Fst",0.0600336137075295,0,0.0285662295471319,0.0638166550068408
"805001","815000",810000.5,"Fst",0.0561951219512195,0,0.0271159393712842,0.0582821091057192
"806001","816000",811000.5,"Fst",0.0458997995683899,0,0.0272521677916815,0.0579958347043529
"807001","817000",812000.5,"Fst",0.0433129302033587,0,0.0283000432126565,0.0624740017122449
"808001","818000",813000.5,"Fst",0.0435937787044353,0,0.0302371289163154,0.0675897450813464
"809001","819000",814000.5,"Fst",0.0315690235690235,0,0.0331661649711548,0.0669429022444256
"810001","820000",815000.5,"Fst",0.0083303664371136,0,0.0353604685741615,0.0723468422297565
"811001","821000",816000.5,"Fst",0.00519357273805676,0,0.036829221624984,0.064225888781049
"812001","822000",817000.5,"Fst",0.00149194472870429,0,0.0375979067582651,0.0897631715603613
"813001","823000",818000.5,"Fst",0.00247874640836521,0,0.0410049557158554,0.12263842115215
"814001","824000",819000.5,"Fst",0,0,0.0378117802726427,0.123637256546297
"815001","825000",820000.5,"Fst",0,0,0.041740399837422,0.135138476888622
"816001","826000",821000.5,"Fst",0,0,0.0394541715011758,0.122811371052419
"817001","827000",822000.5,"Fst",0,0,0.0395208333187073,0.125797244068451
"818001","828000",823000.5,"Fst",0,0,0.0393420122405791,0.123965496011043
"819001","829000",824000.5,"Fst",0,0,0.0393420122405791,0.124124290412424
"820001","830000",825000.5,"Fst",0,0,0.0354505676771464,0.107916045385372
"821001","831000",826000.5,"Fst",0,0,0.0384566691460358,0.0913866566737449
"822001","832000",827000.5,"Fst",0,0,0.0388546539010798,0.066346261629862
"823001","833000",828000.5,"Fst",0.00183288335634735,0,0.039054998718028,0.0843404595148672
"824001","834000",829000.5,"Fst",0.00336870861054184,0,0.0440392097558876,0.0928656971770746
"825001","835000",830000.5,"Fst",0.00275766661791232,0,0.0435252504535719,0.0912098298676749
"826001","836000",831000.5,"Fst",0,0,0.0437453089779524,0.0937291272505789
"827001","837000",832000.5,"Fst",0.000387211204976312,0,0.0401641128952649,0.0836801598431288
"828001","838000",833000.5,"Fst",0,0,0.0414634073667788,0.0858105599031757
"829001","839000",834000.5,"Fst",0,0,0.0409253636464721,0.0847180421648507
"830001","840000",835000.5,"Fst",0.0196341897412373,0,0.0290887883408009,0.07274992659138
"831001","841000",836000.5,"Fst",0.0478085965890844,0,0.0362564714357026,0.0703811505145659
"832001","842000",837000.5,"Fst",0.0489830893797106,0,0.0369846617530063,0.0729575646248463
"833001","843000",838000.5,"Fst",0.051547413953373,0,0.0410332794411056,0.0811384136730974
"834001","844000",839000.5,"Fst",0.0483111650961545,0,0.0368188911418458,0.0738398687893105
"835001","845000",840000.5,"Fst",0.0468177268177268,0,0.0358858006104898,0.0714952034100971
"836001","846000",841000.5,"Fst",0.0455926313712993,0,0.0307892645951976,0.0616821732925916
"837001","847000",842000.5,"Fst",0.0434686719713971,0,0.0304749216726709,0.0591942018114979
"838001","848000",843000.5,"Fst",0.037131087410417,0,0.0260726193897245,0.0592047551073844
"839001","849000",844000.5,"Fst",0.0368691302844066,0,0.0246581410315652,0.0552689759604852
"840001","850000",845000.5,"Fst",0.0343094007024891,0,0.0231747260486538,0.0577256696215803
"841001","851000",846000.5,"Fst",0.0185206837939959,0,0.0223324914587035,0.065687875585727
"842001","852000",847000.5,"Fst",0.0182020343888321,0,0.0219193318274337,0.06457336523126
"843001","853000",848000.5,"Fst",0.0183827638082956,0,0.0221367046618716,0.0652055520237338
"844001","854000",849000.5,"Fst",0.0207058031009267,0,0.0214649117959301,0.0669289610466082
"845001","855000",850000.5,"Fst",0.0150712332279704,0,0.0407460130916569,0.108104417627772
"846001","856000",851000.5,"Fst",0.00956868678681111,0,0.0460054102960068,0.110489357730391
"847001","857000",852000.5,"Fst",0.00831882386277172,0,0.0461069819469914,0.106100621362813
"848001","858000",853000.5,"Fst",0.0083250794119516,0,0.0432976465500703,0.100588413209052
"849001","859000",854000.5,"Fst",0.00695360929392019,0,0.0441156511865351,0.103473115099127
"850001","860000",855000.5,"Fst",0.00883918267531347,0,0.0427038072549379,0.0979920460443956
"851001","861000",856000.5,"Fst",0.00932039271053775,0,0.0437433022597326,0.099355619700241
"852001","862000",857000.5,"Fst",0.00931380350198519,0,0.0437144545461078,0.099355619700241
"853001","863000",858000.5,"Fst",0.0128990234337081,0,0.0414231594121458,0.0967622590696992
"854001","864000",859000.5,"Fst",0.00827166367128307,0,0.0378993571353613,0.0876849279285696
"855001","865000",860000.5,"Fst",0.007755626579527,0,0.0211708882695597,0.0490784989256873
"856001","866000",861000.5,"Fst",0.0142678978931168,0,0.018544756691496,0.0558833636574327
"857001","867000",862000.5,"Fst",0.0105022250476797,0,0.0229465758613656,0.0507413433220951
"858001","868000",863000.5,"Fst",0.0106497069460032,0,0.0220078964866888,0.0517711558673977
"859001","869000",864000.5,"Fst",0.0171389357195351,0,0.0230695982492978,0.0540937941182535
"860001","870000",865000.5,"Fst",0.0111825379984105,0,0.0288135324320003,0.0576624074006273
"861001","871000",866000.5,"Fst",0.0109509781151572,0,0.0282224442244366,0.0564944459722836
"862001","872000",867000.5,"Fst",0.0115672210119901,0,0.0260883331948385,0.0528038932811752
"863001","873000",868000.5,"Fst",0.00623307820472774,0,0.0237956661824223,0.0525057571399746
"864001","874000",869000.5,"Fst",0.00995075757575747,0,0.0233886502192135,0.0529832740359055
"865001","875000",870000.5,"Fst",0.00868867758565695,0,0.0226398060943883,0.0471615539377346
"866001","876000",871000.5,"Fst",0.00730186535776534,0,0.0215387625011127,0.0452557759325388
"867001","877000",872000.5,"Fst",0.00942127348345378,0,0.0203543773352795,0.0514479621273763
"868001","878000",873000.5,"Fst",0.0135741701613477,0,0.020270056842794,0.0510194665767574
"869001","879000",874000.5,"Fst",0.0102995751433252,0,0.0215831657767378,0.0552239615746726
"870001","880000",875000.5,"Fst",0.0102792462001858,0,0.0204024806090731,0.0596508658631179
"871001","881000",876000.5,"Fst",0.0148556897647807,0,0.0205977221038869,0.0596666368030579
"872001","882000",877000.5,"Fst",0.0132794241906735,0,0.0189249828727788,0.0503615927822019
"873001","883000",878000.5,"Fst",0.0177385195789682,0,0.0187521355890791,0.0448183001361475
"874001","884000",879000.5,"Fst",0.018073059293803,0,0.0177750665001617,0.0481070676047641
"875001","885000",880000.5,"Fst",0.0241924690804026,0,0.0132737513306292,0.0276147431550512
"876001","886000",881000.5,"Fst",0.0214183677305365,0,0.0143504345206274,0.033843035114174
"877001","887000",882000.5,"Fst",0.0207370348691216,0,0.0158061991204129,0.0325625651509887
"878001","888000",883000.5,"Fst",0.0215960432202635,0,0.0153340638306184,0.0344252588310588
"879001","889000",884000.5,"Fst",0.0228694095247702,0,0.0210086166037674,0.0530992478306821
"880001","890000",885000.5,"Fst",0.0230222906636083,0,0.0213378224111179,0.0540008920760915
"881001","891000",886000.5,"Fst",0.0207517874538931,0,0.0212042612059658,0.0535838087261857
"882001","892000",887000.5,"Fst",0.0193612093474793,0,0.0219591857993346,0.0536663370808462
"883001","893000",888000.5,"Fst",0.0205434446505874,0,0.0222683051892095,0.0628375559539516
"884001","894000",889000.5,"Fst",0.0210708213460087,0,0.021723127800816,0.0635502239631504
"885001","895000",890000.5,"Fst",0.0233760673781223,0,0.0298391550712697,0.0755745119086156
"886001","896000",891000.5,"Fst",0.0239978670197116,0,0.0341465170941986,0.0845041605848522
"887001","897000",892000.5,"Fst",0.019723245766803,0,0.0427643969449639,0.0952752075867045
"888001","898000",893000.5,"Fst",0.0166135758991512,0,0.0425581226167,0.0927215346412211
"889001","899000",894000.5,"Fst",0.014664535662431,0,0.054106469024975,0.103859119119548
"890001","9e+05",895000.5,"Fst",0.0146138747125792,0,0.0539459662541647,0.103560129821807
"891001","901000",896000.5,"Fst",0.0148453857608261,0,0.0546466889661916,0.105035854593008
"892001","902000",897000.5,"Fst",0.0151086151086151,0,0.0526320714058886,0.102702089613605
"893001","903000",898000.5,"Fst",0.0132032168952133,0,0.0531372365818543,0.104772946014524
"894001","904000",899000.5,"Fst",0.0158168138375555,0,0.0425362786650376,0.100920598388953
"895001","905000",900000.5,"Fst",0.0118834125998406,0,0.0370978425136082,0.0992424843055145
"896001","906000",901000.5,"Fst",0.0133319463347117,0,0.0336368114662407,0.0968112209804601
"897001","907000",902000.5,"Fst",0.0239562343642007,0,0.0241229793002828,0.069538320003004
"898001","908000",903000.5,"Fst",0.0278049473175995,0,0.0249983974085657,0.0536412841098975
"899001","909000",904000.5,"Fst",0.0272607497903941,0,0.0231121973389945,0.0519791714173039
"900001","910000",905000.5,"Fst",0.0423703868778176,0,0.0237461354227424,0.0531940058941769
"901001","911000",906000.5,"Fst",0.0463794445886321,0,0.0281638519554221,0.0521001828675747
"902001","912000",907000.5,"Fst",0.0557497000833357,0,0.0244291038595643,0.0492939011279362
"903001","913000",908000.5,"Fst",0.0554056341765838,0,0.0246756487989541,0.0495924859042443
"904001","914000",909000.5,"Fst",0.0564951001424475,0,0.0289315481670408,0.0591078604161354
"905001","915000",910000.5,"Fst",0.0550938145806478,0,0.0240411495359541,0.0436779907120616
"906001","916000",911000.5,"Fst",0.0553014195820716,0,0.0246471027283872,0.0464393292077713
"907001","917000",912000.5,"Fst",0.0612413442602121,0,0.0277300526708897,0.0555398068944678
"908001","918000",913000.5,"Fst",0.0796634923938873,0,0.0285887371804777,0.0654688744439692
"909001","919000",914000.5,"Fst",0.0895120396803993,0,0.0323552796817834,0.0759820798620037
"910001","920000",915000.5,"Fst",0.0923896882972348,0,0.037098848605757,0.0787414419092237
"911001","921000",916000.5,"Fst",0.0964151339770692,0,0.037471708338336,0.0817791082665034
"912001","922000",917000.5,"Fst",0.102073623251152,0,0.0394291357060278,0.0892675551728759
"913001","923000",918000.5,"Fst",0.103603197233685,0,0.0397084367006192,0.0895909872764019
"914001","924000",919000.5,"Fst",0.104703206154378,0,0.0409442994741638,0.0920654809406015
"915001","925000",920000.5,"Fst",0.109324915686091,0,0.0448034944616115,0.0932609203673104
"916001","926000",921000.5,"Fst",0.101586922658198,0,0.0406230094565111,0.0829836994851653
"917001","927000",922000.5,"Fst",0.101216713353577,0,0.0436493138340048,0.0852428826830282
"918001","928000",923000.5,"Fst",0.091940135123932,0,0.0309108299812931,0.0645161479212619
"919001","929000",924000.5,"Fst",0.0946463372692882,0,0.0305900209320288,0.0550082324842943
"920001","930000",925000.5,"Fst",0.0831240537892957,0,0.0288026287405441,0.0470372003728752
"921001","931000",926000.5,"Fst",0.0834753057437343,0,0.028900310174008,0.0471885772161804
"922001","932000",927000.5,"Fst",0.078245293813169,0,0.0315116512737002,0.0530441244808327
"923001","933000",928000.5,"Fst",0.0770315900052525,0,0.0313878663615452,0.0527844805473394
"924001","934000",929000.5,"Fst",0.072682452450415,0,0.0284117904397471,0.0466910745682076
"925001","935000",930000.5,"Fst",0.0732343426722906,0,0.0324828039955477,0.0530497222911128
"926001","936000",931000.5,"Fst",0.0767368567565416,0,0.0337545588454233,0.0542010735702574
"927001","937000",932000.5,"Fst",0.0835841491841492,0,0.032050436305042,0.0565635556217465
"928001","938000",933000.5,"Fst",0.0737183078862585,0,0.0333600142361747,0.0758515069835825
"929001","939000",934000.5,"Fst",0.0587256934162472,0,0.0351803302344946,0.0647137968662268
"930001","940000",935000.5,"Fst",0.0609664815957228,0,0.0372108672050329,0.0678163893607528
"931001","941000",936000.5,"Fst",0.0601867641088105,0,0.0367323522773347,0.0670038198342393
"932001","942000",937000.5,"Fst",0.048389717977684,0,0.032360780624424,0.0799201043761771
"933001","943000",938000.5,"Fst",0.0494241007267059,0,0.0330677170116744,0.0815445576030064
"934001","944000",939000.5,"Fst",0.0528287560208247,0,0.0342066752057827,0.0907007495130101
"935001","945000",940000.5,"Fst",0.0536248888888889,0,0.0333453234023922,0.0884429988842214
"936001","946000",941000.5,"Fst",0.0500565263338986,0,0.031920141750081,0.0845379314495501
"937001","947000",942000.5,"Fst",0.0281405527072651,0,0.0324622619091948,0.116768523923549
"938001","948000",943000.5,"Fst",0.0324739936680235,0,0.035029311489099,0.102694486421521
"939001","949000",944000.5,"Fst",0.0183122323249711,0,0.0288190017670023,0.0987414750755817
"940001","950000",945000.5,"Fst",0.0258338937099064,0,0.0256917124679324,0.0649917359577543
"941001","951000",946000.5,"Fst",0.0253396566695611,0,0.0236219882319397,0.0537609100715898
"942001","952000",947000.5,"Fst",0.0348965693201444,0,0.027303180057451,0.0506443127813763
"943001","953000",948000.5,"Fst",0.0334709941582394,0,0.0289690064795698,0.0556141481354848
"944001","954000",949000.5,"Fst",0.0312005908374972,0,0.0324061123449133,0.062865390115262
"945001","955000",950000.5,"Fst",0.0326904368718605,0,0.0344139656387434,0.0736579534895033
"946001","956000",951000.5,"Fst",0.0346601203940233,0,0.0389659400552025,0.0823156657335172
"947001","957000",952000.5,"Fst",0.0360901173394201,0,0.0334558187052363,0.0640119001226689
"948001","958000",953000.5,"Fst",0.035996868983152,0,0.0329592356764232,0.0671517205576571
"949001","959000",954000.5,"Fst",0.0367540914055472,0,0.0335655615418816,0.0692147979953431
"950001","960000",955000.5,"Fst",0.0576176697328383,0,0.0391527552138419,0.0883938655688377
"951001","961000",956000.5,"Fst",0.0596013718815002,0,0.0374567677575741,0.0900639457346628
"952001","962000",957000.5,"Fst",0.059713315928255,0,0.0340568623843772,0.0901676629922926
"953001","963000",958000.5,"Fst",0.062140267514833,0,0.0342105767021569,0.0943635270007731
"954001","964000",959000.5,"Fst",0.0674774170269824,0,0.0289025106072863,0.0892824165779819
"955001","965000",960000.5,"Fst",0.0618193576269737,0,0.0271456178162688,0.0838644682129559
"956001","966000",961000.5,"Fst",0.0639566557907025,0,0.0247124690137396,0.0822102083312966
"957001","967000",962000.5,"Fst",0.07084925245547,0,0.031657309980978,0.110902494100931
"958001","968000",963000.5,"Fst",0.0806520905255083,0,0.0314751796982668,0.11646448621594
"959001","969000",964000.5,"Fst",0.0913153885220923,0,0.0349536734700046,0.121237346078529
"960001","970000",965000.5,"Fst",0,0,0.03033167691354,0.127900195622485
"961001","971000",966000.5,"Fst",0,0,0.0343053385743357,0.153407988713517
"962001","972000",967000.5,"Fst",0,0,0.039904597923292,0.176124885215794
"963001","973000",968000.5,"Fst",0,0,0.0377313201977698,0.162598449233775
"964001","974000",969000.5,"Fst",0,0,0.0327824589725324,0.137002232490525
"965001","975000",970000.5,"Fst",0.00866355866355872,0,0.00961350368304503,0.0110452272991511
"966001","976000",971000.5,"Fst",0.00790359737728152,0,0.00872561944359927,0.0100063197809143
"967001","977000",972000.5,"Fst",0.00787319347319337,0,0.0112946676979127,0.0162710025875413
"968001","978000",973000.5,"Fst",0.00764273559972484,0,0.0109033212759437,0.0158010819351936
"969001","979000",974000.5,"Fst",0.00764273559972484,0,0.0109003990697388,0.0157159773646269
"970001","980000",975000.5,"Fst",0.0756985694242293,0,0.0190172944498172,0.036339074636947
"971001","981000",976000.5,"Fst",0.0728456246763814,0,0.0179717720582407,0.032367784872317
"972001","982000",977000.5,"Fst",0.0743402568733694,0,0.0183615395072806,0.0330137947159224
"973001","983000",978000.5,"Fst",0.0753390256152687,0,0.0182415083590592,0.0328334279702061
"974001","984000",979000.5,"Fst",0.0749251582098601,0,0.0183839883706002,0.0379142639679038
"975001","985000",980000.5,"Fst",0.0746412753581213,0,0.0183743212748237,0.0361731601731602
"976001","986000",981000.5,"Fst",0.0781259868379501,0,0.0191142802856684,0.0379060061694794
"977001","987000",982000.5,"Fst",0.0735851896447924,0,0.0213501280126616,0.0389087562091414
"978001","988000",983000.5,"Fst",0.0733726034592729,0,0.0214130570132265,0.0389087562091414
"979001","989000",984000.5,"Fst",0.0743289695019381,0,0.020885255149267,0.037169604863222
"980001","990000",985000.5,"Fst",0.00837532286065124,0,0.0200045341894785,0.0349346130668299
"981001","991000",986000.5,"Fst",0.00582617000955121,0,0.0200741250936075,0.0371673865514852
"982001","992000",987000.5,"Fst",0.00567441860465123,0,0.0190850075989021,0.0366777870447595
"983001","993000",988000.5,"Fst",0.00567441860465123,0,0.0191594860233622,0.0367959391429249
"984001","994000",989000.5,"Fst",0.00391943385955362,0,0.0177192714778282,0.0378283495898407
"985001","995000",990000.5,"Fst",0.0427765392343049,0,0.0222243195030506,0.0417234635216027
"986001","996000",991000.5,"Fst",0.0350958242360958,0,0.0269623050050711,0.0825282459327945
"987001","997000",992000.5,"Fst",0.0334027767061208,0,0.0256065897757854,0.0753302187843047
"988001","998000",993000.5,"Fst",0.0325331146777614,0,0.0250380098174238,0.0737139530448575
"989001","999000",994000.5,"Fst",0.0212704226511379,0,0.0279237079474097,0.075744179192455
"990001","1e+06",995000.5,"Fst",0.015708207600615,0,0.0277307683335753,0.0619779634914164
"991001","1001000",996000.5,"Fst",0.0116283637792182,0,0.0290907443642569,0.0603372434017594
"992001","1002000",997000.5,"Fst",0.0121265199768384,0,0.0284981818379519,0.0572655021462876
"993001","1003000",998000.5,"Fst",0.0120726926846141,0,0.0283813408650543,0.0570787088028467
"994001","1004000",999000.5,"Fst",0.0120601651659291,0,0.0281079431269783,0.0584453516545519
"995001","1005000",1000000.5,"Fst",0.00096698263248296,0,0.0300996725561985,0.0635316041584622
"996001","1006000",1001000.5,"Fst",0,0,0.0343415955263833,0.0744885687164779
"997001","1007000",1002000.5,"Fst",0,0,0.0311969102514565,0.0777630272804469
"998001","1008000",1003000.5,"Fst",0,0,0.0310056803092213,0.077624372816135
"999001","1009000",1004000.5,"Fst",0,0,0.0237578252223098,0.0570766835134342
"1000001","1010000",1005000.5,"Fst",0.00408982794303903,0,0.0238313587460761,0.0660197598443576
"1001001","1011000",1006000.5,"Fst",0.018132073125233,0,0.0209606591887506,0.0780853215389115
"1002001","1012000",1007000.5,"Fst",0.0142873084362446,0,0.020974113603762,0.0776307229779147
"1003001","1013000",1008000.5,"Fst",0.0137565754984724,0,0.0207421796728986,0.077455809185689
"1004001","1014000",1009000.5,"Fst",0.0255456750202101,0,0.0226727238251775,0.0608753017523627
"1005001","1015000",1010000.5,"Fst",0.025956957450304,0,0.0230684434905151,0.0619205849386256
"1006001","1016000",1011000.5,"Fst",0.0237098764612996,0,0.0201038111252998,0.0653475441005035
"1007001","1017000",1012000.5,"Fst",0.0272306007245766,0,0.0207581614374021,0.0461469086803417
"1008001","1018000",1013000.5,"Fst",0.0286057294254015,0,0.0224129670302603,0.0476587091261128
"1009001","1019000",1014000.5,"Fst",0.0640230913152631,0,0.0272397360603137,0.0586620779123314
"1010001","1020000",1015000.5,"Fst",0.0666983029399137,0,0.0288474370075533,0.0611607405972939
"1011001","1021000",1016000.5,"Fst",0.065131222943723,0,0.0281271405585163,0.0675046172994153
"1012001","1022000",1017000.5,"Fst",0.0689148740465191,0,0.0292376646545584,0.0722955045424775
"1013001","1023000",1018000.5,"Fst",0.071994741891541,0,0.0304029425484091,0.0736875064088608
"1014001","1024000",1019000.5,"Fst",0.0733680987961809,0,0.0343626412382323,0.0875121370626742
"1015001","1025000",1020000.5,"Fst",0.0680654555202203,0,0.0322016040201483,0.0835650803781812
"1016001","1026000",1021000.5,"Fst",0.0984673611631566,0,0.0359694571157207,0.0844590060395533
"1017001","1027000",1022000.5,"Fst",0.0758132709547125,0,0.0292920557711739,0.0617498023612054
"1018001","1028000",1023000.5,"Fst",0.0653977348596123,0,0.0274371227131286,0.0507175539636812
"1019001","1029000",1024000.5,"Fst",0.0382881981183335,0,0.0236968541747836,0.0503588329756847
"1020001","1030000",1025000.5,"Fst",0.0280789407944041,0,0.0242675164972123,0.0491059482270754
"1021001","1031000",1026000.5,"Fst",0.029103247007462,0,0.0257177450262378,0.0517117881294031
"1022001","1032000",1027000.5,"Fst",0.0296972051212631,0,0.0253019265700003,0.0518162102436661
"1023001","1033000",1028000.5,"Fst",0.0306218088777545,0,0.024749080942349,0.0505925070042955
"1024001","1034000",1029000.5,"Fst",0.0305893169484683,0,0.0248094127624154,0.0475995802487782
"1025001","1035000",1030000.5,"Fst",0.0275215717014116,0,0.0263026646584034,0.0598540461713382
"1026001","1036000",1031000.5,"Fst",0.01226036558181,0,0.0274306243013581,0.0655904037642693
"1027001","1037000",1032000.5,"Fst",0.0148584244463135,0,0.0282920211609322,0.0768338816670776
"1028001","1038000",1033000.5,"Fst",0.0123882329565063,0,0.032981890681915,0.091706182035262
"1029001","1039000",1034000.5,"Fst",0.0079660874674724,0,0.0327873386468279,0.100591540635545
"1030001","1040000",1035000.5,"Fst",0.0127993483830333,0,0.0321173322750009,0.092100235981571
"1031001","1041000",1036000.5,"Fst",0.017662584505065,0,0.0306757584793267,0.0847033206314644
"1032001","1042000",1037000.5,"Fst",0.0138595944763344,0,0.0327695294291787,0.0817708502697175
"1033001","1043000",1038000.5,"Fst",0.0126047071208363,0,0.0320629621666877,0.0824751928025271
"1034001","1044000",1039000.5,"Fst",0.009849295957433,0,0.0327353160169717,0.0883024800534529
"1035001","1045000",1040000.5,"Fst",0.0146240422634575,0,0.0381131544921129,0.101532344443522
"1036001","1046000",1041000.5,"Fst",0.0103303033863485,0,0.0467197254494273,0.119955251390812
"1037001","1047000",1042000.5,"Fst",0.0100225278077626,0,0.0518045363470483,0.130862533196312
"1038001","1048000",1043000.5,"Fst",0.00838426959024596,0,0.0475378609712583,0.126890136302787
"1039001","1049000",1044000.5,"Fst",0.00442096372958412,0,0.0483497426775203,0.112892955740716
"1040001","1050000",1045000.5,"Fst",0.0036744386106996,0,0.046495246373184,0.110584848719013
"1041001","1051000",1046000.5,"Fst",0,0,0.0487364931310141,0.116124973166112
"1042001","1052000",1047000.5,"Fst",0.000502183539139112,0,0.0515631715922792,0.120902918556958
"1043001","1053000",1048000.5,"Fst",0.00184254241837323,0,0.0492016674807922,0.114978230996396
"1044001","1054000",1049000.5,"Fst",0,0,0.0453355671680738,0.101427811189896
"1045001","1055000",1050000.5,"Fst",0,0,0.0451751645616302,0.0995483821034371
"1046001","1056000",1051000.5,"Fst",0,0,0.0346452973775155,0.0672707835677397
"1047001","1057000",1052000.5,"Fst",0,0,0.0303818598411855,0.0600526348121928
"1048001","1058000",1053000.5,"Fst",0,0,0.0282793998217225,0.0583448463661372
"1049001","1059000",1054000.5,"Fst",0,0,0.0281012437305334,0.0575319828631751
"1050001","1060000",1055000.5,"Fst",0,0,0.02781939270782,0.0531379731379732
"1051001","1061000",1056000.5,"Fst",0,0,0.0248660025438398,0.0505697376006894
"1052001","1062000",1057000.5,"Fst",0,0,0.0227234954948058,0.0576511955856449
"1053001","1063000",1058000.5,"Fst",0,0,0.0232703487338512,0.0597666798867135
"1054001","1064000",1059000.5,"Fst",0,0,0.0242163918689849,0.0681318550076052
"1055001","1065000",1060000.5,"Fst",0,0,0.0225666998097584,0.0620001084137729
"1056001","1066000",1061000.5,"Fst",0.0309698649560001,0,0.0307403739669161,0.0707441060048324
"1057001","1067000",1062000.5,"Fst",0.040760803520529,0,0.0341753752739427,0.0685908456857444
"1058001","1068000",1063000.5,"Fst",0.039323898469618,0,0.0318523649885093,0.0673605560024981
"1059001","1069000",1064000.5,"Fst",0.0357536904196333,0,0.0334123591717593,0.0722634360048158
"1060001","1070000",1065000.5,"Fst",0.0369258162716756,0,0.0348617858183892,0.074340171587464
"1061001","1071000",1066000.5,"Fst",0.0454904667109047,0,0.0343323354927941,0.0717871931968516
"1062001","1072000",1067000.5,"Fst",0.0430088045360181,0,0.0360916838297691,0.0654832192740716
"1063001","1073000",1068000.5,"Fst",0.0423326307709926,0,0.036950208510601,0.0611813829481203
"1064001","1074000",1069000.5,"Fst",0.0413808349028658,0,0.0362794940355441,0.0574773190660115
"1065001","1075000",1070000.5,"Fst",0.042058781362007,0,0.0378318102386746,0.0598367016997433
"1066001","1076000",1071000.5,"Fst",0.0317918662634589,0,0.0356281725700891,0.0688293665753639
"1067001","1077000",1072000.5,"Fst",0.0266950408875712,0,0.0373290186314428,0.0741108514271183
"1068001","1078000",1073000.5,"Fst",0.0267622714592025,0,0.0345164137851112,0.0705935278147279
"1069001","1079000",1074000.5,"Fst",0.0253172452912317,0,0.0359154170715313,0.0823325998631954
"1070001","1080000",1075000.5,"Fst",0.0229069244572018,0,0.036922985861969,0.0824152075647429
"1071001","1081000",1076000.5,"Fst",0.0129821153076967,0,0.0357060053214904,0.0750374188817986
"1072001","1082000",1077000.5,"Fst",0.0120107504435862,0,0.0363861059546953,0.0616687375009008
"1073001","1083000",1078000.5,"Fst",0.0110913350371181,0,0.0341679420214402,0.0636198267066218
"1074001","1084000",1079000.5,"Fst",0.0407325322883416,0,0.0359227397916503,0.0776055865055926
"1075001","1085000",1080000.5,"Fst",0.039274326516721,0,0.0337309087703565,0.0734378083922157
"1076001","1086000",1081000.5,"Fst",0.0416132440277764,0,0.0348541811178925,0.070058181468481
"1077001","1087000",1082000.5,"Fst",0.0421473707613798,0,0.0354850235533686,0.0712292661498288
"1078001","1088000",1083000.5,"Fst",0.0449217081982674,0,0.0359730643817181,0.068209313532903
"1079001","1089000",1084000.5,"Fst",0.0553046970808155,0,0.0314897775273357,0.0670597205631621
"1080001","1090000",1085000.5,"Fst",0.0656508749466495,0,0.0251749268051133,0.0479038057033535
"1081001","1091000",1086000.5,"Fst",0.0866296873537848,0,0.0245474361294069,0.0458724888412443
"1082001","1092000",1087000.5,"Fst",0.105418251672323,0,0.024935582012575,0.0478836353892245
"1083001","1093000",1088000.5,"Fst",0.107041151619465,0,0.0242282794425105,0.0482499862396262
"1084001","1094000",1089000.5,"Fst",0.0420853528785908,0,0.0292438987431085,0.0611793012451629
"1085001","1095000",1090000.5,"Fst",0.049663726455614,0,0.0299480571803598,0.0598331221648165
"1086001","1096000",1091000.5,"Fst",0.0414304556653311,0,0.0280030736666925,0.0589100366473578
"1087001","1097000",1092000.5,"Fst",0.0368342295754616,0,0.022819576029118,0.049004551535073
"1088001","1098000",1093000.5,"Fst",0.0410235985263366,0,0.0246364546004212,0.0488780955928428
"1089001","1099000",1094000.5,"Fst",0.0229555029852426,0,0.025111171523068,0.0549430735150175
"1090001","1100000",1095000.5,"Fst",0.0213448998259124,0,0.0276383269974506,0.0510577177872469
"1091001","1101000",1096000.5,"Fst",0.0213241363046811,0,0.0276191173211243,0.0511185812918939
"1092001","1102000",1097000.5,"Fst",0.0197222255896746,0,0.02574297370698,0.0483636052587882
"1093001","1103000",1098000.5,"Fst",0.0162448077238617,0,0.0270288162962,0.0524140302076088
"1094001","1104000",1099000.5,"Fst",0.0174036245215591,0,0.0260001149128122,0.0528637738264527
"1095001","1105000",1100000.5,"Fst",0.0174036245215591,0,0.026000981542238,0.0529305210156273
"1096001","1106000",1101000.5,"Fst",0.0250927769175944,0,0.0264589664812075,0.062716856707296
"1097001","1107000",1102000.5,"Fst",0.02393167136033,0,0.0315977677647518,0.0609129267357115
"1098001","1108000",1103000.5,"Fst",0.015211087742857,0,0.0316038490997483,0.0697606901414292
"1099001","1109000",1104000.5,"Fst",0.0207729576292597,0,0.034334546132066,0.0780680257549003
"1100001","1110000",1105000.5,"Fst",0.0221129116015095,0,0.0353607943190101,0.0875702578624448
"1101001","1111000",1106000.5,"Fst",0.0328610258894452,0,0.0360591030953401,0.0759179882840405
"1102001","1112000",1107000.5,"Fst",0.0324466272426581,0,0.0363282615938525,0.0726459223103517
"1103001","1113000",1108000.5,"Fst",0.0371463217461601,0,0.0344064663331084,0.0671682626538986
"1104001","1114000",1109000.5,"Fst",0.0366386970160554,0,0.0351217182744901,0.0667967766305717
"1105001","1115000",1110000.5,"Fst",0.037903189195324,0,0.0321284368025712,0.0603479144287058
"1106001","1116000",1111000.5,"Fst",0.0356548198558589,0,0.0317182917635094,0.062831383730295
"1107001","1117000",1112000.5,"Fst",0.0351134227040754,0,0.0302234544019773,0.0663002157731232
"1108001","1118000",1113000.5,"Fst",0.065563128854268,0,0.0245582587256909,0.0793922056692797
"1109001","1119000",1114000.5,"Fst",0.0667441164219515,0,0.0261614963800969,0.0628491665449351
"1110001","1120000",1115000.5,"Fst",0.0692740045272319,0,0.0269287434946964,0.0644838890221475
"1111001","1121000",1116000.5,"Fst",0.0668956774219931,0,0.0286548627491215,0.0717247238742567
"1112001","1122000",1117000.5,"Fst",0.0724740197362677,0,0.030090875216119,0.0761714855433699
"1113001","1123000",1118000.5,"Fst",0.0697161457180929,0,0.0343767192869056,0.0826105287643748
"1114001","1124000",1119000.5,"Fst",0.0705393319127225,0,0.0346946801506458,0.084319290465632
"1115001","1125000",1120000.5,"Fst",0.120237846253951,0,0.0325481672112576,0.0802442573629846
"1116001","1126000",1121000.5,"Fst",0.126319403182148,0,0.0381011087715008,0.0923278285880491
"1117001","1127000",1122000.5,"Fst",0.0927854240171035,0,0.0538248616838301,0.105882190215292
"1118001","1128000",1123000.5,"Fst",0.0791582758343433,0,0.0576188742270844,0.129738039696784
"1119001","1129000",1124000.5,"Fst",0.0678054408274616,0,0.0616305071522864,0.134526234962785
"1120001","1130000",1125000.5,"Fst",0.0631193387447437,0,0.061504544892378,0.140766480936886
"1121001","1131000",1126000.5,"Fst",0.0584614321136391,0,0.0648108042820547,0.144544479785663
"1122001","1132000",1127000.5,"Fst",0.0578635816188888,0,0.0648487832844569,0.144302973108361
"1123001","1133000",1128000.5,"Fst",0.0578181338157524,0,0.0648056565965955,0.144193408733025
"1124001","1134000",1129000.5,"Fst",0.0578238108865029,0,0.0648055004578967,0.144179724883384
"1125001","1135000",1130000.5,"Fst",0.0492440726670862,0,0.0679173329641935,0.153485921745172
"1126001","1136000",1131000.5,"Fst",0.045673795907623,0,0.0671085468434259,0.152349600194881
"1127001","1137000",1132000.5,"Fst",0.0371809564494686,0,0.0654314507883155,0.148323318850559
"1128001","1138000",1133000.5,"Fst",0.0336477537505621,0,0.0646588418841092,0.138559201816861
"1129001","1139000",1134000.5,"Fst",0.0351488717720864,0,0.0647953545281218,0.144015797192248
"1130001","1140000",1135000.5,"Fst",0.0443939835840175,0,0.0563872107606207,0.122069972014159
"1131001","1141000",1136000.5,"Fst",0.0577675545223858,0,0.0375340056626929,0.061179591490755
"1132001","1142000",1137000.5,"Fst",0.0645573675306084,0,0.0388486878198113,0.0744363710683402
"1133001","1143000",1138000.5,"Fst",0.0616675884687412,0,0.0372701249465539,0.0734066986581183
"1134001","1144000",1139000.5,"Fst",0.0616675884687412,0,0.0372701249465539,0.0734066986581183
"1135001","1145000",1140000.5,"Fst",0.0611875707030591,0,0.0369455879499935,0.072740109232674
"1136001","1146000",1141000.5,"Fst",0.083210634289771,0,0.0331566445293965,0.0662734301814255
"1137001","1147000",1142000.5,"Fst",0.0856436013831116,0,0.0341932332479069,0.0682415658215183
"1138001","1148000",1143000.5,"Fst",0.0902700348966287,0,0.0354842054386753,0.0739770286298518
"1139001","1149000",1144000.5,"Fst",0.0980304328633377,0,0.0354117038433748,0.0777434923649022
"1140001","1150000",1145000.5,"Fst",0.029120391309446,0,0.0187139108653659,0.0316472114137484
"1141001","1151000",1146000.5,"Fst",0.0307883038449956,0,0.0198957731292689,0.0337482710926696
"1142001","1152000",1147000.5,"Fst",0.0299311294765841,0,0.0192992084416347,0.0327956989247312
"1143001","1153000",1148000.5,"Fst",0.0385802469135802,0,0.0193316322675635,0.0338790359254205
"1144001","1154000",1149000.5,"Fst",0.0359195402298852,0,0.0180292670455891,0.0313354363827549
"1145001","1155000",1150000.5,"Fst",0.0395412457912457,0,0.0161090843162761,0.0252417100701076
"1146001","1156000",1151000.5,"Fst",0.0186845412651861,0,0.0164110873213356,0.0227272727272727
"1147001","1157000",1152000.5,"Fst",0.0169646253328262,0,0.014885576317447,0.0207468879668049
"1148001","1158000",1153000.5,"Fst",0.0169646253328262,0,0.0148870864483778,0.0207468879668049
"1149001","1159000",1154000.5,"Fst",0.0161616161616162,0,0.016247582205029,0.0210458300641528
"1150001","1160000",1155000.5,"Fst",0.016969696969697,0,0.0168759417378204,0.0219505150669105
"1151001","1161000",1156000.5,"Fst",0.018887460019125,0,0.0146466743432092,0.0264335664335664
"1152001","1162000",1157000.5,"Fst",0.0217253878497897,0,0.0131846611979772,0.0241636053990908
"1153001","1163000",1158000.5,"Fst",0.0142136764220746,0,0.0167959828565385,0.0410174843300816
"1154001","1164000",1159000.5,"Fst",0.010496370413969,0,0.0165141168513922,0.0492157322291955
"1155001","1165000",1160000.5,"Fst",0.00514481759407337,0,0.0259558022849838,0.104694795224517
"1156001","1166000",1161000.5,"Fst",0.00671791794080379,0,0.0303092294632539,0.0938511982237901
"1157001","1167000",1162000.5,"Fst",0.0181997648980179,0,0.0303176541213497,0.0878514124118783
"1158001","1168000",1163000.5,"Fst",0.0184871728261711,0,0.0307844141229642,0.0890788517353451
"1159001","1169000",1164000.5,"Fst",0.0186244260789714,0,0.0310070722714868,0.0898240079650068
"1160001","1170000",1165000.5,"Fst",0.0191163435026436,0,0.0295919327050001,0.086985025277456
"1161001","1171000",1166000.5,"Fst",0.0184384125616354,0,0.0315634887592947,0.0936457715651354
"1162001","1172000",1167000.5,"Fst",0.0177985768071566,0,0.0320427480911546,0.0946499722835045
"1163001","1173000",1168000.5,"Fst",0.013339125466208,0,0.0288988258125233,0.079200175852163
"1164001","1174000",1169000.5,"Fst",0.0160210431770065,0,0.0294279265714587,0.0876668925858319
"1165001","1175000",1170000.5,"Fst",0.0215920922748231,0,0.0281879197055646,0.0967634300967636
"1166001","1176000",1171000.5,"Fst",0.0225800803265592,0,0.0315886895103273,0.115034863985792
"1167001","1177000",1172000.5,"Fst",0.0134196699894918,0,0.0316439316814433,0.120834828369812
"1168001","1178000",1173000.5,"Fst",0.0124342208917598,0,0.0306841906007891,0.112112639122125
"1169001","1179000",1174000.5,"Fst",0.0119465724424678,0,0.0299406200754168,0.108293153326905
"1170001","1180000",1175000.5,"Fst",0.0112264856011577,0,0.0318455123311365,0.112266333800158
"1171001","1181000",1176000.5,"Fst",0.00979787909000251,0,0.0301140798554601,0.106704334178438
"1172001","1182000",1177000.5,"Fst",0.00912851367866863,0,0.0299199917231309,0.109684011164274
"1173001","1183000",1178000.5,"Fst",0.018452380952381,0,0.029720381692131,0.0525070010620172
"1174001","1184000",1179000.5,"Fst",0.0186219739292366,0,0.0316707598758847,0.0562646685391096
"1175001","1185000",1180000.5,"Fst",0.0110994028802247,0,0.0257820670915937,0.0614328665242503
"1176001","1186000",1181000.5,"Fst",0.00378355527372642,0,0.0290230839689028,0.0625842620736239
"1177001","1187000",1182000.5,"Fst",0,0,0.0292098339993091,0.0628030029608212
"1178001","1188000",1183000.5,"Fst",0,0,0.0270776344102252,0.0694553545770537
"1179001","1189000",1184000.5,"Fst",0.0348393504554126,0,0.0325707788393538,0.0778898245499551
"1180001","1190000",1185000.5,"Fst",0.0339231855872868,0,0.031719605873787,0.0759752056059658
"1181001","1191000",1186000.5,"Fst",0.0377545457277242,0,0.0327702331030954,0.0808536205503892
"1182001","1192000",1187000.5,"Fst",0.0321732926633135,0,0.0291667582600368,0.0655866682158448
"1183001","1193000",1188000.5,"Fst",0.0317268681774472,0,0.0280223033736092,0.0621585766765784
"1184001","1194000",1189000.5,"Fst",0.0311138061657965,0,0.02829115395479,0.061213152668176
"1185001","1195000",1190000.5,"Fst",0.0272138407712741,0,0.0279348120285661,0.0561091522636247
"1186001","1196000",1191000.5,"Fst",0.0246395378387267,0,0.0352755362034851,0.0746484202074493
"1187001","1197000",1192000.5,"Fst",0.0306263563439557,0,0.0342670097073512,0.0713750739335383
"1188001","1198000",1193000.5,"Fst",0.0305014296422976,0,0.0345731724175525,0.0732333509796782
"1189001","1199000",1194000.5,"Fst",0.00981274598048043,0,0.0400774761626953,0.0980216635850849
"1190001","1200000",1195000.5,"Fst",0.0135893301081771,0,0.0376477126275004,0.0929947468108701
"1191001","1201000",1196000.5,"Fst",0.0155719413990492,0,0.0375016615738498,0.0891369748812934
"1192001","1202000",1197000.5,"Fst",0.0181422484793272,0,0.0337232152268504,0.0893878149412529
"1193001","1203000",1198000.5,"Fst",0.0176691923096747,0,0.0349051540754757,0.0914490069608531
"1194001","1204000",1199000.5,"Fst",0.0186408868125784,0,0.033980963411917,0.0874970019144139
"1195001","1205000",1200000.5,"Fst",0.0278751152680806,0,0.030069818142648,0.0600786974859218
"1196001","1206000",1201000.5,"Fst",0.0402388275737289,0,0.0317192583050167,0.0738841431075191
"1197001","1207000",1202000.5,"Fst",0.0345999868740566,0,0.0326408220481488,0.0806047294578038
"1198001","1208000",1203000.5,"Fst",0.0338281450703124,0,0.0321245747103644,0.0778202035716989
"1199001","1209000",1204000.5,"Fst",0.0264844373694348,0,0.0302438198822911,0.0664085433372226
"1200001","1210000",1205000.5,"Fst",0.0233760620794657,0,0.0317288681172313,0.0688715466611243
"1201001","1211000",1206000.5,"Fst",0.0220841619518913,0,0.0324704695888078,0.0717009408538746
"1202001","1212000",1207000.5,"Fst",0.0232644327281551,0,0.0360644943987212,0.0818202724756382
"1203001","1213000",1208000.5,"Fst",0.0282607231487382,0,0.0292092300614837,0.0587015511480429
"1204001","1214000",1209000.5,"Fst",0.0270370609504131,0,0.0302330470481088,0.0609497815626467
"1205001","1215000",1210000.5,"Fst",0.0156326454731361,0,0.0307972722402786,0.0838609166919841
"1206001","1216000",1211000.5,"Fst",0.00526110705215188,0,0.0320040593452547,0.0921580547112462
"1207001","1217000",1212000.5,"Fst",0.0306291596491003,0,0.0360187045270219,0.084056139736316
"1208001","1218000",1213000.5,"Fst",0.0316524013990388,0,0.0387181696185408,0.0886320335791332
"1209001","1219000",1214000.5,"Fst",0.0305269546291647,0,0.036665827152302,0.0837299839362684
"1210001","1220000",1215000.5,"Fst",0.0306985614319607,0,0.0368695752916701,0.0835352463162943
"1211001","1221000",1216000.5,"Fst",0.0311837173734013,0,0.0330398816615871,0.0753892760304883
"1212001","1222000",1217000.5,"Fst",0.0377910978787998,0,0.0316556868489068,0.0697113268608414
"1213001","1223000",1218000.5,"Fst",0.043517138599106,0,0.0297444865850556,0.059345508213608
"1214001","1224000",1219000.5,"Fst",0.0436713375209958,0,0.0298591595538281,0.0595539022155045
"1215001","1225000",1220000.5,"Fst",0.04366707193716,0,0.0298958244171392,0.0592990543003092
"1216001","1226000",1221000.5,"Fst",0.0527343587178524,0,0.0301622447146584,0.0643062473559559
"1217001","1227000",1222000.5,"Fst",0.0468414781519542,0,0.0292627565095346,0.0734774126223136
"1218001","1228000",1223000.5,"Fst",0.0448955038116476,0,0.0288696260193166,0.0797499721715603
"1219001","1229000",1224000.5,"Fst",0.0537312108839727,0,0.0318489049565554,0.109846303618087
"1220001","1230000",1225000.5,"Fst",0.0535509637856918,0,0.0304216122683629,0.103938524411982
"1221001","1231000",1226000.5,"Fst",0.058603906281168,0,0.0278473732812042,0.115377005098891
"1222001","1232000",1227000.5,"Fst",0.0453770582537706,0,0.0257073451586179,0.0850369725967812
"1223001","1233000",1228000.5,"Fst",0.0171426594714267,0,0.0242285023155394,0.0495564332627297
"1224001","1234000",1229000.5,"Fst",0.0171386101820883,0,0.0233828854452852,0.0487319198103769
"1225001","1235000",1230000.5,"Fst",0.0179978700745473,0,0.0234760306352532,0.0503463144149006
"1226001","1236000",1231000.5,"Fst",0.0246991655687308,0,0.0217234508045402,0.0449051357125098
"1227001","1237000",1232000.5,"Fst",0.0256985105290188,0,0.0219391260951557,0.0463180657569516
"1228001","1238000",1233000.5,"Fst",0.0310505394662125,0,0.0148827376400973,0.0400829259236337
"1229001","1239000",1234000.5,"Fst",0.0274025167879917,0,0.0281478609878753,0.0519853783994935
"1230001","1240000",1235000.5,"Fst",0.0209519012843113,0,0.0347534146501282,0.0662720631365649
"1231001","1241000",1236000.5,"Fst",0.0116564639929125,0,0.0277770665133209,0.0695250516550473
"1232001","1242000",1237000.5,"Fst",0.022724977845565,0,0.0394151797644351,0.102009962630229
"1233001","1243000",1238000.5,"Fst",0.024077841982945,0,0.0386671673318622,0.10400025339241
"1234001","1244000",1239000.5,"Fst",0.0228907467140632,0,0.0344846151653155,0.0950697172120083
"1235001","1245000",1240000.5,"Fst",0.0215554199579592,0,0.0314666625701462,0.0866551126043501
"1236001","1246000",1241000.5,"Fst",0.0187971238326063,0,0.0334289376213007,0.0898878733284688
"1237001","1247000",1242000.5,"Fst",0.0194126807690738,0,0.0324977195026388,0.0878143479697909
"1238001","1248000",1243000.5,"Fst",0.0193206241155846,0,0.0323880100920523,0.0874589262197405
"1239001","1249000",1244000.5,"Fst",0.0197238104830951,0,0.0326722677381495,0.0876456179029799
"1240001","1250000",1245000.5,"Fst",0.019835017002008,0,0.0329506774907415,0.0886271111531404
"1241001","1251000",1246000.5,"Fst",0.0241034424251926,0,0.0369930734826681,0.102120877104053
"1242001","1252000",1247000.5,"Fst",0.0158694670542545,0,0.0179234808230791,0.0445577498087296
"1243001","1253000",1248000.5,"Fst",0.00929731066689876,0,0.0166862296768937,0.0347601846976632
"1244001","1254000",1249000.5,"Fst",0.0102615745847408,0,0.0224369520083618,0.0595947638477692
"1245001","1255000",1250000.5,"Fst",0.011552141129606,0,0.0224467756697013,0.0692982363940914
"1246001","1256000",1251000.5,"Fst",0.0163396555482885,0,0.024000777174348,0.054812812259621
"1247001","1257000",1252000.5,"Fst",0.0180384101083312,0,0.0219035372592147,0.0487354452361964
"1248001","1258000",1253000.5,"Fst",0.0278115327295656,0,0.0208728650020897,0.0484476201085313
"1249001","1259000",1254000.5,"Fst",0.0271439704536983,0,0.0192867384049644,0.0401122945260565
"1250001","1260000",1255000.5,"Fst",0.0247104731159206,0,0.0189781782049757,0.035770449525916
"1251001","1261000",1256000.5,"Fst",0.0238249571045184,0,0.0188100778634569,0.0330419765949852
"1252001","1262000",1257000.5,"Fst",0.0268357634777908,0,0.0270194225679902,0.0578557407000624
"1253001","1263000",1258000.5,"Fst",0.0274379632377455,0,0.0280578443689689,0.0599055704787281
"1254001","1264000",1259000.5,"Fst",0.0282625139362392,0,0.027272913350265,0.0631673046990029
"1255001","1265000",1260000.5,"Fst",0.0289402033938216,0,0.0274696109720424,0.0641882744975529
"1256001","1266000",1261000.5,"Fst",0.0285566558293832,0,0.0309053131528675,0.0739144928409342
"1257001","1267000",1262000.5,"Fst",0.0282224374448893,0,0.0348180089537219,0.0829611214309324
"1258001","1268000",1263000.5,"Fst",0.0196906000232632,0,0.0407706059520721,0.0889971773978803
"1259001","1269000",1264000.5,"Fst",0.0210864456354506,0,0.0413592814764724,0.0905487656424988
"1260001","1270000",1265000.5,"Fst",0.0235581622678397,0,0.0407410947339303,0.0924175233487873
"1261001","1271000",1266000.5,"Fst",0.0249175884550582,0,0.0435406124471025,0.0976447847135841
"1262001","1272000",1267000.5,"Fst",0.0545395011013872,0,0.02730060299249,0.0876819480637735
"1263001","1273000",1268000.5,"Fst",0.0531451501314514,0,0.0258619104442542,0.0807010374138457
"1264001","1274000",1269000.5,"Fst",0.0556537524482874,0,0.0283038609309848,0.0893835803752119
"1265001","1275000",1270000.5,"Fst",0.0298004924870596,0,0.0344602147258585,0.0663899190282857
"1266001","1276000",1271000.5,"Fst",0.023571121129058,0,0.0372283111712746,0.0663677955309196
"1267001","1277000",1272000.5,"Fst",0.0183259772702589,0,0.0434555521143513,0.090677226574929
"1268001","1278000",1273000.5,"Fst",0.0184240306537751,0,0.0436817955743474,0.0912082236143723
"1269001","1279000",1274000.5,"Fst",0.0138883347355822,0,0.0476979379578881,0.110080373432389
"1270001","1280000",1275000.5,"Fst",0.00424709764563069,0,0.0537755085453564,0.131288197217815
"1271001","1281000",1276000.5,"Fst",0.00284651039041051,0,0.0510417959836547,0.127870313192478
"1272001","1282000",1277000.5,"Fst",0,0,0.0533268792091217,0.133633812515711
"1273001","1283000",1278000.5,"Fst",0,0,0.052577976834829,0.131623337703169
"1274001","1284000",1279000.5,"Fst",0,0,0.0515970469350928,0.126514176868101
"1275001","1285000",1280000.5,"Fst",0,0,0.045966858502013,0.121377587780899
"1276001","1286000",1281000.5,"Fst",0,0,0.0455550201018174,0.120890300060639
"1277001","1287000",1282000.5,"Fst",0,0,0.0415251033253263,0.109012925824845
"1278001","1288000",1283000.5,"Fst",0.000173058224279821,0,0.041312790835745,0.101256432512178
"1279001","1289000",1284000.5,"Fst",0.00315045363854283,0,0.0367115217731639,0.0854338447245641
"1280001","1290000",1285000.5,"Fst",0.00788645177112557,0,0.0353718235725737,0.0808212659522896
"1281001","1291000",1286000.5,"Fst",0.00881420702171432,0,0.0333002758228445,0.077424250182712
"1282001","1292000",1287000.5,"Fst",0.0130947666402651,0,0.031592724991721,0.0799022492690676
"1283001","1293000",1288000.5,"Fst",0.01432930191523,0,0.0321533512613426,0.0748062791622186
"1284001","1294000",1289000.5,"Fst",0.0195196573351691,0,0.0340575657983839,0.0836915565959623
"1285001","1295000",1290000.5,"Fst",0.0137715796410905,0,0.0341660330064304,0.100862248348333
"1286001","1296000",1291000.5,"Fst",0.0150688614704387,0,0.0335012063879177,0.100139721238199
"1287001","1297000",1292000.5,"Fst",0.0200782626121992,0,0.031860231630464,0.0970621430281472
"1288001","1298000",1293000.5,"Fst",0.0205085112148309,0,0.0259260224971173,0.0816231071574208
"1289001","1299000",1294000.5,"Fst",0.0212687353557393,0,0.0275989684466571,0.0759244543253547
"1290001","1300000",1295000.5,"Fst",0.0214238605991182,0,0.0256799580521401,0.0686174001406508
"1291001","1301000",1296000.5,"Fst",0.0224208767890198,0,0.0246955024737706,0.0633512552814417
"1292001","1302000",1297000.5,"Fst",0.0217829663040594,0,0.0247765952082025,0.0623804902862735
"1293001","1303000",1298000.5,"Fst",0.0171186326626741,0,0.0282317924230989,0.0745953194945507
"1294001","1304000",1299000.5,"Fst",0.0118128964059196,0,0.0329074202062114,0.0977360719608977
"1295001","1305000",1300000.5,"Fst",0.0116983532954926,0,0.0300434775534031,0.0851347225402641
"1296001","1306000",1301000.5,"Fst",0.0112339437045551,0,0.0273145049091573,0.075501602052519
"1297001","1307000",1302000.5,"Fst",0.00675208032328334,0,0.0295371857675718,0.0810424769815633
"1298001","1308000",1303000.5,"Fst",0.00750397620407195,0,0.0301486895643976,0.0816274013931406
"1299001","1309000",1304000.5,"Fst",0.00541526922553659,0,0.0274014820907718,0.0767500508440107
"1300001","1310000",1305000.5,"Fst",0.00339912890371619,0,0.0264824746172563,0.0666703032381071
"1301001","1311000",1306000.5,"Fst",0.000892471725804866,0,0.0263602050155287,0.0519988293824993
"1302001","1312000",1307000.5,"Fst",0.00243492364902276,0,0.0275245035386711,0.0525779813205438
"1303001","1313000",1308000.5,"Fst",0.00287366191539284,0,0.0327313163107013,0.0924908883510002
"1304001","1314000",1309000.5,"Fst",0.00428238620003663,0,0.0360088398950998,0.105284717761475
"1305001","1315000",1310000.5,"Fst",0.00335767270542531,0,0.0381887361412084,0.116113328406011
"1306001","1316000",1311000.5,"Fst",0.00245036088409589,0,0.0374941762630814,0.119135160601013
"1307001","1317000",1312000.5,"Fst",0.00105422036456526,0,0.0433455399826459,0.130402617726561
"1308001","1318000",1313000.5,"Fst",0,0,0.0400024167594266,0.131337114514685
"1309001","1319000",1314000.5,"Fst",0,0,0.0429238026532007,0.139274850397817
"1310001","1320000",1315000.5,"Fst",0,0,0.0423504124984871,0.139007691295339
"1311001","1321000",1316000.5,"Fst",0,0,0.0394449011275641,0.126917258549226
"1312001","1322000",1317000.5,"Fst",0,0,0.039314480179759,0.125283095774899
"1313001","1323000",1318000.5,"Fst",0,0,0.0389758218012988,0.112712819735923
"1314001","1324000",1319000.5,"Fst",0,0,0.0405103150694868,0.121962049858031
"1315001","1325000",1320000.5,"Fst",0,0,0.044985458644669,0.1379918450578
"1316001","1326000",1321000.5,"Fst",0,0,0.0452803067234977,0.141688547473823
"1317001","1327000",1322000.5,"Fst",0,0,0.0450434322373178,0.143687206779159
"1318001","1328000",1323000.5,"Fst",0.000498768359993407,0,0.0522828815937166,0.165953527859363
"1319001","1329000",1324000.5,"Fst",0.000466171477239929,0,0.0501339064237604,0.16330637717142
"1320001","1330000",1325000.5,"Fst",0.00246565679845234,0,0.0505331098270246,0.157029453376548
"1321001","1331000",1326000.5,"Fst",0.00321653763269225,0,0.048979472553259,0.151244438064161
"1322001","1332000",1327000.5,"Fst",0.00250896999487438,0,0.0461986439122167,0.139518061725509
"1323001","1333000",1328000.5,"Fst",0.00106691426643213,0,0.0418335957687665,0.117956837212453
"1324001","1334000",1329000.5,"Fst",0.00304769769224456,0,0.0378148576661881,0.0885382626123036
"1325001","1335000",1330000.5,"Fst",0.00168666397040096,0,0.0346451459364859,0.0703910314752784
"1326001","1336000",1331000.5,"Fst",0.00257173923320564,0,0.0318732496341744,0.0701817834903123
"1327001","1337000",1332000.5,"Fst",0.000959402531666265,0,0.0312637423586024,0.0712629943369143
"1328001","1338000",1333000.5,"Fst",0,0,0.031557454707815,0.0685579527915988
"1329001","1339000",1334000.5,"Fst",0.00232294326787119,0,0.0275106897971937,0.0601091820667937
"1330001","1340000",1335000.5,"Fst",0.00606129747650486,0,0.0254094539196758,0.0572290753734053
"1331001","1341000",1336000.5,"Fst",0.0109676612917627,0,0.02599048077972,0.0599702432843975
"1332001","1342000",1337000.5,"Fst",0.0123091852777285,0,0.0249857366973868,0.0572625479602223
"1333001","1343000",1338000.5,"Fst",0.0146048392191547,0,0.0252386380268105,0.0537837615283268
"1334001","1344000",1339000.5,"Fst",0.0153425518712114,0,0.0249890289161702,0.0478818404063611
"1335001","1345000",1340000.5,"Fst",0.016812341971173,0,0.0266398605860477,0.0565407886501146
"1336001","1346000",1341000.5,"Fst",0.0158941344778255,0,0.0265959619326073,0.0582487685906938
"1337001","1347000",1342000.5,"Fst",0.0210511967103245,0,0.029262698411486,0.0685849081058663
"1338001","1348000",1343000.5,"Fst",0.0284874408614098,0,0.0306453975575337,0.0854862066794391
"1339001","1349000",1344000.5,"Fst",0.0325240862764918,0,0.0265654019599534,0.0948733398609123
"1340001","1350000",1345000.5,"Fst",0.00364717006618942,0,0.0215242110253462,0.0519753656168941
"1341001","1351000",1346000.5,"Fst",0.00349845988639907,0,0.021502539916013,0.0564205355306978
"1342001","1352000",1347000.5,"Fst",0.00283339726377696,0,0.0300826394964433,0.114364341085271
"1343001","1353000",1348000.5,"Fst",0.00145741873629035,0,0.0304937476171426,0.109734309923883
"1344001","1354000",1349000.5,"Fst",0.00271643197284688,0,0.0293152098470832,0.104608173235624
"1345001","1355000",1350000.5,"Fst",0.00294370650394571,0,0.0296139029575269,0.106392961876833
"1346001","1356000",1351000.5,"Fst",0.00296263749139536,0,0.0298435789803594,0.108923743486085
"1347001","1357000",1352000.5,"Fst",0.00300947416029895,0,0.0302952102329396,0.110594225739968
"1348001","1358000",1353000.5,"Fst",0.00441646561688414,0,0.0302684610551416,0.107308344902052
"1349001","1359000",1354000.5,"Fst",0.00394355652030587,0,0.0283687475741691,0.107725077641014
"1350001","1360000",1355000.5,"Fst",0.00773855088439135,0,0.0298286503323292,0.120460550778718
"1351001","1361000",1356000.5,"Fst",0.0136582656716884,0,0.029524421552692,0.114764292724819
"1352001","1362000",1357000.5,"Fst",0.0170120399478197,0,0.0229699637321119,0.047374020981102
"1353001","1363000",1358000.5,"Fst",0.0278768998395166,0,0.0207287847615163,0.0374439916943782
"1354001","1364000",1359000.5,"Fst",0.0275656356649557,0,0.0238516231962819,0.0417865643539735
"1355001","1365000",1360000.5,"Fst",0.0200175226334015,0,0.0259407028265469,0.0540271612807935
"1356001","1366000",1361000.5,"Fst",0.022590985731518,0,0.0246402350915893,0.0533726212135701
"1357001","1367000",1362000.5,"Fst",0.0214027225076949,0,0.0240548662193379,0.0520906607712195
"1358001","1368000",1363000.5,"Fst",0.0198828169333787,0,0.0260749251416898,0.0585411619553134
"1359001","1369000",1364000.5,"Fst",0.0224197671501318,0,0.0237238589444108,0.0557909032427153
"1360001","1370000",1365000.5,"Fst",0.0224197671501318,0,0.0237226264737359,0.0557909032427153
"1361001","1371000",1366000.5,"Fst",0.0150208523510355,0,0.0284160983722919,0.0621369155634584
"1362001","1372000",1367000.5,"Fst",0.0108671572118048,0,0.0300944640042812,0.0645186423188857
"1363001","1373000",1368000.5,"Fst",0.0194322555480988,0,0.0245593126736338,0.0493256007984123
"1364001","1374000",1369000.5,"Fst",0.0165737332318573,0,0.021999004125831,0.0438094275462244
"1365001","1375000",1370000.5,"Fst",0.0227291272578911,0,0.0181157021726545,0.0482806175354379
"1366001","1376000",1371000.5,"Fst",0.0203353330256882,0,0.0191209119759753,0.0507137490608565
"1367001","1377000",1372000.5,"Fst",0.0310263903102639,0,0.0229224020026286,0.042815170286218
"1368001","1378000",1373000.5,"Fst",0.028583098476494,0,0.0236441876463726,0.0492614591407495
"1369001","1379000",1374000.5,"Fst",0.0299986239163341,0,0.0262485597055363,0.0546851769329344
"1370001","1380000",1375000.5,"Fst",0.0302022720975339,0,0.0264575741790709,0.055106116174687
"1371001","1381000",1376000.5,"Fst",0.0252301400458771,0,0.0232882573733192,0.0495841951210847
"1372001","1382000",1377000.5,"Fst",0.0253643445525364,0,0.0229172948227628,0.0485531563504754
"1373001","1383000",1378000.5,"Fst",0.0231683002954103,0,0.0270366437564219,0.0583520155661774
"1374001","1384000",1379000.5,"Fst",0.026244092299138,0,0.0286554577480026,0.0617630049784481
"1375001","1385000",1380000.5,"Fst",0.0226418449851691,0,0.0332266777963948,0.062086608953553
"1376001","1386000",1381000.5,"Fst",0.0226418449851691,0,0.0332266777963948,0.062086608953553
"1377001","1387000",1382000.5,"Fst",0,0,0.0235007785451915,0.0572315376177007
"1378001","1388000",1383000.5,"Fst",0.0182635284805076,0,0.0323086235471607,0.0609233631876616
"1379001","1389000",1384000.5,"Fst",0.0182014317936648,0,0.0326048157545257,0.0626866502978957
"1380001","1390000",1385000.5,"Fst",0.0202302090674185,0,0.0299245821892874,0.0563891835960646
"1381001","1391000",1386000.5,"Fst",0.0221749822850236,0,0.0314537299875531,0.0587054257038735
"1382001","1392000",1387000.5,"Fst",0.0277910685805423,0,0.0301337127827828,0.0588450758058352
"1383001","1393000",1388000.5,"Fst",0.0602157914194136,0,0.0309798463551689,0.0733317179846583
"1384001","1394000",1389000.5,"Fst",0.0600696969696971,0,0.0310671440451914,0.0725759564302106
"1385001","1395000",1390000.5,"Fst",0.056863138332364,0,0.0292494265349578,0.0635290650972604
"1386001","1396000",1391000.5,"Fst",0.0567529380475075,0,0.0292876546290197,0.0629247202968699
"1387001","1397000",1392000.5,"Fst",0.0576291834685996,0,0.030209612446737,0.0648338359278385
"1388001","1398000",1393000.5,"Fst",0.063089208304814,0,0.0284285460331703,0.0591501468428782
"1389001","1399000",1394000.5,"Fst",0.0545711350796096,0,0.0290189371402841,0.054804183896862
"1390001","1400000",1395000.5,"Fst",0.057234695129432,0,0.0283272750990329,0.0526207025450597
"1391001","1401000",1396000.5,"Fst",0.0635854277851267,0,0.0302560932694772,0.056805693250025
"1392001","1402000",1397000.5,"Fst",0.0548987568176298,0,0.0280999059078231,0.0537919577567155
"1393001","1403000",1398000.5,"Fst",0.0245392356399821,0,0.0241569106791119,0.0584171432327614
"1394001","1404000",1399000.5,"Fst",0.0197916189603846,0,0.023876259596038,0.0545401241971162
"1395001","1405000",1400000.5,"Fst",0.0193092232206846,0,0.023005877625108,0.059330239057743
"1396001","1406000",1401000.5,"Fst",0.0191610952367742,0,0.0234351244548111,0.0601793089553743
"1397001","1407000",1402000.5,"Fst",0.0191406520624627,0,0.0234351244548111,0.0602430292946099
"1398001","1408000",1403000.5,"Fst",0.0231999863844852,0,0.0273204404824581,0.0556733060946546
"1399001","1409000",1404000.5,"Fst",0.0282077532077533,0,0.0273022896127252,0.0653436795214644
"1400001","1410000",1405000.5,"Fst",0.0291855732573731,0,0.0277600808842475,0.0624110055311301
"1401001","1411000",1406000.5,"Fst",0.0195351131857081,0,0.0273596176856474,0.0784387569777936
"1402001","1412000",1407000.5,"Fst",0.0238128257854716,0,0.028389986874859,0.079977518617395
"1403001","1413000",1408000.5,"Fst",0.0216409976829767,0,0.0318979136325038,0.0812372337321272
"1404001","1414000",1409000.5,"Fst",0.0284351325757575,0,0.029043062392204,0.0796303065114092
"1405001","1415000",1410000.5,"Fst",0.0290304843046617,0,0.0296494568176649,0.0811529933481154
"1406001","1416000",1411000.5,"Fst",0.0236868017040432,0,0.0257085116068591,0.0698717475321863
"1407001","1417000",1412000.5,"Fst",0.0230204656366337,0,0.0247920611104777,0.0669053776274784
"1408001","1418000",1413000.5,"Fst",0.00741676019453796,0,0.0297978096268809,0.0886203829115764
"1409001","1419000",1414000.5,"Fst",0.00770196230994014,0,0.0295759565956966,0.0883359322591107
"1410001","1420000",1415000.5,"Fst",0.00380747810088311,0,0.0286603704705728,0.0854898975314798
"1411001","1421000",1416000.5,"Fst",0.0104512102153612,0,0.026717300736869,0.0603431149131111
"1412001","1422000",1417000.5,"Fst",0.00902034742000868,0,0.028925115376159,0.0643580435014327
"1413001","1423000",1418000.5,"Fst",0.00891466970964871,0,0.0285907146180413,0.0636208681207658
"1414001","1424000",1419000.5,"Fst",0.00891466970964871,0,0.027768927638085,0.0627831234288121
"1415001","1425000",1420000.5,"Fst",0.00846375216409267,0,0.0253772157035549,0.0570897867564535
"1416001","1426000",1421000.5,"Fst",0.0114196945094648,0,0.0270637895565603,0.0660337552742617
"1417001","1427000",1422000.5,"Fst",0.00888451074209584,0,0.0271330689351978,0.0616771890046455
"1418001","1428000",1423000.5,"Fst",0.0142178467960071,0,0.0273816804587722,0.0681912333536588
"1419001","1429000",1424000.5,"Fst",0.0165673704167872,0,0.0259072650915154,0.0639010844684604
"1420001","1430000",1425000.5,"Fst",0.0093306606925283,0,0.0290616560564909,0.0674872743252647
"1421001","1431000",1426000.5,"Fst",0.00992434130603059,0,0.0272079893238658,0.0639675696672802
"1422001","1432000",1427000.5,"Fst",0.0273338945005611,0,0.0366414492239172,0.123906305175187
"1423001","1433000",1428000.5,"Fst",0.0271626249716446,0,0.0359278976870667,0.121937072221291
"1424001","1434000",1429000.5,"Fst",0.0266847990329404,0,0.0372972212930183,0.121557458760128
"1425001","1435000",1430000.5,"Fst",0.0275783760622723,0,0.0387488321835471,0.12687831508078
"1426001","1436000",1431000.5,"Fst",0.0280468888337996,0,0.0389128372769017,0.125621835791327
"1427001","1437000",1432000.5,"Fst",0.0296034943865418,0,0.0386706979285619,0.124794745484401
"1428001","1438000",1433000.5,"Fst",0.0325475111108726,0,0.0418503313884375,0.131873837054291
"1429001","1439000",1434000.5,"Fst",0.0320107363294514,0,0.0434003663958195,0.136475947736042
"1430001","1440000",1435000.5,"Fst",0.0301957373777912,0,0.0418778434491422,0.133434826173012
"1431001","1441000",1436000.5,"Fst",0.0310970210946193,0,0.0438057922233607,0.136787270297164
"1432001","1442000",1437000.5,"Fst",0.0173304764545915,0,0.0317084909604827,0.0823104991783826
"1433001","1443000",1438000.5,"Fst",0.0168282960741899,0,0.0322050284272657,0.0812554167398496
"1434001","1444000",1439000.5,"Fst",0.0118791612681133,0,0.0265071177029932,0.0444639469531762
"1435001","1445000",1440000.5,"Fst",0.0128893952214458,0,0.0242160414172794,0.0429706039033366
"1436001","1446000",1441000.5,"Fst",0.0067277443197028,0,0.0266705561711315,0.0519526944845119
"1437001","1447000",1442000.5,"Fst",0.0105530355245751,0,0.0295466349736724,0.0627700765539908
"1438001","1448000",1443000.5,"Fst",0.00997078039331567,0,0.0302991778936401,0.0646648184642106
"1439001","1449000",1444000.5,"Fst",0.00989573150863454,0,0.0299975638447823,0.0641279024831896
"1440001","1450000",1445000.5,"Fst",0.0134864546525323,0,0.0279267114115305,0.0592208548599719
"1441001","1451000",1446000.5,"Fst",0.0141435233521265,0,0.0295817368677865,0.0688056917491882
"1442001","1452000",1447000.5,"Fst",0.0129364923960577,0,0.0281894458810426,0.0659857014426986
"1443001","1453000",1448000.5,"Fst",0.0149351061558261,0,0.0261333284135334,0.0645806607132468
"1444001","1454000",1449000.5,"Fst",0.0148531829927179,0,0.0275578354279136,0.0653902215794172
"1445001","1455000",1450000.5,"Fst",0.0507850095246239,0,0.0261506897483595,0.056710629269614
"1446001","1456000",1451000.5,"Fst",0.06792532656407,0,0.029108410351246,0.0634400790955414
"1447001","1457000",1452000.5,"Fst",0.0793746556473828,0,0.0250414566078262,0.0463810518982933
"1448001","1458000",1453000.5,"Fst",0.0811828184213121,0,0.0256664380344742,0.0476067899380783
"1449001","1459000",1454000.5,"Fst",0.0821181483302338,0,0.0259070523162663,0.0481636609590776
"1450001","1460000",1455000.5,"Fst",0.0896186011868619,0,0.0285509796890511,0.0513420147863689
"1451001","1461000",1456000.5,"Fst",0.0860770911579225,0,0.0273918128900574,0.0492867326763871
"1452001","1462000",1457000.5,"Fst",0.0928157093952073,0,0.0273979706089301,0.0495857612628449
"1453001","1463000",1458000.5,"Fst",0.0988159047118585,0,0.0298575091070694,0.0534720082177709
"1454001","1464000",1459000.5,"Fst",0.100564287532142,0,0.029177147380625,0.0542127150869249
"1455001","1465000",1460000.5,"Fst",0.0285807931825631,0,0.016520600422376,0.0428924058153216
"1456001","1466000",1461000.5,"Fst",0.0110347020709941,0,0.0181822770671562,0.0546959914268171
"1457001","1467000",1462000.5,"Fst",0.01077096185931,0,0.0178068913508017,0.0534224328029084
"1458001","1468000",1463000.5,"Fst",0.0141501664936087,0,0.0172337291737447,0.0493245909811606
"1459001","1469000",1464000.5,"Fst",0.0220614596670935,0,0.0212629860699584,0.0433078723820057
"1460001","1470000",1465000.5,"Fst",0.0217060383393048,0,0.0203580162672,0.0418339323856811
"1461001","1471000",1466000.5,"Fst",0.0146273871919994,0,0.0235758697533266,0.046784138394553
"1462001","1472000",1467000.5,"Fst",0.0154989795654756,0,0.0238817308992661,0.040642309771376
"1463001","1473000",1468000.5,"Fst",0.0150281488161216,0,0.0231952719708282,0.0393139679375976
"1464001","1474000",1469000.5,"Fst",0.0169992609016999,0,0.0219158683259921,0.0396550654507103
"1465001","1475000",1470000.5,"Fst",0.0223522352235225,0,0.0238146597425585,0.0516763157712713
"1466001","1476000",1471000.5,"Fst",0.0226512617816965,0,0.024089001924146,0.0522608355018328
"1467001","1477000",1472000.5,"Fst",0.0233018010795788,0,0.0252200162602763,0.0544910531810097
"1468001","1478000",1473000.5,"Fst",0.0196603097575908,0,0.0234162966920234,0.0495186218307746
"1469001","1479000",1474000.5,"Fst",0.0150820751812956,0,0.0235272486709127,0.0486135891354086
"1470001","1480000",1475000.5,"Fst",0.0154778789403853,0,0.0248005178799663,0.0512680835863547
"1471001","1481000",1476000.5,"Fst",0.0178559791463018,0,0.0229411694557052,0.0521210638847512
"1472001","1482000",1477000.5,"Fst",0.012935241841492,0,0.0249400184050641,0.0444320642749272
"1473001","1483000",1478000.5,"Fst",0.0419795221843002,0,0.0291655368894042,0.0849358266101548
"1474001","1484000",1479000.5,"Fst",0.0688584668385264,0,0.0444718477030267,0.149290484604016
"1475001","1485000",1480000.5,"Fst",0.0681495181224647,0,0.0430670773894964,0.131296049794709
"1476001","1486000",1481000.5,"Fst",0.0664390607926227,0,0.0396420828694963,0.110707173099469
"1477001","1487000",1482000.5,"Fst",0.0710223803639402,0,0.0426930338790803,0.115517557179743
"1478001","1488000",1483000.5,"Fst",0.0763266929926562,0,0.0442844602136445,0.124486870690615
"1479001","1489000",1484000.5,"Fst",0.0826282192383887,0,0.0480713382293261,0.120847302140903
"1480001","1490000",1485000.5,"Fst",0.0795949318302258,0,0.0450471274973512,0.118583036764369
"1481001","1491000",1486000.5,"Fst",0.0817846310760394,0,0.0462556137767606,0.122834207541517
"1482001","1492000",1487000.5,"Fst",0.0768762501530799,0,0.0467738752017438,0.128378656857302
"1483001","1493000",1488000.5,"Fst",0.0721138164120154,0,0.0470611056296482,0.130919625182098
"1484001","1494000",1489000.5,"Fst",0.0673185785141668,0,0.0458550870565087,0.134280377462419
"1485001","1495000",1490000.5,"Fst",0.0650887785679145,0,0.0456257935447143,0.134208688692837
"1486001","1496000",1491000.5,"Fst",0.0653656646039764,0,0.0449929169579931,0.134348556239412
"1487001","1497000",1492000.5,"Fst",0.0608909058723187,0,0.0407957976287132,0.124882404122853
"1488001","1498000",1493000.5,"Fst",0.0540354597305308,0,0.0407098383098968,0.114867061230301
"1489001","1499000",1494000.5,"Fst",0.0272525625304421,0,0.036923192232266,0.0705195473241468
"1490001","1500000",1495000.5,"Fst",0.0220718372879009,0,0.0385677550420377,0.0755855046640193
"1491001","1501000",1496000.5,"Fst",0.0209811888668761,0,0.038101511640252,0.078633241066288
"1492001","1502000",1497000.5,"Fst",0.0170039738421917,0,0.0382016052440936,0.0954558033725581
"1493001","1503000",1498000.5,"Fst",0.0129207741502244,0,0.04111232441529,0.104708059932611
"1494001","1504000",1499000.5,"Fst",0.00157623651617689,0,0.0481188206409919,0.110431277225531
"1495001","1505000",1500000.5,"Fst",0.000191602731226426,0,0.0476157477787882,0.110722827174604
"1496001","1506000",1501000.5,"Fst",0.000187322640615939,0,0.0465343760109248,0.108491788920554
"1497001","1507000",1502000.5,"Fst",0,0,0.0469384917750374,0.108877064825579
"1498001","1508000",1503000.5,"Fst",0.00485126516290002,0,0.0448911908748182,0.101618544579418
"1499001","1509000",1504000.5,"Fst",0.00824738394484203,0,0.0293206137630013,0.0673113322652374
"1500001","1510000",1505000.5,"Fst",0.011524653025213,0,0.0278244907042287,0.0651913010208393
"1501001","1511000",1506000.5,"Fst",0.00432836114886437,0,0.0246049709186118,0.0606215972477371
"1502001","1512000",1507000.5,"Fst",0.00188982832162021,0,0.0245661407196197,0.0552647053957759
"1503001","1513000",1508000.5,"Fst",0.00396340536761797,0,0.0297524800422174,0.0533409437405652
"1504001","1514000",1509000.5,"Fst",0.00318758228812976,0,0.0293465748329807,0.0518776929219101
"1505001","1515000",1510000.5,"Fst",0.00242545515181825,0,0.0308636437587588,0.0549849575630508
"1506001","1516000",1511000.5,"Fst",0,0,0.0374055882975527,0.0626158457104629
"1507001","1517000",1512000.5,"Fst",0,0,0.0381471613478163,0.0645909806470522
"1508001","1518000",1513000.5,"Fst",0,0,0.0403590306710407,0.0678640438135343
"1509001","1519000",1514000.5,"Fst",0,0,0.0408150180903841,0.0686892439761916
"1510001","1520000",1515000.5,"Fst",0,0,0.0402236099457029,0.0674189357461458
"1511001","1521000",1516000.5,"Fst",0,0,0.0436640475973796,0.0734447983530302
"1512001","1522000",1517000.5,"Fst",0,0,0.0461198837093366,0.0745310547550123
"1513001","1523000",1518000.5,"Fst",0,0,0.0436016673899047,0.0784165540646703
"1514001","1524000",1519000.5,"Fst",0.00408991694305072,0,0.038688536776731,0.0768313937145108
"1515001","1525000",1520000.5,"Fst",0.00699354954539055,0,0.0324192207586577,0.0717874932840374
"1516001","1526000",1521000.5,"Fst",0.0162225483380962,0,0.0234894339458468,0.0545298492445803
"1517001","1527000",1522000.5,"Fst",0.0157692548332604,0,0.0227960956297227,0.0529720586592625
"1518001","1528000",1523000.5,"Fst",0.0167569459024423,0,0.0224525219765588,0.0501157578444412
"1519001","1529000",1524000.5,"Fst",0.0288948574376714,0,0.0213557829115327,0.0412895452817238
"1520001","1530000",1525000.5,"Fst",0.0400848941678088,0,0.0201321503723061,0.038928748956604
"1521001","1531000",1526000.5,"Fst",0.0397493718188263,0,0.0203007105270572,0.0384113411341134
"1522001","1532000",1527000.5,"Fst",0.0384024302183711,0,0.0193336767720907,0.0351930672378018
"1523001","1533000",1528000.5,"Fst",0.0381171482718873,0,0.0176359106231237,0.0414248540377427
"1524001","1534000",1529000.5,"Fst",0.0333153143077277,0,0.0195729431894267,0.0415568752376084
"1525001","1535000",1530000.5,"Fst",0.0323923662053158,0,0.0182055368117311,0.0394253095114537
"1526001","1536000",1531000.5,"Fst",0.0265157760623547,0,0.0175086640424765,0.0338734783516614
"1527001","1537000",1532000.5,"Fst",0.0248466084998592,0,0.01752651825749,0.0337839436814371
"1528001","1538000",1533000.5,"Fst",0.0266801988030031,0,0.0189428848009746,0.0355250372351712
"1529001","1539000",1534000.5,"Fst",0.0234767818958398,0,0.0161331697214799,0.0345905460659559
"1530001","1540000",1535000.5,"Fst",0.0101670143677144,0,0.0154826504585061,0.0361977523889627
"1531001","1541000",1536000.5,"Fst",0.0101670143677144,0,0.0154826504585061,0.0361977523889627
"1532001","1542000",1537000.5,"Fst",0.0105109413171163,0,0.0162918347481584,0.0333718737313786
"1533001","1543000",1538000.5,"Fst",0.0131179232256282,0,0.0187281761996138,0.0385005065856129
"1534001","1544000",1539000.5,"Fst",0.0127871994565349,0,0.0181821854223893,0.0373353596757853
"1535001","1545000",1540000.5,"Fst",0.0118466659803012,0,0.0191284938097991,0.04118110431609
"1536001","1546000",1541000.5,"Fst",0.0250588118022331,0,0.0180673099948368,0.0337353938937053
"1537001","1547000",1542000.5,"Fst",0.0364807598117507,0,0.024130313045571,0.0506359245926108
"1538001","1548000",1543000.5,"Fst",0.0444438869935558,0,0.0222188794464087,0.0431137575364992
"1539001","1549000",1544000.5,"Fst",0.0393499469502886,0,0.0243693537528719,0.0684188477776174
"1540001","1550000",1545000.5,"Fst",0.0338602962328439,0,0.0239188246967395,0.0764465295194319
"1541001","1551000",1546000.5,"Fst",0.0395288820164796,0,0.0254152937892122,0.0706342135147563
"1542001","1552000",1547000.5,"Fst",0.0410473357065197,0,0.0272447204682753,0.0757887405512003
"1543001","1553000",1548000.5,"Fst",0.0446945917667858,0,0.0251419373093846,0.0664152426477898
"1544001","1554000",1549000.5,"Fst",0.0451748654817931,0,0.0251141922058579,0.0658106213258033
"1545001","1555000",1550000.5,"Fst",0.0479146918594697,0,0.027244610330277,0.0679810569686339
"1546001","1556000",1551000.5,"Fst",0.0459811287624647,0,0.0270506218582201,0.0709390991620021
"1547001","1557000",1552000.5,"Fst",0.0444124037661953,0,0.0286092155518251,0.0832046752116381
"1548001","1558000",1553000.5,"Fst",0.0387094839734939,0,0.0335782395910156,0.0932548890240726
"1549001","1559000",1554000.5,"Fst",0.0367446829419841,0,0.0311027897683963,0.0921706081342483
"1550001","1560000",1555000.5,"Fst",0.0385144319181258,0,0.029856404168101,0.087538462040454
"1551001","1561000",1556000.5,"Fst",0.0245083053092838,0,0.0304094235494098,0.0794685009162222
"1552001","1562000",1557000.5,"Fst",0.0228935237663418,0,0.0298032838100927,0.0762827035930999
"1553001","1563000",1558000.5,"Fst",0.00553918495297789,0,0.0363762305143113,0.101194273496142
"1554001","1564000",1559000.5,"Fst",0.00338055477374377,0,0.0366438668480834,0.100304948910833
"1555001","1565000",1560000.5,"Fst",0.00450723175243872,0,0.0330042118781699,0.0761951236515102
"1556001","1566000",1561000.5,"Fst",0.00467719071686734,0,0.0318349053119154,0.0739952397340498
"1557001","1567000",1562000.5,"Fst",0.00702970264723257,0,0.0306064262511476,0.0749420356286186
"1558001","1568000",1563000.5,"Fst",0.00686954764390857,0,0.0274551032669132,0.0625598383621402
"1559001","1569000",1564000.5,"Fst",0.0100878307774861,0,0.0272337303669643,0.0453906021631101
"1560001","1570000",1565000.5,"Fst",0.0103449769231722,0,0.0247874221645759,0.0455561725508534
"1561001","1571000",1566000.5,"Fst",0.0162135372415746,0,0.0237733749488808,0.057918040508714
"1562001","1572000",1567000.5,"Fst",0.0162143749871945,0,0.0234255067113988,0.0659567845452538
"1563001","1573000",1568000.5,"Fst",0.0135768094420469,0,0.0244208451154019,0.0694271120198582
"1564001","1574000",1569000.5,"Fst",0.0203158938023238,0,0.0245279854625592,0.0627346778760292
"1565001","1575000",1570000.5,"Fst",0.0220628548227058,0,0.0285088018899049,0.0620489943977988
"1566001","1576000",1571000.5,"Fst",0.0241601772010333,0,0.0271885823101112,0.0585629996679523
"1567001","1577000",1572000.5,"Fst",0.0242551546977652,0,0.025416033496387,0.0591111560257777
"1568001","1578000",1573000.5,"Fst",0.0266003235125984,0,0.0267660953673202,0.055371933761811
"1569001","1579000",1574000.5,"Fst",0.0259026081223046,0,0.0251926970916936,0.0528244523858847
"1570001","1580000",1575000.5,"Fst",0.0302861862302423,0,0.0257640820075995,0.0531220007488421
"1571001","1581000",1576000.5,"Fst",0.029358569448547,0,0.027551379258603,0.0582805004636643
"1572001","1582000",1577000.5,"Fst",0.0291798873093121,0,0.0274179214966391,0.0580003057498966
"1573001","1583000",1578000.5,"Fst",0.0296089716524817,0,0.0266962888987288,0.057238655903654
"1574001","1584000",1579000.5,"Fst",0.0205196098399981,0,0.0239362652781691,0.0569652117848232
"1575001","1585000",1580000.5,"Fst",0.0213488865583582,0,0.0223980040313287,0.0616610819735819
"1576001","1586000",1581000.5,"Fst",0.00812121212121208,0,0.0224670227236306,0.0353870852361108
"1577001","1587000",1582000.5,"Fst",0.0176985954929323,0,0.0299455532052706,0.10688758684948
"1578001","1588000",1583000.5,"Fst",0.0214777199790824,0,0.0285836323900931,0.100031496549872
"1579001","1589000",1584000.5,"Fst",0.0228023772204806,0,0.0333284410319263,0.11508363394111
"1580001","1590000",1585000.5,"Fst",0.0181040274389166,0,0.0327551482326732,0.113576472690351
"1581001","1591000",1586000.5,"Fst",0.017305710162853,0,0.0350138615819774,0.118400768837905
"1582001","1592000",1587000.5,"Fst",0.0177278006546298,0,0.0358358280219819,0.121210913667918
"1583001","1593000",1588000.5,"Fst",0.0213204731962059,0,0.0410974300179945,0.129299025759697
"1584001","1594000",1589000.5,"Fst",0.0206009542502433,0,0.0366438755228539,0.115277617208594
"1585001","1595000",1590000.5,"Fst",0.0231173360886512,0,0.0300102383680214,0.0769235535973776
"1586001","1596000",1591000.5,"Fst",0.0258428838144478,0,0.0276442279411423,0.0723307727999175
"1587001","1597000",1592000.5,"Fst",0.0169252506961877,0,0.0225123265182466,0.0673567510841738
"1588001","1598000",1593000.5,"Fst",0.023773147739769,0,0.0245570889496851,0.0541428536770491
"1589001","1599000",1594000.5,"Fst",0.0493897684202891,0,0.0320205920092684,0.06130712478074
"1590001","1600000",1595000.5,"Fst",0.055304725103383,0,0.0308185637645591,0.0661507577818746
"1591001","1601000",1596000.5,"Fst",0.0571338383838382,0,0.0316646490584993,0.0681047385378706
"1592001","1602000",1597000.5,"Fst",0.0565127355560158,0,0.0314054022677567,0.0673300847422466
"1593001","1603000",1598000.5,"Fst",0.0555027398164654,0,0.0308967988082326,0.0647128923498145
"1594001","1604000",1599000.5,"Fst",0.0581396748946419,0,0.0326969426578885,0.0701948453561934
"1595001","1605000",1600000.5,"Fst",0.0704615861214374,0,0.0363638371012087,0.0753454482743754
"1596001","1606000",1601000.5,"Fst",0.0706377500495148,0,0.0356887352058197,0.0752495509809341
"1597001","1607000",1602000.5,"Fst",0.0739245395127748,0,0.0372024407821513,0.0801680253461963
"1598001","1608000",1603000.5,"Fst",0.0482097730068211,0,0.033092290732763,0.0860071423628238
"1599001","1609000",1604000.5,"Fst",0.012666846151545,0,0.0334785564512132,0.0867965315809945
"1600001","1610000",1605000.5,"Fst",0.0111979213873531,0,0.0327705662825891,0.0869000799137349
"1601001","1611000",1606000.5,"Fst",0.0110587263729423,0,0.033463981150495,0.0883635144198525
"1602001","1612000",1607000.5,"Fst",0.0118839517803249,0,0.0320882963153293,0.0835993072185773
"1603001","1613000",1608000.5,"Fst",0.00865344352617092,0,0.0295752474054243,0.0782422413889793
"1604001","1614000",1609000.5,"Fst",0.0114886080398061,0,0.0252326760092101,0.0703249573126126
"1605001","1615000",1610000.5,"Fst",0.0139470013947001,0,0.0241412381770177,0.0664461746743591
"1606001","1616000",1611000.5,"Fst",0.0146666666666668,0,0.0247723925976684,0.0661012813155128
"1607001","1617000",1612000.5,"Fst",0.0149051490514905,0,0.0251213371369873,0.0671666773384122
"1608001","1618000",1613000.5,"Fst",0.0171456033285275,0,0.0178996300467699,0.0673393555000321
"1609001","1619000",1614000.5,"Fst",0.0172952445489133,0,0.0129788394884741,0.0241405882101117
"1610001","1620000",1615000.5,"Fst",0.015881801984521,0,0.0133946896692927,0.0238570720710092
"1611001","1621000",1616000.5,"Fst",0.0153330477763953,0,0.0129377403448438,0.0229812856047723
"1612001","1622000",1617000.5,"Fst",0.0146927441748157,0,0.0144856458271674,0.0264321399498811
"1613001","1623000",1618000.5,"Fst",0.0189790110281037,0,0.0147317470350241,0.0256930164347312
"1614001","1624000",1619000.5,"Fst",0.0412037037037036,0,0.0319901125017663,0.0787617429687385
"1615001","1625000",1620000.5,"Fst",0.0403095280288263,0,0.0341000554852629,0.0883524510643154
"1616001","1626000",1621000.5,"Fst",0.0405733169615109,0,0.033707059369394,0.0790726844780899
"1617001","1627000",1622000.5,"Fst",0.0361401320234939,0,0.028293216773165,0.0674449308595649
"1618001","1628000",1623000.5,"Fst",0.0359336245012402,0,0.0296156565413378,0.0700862068965518
"1619001","1629000",1624000.5,"Fst",0.0423352854448262,0,0.0365689556244642,0.0840290581320221
"1620001","1630000",1625000.5,"Fst",0.0574375678610207,0,0.0314436917953248,0.0661722342252508
"1621001","1631000",1626000.5,"Fst",0.0609872922776148,0,0.0305663665468689,0.0668105101649406
"1622001","1632000",1627000.5,"Fst",0.0609872922776148,0,0.0305663665468689,0.0668105101649406
"1623001","1633000",1628000.5,"Fst",0.053816639615942,0,0.0276293809616006,0.0583958658227074
"1624001","1634000",1629000.5,"Fst",0.0395911686030262,0,0.0174220837159676,0.0477208673980389
"1625001","1635000",1630000.5,"Fst",0.0394708116169302,0,0.0168768836020322,0.0454649947753397
"1626001","1636000",1631000.5,"Fst",0.0398523045581869,0,0.0162093619881826,0.0378455122232574
"1627001","1637000",1632000.5,"Fst",0.0407899635172361,0,0.0162119280691545,0.0338635001906422
"1628001","1638000",1633000.5,"Fst",0.0402568733694562,0,0.0161518774890987,0.0334317475802932
"1629001","1639000",1634000.5,"Fst",0.0396180564500201,0,0.0159279102357167,0.0329754368194479
"1630001","1640000",1635000.5,"Fst",0.020806277056277,0,0.0127813580980572,0.0218214972955469
"1631001","1641000",1636000.5,"Fst",0.0173718754363914,0,0.012981838460385,0.0237410215085856
"1632001","1642000",1637000.5,"Fst",0.0165337586390218,0,0.0123014960594197,0.0225984848484849
"1633001","1643000",1638000.5,"Fst",0.0198943168338185,0,0.0168135981428567,0.0297279523706826
"1634001","1644000",1639000.5,"Fst",0.0224867295862657,0,0.0149603430325536,0.0259069865319864
"1635001","1645000",1640000.5,"Fst",0.0221269077425578,0,0.0153750057393732,0.0267937665007827
"1636001","1646000",1641000.5,"Fst",0.0218337806528571,0,0.0150525881442904,0.0263668551984182
"1637001","1647000",1642000.5,"Fst",0.0151044979764177,0,0.0206137372741207,0.0493440487461115
"1638001","1648000",1643000.5,"Fst",0.0139490423098915,0,0.0198429990182286,0.0493888801669802
"1639001","1649000",1644000.5,"Fst",0.0239770175285094,0,0.0174093616417113,0.042137153491593
"1640001","1650000",1645000.5,"Fst",0.0332633115818955,0,0.0180509231158071,0.0409776906737394
"1641001","1651000",1646000.5,"Fst",0.0320780362996722,0,0.036887074173197,0.0782121886138635
"1642001","1652000",1647000.5,"Fst",0.0444429622712822,0,0.0302868760832322,0.07063276099954
"1643001","1653000",1648000.5,"Fst",0.0457929498528025,0,0.0310013919731596,0.0742558504853585
"1644001","1654000",1649000.5,"Fst",0.0421275652090525,0,0.0368415869703596,0.077767064436326
"1645001","1655000",1650000.5,"Fst",0.0416946206708368,0,0.0364269512974598,0.0769805549231478
"1646001","1656000",1651000.5,"Fst",0.0408344044186612,0,0.0350208703701517,0.076081843301135
"1647001","1657000",1652000.5,"Fst",0.038573968340798,0,0.0365499166158378,0.0881531339638181
"1648001","1658000",1653000.5,"Fst",0.029432336738927,0,0.0387398430387336,0.101896076755011
"1649001","1659000",1654000.5,"Fst",0.0239331590878122,0,0.0425480816107254,0.100459897094737
"1650001","1660000",1655000.5,"Fst",0.0209257950087902,0,0.0432301238803118,0.1009043248726
"1651001","1661000",1656000.5,"Fst",0.0177560259390677,0,0.0426599115228082,0.0980428158348567
"1652001","1662000",1657000.5,"Fst",0.00186372931771706,0,0.0475609053323892,0.0974567213849157
"1653001","1663000",1658000.5,"Fst",0.00380345914860281,0,0.0450829128165306,0.0919878763919089
"1654001","1664000",1659000.5,"Fst",0.00657317102109589,0,0.0440250922835548,0.0912350924930905
"1655001","1665000",1660000.5,"Fst",0.00784677583920013,0,0.0426595983766057,0.0880088172282696
"1656001","1666000",1661000.5,"Fst",0.0127390408943807,0,0.0400413966935281,0.084647775322705
"1657001","1667000",1662000.5,"Fst",0.0162943993929908,0,0.0346714940375075,0.0681585384247145
"1658001","1668000",1663000.5,"Fst",0.0271232346682144,0,0.025432859777795,0.0643941943735339
"1659001","1669000",1664000.5,"Fst",0.0335865466655657,0,0.0110022775609633,0.022599265589073
"1660001","1670000",1665000.5,"Fst",0.0338820619831518,0,0.0111942305561894,0.0226452298959852
"1661001","1671000",1666000.5,"Fst",0.0327372549019607,0,0.011370287288195,0.0233527546911149
"1662001","1672000",1667000.5,"Fst",0.0327372549019607,0,0.0113765851303592,0.0234300451321726
"1663001","1673000",1668000.5,"Fst",0.0329508679023242,0,0.013454666005793,0.022672024108488
"1664001","1674000",1669000.5,"Fst",0.0220568517028693,0,0.0129518530052207,0.0247383790511752
"1665001","1675000",1670000.5,"Fst",0.0207655625123881,0,0.0165135751397299,0.0267904527565839
"1666001","1676000",1671000.5,"Fst",0.00663321109180981,0,0.0166564025426812,0.0317660458475704
"1667001","1677000",1672000.5,"Fst",0.0121188166247453,0,0.0172682710077943,0.0315468275075987
"1668001","1678000",1673000.5,"Fst",0.00646399373378359,0,0.0149528175670693,0.0295732274672788
"1669001","1679000",1674000.5,"Fst",0.00797931135164454,0,0.0133722653070994,0.0216338333995254
"1670001","1680000",1675000.5,"Fst",0.0126771948502592,0,0.0149920324285275,0.0228184313048151
"1671001","1681000",1676000.5,"Fst",0.0172071854574066,0,0.0144503597997547,0.023421388932654
"1672001","1682000",1677000.5,"Fst",0.0195400192981814,0,0.0218975186270093,0.0523220303663945
"1673001","1683000",1678000.5,"Fst",0.0200240810927834,0,0.0212706576467432,0.0507354042131692
"1674001","1684000",1679000.5,"Fst",0.0203030862436436,0,0.0200382618165496,0.0486090903641703
"1675001","1685000",1680000.5,"Fst",0.0205151684726391,0,0.020209613918428,0.0491660879438253
"1676001","1686000",1681000.5,"Fst",0.013432908673793,0,0.027215955122995,0.0846968612096238
"1677001","1687000",1682000.5,"Fst",0.0124563515954242,0,0.0320474887434197,0.0969102632213039
"1678001","1688000",1683000.5,"Fst",0.0159496196533233,0,0.030930589489635,0.0957431864982233
"1679001","1689000",1684000.5,"Fst",0.0170222468323508,0,0.0319225752405243,0.099830443581469
"1680001","1690000",1685000.5,"Fst",0.0144678426693324,0,0.0315029437298793,0.100286387896495
"1681001","1691000",1686000.5,"Fst",0.0120379652590911,0,0.0344525156023992,0.109661762560146
"1682001","1692000",1687000.5,"Fst",0.00694079635526823,0,0.0278160458005927,0.0989006954844829
"1683001","1693000",1688000.5,"Fst",0.00586810228802148,0,0.0298048234873167,0.104540371986078
"1684001","1694000",1689000.5,"Fst",0.00378809188935758,0,0.0317831051648458,0.107822489780945
"1685001","1695000",1690000.5,"Fst",0.00384103441718942,0,0.0322191495379908,0.109235011481133
"1686001","1696000",1691000.5,"Fst",0.0104653621561834,0,0.0137754626788755,0.0200255908976317
"1687001","1697000",1692000.5,"Fst",0.013223810225431,0,0.0131835072376891,0.0199026104785267
"1688001","1698000",1693000.5,"Fst",0.0189214175654854,0,0.01316833862199,0.0212428857098907
"1689001","1699000",1694000.5,"Fst",0.0372445043408629,0,0.0139852437497132,0.0225285882227211
"1690001","1700000",1695000.5,"Fst",0.0367986523759278,0,0.0146981741266591,0.0222589982132144
"1691001","1701000",1696000.5,"Fst",0.0320965945724166,0,0.0146829914002524,0.0241963984844376
"1692001","1702000",1697000.5,"Fst",0.0259442563167491,0,0.0244908325750805,0.0513461329116462
"1693001","1703000",1698000.5,"Fst",0.0286037949589352,0,0.0232952667241614,0.0478511163560403
"1694001","1704000",1699000.5,"Fst",0.0292934767731515,0,0.0225938392695968,0.0485474194947114
"1695001","1705000",1700000.5,"Fst",0.0387702984038862,0,0.0194183907453864,0.0419985089952596
"1696001","1706000",1701000.5,"Fst",0.0381315040622464,0,0.019558392190561,0.0414132087262281
"1697001","1707000",1702000.5,"Fst",0.040158642880417,0,0.0208411973395864,0.0430726297552726
"1698001","1708000",1703000.5,"Fst",0.0377924607654336,0,0.0232335316632529,0.0421010406638243
"1699001","1709000",1704000.5,"Fst",0.0276979289606002,0,0.0220829067001302,0.0397933331120626
"1700001","1710000",1705000.5,"Fst",0.069971102270253,0,0.0225669812200734,0.0505884200291737
"1701001","1711000",1706000.5,"Fst",0.0726552501082772,0,0.0225451799930534,0.0491888301123574
"1702001","1712000",1707000.5,"Fst",0.115229465068693,0,0.026247960348321,0.0674291533224154
"1703001","1713000",1708000.5,"Fst",0.126979020235835,0,0.0251612541785486,0.0635103807119675
"1704001","1714000",1709000.5,"Fst",0.12993367914343,0,0.0249251321360449,0.0562561638644962
"1705001","1715000",1710000.5,"Fst",0.134974456412907,0,0.0276147314547661,0.0594819419295237
"1706001","1716000",1711000.5,"Fst",0.130754087287303,0,0.0258445532625668,0.0560533691232781
"1707001","1717000",1712000.5,"Fst",0.141985615503804,0,0.0281831555660679,0.0631816980266631
"1708001","1718000",1713000.5,"Fst",0.142031349503391,0,0.0265109999694491,0.0592776405775074
"1709001","1719000",1714000.5,"Fst",0.149558734204352,0,0.0268177645460454,0.0583392016736407
"1710001","1720000",1715000.5,"Fst",0.128960008708549,0,0.0218849410419319,0.0495221305632992
"1711001","1721000",1716000.5,"Fst",0.135236398680022,0,0.0234149961522359,0.0541737897360999
"1712001","1722000",1717000.5,"Fst",0.126060606060606,0,0.0233935983954371,0.0560904775783821
"1713001","1723000",1718000.5,"Fst",0.107993467610234,0,0.0191186941372295,0.033996413703428
"1714001","1724000",1719000.5,"Fst",0.0902964231011802,0,0.0199634881366841,0.0397061399441542
"1715001","1725000",1720000.5,"Fst",0.0874647272727272,0,0.01924124524382,0.0383374122047792
"1716001","1726000",1721000.5,"Fst",0.0918821617395956,0,0.0198502269790157,0.03855875873002
"1717001","1727000",1722000.5,"Fst",0.0827170190021161,0,0.0195312238406161,0.0360998669043088
"1718001","1728000",1723000.5,"Fst",0.0833454813548815,0,0.0311701289197777,0.116092992688737
"1719001","1729000",1724000.5,"Fst",0.0801144354941825,0,0.0297468773396541,0.111927941516381
"1720001","1730000",1725000.5,"Fst",0.0726969191076036,0,0.0276183614977929,0.0999390380025073
"1721001","1731000",1726000.5,"Fst",0.0682069573344217,0,0.0251503509307828,0.0824560395828375
"1722001","1732000",1727000.5,"Fst",0.0690281723484848,0,0.0258793738229625,0.0830123401453924
"1723001","1733000",1728000.5,"Fst",0.0707103205796148,0,0.0266947409055341,0.0853376896081882
"1724001","1734000",1729000.5,"Fst",0.0726226291693917,0,0.0273296095832855,0.0873990798479322
"1725001","1735000",1730000.5,"Fst",0.0687346780158381,0,0.0248790682716481,0.0763526663951105
"1726001","1736000",1731000.5,"Fst",0.0702545618115852,0,0.0250645844401918,0.0747124032346875
"1727001","1737000",1732000.5,"Fst",0.045049176116107,0,0.0279505069512592,0.0840873232636898
"1728001","1738000",1733000.5,"Fst",0.030531159859515,0,0.0188896252858955,0.0478583238718425
"1729001","1739000",1734000.5,"Fst",0.0322525319422499,0,0.0197883438244395,0.0518805369858535
"1730001","1740000",1735000.5,"Fst",0.032200153655532,0,0.0177060747565567,0.0511525034527811
"1731001","1741000",1736000.5,"Fst",0.0244083263146467,0,0.0157068373853683,0.0415789163370812
"1732001","1742000",1737000.5,"Fst",0.0241246287884962,0,0.0140137662309349,0.0352226820066109
"1733001","1743000",1738000.5,"Fst",0.0206087731974975,0,0.0129599567672408,0.0292871125041451
"1734001","1744000",1739000.5,"Fst",0.0201450240172408,0,0.0126622881001681,0.0275833197265479
"1735001","1745000",1740000.5,"Fst",0.013894418638944,0,0.0118817142890578,0.0199490973010582
"1736001","1746000",1741000.5,"Fst",0.00760182367939644,0,0.0111319510980694,0.0230440166610379
"1737001","1747000",1742000.5,"Fst",0.0108435097241067,0,0.0119966119134113,0.0215063403919107
"1738001","1748000",1743000.5,"Fst",0.0113517992424241,0,0.012492608652428,0.0224648072814541
"1739001","1749000",1744000.5,"Fst",0.0115091509150915,0,0.0126869172462656,0.0227654236041497
"1740001","1750000",1745000.5,"Fst",0.013796964190665,0,0.012130846774119,0.020507952090576
"1741001","1751000",1746000.5,"Fst",0.012923768939394,0,0.0142978395632761,0.0245326354830335
"1742001","1752000",1747000.5,"Fst",0.0150121187004734,0,0.0146857517680232,0.0273405760028891
"1743001","1753000",1748000.5,"Fst",0.0183992963940194,0,0.0160750833848463,0.0270835678637096
"1744001","1754000",1749000.5,"Fst",0.0199730094466937,0,0.0169734332665061,0.0272094441672086
"1745001","1755000",1750000.5,"Fst",0.0199730094466937,0,0.0170595126799429,0.0272094441672086
"1746001","1756000",1751000.5,"Fst",0.0617067102706789,0,0.0259699485559652,0.0510634709308376
"1747001","1757000",1752000.5,"Fst",0.0621663116279964,0,0.0282059462856061,0.0521340975687793
"1748001","1758000",1753000.5,"Fst",0.0558201518048556,0,0.0259166595729943,0.0449603456117178
"1749001","1759000",1754000.5,"Fst",0.0537084127993219,0,0.0245345075889136,0.042069546080533
"1750001","1760000",1755000.5,"Fst",0.0516458652653092,0,0.0218762894856541,0.037313432835821
"1751001","1761000",1756000.5,"Fst",0.0497909698996657,0,0.0204930255735992,0.0353312302839116
"1752001","1762000",1757000.5,"Fst",0.0487585276852293,0,0.0205591005084119,0.0377819548872179
"1753001","1763000",1758000.5,"Fst",0.0474338834574655,0,0.0201668227694543,0.03475160817231
"1754001","1764000",1759000.5,"Fst",0.0387395972301631,0,0.019126201022999,0.0278518942040955
"1755001","1765000",1760000.5,"Fst",0.0285664225962733,0,0.019834606604413,0.0465880501136626
"1756001","1766000",1761000.5,"Fst",0,0,0.0398151613659792,0.103414458024387
"1757001","1767000",1762000.5,"Fst",0,0,0.0430081899137035,0.110713257307402
"1758001","1768000",1763000.5,"Fst",0.00121344208521823,0,0.0516474543456607,0.110312476054251
"1759001","1769000",1764000.5,"Fst",0,0,0.0539874558410374,0.115663297965736
"1760001","1770000",1765000.5,"Fst",0,0,0.0561467676571779,0.125197120670185
"1761001","1771000",1766000.5,"Fst",0,0,0.0571289995564567,0.127852966624145
"1762001","1772000",1767000.5,"Fst",0,0,0.0575527920357082,0.130580308302461
"1763001","1773000",1768000.5,"Fst",0,0,0.0577161725173331,0.131889089943205
"1764001","1774000",1769000.5,"Fst",0,0,0.0581292703546251,0.137098899093826
"1765001","1775000",1770000.5,"Fst",0,0,0.0562431255097777,0.132251357325186
"1766001","1776000",1771000.5,"Fst",0.00298371631943328,0,0.0511687079902664,0.120933362844536
"1767001","1777000",1772000.5,"Fst",0.0033370314777349,0,0.0506572590889181,0.116800869976091
"1768001","1778000",1773000.5,"Fst",0.00163795810885903,0,0.0482236430454182,0.107222953055992
"1769001","1779000",1774000.5,"Fst",0.00495093739400954,0,0.0395913892770123,0.0921749893295505
"1770001","1780000",1775000.5,"Fst",0.00916704454483874,0,0.0340957661728024,0.0946868799807075
"1771001","1781000",1776000.5,"Fst",0.00901790286903559,0,0.0365967346477706,0.10728615568799
"1772001","1782000",1777000.5,"Fst",0.0111058032922324,0,0.0373999204474211,0.0947583614701796
"1773001","1783000",1778000.5,"Fst",0.0127840258649996,0,0.0375299133753924,0.087251098816995
"1774001","1784000",1779000.5,"Fst",0.014133562162435,0,0.0373184644513695,0.0855067705538963
"1775001","1785000",1780000.5,"Fst",0.0145030603035958,0,0.0374750977376433,0.0876260414666473
"1776001","1786000",1781000.5,"Fst",0.00852721188011973,0,0.0408597263036966,0.0947171233694036
"1777001","1787000",1782000.5,"Fst",0.00710762446803048,0,0.0352972951743125,0.091329180928758
"1778001","1788000",1783000.5,"Fst",0.00769493527792098,0,0.0308626218261376,0.0909750856456083
"1779001","1789000",1784000.5,"Fst",0.00986895737093996,0,0.0306434144063111,0.0870657563810489
"1780001","1790000",1785000.5,"Fst",0.00837490551776265,0,0.0319970923942251,0.0900661198726868
"1781001","1791000",1786000.5,"Fst",0.0233202052750925,0,0.0304078196776799,0.0685963145046005
"1782001","1792000",1787000.5,"Fst",0.0375474995352296,0,0.0299170192631345,0.0631473086302494
"1783001","1793000",1788000.5,"Fst",0.036533193635204,0,0.029192863827669,0.0604084204208345
"1784001","1794000",1789000.5,"Fst",0.0291677935560846,0,0.0275494532498552,0.0536335631792225
"1785001","1795000",1790000.5,"Fst",0.0227055422233139,0,0.0244444558841849,0.067186479399449
"1786001","1796000",1791000.5,"Fst",0.0220150116175809,0,0.0238656529354605,0.0691511003066301
"1787001","1797000",1792000.5,"Fst",0.0245504941199211,0,0.0248100818392443,0.0725980003898177
"1788001","1798000",1793000.5,"Fst",0.0276971444686741,0,0.0251534098958127,0.0750896388513482
"1789001","1799000",1794000.5,"Fst",0.0278113544456698,0,0.0266299975210926,0.078077681586061
"1790001","1800000",1795000.5,"Fst",0.0281262917460359,0,0.0269349938842426,0.0790974106765309
"1791001","1801000",1796000.5,"Fst",0.0204880989829086,0,0.0266091733902543,0.0928165737910209
"1792001","1802000",1797000.5,"Fst",0.0062189101420983,0,0.0288182540312123,0.101386871762494
"1793001","1803000",1798000.5,"Fst",0.00265160973026124,0,0.03335147375189,0.11838309224211
"1794001","1804000",1799000.5,"Fst",0.0104328236403709,0,0.034766589742552,0.101372335442682
"1795001","1805000",1800000.5,"Fst",0.0280751439629944,0,0.0306414479046592,0.095947127881679
"1796001","1806000",1801000.5,"Fst",0.0303944484266733,0,0.0257227290479988,0.0862208713272543
"1797001","1807000",1802000.5,"Fst",0.0210889869958255,0,0.0269913907102194,0.0454083987078912
"1798001","1808000",1803000.5,"Fst",0.019570030712092,0,0.0243170080420343,0.0418768161062681
"1799001","1809000",1804000.5,"Fst",0.016880218677259,0,0.0209856950074017,0.0374142853966775
"1800001","1810000",1805000.5,"Fst",0.0166004319431774,0,0.0199359817726333,0.0365017403667026
"1801001","1811000",1806000.5,"Fst",0.015696485910917,0,0.0183376277901826,0.0332323933801116
"1802001","1812000",1807000.5,"Fst",0.0124938265656431,0,0.0173761500550798,0.0297196004662399
"1803001","1813000",1808000.5,"Fst",0.00933782700533048,0,0.0177305934338186,0.0306612938427225
"1804001","1814000",1809000.5,"Fst",0.00632098765432099,0,0.0184753947918049,0.0367240311710736
"1805001","1815000",1810000.5,"Fst",0.00107737338197256,0,0.021396183491456,0.0384323703184358
"1806001","1816000",1811000.5,"Fst",0.00115341330470542,0,0.0227673638711665,0.037441477594279
"1807001","1817000",1812000.5,"Fst",0.00100936357552528,0,0.0238381623537601,0.0407047037826012
"1808001","1818000",1813000.5,"Fst",0,0,0.0265363567689687,0.0436146107133146
"1809001","1819000",1814000.5,"Fst",0,0,0.0284674896898904,0.0594438302576751
"1810001","1820000",1815000.5,"Fst",0,0,0.0254746322703637,0.0517166065792031
"1811001","1821000",1816000.5,"Fst",0,0,0.025166205286764,0.0490426483452757
"1812001","1822000",1817000.5,"Fst",0,0,0.0252621030350684,0.0479889936325038
"1813001","1823000",1818000.5,"Fst",0,0,0.0243802822874025,0.0555287387145794
"1814001","1824000",1819000.5,"Fst",0,0,0.0244532357763856,0.0571638606186463
"1815001","1825000",1820000.5,"Fst",0.00788567140761964,0,0.0211990041975671,0.0436053308393735
"1816001","1826000",1821000.5,"Fst",0.0105077995526708,0,0.0166607090310278,0.0354541309286215
"1817001","1827000",1822000.5,"Fst",0.0279956112490615,0,0.0229749737414773,0.0485700189556231
"1818001","1828000",1823000.5,"Fst",0.0237111336832008,0,0.0213291985408967,0.0461661388632076
"1819001","1829000",1824000.5,"Fst",0.0236980304541745,0,0.021099808758714,0.0453746289591285
"1820001","1830000",1825000.5,"Fst",0.0227958812907193,0,0.02175051108973,0.048592725104353
"1821001","1831000",1826000.5,"Fst",0.0224343496733861,0,0.0218605616417019,0.0472706644027993
"1822001","1832000",1827000.5,"Fst",0.0248564358746907,0,0.0230472971369707,0.0504243319044463
"1823001","1833000",1828000.5,"Fst",0.0244922903855618,0,0.0218290334949555,0.0502889271903481
"1824001","1834000",1829000.5,"Fst",0.0244163645920799,0,0.0221207131860257,0.0504890947008355
"1825001","1835000",1830000.5,"Fst",0.023976618678148,0,0.0245060562915278,0.0534723569350145
"1826001","1836000",1831000.5,"Fst",0.0515550645933368,0,0.0232211635928623,0.0467181007106068
"1827001","1837000",1832000.5,"Fst",0.0444623637064824,0,0.0243504348678354,0.0520002326528237
"1828001","1838000",1833000.5,"Fst",0.0530890617977297,0,0.0211081983996526,0.0442190727762332
"1829001","1839000",1834000.5,"Fst",0.060910067076657,0,0.0193222724290698,0.0453285579178239
"1830001","1840000",1835000.5,"Fst",0.0680227974138902,0,0.02054416658439,0.0475344430288109
"1831001","1841000",1836000.5,"Fst",0.0737019681349577,0,0.0208983336927748,0.0523734735087662
"1832001","1842000",1837000.5,"Fst",0.0521546688016457,0,0.0181699396353461,0.0419189356375433
"1833001","1843000",1838000.5,"Fst",0.0594955199781488,0,0.0356565762787368,0.0834917859109058
"1834001","1844000",1839000.5,"Fst",0.0585552537739061,0,0.0357186679056291,0.0823962472232528
"1835001","1845000",1840000.5,"Fst",0.0549720338404583,0,0.0334360902597312,0.0766662363458348
"1836001","1846000",1841000.5,"Fst",0.0381158276600262,0,0.0351026832421546,0.0817338538610598
"1837001","1847000",1842000.5,"Fst",0.038373950346842,0,0.0342026342364974,0.0776533585379747
"1838001","1848000",1843000.5,"Fst",0.0368751542449398,0,0.033792147449401,0.0750789424687267
"1839001","1849000",1844000.5,"Fst",0.034170785009233,0,0.034980344373284,0.0783269850164474
"1840001","1850000",1845000.5,"Fst",0.0338128964858383,0,0.0367176122807923,0.0810299879534561
"1841001","1851000",1846000.5,"Fst",0.0338100581942531,0,0.0364464243861879,0.08052556188406
"1842001","1852000",1847000.5,"Fst",0.0405896113615852,0,0.0424322041915958,0.0861882938543208
"1843001","1853000",1848000.5,"Fst",0.00805427173707374,0,0.0265895558213083,0.0525469365416003
"1844001","1854000",1849000.5,"Fst",0.00889815832668239,0,0.0272060945929061,0.0528299871396554
"1845001","1855000",1850000.5,"Fst",0.00977999008006802,0,0.0303771421653209,0.0600099284974003
"1846001","1856000",1851000.5,"Fst",0.00657864463889446,0,0.0263865628824028,0.0545261943132244
"1847001","1857000",1852000.5,"Fst",0,0,0.0191739402940201,0.0450437905062182
"1848001","1858000",1853000.5,"Fst",0.00273689554811707,0,0.0194986281157425,0.0374911122397156
"1849001","1859000",1854000.5,"Fst",0.0086124401913874,0,0.0198868035008266,0.0487121596092706
"1850001","1860000",1855000.5,"Fst",0.00846345181737951,0,0.01952875068988,0.0478630930822166
"1851001","1861000",1856000.5,"Fst",0.00547684638593726,0,0.0202373030998005,0.0440997905564836
"1852001","1862000",1857000.5,"Fst",0.00653107777039941,0,0.0208025195957482,0.0560389636370912
"1853001","1863000",1858000.5,"Fst",0.00630080153002266,0,0.020638956901056,0.0561106649210245
"1854001","1864000",1859000.5,"Fst",0.00563290158755825,0,0.0195439132297018,0.0530204473179321
"1855001","1865000",1860000.5,"Fst",0.00729211013619924,0,0.0190551698626999,0.0526244739408789
"1856001","1866000",1861000.5,"Fst",0.00975190568810025,0,0.0194989676647852,0.052528735632184
"1857001","1867000",1862000.5,"Fst",0.00869814798030166,0,0.0206538288815455,0.0500772718095553
"1858001","1868000",1863000.5,"Fst",0.00838515020333219,0,0.0202912350037651,0.0495946809870861
"1859001","1869000",1864000.5,"Fst",0.00426654937321314,0,0.0189894047567625,0.0430646723340149
"1860001","1870000",1865000.5,"Fst",0.0315905399080422,0,0.017883072828748,0.0304662874078538
"1861001","1871000",1866000.5,"Fst",0.0381793137991486,0,0.0180764920476972,0.0350960138410675
"1862001","1872000",1867000.5,"Fst",0.0417451966938176,0,0.0203491128546768,0.0419633513682007
"1863001","1873000",1868000.5,"Fst",0.0417159448738396,0,0.0199728583840921,0.040917578763111
"1864001","1874000",1869000.5,"Fst",0.0412733372740498,0,0.0210199092348358,0.040695262671016
"1865001","1875000",1870000.5,"Fst",0.0422570145903479,0,0.0213226634694845,0.0417611790875221
"1866001","1876000",1871000.5,"Fst",0.0428789296141961,0,0.0214784636092723,0.0419812603647941
"1867001","1877000",1872000.5,"Fst",0.0518494350379505,0,0.0248279551151351,0.0489019033674963
"1868001","1878000",1873000.5,"Fst",0.0515098376473548,0,0.0243951561184446,0.0483303206164969
"1869001","1879000",1874000.5,"Fst",0.0628221195000858,0,0.0298594532119053,0.0613220366645024
"1870001","1880000",1875000.5,"Fst",0.0362416259023691,0,0.0348589836071528,0.0728724855328048
"1871001","1881000",1876000.5,"Fst",0.0290613201294732,0,0.0315828185846282,0.076561195874803
"1872001","1882000",1877000.5,"Fst",0.0302413273001508,0,0.0341079412378436,0.0695733428570031
"1873001","1883000",1878000.5,"Fst",0.0285487708168121,0,0.0342371193616104,0.0693762532140638
"1874001","1884000",1879000.5,"Fst",0.0336446932044864,0,0.0289634849721613,0.0689164370982552
"1875001","1885000",1880000.5,"Fst",0.0338368897585465,0,0.0291092746548268,0.0693032976112367
"1876001","1886000",1881000.5,"Fst",0.0331608478989361,0,0.0284012432756531,0.0673030716280278
"1877001","1887000",1882000.5,"Fst",0.0219310997667264,0,0.0280740441043346,0.0593608291945584
"1878001","1888000",1883000.5,"Fst",0.0221027667984189,0,0.0292613368733712,0.0617473884140551
"1879001","1889000",1884000.5,"Fst",0.0190764395624914,0,0.026053892246135,0.0561864956890336
"1880001","1890000",1885000.5,"Fst",0.0240100621101904,0,0.0247309013618851,0.0529141405714555
"1881001","1891000",1886000.5,"Fst",0.0234461368453555,0,0.0227459376852999,0.0453631134141089
"1882001","1892000",1887000.5,"Fst",0.0208668247199064,0,0.0219366303909545,0.0393594892360671
"1883001","1893000",1888000.5,"Fst",0.0224192059095107,0,0.0218213692121786,0.0385906088516849
"1884001","1894000",1889000.5,"Fst",0.0191510279365577,0,0.021911305669313,0.0379489890313203
"1885001","1895000",1890000.5,"Fst",0.0198166967631951,0,0.0201907341144279,0.0330410972450608
"1886001","1896000",1891000.5,"Fst",0.0222770839384258,0,0.0211751085714079,0.036276848678607
"1887001","1897000",1892000.5,"Fst",0.0291703332656423,0,0.0202846762626796,0.0420530087196754
"1888001","1898000",1893000.5,"Fst",0.0358173603782308,0,0.0194893835291542,0.0371266114077616
"1889001","1899000",1894000.5,"Fst",0.0417793140341132,0,0.0211391412167162,0.0345548028134909
"1890001","1900000",1895000.5,"Fst",0.033796210578288,0,0.0224967722009275,0.0411623993368853
"1891001","1901000",1896000.5,"Fst",0.0310148149307785,0,0.0224825736949573,0.0429579433252318
"1892001","1902000",1897000.5,"Fst",0.0317368022165071,0,0.0231376227752668,0.0447254217786616
"1893001","1903000",1898000.5,"Fst",0.0336355208822432,0,0.0221739430285087,0.0443789293843726
"1894001","1904000",1899000.5,"Fst",0.0367609097936332,0,0.0210265444302771,0.040875512263205
"1895001","1905000",1900000.5,"Fst",0.0360559702334755,0,0.0198798663266277,0.0353625705601389
"1896001","1906000",1901000.5,"Fst",0.035464596242493,0,0.0213425803838565,0.0398622087132727
"1897001","1907000",1902000.5,"Fst",0.0333949680562109,0,0.0221632143221363,0.0438194224687375
"1898001","1908000",1903000.5,"Fst",0.0232669112999432,0,0.0214650822821097,0.0388675263805415
"1899001","1909000",1904000.5,"Fst",0.0204972874008857,0,0.020273467769752,0.0385986018098945
"1900001","1910000",1905000.5,"Fst",0.0141152782614818,0,0.0221940323586079,0.0528465884398089
"1901001","1911000",1906000.5,"Fst",0.0136633018560728,0,0.0233612568197199,0.0599231096824629
"1902001","1912000",1907000.5,"Fst",0.0127101343347531,0,0.0249023239042108,0.0642826289207868
"1903001","1913000",1908000.5,"Fst",0.00841694054277453,0,0.0257841220479713,0.0686235778706723
"1904001","1914000",1909000.5,"Fst",9.55530571498109e-05,0,0.0261041618190419,0.0748712131953305
"1905001","1915000",1910000.5,"Fst",0.000839540529212757,0,0.0261410821625641,0.0702797283104594
"1906001","1916000",1911000.5,"Fst",0.0176669375749836,0,0.0286949802323169,0.0658275321109913
"1907001","1917000",1912000.5,"Fst",0.0148194565793431,0,0.0264075613913214,0.058227043561567
"1908001","1918000",1913000.5,"Fst",0.0178741331566117,0,0.0253065967253819,0.0558958816942844
"1909001","1919000",1914000.5,"Fst",0.0167380817737767,0,0.0271989152200191,0.0613086150681329
"1910001","1920000",1915000.5,"Fst",0.0222903189195324,0,0.0307964393924806,0.0696391124886864
"1911001","1921000",1916000.5,"Fst",0.0252179751524992,0,0.0331135659348148,0.0760247894111369
"1912001","1922000",1917000.5,"Fst",0.0264252192343937,0,0.0316536337675397,0.0752192168902079
"1913001","1923000",1918000.5,"Fst",0.0267070831047511,0,0.0313030105259305,0.0744795210211938
"1914001","1924000",1919000.5,"Fst",0.0293098827470686,0,0.030616531036472,0.0750907840555524
"1915001","1925000",1920000.5,"Fst",0.028982874062111,0,0.0311558580591226,0.0700121421118912
"1916001","1926000",1921000.5,"Fst",0.0138320972227044,0,0.0316436367194059,0.0781447531660744
"1917001","1927000",1922000.5,"Fst",0.0160890329692408,0,0.0272913708821672,0.0721858720456073
"1918001","1928000",1923000.5,"Fst",0.00854386933322016,0,0.0280003631775305,0.0897452242396826
"1919001","1929000",1924000.5,"Fst",0.00544968126147716,0,0.038237619548467,0.103449979273922
"1920001","1930000",1925000.5,"Fst",0.0049991677885719,0,0.0368345035305314,0.0981893499031202
"1921001","1931000",1926000.5,"Fst",0.00252161906838166,0,0.0322139818870548,0.0853993910700906
"1922001","1932000",1927000.5,"Fst",0,0,0.0276901073501731,0.0684078925207611
"1923001","1933000",1928000.5,"Fst",0,0,0.0266190824355103,0.0652753408633988
"1924001","1934000",1929000.5,"Fst",0.0113201461834469,0,0.0261290337714671,0.0598928351844683
"1925001","1935000",1930000.5,"Fst",0.0282442671078783,0,0.030127823957067,0.086584730740367
"1926001","1936000",1931000.5,"Fst",0.0299567547240762,0,0.0303557129353264,0.0898834884868558
"1927001","1937000",1932000.5,"Fst",0.0300489330283463,0,0.0302176991102991,0.09224455006161
"1928001","1938000",1933000.5,"Fst",0.0308671807728115,0,0.0274580995316933,0.0843797595328699
"1929001","1939000",1934000.5,"Fst",0.0320259548989547,0,0.0290587909469499,0.0866882863448315
"1930001","1940000",1935000.5,"Fst",0.033640988929512,0,0.0282802095393366,0.0815505392288319
"1931001","1941000",1936000.5,"Fst",0.0385082475121431,0,0.0277778740896318,0.0823652755159605
"1932001","1942000",1937000.5,"Fst",0.0489216906408884,0,0.0320014922777655,0.101513289920957
"1933001","1943000",1938000.5,"Fst",0.0515759317574473,0,0.0302606005527264,0.0964712678922973
"1934001","1944000",1939000.5,"Fst",0.0495560945719224,0,0.0257686281724873,0.0645790729379686
"1935001","1945000",1940000.5,"Fst",0.0503422091949176,0,0.0236506341780807,0.0538092373504446
"1936001","1946000",1941000.5,"Fst",0.045067553805418,0,0.0215170134123773,0.0482481389771567
"1937001","1947000",1942000.5,"Fst",0.048739413871322,0,0.0212386823318599,0.0483194141023602
"1938001","1948000",1943000.5,"Fst",0.0519733090797644,0,0.0219346565548913,0.0484668686885837
"1939001","1949000",1944000.5,"Fst",0.0780519225033476,0,0.0216085327314616,0.0488501797288181
"1940001","1950000",1945000.5,"Fst",0.0815336909366497,0,0.0214805786050384,0.0555536310017029
"1941001","1951000",1946000.5,"Fst",0.089216427155315,0,0.023063559900334,0.055290887547605
"1942001","1952000",1947000.5,"Fst",0.0883402990153027,0,0.0227188091485601,0.0547087589982906
"1943001","1953000",1948000.5,"Fst",0.0860731058143556,0,0.0214886952436857,0.0655112075077857
"1944001","1954000",1949000.5,"Fst",0.0874065157229261,0,0.0193559099118578,0.0665889965971348
"1945001","1955000",1950000.5,"Fst",0.0533586300355987,0,0.022572815009587,0.0475479721618892
"1946001","1956000",1951000.5,"Fst",0.0636541248356945,0,0.0300310068975208,0.0626023076036258
"1947001","1957000",1952000.5,"Fst",0.052051176193148,0,0.0314402074541067,0.069726550421479
"1948001","1958000",1953000.5,"Fst",0.0437608693685133,0,0.0308907461596434,0.0666049799488602
"1949001","1959000",1954000.5,"Fst",0.0133315468613922,0,0.0300109384565249,0.0671156513322766
"1950001","1960000",1955000.5,"Fst",0.0221018847026115,0,0.0257694094598504,0.0573782826498987
"1951001","1961000",1956000.5,"Fst",0.0226010296675104,0,0.0250177191612039,0.0558399335067246
"1952001","1962000",1957000.5,"Fst",0.0230143699606994,0,0.0226890928068,0.0527357169998169
"1953001","1963000",1958000.5,"Fst",0.0246096005016805,0,0.0224926995859582,0.0577082652605924
"1954001","1964000",1959000.5,"Fst",0.030132042303279,0,0.0190911056103072,0.0508296928374757
"1955001","1965000",1960000.5,"Fst",0.0367623440009499,0,0.0181692332365629,0.038850064119384
"1956001","1966000",1961000.5,"Fst",0.0356472046004724,0,0.0200437143564018,0.0454604372783625
"1957001","1967000",1962000.5,"Fst",0.0299879973230152,0,0.0203573415256134,0.0462029973009754
"1958001","1968000",1963000.5,"Fst",0.035928769386161,0,0.021820617968843,0.0435682842901481
"1959001","1969000",1964000.5,"Fst",0.0418292129999673,0,0.0203861155001527,0.0417500247446225
"1960001","1970000",1965000.5,"Fst",0.0387065360600332,0,0.0212679898726545,0.0446296469614486
"1961001","1971000",1966000.5,"Fst",0.0387044647837649,0,0.0216119215322203,0.0457259496262293
"1962001","1972000",1967000.5,"Fst",0.0405167661978413,0,0.0216458849204168,0.0466129555660139
"1963001","1973000",1968000.5,"Fst",0.03964213396154,0,0.0217203887913521,0.047582245209241
"1964001","1974000",1969000.5,"Fst",0.0354317476505646,0,0.0217877848158766,0.047888235807798
"1965001","1975000",1970000.5,"Fst",0.0328066310824932,0,0.0226468124429323,0.0513456683333685
"1966001","1976000",1971000.5,"Fst",0.0318305260223788,0,0.0238480478572027,0.0570976694759571
"1967001","1977000",1972000.5,"Fst",0.044051063397797,0,0.0261256995570836,0.044239539296295
"1968001","1978000",1973000.5,"Fst",0.0560059573139241,0,0.0213242049808422,0.0455655987789172
"1969001","1979000",1974000.5,"Fst",0.0455365381923315,0,0.0269076390711871,0.0646967795268844
"1970001","1980000",1975000.5,"Fst",0.0536247450493964,0,0.026257899384134,0.0676462558815499
"1971001","1981000",1976000.5,"Fst",0.0480608409678178,0,0.0259831578572095,0.069343215260541
"1972001","1982000",1977000.5,"Fst",0.0411174778149214,0,0.0225067699569595,0.0628794649613745
"1973001","1983000",1978000.5,"Fst",0.0389736804019268,0,0.0203932397142728,0.0583775286521651
"1974001","1984000",1979000.5,"Fst",0.0408870490476708,0,0.0211439114422311,0.0640190511844595
"1975001","1985000",1980000.5,"Fst",0.0384696285655652,0,0.0213331600407075,0.0657923231578079
"1976001","1986000",1981000.5,"Fst",0.0431718559761513,0,0.0210731491851418,0.0641275551522206
"1977001","1987000",1982000.5,"Fst",0.0368765922905023,0,0.0231221416272964,0.0594241196814462
"1978001","1988000",1983000.5,"Fst",0.0258855329624331,0,0.0216082215208454,0.0591911658812296
"1979001","1989000",1984000.5,"Fst",0.0219291115202463,0,0.0215027651172004,0.0625741085307966
"1980001","1990000",1985000.5,"Fst",0.0150048035032061,0,0.0210376570519181,0.0555780292400857
"1981001","1991000",1986000.5,"Fst",0.0168796007668555,0,0.0221952418212371,0.0591678361661209
"1982001","1992000",1987000.5,"Fst",0.0150640475431412,0,0.0244401431345226,0.0574631840110705
"1983001","1993000",1988000.5,"Fst",0.0126521813488606,0,0.0251300774705868,0.0575619205756193
"1984001","1994000",1989000.5,"Fst",0.0112841270496882,0,0.0243127081507519,0.0569763757416379
"1985001","1995000",1990000.5,"Fst",0.0149470998724395,0,0.0250820646617675,0.0510108363777555
"1986001","1996000",1991000.5,"Fst",0.0068670905020175,0,0.0256879531430088,0.0536013932851396
"1987001","1997000",1992000.5,"Fst",0.0138856694434384,0,0.0251433573543398,0.0656438135507903
"1988001","1998000",1993000.5,"Fst",0.0120593776150844,0,0.0217504871096827,0.0597898474488149
"1989001","1999000",1994000.5,"Fst",0.0155472804626855,0,0.0216621523044553,0.050585295676535
"1990001","2e+06",1995000.5,"Fst",0.0229457959880495,0,0.022335288419149,0.0590793746214158
"1991001","2001000",1996000.5,"Fst",0.0145245559038664,0,0.0228730495660132,0.0578130383651655
"1992001","2002000",1997000.5,"Fst",0.0123688364750675,0,0.0248262070649567,0.0601094775062234
"1993001","2003000",1998000.5,"Fst",0.0178374561805547,0,0.0251220800908417,0.060948815102123
"1994001","2004000",1999000.5,"Fst",0.0234773564616498,0,0.0268463438813347,0.0665266274419768
"1995001","2005000",2000000.5,"Fst",0.026289235405707,0,0.0279471031614689,0.0684298477611548
"1996001","2006000",2001000.5,"Fst",0.0255224660397074,0,0.0273493785835522,0.0666786959571418
"1997001","2007000",2002000.5,"Fst",0.022993966063273,0,0.025749035478212,0.0635871318418116
"1998001","2008000",2003000.5,"Fst",0.026565382903612,0,0.0275494141171258,0.0576460360779801
"1999001","2009000",2004000.5,"Fst",0.0309419905651399,0,0.0295616804599033,0.0603948467984931
"2000001","2010000",2005000.5,"Fst",0.0319403350673294,0,0.0184522121143813,0.0358635863586358
"2001001","2011000",2006000.5,"Fst",0.0394091441256519,0,0.0175319322557047,0.0329270203365398
"2002001","2012000",2007000.5,"Fst",0.0383320762530133,0,0.0170777034952905,0.0320594325986889
"2003001","2013000",2008000.5,"Fst",0.0311365124724654,0,0.0172850420654985,0.0374060115608973
"2004001","2014000",2009000.5,"Fst",0.0368854889402833,0,0.0155705588528768,0.0336284360441194
"2005001","2015000",2010000.5,"Fst",0.0303921568627452,0,0.0150624442296568,0.0346323315102783
"2006001","2016000",2011000.5,"Fst",0.046512583461736,0,0.0150961560498528,0.0357358452314132
"2007001","2017000",2012000.5,"Fst",0.0490046912641053,0,0.0158056434235529,0.0391653142124093
"2008001","2018000",2013000.5,"Fst",0.0251254797756124,0,0.0281724743343239,0.0690304593208968
"2009001","2019000",2014000.5,"Fst",0.0348199044208283,0,0.0259570551085545,0.0615319396933206
"2010001","2020000",2015000.5,"Fst",0.0341671126416454,0,0.0263299838381568,0.0620891186799475
"2011001","2021000",2016000.5,"Fst",0.0339579363035454,0,0.0269234408372838,0.0608210413248739
"2012001","2022000",2017000.5,"Fst",0.0241410614136215,0,0.027124404461103,0.0516792553818395
"2013001","2023000",2018000.5,"Fst",0.0189755808707421,0,0.026654075768201,0.0596466882224782
"2014001","2024000",2019000.5,"Fst",0.0165492065101659,0,0.026753127946129,0.0610920258171977
"2015001","2025000",2020000.5,"Fst",0.0140163939037631,0,0.0311888621987957,0.0904625283820938
"2016001","2026000",2021000.5,"Fst",0.0051842495469272,0,0.029454570458735,0.0999472639582715
"2017001","2027000",2022000.5,"Fst",0.00420730112468704,0,0.0299149779082324,0.0968556430469724
"2018001","2028000",2023000.5,"Fst",0.00615149652641966,0,0.0344963201721908,0.10765279713813
"2019001","2029000",2024000.5,"Fst",0,0,0.0343973250941504,0.106581963165769
"2020001","2030000",2025000.5,"Fst",0,0,0.031109663586577,0.101260213638774
"2021001","2031000",2026000.5,"Fst",0,0,0.0295601273717019,0.0966938587714622
"2022001","2032000",2027000.5,"Fst",0,0,0.0257663688371706,0.0845332653848822
"2023001","2033000",2028000.5,"Fst",0,0,0.0272516222414406,0.086509999838522
"2024001","2034000",2029000.5,"Fst",0,0,0.025891896337602,0.0718344692178444
"2025001","2035000",2030000.5,"Fst",0.000988609499247839,0,0.0230813467305095,0.0464890058137647
"2026001","2036000",2031000.5,"Fst",0.00324562619834279,0,0.0272429303771527,0.0547620037734395
"2027001","2037000",2032000.5,"Fst",0.00353102340631561,0,0.0287629743220712,0.0572802888016197
"2028001","2038000",2033000.5,"Fst",0.00381855942603604,0,0.0284846545134108,0.0567006907224706
"2029001","2039000",2034000.5,"Fst",0.00458313432043722,0,0.0278544281979935,0.0627366920394083
"2030001","2040000",2035000.5,"Fst",0.00558065425009957,0,0.0301323800565754,0.0676098895490088
"2031001","2041000",2036000.5,"Fst",0.00724654314218076,0,0.0307673769988884,0.0722907926962342
"2032001","2042000",2037000.5,"Fst",0.00880542975318188,0,0.0333149773527793,0.0847363715120939
"2033001","2043000",2038000.5,"Fst",0.00630568165465273,0,0.0296009171202527,0.0738464657497973
"2034001","2044000",2039000.5,"Fst",0.0132762046696472,0,0.0212160130733796,0.0435769000424813
"2035001","2045000",2040000.5,"Fst",0.0135936218837773,0,0.0232917965676286,0.0528759381117574
"2036001","2046000",2041000.5,"Fst",0.0152141883273957,0,0.0224797281500655,0.0501930061295681
"2037001","2047000",2042000.5,"Fst",0.0174371703381943,0,0.0222832155850073,0.0532877197497782
"2038001","2048000",2043000.5,"Fst",0.0103427995294908,0,0.022571740280349,0.0550882544014558
"2039001","2049000",2044000.5,"Fst",0.00834306691139652,0,0.0216755632218017,0.0604476197419261
"2040001","2050000",2045000.5,"Fst",0.00966295372061365,0,0.0199944973039273,0.0570876068951284
"2041001","2051000",2046000.5,"Fst",0.00758016921070948,0,0.0203962923814916,0.0611518473695449
"2042001","2052000",2047000.5,"Fst",0.0051666847256836,0,0.019022816265375,0.0595064312186614
"2043001","2053000",2048000.5,"Fst",0.0179289010121914,0,0.0195645281260415,0.0678535060922083
"2044001","2054000",2049000.5,"Fst",0.0174036988566616,0,0.0191156328555301,0.0663166203370054
"2045001","2055000",2050000.5,"Fst",0.0123550545726985,0,0.0193457524851392,0.0755427694668201
"2046001","2056000",2051000.5,"Fst",0.0103913882147968,0,0.0209667722853678,0.0808389205296421
"2047001","2057000",2052000.5,"Fst",0.0109917594713426,0,0.0221095439463329,0.0849659335593905
"2048001","2058000",2053000.5,"Fst",0.0203652086906804,0,0.0186974868317634,0.0403628957600444
"2049001","2059000",2054000.5,"Fst",0.0207070707070707,0,0.0190000776166996,0.0410314323357802
"2050001","2060000",2055000.5,"Fst",0.0189269746646796,0,0.0173604969835564,0.0322549874949105
"2051001","2061000",2056000.5,"Fst",0.0204114227304669,0,0.0162257357220119,0.0290082942661378
"2052001","2062000",2057000.5,"Fst",0.0276631796080742,0,0.0139843495840562,0.0252949784021343
"2053001","2063000",2058000.5,"Fst",0.0120740802351049,0,0.0132783466163562,0.025437749317657
"2054001","2064000",2059000.5,"Fst",0.0073715275550138,0,0.0190558522908178,0.0407235600153125
"2055001","2065000",2060000.5,"Fst",0.00722868826675072,0,0.0187352250683567,0.04003014714524
"2056001","2066000",2061000.5,"Fst",0.0479379157427937,0,0.0176700125074259,0.0429077585963255
"2057001","2067000",2062000.5,"Fst",0.0470670358563882,0,0.0175319044503347,0.0423450719222505
"2058001","2068000",2063000.5,"Fst",0.0465517241379312,0,0.0206979389589827,0.046864262385012
"2059001","2069000",2064000.5,"Fst",0.0639933789880238,0,0.0238348064545121,0.0476012136409774
"2060001","2070000",2065000.5,"Fst",0.0657225069687979,0,0.0255095850766055,0.0501687884987123
"2061001","2071000",2066000.5,"Fst",0.0671169618857262,0,0.0254242178137884,0.0510767912258453
"2062001","2072000",2067000.5,"Fst",0.0624698706722109,0,0.0290489548477738,0.0787752114737718
"2063001","2073000",2068000.5,"Fst",0.062729664499576,0,0.0295753352675035,0.0795814278183812
"2064001","2074000",2069000.5,"Fst",0.0692429712285308,0,0.0312752203640974,0.084890786032918
"2065001","2075000",2070000.5,"Fst",0.069045291625937,0,0.0308030342896722,0.0845857771260996
"2066001","2076000",2071000.5,"Fst",0.0546751024218225,0,0.0334484010878714,0.092949915766856
"2067001","2077000",2072000.5,"Fst",0.0740505890336479,0,0.0386961185801784,0.0971271922858578
"2068001","2078000",2073000.5,"Fst",0.0730257743983045,0,0.0374032896488398,0.0920348116000405
"2069001","2079000",2074000.5,"Fst",0.0787350592571321,0,0.038767416475119,0.0844157409954476
"2070001","2080000",2075000.5,"Fst",0.0823513205112215,0,0.0374824800787734,0.0786681917526888
"2071001","2081000",2076000.5,"Fst",0.0779319164497667,0,0.0341852261106718,0.0725223707723121
"2072001","2082000",2077000.5,"Fst",0.0779833285199306,0,0.0334491947644122,0.0752155180454269
"2073001","2083000",2078000.5,"Fst",0.0787560565829976,0,0.033764291538847,0.0760874084578067
"2074001","2084000",2079000.5,"Fst",0.0791435051241989,0,0.0336247017880421,0.0758280401398262
"2075001","2085000",2080000.5,"Fst",0.0792554715907381,0,0.0336114436278994,0.0761196587027515
"2076001","2086000",2081000.5,"Fst",0.0790685796500644,0,0.0335421815423438,0.0759644962352893
"2077001","2087000",2082000.5,"Fst",0.0735221330183544,0,0.0277486708085013,0.0714912789427984
"2078001","2088000",2083000.5,"Fst",0.0785460472778682,0,0.0317429723383459,0.0807318434974865
"2079001","2089000",2084000.5,"Fst",0.0575855984387021,0,0.0315498010487761,0.0759859560845836
"2080001","2090000",2085000.5,"Fst",0.0236632536973832,0,0.0494681374533627,0.107238930213377
"2081001","2091000",2086000.5,"Fst",0.0117638351413648,0,0.0332809467463475,0.103205223769343
"2082001","2092000",2087000.5,"Fst",0.0130321395775941,0,0.0260493795803041,0.0823964574107841
"2083001","2093000",2088000.5,"Fst",0.0254208754208753,0,0.0200453067661418,0.0545743260312533
"2084001","2094000",2089000.5,"Fst",0.0210657008057404,0,0.0209495315747946,0.0437882311852583
"2085001","2095000",2090000.5,"Fst",0.127048867048867,0,0.0351284417903567,0.0737328055069365
"2086001","2096000",2091000.5,"Fst",0.126365808623873,0,0.0348677816407638,0.073203102221704
"2087001","2097000",2092000.5,"Fst",0.123768072061161,0,0.0341468107944412,0.0706404589844684
"2088001","2098000",2093000.5,"Fst",0.147256928210998,0,0.0366787087435082,0.0871224640518248
"2089001","2099000",2094000.5,"Fst",0.177947552228432,0,0.0409825792738668,0.0950483989825336
"2090001","2100000",2095000.5,"Fst",0.182310953295409,0,0.0420760680170285,0.101967416243053
"2091001","2101000",2096000.5,"Fst",0.195040092361255,0,0.0451380880006734,0.11645800684064
"2092001","2102000",2097000.5,"Fst",0.194006393068124,0,0.0467857909634599,0.115310469551265
"2093001","2103000",2098000.5,"Fst",0.199527358909953,0,0.0490342149056569,0.121257467891035
"2094001","2104000",2099000.5,"Fst",0.211188587976867,0,0.0520434242715042,0.12834571915907
"2095001","2105000",2100000.5,"Fst",0.203206837498526,0,0.0518500106997702,0.135169532938684
"2096001","2106000",2101000.5,"Fst",0.184081392644861,0,0.047468505724542,0.122429115331958
"2097001","2107000",2102000.5,"Fst",0.184029313285741,0,0.0477163859968319,0.121399689589435
"2098001","2108000",2103000.5,"Fst",0.167547158627843,0,0.0444086070278025,0.112058694140691
"2099001","2109000",2104000.5,"Fst",0.136493440528657,0,0.043689137782423,0.0990444340613269
"2100001","2110000",2105000.5,"Fst",0.122239468858783,0,0.0516269131450262,0.12697384278676
"2101001","2111000",2106000.5,"Fst",0.103441072100866,0,0.0553537262152113,0.137226920366455
"2102001","2112000",2107000.5,"Fst",0.096450002804105,0,0.0552683930747312,0.135026405406124
"2103001","2113000",2108000.5,"Fst",0.0845847023926808,0,0.051057400695197,0.135903853289948
"2104001","2114000",2109000.5,"Fst",0.0827519704021489,0,0.0533610523919747,0.136304358721993
"2105001","2115000",2110000.5,"Fst",0.082916603429959,0,0.0546902042000282,0.139097516656572
"2106001","2116000",2111000.5,"Fst",0.0770848985725019,0,0.0504706799964847,0.132984943156092
"2107001","2117000",2112000.5,"Fst",0.0708647269221304,0,0.0448987601778247,0.123296446243815
"2108001","2118000",2113000.5,"Fst",0.067083170349639,0,0.0432484529244745,0.116448333831973
"2109001","2119000",2114000.5,"Fst",0.0617565830501572,0,0.0404843420575966,0.116211337528243
"2110001","2120000",2115000.5,"Fst",0.0361903002834471,0,0.0277988221243712,0.0611745487217183
"2111001","2121000",2116000.5,"Fst",0.0325031606108068,0,0.025539569530455,0.0609022427666495
"2112001","2122000",2117000.5,"Fst",0.0346186845189903,0,0.0280763727709952,0.0723141220248765
"2113001","2123000",2118000.5,"Fst",0.0343570057581574,0,0.029142292940759,0.0751296157938826
"2114001","2124000",2119000.5,"Fst",0.0220975653853657,0,0.0282096206299841,0.0588239362345904
"2115001","2125000",2120000.5,"Fst",0.0141034662014158,0,0.0266144301261744,0.0600621566169386
"2116001","2126000",2121000.5,"Fst",0.0145241796906964,0,0.0275318006683061,0.0615840602881639
"2117001","2127000",2122000.5,"Fst",0.0155971809050011,0,0.0285342655054254,0.0648303934871099
"2118001","2128000",2123000.5,"Fst",0.0138662582105205,0,0.0281179226851146,0.0644903851612746
"2119001","2129000",2124000.5,"Fst",0.00940977314683078,0,0.0284949688290052,0.0677631934316426
"2120001","2130000",2125000.5,"Fst",0.00701476819003799,0,0.0318038116713255,0.0755108516008657
"2121001","2131000",2126000.5,"Fst",0.00693700454588597,0,0.030876866032562,0.0801953558231255
"2122001","2132000",2127000.5,"Fst",0.00287653534981214,0,0.0331235723894057,0.0874015930227383
"2123001","2133000",2128000.5,"Fst",0.00301353251544811,0,0.032532639213579,0.0860067308726336
"2124001","2134000",2129000.5,"Fst",0.00481736221867801,0,0.0275340867762712,0.0611520371583651
"2125001","2135000",2130000.5,"Fst",0.0154128554539231,0,0.0274863616290429,0.0578303143378913
"2126001","2136000",2131000.5,"Fst",0.00992106695699513,0,0.019829229525107,0.0326120937885642
"2127001","2137000",2132000.5,"Fst",0,0,0.0149417381100315,0.0342897810413174
"2128001","2138000",2133000.5,"Fst",0,0,0.0147639371676408,0.0283414470837473
"2129001","2139000",2134000.5,"Fst",0.00715721572157213,0,0.0117696538826524,0.0202183600713013
"2130001","2140000",2135000.5,"Fst",0.00625352033344595,0,0.0113654740923951,0.0185891245013647
"2131001","2141000",2136000.5,"Fst",0.00798014680599779,0,0.0106404740887772,0.0214293658384679
"2132001","2142000",2137000.5,"Fst",0.00787140538921749,0,0.0105021449085717,0.0219897240407725
"2133001","2143000",2138000.5,"Fst",0.00161852640113513,0,0.0183193725216577,0.0419325578064579
"2134001","2144000",2139000.5,"Fst",0.00151871657753999,0,0.0194151763692461,0.0419494936146185
"2135001","2145000",2140000.5,"Fst",0.000700997314921348,0,0.0188755055365257,0.0427779267139814
"2136001","2146000",2141000.5,"Fst",0.00229136236529948,0,0.0181976149104388,0.046011356231965
"2137001","2147000",2142000.5,"Fst",0.00437340905893036,0,0.02041293034981,0.0383169827774144
"2138001","2148000",2143000.5,"Fst",0.00470316857286257,0,0.0208700555360699,0.0393360249840065
"2139001","2149000",2144000.5,"Fst",0.000248661862013666,0,0.0231079198460675,0.0591995735432811
"2140001","2150000",2145000.5,"Fst",0.00866965804085484,0,0.0265721542963048,0.0658872697846518
"2141001","2151000",2146000.5,"Fst",0.0100816836857447,0,0.0252248274903797,0.0633006432563533
"2142001","2152000",2147000.5,"Fst",0.0102641656706587,0,0.0255087944521964,0.065066116958995
"2143001","2153000",2148000.5,"Fst",0.0134283369183743,0,0.0278104225511963,0.0728355467839864
"2144001","2154000",2149000.5,"Fst",0.0131658922883612,0,0.028048653327556,0.0749632565436381
"2145001","2155000",2150000.5,"Fst",0.0138945287251434,0,0.0293760647595998,0.0768980123818833
"2146001","2156000",2151000.5,"Fst",0.0160541799706809,0,0.0301122671545239,0.0752978986879447
"2147001","2157000",2152000.5,"Fst",0.0169708001237983,0,0.0292106589053949,0.0738228100238734
"2148001","2158000",2153000.5,"Fst",0.0157130021612257,0,0.0267764037351163,0.0666198963858395
"2149001","2159000",2154000.5,"Fst",0.0204397269733023,0,0.0243914556498608,0.0523996308260266
"2150001","2160000",2155000.5,"Fst",0.030907684735991,0,0.019477892074161,0.0331965555106051
"2151001","2161000",2156000.5,"Fst",0.0309904413260118,0,0.0197049118116546,0.035794725172132
"2152001","2162000",2157000.5,"Fst",0.0314199996449557,0,0.019526032071818,0.0380403283857302
"2153001","2163000",2158000.5,"Fst",0.0313082210998877,0,0.0195298190907675,0.0378269445624743
"2154001","2164000",2159000.5,"Fst",0.0349424176820358,0,0.0179206358225087,0.0349078603778679
"2155001","2165000",2160000.5,"Fst",0.0339675504954025,0,0.0215283425316683,0.040680383446341
"2156001","2166000",2161000.5,"Fst",0.0341294156376227,0,0.0215190103758575,0.041343797485106
"2157001","2167000",2162000.5,"Fst",0.0305431479742042,0,0.0215156530144032,0.0379095236510104
"2158001","2168000",2163000.5,"Fst",0.0344490557191398,0,0.0245671799677509,0.043139231997311
"2159001","2169000",2164000.5,"Fst",0.0347593277083755,0,0.024808027802759,0.0435232282129536
"2160001","2170000",2165000.5,"Fst",0.0261039874652254,0,0.0222678713229745,0.0417172855165749
"2161001","2171000",2166000.5,"Fst",0.0240626605033384,0,0.0213003793218225,0.0434154605324978
"2162001","2172000",2167000.5,"Fst",0.0204341899420897,0,0.023610581046609,0.0416978821495462
"2163001","2173000",2168000.5,"Fst",0.0202346333288037,0,0.0231564908052279,0.041268681323578
"2164001","2174000",2169000.5,"Fst",0.0136473594370151,0,0.0246628845528636,0.0479620639042565
"2165001","2175000",2170000.5,"Fst",0.00504243266578197,0,0.0271673948917839,0.0503544023120236
"2166001","2176000",2171000.5,"Fst",0,0,0.0279534485799246,0.0607126532231536
"2167001","2177000",2172000.5,"Fst",0.00169437812942352,0,0.0267261394422774,0.0674999054093254
"2168001","2178000",2173000.5,"Fst",0.00460237770851601,0,0.0232057399930588,0.0622280827224506
"2169001","2179000",2174000.5,"Fst",0.00441215938165351,0,0.0223662059927815,0.0598798531857545
"2170001","2180000",2175000.5,"Fst",0.00616499834143114,0,0.0226031212079928,0.0506848262670715
"2171001","2181000",2176000.5,"Fst",0.0101847697109297,0,0.022958735248702,0.0468676995675358
"2172001","2182000",2177000.5,"Fst",0.00998145394396077,0,0.0192848677130908,0.0490654518657466
"2173001","2183000",2178000.5,"Fst",0.0200190528034839,0,0.0249986757799165,0.056165782334938
"2174001","2184000",2179000.5,"Fst",0.0192984463309156,0,0.0235588402964677,0.0534525624933003
"2175001","2185000",2180000.5,"Fst",0.0290966679564126,0,0.0242745191380373,0.0565021780012368
"2176001","2186000",2181000.5,"Fst",0.024865934810069,0,0.021626432281871,0.0526253687315634
"2177001","2187000",2182000.5,"Fst",0.0273118784746692,0,0.0219467605819104,0.0551286310117004
"2178001","2188000",2183000.5,"Fst",0.0266920338024728,0,0.0207596416058346,0.052268983076232
"2179001","2189000",2184000.5,"Fst",0.0267865906023801,0,0.0208469831078968,0.0524808084149744
"2180001","2190000",2185000.5,"Fst",0.0291296312593505,0,0.0233300994933668,0.0586274610835352
"2181001","2191000",2186000.5,"Fst",0.0276198803577149,0,0.0229233971060604,0.0574594020336925
"2182001","2192000",2187000.5,"Fst",0.0284644334198957,0,0.0244356703310291,0.0553246530856872
"2183001","2193000",2188000.5,"Fst",0.0232618947565019,0,0.0228810457131242,0.0529541301266485
"2184001","2194000",2189000.5,"Fst",0.0235119634523107,0,0.0232514503234497,0.059901190119012
"2185001","2195000",2190000.5,"Fst",0.0126021562624786,0,0.0193872053947866,0.0537123725353928
"2186001","2196000",2191000.5,"Fst",0.0166613796365862,0,0.0192018185718126,0.0411355121139533
"2187001","2197000",2192000.5,"Fst",0.0124888226527572,0,0.0201178766301935,0.0461187351431255
"2188001","2198000",2193000.5,"Fst",0.00836099799942203,0,0.0192297652299531,0.0460570971155374
"2189001","2199000",2194000.5,"Fst",0.0203835774467997,0,0.0200383131586159,0.0423396425190236
"2190001","2200000",2195000.5,"Fst",0.0104033408459787,0,0.0236562540216227,0.0437336215047953
"2191001","2201000",2196000.5,"Fst",0.0103836589242681,0,0.0246250603985046,0.0467330781965692
"2192001","2202000",2197000.5,"Fst",0.0102098241434834,0,0.0242302754821957,0.0459601148115635
"2193001","2203000",2198000.5,"Fst",0.0261879813420727,0,0.0213480691133352,0.0445270559788861
"2194001","2204000",2199000.5,"Fst",0.0275055789791911,0,0.0220132894958022,0.0519387740391711
"2195001","2205000",2200000.5,"Fst",0.0362140264014829,0,0.0248634872218627,0.0544723183351027
"2196001","2206000",2201000.5,"Fst",0.0433823237546092,0,0.0251464687765991,0.0542722557630905
"2197001","2207000",2202000.5,"Fst",0.0456201453599169,0,0.0262298795370743,0.0579172373070715
"2198001","2208000",2203000.5,"Fst",0.0582688637815022,0,0.0250194815579985,0.0527005458660982
"2199001","2209000",2204000.5,"Fst",0.0830124777183601,0,0.0306235373869368,0.0631788945069309
"2200001","2210000",2205000.5,"Fst",0.102129856868513,0,0.0351803069696457,0.0763241507752873
"2201001","2211000",2206000.5,"Fst",0.0936506224762453,0,0.0322563542800499,0.0677992760605193
"2202001","2212000",2207000.5,"Fst",0.0936876678174147,0,0.0322237620536078,0.0677992760605193
"2203001","2213000",2208000.5,"Fst",0.0962799941474834,0,0.0326836781521521,0.0663068720155254
"2204001","2214000",2209000.5,"Fst",0.100455264982535,0,0.0311220149790245,0.0711210080680169
"2205001","2215000",2210000.5,"Fst",0.0977419823579716,0,0.03140442718355,0.0725466325138329
"2206001","2216000",2211000.5,"Fst",0.0868762723141958,0,0.0271167841692984,0.0691851913236239
"2207001","2217000",2212000.5,"Fst",0.0855566905005106,0,0.0266346813185363,0.0674010887860745
"2208001","2218000",2213000.5,"Fst",0.0792276132997513,0,0.0281595933188921,0.0764103668961157
"2209001","2219000",2214000.5,"Fst",0.00884430512016721,0,0.0254985009714121,0.0686698918541847
"2210001","2220000",2215000.5,"Fst",0.00902119981957594,0,0.02514275428195,0.0669695547363096
"2211001","2221000",2216000.5,"Fst",0,0,0.0252942858070539,0.0579074358411932
"2212001","2222000",2217000.5,"Fst",0.00283878456245068,0,0.0226126780679957,0.0482031495650351
"2213001","2223000",2218000.5,"Fst",0.0132944847256875,0,0.0202112871971071,0.0423102965813374
"2214001","2224000",2219000.5,"Fst",0.0174028830597517,0,0.0273230321895796,0.0650972078638697
"2215001","2225000",2220000.5,"Fst",0.0180106146207841,0,0.0276194169370746,0.0654692582449237
"2216001","2226000",2221000.5,"Fst",0.0252361715675528,0,0.0287393312028758,0.0749264381162202
"2217001","2227000",2222000.5,"Fst",0.0281183797368435,0,0.0326932745973895,0.0827159680835885
"2218001","2228000",2223000.5,"Fst",0.0290693745239199,0,0.032091622426829,0.0817516895574449
"2219001","2229000",2224000.5,"Fst",0.0294570545165891,0,0.0313819317732997,0.0791182262880376
"2220001","2230000",2225000.5,"Fst",0.0310235531508367,0,0.0304646823419806,0.0691540244001195
"2221001","2231000",2226000.5,"Fst",0.0299906453838567,0,0.0288694664698467,0.0663797757595069
"2222001","2232000",2227000.5,"Fst",0.018600614844093,0,0.0259362346428872,0.058115938368792
"2223001","2233000",2228000.5,"Fst",0.00908110698454534,0,0.0272153668013623,0.081433387001161
"2224001","2234000",2229000.5,"Fst",0.00484415893409462,0,0.0304469762812767,0.100307470155478
"2225001","2235000",2230000.5,"Fst",0.00335824653119843,0,0.0309896009450443,0.102196822513226
"2226001","2236000",2231000.5,"Fst",0.00927090199259728,0,0.0282440900049818,0.0970570279176017
"2227001","2237000",2232000.5,"Fst",0.00704602054481762,0,0.0254226429611019,0.0878607174335544
"2228001","2238000",2233000.5,"Fst",0.00812485759854176,0,0.0220618172526503,0.0714959075029635
"2229001","2239000",2234000.5,"Fst",0.00576274692315637,0,0.0203403117699266,0.0638479658242505
"2230001","2240000",2235000.5,"Fst",0.000848635049378488,0,0.0187657510904935,0.0570961837469739
"2231001","2241000",2236000.5,"Fst",0.00296649725132248,0,0.0169098808253702,0.0515118104974774
"2232001","2242000",2237000.5,"Fst",0.00819978600125182,0,0.018626475123962,0.0423639105992047
"2233001","2243000",2238000.5,"Fst",0.0129060915774203,0,0.0216456936562791,0.0481785818592279
"2234001","2244000",2239000.5,"Fst",0.013179030069994,0,0.0220883895555248,0.0492563450752532
"2235001","2245000",2240000.5,"Fst",0.0130040239796336,0,0.0218129591243308,0.0485771702580633
"2236001","2246000",2241000.5,"Fst",0.00768850902184237,0,0.0220981606404447,0.0388317991519059
"2237001","2247000",2242000.5,"Fst",0.00969303743026373,0,0.0220291000748194,0.0408469748447099
"2238001","2248000",2243000.5,"Fst",0.0110516502231618,0,0.0232040220186203,0.0452790729321102
"2239001","2249000",2244000.5,"Fst",0.0127637579811493,0,0.0221142898557041,0.0440826632559647
"2240001","2250000",2245000.5,"Fst",0.0128338649356473,0,0.0222342174122591,0.0443535541966354
"2241001","2251000",2246000.5,"Fst",0.0114704714756089,0,0.0239269326992717,0.0461724478722058
"2242001","2252000",2247000.5,"Fst",0.00979391637989002,0,0.0228599850237817,0.0412992854726032
"2243001","2253000",2248000.5,"Fst",0.0108146997035886,0,0.0200113039261128,0.0339345650946857
"2244001","2254000",2249000.5,"Fst",0.00713220613137211,0,0.0192722125804292,0.0338237773848077
"2245001","2255000",2250000.5,"Fst",0.00603061919615655,0,0.0197091737256776,0.0300037858944184
"2246001","2256000",2251000.5,"Fst",0.00442800093962881,0,0.0234631900865419,0.0421474766302352
"2247001","2257000",2252000.5,"Fst",0.00333894500561183,0,0.0233719030051604,0.0402627245237269
"2248001","2258000",2253000.5,"Fst",0,0,0.0266447463792951,0.0462550640090748
"2249001","2259000",2254000.5,"Fst",0,0,0.0297251858942351,0.0662567655559531
"2250001","2260000",2255000.5,"Fst",0,0,0.023569878747346,0.0475987073205003
"2251001","2261000",2256000.5,"Fst",0,0,0.0230044216235538,0.0464920948616601
"2252001","2262000",2257000.5,"Fst",0.00143604005936704,0,0.0231520067942648,0.0395007476578474
"2253001","2263000",2258000.5,"Fst",0.000150447162399425,0,0.0233241846074782,0.0409417985121424
"2254001","2264000",2259000.5,"Fst",0.0100267564410165,0,0.0216987392681416,0.0364790685700525
"2255001","2265000",2260000.5,"Fst",0.0157424595412808,0,0.0240061654466162,0.0527235144652238
"2256001","2266000",2261000.5,"Fst",0.0110321181868603,0,0.0231210751805831,0.0484170069763334
"2257001","2267000",2262000.5,"Fst",0.0174763068936374,0,0.023113870171316,0.051480952805781
"2258001","2268000",2263000.5,"Fst",0.0175835772228107,0,0.0232714608766632,0.0517922654908956
"2259001","2269000",2264000.5,"Fst",0.0173216669138366,0,0.0233661317874019,0.052004463902481
"2260001","2270000",2265000.5,"Fst",0.021803235144492,0,0.0251293289120178,0.0472596207811171
"2261001","2271000",2266000.5,"Fst",0.0240717147890729,0,0.0234019451704634,0.047383229271713
"2262001","2272000",2267000.5,"Fst",0.0254680134680133,0,0.0247890380826998,0.0530936832285053
"2263001","2273000",2268000.5,"Fst",0.0262988153399112,0,0.0240376992122979,0.0527651082229638
"2264001","2274000",2269000.5,"Fst",0.00937000304621427,0,0.0202921602186802,0.0498049358503808
"2265001","2275000",2270000.5,"Fst",0,0,0.0296489630781123,0.0796900426872676
"2266001","2276000",2271000.5,"Fst",0,0,0.0263548798426845,0.0674730676430035
"2267001","2277000",2272000.5,"Fst",0.000316934117775669,0,0.0236446666687703,0.059673160840054
"2268001","2278000",2273000.5,"Fst",0.00338893633297177,0,0.0227421916243035,0.0571228262863356
"2269001","2279000",2274000.5,"Fst",0.0093966729486944,0,0.021772996523804,0.0512761773110856
"2270001","2280000",2275000.5,"Fst",0.0328824480040911,0,0.0206222315915038,0.0469462997287456
"2271001","2281000",2276000.5,"Fst",0.0298025472780044,0,0.0204294875948907,0.0519211196619189
"2272001","2282000",2277000.5,"Fst",0.0288984953927957,0,0.021382834417543,0.0520809538292828
"2273001","2283000",2278000.5,"Fst",0.0262411734586275,0,0.0213502767562532,0.0542606616991252
"2274001","2284000",2279000.5,"Fst",0.0287873017631566,0,0.0215361896323226,0.0530180265605127
"2275001","2285000",2280000.5,"Fst",0.0320810169611557,0,0.0236700574060947,0.049276127561949
"2276001","2286000",2281000.5,"Fst",0.0355254505842741,0,0.0262653591022817,0.0581303527442903
"2277001","2287000",2282000.5,"Fst",0.0348236875124273,0,0.0262955956933834,0.0596540845757563
"2278001","2288000",2283000.5,"Fst",0.0319169407565422,0,0.0245221611541626,0.0576551412403186
"2279001","2289000",2284000.5,"Fst",0.0444755024225222,0,0.0238053321919528,0.052283905276223
"2280001","2290000",2285000.5,"Fst",0.0258348893133555,0,0.0244847343221402,0.0520224342374995
"2281001","2291000",2286000.5,"Fst",0.0244100053188776,0,0.0222479378317049,0.0532134394604775
"2282001","2292000",2287000.5,"Fst",0.0199244017019063,0,0.0214976528003297,0.0480319387371054
"2283001","2293000",2288000.5,"Fst",0.0187634238529001,0,0.0221849387378704,0.0459370051194694
"2284001","2294000",2289000.5,"Fst",0.0186435827286938,0,0.0228206884977012,0.0413508218048353
"2285001","2295000",2290000.5,"Fst",0.0180756821313725,0,0.0242098239959073,0.045004658720018
"2286001","2296000",2291000.5,"Fst",0.015822505024917,0,0.0260635125564576,0.0473746447270831
"2287001","2297000",2292000.5,"Fst",0.0213640977173563,0,0.0271982110898112,0.0476479567630009
"2288001","2298000",2293000.5,"Fst",0.0206012935097272,0,0.028303687995056,0.0499178878154788
"2289001","2299000",2294000.5,"Fst",0.00140478513445874,0,0.0308771863221303,0.0545790499227307
"2290001","2300000",2295000.5,"Fst",0.00186677963844228,0,0.0311710753421831,0.0590391965217477
"2291001","2301000",2296000.5,"Fst",0.021176624579472,0,0.0284609674209687,0.0553079288988707
"2292001","2302000",2297000.5,"Fst",0.0256083201782895,0,0.0305727192108792,0.0527750682793601
"2293001","2303000",2298000.5,"Fst",0.0450961276729944,0,0.0284885669030642,0.0511501354170457
"2294001","2304000",2299000.5,"Fst",0.0567581794760724,0,0.028647570513746,0.0542848814180875
"2295001","2305000",2300000.5,"Fst",0.0527549241134532,0,0.0281996567158114,0.0656633906633908
"2296001","2306000",2301000.5,"Fst",0.05279006596818,0,0.0272000373528633,0.0685475105206571
"2297001","2307000",2302000.5,"Fst",0.0501725896682028,0,0.0286006165707844,0.0735876731385713
"2298001","2308000",2303000.5,"Fst",0.0551339119309916,0,0.0295353930825994,0.0724238323697052
"2299001","2309000",2304000.5,"Fst",0.0540429077764477,0,0.0283490659667321,0.072117593438733
"2300001","2310000",2305000.5,"Fst",0.0762478557852388,0,0.0259228359718792,0.0522682267263366
"2301001","2311000",2306000.5,"Fst",0.0655022294231161,0,0.0247882598637575,0.0495125627472112
"2302001","2312000",2307000.5,"Fst",0.0672448460107434,0,0.0253163070005996,0.0501191108442822
"2303001","2313000",2308000.5,"Fst",0.05859599646096,0,0.0243269709097607,0.051642475171887
"2304001","2314000",2309000.5,"Fst",0.0513487210950558,0,0.0251513926104108,0.0546111591924686
"2305001","2315000",2310000.5,"Fst",0.0595715911152154,0,0.027205136744728,0.0626860775857911
"2306001","2316000",2311000.5,"Fst",0.0668710474983539,0,0.029925010294052,0.0719824492042451
"2307001","2317000",2312000.5,"Fst",0.061111746750119,0,0.0300464692594708,0.0687621294569808
"2308001","2318000",2313000.5,"Fst",0.0601863069091788,0,0.0306020135290312,0.0668606565473642
"2309001","2319000",2314000.5,"Fst",0.0646571623738356,0,0.0297778666537958,0.0690037957774731
"2310001","2320000",2315000.5,"Fst",0.0246742775466823,0,0.0276837767613263,0.0555294387844816
"2311001","2321000",2316000.5,"Fst",0.0152437726208218,0,0.0301133143481967,0.0593404197328973
"2312001","2322000",2317000.5,"Fst",0.0127309444731879,0,0.0336311059744698,0.0645605521406232
"2313001","2323000",2318000.5,"Fst",0.0160677367129934,0,0.0312820086015436,0.0572336615547375
"2314001","2324000",2319000.5,"Fst",0.0163681622744758,0,0.028677545794543,0.052303053925165
"2315001","2325000",2320000.5,"Fst",0.0145288266628956,0,0.0291722814400562,0.0536980497227242
"2316001","2326000",2321000.5,"Fst",0.0130621965741503,0,0.0290695599524571,0.0516642664684567
"2317001","2327000",2322000.5,"Fst",0.0209573417379106,0,0.0271392646218379,0.0615450277422108
"2318001","2328000",2323000.5,"Fst",0.0281507237707114,0,0.0284421599658282,0.0545104570194176
"2319001","2329000",2324000.5,"Fst",0.0324002412947776,0,0.0371760082267967,0.0854630883079596
"2320001","2330000",2325000.5,"Fst",0.0285305205161663,0,0.0352720479640184,0.0712566984120646
"2321001","2331000",2326000.5,"Fst",0.0173518740881331,0,0.0316540703343397,0.087673937993122
"2322001","2332000",2327000.5,"Fst",0.0139928906329031,0,0.0336542622915287,0.0903178834154298
"2323001","2333000",2328000.5,"Fst",0.0122464769273278,0,0.0371125666235352,0.0895311639727548
"2324001","2334000",2329000.5,"Fst",0.00894692955879095,0,0.0405191959431018,0.100457148185728
"2325001","2335000",2330000.5,"Fst",0.00945462753487136,0,0.0399862066032469,0.100121360558185
"2326001","2336000",2331000.5,"Fst",0.00581074698721751,0,0.0472855222986427,0.10436826609814
"2327001","2337000",2332000.5,"Fst",0.00340654597574785,0,0.0482856145379276,0.113398877550426
"2328001","2338000",2333000.5,"Fst",0.00132475055312575,0,0.0500383810197726,0.125537495796435
"2329001","2339000",2334000.5,"Fst",0.00151024535087607,0,0.0524053827694472,0.142587585896136
"2330001","2340000",2335000.5,"Fst",0.00725979868339466,0,0.0477472918971631,0.13070908051354
"2331001","2341000",2336000.5,"Fst",0.0093820769977353,0,0.0440127802845666,0.119279152599059
"2332001","2342000",2337000.5,"Fst",0.0119545077954356,0,0.0363620820985939,0.104907052114288
"2333001","2343000",2338000.5,"Fst",0.0111140053833465,0,0.0344610594173357,0.100434022364047
"2334001","2344000",2339000.5,"Fst",0.0137155545733425,0,0.0324816361229877,0.0910677004155265
"2335001","2345000",2340000.5,"Fst",0.0160425891430258,0,0.0261562998744124,0.0754955326865803
"2336001","2346000",2341000.5,"Fst",0.0341524036815618,0,0.0268021125972394,0.0736542845752196
"2337001","2347000",2342000.5,"Fst",0.0367467203151851,0,0.0279037657851788,0.0732124720509835
"2338001","2348000",2343000.5,"Fst",0.037153339592364,0,0.0293771407637705,0.0785245526712279
"2339001","2349000",2344000.5,"Fst",0.0330001082680716,0,0.0303183883154379,0.0786540695632056
"2340001","2350000",2345000.5,"Fst",0.0280571381388819,0,0.0308829493653637,0.079560994742331
"2341001","2351000",2346000.5,"Fst",0.032029551441178,0,0.0318568622248131,0.0858574335644836
"2342001","2352000",2347000.5,"Fst",0.0353552083453983,0,0.0345104860028823,0.0846059703681143
"2343001","2353000",2348000.5,"Fst",0.0331268446145365,0,0.0351546415648884,0.0845567922945427
"2344001","2354000",2349000.5,"Fst",0.0256302759545302,0,0.0359539380546646,0.074400428737343
"2345001","2355000",2350000.5,"Fst",0.0251050726851758,0,0.0408796293633444,0.0734261528290726
"2346001","2356000",2351000.5,"Fst",0.0134004861963561,0,0.0482227126111165,0.0869248035914704
"2347001","2357000",2352000.5,"Fst",0.0139988164805089,0,0.0495874868866166,0.0889316003922168
"2348001","2358000",2353000.5,"Fst",0.0143167638666998,0,0.0521594733707286,0.0930725366462894
"2349001","2359000",2354000.5,"Fst",0.0143167638666998,0,0.0522094635219004,0.0929842923341501
"2350001","2360000",2355000.5,"Fst",0.0125967489966552,0,0.0519696217509347,0.0924908029538484
"2351001","2361000",2356000.5,"Fst",0.00963327859879581,0,0.0468257765984004,0.0877608816243663
"2352001","2362000",2357000.5,"Fst",0,0,0.0408773045793804,0.0871532250463414
"2353001","2363000",2358000.5,"Fst",0,0,0.0401302359344343,0.0907472049375222
"2354001","2364000",2359000.5,"Fst",0,0,0.0205820814210749,0.0493967290860272
"2355001","2365000",2360000.5,"Fst",0,0,0.0235391202360566,0.0572773419473926
"2356001","2366000",2361000.5,"Fst",0,0,0.0311860313803292,0.0720123733243483
"2357001","2367000",2362000.5,"Fst",0,0,0.0304488368209329,0.070281046542696
"2358001","2368000",2363000.5,"Fst",0,0,0.0258349412670161,0.0632051095877378
"2359001","2369000",2364000.5,"Fst",0,0,0.0266922209115208,0.0655120623603105
"2360001","2370000",2365000.5,"Fst",0,0,0.0258502599519923,0.0645551762962436
"2361001","2371000",2366000.5,"Fst",0,0,0.0290548575009781,0.0833464091195116
"2362001","2372000",2367000.5,"Fst",0.0996679807007513,0,0.0309211925388743,0.0854032796095369
"2363001","2373000",2368000.5,"Fst",0.0990607197031461,0,0.0312751856236951,0.0836322240127736
"2364001","2374000",2369000.5,"Fst",0.0971038155771959,0,0.0310349061850071,0.0820263483514084
"2365001","2375000",2370000.5,"Fst",0.101448868510114,0,0.0324096358390929,0.0843870639861608
"2366001","2376000",2371000.5,"Fst",0.108237031330252,0,0.0340739281170648,0.0988050454421826
"2367001","2377000",2372000.5,"Fst",0.103564538628202,0,0.0311398113186924,0.090350080857973
"2368001","2378000",2373000.5,"Fst",0.111013207155769,0,0.0303270797257366,0.0880568491631772
"2369001","2379000",2374000.5,"Fst",0.103311084936527,0,0.0275045911611322,0.0814488765003029
"2370001","2380000",2375000.5,"Fst",0.0976920006970091,0,0.0268277081798916,0.0785642545210389
"2371001","2381000",2376000.5,"Fst",0.0984789111491855,0,0.0268660040665558,0.0786909225414866
"2372001","2382000",2377000.5,"Fst",0.0543460429976448,0,0.0198848411759056,0.0558308812141861
"2373001","2383000",2378000.5,"Fst",0.0532023169672788,0,0.0194674597328654,0.0546711932604049
"2374001","2384000",2379000.5,"Fst",0.05444753115986,0,0.0188878063698022,0.0528283177436305
"2375001","2385000",2380000.5,"Fst",0.0408448170718332,0,0.0151698566897925,0.0373370660981905
"2376001","2386000",2381000.5,"Fst",0.0312910180775701,0,0.0127003190094293,0.0209988329510242
"2377001","2387000",2382000.5,"Fst",0.0288966413571379,0,0.0114004146250012,0.0200291543231025
"2378001","2388000",2383000.5,"Fst",0.0264641426736191,0,0.0118523167473896,0.0195972297400453
"2379001","2389000",2384000.5,"Fst",0.0239854715468358,0,0.0141782287568162,0.0242569365410296
"2380001","2390000",2385000.5,"Fst",0.0292951109365795,0,0.016876366276075,0.0441279669762643
"2381001","2391000",2386000.5,"Fst",0.0303030303030304,0,0.0175341341680355,0.0442067736185384
"2382001","2392000",2387000.5,"Fst",0.029257669093398,0,0.0166676821890444,0.0427423798098285
"2383001","2393000",2388000.5,"Fst",0.0298575960045895,0,0.01726959667837,0.0456568225163267
"2384001","2394000",2389000.5,"Fst",0.0195859514755984,0,0.0222880222299426,0.0523631375483227
"2385001","2395000",2390000.5,"Fst",0.0184014053579271,0,0.0209295719357905,0.0494145336863783
"2386001","2396000",2391000.5,"Fst",0.0146811070998797,0,0.0196493126807415,0.0450341250341252
"2387001","2397000",2392000.5,"Fst",0.0171423924534441,0,0.0187009024304504,0.0416694635252352
"2388001","2398000",2393000.5,"Fst",0.00947773895906134,0,0.0199979015548072,0.0466257668711657
"2389001","2399000",2394000.5,"Fst",0.00964096956442495,0,0.0203601688661038,0.0473327917682101
"2390001","2400000",2395000.5,"Fst",0.00453827373258653,0,0.0223020329261761,0.0530514446793515
"2391001","2401000",2396000.5,"Fst",0.00493640847303767,0,0.0221379134114343,0.0513439058893603
"2392001","2402000",2397000.5,"Fst",0.00597165162634472,0,0.0235020650548715,0.0534365881032547
"2393001","2403000",2398000.5,"Fst",0.00610367392838784,0,0.0239435084087668,0.0544242881474114
"2394001","2404000",2399000.5,"Fst",0.0110995007546731,0,0.0206907253570698,0.0336853134259941
"2395001","2405000",2400000.5,"Fst",0.0122235008310958,0,0.0224410890753244,0.0367422010321243
"2396001","2406000",2401000.5,"Fst",0.0171327601079666,0,0.02641146459979,0.0525836077417922
"2397001","2407000",2402000.5,"Fst",0.0168564627163353,0,0.0231543171030606,0.0506856356010179
"2398001","2408000",2403000.5,"Fst",0.024770892314145,0,0.0223659196670596,0.0515131053956173
"2399001","2409000",2404000.5,"Fst",0.0247110385874625,0,0.0222987204012012,0.0515131053956173
"2400001","2410000",2405000.5,"Fst",0.0248276685776686,0,0.0198795776036045,0.047656960683675
"2401001","2411000",2406000.5,"Fst",0.02375445273996,0,0.0269041201758867,0.0538275537255892
"2402001","2412000",2407000.5,"Fst",0.020026725289883,0,0.0280161828370103,0.0629310195827644
"2403001","2413000",2408000.5,"Fst",0.0200642125170427,0,0.0284281593382538,0.0646903838260799
"2404001","2414000",2409000.5,"Fst",0.0196088545024715,0,0.0278663757244844,0.0633114779588979
"2405001","2415000",2410000.5,"Fst",0.0188199609181323,0,0.0262405118573309,0.0593015321630173
"2406001","2416000",2411000.5,"Fst",0.0198204467002305,0,0.0242958039256849,0.0506626466647057
"2407001","2417000",2412000.5,"Fst",0.0209837804392983,0,0.0260858379732413,0.0531440432945364
"2408001","2418000",2413000.5,"Fst",0.0139417957647812,0,0.024934931058722,0.0505584081166304
"2409001","2419000",2414000.5,"Fst",0.0141511657199509,0,0.0253083333585631,0.0512151885197691
"2410001","2420000",2415000.5,"Fst",0.0115558137283375,0,0.0312355949002652,0.0571844400661367
"2411001","2421000",2416000.5,"Fst",0.00793527211663225,0,0.0285952226554828,0.0646444994694022
"2412001","2422000",2417000.5,"Fst",0.0113668655868144,0,0.0162721260290416,0.0295857988165679
"2413001","2423000",2418000.5,"Fst",0.0112709832134292,0,0.0138299375799765,0.0238991849799608
"2414001","2424000",2419000.5,"Fst",0.0127520025805063,0,0.0124980367882781,0.021110199010494
"2415001","2425000",2420000.5,"Fst",0.0143701162569085,0,0.0118589253078039,0.0190041114664229
"2416001","2426000",2421000.5,"Fst",0.0138289417374823,0,0.0114308254395035,0.0183583406884379
"2417001","2427000",2422000.5,"Fst",0.00497622165552403,0,0.00858337972532569,0.0120232647477068
"2418001","2428000",2423000.5,"Fst",0.00536772685533016,0,0.00859308341369054,0.0114151220947337
"2419001","2429000",2424000.5,"Fst",0.00519249793067245,0,0.0082774829056531,0.0110399772371605
"2420001","2430000",2425000.5,"Fst",0.00627853237896647,0,0.00820253953737082,0.0114804431985049
"2421001","2431000",2426000.5,"Fst",0.00528007346189163,0,0.0256302931718757,0.0607878531832906
"2422001","2432000",2427000.5,"Fst",0.022744468646108,0,0.0251647511642566,0.0475691047988054
"2423001","2433000",2428000.5,"Fst",0.022866728205739,0,0.0253844522780624,0.0501003912481054
"2424001","2434000",2429000.5,"Fst",0.0237074004136318,0,0.0284702808329701,0.054666233039885
"2425001","2435000",2430000.5,"Fst",0.022316742847469,0,0.0269500141148161,0.0518992954097468
"2426001","2436000",2431000.5,"Fst",0.0240825740448952,0,0.0289915658107363,0.056227530632418
"2427001","2437000",2432000.5,"Fst",0.0209044410807389,0,0.025538039176632,0.05117940983699
"2428001","2438000",2433000.5,"Fst",0.0236661771904063,0,0.0295975439863147,0.0581049332593859
"2429001","2439000",2434000.5,"Fst",0.0161930151959476,0,0.0320519266708152,0.0724992789474852
"2430001","2440000",2435000.5,"Fst",0.0164633815796608,0,0.0333972266990702,0.0722800663950507
"2431001","2441000",2436000.5,"Fst",0.0157550346229591,0,0.0234813177967841,0.0554030351559519
"2432001","2442000",2437000.5,"Fst",0,0,0.0275914198289341,0.0566867355000409
"2433001","2443000",2438000.5,"Fst",0,0,0.0284122081827572,0.058401863650397
"2434001","2444000",2439000.5,"Fst",0.0387237312485385,0,0.0227087193869458,0.0597411680567096
"2435001","2445000",2440000.5,"Fst",0.0401490903548518,0,0.0235531367619378,0.0616614198871038
"2436001","2446000",2441000.5,"Fst",0.039641562350366,0,0.0232889066271597,0.0608867447860315
"2437001","2447000",2442000.5,"Fst",0.0442615308189078,0,0.0263003309813332,0.0659128990058925
"2438001","2448000",2443000.5,"Fst",0.0626283215357818,0,0.0285496068159986,0.0700893978187734
"2439001","2449000",2444000.5,"Fst",0.0737111738038093,0,0.027757364503902,0.0594536115632401
"2440001","2450000",2445000.5,"Fst",0.070761817503139,0,0.0271907667788053,0.058203046377395
"2441001","2451000",2446000.5,"Fst",0.0713248265318124,0,0.0332129969629651,0.0810287595737761
"2442001","2452000",2447000.5,"Fst",0.0809176435075717,0,0.0341181017217113,0.0825974425214575
"2443001","2453000",2448000.5,"Fst",0.0809176435075717,0,0.0341181017217113,0.0825974425214575
"2444001","2454000",2449000.5,"Fst",0.0532185898205133,0,0.0314721350672135,0.0722434769316473
"2445001","2455000",2450000.5,"Fst",0.0527313493681207,0,0.031180884835546,0.0715822551950211
"2446001","2456000",2451000.5,"Fst",0.0526167742513897,0,0.0306612183142639,0.0712628338582538
"2447001","2457000",2452000.5,"Fst",0.0507547180081758,0,0.0297710888619532,0.0696962730279701
"2448001","2458000",2453000.5,"Fst",0.0315606282908734,0,0.0326666054704061,0.0717203218942619
"2449001","2459000",2454000.5,"Fst",0.0314641445113004,0,0.032654056213372,0.0730690528490224
"2450001","2460000",2455000.5,"Fst",0.0332872347637447,0,0.0343021747626139,0.0770055065707238
"2451001","2461000",2456000.5,"Fst",0.0124264600373082,0,0.0274778797995874,0.0731998034387945
"2452001","2462000",2457000.5,"Fst",0.0124640184225676,0,0.0274778797995874,0.0734789552315698
"2453001","2463000",2458000.5,"Fst",0.0124640184225676,0,0.0274778797995874,0.0734789552315698
"2454001","2464000",2459000.5,"Fst",0.00873172459149085,0,0.0150832336381806,0.0202578268876611
"2455001","2465000",2460000.5,"Fst",0.00957054534364687,0,0.0166439687913123,0.0222222222222221
"2456001","2466000",2461000.5,"Fst",0.115675460367068,0,0.0336056263174121,0.0682996602896476
"2457001","2467000",2462000.5,"Fst",0.113362505209264,0,0.0336060654248994,0.0675561064197148
"2458001","2468000",2463000.5,"Fst",0.119515903995987,0,0.0342725536252044,0.0731967258513072
"2459001","2469000",2464000.5,"Fst",0.111390055122383,0,0.030982117133253,0.0660509703062895
"2460001","2470000",2465000.5,"Fst",0.101817671236374,0,0.028220958474522,0.06143486007756
"2461001","2471000",2466000.5,"Fst",0.105998653198653,0,0.0289025227925565,0.0631953457705975
"2462001","2472000",2467000.5,"Fst",0.103739438754663,0,0.028339161656272,0.0613538919865537
"2463001","2473000",2468000.5,"Fst",0.0969499876816949,0,0.0265290302774473,0.057258576575832
"2464001","2474000",2469000.5,"Fst",0.0984176931834171,0,0.0278418068855488,0.0583961544126507
"2465001","2475000",2470000.5,"Fst",0.085453690040846,0,0.0237981103127791,0.0508327226844847
"2466001","2476000",2471000.5,"Fst",0.0108351661779081,0,0.0114531675757221,0.0175260847153345
"2467001","2477000",2472000.5,"Fst",0.0121658006208091,0,0.0127487603901865,0.01952417254933
"2468001","2478000",2473000.5,"Fst",0.026918945553092,0,0.0312219905619714,0.0803305095988023
"2469001","2479000",2474000.5,"Fst",0.0275712534958992,0,0.0333810000882461,0.0867734765511068
"2470001","2480000",2475000.5,"Fst",0.0265589513983518,0,0.0336789610741612,0.0907630522088355
"2471001","2481000",2476000.5,"Fst",0.0237022526934377,0,0.0558217387146508,0.146655918131994
"2472001","2482000",2477000.5,"Fst",0.0237022526934377,0,0.0558217387146508,0.146277590722035
"2473001","2483000",2478000.5,"Fst",0.0244741100323624,0,0.0576896614025812,0.150549684211736
"2474001","2484000",2479000.5,"Fst",0.0233288470165993,0,0.0548002824542913,0.143980373515174
"2475001","2485000",2480000.5,"Fst",0.0238553417385534,0,0.0567074232664633,0.151443137523862
"2476001","2486000",2481000.5,"Fst",0.0240258414242487,0,0.057343886150745,0.153059762705207
"2477001","2487000",2482000.5,"Fst",0.0233256434287362,0,0.055621698140419,0.148310217057908
"2478001","2488000",2483000.5,"Fst",0.0154963599713461,0,0.0530855777711958,0.136483794196764
"2479001","2489000",2484000.5,"Fst",0.0148836200061758,0,0.0531394048429563,0.136130655607847
"2480001","2490000",2485000.5,"Fst",0.0153268361436257,0,0.0547516943139284,0.13989513252089
"2481001","2491000",2486000.5,"Fst",0.00552949160544092,0,0.0101092352726862,0.0113554864929476
"2482001","2492000",2487000.5,"Fst",0.00549205790985285,0,0.0101953973078592,0.0112605938481598
"2483001","2493000",2488000.5,"Fst",0.000877553818730226,0,0.0130755156142596,0.0209366391184572
"2484001","2494000",2489000.5,"Fst",0.00808325088857109,0,0.0144194426077814,0.0213438912504628
"2485001","2495000",2490000.5,"Fst",0.0167522256156994,0,0.0350901756413302,0.0811355661881978
"2486001","2496000",2491000.5,"Fst",0.0201070184875854,0,0.0319469091545065,0.0716890532736357
"2487001","2497000",2492000.5,"Fst",0.0203286008701625,0,0.0325288206803859,0.0730977901283578
"2488001","2498000",2493000.5,"Fst",0.019435493810857,0,0.0296361962244075,0.0669600908217622
"2489001","2499000",2494000.5,"Fst",0.019162695415918,0,0.0291523010707612,0.065896629367985
"2490001","2500000",2495000.5,"Fst",0.018860890683249,0,0.0266731482943579,0.0605493334559865
"2491001","2501000",2496000.5,"Fst",0.018860890683249,0,0.0266731482943579,0.0605493334559865
"2492001","2502000",2497000.5,"Fst",0.0190997595494882,0,0.0271269051017798,0.0611995692026375
"2493001","2503000",2498000.5,"Fst",0.0250413115065921,0,0.034532250044398,0.146770800020198
"2494001","2504000",2499000.5,"Fst",0.024277442189122,0,0.0360471022523439,0.153573381789955
"2495001","2505000",2500000.5,"Fst",0.0218222099141512,0,0.0313686628222346,0.145804833021704
"2496001","2506000",2501000.5,"Fst",0.0191504515540867,0,0.0356932807172679,0.1627472858332
"2497001","2507000",2502000.5,"Fst",0.0554088369730827,0,0.0302374961863736,0.150615336298633
"2498001","2508000",2503000.5,"Fst",0.058013078921437,0,0.0317846961192478,0.159072070617364
"2499001","2509000",2504000.5,"Fst",0.0553325260804769,0,0.0322217069073973,0.150629596940277
"2500001","2510000",2505000.5,"Fst",0.0610985623555048,0,0.036444967779021,0.168384725409972
"2501001","2511000",2506000.5,"Fst",0.0593970394481903,0,0.0353581188844346,0.163668695490515
"2502001","2512000",2507000.5,"Fst",0.0587005928853754,0,0.0338349544707349,0.158865347520378
"2503001","2513000",2508000.5,"Fst",0.0478575793522411,0,0.0328498535606813,0.0741801940170715
"2504001","2514000",2509000.5,"Fst",0.0451987261241507,0,0.0301712303948171,0.072537969798902
"2505001","2515000",2510000.5,"Fst",0.0446199034490782,0,0.0293470779403192,0.0712875231185089
"2506001","2516000",2511000.5,"Fst",0.0460455347860367,0,0.0280679608429769,0.0689020462426161
"2507001","2517000",2512000.5,"Fst",0.0257024106400666,0,0.0290666907346518,0.0558309929752401
"2508001","2518000",2513000.5,"Fst",0.0260203652276363,0,0.0294252403005448,0.0566020251840227
"2509001","2519000",2514000.5,"Fst",0.0395471847347867,0,0.0304162596470095,0.0659467308018483
"2510001","2520000",2515000.5,"Fst",0.0395471847347867,0,0.0304162596470095,0.0659467308018483
"2511001","2521000",2516000.5,"Fst",0.040471492892194,0,0.031216094185541,0.0677500235126688
"2512001","2522000",2517000.5,"Fst",0.040351430976431,0,0.0327560238262638,0.0709886717302494
"2513001","2523000",2518000.5,"Fst",0.0629372358600845,0,0.0386132381749332,0.0834992837927542
"2514001","2524000",2519000.5,"Fst",0.074437551502713,0,0.0343415301620266,0.0540134288415619
"2515001","2525000",2520000.5,"Fst",0.0798352654057353,0,0.0370774918597113,0.059644555520844
"2516001","2526000",2521000.5,"Fst",0.0823180655661475,0,0.0422097240603463,0.0702825259754343
"2517001","2527000",2522000.5,"Fst",0.0596205533596839,0,0.0389176488498123,0.0712940588284309
"2518001","2528000",2523000.5,"Fst",0.0568521031207597,0,0.0372260488440142,0.0682296650717702
"2519001","2529000",2524000.5,"Fst",0.0399746594868545,0,0.0404868698836729,0.104442297978679
"2520001","2530000",2525000.5,"Fst",0.0380840664711632,0,0.0385171660832156,0.0963975777456412
"2521001","2531000",2526000.5,"Fst",0.0341430837298606,0,0.0336757987266638,0.0847184105985485
"2522001","2532000",2527000.5,"Fst",0.0334971334971336,0,0.0328366436405513,0.0831555805798204
"2523001","2533000",2528000.5,"Fst",0.031737219523479,0,0.0303392738424296,0.0780309370486344
"2524001","2534000",2529000.5,"Fst",0.0323966942148761,0,0.0309304574679238,0.0794009022930874
"2525001","2535000",2530000.5,"Fst",0.0312709403618495,0,0.0298917343932695,0.0755619961391375
"2526001","2536000",2531000.5,"Fst",0.0307422046552482,0,0.0293865280430904,0.0741078996570542
"2527001","2537000",2532000.5,"Fst",0.0298810893747604,0,0.0266130317397758,0.0719678399843121
"2528001","2538000",2533000.5,"Fst",0.0294248184556694,0,0.0262884013221294,0.0705103752899382
"2529001","2539000",2534000.5,"Fst",0.00914144318399635,0,0.00799299811594748,0.0120073929381673
"2530001","2540000",2535000.5,"Fst",0.00741182314952815,0,0.00715093390118922,0.0104415843983803
"2531001","2541000",2536000.5,"Fst",0.00604123072153762,0,0.00785116189512083,0.0122501611863314
"2532001","2542000",2537000.5,"Fst",0.00749956599733814,0,0.00790097210277906,0.0123641234351656
"2533001","2543000",2538000.5,"Fst",0.0107086489898992,0,0.0095411472132374,0.0133594435167055
"2534001","2544000",2539000.5,"Fst",0.0130632227568162,0,0.00847205860557027,0.012653555299861
"2535001","2545000",2540000.5,"Fst",0.0122560197335398,0,0.00912156776448549,0.014648392320148
"2536001","2546000",2541000.5,"Fst",0.0125896789970684,0,0.00933713891212258,0.0149990377640598
"2537001","2547000",2542000.5,"Fst",0.0122184410954463,0,0.00915140515866464,0.0159529176058101
"2538001","2548000",2543000.5,"Fst",0.0137375879687651,0,0.00930529604135472,0.0171526586620926
"2539001","2549000",2544000.5,"Fst",0.0137375879687651,0,0.00930529604135472,0.0171526586620926
"2540001","2550000",2545000.5,"Fst",0.0148391127772569,0,0.0101367165804965,0.0186289120715348
"2541001","2551000",2546000.5,"Fst",0.0143779638785189,0,0.00987838579546536,0.0181093806591813
"2542001","2552000",2547000.5,"Fst",0.0124082934609249,0,0.00854979748621927,0.0161312371838688
"2543001","2553000",2548000.5,"Fst",0.00912439310229363,0,0.0107746528830871,0.0200308040399635
"2544001","2554000",2549000.5,"Fst",0.00631064437292816,0,0.0344685069807558,0.0761647922625673
"2545001","2555000",2550000.5,"Fst",0.0118232867197241,0,0.0360735635637514,0.0772467566545981
"2546001","2556000",2551000.5,"Fst",0.0109746529638866,0,0.0338397031515356,0.0719761496049069
"2547001","2557000",2552000.5,"Fst",0.0106683581390782,0,0.0329968288411038,0.0702112043203401
"2548001","2558000",2553000.5,"Fst",0.0795039734521001,0,0.0293024012334102,0.0521594931069476
"2549001","2559000",2554000.5,"Fst",0.0900328061819489,0,0.033951165430471,0.0618376045319665
"2550001","2560000",2555000.5,"Fst",0.0879283952717068,0,0.0332470809888423,0.0617721305068812
"2551001","2561000",2556000.5,"Fst",0.0890213846766469,0,0.0336707181662442,0.0625865482369308
"2552001","2562000",2557000.5,"Fst",0.0895407997575181,0,0.0339204998988369,0.0629496480313435
"2553001","2563000",2558000.5,"Fst",0.0907443121781089,0,0.0341029954556326,0.0640534858977333
"2554001","2564000",2559000.5,"Fst",0.0831577263730332,0,0.0350758541379181,0.0768986954378374
"2555001","2565000",2560000.5,"Fst",0.0843141145192651,0,0.034867680189142,0.0768281344124042
"2556001","2566000",2561000.5,"Fst",0.0741736110527156,0,0.03390168339711,0.0858706086686311
"2557001","2567000",2562000.5,"Fst",0.0749500802963743,0,0.0342366039759022,0.0867041497530543
"2558001","2568000",2563000.5,"Fst",0.0357257654866887,0,0.0367794362898198,0.113802837290098
"2559001","2569000",2564000.5,"Fst",0.0140754680563596,0,0.0411706347728687,0.127073201147275
"2560001","2570000",2565000.5,"Fst",0.0146707972794932,0,0.0434263105398687,0.13132860437791
"2561001","2571000",2566000.5,"Fst",0.0136231391218921,0,0.0416113210498839,0.124680730299877
"2562001","2572000",2567000.5,"Fst",0.0137582340006392,0,0.0419806028436993,0.125727368119813
"2563001","2573000",2568000.5,"Fst",0.0147632895422639,0,0.0425243893898855,0.12905143387902
"2564001","2574000",2569000.5,"Fst",0.0198313409322584,0,0.0323988458208649,0.101355532635922
"2565001","2575000",2570000.5,"Fst",0.00911612270626128,0,0.0329049167978187,0.111975096880757
"2566001","2576000",2571000.5,"Fst",0,0,0.0345643528289335,0.0865790856542301
"2567001","2577000",2572000.5,"Fst",0,0,0.0332082175573858,0.0832121212121212
"2568001","2578000",2573000.5,"Fst",0,0,0.0351404390973,0.0880034184382011
"2569001","2579000",2574000.5,"Fst",0,0,0.031316133736516,0.0774832969190337
"2570001","2580000",2575000.5,"Fst",0,0,0.0302337477291953,0.0729018085522554
"2571001","2581000",2576000.5,"Fst",0,0,0.0350659570746074,0.0875570170786041
"2572001","2582000",2577000.5,"Fst",0,0,0.0396089376420924,0.0964278995567797
"2573001","2583000",2578000.5,"Fst",0,0,0.0412541035808641,0.100443650159118
"2574001","2584000",2579000.5,"Fst",0,0,0.0402975709352635,0.0998248469348213
"2575001","2585000",2580000.5,"Fst",0,0,0.0385162915392753,0.0963677672538432
"2576001","2586000",2581000.5,"Fst",0,0,0.0349713587418726,0.0937174875667859
"2577001","2587000",2582000.5,"Fst",0,0,0.0338083412641962,0.0910874582329241
"2578001","2588000",2583000.5,"Fst",0,0,0.0316639078039754,0.0852036174980999
"2579001","2589000",2584000.5,"Fst",0,0,0.0330196717765132,0.088756113008598
"2580001","2590000",2585000.5,"Fst",0,0,0.0302250593789609,0.0808742138634405
"2581001","2591000",2586000.5,"Fst",0,0,0.029799896339422,0.0797937901881149
"2582001","2592000",2587000.5,"Fst",0,0,0.0344371701292067,0.0605930674586783
"2583001","2593000",2588000.5,"Fst",0,0,0.026534405735624,0.0540463525835866
"2584001","2594000",2589000.5,"Fst",0,0,0.0243757417046626,0.049197470754637
"2585001","2595000",2590000.5,"Fst",0,0,0.0264561125401299,0.0724541394456133
"2586001","2596000",2591000.5,"Fst",0,0,0.0260640273597552,0.0720079082452986
"2587001","2597000",2592000.5,"Fst",0,0,0.026262848468497,0.0762984240354009
"2588001","2598000",2593000.5,"Fst",0,0,0.026304721312921,0.0758985631131192
"2589001","2599000",2594000.5,"Fst",0,0,0.0264610724884526,0.0766543665436654
"2590001","2600000",2595000.5,"Fst",0,0,0.0259194916395804,0.0785612242094562
"2591001","2601000",2596000.5,"Fst",0,0,0.0262506014640471,0.0795073107494256
"2592001","2602000",2597000.5,"Fst",0,0,0.0270872177035608,0.0928681093413616
"2593001","2603000",2598000.5,"Fst",0,0,0.0290579727608356,0.0972488365046961
"2594001","2604000",2599000.5,"Fst",0,0,0.0300269876828413,0.10401546801091
"2595001","2605000",2600000.5,"Fst",0.00768022996002271,0,0.0306519620069897,0.0485218248857422
"2596001","2606000",2601000.5,"Fst",0.00803357066694188,0,0.0290314163280989,0.0539654299588967
"2597001","2607000",2602000.5,"Fst",0.00992353440951554,0,0.0322058562856556,0.0653717725626677
"2598001","2608000",2603000.5,"Fst",0.00409626439922184,0,0.0302111201077197,0.0587553860281133
"2599001","2609000",2604000.5,"Fst",0.00500484937328338,0,0.0305153003102224,0.0593276626743513
"2600001","2610000",2605000.5,"Fst",0.00883278298900281,0,0.0386933571579777,0.0786609551007457
"2601001","2611000",2606000.5,"Fst",0.00883278298900281,0,0.0386933571579777,0.0786609551007457
"2602001","2612000",2607000.5,"Fst",0.00868882327071696,0,0.0407565046852578,0.0835134353079694
"2603001","2613000",2608000.5,"Fst",0.00655543878087228,0,0.0429060052533377,0.0869540087523738
"2604001","2614000",2609000.5,"Fst",0.00700711462450598,0,0.0411648824737494,0.0827939750212774
"2605001","2615000",2610000.5,"Fst",0.000462772521596211,0,0.0222602223520526,0.0295511506037821
"2606001","2616000",2611000.5,"Fst",0.000477909940526655,0,0.0228406470152996,0.0304674653511864
"2607001","2617000",2612000.5,"Fst",0,0,0.0250882812007449,0.032220385674931
"2608001","2618000",2613000.5,"Fst",0.00430020829133915,0,0.0167242040659762,0.0238265002970885
"2609001","2619000",2614000.5,"Fst",0.000103493955953105,0,0.0229445506692161,0.0313901345291481
"2610001","2620000",2615000.5,"Fst",0.000103001462620878,0,0.0229519530932164,0.0309734513274336
"2611001","2621000",2616000.5,"Fst",0.0231558478110688,0,0.0291275856598039,0.0864235576099983
"2612001","2622000",2617000.5,"Fst",0.0233275244457353,0,0.0274714580421779,0.0834357813005501
"2613001","2623000",2618000.5,"Fst",0.0179990028253283,0,0.027199183321894,0.0765992898657093
"2614001","2624000",2619000.5,"Fst",0.0195361358459308,0,0.0277496894194342,0.0762984172432992
"2615001","2625000",2620000.5,"Fst",0.0133732706730244,0,0.0259156999233217,0.0619197336785648
"2616001","2626000",2621000.5,"Fst",0.00662935662935671,0,0.0235565974891828,0.0463803472650421
"2617001","2627000",2622000.5,"Fst",0.0115615969548554,0,0.0243142832194708,0.0465393415669659
"2618001","2628000",2623000.5,"Fst",0.0118862642857456,0,0.0245286015299702,0.046827041475208
"2619001","2629000",2624000.5,"Fst",0.0128174283183735,0,0.0246339787225421,0.0474448781244347
"2620001","2630000",2625000.5,"Fst",0.0130161628094292,0,0.0250127743408565,0.0482613554197069
"2621001","2631000",2626000.5,"Fst",0,0,0.0255557914426943,0.0501813834051168
"2622001","2632000",2627000.5,"Fst",0,0,0.024831314772298,0.0468108191893358
"2623001","2633000",2628000.5,"Fst",0,0,0.0250725463718279,0.051075077806358
"2624001","2634000",2629000.5,"Fst",0.00460873185672528,0,0.0239349195534606,0.0422138047138045
"2625001","2635000",2630000.5,"Fst",0.0079869623751152,0,0.0250604513485071,0.0475078727844951
"2626001","2636000",2631000.5,"Fst",0.0154840761437461,0,0.0239485267286741,0.0484014951973881
"2627001","2637000",2632000.5,"Fst",0.0111234175677907,0,0.0254642934250786,0.0509836774011314
"2628001","2638000",2633000.5,"Fst",0.0122044861460102,0,0.0256262979759154,0.0506209829061681
"2629001","2639000",2634000.5,"Fst",0.0118708745874588,0,0.0248777271320061,0.0519857799332545
"2630001","2640000",2635000.5,"Fst",0.0118580332766701,0,0.0248515782360864,0.0519857799332545
"2631001","2641000",2636000.5,"Fst",0.0199379075565783,0,0.025971498554914,0.0673640226931372
"2632001","2642000",2637000.5,"Fst",0.0224290250156097,0,0.0270668626022805,0.0671392469423043
"2633001","2643000",2638000.5,"Fst",0.0229214184859347,0,0.0276944010238956,0.0688307108431711
"2634001","2644000",2639000.5,"Fst",0.014849464952376,0,0.0252716869628855,0.0835840103793376
"2635001","2645000",2640000.5,"Fst",0.0128426197458454,0,0.027094994405744,0.0881430372833667
"2636001","2646000",2641000.5,"Fst",0.00404487747268967,0,0.0316833670551102,0.0722948328267475
"2637001","2647000",2642000.5,"Fst",0.00404487747268967,0,0.0316833670551102,0.0722948328267475
"2638001","2648000",2643000.5,"Fst",0.000997350786972162,0,0.0320833547648693,0.0761669467373955
"2639001","2649000",2644000.5,"Fst",3.39149751582557e-06,0,0.0356725705625504,0.0880522771387379
"2640001","2650000",2645000.5,"Fst",0.0283046955819646,0,0.0326998377079929,0.0738292011019285
"2641001","2651000",2646000.5,"Fst",0.0328855565968968,0,0.038042088875536,0.0866902644680422
"2642001","2652000",2647000.5,"Fst",0.0338151836385053,0,0.0389916749639174,0.0890583887657058
"2643001","2653000",2648000.5,"Fst",0.0356815745883271,0,0.0363801782453686,0.0793449593627215
"2644001","2654000",2649000.5,"Fst",0.0238599777556636,0,0.0406796929659489,0.101194696422537
"2645001","2655000",2650000.5,"Fst",0.0237546377384787,0,0.0397179562293237,0.0987754629353044
"2646001","2656000",2651000.5,"Fst",0.0343085886207469,0,0.043670412569054,0.0864933308746697
"2647001","2657000",2652000.5,"Fst",0.0316546598056031,0,0.0403084005777385,0.0773932065247566
"2648001","2658000",2653000.5,"Fst",0.032250999033006,0,0.04106050391556,0.079014613021347
"2649001","2659000",2654000.5,"Fst",0.0309995744585545,0,0.039380964602718,0.0760280995702162
"2650001","2660000",2655000.5,"Fst",0.00378016912564316,0,0.0397458359173959,0.0779423766072234
"2651001","2661000",2656000.5,"Fst",0.00378726898716175,0,0.039824853068804,0.0781242488886507
"2652001","2662000",2657000.5,"Fst",0.00432493953620716,0,0.0313435515509401,0.061364040773787
"2653001","2663000",2658000.5,"Fst",0.00342004880707003,0,0.0309673837594481,0.056677511552245
"2654001","2664000",2659000.5,"Fst",0.00670281868148004,0,0.0297408043275763,0.0605215672796013
"2655001","2665000",2660000.5,"Fst",0.00622150710646285,0,0.0297923389326822,0.0616791571630282
"2656001","2666000",2661000.5,"Fst",0.006891421770576,0,0.0238163800231731,0.0472907012666048
"2657001","2667000",2662000.5,"Fst",0.00672644937263966,0,0.0242840102900405,0.0495726495726495
"2658001","2668000",2663000.5,"Fst",0.00659911847858541,0,0.0238114143231751,0.048589065255732
"2659001","2669000",2664000.5,"Fst",0.00666217557793225,0,0.0241442288621498,0.0490431686693369
"2660001","2670000",2665000.5,"Fst",0.0106586170031174,0,0.0172598264835321,0.0362697366651423
"2661001","2671000",2666000.5,"Fst",0.00817037805624288,0,0.0152669809294415,0.0327363474315346
"2662001","2672000",2667000.5,"Fst",0.00862457527217253,0,0.0176633039278415,0.0392424670312274
"2663001","2673000",2668000.5,"Fst",0.00750941133685223,0,0.0197733433352797,0.0453042018119337
"2664001","2674000",2669000.5,"Fst",0.00476067002022507,0,0.0172138607936868,0.0351185676507564
"2665001","2675000",2670000.5,"Fst",0.00477019408142565,0,0.0172307570267537,0.0351890464275786
"2666001","2676000",2671000.5,"Fst",0.0251732907794346,0,0.0286249952934387,0.0526484160688436
"2667001","2677000",2672000.5,"Fst",0.024886610136068,0,0.0282325598026253,0.0519762502566047
"2668001","2678000",2673000.5,"Fst",0.0214299861358686,0,0.0246150331126294,0.0431907632180112
"2669001","2679000",2674000.5,"Fst",0.0136784056784056,0,0.029834294781271,0.0529799998946531
"2670001","2680000",2675000.5,"Fst",0.0135417680191138,0,0.0295826786423582,0.052532564528428
"2671001","2681000",2676000.5,"Fst",0.017065026118524,0,0.0337260280496408,0.0648367477592829
"2672001","2682000",2677000.5,"Fst",0.0173144106338261,0,0.0341050798371136,0.0656457624372063
"2673001","2683000",2678000.5,"Fst",0.0173144106338261,0,0.0341050798371136,0.0656457624372063
"2674001","2684000",2679000.5,"Fst",0.0214120272053369,0,0.036659822771032,0.0659738705315661
"2675001","2685000",2680000.5,"Fst",0.0211098649777894,0,0.0359730215488861,0.0638204853920042
"2676001","2686000",2681000.5,"Fst",0.00752316553969445,0,0.03489859778757,0.0642916605590602
"2677001","2687000",2682000.5,"Fst",0.00734115347018571,0,0.0341222796156356,0.0624174337053067
"2678001","2688000",2683000.5,"Fst",0.00793313094128234,0,0.0380420835507612,0.0652292251225969
"2679001","2689000",2684000.5,"Fst",0.0144884651213766,0,0.0455099238278659,0.0937854906331264
"2680001","2690000",2685000.5,"Fst",0.0144617010896079,0,0.0413537914190036,0.0846157366545716
"2681001","2691000",2686000.5,"Fst",0.0141083610978899,0,0.0403999850368278,0.082863709992381
"2682001","2692000",2687000.5,"Fst",0.0150826446280992,0,0.0393694867748968,0.0799786213239865
"2683001","2693000",2688000.5,"Fst",0.0149287080343111,0,0.0389038056305757,0.0791828949392401
"2684001","2694000",2689000.5,"Fst",0.00702960840496658,0,0.0311535240148152,0.0743674751352293
"2685001","2695000",2690000.5,"Fst",0.00727518807565197,0,0.0316867143865374,0.0743618970423093
"2686001","2696000",2691000.5,"Fst",0.0103119042923816,0,0.0307980913065142,0.0760446570972886
"2687001","2697000",2692000.5,"Fst",0.00827165555387732,0,0.0283053029455267,0.0648887007443469
"2688001","2698000",2693000.5,"Fst",0.00984492146298355,0,0.0279892330853898,0.0640298007701322
"2689001","2699000",2694000.5,"Fst",0.00953553163880627,0,0.0163024803246893,0.0447630419949133
"2690001","2700000",2695000.5,"Fst",0.00861332659665337,0,0.0199034922999132,0.0557325033900401
"2691001","2701000",2696000.5,"Fst",0.0130471380471381,0,0.0191432052659917,0.0559520029034162
"2692001","2702000",2697000.5,"Fst",0.0307901792132883,0,0.0225623793854588,0.0556105403300761
"2693001","2703000",2698000.5,"Fst",0.0307301426521481,0,0.0225191647647378,0.05547300395663
"2694001","2704000",2699000.5,"Fst",0.0334288242354155,0,0.0236493855395886,0.0509639005704293
"2695001","2705000",2700000.5,"Fst",0.0344263049823669,0,0.0246271570213997,0.0528508777929465
"2696001","2706000",2701000.5,"Fst",0.0225574366792372,0,0.027896044571526,0.0948616600790514
"2697001","2707000",2702000.5,"Fst",0.0439417357500819,0,0.0272444091543353,0.0890139304065805
"2698001","2708000",2703000.5,"Fst",0.044695745826602,0,0.0281581453188874,0.0917903106812035
"2699001","2709000",2704000.5,"Fst",0.0487418307048095,0,0.0278028653092977,0.0829541468143868
"2700001","2710000",2705000.5,"Fst",0.0482331300222675,0,0.0275150899752136,0.0821073232323233
"2701001","2711000",2706000.5,"Fst",0.047444069998782,0,0.0285884948325989,0.0835346933386149
"2702001","2712000",2707000.5,"Fst",0.0383217056327777,0,0.0337730456065424,0.108827998292787
"2703001","2713000",2708000.5,"Fst",0.037248569612206,0,0.0323847946138281,0.10401607413786
"2704001","2714000",2709000.5,"Fst",0.0383217056327777,0,0.0339263031455675,0.108036592984348
"2705001","2715000",2710000.5,"Fst",0.0371757778792955,0,0.0323330267102058,0.104213501610465
"2706001","2716000",2711000.5,"Fst",0.0646545333514879,0,0.0324412214059334,0.0827817745803359
"2707001","2717000",2712000.5,"Fst",0.0275081752779595,0,0.0239323560194612,0.0586331399097358
"2708001","2718000",2713000.5,"Fst",0.0345508961670578,0,0.0202614542560257,0.0449149493807494
"2709001","2719000",2714000.5,"Fst",0.0262626262626263,0,0.0211640211640212,0.0265909090909092
"2710001","2720000",2715000.5,"Fst",0.0239410681399631,0,0.0190965846492839,0.0243116883116882
"2711001","2721000",2716000.5,"Fst",0.0223367697594501,0,0.0175265027921434,0.0223923444976076
"2712001","2722000",2717000.5,"Fst",0.0223367697594501,0,0.0175265027921434,0.0223923444976076
"2713001","2723000",2718000.5,"Fst",0.025949637217243,0,0.0147234999558769,0.0261533813818996
"2714001","2724000",2719000.5,"Fst",0.0164529305595135,0,0.0140592833600802,0.0239988720448796
"2715001","2725000",2720000.5,"Fst",0.0209478505990134,0,0.0145303156691171,0.0236278275714894
"2716001","2726000",2721000.5,"Fst",0.0201286609107838,0,0.0139205083707279,0.0227313788289398
"2717001","2727000",2722000.5,"Fst",0.0196363636363636,0,0.0144489181755428,0.0240075727620213
"2718001","2728000",2723000.5,"Fst",0.011719847481437,0,0.0159922263233061,0.0260116204536525
"2719001","2729000",2724000.5,"Fst",0.0138819386525808,0,0.014810792730682,0.0257422711968165
"2720001","2730000",2725000.5,"Fst",0.0121255722694571,0,0.0176247068010307,0.0301756803306923
"2721001","2731000",2726000.5,"Fst",0.0126776026178066,0,0.017141103792144,0.0297615126677772
"2722001","2732000",2727000.5,"Fst",0.0123236822568672,0,0.0167601355919284,0.0340941940517587
"2723001","2733000",2728000.5,"Fst",0.00752103852975605,0,0.0167209048619159,0.0332227210618777
"2724001","2734000",2729000.5,"Fst",0.0105704821494295,0,0.0129479776470383,0.0245585847279746
"2725001","2735000",2730000.5,"Fst",0.00519708261926588,0,0.0135635712194672,0.0281262418507739
"2726001","2736000",2731000.5,"Fst",0.00569843862781605,0,0.0135933410417268,0.025958674894845
"2727001","2737000",2732000.5,"Fst",0.0051230537418383,0,0.0129718035992138,0.0285569546967722
"2728001","2738000",2733000.5,"Fst",0.00118645986641008,0,0.0293317076664904,0.0674763109855433
"2729001","2739000",2734000.5,"Fst",0.002855251544572,0,0.0278962874068171,0.0661582186955124
"2730001","2740000",2735000.5,"Fst",0.00462879621295476,0,0.0309365597944711,0.0764694143782354
"2731001","2741000",2736000.5,"Fst",0.00424011982947359,0,0.0334494685835519,0.0816176714773363
"2732001","2742000",2737000.5,"Fst",0.00235050804783732,0,0.0340742393548657,0.08534101210473
"2733001","2743000",2738000.5,"Fst",0.00678007438570816,0,0.0330036165206862,0.0808216741301034
"2734001","2744000",2739000.5,"Fst",0.00678007438570816,0,0.0330058177012224,0.081008756734801
"2735001","2745000",2740000.5,"Fst",0.0019438285291945,0,0.0395116532952501,0.132882301113545
"2736001","2746000",2741000.5,"Fst",0.00425341853913297,0,0.0419801018795216,0.136248879257604
"2737001","2747000",2742000.5,"Fst",0.00522608230367805,0,0.0426724027289627,0.136593368029961
"2738001","2748000",2743000.5,"Fst",0.0073208292685919,0,0.0360509372131262,0.12122102844589
"2739001","2749000",2744000.5,"Fst",0.00236864053377817,0,0.0339975922349854,0.108267158929964
"2740001","2750000",2745000.5,"Fst",0.00199715135001222,0,0.0314210070114913,0.0995030320516966
"2741001","2751000",2746000.5,"Fst",0.00233061595567807,0,0.0306145295239932,0.0967838246024383
"2742001","2752000",2747000.5,"Fst",0.00293887147335437,0,0.0309515251445356,0.0961136792464111
"2743001","2753000",2748000.5,"Fst",0.00106932635709622,0,0.0336940633608813,0.100736082535489
"2744001","2754000",2749000.5,"Fst",0.00213542153862589,0,0.0305259431789539,0.0807931479022636
"2745001","2755000",2750000.5,"Fst",0.00311900365663809,0,0.0267940169305686,0.0598092478570564
"2746001","2756000",2751000.5,"Fst",0.000455003896758788,0,0.0289588703893693,0.0589683222653395
"2747001","2757000",2752000.5,"Fst",0,0,0.029645412700906,0.0615521885521886
"2748001","2758000",2753000.5,"Fst",0.00161779930164407,0,0.0295503848272737,0.0595232530965178
"2749001","2759000",2754000.5,"Fst",0.00437308430099592,0,0.0283951376755107,0.0559979307188764
"2750001","2760000",2755000.5,"Fst",0.00725698178725309,0,0.030511392445206,0.0573791709809948
"2751001","2761000",2756000.5,"Fst",0.00842153083895891,0,0.0308861034356219,0.0582013910733633
"2752001","2762000",2757000.5,"Fst",0.00894888437595409,0,0.0281929869066517,0.0556691377292237
"2753001","2763000",2758000.5,"Fst",0.00906000134381502,0,0.0285442076196459,0.0562607204116637
"2754001","2764000",2759000.5,"Fst",0.0124333613916947,0,0.0324355011614165,0.0655871694039633
"2755001","2765000",2760000.5,"Fst",0.0294253113295271,0,0.0200035191025049,0.03544440033523
"2756001","2766000",2761000.5,"Fst",0.0259667138526997,0,0.0192440352060351,0.0345147474747475
"2757001","2767000",2762000.5,"Fst",0.0238083908319454,0,0.0175101878211016,0.0296984265734265
"2758001","2768000",2763000.5,"Fst",0.0214019242096996,0,0.0171131269746841,0.0290747865596718
"2759001","2769000",2764000.5,"Fst",0.0209363820189765,0,0.0170280381639431,0.027847653695661
"2760001","2770000",2765000.5,"Fst",0.0178278703891176,0,0.0172519476045004,0.0306064398680168
"2761001","2771000",2766000.5,"Fst",0.0170637281910009,0,0.0166847719513603,0.0292446908324393
"2762001","2772000",2767000.5,"Fst",0.0176036896294132,0,0.0183935318494279,0.0333336344650137
"2763001","2773000",2768000.5,"Fst",0.017164829001166,0,0.0178574524104031,0.033412213101022
"2764001","2774000",2769000.5,"Fst",0.0150751081159554,0,0.0177259866217113,0.0344987530899905
"2765001","2775000",2770000.5,"Fst",0.00236534625249363,0,0.0112090395074098,0.0188714759766877
"2766001","2776000",2771000.5,"Fst",0.00467390403580015,0,0.011246110273408,0.0196309819280207
"2767001","2777000",2772000.5,"Fst",0.0359021132376396,0,0.0318922824502746,0.0701349660048034
"2768001","2778000",2773000.5,"Fst",0.0319862771807676,0,0.0314609506451583,0.0679467652790432
"2769001","2779000",2774000.5,"Fst",0.0349714404673613,0,0.0300563505751118,0.0698258044230163
"2770001","2780000",2775000.5,"Fst",0.037136470974504,0,0.0292790950952447,0.0675822176786169
"2771001","2781000",2776000.5,"Fst",0.0374125374839354,0,0.0304094375909038,0.0698152521886016
"2772001","2782000",2777000.5,"Fst",0.037973471244553,0,0.0308403449048217,0.070611025087139
"2773001","2783000",2778000.5,"Fst",0.0401631941200287,0,0.0319395184872346,0.070532337952266
"2774001","2784000",2779000.5,"Fst",0.0386168645463211,0,0.0310958865089043,0.0648658291422808
"2775001","2785000",2780000.5,"Fst",0.0385366267719208,0,0.0301843061857664,0.0633097454407293
"2776001","2786000",2781000.5,"Fst",0.0371629594994768,0,0.0270604631710073,0.060821619413907
"2777001","2787000",2782000.5,"Fst",0.0187227620355769,0,0.0232000531598167,0.0429407810199722
"2778001","2788000",2783000.5,"Fst",0.0230912476722532,0,0.0237259938856863,0.0508120356323181
"2779001","2789000",2784000.5,"Fst",0.0191221291098849,0,0.0234551226885963,0.0441248080308652
"2780001","2790000",2785000.5,"Fst",0.0154803033084655,0,0.0238001654456758,0.0463696701528561
"2781001","2791000",2786000.5,"Fst",0.0154803033084655,0,0.0237597832938116,0.0463099044207496
"2782001","2792000",2787000.5,"Fst",0.0150039228480654,0,0.0201136451806307,0.0376731601731602
"2783001","2793000",2788000.5,"Fst",0.00970116630820594,0,0.0193705305451597,0.0421321070521479
"2784001","2794000",2789000.5,"Fst",0.00925615828669613,0,0.0203438233396342,0.0446442287927472
"2785001","2795000",2790000.5,"Fst",0.00888732186117391,0,0.0212960810505453,0.046313651983755
"2786001","2796000",2791000.5,"Fst",0.00952338344070625,0,0.0217376988569044,0.0431147468883318
"2787001","2797000",2792000.5,"Fst",0.0177340522813987,0,0.025893064054645,0.0515567473803454
"2788001","2798000",2793000.5,"Fst",0.0174615002483854,0,0.0255215354372248,0.0508293415002313
"2789001","2799000",2794000.5,"Fst",0.0174540562027949,0,0.0250489502736385,0.0503751312098842
"2790001","2800000",2795000.5,"Fst",0.0178997655437445,0,0.0253385017563659,0.051101593046316
"2791001","2801000",2796000.5,"Fst",0.0179180066791071,0,0.0253477208240428,0.0510504183465557
"2792001","2802000",2797000.5,"Fst",0.00799549698113045,0,0.0314520608443333,0.131247294747503
"2793001","2803000",2798000.5,"Fst",0.0126445340779813,0,0.0348719746626836,0.152655809798667
"2794001","2804000",2799000.5,"Fst",0.0141382965457039,0,0.0339740625248919,0.152498722634909
"2795001","2805000",2800000.5,"Fst",0.00848619229993941,0,0.0342104759283186,0.146392014447024
"2796001","2806000",2801000.5,"Fst",0.00200399452435995,0,0.0367815624019142,0.131412388424584
"2797001","2807000",2802000.5,"Fst",0,0,0.0336696660741525,0.0946841428775449
"2798001","2808000",2803000.5,"Fst",0,0,0.0337639229640705,0.0916618755222348
"2799001","2809000",2804000.5,"Fst",0,0,0.0315190604736364,0.0810931116015861
"2800001","2810000",2805000.5,"Fst",0,0,0.0317773887411593,0.0817484472991283
"2801001","2811000",2806000.5,"Fst",0,0,0.0344643902469111,0.07980128036682
"2802001","2812000",2807000.5,"Fst",0.000156049328159269,0,0.0334414153993856,0.0766247621532297
"2803001","2813000",2808000.5,"Fst",0.000155553108308837,0,0.0332859502566885,0.0762574174665067
"2804001","2814000",2809000.5,"Fst",0.00257788118848445,0,0.0357608102551274,0.0746049136792759
"2805001","2815000",2810000.5,"Fst",0.00442965327537603,0,0.0339076952632935,0.0785526291411874
"2806001","2816000",2811000.5,"Fst",0.00658744334521899,0,0.0307460773270324,0.0775795844761105
"2807001","2817000",2812000.5,"Fst",0.0116640791213846,0,0.0321920091074306,0.0775394851767166
"2808001","2818000",2813000.5,"Fst",0.010167714884696,0,0.0335181962899158,0.0796430669292697
"2809001","2819000",2814000.5,"Fst",0.0116872898934268,0,0.0376961352933779,0.0869140797627348
"2810001","2820000",2815000.5,"Fst",0.01216772483081,0,0.0366751832238802,0.0847832069373778
"2811001","2821000",2816000.5,"Fst",0.0210528788113659,0,0.0315159287364993,0.0521507310548408
"2812001","2822000",2817000.5,"Fst",0.022713563087978,0,0.031832791052731,0.0528224869126986
"2813001","2823000",2818000.5,"Fst",0.0209735146743022,0,0.0284336272744549,0.0572553880332154
"2814001","2824000",2819000.5,"Fst",0.0195913997680435,0,0.0277654436294904,0.0665779253981738
"2815001","2825000",2820000.5,"Fst",0.0186326070623593,0,0.0266806026949673,0.0640069469075254
"2816001","2826000",2821000.5,"Fst",0.0251997047842321,0,0.0288911937722721,0.0648270715722536
"2817001","2827000",2822000.5,"Fst",0.015304312518699,0,0.0335992468506507,0.0699356829387788
"2818001","2828000",2823000.5,"Fst",0.0147440010969422,0,0.0335431088218889,0.0707768438905527
"2819001","2829000",2824000.5,"Fst",0.0145336969479236,0,0.0333145103718942,0.0703303745954434
"2820001","2830000",2825000.5,"Fst",0.0135928729260874,0,0.0326847333179861,0.069741961095673
"2821001","2831000",2826000.5,"Fst",0.0134453503563927,0,0.0329408542950799,0.0713754406390479
"2822001","2832000",2827000.5,"Fst",0.0130896594814121,0,0.0341909101860428,0.0738257081348636
"2823001","2833000",2828000.5,"Fst",0.00911030139726665,0,0.0382872944757711,0.0852462244275112
"2824001","2834000",2829000.5,"Fst",0.00855934265446323,0,0.0352539628110695,0.078593721647614
"2825001","2835000",2830000.5,"Fst",0.0141512555421509,0,0.040494839044846,0.0854868752295119
"2826001","2836000",2831000.5,"Fst",0.0077210231714302,0,0.0420383142491718,0.10372596023734
"2827001","2837000",2832000.5,"Fst",0.00722322232223227,0,0.0382342579724842,0.110510383291312
"2828001","2838000",2833000.5,"Fst",0.013200717132384,0,0.0370947529445879,0.0867566267950288
"2829001","2839000",2834000.5,"Fst",0.0150431287540082,0,0.0360117076349637,0.0878111096427471
"2830001","2840000",2835000.5,"Fst",0.0242760409162944,0,0.0367785086230835,0.0890625647718627
"2831001","2841000",2836000.5,"Fst",0.024037138124898,0,0.0361957480983499,0.08695643709816
"2832001","2842000",2837000.5,"Fst",0.0250331334097086,0,0.0346850074102783,0.0856327354965942
"2833001","2843000",2838000.5,"Fst",0.0269785675451398,0,0.0353790323177565,0.0808572188601451
"2834001","2844000",2839000.5,"Fst",0.0265886391253156,0,0.0327686872537085,0.0776705382490829
"2835001","2845000",2840000.5,"Fst",0.0311271220362129,0,0.0341403826256873,0.0748133342523032
"2836001","2846000",2841000.5,"Fst",0.0360931325007092,0,0.0344033879092651,0.103237145322572
"2837001","2847000",2842000.5,"Fst",0.036193234461355,0,0.0340511210172035,0.102297427431559
"2838001","2848000",2843000.5,"Fst",0.0386468232622079,0,0.0312285341094663,0.0992799076572968
"2839001","2849000",2844000.5,"Fst",0.0376979673275968,0,0.0317611367584392,0.103987285921128
"2840001","2850000",2845000.5,"Fst",0.0234041593359499,0,0.0377227689229704,0.0982945186586278
"2841001","2851000",2846000.5,"Fst",0.0233093981250077,0,0.0375933857417709,0.0975979257483716
"2842001","2852000",2847000.5,"Fst",0.0216306156405991,0,0.038809848139417,0.101246105919003
"2843001","2853000",2848000.5,"Fst",0.0166838373695352,0,0.0309499535462826,0.0635054527926732
"2844001","2854000",2849000.5,"Fst",0.0167865063500116,0,0.0358828231850323,0.065426120967932
"2845001","2855000",2850000.5,"Fst",0.0124056734226227,0,0.0358077667626934,0.0714404380608707
"2846001","2856000",2851000.5,"Fst",0.0189731712024706,0,0.0342546612054268,0.0773578785175575
"2847001","2857000",2852000.5,"Fst",0.0143647832782428,0,0.0349863810919224,0.0738352380336471
"2848001","2858000",2853000.5,"Fst",0.0142054693274205,0,0.0339410603069078,0.0710304977513261
"2849001","2859000",2854000.5,"Fst",0.0273894950180809,0,0.0293764067386182,0.0729752901191096
"2850001","2860000",2855000.5,"Fst",0.0345977156825558,0,0.0258888486701484,0.0901131439903291
"2851001","2861000",2856000.5,"Fst",0.0352528214698301,0,0.027081447166922,0.0952915723700128
"2852001","2862000",2857000.5,"Fst",0.0357826974407286,0,0.0257221749091911,0.0911333030715692
"2853001","2863000",2858000.5,"Fst",0.0462612704223443,0,0.0297232154176847,0.079727405054916
"2854001","2864000",2859000.5,"Fst",0.0451419457735247,0,0.0288834136255535,0.0765478190529526
"2855001","2865000",2860000.5,"Fst",0.0438495383280659,0,0.0280649017047076,0.0742605336230835
"2856001","2866000",2861000.5,"Fst",0.0208134377945698,0,0.0274397142053196,0.0849900017986183
"2857001","2867000",2862000.5,"Fst",0.0266270711826921,0,0.031763310676862,0.0983833412342099
"2858001","2868000",2863000.5,"Fst",0.0278412609062765,0,0.0320640157399683,0.104796187292813
"2859001","2869000",2864000.5,"Fst",0,0,0.0429624126162135,0.128305666273167
"2860001","2870000",2865000.5,"Fst",9.86834187787222e-05,0,0.040810919518085,0.121630375205541
"2861001","2871000",2866000.5,"Fst",0.0130702449329899,0,0.0313016821404133,0.0916684801714179
"2862001","2872000",2867000.5,"Fst",0.0141841608352773,0,0.0336934481292506,0.0998819054930593
"2863001","2873000",2868000.5,"Fst",0.00588553016334215,0,0.0349024282206021,0.103456783394128
"2864001","2874000",2869000.5,"Fst",0.00603182334794605,0,0.0353721282736384,0.102874201788906
"2865001","2875000",2870000.5,"Fst",0.00599604567647183,0,0.0351695739745685,0.102405663441391
"2866001","2876000",2871000.5,"Fst",0.0108722529205461,0,0.0291409050886108,0.0746408457303359
"2867001","2877000",2872000.5,"Fst",0.00705703617319475,0,0.0348170010214098,0.0932894489021434
"2868001","2878000",2873000.5,"Fst",0.00692723159683517,0,0.0354557249776765,0.0941249746181144
"2869001","2879000",2874000.5,"Fst",0.00702085413078535,0,0.0359226990237635,0.0952792752879231
"2870001","2880000",2875000.5,"Fst",0.00689318015155216,0,0.0365064098158625,0.0962595328486356
"2871001","2881000",2876000.5,"Fst",0.00119380574049766,0,0.0388714823223305,0.103930603141189
"2872001","2882000",2877000.5,"Fst",0,0,0.0374897510679845,0.0961256197254362
"2873001","2883000",2878000.5,"Fst",0.00678122690317806,0,0.0336918717462563,0.0867440951731211
"2874001","2884000",2879000.5,"Fst",0.0125923546418247,0,0.0357048047485083,0.0864228506134195
"2875001","2885000",2880000.5,"Fst",0.0125701459034793,0,0.0355427881016457,0.0862298946085768
"2876001","2886000",2881000.5,"Fst",0.00455917982503251,0,0.0438248752320221,0.117178093008075
"2877001","2887000",2882000.5,"Fst",0.0108075288403159,0,0.0351094336051194,0.0888332943652093
"2878001","2888000",2883000.5,"Fst",0.00996666666666679,0,0.0335521729264238,0.0849997860554711
"2879001","2889000",2884000.5,"Fst",0.00948041340110828,0,0.0303791332678021,0.0758760070136477
"2880001","2890000",2885000.5,"Fst",0.00996911150142332,0,0.0300005502955354,0.0754710447029615
"2881001","2891000",2886000.5,"Fst",0.0108258601488775,0,0.0329820028227724,0.0812055652822885
"2882001","2892000",2887000.5,"Fst",0,0,0.0462298910238957,0.135756210040876
"2883001","2893000",2888000.5,"Fst",0.00591879384982852,0,0.0457606968150643,0.135817519280611
"2884001","2894000",2889000.5,"Fst",0,0,0.0464962155882144,0.148499049516626
"2885001","2895000",2890000.5,"Fst",0.000398487099824374,0,0.0416939565775274,0.135338457911171
"2886001","2896000",2891000.5,"Fst",0.00446039210442239,0,0.0339146690221548,0.117798103976226
"2887001","2897000",2892000.5,"Fst",0.00578904857397511,0,0.032012933320626,0.110888234187927
"2888001","2898000",2893000.5,"Fst",0.00631865585994018,0,0.0326979184922001,0.113684345211439
"2889001","2899000",2894000.5,"Fst",0.0107398219757769,0,0.0326784573461696,0.110173923972965
"2890001","2900000",2895000.5,"Fst",0.00162989114445422,0,0.0271122723235944,0.073350454147308
"2891001","2901000",2896000.5,"Fst",0.00159378596087456,0,0.02646661500538,0.0714177996543666
"2892001","2902000",2897000.5,"Fst",0.00721020902392533,0,0.0226887959382689,0.057839960573293
"2893001","2903000",2898000.5,"Fst",0.00216174483690401,0,0.0252444789385197,0.0726922007159566
"2894001","2904000",2899000.5,"Fst",0.0123180587890145,0,0.0245690863208852,0.0558679993309894
"2895001","2905000",2900000.5,"Fst",0.00712199629530708,0,0.0321553717423539,0.0752641876400838
"2896001","2906000",2901000.5,"Fst",0.00044680291095156,0,0.0390189713475587,0.0910638297872342
"2897001","2907000",2902000.5,"Fst",0,0,0.0439184026990911,0.111002867089573
"2898001","2908000",2903000.5,"Fst",0,0,0.0441441595009515,0.11156653420976
"2899001","2909000",2904000.5,"Fst",0,0,0.0452325870945083,0.114083993630451
"2900001","2910000",2905000.5,"Fst",0,0,0.0540564056409742,0.141746921190842
"2901001","2911000",2906000.5,"Fst",0,0,0.0546553632437859,0.143818051763921
"2902001","2912000",2907000.5,"Fst",0,0,0.0560530039303466,0.146146872910591
"2903001","2913000",2908000.5,"Fst",0,0,0.0530722251458795,0.135371150025801
"2904001","2914000",2909000.5,"Fst",0,0,0.053511944823369,0.13827934115044
"2905001","2915000",2910000.5,"Fst",0,0,0.0503984683641131,0.136364885547295
"2906001","2916000",2911000.5,"Fst",0,0,0.0311495302036041,0.072577421906625
"2907001","2917000",2912000.5,"Fst",0.00588653331736344,0,0.0253238260014124,0.0569921261086234
"2908001","2918000",2913000.5,"Fst",0.0182678693822825,0,0.0278152340584671,0.0572025281670788
"2909001","2919000",2914000.5,"Fst",0.0412445979500133,0,0.0307835518329819,0.0630609085625826
"2910001","2920000",2915000.5,"Fst",0.0318281828182818,0,0.0355066612127035,0.0699819154763054
"2911001","2921000",2916000.5,"Fst",0.0320130768263549,0,0.0357134448166855,0.0703004606097759
"2912001","2922000",2917000.5,"Fst",0.0350248900488136,0,0.0350135562545356,0.0681267724681129
"2913001","2923000",2918000.5,"Fst",0.0339182034349321,0,0.032910229852213,0.0636116087724525
"2914001","2924000",2919000.5,"Fst",0.034237596553773,0,0.0332475846904806,0.0648315904798851
"2915001","2925000",2920000.5,"Fst",0.033953946670305,0,0.0325550451262323,0.0638589618021548
"2916001","2926000",2921000.5,"Fst",0.036950429146961,0,0.0370203807434083,0.068048717125873
"2917001","2927000",2922000.5,"Fst",0.03757071782627,0,0.0366571684594698,0.0675159082650908
"2918001","2928000",2923000.5,"Fst",0.043553299164511,0,0.0304506379296239,0.0673263946713737
"2919001","2929000",2924000.5,"Fst",0.0297558481851675,0,0.0292301142089796,0.0742963105022579
"2920001","2930000",2925000.5,"Fst",0.038670512732462,0,0.0268352482700538,0.0546008162104941
"2921001","2931000",2926000.5,"Fst",0.0510970682954626,0,0.0226112608269001,0.049101418461141
"2922001","2932000",2927000.5,"Fst",0.0474914335726443,0,0.0225955910880412,0.0502010000980488
"2923001","2933000",2928000.5,"Fst",0.0554161654350691,0,0.0216292158920918,0.0554629494334699
"2924001","2934000",2929000.5,"Fst",0.0550002842685768,0,0.0214818128917202,0.055035734822969
"2925001","2935000",2930000.5,"Fst",0.0556479022077513,0,0.0210087938024193,0.0561869311257375
"2926001","2936000",2931000.5,"Fst",0.0576239103362391,0,0.019877170009003,0.041554943373125
"2927001","2937000",2932000.5,"Fst",0.0588276797829036,0,0.0222121121147609,0.0413059505002632
"2928001","2938000",2933000.5,"Fst",0.0534359155759934,0,0.0213619332424632,0.0382993337454496
"2929001","2939000",2934000.5,"Fst",0.0536628548400948,0,0.0238153292904589,0.0364169349126535
"2930001","2940000",2935000.5,"Fst",0.0583718232165137,0,0.0237212642061588,0.0419879522683262
"2931001","2941000",2936000.5,"Fst",0.0240182736132014,0,0.0303551807247751,0.0424459516432403
"2932001","2942000",2937000.5,"Fst",0.0272104443645945,0,0.0337535934303075,0.045771933801859
"2933001","2943000",2938000.5,"Fst",0.0279147203257873,0,0.0328677818874847,0.0466061359554936
"2934001","2944000",2939000.5,"Fst",0.0347111097692299,0,0.029491563124975,0.0441270150562455
"2935001","2945000",2940000.5,"Fst",0.0288054581563517,0,0.0283131156919035,0.0420054771434589
"2936001","2946000",2941000.5,"Fst",0.0343088202901287,0,0.0186759561090892,0.0441310476842821
"2937001","2947000",2942000.5,"Fst",0.0343088202901287,0,0.0186759561090892,0.0441310476842821
"2938001","2948000",2943000.5,"Fst",0.0224065213538899,0,0.0219323184378845,0.0663371301669174
"2939001","2949000",2944000.5,"Fst",0.0215517335517336,0,0.0198599493066331,0.0623464033475768
"2940001","2950000",2945000.5,"Fst",0.0130026681913474,0,0.022724159969143,0.0655035384091865
"2941001","2951000",2946000.5,"Fst",0.0132124858381841,0,0.0243627140842083,0.0704690878325447
"2942001","2952000",2947000.5,"Fst",0.0137699004543721,0,0.0214072172516175,0.0616805354859069
"2943001","2953000",2948000.5,"Fst",0.0121540431399587,0,0.0212142903077634,0.0564108496965745
"2944001","2954000",2949000.5,"Fst",0.0018038693120126,0,0.0209043880372286,0.0612845228345554
"2945001","2955000",2950000.5,"Fst",0.027589564711867,0,0.0293139343636397,0.0653667326517107
"2946001","2956000",2951000.5,"Fst",0.0267379679144385,0,0.0259094245852201,0.0595614229620256
"2947001","2957000",2952000.5,"Fst",0.0241476517206531,0,0.0337866605784876,0.0768774902018469
"2948001","2958000",2953000.5,"Fst",0.0247571374029609,0,0.0326499469519584,0.0738555218139442
"2949001","2959000",2954000.5,"Fst",0.0258677018519539,0,0.0319620399493883,0.0730096786971304
"2950001","2960000",2955000.5,"Fst",0.0258677018519539,0,0.0319611954856708,0.0729136975244346
"2951001","2961000",2956000.5,"Fst",0.0329219537632539,0,0.0275942955351569,0.0566889970475161
"2952001","2962000",2957000.5,"Fst",0.0334586889454364,0,0.0285562361964713,0.0591344134628363
"2953001","2963000",2958000.5,"Fst",0.0303835558381013,0,0.0274976485973603,0.0557168316803518
"2954001","2964000",2959000.5,"Fst",0.0329165610370294,0,0.0274860847529894,0.0532181279486965
"2955001","2965000",2960000.5,"Fst",0.0274095421069485,0,0.0238522507749055,0.0563126579779313
"2956001","2966000",2961000.5,"Fst",0.0276315392733304,0,0.0237882302096488,0.0592528157225293
"2957001","2967000",2962000.5,"Fst",0.0312670680748857,0,0.0228397364623238,0.0574291294892467
"2958001","2968000",2963000.5,"Fst",0.0366060606060606,0,0.0247085522182862,0.067143165722926
"2959001","2969000",2964000.5,"Fst",0.0362025571327895,0,0.025841850326149,0.0710302355260348
"2960001","2970000",2965000.5,"Fst",0.0352968112821083,0,0.0242646796558705,0.0590231977977863
"2961001","2971000",2966000.5,"Fst",0.0213822134800498,0,0.0250058279830275,0.0517825962435676
"2962001","2972000",2967000.5,"Fst",0.0213822134800498,0,0.0250058279830275,0.0517825962435676
"2963001","2973000",2968000.5,"Fst",0.0287406730622811,0,0.0271430908291448,0.0879289993212736
"2964001","2974000",2969000.5,"Fst",0.0228971214228515,0,0.0277794121838208,0.0982102831132108
"2965001","2975000",2970000.5,"Fst",0.0288989948047744,0,0.0251359297453054,0.0834165606917006
"2966001","2976000",2971000.5,"Fst",0.0283323767053733,0,0.0253810598357218,0.0828321522610437
"2967001","2977000",2972000.5,"Fst",0.0270462952583792,0,0.0257540136595069,0.0842642224062878
"2968001","2978000",2973000.5,"Fst",0.0263636363636363,0,0.0251206334604554,0.0825400955602513
"2969001","2979000",2974000.5,"Fst",0.0157216838435112,0,0.0281555045849884,0.108595705681477
"2970001","2980000",2975000.5,"Fst",0.0135261825599097,0,0.0324852317486734,0.125080170658933
"2971001","2981000",2976000.5,"Fst",0.0134301224909417,0,0.0316921814341657,0.121547001041126
"2972001","2982000",2977000.5,"Fst",0.0133399750933997,0,0.0314845850955656,0.120785249369893
"2973001","2983000",2978000.5,"Fst",0.0150923572757089,0,0.0287533292785627,0.0952863561247677
"2974001","2984000",2979000.5,"Fst",0.0152255181402809,0,0.0289732978075622,0.0959852780523331
"2975001","2985000",2980000.5,"Fst",0.00925127793926039,0,0.0343022864922813,0.106052690660403
"2976001","2986000",2981000.5,"Fst",0.00801086766466264,0,0.034978306004254,0.106453864908117
"2977001","2987000",2982000.5,"Fst",0.0224150763533705,0,0.0329669792842713,0.0993800152944356
"2978001","2988000",2983000.5,"Fst",0.0250754528966027,0,0.0322426603880744,0.0980377561358892
"2979001","2989000",2984000.5,"Fst",0.0344081610327099,0,0.0321345471054811,0.0752351406537647
"2980001","2990000",2985000.5,"Fst",0.0430238146732992,0,0.0339820781907013,0.0793578196828971
"2981001","2991000",2986000.5,"Fst",0.0565662759745237,0,0.0394581715238556,0.0975748516555691
"2982001","2992000",2987000.5,"Fst",0.0540155752401852,0,0.0376605717202032,0.0935829389668906
"2983001","2993000",2988000.5,"Fst",0.0534552488130824,0,0.0415411935013608,0.10238884856076
"2984001","2994000",2989000.5,"Fst",0.0551167113103372,0,0.0385115446276072,0.0953947955125118
"2985001","2995000",2990000.5,"Fst",0.0546565837263512,0,0.0381501685337313,0.0945185931335516
"2986001","2996000",2991000.5,"Fst",0.044450783725291,0,0.0308826116488326,0.059284603657957
"2987001","2997000",2992000.5,"Fst",0.0347823210268624,0,0.0324897421118494,0.0755877136180636
"2988001","2998000",2993000.5,"Fst",0.0312276439225214,0,0.0332705388139514,0.0777952181405374
"2989001","2999000",2994000.5,"Fst",0.0303468569997495,0,0.0314956662296981,0.0720127855598384
"2990001","3e+06",2995000.5,"Fst",0.0301390528663257,0,0.0328143491112423,0.0736314496314497
"2991001","3001000",2996000.5,"Fst",0.0238489885733979,0,0.0293693267180464,0.0850015038070061
"2992001","3002000",2997000.5,"Fst",0.0252795799083774,0,0.0302233524714041,0.0872343881993631
"2993001","3003000",2998000.5,"Fst",0.0248112743525588,0,0.0297331042353076,0.0855227113461171
"2994001","3004000",2999000.5,"Fst",0.0193089864977101,0,0.0332594960362342,0.0904544282734538
"2995001","3005000",3000000.5,"Fst",0.019523021185729,0,0.0336317858435018,0.0915698381347237
"2996001","3006000",3001000.5,"Fst",0.0539227895392279,0,0.0253635356919721,0.0663550361713968
"2997001","3007000",3002000.5,"Fst",0.0539227895392279,0,0.0253654042031595,0.0662003109038419
"2998001","3008000",3003000.5,"Fst",0.0569112814895947,0,0.0266711187311561,0.0697799625468165
"2999001","3009000",3004000.5,"Fst",0.0480840307360746,0,0.0272814928442651,0.0719216332509384
"3000001","3010000",3005000.5,"Fst",0.0418383314398405,0,0.0248610032586199,0.0558353759499072
"3001001","3011000",3006000.5,"Fst",0.0246258503401361,0,0.0260505453464929,0.0674083917420117
"3002001","3012000",3007000.5,"Fst",0.020728333084812,0,0.0244528622244471,0.061848054615266
"3003001","3013000",3008000.5,"Fst",0.0213253958410847,0,0.0237826038263328,0.0624731104238203
"3004001","3014000",3009000.5,"Fst",0.0225463531261785,0,0.0245675611819564,0.0624738936832566
"3005001","3015000",3010000.5,"Fst",0.0222983963753799,0,0.0243075746087612,0.0615770626024408
"3006001","3016000",3011000.5,"Fst",0.00871272882822449,0,0.0221081621737365,0.0661622150515646
"3007001","3017000",3012000.5,"Fst",0.0108808435065935,0,0.0244185456620596,0.0612214833477895
"3008001","3018000",3013000.5,"Fst",0.012029670314877,0,0.0239133151723352,0.0586266259878894
"3009001","3019000",3014000.5,"Fst",0.0167519617877856,0,0.028802186750408,0.0631632590969941
"3010001","3020000",3015000.5,"Fst",0.0117638085275626,0,0.0304834778939754,0.0807982261640797
"3011001","3021000",3016000.5,"Fst",0.0131431460504944,0,0.0305236314903809,0.0838037697850782
"3012001","3022000",3017000.5,"Fst",0.0229375525699607,0,0.0334497000382212,0.0890602420271152
"3013001","3023000",3018000.5,"Fst",0.0265350364166628,0,0.0314015808772581,0.0781657280772325
"3014001","3024000",3019000.5,"Fst",0.0589726794233922,0,0.0486708120506039,0.107348911588461
"3015001","3025000",3020000.5,"Fst",0.058721178816233,0,0.0466663178504263,0.104313900248156
"3016001","3026000",3021000.5,"Fst",0.058721178816233,0,0.0467298213320073,0.104313900248156
"3017001","3027000",3022000.5,"Fst",0.066532152598737,0,0.0515137278613531,0.108723568451922
"3018001","3028000",3023000.5,"Fst",0.0646562833683125,0,0.0505797275887086,0.107381507381507
"3019001","3029000",3024000.5,"Fst",0.0865025122491651,0,0.0421811720689961,0.0747821474577556
"3020001","3030000",3025000.5,"Fst",0.0904394875197794,0,0.0377580882380526,0.0698244453677714
"3021001","3031000",3026000.5,"Fst",0.0905442899225868,0,0.0383396038493311,0.0704527028942371
"3022001","3032000",3027000.5,"Fst",0.0905374280230327,0,0.0393842870718962,0.0721941103755818
"3023001","3033000",3028000.5,"Fst",0.0990092534195607,0,0.0389051627969208,0.0745367148805057
"3024001","3034000",3029000.5,"Fst",0.0948484377721601,0,0.0294545477686535,0.0637422445801892
"3025001","3035000",3030000.5,"Fst",0.0969843952867397,0,0.0307164509623203,0.0665059687786962
"3026001","3036000",3031000.5,"Fst",0.0905194212991749,0,0.0285600614968927,0.0620857686078446
"3027001","3037000",3032000.5,"Fst",0.0913099689342782,0,0.0287799463301711,0.0626976902946866
"3028001","3038000",3033000.5,"Fst",0.0955531474539205,0,0.030558803798401,0.0662549163289418
"3029001","3039000",3034000.5,"Fst",0.056891864823876,0,0.0310371168351829,0.08198101592597
"3030001","3040000",3035000.5,"Fst",0.0279432886586128,0,0.0363629435564732,0.0944940934771443
"3031001","3041000",3036000.5,"Fst",0.0278791461765152,0,0.0374547116961615,0.0963381308070687
"3032001","3042000",3037000.5,"Fst",0.0188546876774051,0,0.0314587991428668,0.089463484470206
"3033001","3043000",3038000.5,"Fst",0.0205857078245139,0,0.0306024990674106,0.0914841929566524
"3034001","3044000",3039000.5,"Fst",0.024235119792971,0,0.0299427319039827,0.0885189783520587
"3035001","3045000",3040000.5,"Fst",0.0382185668037448,0,0.0287534446812623,0.0724321160180228
"3036001","3046000",3041000.5,"Fst",0.0406544597922689,0,0.0300321535884362,0.0759371272608421
"3037001","3047000",3042000.5,"Fst",0.0406519704022876,0,0.0296747248036104,0.0765204611293762
"3038001","3048000",3043000.5,"Fst",0.036940308852477,0,0.0280766851684586,0.0702673703975448
"3039001","3049000",3044000.5,"Fst",0.0337308569566634,0,0.0247438933804259,0.0473742253452401
"3040001","3050000",3045000.5,"Fst",0.0298949027850761,0,0.0254499088782058,0.0452567494669784
"3041001","3051000",3046000.5,"Fst",0.0305753365759277,0,0.0260301329261229,0.0463101449656316
"3042001","3052000",3047000.5,"Fst",0.0391871440289282,0,0.0285844558482552,0.0602082385134489
"3043001","3053000",3048000.5,"Fst",0.0385008038830915,0,0.0275591436332477,0.0627750694928066
"3044001","3054000",3049000.5,"Fst",0.0353059645753309,0,0.0288527720658733,0.0668745400317621
"3045001","3055000",3050000.5,"Fst",0.00732625943982412,0,0.0187672992247482,0.0530576852866009
"3046001","3056000",3051000.5,"Fst",0.00764889185665685,0,0.0179715927005269,0.0414146490025887
"3047001","3057000",3052000.5,"Fst",0.00802786557846236,0,0.0179392617353741,0.0423341888423612
"3048001","3058000",3053000.5,"Fst",0.00966757123473538,0,0.0180692805038874,0.0450265103138666
"3049001","3059000",3054000.5,"Fst",0.00756865252762107,0,0.018875506953707,0.0411276931459871
"3050001","3060000",3055000.5,"Fst",0.00790849910020908,0,0.0168973890060096,0.029191007710075
"3051001","3061000",3056000.5,"Fst",0.0121647822582402,0,0.0155181901250502,0.0251321010900897
"3052001","3062000",3057000.5,"Fst",0.0116372775043097,0,0.0152387011666212,0.0238142289390562
"3053001","3063000",3058000.5,"Fst",0.01211560564012,0,0.0143242361709952,0.0242221323400017
"3054001","3064000",3059000.5,"Fst",0.0128949488319359,0,0.0152941265014494,0.0257189618891747
"3055001","3065000",3060000.5,"Fst",0.0132250209197152,0,0.0149357813968046,0.0241492559726584
"3056001","3066000",3061000.5,"Fst",0.0106916834189561,0,0.015238793171296,0.0257387691954462
"3057001","3067000",3062000.5,"Fst",0.00552477565353104,0,0.0215002190603648,0.050146042444698
"3058001","3068000",3063000.5,"Fst",0.00623277137799949,0,0.0241453886107144,0.0562212041774882
"3059001","3069000",3064000.5,"Fst",0.00978173076009392,0,0.0236008345065693,0.0558180306419074
"3060001","3070000",3065000.5,"Fst",0.00778526750470621,0,0.0221828130555037,0.0531661600810537
"3061001","3071000",3066000.5,"Fst",0.00666365767731092,0,0.0220704569736892,0.0732520738107331
"3062001","3072000",3067000.5,"Fst",0.013323823771585,0,0.022803913970313,0.0679539147254227
"3063001","3073000",3068000.5,"Fst",0.00808366147349182,0,0.0256335684277763,0.0835039072805509
"3064001","3074000",3069000.5,"Fst",0.0079612196150064,0,0.0251919188519741,0.0822933476779631
"3065001","3075000",3070000.5,"Fst",0.00753688322524371,0,0.0243401273967464,0.0839086386250565
"3066001","3076000",3071000.5,"Fst",0.00497675322539648,0,0.0317237904459686,0.112847247564532
"3067001","3077000",3072000.5,"Fst",0.00615236089169746,0,0.0318032434011518,0.120444890708272
"3068001","3078000",3073000.5,"Fst",0.00749615208619325,0,0.0302039080239776,0.115545706603932
"3069001","3079000",3074000.5,"Fst",0.00591432361877864,0,0.0308362608608248,0.118314006598674
"3070001","3080000",3075000.5,"Fst",0.00935456978631921,0,0.0316176770590186,0.120156762588344
"3071001","3081000",3076000.5,"Fst",0.00681955340977658,0,0.0276012341743253,0.0867256940869625
"3072001","3082000",3077000.5,"Fst",0.00423544142256893,0,0.0294547045713351,0.0954985228118443
"3073001","3083000",3078000.5,"Fst",0.00729623483860775,0,0.0276121768064631,0.0892363377165576
"3074001","3084000",3079000.5,"Fst",0.00642143596939648,0,0.0263542191501572,0.0863589357901664
"3075001","3085000",3080000.5,"Fst",0.00865513542504703,0,0.0262733653670568,0.0868783054469707
"3076001","3086000",3081000.5,"Fst",0.014284253265016,0,0.0274563460638378,0.073365231259968
"3077001","3087000",3082000.5,"Fst",0.0157836919122828,0,0.0276483755364551,0.074436343798046
"3078001","3088000",3083000.5,"Fst",0.014672927716406,0,0.0302342482151039,0.0807353162569627
"3079001","3089000",3084000.5,"Fst",0.0150967146848973,0,0.0288483883840399,0.0776031454566202
"3080001","3090000",3085000.5,"Fst",0.0119358057814061,0,0.0277539421694078,0.0776679616679617
"3081001","3091000",3086000.5,"Fst",0.0145949709864605,0,0.0278227785263319,0.0777257412731818
"3082001","3092000",3087000.5,"Fst",0.014269524513427,0,0.026596186306988,0.0735299663299662
"3083001","3093000",3088000.5,"Fst",0.0135386852028531,0,0.0245048605763738,0.0685070275119617
"3084001","3094000",3089000.5,"Fst",0.0150976628083047,0,0.0244770118181761,0.0672156257275546
"3085001","3095000",3090000.5,"Fst",0.00760936688799629,0,0.0256100205788476,0.0675655168388489
"3086001","3096000",3091000.5,"Fst",0.0134195017219269,0,0.0211916590027945,0.0691977068348154
"3087001","3097000",3092000.5,"Fst",0.0137396358915345,0,0.021695189303103,0.0688673732751354
"3088001","3098000",3093000.5,"Fst",0.0140915266304862,0,0.0215022413381818,0.0676585079720579
"3089001","3099000",3094000.5,"Fst",0.0125985152158224,0,0.0210928202454233,0.0673736620906544
"3090001","3100000",3095000.5,"Fst",0.0118720058261929,0,0.0249397658430786,0.0656027907507116
"3091001","3101000",3096000.5,"Fst",0.00895709735100114,0,0.0265805463322222,0.0695446278994752
"3092001","3102000",3097000.5,"Fst",0.00969118647153644,0,0.02370147742447,0.0630580315902495
"3093001","3103000",3098000.5,"Fst",0.0105429292929293,0,0.0237198596105935,0.0653923828563271
"3094001","3104000",3099000.5,"Fst",0.0101719960450687,0,0.0245348939229755,0.0675086929023754
"3095001","3105000",3100000.5,"Fst",0.0158932609678877,0,0.0219581334879185,0.0755953824590139
"3096001","3106000",3101000.5,"Fst",0.0366936693669366,0,0.0225964922794613,0.0625197069411961
"3097001","3107000",3102000.5,"Fst",0.0398996582499008,0,0.0223278043625488,0.0509848744516805
"3098001","3108000",3103000.5,"Fst",0.0382685929124035,0,0.0211601504732442,0.0483531145654993
"3099001","3109000",3104000.5,"Fst",0.044648705569487,0,0.0231813088621563,0.0513156513156514
"3100001","3110000",3105000.5,"Fst",0.0510830069474565,0,0.0419397852719471,0.0884862578602438
"3101001","3111000",3106000.5,"Fst",0.0521136404975442,0,0.0424477365303582,0.0892053449854915
"3102001","3112000",3107000.5,"Fst",0.0526998007223567,0,0.0431289315843583,0.0904893145874079
"3103001","3113000",3108000.5,"Fst",0.0533474702948713,0,0.0440869661315122,0.0918599458369034
"3104001","3114000",3109000.5,"Fst",0.0535404144334927,0,0.0442600304530981,0.0921722124277
"3105001","3115000",3110000.5,"Fst",0.0536258758200395,0,0.0444180424041349,0.0923635196728751
"3106001","3116000",3111000.5,"Fst",0.049170819417765,0,0.0439108142349237,0.0865505541874951
"3107001","3117000",3112000.5,"Fst",0.0469613483476632,0,0.0416276270745952,0.0856709704181393
"3108001","3118000",3113000.5,"Fst",0.0471385385458922,0,0.0422548175058686,0.0851068756153676
"3109001","3119000",3114000.5,"Fst",0.046534039630384,0,0.0434549027994511,0.0896753410414991
"3110001","3120000",3115000.5,"Fst",0.0297372452133533,0,0.0396231891397275,0.0813242593173571
"3111001","3121000",3116000.5,"Fst",0.0186085336871646,0,0.0377398043719622,0.0952880834482239
"3112001","3122000",3117000.5,"Fst",0.0148506831443278,0,0.040061859666363,0.0968917965492914
"3113001","3123000",3118000.5,"Fst",0.0131846471570152,0,0.0362752586061386,0.104603673018155
"3114001","3124000",3119000.5,"Fst",0.0131583408100314,0,0.0362142573245716,0.104400924655666
"3115001","3125000",3120000.5,"Fst",0.0131969460186167,0,0.0353811938363927,0.101712655393596
"3116001","3126000",3121000.5,"Fst",0.0081872006921806,0,0.0356294747269241,0.117442684487141
"3117001","3127000",3122000.5,"Fst",0.0214550538906649,0,0.0343376459867449,0.107195512543065
"3118001","3128000",3123000.5,"Fst",0.018567002539984,0,0.0368389446391349,0.116157420607705
"3119001","3129000",3124000.5,"Fst",0.018606993006993,0,0.0369173609722848,0.116399158284909
"3120001","3130000",3125000.5,"Fst",0.0172450758917685,0,0.0355876861435448,0.117186586079158
"3121001","3131000",3126000.5,"Fst",0.0276853345814191,0,0.0317029926062666,0.0960226271172862
"3122001","3132000",3127000.5,"Fst",0.0455388663930096,0,0.0277456927247387,0.0713766583938475
"3123001","3133000",3128000.5,"Fst",0.0633918752009204,0,0.0245386595016306,0.0645145482704949
"3124001","3134000",3129000.5,"Fst",0.068914308649408,0,0.0270833171552153,0.0719300693811514
"3125001","3135000",3130000.5,"Fst",0.0680427816084395,0,0.0277984448360684,0.0742413136554118
"3126001","3136000",3131000.5,"Fst",0.0744154911180774,0,0.0295537367264667,0.0780934545175298
"3127001","3137000",3132000.5,"Fst",0.0584578978505227,0,0.0326837445381758,0.114471992653811
"3128001","3138000",3133000.5,"Fst",0.0552694686356178,0,0.0288884190151811,0.100239520273476
"3129001","3139000",3134000.5,"Fst",0.0469481406785481,0,0.0283997320760664,0.114702394469255
"3130001","3140000",3135000.5,"Fst",0.0464102073365232,0,0.0305798932601095,0.113352725257982
"3131001","3141000",3136000.5,"Fst",0.0464102073365232,0,0.0305798932601095,0.113352725257982
"3132001","3142000",3137000.5,"Fst",0.0448444243754399,0,0.0333241880911556,0.118795611618578
"3133001","3143000",3138000.5,"Fst",0.0445562012875224,0,0.0331353743760971,0.118136159373273
"3134001","3144000",3139000.5,"Fst",0.0352502622971054,0,0.0315935641230009,0.0905023772698631
"3135001","3145000",3140000.5,"Fst",0.0349751002532308,0,0.0298530263960847,0.0894794522625834
"3136001","3146000",3141000.5,"Fst",0.0349440349440348,0,0.0298260580583926,0.0894794522625834
"3137001","3147000",3142000.5,"Fst",0.0265038971126942,0,0.0269854231381149,0.0854727903950332
"3138001","3148000",3143000.5,"Fst",0.025668675335659,0,0.0301281768751763,0.0924536925780901
"3139001","3149000",3144000.5,"Fst",0.0192677598600421,0,0.0320766445391876,0.0614070529860002
"3140001","3150000",3145000.5,"Fst",0.00664904669293043,0,0.0257272492001559,0.055017199017199
"3141001","3151000",3146000.5,"Fst",0.00240350629153119,0,0.0240130774831715,0.0403383427773671
"3142001","3152000",3147000.5,"Fst",0,0,0.0287590930766907,0.0837010968686583
"3143001","3153000",3148000.5,"Fst",0,0,0.0270294784054842,0.0816581739408709
"3144001","3154000",3149000.5,"Fst",0.00387145476113449,0,0.0241400487890794,0.0741971007978426
"3145001","3155000",3150000.5,"Fst",0.00418066240473869,0,0.0281260283615554,0.0793733861844436
"3146001","3156000",3151000.5,"Fst",0.00424260750840755,0,0.0284653016986217,0.0803349328298851
"3147001","3157000",3152000.5,"Fst",0.00425160697887972,0,0.0284077349394278,0.0804974601506393
"3148001","3158000",3153000.5,"Fst",0.00379402195814782,0,0.0305530978800752,0.0864472148293411
"3149001","3159000",3154000.5,"Fst",0.000811765417066068,0,0.0275844938384571,0.0745358660252278
"3150001","3160000",3155000.5,"Fst",0.00635639887976347,0,0.0261179627490879,0.0735557117697302
"3151001","3161000",3156000.5,"Fst",0.00936130536130542,0,0.0237930350408484,0.0669311883682427
"3152001","3162000",3157000.5,"Fst",0.0466388527189463,0,0.0235266134264993,0.0656647496423715
"3153001","3163000",3158000.5,"Fst",0.0452882690284706,0,0.022743238327349,0.0613247121878305
"3154001","3164000",3159000.5,"Fst",0.0385761151795015,0,0.0220777582902742,0.0603039513677812
"3155001","3165000",3160000.5,"Fst",0.0384898459860979,0,0.0208471381108113,0.0597146159991788
"3156001","3166000",3161000.5,"Fst",0.0305204511482539,0,0.021296036318832,0.0517999984452615
"3157001","3167000",3162000.5,"Fst",0.0297503214539312,0,0.0206438531204884,0.0507785112081666
"3158001","3168000",3163000.5,"Fst",0.0301440862444283,0,0.0183628839057714,0.044734278432419
"3159001","3169000",3164000.5,"Fst",0.0349836362370309,0,0.0182537993069887,0.0452401596935713
"3160001","3170000",3165000.5,"Fst",0.0335448426317611,0,0.0188704167792232,0.043100743591742
"3161001","3171000",3166000.5,"Fst",0.0342285113169771,0,0.0193753057563714,0.0441159024246565
"3162001","3172000",3167000.5,"Fst",0.0112290578309997,0,0.0157922999348064,0.0328600184973614
"3163001","3173000",3168000.5,"Fst",0.0120478432978434,0,0.0168858566457967,0.0351981351981352
"3164001","3174000",3169000.5,"Fst",0.0121927074740142,0,0.0172809219056298,0.0337408600062328
"3165001","3175000",3170000.5,"Fst",0.0104068237308558,0,0.0195001633126739,0.0364198881215039
"3166001","3176000",3171000.5,"Fst",0.0162058319039451,0,0.0121567642952113,0.0175850299706236
"3167001","3177000",3172000.5,"Fst",0.00880154190629079,0,0.0350326714441866,0.108710732931807
"3168001","3178000",3173000.5,"Fst",0.00514001989934398,0,0.0372180080608436,0.10800987273003
"3169001","3179000",3174000.5,"Fst",0.00657856874073093,0,0.0357768236701059,0.100598919479548
"3170001","3180000",3175000.5,"Fst",0.00203655391293356,0,0.0372665527576416,0.100802976001452
"3171001","3181000",3176000.5,"Fst",0.00593092870707712,0,0.0343025114740859,0.0941472154813157
"3172001","3182000",3177000.5,"Fst",0.00414717078097082,0,0.0334858113828161,0.0953639490505339
"3173001","3183000",3178000.5,"Fst",0.0233503256867742,0,0.031772153172881,0.0887615037406836
"3174001","3184000",3179000.5,"Fst",0.0156413207046119,0,0.029068409969858,0.079023648899103
"3175001","3185000",3180000.5,"Fst",0.0228779710095941,0,0.0279570659463165,0.070615087040619
"3176001","3186000",3181000.5,"Fst",0.023511674340899,0,0.0289321265852612,0.0733455882003536
"3177001","3187000",3182000.5,"Fst",0.0291827704027334,0,0.0269784506227449,0.0505872428784635
"3178001","3188000",3183000.5,"Fst",0.0295244600811378,0,0.0252974549432734,0.0512409006263754
"3179001","3189000",3184000.5,"Fst",0.0278654498094735,0,0.0246791416503374,0.049913037661382
"3180001","3190000",3185000.5,"Fst",0.0335291897126163,0,0.0248068853549989,0.0487340573564647
"3181001","3191000",3186000.5,"Fst",0.0378718180469182,0,0.0264259121446068,0.0508173370717855
"3182001","3192000",3187000.5,"Fst",0.0579098909467396,0,0.0264641199892432,0.0613065413493221
"3183001","3193000",3188000.5,"Fst",0.0569742259552042,0,0.0297796065968555,0.0648921033173647
"3184001","3194000",3189000.5,"Fst",0.0823898521759485,0,0.0326632981123993,0.0799663933846108
"3185001","3195000",3190000.5,"Fst",0.0824932518897297,0,0.0363457631589525,0.0940333629113105
"3186001","3196000",3191000.5,"Fst",0.0776450939863808,0,0.0331885969048722,0.0872113938607613
"3187001","3197000",3192000.5,"Fst",0.0763862455819012,0,0.0325173821487623,0.0851303174832588
"3188001","3198000",3193000.5,"Fst",0.079259783597937,0,0.0319296103402283,0.083735928648322
"3189001","3199000",3194000.5,"Fst",0.0833121424030515,0,0.0324771017220387,0.0875810301043551
"3190001","3200000",3195000.5,"Fst",0.0831663574520718,0,0.0326542035708109,0.0877343907178347
"3191001","3201000",3196000.5,"Fst",0.0950378481096982,0,0.029204477599825,0.0840610438598653
"3192001","3202000",3197000.5,"Fst",0.0768597713311583,0,0.0246104193951074,0.0750716854495619
"3193001","3203000",3198000.5,"Fst",0.060757513686641,0,0.0244431862479825,0.0465217119650109
"3194001","3204000",3199000.5,"Fst",0.0102017585178207,0,0.0279749453053176,0.0632018272161038
"3195001","3205000",3200000.5,"Fst",0.00908641975308644,0,0.0282512472196416,0.0612782096053472
"3196001","3206000",3201000.5,"Fst",0.00888192267502597,0,0.030219360488502,0.0674759546742999
"3197001","3207000",3202000.5,"Fst",0.0104032981788493,0,0.0280026902947874,0.0643194050298463
"3198001","3208000",3203000.5,"Fst",0.00575187725866133,0,0.0304129164417268,0.0646413642970908
"3199001","3209000",3204000.5,"Fst",0.00590942439805242,0,0.0311356253750223,0.0662376350523104
"3200001","3210000",3205000.5,"Fst",0.00919967567781366,0,0.0259630290642054,0.0598698756750879
"3201001","3211000",3206000.5,"Fst",0.00957861361215984,0,0.0242028501989562,0.057024420716446
"3202001","3212000",3207000.5,"Fst",0.00289414085837736,0,0.0241975082908311,0.0603240787143765
"3203001","3213000",3208000.5,"Fst",0.00557712499694762,0,0.0215035163972298,0.0526441809054756
"3204001","3214000",3209000.5,"Fst",0.0116123062687947,0,0.0130699372072261,0.0232054079664737
"3205001","3215000",3210000.5,"Fst",0.0108225108225107,0,0.016231405919394,0.0334014412783086
"3206001","3216000",3211000.5,"Fst",0.0122026382051186,0,0.0166073199079785,0.0358597748177485
"3207001","3217000",3212000.5,"Fst",0.0112705204575327,0,0.016889296112903,0.0384233321068702
"3208001","3218000",3213000.5,"Fst",0.011811764239958,0,0.0178809770435304,0.0397948681643109
"3209001","3219000",3214000.5,"Fst",0.0159130832705962,0,0.0170698611304094,0.0307536472745469
"3210001","3220000",3215000.5,"Fst",0.0141475573513284,0,0.018562757662673,0.027868166504983
"3211001","3221000",3216000.5,"Fst",0.0150404736399878,0,0.0184026235739064,0.0302509895398065
"3212001","3222000",3217000.5,"Fst",0.0120582714437281,0,0.0198126006448291,0.0446779431441415
"3213001","3223000",3218000.5,"Fst",0.0104616064063539,0,0.0207304219504965,0.0407598163311625
"3214001","3224000",3219000.5,"Fst",0.0115279217470975,0,0.0230936295899325,0.0444279430570974
"3215001","3225000",3220000.5,"Fst",0.013777412240442,0,0.0231071356126474,0.0445034239042773
"3216001","3226000",3221000.5,"Fst",0.013510042821207,0,0.0226201338657451,0.0436608979615324
"3217001","3227000",3222000.5,"Fst",0.00821959312525367,0,0.0224213174225983,0.0354430230859933
"3218001","3228000",3223000.5,"Fst",0.0104445894617069,0,0.0232220250753145,0.0480873778434756
"3219001","3229000",3224000.5,"Fst",0.00501065885681262,0,0.0275563289842363,0.0623852594384914
"3220001","3230000",3225000.5,"Fst",0.00589121909262547,0,0.0239630341253916,0.0553629194425501
"3221001","3231000",3226000.5,"Fst",0.0048874128509514,0,0.0203299549889175,0.0431943826765447
"3222001","3232000",3227000.5,"Fst",0.00606069680544885,0,0.0205311954495342,0.0467678767876788
"3223001","3233000",3228000.5,"Fst",0.00550997309202594,0,0.0194579882977145,0.037578534366657
"3224001","3234000",3229000.5,"Fst",0.00621479224911048,0,0.0191325339461945,0.0388433520816954
"3225001","3235000",3230000.5,"Fst",0.00320536919854952,0,0.0209844993004271,0.0514390024605967
"3226001","3236000",3231000.5,"Fst",0.0134300911513636,0,0.0217025545509365,0.0419659601270048
"3227001","3237000",3232000.5,"Fst",0.0165374647490892,0,0.0221322913416687,0.0489437796428475
"3228001","3238000",3233000.5,"Fst",0.0154245887517609,0,0.0244086894753652,0.0507514791140413
"3229001","3239000",3234000.5,"Fst",0.0165233203666079,0,0.0249736212728972,0.0504008321848206
"3230001","3240000",3235000.5,"Fst",0.0163967263644726,0,0.0247893532423989,0.0510552764779516
"3231001","3241000",3236000.5,"Fst",0.0195207611580469,0,0.0316447510344211,0.0680991204234055
"3232001","3242000",3237000.5,"Fst",0.019396059177222,0,0.0304494892838453,0.0661004669646257
"3233001","3243000",3238000.5,"Fst",0.02211319103722,0,0.0281793813342074,0.0639538239538239
"3234001","3244000",3239000.5,"Fst",0.0549609917855716,0,0.0277076860802996,0.0869011386951635
"3235001","3245000",3240000.5,"Fst",0.0724400946538929,0,0.0303940558780896,0.0850951508235647
"3236001","3246000",3241000.5,"Fst",0.0667196572267769,0,0.0287235241949015,0.0743136363636363
"3237001","3247000",3242000.5,"Fst",0.0677506897303474,0,0.0291376200493901,0.0735062362105452
"3238001","3248000",3243000.5,"Fst",0.0648981429048512,0,0.027605795823542,0.0722344702373233
"3239001","3249000",3244000.5,"Fst",0.0471193139947745,0,0.0250607541935401,0.0522702434177844
"3240001","3250000",3245000.5,"Fst",0.0489499782514136,0,0.0259513165530297,0.0542447199265382
"3241001","3251000",3246000.5,"Fst",0.0493800069662139,0,0.0263048066980375,0.053764696454534
"3242001","3252000",3247000.5,"Fst",0.0395592106565328,0,0.023545235847798,0.0411834884275828
"3243001","3253000",3248000.5,"Fst",0.107140050389478,0,0.0266127664776882,0.067402374086602
"3244001","3254000",3249000.5,"Fst",0.0923174242424244,0,0.030810715099017,0.0767676767676767
"3245001","3255000",3250000.5,"Fst",0.0900328409044733,0,0.0300722367842795,0.0748778103616814
"3246001","3256000",3251000.5,"Fst",0.0943365320723812,0,0.0317650309745035,0.0788577261981518
"3247001","3257000",3252000.5,"Fst",0.0973158324639511,0,0.0331453448557844,0.0830191406579376
"3248001","3258000",3253000.5,"Fst",0.0984342094686923,0,0.0332687163819538,0.0812110019866251
"3249001","3259000",3254000.5,"Fst",0.120610790176008,0,0.0411160927788855,0.0992441114935547
"3250001","3260000",3255000.5,"Fst",0.122384478266831,0,0.0417875089091624,0.100930025052335
"3251001","3261000",3256000.5,"Fst",0.0866645426224866,0,0.0311778594408862,0.0709373969118789
"3252001","3262000",3257000.5,"Fst",0.0980979886457727,0,0.0321881929528963,0.081102000396118
"3253001","3263000",3258000.5,"Fst",0.0146687326853547,0,0.0232473388124136,0.0433738957882581
"3254001","3264000",3259000.5,"Fst",0.0160350990919896,0,0.0262064654968935,0.0489289998809491
"3255001","3265000",3260000.5,"Fst",0.0153630810604914,0,0.0252806062684797,0.0476335288946301
"3256001","3266000",3261000.5,"Fst",0.0427946426174948,0,0.0273390319141023,0.0680279004114485
"3257001","3267000",3262000.5,"Fst",0.0413176996091569,0,0.0263510675254159,0.0642187322664851
"3258001","3268000",3263000.5,"Fst",0.040610114523158,0,0.0262141696197275,0.0635410354273646
"3259001","3269000",3264000.5,"Fst",0.0408491984606365,0,0.0263684063145701,0.0639599051135249
"3260001","3270000",3265000.5,"Fst",0.0944722383457562,0,0.0271383932072556,0.0620813192885725
"3261001","3271000",3266000.5,"Fst",0.127146684881825,0,0.0282687537488332,0.0658915019129335
"3262001","3272000",3267000.5,"Fst",0.131068249879584,0,0.0292299535481484,0.0681190604267528
"3263001","3273000",3268000.5,"Fst",0.185480572597137,0,0.0418794806766129,0.113182305712709
"3264001","3274000",3269000.5,"Fst",0.185480572597137,0,0.0418794806766129,0.113182305712709
"3265001","3275000",3270000.5,"Fst",0.199279787067481,0,0.0446477790753115,0.122529425197147
"3266001","3276000",3271000.5,"Fst",0.197943510876235,0,0.0358984717054745,0.111448615028567
"3267001","3277000",3272000.5,"Fst",0.195804046237155,0,0.0358937070858404,0.110035549915909
"3268001","3278000",3273000.5,"Fst",0.207610074665668,0,0.0392577475227848,0.118716959102261
"3269001","3279000",3274000.5,"Fst",0.186448904630723,0,0.0353765700127018,0.10723103030303
"3270001","3280000",3275000.5,"Fst",0.00344517732530347,0,0.0144312216587069,0.0257932562565689
"3271001","3281000",3276000.5,"Fst",0.00368959868959884,0,0.0154267168378063,0.0274341791198102
"3272001","3282000",3277000.5,"Fst",0.014790005316321,0,0.0306850580023437,0.0837228379813713
"3273001","3283000",3278000.5,"Fst",0.0147741110876282,0,0.0293875125933313,0.0790448352544743
"3274001","3284000",3279000.5,"Fst",0.0136331132347068,0,0.0270757743908502,0.0730254823927108
"3275001","3285000",3280000.5,"Fst",0.0121279200415891,0,0.0246266391556608,0.0663133920089731
"3276001","3286000",3281000.5,"Fst",0.0103086273581182,0,0.0232316216740057,0.0578309525110585
"3277001","3287000",3282000.5,"Fst",0.00775814055648383,0,0.0243114091018576,0.0661527615657539
"3278001","3288000",3283000.5,"Fst",0.0184941768430574,0,0.0214904809452378,0.059078307008451
"3279001","3289000",3284000.5,"Fst",0.0202397386863407,0,0.0232105971903792,0.0623677047552136
"3280001","3290000",3285000.5,"Fst",0.0163394250127855,0,0.0218298762065104,0.0605569551824728
"3281001","3291000",3286000.5,"Fst",0.0182247420099082,0,0.0206883837925307,0.0548450059223876
"3282001","3292000",3287000.5,"Fst",0.0154759210360871,0,0.0196150148258807,0.0438813277522956
"3283001","3293000",3288000.5,"Fst",0.0649962226139511,0,0.0235536576051333,0.0583346983346984
"3284001","3294000",3289000.5,"Fst",0.0701325790496657,0,0.0235927562001891,0.0530428337572452
"3285001","3295000",3290000.5,"Fst",0.0604721531429407,0,0.0245173805155087,0.044412813028874
"3286001","3296000",3291000.5,"Fst",0.0739247748069388,0,0.0260517440962631,0.0511185834951693
"3287001","3297000",3292000.5,"Fst",0.0570190277725441,0,0.022562011479716,0.0530494383961518
"3288001","3298000",3293000.5,"Fst",0.0569835111215213,0,0.0226209400106998,0.0570175837484809
"3289001","3299000",3294000.5,"Fst",0.0559221935881627,0,0.022334962052425,0.055272240311932
"3290001","3300000",3295000.5,"Fst",0.0531034920641535,0,0.0197682442091054,0.0525973487992629
"3291001","3301000",3296000.5,"Fst",0.053566079089026,0,0.0207512756776731,0.0541477812923954
"3292001","3302000",3297000.5,"Fst",0.0540375321689056,0,0.0209484667955486,0.0547025655857385
"3293001","3303000",3298000.5,"Fst",0.0335075731304199,0,0.0218733347780951,0.0492038080926935
"3294001","3304000",3299000.5,"Fst",0.0283940132078383,0,0.0228364692324134,0.0549320151273348
"3295001","3305000",3300000.5,"Fst",0.0321475625823452,0,0.0262726921480484,0.0657159643576414
"3296001","3306000",3301000.5,"Fst",0.0112883351588171,0,0.0300525202416341,0.0703342231977163
"3297001","3307000",3302000.5,"Fst",0.0237364153872694,0,0.0255693600076075,0.0549747186234286
"3298001","3308000",3303000.5,"Fst",0.0115987460815048,0,0.0280368922624479,0.0555588115690869
"3299001","3309000",3304000.5,"Fst",0.0112802667826591,0,0.0311167757650572,0.0625126646403242
"3300001","3310000",3305000.5,"Fst",0.00148011100832557,0,0.0216414602469051,0.0401994629842731
"3301001","3311000",3306000.5,"Fst",0.00141592920353995,0,0.0207233282794404,0.038494031221304
"3302001","3312000",3307000.5,"Fst",0.00775451677659866,0,0.0155073463328923,0.0289928580752232
"3303001","3313000",3308000.5,"Fst",0.0101182242387354,0,0.0145640005696949,0.0281635033746209
"3304001","3314000",3309000.5,"Fst",0.0104752630272479,0,0.0149991753213032,0.0291538301435003
"3305001","3315000",3310000.5,"Fst",0.0131652385173512,0,0.0139307672248892,0.0243161094224923
"3306001","3316000",3311000.5,"Fst",0.0057394378400859,0,0.0212737946807566,0.0438252656434476
"3307001","3317000",3312000.5,"Fst",0.00830682837603247,0,0.0211439214143109,0.0424878708343275
"3308001","3318000",3313000.5,"Fst",0.0101743576847313,0,0.0203667157794917,0.0391190046156932
"3309001","3319000",3314000.5,"Fst",0.0101743576847313,0,0.0203667157794917,0.0391190046156932
"3310001","3320000",3315000.5,"Fst",0.00815323041738147,0,0.020013337744917,0.0381112947658401
"3311001","3321000",3316000.5,"Fst",0.004135351247469,0,0.0231052635305285,0.0500531411881867
"3312001","3322000",3317000.5,"Fst",0.043973980365552,0,0.0242444372879679,0.0584770578121643
"3313001","3323000",3318000.5,"Fst",0.0429307236672676,0,0.0231164205444125,0.0517050850384185
"3314001","3324000",3319000.5,"Fst",0.0411249537436783,0,0.0221995629093958,0.0495183761213774
"3315001","3325000",3320000.5,"Fst",0.0413769422268006,0,0.0227251705878259,0.0516009206296316
"3316001","3326000",3321000.5,"Fst",0.0513165266106442,0,0.0255039304700757,0.0643615581070301
"3317001","3327000",3322000.5,"Fst",0.0383325482807348,0,0.0359398562589541,0.122573041374605
"3318001","3328000",3323000.5,"Fst",0.0320804284126501,0,0.0380348578635422,0.131656455033621
"3319001","3329000",3324000.5,"Fst",0.0239843953984855,0,0.0364425121738199,0.11951478257421
"3320001","3330000",3325000.5,"Fst",0.0239843953984855,0,0.0364425121738199,0.11951478257421
"3321001","3331000",3326000.5,"Fst",0.0281784544084117,0,0.0342814216710897,0.109025731455486
"3322001","3332000",3327000.5,"Fst",0.00156416050185193,0,0.039892435398905,0.132831049573538
"3323001","3333000",3328000.5,"Fst",0.00296984937387268,0,0.0381787664096212,0.129700748337723
"3324001","3334000",3329000.5,"Fst",0.00219865481507342,0,0.0366243102810061,0.124910696867456
"3325001","3335000",3330000.5,"Fst",0.0024400585004265,0,0.0362879690374553,0.122620850376098
"3326001","3336000",3331000.5,"Fst",0.00244274663538113,0,0.0362879690374553,0.122620850376098
"3327001","3337000",3332000.5,"Fst",0.00113265594713352,0,0.0270612617883625,0.0607583975115435
"3328001","3338000",3333000.5,"Fst",0.00221981004070559,0,0.0270719817498551,0.0619667505937396
"3329001","3339000",3334000.5,"Fst",0.0280127977248489,0,0.0272834382197628,0.0582916902787081
"3330001","3340000",3335000.5,"Fst",0.0277378917378918,0,0.0262716890466507,0.0568593342784096
"3331001","3341000",3336000.5,"Fst",0.0267212504652029,0,0.0279932061940031,0.0614288739234822
"3332001","3342000",3337000.5,"Fst",0.0263115465707552,0,0.0256965827942268,0.0556393889010114
"3333001","3343000",3338000.5,"Fst",0.0237430979366464,0,0.0284623541662877,0.0735976966980006
"3334001","3344000",3339000.5,"Fst",0.0317277004573422,0,0.0298612364761087,0.0934179307145515
"3335001","3345000",3340000.5,"Fst",0.0327517954107549,0,0.0324323995155404,0.0979603532795023
"3336001","3346000",3341000.5,"Fst",0.0278019216555802,0,0.0273736310667972,0.0814932391514921
"3337001","3347000",3342000.5,"Fst",0.013727117149821,0,0.0243450885369666,0.0571304685221494
"3338001","3348000",3343000.5,"Fst",0.0137821514110174,0,0.0244043465929736,0.0572763749400551
"3339001","3349000",3344000.5,"Fst",0,0,0.015715681019776,0.0385361078657361
"3340001","3350000",3345000.5,"Fst",0.0177933618659653,0,0.023561834085608,0.0412491097134029
"3341001","3351000",3346000.5,"Fst",0.0195748219761942,0,0.0249210720274436,0.0530595257430567
"3342001","3352000",3347000.5,"Fst",0.018747332479727,0,0.0250519690033887,0.0529312240613974
"3343001","3353000",3348000.5,"Fst",0.0150016872511305,0,0.0235749271987047,0.0448792290245255
"3344001","3354000",3349000.5,"Fst",0.0139320105869765,0,0.0217927775254606,0.0420210044837651
"3345001","3355000",3350000.5,"Fst",0.0124486841793029,0,0.0204027352002917,0.0408953791306732
"3346001","3356000",3351000.5,"Fst",0.0310234997702317,0,0.0204199130279588,0.0476873030028413
"3347001","3357000",3352000.5,"Fst",0.0410940237492701,0,0.0239690823303252,0.0499413741890097
"3348001","3358000",3353000.5,"Fst",0.0410400220245983,0,0.0236211371107572,0.0497689514444551
"3349001","3359000",3354000.5,"Fst",0.0402074982907108,0,0.0231039401611963,0.0486141715476706
"3350001","3360000",3355000.5,"Fst",0.0310993774930932,0,0.0227896250359111,0.0388921207328399
"3351001","3361000",3356000.5,"Fst",0.0327429315565356,0,0.0213689149143041,0.0387255968997914
"3352001","3362000",3357000.5,"Fst",0.0341135812152258,0,0.0222736876541142,0.039579374550414
"3353001","3363000",3358000.5,"Fst",0.0406258762828781,0,0.0227120505700042,0.0486621924775549
"3354001","3364000",3359000.5,"Fst",0.0261829496835332,0,0.026506387620708,0.0570145144540778
"3355001","3365000",3360000.5,"Fst",0.0244594058423846,0,0.0258330235469792,0.0566703957061029
"3356001","3366000",3361000.5,"Fst",0.00117812269031781,0,0.0296637909051555,0.0597617829325148
"3357001","3367000",3362000.5,"Fst",0,0,0.0312284004896941,0.0677522184888429
"3358001","3368000",3363000.5,"Fst",0,0,0.0362973287757088,0.0903071549683157
"3359001","3369000",3364000.5,"Fst",0,0,0.0366638731905698,0.091056203428395
"3360001","3370000",3365000.5,"Fst",0,0,0.0418595280218261,0.106367614711553
"3361001","3371000",3366000.5,"Fst",0,0,0.0517192124149489,0.119181334741362
"3362001","3372000",3367000.5,"Fst",0,0,0.0498567680282165,0.114623951225665
"3363001","3373000",3368000.5,"Fst",0,0,0.0453946794110366,0.103731670351047
"3364001","3374000",3369000.5,"Fst",0,0,0.0473996278700718,0.118310530128427
"3365001","3375000",3370000.5,"Fst",0,0,0.0486054874007966,0.10901676305619
"3366001","3376000",3371000.5,"Fst",0,0,0.0485791551034393,0.10868701951199
"3367001","3377000",3372000.5,"Fst",0,0,0.0483342699782911,0.108150456190304
"3368001","3378000",3373000.5,"Fst",0,0,0.0439671564406708,0.0976660532430143
"3369001","3379000",3374000.5,"Fst",0,0,0.0439289026268217,0.0976660532430143
"3370001","3380000",3375000.5,"Fst",0,0,0.0442702672117013,0.088380795284727
"3371001","3381000",3376000.5,"Fst",0,0,0.0308002647786456,0.0594412711281969
"3372001","3382000",3377000.5,"Fst",0,0,0.0314392486278825,0.0612952865080393
"3373001","3383000",3378000.5,"Fst",0,0,0.0325209544551071,0.0708491848576954
"3374001","3384000",3379000.5,"Fst",0.00122020202020201,0,0.030457175309982,0.07380043467
"3375001","3385000",3380000.5,"Fst",0.00513878469617401,0,0.0276193188163587,0.0716076426919798
"3376001","3386000",3381000.5,"Fst",0.00494801947624679,0,0.0285820320527643,0.0747141853484063
"3377001","3387000",3382000.5,"Fst",0.00614172106304489,0,0.0254691584814503,0.070277399546122
"3378001","3388000",3383000.5,"Fst",0.0068131188778392,0,0.0256595967759976,0.0686629301776133
"3379001","3389000",3384000.5,"Fst",0.00265156757890317,0,0.0238463876211393,0.0516493377129073
"3380001","3390000",3385000.5,"Fst",0.00192040653529124,0,0.0201999893566517,0.0438216070125349
"3381001","3391000",3386000.5,"Fst",0,0,0.0213575965773376,0.0398905339544608
"3382001","3392000",3387000.5,"Fst",0,0,0.0228268845992928,0.0414033018340041
"3383001","3393000",3388000.5,"Fst",0,0,0.020661533156964,0.0352827677590706
"3384001","3394000",3389000.5,"Fst",0,0,0.0190782567636708,0.0324768532337986
"3385001","3395000",3390000.5,"Fst",0,0,0.019304926944106,0.034923694438855
"3386001","3396000",3391000.5,"Fst",0,0,0.0178285454308139,0.033186459355398
"3387001","3397000",3392000.5,"Fst",0,0,0.0173242759121073,0.0357196550548841
"3388001","3398000",3393000.5,"Fst",0,0,0.0172537161499999,0.0364831838938509
"3389001","3399000",3394000.5,"Fst",0,0,0.0181349496176354,0.0390391047057203
"3390001","3400000",3395000.5,"Fst",0.000154763953955306,0,0.0192749902849016,0.0448288903536734
"3391001","3401000",3396000.5,"Fst",0.00366991183978427,0,0.0224800957861542,0.0374530908491072
"3392001","3402000",3397000.5,"Fst",0.00498370833399775,0,0.0213663275659991,0.0350938380599397
"3393001","3403000",3398000.5,"Fst",0.00298075302524681,0,0.0212577507224271,0.046849098090914
"3394001","3404000",3399000.5,"Fst",0.00508920462444862,0,0.0227169334136647,0.0642179896831861
"3395001","3405000",3400000.5,"Fst",0.000101545161425354,0,0.0234055601324192,0.0764467758332789
"3396001","3406000",3401000.5,"Fst",0,0,0.0250017335900399,0.0800449608168581
"3397001","3407000",3402000.5,"Fst",0,0,0.02581739005407,0.0841310154742989
"3398001","3408000",3403000.5,"Fst",0,0,0.0266079036062521,0.0902564896159018
"3399001","3409000",3404000.5,"Fst",0,0,0.025453534115523,0.0833475807511983
"3400001","3410000",3405000.5,"Fst",0,0,0.0267054868923739,0.0900335898127613
"3401001","3411000",3406000.5,"Fst",0,0,0.0264751351325682,0.0867762392585089
"3402001","3412000",3407000.5,"Fst",0,0,0.0251566561205666,0.0793466244913026
"3403001","3413000",3408000.5,"Fst",0.0171656590954026,0,0.0196294926048951,0.0542565322101584
"3404001","3414000",3409000.5,"Fst",0.0173977756161592,0,0.0180927516910961,0.0394747888867649
"3405001","3415000",3410000.5,"Fst",0.0229496708343123,0,0.0161118471556765,0.0324177468366145
"3406001","3416000",3411000.5,"Fst",0.0263199064900288,0,0.0172861542195099,0.0344856278967467
"3407001","3417000",3412000.5,"Fst",0.0265226487093153,0,0.0172428986563748,0.0344821904907174
"3408001","3418000",3413000.5,"Fst",0.0283314434505062,0,0.0183173908292023,0.0344823222617321
"3409001","3419000",3414000.5,"Fst",0.0331356752409385,0,0.018070616986531,0.0325217221339624
"3410001","3420000",3415000.5,"Fst",0.0331171603036011,0,0.0180238490275663,0.0328045877861377
"3411001","3421000",3416000.5,"Fst",0.0358977882521077,0,0.0180698661067057,0.0343846418968256
"3412001","3422000",3417000.5,"Fst",0.0373421820971968,0,0.0213630548629967,0.0383195565699123
"3413001","3423000",3418000.5,"Fst",0.0135227861051455,0,0.019338613070553,0.0376978455040284
"3414001","3424000",3419000.5,"Fst",0.015209936752267,0,0.0198543833564796,0.040610809927617
"3415001","3425000",3420000.5,"Fst",0.0154572097654003,0,0.0216806046166627,0.0407808110840117
"3416001","3426000",3421000.5,"Fst",0.0129114831311113,0,0.0240843435646674,0.0519075329450179
"3417001","3427000",3422000.5,"Fst",0.0112090464965324,0,0.0220238598382312,0.0496145812611898
"3418001","3428000",3423000.5,"Fst",0.0162512248339872,0,0.0189959257492933,0.0414984227300497
"3419001","3429000",3424000.5,"Fst",0.0118854248537247,0,0.0195996496916754,0.054704128252127
"3420001","3430000",3425000.5,"Fst",0.0125641764599145,0,0.0189467477866895,0.0549312949312948
"3421001","3431000",3426000.5,"Fst",0.00976274993482129,0,0.0195060978771887,0.0583187458668846
"3422001","3432000",3427000.5,"Fst",0.00645911166459101,0,0.0176494312282963,0.042725057233587
"3423001","3433000",3428000.5,"Fst",0.0080160020937321,0,0.021529383884054,0.0533030940605331
"3424001","3434000",3429000.5,"Fst",0.00705059870590286,0,0.0207040730094089,0.0546222254433788
"3425001","3435000",3430000.5,"Fst",0.0118461891643709,0,0.0237153916415568,0.0519875798501752
"3426001","3436000",3431000.5,"Fst",0.00855467867053328,0,0.0239150145490931,0.0546753014883706
"3427001","3437000",3432000.5,"Fst",0.0111583120928914,0,0.0217759909308433,0.0459824685038883
"3428001","3438000",3433000.5,"Fst",0.00577062490938074,0,0.0221673764541604,0.0469429129478082
"3429001","3439000",3434000.5,"Fst",0.0127780571542097,0,0.0216048487884883,0.0444224192255689
"3430001","3440000",3435000.5,"Fst",0.0114899764991846,0,0.0211320958905548,0.0432037599297863
"3431001","3441000",3436000.5,"Fst",0.0117651978089589,0,0.0199544968688756,0.0405450699195034
"3432001","3442000",3437000.5,"Fst",0.0304240119829473,0,0.0202138480546845,0.0419136675539965
"3433001","3443000",3438000.5,"Fst",0.0303231270545339,0,0.0201592823155714,0.0417944091001473
"3434001","3444000",3439000.5,"Fst",0.0330619128997308,0,0.0183327125262896,0.0351199509000533
"3435001","3445000",3440000.5,"Fst",0.0308343617167147,0,0.0214511565620457,0.0343038127104945
"3436001","3446000",3441000.5,"Fst",0.0310103777501037,0,0.0208490822542198,0.0339623569376379
"3437001","3447000",3442000.5,"Fst",0.0326278253704414,0,0.0223811629111351,0.0360316492138099
"3438001","3448000",3443000.5,"Fst",0.0456171664286847,0,0.0196920569385449,0.0350188542969683
"3439001","3449000",3444000.5,"Fst",0.0445320746851698,0,0.0213516910516834,0.0382761495928655
"3440001","3450000",3445000.5,"Fst",0.052836239241677,0,0.0225926971503681,0.0429063818980009
"3441001","3451000",3446000.5,"Fst",0.0500436067997044,0,0.0217625445074847,0.0423873280250426
"3442001","3452000",3447000.5,"Fst",0.0277580688609769,0,0.0224430369638863,0.0475817100801093
"3443001","3453000",3448000.5,"Fst",0.0346684951336113,0,0.020919659393686,0.0429238732483274
"3444001","3454000",3449000.5,"Fst",0.0349452456649617,0,0.0210868808530254,0.0432845321451305
"3445001","3455000",3450000.5,"Fst",0.0412324037184596,0,0.0234970145630815,0.057413788185492
"3446001","3456000",3451000.5,"Fst",0.042917051673893,0,0.0253710970072316,0.0567105532544843
"3447001","3457000",3452000.5,"Fst",0.0443860618337324,0,0.0262753849947932,0.0577523892076489
"3448001","3458000",3453000.5,"Fst",0.0341769108084897,0,0.0280738976718258,0.0631676908390538
"3449001","3459000",3454000.5,"Fst",0.0294989876862825,0,0.0240699170510234,0.0522065888952948
"3450001","3460000",3455000.5,"Fst",0.0299438213979908,0,0.0241355617615604,0.051820492506767
"3451001","3461000",3456000.5,"Fst",0.033324425300908,0,0.0264563956770613,0.0625053169954235
"3452001","3462000",3457000.5,"Fst",0.0361979759092367,0,0.0298032810750804,0.0697393950707372
"3453001","3463000",3458000.5,"Fst",0.0271589098358959,0,0.0280892354681957,0.0737342533900346
"3454001","3464000",3459000.5,"Fst",0.0143323863636362,0,0.0249236427496346,0.0613696556942869
"3455001","3465000",3460000.5,"Fst",0.0123580942165012,0,0.0269845121184655,0.0659083928170285
"3456001","3466000",3461000.5,"Fst",0.00642370732763831,0,0.0326188423017574,0.0938554356591321
"3457001","3467000",3462000.5,"Fst",0.0286686103012632,0,0.0259594112683275,0.0694926105419589
"3458001","3468000",3463000.5,"Fst",0.0202756643968349,0,0.0220996833779176,0.0576094224081715
"3459001","3469000",3464000.5,"Fst",0.0198125336096896,0,0.0235569053732562,0.05912319776643
"3460001","3470000",3465000.5,"Fst",0.019944774851317,0,0.0224251781233425,0.0550273477205624
"3461001","3471000",3466000.5,"Fst",0.0186412752887928,0,0.0210542225606428,0.0508503162589367
"3462001","3472000",3467000.5,"Fst",0.0170224916342891,0,0.0190828953420021,0.0471143867415099
"3463001","3473000",3468000.5,"Fst",0.015996579780154,0,0.0195717284499484,0.0475900341011941
"3464001","3474000",3469000.5,"Fst",0.0196172248803828,0,0.0198617945913124,0.0390296346955179
"3465001","3475000",3470000.5,"Fst",0.0214674705441936,0,0.0230597345633395,0.0394539727313091
"3466001","3476000",3471000.5,"Fst",0.0209080976502951,0,0.0215576926951913,0.0395158165067921
"3467001","3477000",3472000.5,"Fst",0,0,0.0243596919019096,0.05465181448788
"3468001","3478000",3473000.5,"Fst",0,0,0.0201315431854053,0.044078777938924
"3469001","3479000",3474000.5,"Fst",0.00300890148262634,0,0.0198790797083733,0.038477421084553
"3470001","3480000",3475000.5,"Fst",0.00128293894839715,0,0.0208463087842979,0.0467225051065783
"3471001","3481000",3476000.5,"Fst",0.000690545713155188,0,0.0148527706916848,0.0249006721958439
"3472001","3482000",3477000.5,"Fst",0.00243274987033681,0,0.0194561809036579,0.0464374317376088
"3473001","3483000",3478000.5,"Fst",0.00866714936605884,0,0.0190113123802944,0.0575250735417504
"3474001","3484000",3479000.5,"Fst",0.00353834677330533,0,0.0237603209036657,0.0874450016054983
"3475001","3485000",3480000.5,"Fst",0.00304931277715192,0,0.0217102225940466,0.0819923671946124
"3476001","3486000",3481000.5,"Fst",0.00243865143893629,0,0.0208419534822514,0.070507802831119
"3477001","3487000",3482000.5,"Fst",0.0016423588606842,0,0.0199587768904025,0.0585348073592837
"3478001","3488000",3483000.5,"Fst",0.00288495447380388,0,0.0194465294860632,0.0574883793351104
"3479001","3489000",3484000.5,"Fst",0.0104441879734848,0,0.0195422728597402,0.058271690807681
"3480001","3490000",3485000.5,"Fst",0.0108074821029944,0,0.0201864580927371,0.0551648086091534
"3481001","3491000",3486000.5,"Fst",0.012277134938094,0,0.0224107196680369,0.06017688328621
"3482001","3492000",3487000.5,"Fst",0.0146321145301183,0,0.0282845387270291,0.0705307028624855
"3483001","3493000",3488000.5,"Fst",0.0114557530066415,0,0.0306682363203132,0.0771264882938173
"3484001","3494000",3489000.5,"Fst",0.0155442798339943,0,0.0347426381407639,0.0906091066823383
"3485001","3495000",3490000.5,"Fst",0.0152395764535441,0,0.0327951985015676,0.0863053346154122
"3486001","3496000",3491000.5,"Fst",0.0191917023855209,0,0.0382782073826872,0.105288903416528
"3487001","3497000",3492000.5,"Fst",0.0206072495430025,0,0.0306813981231221,0.0943449751407825
"3488001","3498000",3493000.5,"Fst",0.0189751132602325,0,0.0280716585265929,0.0912372074812211
"3489001","3499000",3494000.5,"Fst",0.00923449377539842,0,0.0278666337862686,0.0617958227601016
"3490001","3500000",3495000.5,"Fst",0.00741860768024116,0,0.0297673429887351,0.0556115623581422
"3491001","3501000",3496000.5,"Fst",0.00794008502625188,0,0.0303310545515933,0.070727550070145
"3492001","3502000",3497000.5,"Fst",0.00608652018474798,0,0.0300622486780719,0.0678342221980043
"3493001","3503000",3498000.5,"Fst",0.00886659106695209,0,0.0295728348698764,0.0623477371499926
"3494001","3504000",3499000.5,"Fst",0.00907479420406487,0,0.0289502242738147,0.0598385046464454
"3495001","3505000",3500000.5,"Fst",0.0137760999907653,0,0.0287957184171595,0.0569221532892267
"3496001","3506000",3501000.5,"Fst",0.0135776590034637,0,0.0271816250094469,0.0530152391889536
"3497001","3507000",3502000.5,"Fst",0.0135773865191866,0,0.0282538551616688,0.059058816658751
"3498001","3508000",3503000.5,"Fst",0.0166222224447214,0,0.0271780795366325,0.0643369070185247
"3499001","3509000",3504000.5,"Fst",0.0182785241997039,0,0.0217139467086491,0.0608735123615103
"3500001","3510000",3505000.5,"Fst",0.0306673734459658,0,0.0222234552571458,0.0603448196012324
"3501001","3511000",3506000.5,"Fst",0.0380945090111419,0,0.0228441384451088,0.0432537203383747
"3502001","3512000",3507000.5,"Fst",0.0401634569644752,0,0.0248235039047346,0.0556887057269639
"3503001","3513000",3508000.5,"Fst",0.0454753945145404,0,0.0265636132610902,0.061093022591609
"3504001","3514000",3509000.5,"Fst",0.0470876307148079,0,0.0275642347109976,0.0637849412926682
"3505001","3515000",3510000.5,"Fst",0.0439133484744302,0,0.0296300383391466,0.0698202420808655
"3506001","3516000",3511000.5,"Fst",0.0732053474467316,0,0.0292436053422637,0.0597515287781298
"3507001","3517000",3512000.5,"Fst",0.0760879358500767,0,0.0308056038040769,0.0619201953733181
"3508001","3518000",3513000.5,"Fst",0.0881005719170467,0,0.0233045107539813,0.0618228911498746
"3509001","3519000",3514000.5,"Fst",0.0851705880011147,0,0.0243623242675342,0.0594400957572312
"3510001","3520000",3515000.5,"Fst",0.0847590514093219,0,0.0211292058323527,0.0699995935835839
"3511001","3521000",3516000.5,"Fst",0.0771078320518619,0,0.0218528016672498,0.0746604782685211
"3512001","3522000",3517000.5,"Fst",0.0808711737123825,0,0.0227408552199601,0.0773737884181521
"3513001","3523000",3518000.5,"Fst",0.0601281204511789,0,0.023026247073109,0.0744754807775788
"3514001","3524000",3519000.5,"Fst",0.0611506647312273,0,0.0231454104147598,0.0723727990503767
"3515001","3525000",3520000.5,"Fst",0.0614826389534799,0,0.0243272600920071,0.0720079239537718
"3516001","3526000",3521000.5,"Fst",0.0333361164252033,0,0.0268236903465991,0.0766616374837277
"3517001","3527000",3522000.5,"Fst",0.0341517854461363,0,0.0267154627021594,0.0768718835051753
"3518001","3528000",3523000.5,"Fst",0.0276796973518285,0,0.0240079331523714,0.0632582426560413
"3519001","3529000",3524000.5,"Fst",0.0301148719523117,0,0.0229957198681752,0.0515584565695261
"3520001","3530000",3525000.5,"Fst",0.0207171113742459,0,0.023434130191701,0.051177269773761
"3521001","3531000",3526000.5,"Fst",0.0196537230087556,0,0.0238790114703344,0.0580426147348757
"3522001","3532000",3527000.5,"Fst",0.0198867135216012,0,0.0239563599048195,0.0584631229269426
"3523001","3533000",3528000.5,"Fst",0.0340400446826911,0,0.0227228503628234,0.0506262350843127
"3524001","3534000",3529000.5,"Fst",0.0314132767362341,0,0.0229837969129528,0.0510032426382235
"3525001","3535000",3530000.5,"Fst",0.0315239999028836,0,0.0229284497351313,0.0492136555427695
"3526001","3536000",3531000.5,"Fst",0.0321922163744373,0,0.0254019894188352,0.0531986531986532
"3527001","3537000",3532000.5,"Fst",0.029242574306952,0,0.024672394846219,0.0529875207329594
"3528001","3538000",3533000.5,"Fst",0.0341601032349931,0,0.0299528349408319,0.0726791585362595
"3529001","3539000",3534000.5,"Fst",0.0341247526814537,0,0.0164512555139368,0.0363570316554229
"3530001","3540000",3535000.5,"Fst",0.0221206920888215,0,0.0159006410126237,0.027893864013267
"3531001","3541000",3536000.5,"Fst",0.020032943760295,0,0.0171720823916539,0.0289330953880608
"3532001","3542000",3537000.5,"Fst",0.0222585095301107,0,0.0187737163991327,0.0309361535375918
"3533001","3543000",3538000.5,"Fst",0.0183666547964253,0,0.0189343179460386,0.0476822499074875
"3534001","3544000",3539000.5,"Fst",0.0149496219263661,0,0.0208629812324766,0.0511635185389742
"3535001","3545000",3540000.5,"Fst",0.0142595014897173,0,0.019872307890949,0.0488770467296294
"3536001","3546000",3541000.5,"Fst",0.00474822898717209,0,0.0324802594623393,0.0747849939760794
"3537001","3547000",3542000.5,"Fst",0.00509970349542554,0,0.0323572571648107,0.07548476047992
"3538001","3548000",3543000.5,"Fst",0.007485112865254,0,0.0298569184044946,0.0716569954867827
"3539001","3549000",3544000.5,"Fst",0.00726954608974917,0,0.0322705145544242,0.0747706290551899
"3540001","3550000",3545000.5,"Fst",0.0227443844617836,0,0.0299751120791489,0.0638705009298627
"3541001","3551000",3546000.5,"Fst",0.0318013395640835,0,0.0276031980216613,0.0622922161044407
"3542001","3552000",3547000.5,"Fst",0.0391274973490306,0,0.0256131063557214,0.0628075564080335
"3543001","3553000",3548000.5,"Fst",0.0416286659616374,0,0.0268488062298104,0.0680010408336117
"3544001","3554000",3549000.5,"Fst",0.0414074193870356,0,0.0270359553934319,0.0675712503633912
"3545001","3555000",3550000.5,"Fst",0.0512225013663286,0,0.0247808400901987,0.0572286087233753
"3546001","3556000",3551000.5,"Fst",0.0647215525481373,0,0.0276202534912012,0.0686805717764819
"3547001","3557000",3552000.5,"Fst",0.0599612220857083,0,0.0265127966144175,0.0629293670379509
"3548001","3558000",3553000.5,"Fst",0.0747309724254784,0,0.0208251969654048,0.0461474985354163
"3549001","3559000",3554000.5,"Fst",0.0827712311276159,0,0.0217962944147921,0.050641952822271
"3550001","3560000",3555000.5,"Fst",0.0786423919120073,0,0.021683233143015,0.0432839504803318
"3551001","3561000",3556000.5,"Fst",0.0755800716637762,0,0.0223389584748798,0.0475958904145366
"3552001","3562000",3557000.5,"Fst",0.0914909969257796,0,0.0208946293403316,0.0447039584777548
"3553001","3563000",3558000.5,"Fst",0.0948606744937019,0,0.0196225790530755,0.0484574848396578
"3554001","3564000",3559000.5,"Fst",0.0961720193883598,0,0.0199945657366717,0.0489668195306175
"3555001","3565000",3560000.5,"Fst",0.0949277860782286,0,0.0226122901287697,0.0474388565595621
"3556001","3566000",3561000.5,"Fst",0.0956220399676562,0,0.0226963867001141,0.048248099768071
"3557001","3567000",3562000.5,"Fst",0.102610527790576,0,0.021296910906226,0.043144893853005
"3558001","3568000",3563000.5,"Fst",0.0885662727986379,0,0.0244987142258277,0.0468540829986613
"3559001","3569000",3564000.5,"Fst",0.0668395478668413,0,0.0233914855022286,0.043024972127403
"3560001","3570000",3565000.5,"Fst",0.062772020082547,0,0.0249161840555112,0.0447051792639159
"3561001","3571000",3566000.5,"Fst",0.0593573194177425,0,0.0238479449405409,0.0435408759409962
"3562001","3572000",3567000.5,"Fst",0.0206212671917912,0,0.0243516380944469,0.0607803713590492
"3563001","3573000",3568000.5,"Fst",0.0101045217509087,0,0.0261416777963471,0.0649694486210636
"3564001","3574000",3569000.5,"Fst",0.0102468497205339,0,0.0260202001158868,0.063524538914931
"3565001","3575000",3570000.5,"Fst",0.0101125905758568,0,0.0256877243927741,0.0627174506638501
"3566001","3576000",3571000.5,"Fst",0.00975844362479217,0,0.0265992557645028,0.06422983565021
"3567001","3577000",3572000.5,"Fst",0,0,0.0267719056810461,0.0660914620190758
"3568001","3578000",3573000.5,"Fst",0,0,0.0311251930029929,0.077354080374724
"3569001","3579000",3574000.5,"Fst",0.00141925584963565,0,0.0238427756732211,0.0504839832703405
"3570001","3580000",3575000.5,"Fst",0.00356039899187099,0,0.0259812342321785,0.0588477016861659
"3571001","3581000",3576000.5,"Fst",0.00517647058823534,0,0.023738202423849,0.0455684487658156
"3572001","3582000",3577000.5,"Fst",0.00381628577767912,0,0.0248855527612847,0.0475142960177218
"3573001","3583000",3578000.5,"Fst",0.00588330684656058,0,0.0245368843322193,0.0472308740112597
"3574001","3584000",3579000.5,"Fst",0.0222870637301246,0,0.0212845248364097,0.0478939664986175
"3575001","3585000",3580000.5,"Fst",0.0225916110611583,0,0.0215496645910792,0.0485452897057612
"3576001","3586000",3581000.5,"Fst",0.0222464253164365,0,0.0207970137628757,0.0471409749670618
"3577001","3587000",3582000.5,"Fst",0.024085525710146,0,0.0212938334519454,0.0490687924135023
"3578001","3588000",3583000.5,"Fst",0.0264622631590017,0,0.021919084079163,0.0513100362961086
"3579001","3589000",3584000.5,"Fst",0.0270558420813484,0,0.0216958255136643,0.0572405159439046
"3580001","3590000",3585000.5,"Fst",0.0362714279726728,0,0.0206153120194086,0.0475799133229864
"3581001","3591000",3586000.5,"Fst",0.0384129641459421,0,0.0199537089539578,0.0623542988466264
"3582001","3592000",3587000.5,"Fst",0.0377175244431881,0,0.0197305124630482,0.0613142888628755
"3583001","3593000",3588000.5,"Fst",0.0418407530134947,0,0.0223459808693634,0.0748790703344705
"3584001","3594000",3589000.5,"Fst",0.0311432683704828,0,0.0255887468908902,0.107600384540204
"3585001","3595000",3590000.5,"Fst",0.0309747347530723,0,0.0250709229472413,0.105187021764398
"3586001","3596000",3591000.5,"Fst",0.034815716381113,0,0.0263772995453394,0.113961670944917
"3587001","3597000",3592000.5,"Fst",0.0417096564637548,0,0.0265669662479302,0.114004334791989
"3588001","3598000",3593000.5,"Fst",0.0424664390014131,0,0.0269192869940711,0.117219638432148
"3589001","3599000",3594000.5,"Fst",0.0366031131988579,0,0.0296372824958638,0.102899965965081
"3590001","3600000",3595000.5,"Fst",0.0428583855254001,0,0.0256773588019483,0.0680136076186993
"3591001","3601000",3596000.5,"Fst",0.0446747206260542,0,0.0225762163841326,0.0455236402714473
"3592001","3602000",3597000.5,"Fst",0.0450316620087766,0,0.0210125480590221,0.0398137526699734
"3593001","3603000",3598000.5,"Fst",0.0469639611952034,0,0.0225193644875779,0.0475694220724088
"3594001","3604000",3599000.5,"Fst",0.0488578906996893,0,0.0221318260907968,0.0487204253924521
"3595001","3605000",3600000.5,"Fst",0.0491189680681258,0,0.0225127959432076,0.0490556280171636
"3596001","3606000",3601000.5,"Fst",0.0476700633183731,0,0.0222475089873454,0.046410320878338
"3597001","3607000",3602000.5,"Fst",0.0444463441451679,0,0.0228589345237328,0.0470620379867308
"3598001","3608000",3603000.5,"Fst",0.0435926752345385,0,0.0225894683047353,0.0458321697550911
"3599001","3609000",3604000.5,"Fst",0.0511829518934263,0,0.0246695344983079,0.0549879704924874
"3600001","3610000",3605000.5,"Fst",0.0328452384447504,0,0.0267965680622796,0.0559214853902171
"3601001","3611000",3606000.5,"Fst",0.018025078369906,0,0.0291722605818851,0.0782752902155887
"3602001","3612000",3607000.5,"Fst",0.00793601426512824,0,0.0348178936321936,0.110747416556346
"3603001","3613000",3608000.5,"Fst",0.00434605580933589,0,0.0380680390160272,0.11907819236376
"3604001","3614000",3609000.5,"Fst",0.00224792144250185,0,0.0391816918431143,0.122064706036952
"3605001","3615000",3610000.5,"Fst",0,0,0.0339601042713047,0.103767910170519
"3606001","3616000",3611000.5,"Fst",0,0,0.03291810957763,0.103556393848197
"3607001","3617000",3612000.5,"Fst",0,0,0.0316987387130113,0.100465273154081
"3608001","3618000",3613000.5,"Fst",0,0,0.032078055736225,0.102240379350753
"3609001","3619000",3614000.5,"Fst",0,0,0.0288915635928755,0.093501988672813
"3610001","3620000",3615000.5,"Fst",0,0,0.0249276208428425,0.0694905302648104
"3611001","3621000",3616000.5,"Fst",0,0,0.0245345831041547,0.0548057822559413
"3612001","3622000",3617000.5,"Fst",0,0,0.0245833012575422,0.0580930123552545
"3613001","3623000",3618000.5,"Fst",0,0,0.0246178046439961,0.0580930123552545
"3614001","3624000",3619000.5,"Fst",0,0,0.0248608648358793,0.0588736145954301
"3615001","3625000",3620000.5,"Fst",0.000667960621797747,0,0.0152325680406723,0.0249740905104833
"3616001","3626000",3621000.5,"Fst",0.00327908716797598,0,0.014832672000609,0.024308341337552
"3617001","3627000",3622000.5,"Fst",0,0,0.0143543500545152,0.0236039294748419
"3618001","3628000",3623000.5,"Fst",0.00229885057471269,0,0.0145140380557814,0.024058940848492
"3619001","3629000",3624000.5,"Fst",0.00495130903996011,0,0.0163107293145065,0.0326890233196596
"3620001","3630000",3625000.5,"Fst",0.00366297607391231,0,0.0178900853482701,0.0370524130773224
"3621001","3631000",3626000.5,"Fst",0.00953353762342524,0,0.0146560598389357,0.0253675601569516
"3622001","3632000",3627000.5,"Fst",0.00690072875759529,0,0.0151417590276123,0.0280845183948414
"3623001","3633000",3628000.5,"Fst",0.00738311560310378,0,0.01464398454776,0.0266170067670357
"3624001","3634000",3629000.5,"Fst",0.00480232298414107,0,0.0152605887217006,0.0289822720761946
"3625001","3635000",3630000.5,"Fst",0.00634013378391518,0,0.0420820638836703,0.101320593800805
"3626001","3636000",3631000.5,"Fst",0.0141406808557443,0,0.0461245420229302,0.126578653036052
"3627001","3637000",3632000.5,"Fst",0.0154498764419846,0,0.0480059685522437,0.132085529694807
"3628001","3638000",3633000.5,"Fst",0.0115929646625418,0,0.0531140148577823,0.135441483803553
"3629001","3639000",3634000.5,"Fst",0.0117677777933201,0,0.0539618139765123,0.137375798203545
"3630001","3640000",3635000.5,"Fst",0.012521192122212,0,0.0529831955198005,0.134120728102474
"3631001","3641000",3636000.5,"Fst",0.01250805931657,0,0.0529286194685822,0.134120728102474
"3632001","3642000",3637000.5,"Fst",0.0125676803181197,0,0.0520251062592994,0.131051970918526
"3633001","3643000",3638000.5,"Fst",0.0122066099695384,0,0.0513970188563134,0.13027963027963
"3634001","3644000",3639000.5,"Fst",0.0117113329830092,0,0.0512822094906657,0.131308989857575
"3635001","3645000",3640000.5,"Fst",0.0139672967951389,0,0.0401226528798865,0.103420779942882
"3636001","3646000",3641000.5,"Fst",0.00390392817059482,0,0.0296172970565949,0.0709500499140036
"3637001","3647000",3642000.5,"Fst",0.00463806771875219,0,0.0300316439090449,0.072430851505363
"3638001","3648000",3643000.5,"Fst",0.00864839398987083,0,0.015226308600616,0.0308814589665654
"3639001","3649000",3644000.5,"Fst",0,0,0.033022915120279,0.0937517700368168
"3640001","3650000",3645000.5,"Fst",0,0,0.035257235849333,0.0936960323040039
"3641001","3651000",3646000.5,"Fst",0,0,0.035697029153395,0.0847249263641356
"3642001","3652000",3647000.5,"Fst",0,0,0.0477482235310749,0.0974259782770422
"3643001","3653000",3648000.5,"Fst",0,0,0.0488613023719704,0.0994192446384514
"3644001","3654000",3649000.5,"Fst",0,0,0.050409035677887,0.102283807388482
"3645001","3655000",3650000.5,"Fst",0,0,0.0494168634331455,0.104736076873369
"3646001","3656000",3651000.5,"Fst",0,0,0.0466731680802647,0.105068703019384
"3647001","3657000",3652000.5,"Fst",0,0,0.045575506669373,0.102798564153936
"3648001","3658000",3653000.5,"Fst",0,0,0.045575506669373,0.102798564153936
"3649001","3659000",3654000.5,"Fst",0,0,0.0442250052526585,0.0916941958848367
"3650001","3660000",3655000.5,"Fst",0,0,0.0453559553353919,0.0942249240121581
"3651001","3661000",3656000.5,"Fst",0,0,0.0402656848094853,0.0792179234717809
"3652001","3662000",3657000.5,"Fst",0.00182599242160386,0,0.0372126112362689,0.0813586430837959
"3653001","3663000",3658000.5,"Fst",0.00352870481182421,0,0.0350545599225644,0.0777810319579636
"3654001","3664000",3659000.5,"Fst",0.00352870481182421,0,0.0350545599225644,0.0777810319579636
"3655001","3665000",3660000.5,"Fst",0.0108893280632408,0,0.0281573094464978,0.0700796150561528
"3656001","3666000",3661000.5,"Fst",0.0453287818900467,0,0.0288782411917811,0.069390513566868
"3657001","3667000",3662000.5,"Fst",0.0466515063373701,0,0.0298886723514846,0.0714100617092266
"3658001","3668000",3663000.5,"Fst",0.0463214090362104,0,0.0296452445080062,0.0708315549557552
"3659001","3669000",3664000.5,"Fst",0.0467173096337488,0,0.0279039190276832,0.0667998029528457
"3660001","3670000",3665000.5,"Fst",0.0591945381395538,0,0.0314265153709299,0.0819879729933927
"3661001","3671000",3666000.5,"Fst",0.0659180664726418,0,0.0330528940209698,0.0817060827257955
"3662001","3672000",3667000.5,"Fst",0.0801095524753574,0,0.0368235195143942,0.0689582898611207
"3663001","3673000",3668000.5,"Fst",0.0830063821652303,0,0.0395470806632557,0.0731437552183094
"3664001","3674000",3669000.5,"Fst",0.0815293064101451,0,0.0388582449569674,0.0719198358082821
"3665001","3675000",3670000.5,"Fst",0.109515651211764,0,0.0439873116183881,0.0918103810381038
"3666001","3676000",3671000.5,"Fst",0.0699563005945983,0,0.0309629158697419,0.0659525554262396
"3667001","3677000",3672000.5,"Fst",0.0691961743160707,0,0.0335079705240231,0.0933953687362962
"3668001","3678000",3673000.5,"Fst",0.0697499245269946,0,0.0337794238766692,0.0941354031910306
"3669001","3679000",3674000.5,"Fst",0.0570483368609433,0,0.0331745470268483,0.0835836850229401
"3670001","3680000",3675000.5,"Fst",0.0340421589066482,0,0.0309559859855693,0.0851203129337957
"3671001","3681000",3676000.5,"Fst",0.0312037692895931,0,0.0262080589354879,0.0753339331203056
"3672001","3682000",3677000.5,"Fst",0.0295660408432148,0,0.025496454123454,0.0636574535516284
"3673001","3683000",3678000.5,"Fst",0.0296135527822992,0,0.0253369793398504,0.0635896820243054
"3674001","3684000",3679000.5,"Fst",0.0275131427961467,0,0.0273010618691634,0.0652145859027449
"3675001","3685000",3680000.5,"Fst",0.023938754634957,0,0.0280767502372547,0.0735584098658912
"3676001","3686000",3681000.5,"Fst",0.0282680598691023,0,0.0286742056385703,0.0755627981820531
"3677001","3687000",3682000.5,"Fst",0.0216584915691173,0,0.0282583449300247,0.0761794403781392
"3678001","3688000",3683000.5,"Fst",0.0213781422414516,0,0.0267170667036897,0.0745893182805037
"3679001","3689000",3684000.5,"Fst",0.0230284986818233,0,0.0320772626345454,0.0896778574946194
"3680001","3690000",3685000.5,"Fst",0.0238780243743022,0,0.0364815394082852,0.104673178412286
"3681001","3691000",3686000.5,"Fst",0.0203403902034038,0,0.0358841150777773,0.0939094740548708
"3682001","3692000",3687000.5,"Fst",0.0201747781488703,0,0.0343417016498212,0.0878072815584681
"3683001","3693000",3688000.5,"Fst",0.0193427100206761,0,0.0298289669419076,0.0759999645425097
"3684001","3694000",3689000.5,"Fst",0.0168539062630725,0,0.0332297538092678,0.0755835993532844
"3685001","3695000",3690000.5,"Fst",0.0117690893531998,0,0.0313734487093152,0.0723367825589267
"3686001","3696000",3691000.5,"Fst",0.00179613188892902,0,0.0315629588773049,0.07257701469939
"3687001","3697000",3692000.5,"Fst",0.00196923022212736,0,0.0312783386718682,0.0716818345867595
"3688001","3698000",3693000.5,"Fst",0,0,0.0289407482355398,0.0706998870577022
"3689001","3699000",3694000.5,"Fst",0.00452136163237349,0,0.0264925174789887,0.0619660374797689
"3690001","3700000",3695000.5,"Fst",0.00441677515263217,0,0.0250120552006747,0.0597247305429757
"3691001","3701000",3696000.5,"Fst",0.00687368343354855,0,0.0212183093635078,0.0386103120855943
"3692001","3702000",3697000.5,"Fst",0.0110146025824128,0,0.018779080719109,0.0457632318119506
"3693001","3703000",3698000.5,"Fst",0.0100690215184733,0,0.0201209322704842,0.0466183574879226
"3694001","3704000",3699000.5,"Fst",0.0201963662458818,0,0.023979561205934,0.0401896987665729
"3695001","3705000",3700000.5,"Fst",0.0197182218221823,0,0.0225439884407539,0.0384379982041744
"3696001","3706000",3701000.5,"Fst",0.0244309764309765,0,0.0233392189577508,0.0454738819369631
"3697001","3707000",3702000.5,"Fst",0.0313186167336672,0,0.0221683853020283,0.0453074093536522
"3698001","3708000",3703000.5,"Fst",0.0382345372476196,0,0.0242088235416464,0.0531847653947488
"3699001","3709000",3704000.5,"Fst",0.0322878046369073,0,0.0221922173491621,0.042357561288406
"3700001","3710000",3705000.5,"Fst",0.0349512788883886,0,0.0217477709099366,0.0431727634914887
"3701001","3711000",3706000.5,"Fst",0.0335585585585585,0,0.0191092841066207,0.0424951380221184
"3702001","3712000",3707000.5,"Fst",0.0318837762985277,0,0.0179962856807383,0.0479506700819473
"3703001","3713000",3708000.5,"Fst",0.027644221892333,0,0.0167076337679262,0.0439851923764679
"3704001","3714000",3709000.5,"Fst",0.0220535363606152,0,0.0171175913844494,0.0466979828681956
"3705001","3715000",3710000.5,"Fst",0.0249682543260523,0,0.0171657717138299,0.0489121445075066
"3706001","3716000",3711000.5,"Fst",0.0217843497535509,0,0.0133160805467858,0.0403058852860276
"3707001","3717000",3712000.5,"Fst",0.0134006734006733,0,0.0112160787039527,0.020073162525324
"3708001","3718000",3713000.5,"Fst",0.0153685578411855,0,0.0120911388636047,0.0185167500536305
"3709001","3719000",3714000.5,"Fst",0.00858775905812592,0,0.0130994056986582,0.0293742289530778
"3710001","3720000",3715000.5,"Fst",0.00561948599923279,0,0.01423396741628,0.0272502906561691
"3711001","3721000",3716000.5,"Fst",0.00764622097623835,0,0.0138299091826056,0.0296591749389383
"3712001","3722000",3717000.5,"Fst",0.00733405297163692,0,0.0149144694988338,0.0313258060761261
"3713001","3723000",3718000.5,"Fst",0.00960968610170065,0,0.0159712915953094,0.0344105113636363
"3714001","3724000",3719000.5,"Fst",0.00380877175665462,0,0.0242458726444418,0.063432161790693
"3715001","3725000",3720000.5,"Fst",0.00063015475859507,0,0.0262266818603031,0.0635972124344217
"3716001","3726000",3721000.5,"Fst",0.00426705214691081,0,0.038591815526203,0.0831827528194902
"3717001","3727000",3722000.5,"Fst",0.0442440467803297,0,0.0368332398888417,0.0709607626029297
"3718001","3728000",3723000.5,"Fst",0.0548777370708017,0,0.0327874145837981,0.0564549897805029
"3719001","3729000",3724000.5,"Fst",0.0602659679308066,0,0.0318465362078712,0.0566329193194864
"3720001","3730000",3725000.5,"Fst",0.06303221715776,0,0.0321702554437824,0.0595568331536711
"3721001","3731000",3726000.5,"Fst",0.0678597895360901,0,0.0279552219804805,0.0553364115422641
"3722001","3732000",3727000.5,"Fst",0.0665287639373418,0,0.0270149436615572,0.053439013358926
"3723001","3733000",3728000.5,"Fst",0.0613398848425039,0,0.0267309670204204,0.0625787805503646
"3724001","3734000",3729000.5,"Fst",0.0668451216582587,0,0.0273272661396939,0.068723806734278
"3725001","3735000",3730000.5,"Fst",0.0670056376697631,0,0.0273569247725205,0.0718676561533705
"3726001","3736000",3731000.5,"Fst",0.0769067454487214,0,0.0319836408788724,0.079726250920814
"3727001","3737000",3732000.5,"Fst",0.0592380831374543,0,0.0358776674825394,0.089985014985015
"3728001","3738000",3733000.5,"Fst",0.0514365368797269,0,0.038640544958761,0.102513737869753
"3729001","3739000",3734000.5,"Fst",0.0518287070144747,0,0.0388705734929418,0.103189360950924
"3730001","3740000",3735000.5,"Fst",0.0494433627876789,0,0.039439761060956,0.102945205479452
"3731001","3741000",3736000.5,"Fst",0.0407535744045409,0,0.0432299133222705,0.11496165538884
"3732001","3742000",3737000.5,"Fst",0.0300437704411215,0,0.037585432053182,0.0923601199710415
"3733001","3743000",3738000.5,"Fst",0.0281474812205952,0,0.0310045407432042,0.0865445052309582
"3734001","3744000",3739000.5,"Fst",0.0265153575460891,0,0.0293831919527885,0.0746186492514139
"3735001","3745000",3740000.5,"Fst",0.00485718428302162,0,0.0215257999928327,0.0419255158206456
"3736001","3746000",3741000.5,"Fst",0.00485718428302162,0,0.021451907271797,0.0417832882886495
"3737001","3747000",3742000.5,"Fst",0,0,0.0206321585413243,0.0549763771351436
"3738001","3748000",3743000.5,"Fst",0,0,0.0203022703634854,0.0542177619620592
"3739001","3749000",3744000.5,"Fst",0.000155031325917432,0,0.021128420275478,0.0519963984103329
"3740001","3750000",3745000.5,"Fst",0.00342409240924091,0,0.0222124134054745,0.0643819577152911
"3741001","3751000",3746000.5,"Fst",0,0,0.0221267578246722,0.062219760768408
"3742001","3752000",3747000.5,"Fst",0,0,0.0255370157128803,0.0702280201114281
"3743001","3753000",3748000.5,"Fst",0.0415915651278195,0,0.0267757695594941,0.060836372697823
"3744001","3754000",3749000.5,"Fst",0.0353554308957775,0,0.0282444314744036,0.0650847457627118
"3745001","3755000",3750000.5,"Fst",0.0355371900826446,0,0.0295604056721387,0.0638227471675986
"3746001","3756000",3751000.5,"Fst",0.0305660086705838,0,0.0284246734565945,0.056022684330001
"3747001","3757000",3752000.5,"Fst",0.0344367604118642,0,0.02898913391597,0.0548157724628312
"3748001","3758000",3753000.5,"Fst",0.0329086590369251,0,0.0351878490532034,0.0637701973370632
"3749001","3759000",3754000.5,"Fst",0.032608720869535,0,0.0414765449970099,0.0716122324965039
"3750001","3760000",3755000.5,"Fst",0.0350019392590344,0,0.0422125328136253,0.0775228800719897
"3751001","3761000",3756000.5,"Fst",0.0362035713475369,0,0.0426564954012245,0.0808380183668868
"3752001","3762000",3757000.5,"Fst",0.0367676241136852,0,0.0435338248570225,0.0799591093434033
"3753001","3763000",3758000.5,"Fst",0.018350076706092,0,0.0487743571498698,0.0849995717739757
"3754001","3764000",3759000.5,"Fst",0.0184497198215609,0,0.0508333789048935,0.0907406030872916
"3755001","3765000",3760000.5,"Fst",0.0182637944240784,0,0.0491183963987824,0.0887738070577702
"3756001","3766000",3761000.5,"Fst",0.0205356436426932,0,0.0507453138171445,0.093745806522576
"3757001","3767000",3762000.5,"Fst",0.0203306993378763,0,0.0497518725461257,0.0920379869394146
"3758001","3768000",3763000.5,"Fst",0.0125624616463575,0,0.0384620374848874,0.0743020367610532
"3759001","3769000",3764000.5,"Fst",0.00608888700349253,0,0.0290445944452189,0.057913983514346
"3760001","3770000",3765000.5,"Fst",0.00493424210425275,0,0.0279685277290392,0.0559250902326244
"3761001","3771000",3766000.5,"Fst",0.0265700421780276,0,0.0275832898697154,0.0592946042582879
"3762001","3772000",3767000.5,"Fst",0.0170173705513641,0,0.0356653424109467,0.108946668811542
"3763001","3773000",3768000.5,"Fst",0.0192221902135891,0,0.0357476999592406,0.102191733644093
"3764001","3774000",3769000.5,"Fst",0.0264009862093447,0,0.0358793975465225,0.0864388513899543
"3765001","3775000",3770000.5,"Fst",0.0335047390002757,0,0.0319682337923047,0.0843413829032055
"3766001","3776000",3771000.5,"Fst",0.0359014510587584,0,0.0312320933068731,0.0827359688236895
"3767001","3777000",3772000.5,"Fst",0.0402851846743072,0,0.0297469211770491,0.0812349497363725
"3768001","3778000",3773000.5,"Fst",0.044046428009862,0,0.0298820427965387,0.074786807461195
"3769001","3779000",3774000.5,"Fst",0.0489990253253567,0,0.0276871843028845,0.0747324820015901
"3770001","3780000",3775000.5,"Fst",0.0502333080409941,0,0.0285620886351516,0.0741057680878371
"3771001","3781000",3776000.5,"Fst",0.0441351028392594,0,0.0271924375514686,0.0797368169517098
"3772001","3782000",3777000.5,"Fst",0.063053114505941,0,0.0339111564785388,0.0733164064635347
"3773001","3783000",3778000.5,"Fst",0.0615318695949523,0,0.0353622997075249,0.0785232464478478
"3774001","3784000",3779000.5,"Fst",0.0638512876588364,0,0.0375907912826505,0.0974748417586067
"3775001","3785000",3780000.5,"Fst",0.0955445638372467,0,0.0362922232113741,0.0881339680848224
"3776001","3786000",3781000.5,"Fst",0.0984188291371376,0,0.033502222579456,0.0753882917819231
"3777001","3787000",3782000.5,"Fst",0.140351241919357,0,0.0280383531542838,0.0521042105071017
"3778001","3788000",3783000.5,"Fst",0.152122526786301,0,0.0281058226481651,0.0521818460381352
"3779001","3789000",3784000.5,"Fst",0.170327104442029,0,0.0332304036326491,0.0658182400865284
"3780001","3790000",3785000.5,"Fst",0.168958753564721,0,0.0329409728061178,0.0652538533810092
"3781001","3791000",3786000.5,"Fst",0.166714591167146,0,0.0334107030067763,0.0664504805465117
"3782001","3792000",3787000.5,"Fst",0.173423594838003,0,0.0340046275167095,0.0720458804156495
"3783001","3793000",3788000.5,"Fst",0.190294942755326,0,0.0379456021610148,0.0812417473896785
"3784001","3794000",3789000.5,"Fst",0.189661052758662,0,0.0383342650023332,0.0807711661895227
"3785001","3795000",3790000.5,"Fst",0.168316831683168,0,0.0375230388128162,0.0803195361733107
"3786001","3796000",3791000.5,"Fst",0.173999187275049,0,0.0392418499398273,0.083056392324904
"3787001","3797000",3792000.5,"Fst",0.136893116754913,0,0.0359316114553697,0.0685715720716316
"3788001","3798000",3793000.5,"Fst",0.110099295158718,0,0.0325837249852735,0.0641122303790648
"3789001","3799000",3794000.5,"Fst",0.0800339555929379,0,0.0238955866474085,0.0503948443609792
"3790001","3800000",3795000.5,"Fst",0.0507512399985519,0,0.0251898177494966,0.0630856367290477
"3791001","3801000",3796000.5,"Fst",0.00765460512295957,0,0.0231561572326581,0.0690438157443233
"3792001","3802000",3797000.5,"Fst",0.000148271707904657,0,0.0248789408204073,0.0716825616571809
"3793001","3803000",3798000.5,"Fst",0,0,0.0258511987306415,0.0734560885049633
"3794001","3804000",3799000.5,"Fst",0,0,0.0297806243121214,0.0939640859281209
"3795001","3805000",3800000.5,"Fst",0,0,0.0301736862719447,0.093279967368582
"3796001","3806000",3801000.5,"Fst",0,0,0.029754352484103,0.0920155916006539
"3797001","3807000",3802000.5,"Fst",0,0,0.0291188669528516,0.0890962984738247
"3798001","3808000",3803000.5,"Fst",0,0,0.0261266856477051,0.0850922618418549
"3799001","3809000",3804000.5,"Fst",0,0,0.0259876408321129,0.0826480059450088
"3800001","3810000",3805000.5,"Fst",0,0,0.0221421690789977,0.0403231959886636
"3801001","3811000",3806000.5,"Fst",0,0,0.0299397618062262,0.0591517857142857
"3802001","3812000",3807000.5,"Fst",0.000537946514957754,0,0.0262205722835006,0.0481498829039811
"3803001","3813000",3808000.5,"Fst",0.000537946514957754,0,0.0263674921337037,0.0481498829039811
"3804001","3814000",3809000.5,"Fst",0.0114967683576255,0,0.0197487356474232,0.0398628977900155
"3805001","3815000",3810000.5,"Fst",0.0146855243078264,0,0.0186447833035794,0.0359391236897895
"3806001","3816000",3811000.5,"Fst",0.014731892675059,0,0.0186486260645385,0.0357966337720765
"3807001","3817000",3812000.5,"Fst",0.0252199413489735,0,0.0212341166188653,0.0428285944676227
"3808001","3818000",3813000.5,"Fst",0.0133437238714496,0,0.0308386461138832,0.0811720142602494
"3809001","3819000",3814000.5,"Fst",0.0189223179920854,0,0.0381929320393638,0.0825803729197984
"3810001","3820000",3815000.5,"Fst",0.0168779548972847,0,0.0409853118886798,0.084486665485191
"3811001","3821000",3816000.5,"Fst",0.0169327887114742,0,0.0402228251547502,0.0831947622325382
"3812001","3822000",3817000.5,"Fst",0.0201152586488925,0,0.0394311028627349,0.0804256654889886
"3813001","3823000",3818000.5,"Fst",0.0196367415385342,0,0.0373220151942787,0.0751031210454843
"3814001","3824000",3819000.5,"Fst",0.0175505929159374,0,0.0387955710872318,0.0783091815188488
"3815001","3825000",3820000.5,"Fst",0.0159172883023199,0,0.0371598352454569,0.0755252418114256
"3816001","3826000",3821000.5,"Fst",0.0160950742897404,0,0.0376013240293352,0.0764081354197758
"3817001","3827000",3822000.5,"Fst",0.0130541754863145,0,0.0391114433542361,0.0792437495714973
"3818001","3828000",3823000.5,"Fst",0.0178558493299528,0,0.0335830841879888,0.0713461762494307
"3819001","3829000",3824000.5,"Fst",0.0104316929103968,0,0.0233873346756204,0.0463659590619603
"3820001","3830000",3825000.5,"Fst",0.00908846200905433,0,0.0178863748054212,0.0342154120749966
"3821001","3831000",3826000.5,"Fst",0.00926979720872845,0,0.017489657249332,0.0318777259453106
"3822001","3832000",3827000.5,"Fst",0,0,0.0197734903608879,0.0374931615311878
"3823001","3833000",3828000.5,"Fst",0,0,0.0194804515637665,0.0407378094358704
"3824001","3834000",3829000.5,"Fst",0.00946105185170043,0,0.0217631605942219,0.0414749953479845
"3825001","3835000",3830000.5,"Fst",0.0128296591131594,0,0.0226346375842915,0.0458164243924301
"3826001","3836000",3831000.5,"Fst",0.0132450743165357,0,0.0204070662744227,0.043437378866207
"3827001","3837000",3832000.5,"Fst",0.0127923560759381,0,0.0211415970006321,0.0445484070179181
"3828001","3838000",3833000.5,"Fst",0.0204610518912598,0,0.0219377576889037,0.0407021568132786
"3829001","3839000",3834000.5,"Fst",0.0263567223764352,0,0.0188769877823175,0.0463451310210473
"3830001","3840000",3835000.5,"Fst",0.038250922187725,0,0.0191187354581403,0.0405750068121502
"3831001","3841000",3836000.5,"Fst",0.0387472621622609,0,0.0200059380545502,0.0398439402782054
"3832001","3842000",3837000.5,"Fst",0.0376160134524749,0,0.0193646689920998,0.0386178391042143
"3833001","3843000",3838000.5,"Fst",0.0329149801006423,0,0.0182051050359119,0.0358925424457339
"3834001","3844000",3839000.5,"Fst",0.0266481315222952,0,0.0202990484684651,0.0425241607952087
"3835001","3845000",3840000.5,"Fst",0.0300475959368907,0,0.0178908167410904,0.036274961204618
"3836001","3846000",3841000.5,"Fst",0.0287225705329153,0,0.0177246290222528,0.0349227329841223
"3837001","3847000",3842000.5,"Fst",0.0297118676302777,0,0.0170745805064811,0.0350701982920828
"3838001","3848000",3843000.5,"Fst",0.0284550361543946,0,0.0156137481483712,0.0319570937057275
"3839001","3849000",3844000.5,"Fst",0.0298785594639865,0,0.0162255133082036,0.0324505639651453
"3840001","3850000",3845000.5,"Fst",0.0160087719298246,0,0.0172473006299063,0.0360523336816441
"3841001","3851000",3846000.5,"Fst",0.0153827430935864,0,0.0169619153906295,0.0354155114112056
"3842001","3852000",3847000.5,"Fst",0.0220484470484471,0,0.0197539680541813,0.0370243455266357
"3843001","3853000",3848000.5,"Fst",0.0265708245243129,0,0.0217476473328376,0.0398892198518178
"3844001","3854000",3849000.5,"Fst",0.013391015241643,0,0.0298066408717306,0.0602007210367339
"3845001","3855000",3850000.5,"Fst",0,0,0.0312733300058961,0.0605216976063988
"3846001","3856000",3851000.5,"Fst",0.00501315404852387,0,0.0312790714752567,0.0742413753927331
"3847001","3857000",3852000.5,"Fst",0.00632273069293376,0,0.028182460212022,0.0822507279954089
"3848001","3858000",3853000.5,"Fst",0.00881142275847235,0,0.0267466295848548,0.0788727911111634
"3849001","3859000",3854000.5,"Fst",0.00750055235473068,0,0.0249704212730939,0.0810538693319613
"3850001","3860000",3855000.5,"Fst",0.00678518518518512,0,0.0238007903592929,0.073924915309295
"3851001","3861000",3856000.5,"Fst",0.0141647883796644,0,0.023159587341933,0.0679642521786975
"3852001","3862000",3857000.5,"Fst",0.0163722253862757,0,0.0243302040518375,0.0700451017692396
"3853001","3863000",3858000.5,"Fst",0.0298838359237773,0,0.0231551495599867,0.0614566719829878
"3854001","3864000",3859000.5,"Fst",0.0334182754992536,0,0.0252672522088795,0.0635902002223684
"3855001","3865000",3860000.5,"Fst",0.0508999341860532,0,0.0272782653799013,0.0593643686503931
"3856001","3866000",3861000.5,"Fst",0.0576024693556525,0,0.0299126309633843,0.0498860387936725
"3857001","3867000",3862000.5,"Fst",0.0757345554997489,0,0.0352961465471261,0.0727231322488922
"3858001","3868000",3863000.5,"Fst",0.0764817771728223,0,0.0361225466450209,0.0744925085911258
"3859001","3869000",3864000.5,"Fst",0.0935103720836119,0,0.0384994698090404,0.09077316755235
"3860001","3870000",3865000.5,"Fst",0.106545859163885,0,0.0429650873872802,0.0978381498530825
"3861001","3871000",3866000.5,"Fst",0.102996888248439,0,0.0469182905383485,0.0940586641733794
"3862001","3872000",3867000.5,"Fst",0.0910025774253356,0,0.0417158555995992,0.0866389274998708
"3863001","3873000",3868000.5,"Fst",0.0784005300752002,0,0.0439334457120706,0.0929307536633656
"3864001","3874000",3869000.5,"Fst",0.0806305090177092,0,0.0450029365215814,0.0954675843303868
"3865001","3875000",3870000.5,"Fst",0.0726844846881166,0,0.0419975268825228,0.0873772217377917
"3866001","3876000",3871000.5,"Fst",0.0520297975532809,0,0.0361535753704322,0.0742310116741303
"3867001","3877000",3872000.5,"Fst",0.0282068744323442,0,0.0248279645395073,0.0576812187637705
"3868001","3878000",3873000.5,"Fst",0.0321729432072615,0,0.0241465910262772,0.0553762349636735
"3869001","3879000",3874000.5,"Fst",0.0281196408812591,0,0.0224746292584228,0.049147205167447
"3870001","3880000",3875000.5,"Fst",0.0281654646448997,0,0.0217559256958422,0.0461910599951898
"3871001","3881000",3876000.5,"Fst",0.0281056711344085,0,0.0216479937086561,0.0509485741551476
"3872001","3882000",3877000.5,"Fst",0.033158728341348,0,0.0244560852719122,0.0508677014183605
"3873001","3883000",3878000.5,"Fst",0.0342757958710692,0,0.0255236604944173,0.0533971035222601
"3874001","3884000",3879000.5,"Fst",0.0279222450259482,0,0.0241861817532916,0.0488389424723193
"3875001","3885000",3880000.5,"Fst",0.0242019712422746,0,0.0241023343048722,0.041537282115835
"3876001","3886000",3881000.5,"Fst",0.0251947278366867,0,0.041656497454569,0.147272260733485
"3877001","3887000",3882000.5,"Fst",0.0229602704680464,0,0.0437191123303225,0.154836719954552
"3878001","3888000",3883000.5,"Fst",0.0229462861975795,0,0.0453716024139651,0.161880946629074
"3879001","3889000",3884000.5,"Fst",0.0230172331311727,0,0.0452924410774729,0.161566859813569
"3880001","3890000",3885000.5,"Fst",0.0225686284083149,0,0.0466150817772304,0.164979663797407
"3881001","3891000",3886000.5,"Fst",0.0200951407965517,0,0.0483163087982211,0.17306454717951
"3882001","3892000",3887000.5,"Fst",0.0190012146728062,0,0.050213926121962,0.179961684369053
"3883001","3893000",3888000.5,"Fst",0.0186133299524863,0,0.0495141427558948,0.177603149417436
"3884001","3894000",3889000.5,"Fst",0.0203918586351491,0,0.0525891988139722,0.18484387861164
"3885001","3895000",3890000.5,"Fst",0.0229158354706944,0,0.0553234479571984,0.185212338033386
"3886001","3896000",3891000.5,"Fst",0.0265197428833792,0,0.0360871289270003,0.0747816445054397
"3887001","3897000",3892000.5,"Fst",0.025366710584102,0,0.0345322622010154,0.0715714757920008
"3888001","3898000",3893000.5,"Fst",0.00758792746744552,0,0.038889348552083,0.087065714105684
"3889001","3899000",3894000.5,"Fst",0.00588885539141792,0,0.0436128963901584,0.150293004200591
"3890001","3900000",3895000.5,"Fst",0.00588885539141792,0,0.0436128963901584,0.150293004200591
"3891001","3901000",3896000.5,"Fst",0.00284047551477307,0,0.0491170543177531,0.159190345519459
"3892001","3902000",3897000.5,"Fst",0.00284047551477307,0,0.0490472824608112,0.159190345519459
"3893001","3903000",3898000.5,"Fst",0.00463232562876692,0,0.046921184830015,0.150800621428051
"3894001","3904000",3899000.5,"Fst",0.00127005139606662,0,0.0518707118207,0.13878737556966
"3895001","3905000",3900000.5,"Fst",0.001621414463017,0,0.050855957559232,0.132870602910224
"3896001","3906000",3901000.5,"Fst",0.000517447689272643,0,0.0513575993512636,0.144883393677361
"3897001","3907000",3902000.5,"Fst",0.00537056030984195,0,0.0464670855157146,0.129365211546583
"3898001","3908000",3903000.5,"Fst",0.00874277580559424,0,0.0433827905067532,0.121740817491403
"3899001","3909000",3904000.5,"Fst",0.00939529159181274,0,0.0462072789196031,0.123784629649261
"3900001","3910000",3905000.5,"Fst",0.0123981293850625,0,0.0437748883317396,0.116187281956069
"3901001","3911000",3906000.5,"Fst",0.0157179835686646,0,0.0420772534839889,0.106110946881361
"3902001","3912000",3907000.5,"Fst",0.0161372695565521,0,0.0411780472939883,0.104906596298221
"3903001","3913000",3908000.5,"Fst",0.0154075767679656,0,0.0410683627548339,0.106456921923823
"3904001","3914000",3909000.5,"Fst",0.0353422260316779,0,0.0291662622743093,0.0411260478369335
"3905001","3915000",3910000.5,"Fst",0.0271233461374307,0,0.0263447328190924,0.0467977351368356
"3906001","3916000",3911000.5,"Fst",0.02731433326399,0,0.0257891115378971,0.045332924523481
"3907001","3917000",3912000.5,"Fst",0.0233184363862645,0,0.0234079536293896,0.0514652896886348
"3908001","3918000",3913000.5,"Fst",0.019058464579618,0,0.0234161472739566,0.0618472403990343
"3909001","3919000",3914000.5,"Fst",0.0059059987631418,0,0.0247991468668175,0.0632286133956406
"3910001","3920000",3915000.5,"Fst",0.02010623586828,0,0.0266123842808154,0.0629554094649973
"3911001","3921000",3916000.5,"Fst",0.0142478462557984,0,0.029361094826642,0.07762663832802
"3912001","3922000",3917000.5,"Fst",0.011913578570286,0,0.026646773699743,0.0693882681727559
"3913001","3923000",3918000.5,"Fst",0.0110885501894832,0,0.0254865240180885,0.0650584557199071
"3914001","3924000",3919000.5,"Fst",0.00930852409790983,0,0.0261259545154454,0.0648535685405257
"3915001","3925000",3920000.5,"Fst",0.0111891437818874,0,0.0290391690179146,0.0732190809178214
"3916001","3926000",3921000.5,"Fst",0.0143410982067369,0,0.0285922330621106,0.0727896790276805
"3917001","3927000",3922000.5,"Fst",0.0144845560047214,0,0.0275225142034314,0.0693591180186051
"3918001","3928000",3923000.5,"Fst",0.0113467376983445,0,0.0254050657685942,0.0648078419363608
"3919001","3929000",3924000.5,"Fst",0.016258899289551,0,0.0249429270490981,0.0517207844898168
"3920001","3930000",3925000.5,"Fst",0.00382399849892112,0,0.0254779689280912,0.0491851735798311
"3921001","3931000",3926000.5,"Fst",0.00695910662674692,0,0.0262968128896333,0.0546670938877714
"3922001","3932000",3927000.5,"Fst",0.00780627645402276,0,0.0275754666288835,0.0551176921715534
"3923001","3933000",3928000.5,"Fst",0.00933563752306954,0,0.0306769649371319,0.0558756747493788
"3924001","3934000",3929000.5,"Fst",0.0109517734517736,0,0.0320893505091102,0.0604537994514006
"3925001","3935000",3930000.5,"Fst",0.0118092691622104,0,0.031966324840451,0.0620428154495778
"3926001","3936000",3931000.5,"Fst",0.00816580761400731,0,0.027702403008042,0.0627511065713313
"3927001","3937000",3932000.5,"Fst",0.00316966616706293,0,0.0285313571619069,0.0620051625778183
"3928001","3938000",3933000.5,"Fst",0.00545091432648914,0,0.0219329294433147,0.054628153973221
"3929001","3939000",3934000.5,"Fst",0.00916004147943306,0,0.024390647525472,0.0660675347965192
"3930001","3940000",3935000.5,"Fst",0.00975862387866455,0,0.0264398653855888,0.0778384116703346
"3931001","3941000",3936000.5,"Fst",0.0176417712119435,0,0.0324248097847418,0.0680917579346184
"3932001","3942000",3937000.5,"Fst",0.0161516780896713,0,0.033128928409299,0.0716246748943093
"3933001","3943000",3938000.5,"Fst",0.0117296973895519,0,0.0363464232515068,0.0756602994153848
"3934001","3944000",3939000.5,"Fst",0.0106730327249003,0,0.0354035700561425,0.0768610960313286
"3935001","3945000",3940000.5,"Fst",0.0108211692263955,0,0.0362062242062171,0.0788096386751023
"3936001","3946000",3941000.5,"Fst",0.00817242795938711,0,0.0382810618930751,0.0849360522915209
"3937001","3947000",3942000.5,"Fst",0.011227957461917,0,0.0439979868800981,0.0985447421250797
"3938001","3948000",3943000.5,"Fst",0.0121964012309186,0,0.0475680009631209,0.107168361240324
"3939001","3949000",3944000.5,"Fst",0.0106292485873638,0,0.047938345820367,0.107938535305476
"3940001","3950000",3945000.5,"Fst",0.010206927857465,0,0.0467850646725835,0.105661037602091
"3941001","3951000",3946000.5,"Fst",0,0,0.0312780118220592,0.0785145476104596
"3942001","3952000",3947000.5,"Fst",0,0,0.0321251744234174,0.0735013826359212
"3943001","3953000",3948000.5,"Fst",0,0,0.0258051114324839,0.0549621155509664
"3944001","3954000",3949000.5,"Fst",0,0,0.043680262114504,0.119481666568756
"3945001","3955000",3950000.5,"Fst",0,0,0.0521968552224873,0.14634459632488
"3946001","3956000",3951000.5,"Fst",0,0,0.055669104038825,0.16035718043196
"3947001","3957000",3952000.5,"Fst",0,0,0.0573398833483852,0.164654630808206
"3948001","3958000",3953000.5,"Fst",0,0,0.057853559164462,0.166094138765096
"3949001","3959000",3954000.5,"Fst",0,0,0.0572224717902344,0.166604809432286
"3950001","3960000",3955000.5,"Fst",0,0,0.057969417313968,0.166928983826104
"3951001","3961000",3956000.5,"Fst",0,0,0.0578836528552795,0.168004413096918
"3952001","3962000",3957000.5,"Fst",0,0,0.0584003698895254,0.167928426393135
"3953001","3963000",3958000.5,"Fst",0,0,0.0585848248043029,0.167891854438531
"3954001","3964000",3959000.5,"Fst",0,0,0.0587776358978887,0.16810378439638
"3955001","3965000",3960000.5,"Fst",0,0,0.0588075855888651,0.168389634496738
"3956001","3966000",3961000.5,"Fst",0,0,0.0591226089841134,0.168818988824727
"3957001","3967000",3962000.5,"Fst",0,0,0.0584819405575765,0.167701204845297
"3958001","3968000",3963000.5,"Fst",0,0,0.0597194094572603,0.167556647900811
"3959001","3969000",3964000.5,"Fst",0,0,0.0595379281110962,0.167829311334131
"3960001","3970000",3965000.5,"Fst",0,0,0.0595347591428585,0.167245618074186
"3961001","3971000",3966000.5,"Fst",0,0,0.0596499729590786,0.167623488056915
"3962001","3972000",3967000.5,"Fst",0,0,0.0599107757581561,0.16748460788558
"3963001","3973000",3968000.5,"Fst",0,0,0.0604359587235182,0.167958951871963
"3964001","3974000",3969000.5,"Fst",0,0,0.0602210259328034,0.167262753494167
"3965001","3975000",3970000.5,"Fst",0,0,0.0586793040139962,0.167323882164372
"3966001","3976000",3971000.5,"Fst",0,0,0.0569059783740996,0.165083609974446
"3967001","3977000",3972000.5,"Fst",0,0,0.0585220954486066,0.166827420472235
"3968001","3978000",3973000.5,"Fst",0,0,0.0605049997725637,0.166639965665033
"3969001","3979000",3974000.5,"Fst",0,0,0.062072336998158,0.165875903264424
"3970001","3980000",3975000.5,"Fst",0,0,0.0620694919894236,0.166446569661977
"3971001","3981000",3976000.5,"Fst",0,0,0.0619676837205761,0.164699290417761
"3972001","3982000",3977000.5,"Fst",0,0,0.0602081310715985,0.160623992040287
"3973001","3983000",3978000.5,"Fst",0,0,0.0596393271479914,0.15690419774078
"3974001","3984000",3979000.5,"Fst",0,0,0.0569549112006045,0.149671392353635
"3975001","3985000",3980000.5,"Fst",0,0,0.0548070458449668,0.143106847099663
"3976001","3986000",3981000.5,"Fst",0.00171638819731257,0,0.0494954166009814,0.12691084867156
"3977001","3987000",3982000.5,"Fst",0.00867389491242698,0,0.0416956829906025,0.111308524506181
"3978001","3988000",3983000.5,"Fst",0.0176048454229698,0,0.038707769201153,0.0898348881152488
"3979001","3989000",3984000.5,"Fst",0.0263224268262784,0,0.0409297475683445,0.070391619902731
"3980001","3990000",3985000.5,"Fst",0.0267891730372664,0,0.0417993427002952,0.07178327581517
"3981001","3991000",3986000.5,"Fst",0.0229896534555547,0,0.0369979411955744,0.0640560336401486
"3982001","3992000",3987000.5,"Fst",0.0176783087804692,0,0.036242499483413,0.0587681935770467
"3983001","3993000",3988000.5,"Fst",0.0120343496759564,0,0.0353654129049591,0.0592527319144782
"3984001","3994000",3989000.5,"Fst",0.00568466732381945,0,0.0347169186879146,0.0691722731506504
"3985001","3995000",3990000.5,"Fst",0.00751615534224226,0,0.0357673850026145,0.0800556561391369
"3986001","3996000",3991000.5,"Fst",0,0,0.040007110774279,0.0953544315618629
"3987001","3997000",3992000.5,"Fst",0,0,0.0398289002068486,0.0957187137827732
"3988001","3998000",3993000.5,"Fst",0.00623379900442733,0,0.0379487426730859,0.107192144026187
"3989001","3999000",3994000.5,"Fst",0.0131341978328301,0,0.0460383869864905,0.127224974192808
"3990001","4e+06",3995000.5,"Fst",0.0128884399551067,0,0.0457611698310791,0.125044178977875
"3991001","4001000",3996000.5,"Fst",0.0141642525405803,0,0.0416652263502472,0.0896760895939055
"3992001","4002000",3997000.5,"Fst",0.0302464447918993,0,0.0385184968255738,0.0874215544163172
"3993001","4003000",3998000.5,"Fst",0.0313096236699769,0,0.0384308951521099,0.0904503766180919
"3994001","4004000",3999000.5,"Fst",0.0308111324727638,0,0.0371525061912591,0.0878389689330961
"3995001","4005000",4000000.5,"Fst",0.0191824768691533,0,0.0444787006376403,0.0909447940375776
"3996001","4006000",4001000.5,"Fst",0.0198764342453663,0,0.0416188785661947,0.0868754249591119
"3997001","4007000",4002000.5,"Fst",0.0202277467839,0,0.0423467473401264,0.088249019973866
"3998001","4008000",4003000.5,"Fst",0.00937358227185481,0,0.0393149442893248,0.0812476715134973
"3999001","4009000",4004000.5,"Fst",0.00431205205582796,0,0.039668394763578,0.081054658654473
"4000001","4010000",4005000.5,"Fst",0.00463255374863714,0,0.0400059188043682,0.0769586345611843
"4001001","4011000",4006000.5,"Fst",0.00941474632749806,0,0.038039598948442,0.0583763929218475
"4002001","4012000",4007000.5,"Fst",0.00848033500081491,0,0.0351515332380012,0.0546925876881544
"4003001","4013000",4008000.5,"Fst",0.00532938473819233,0,0.0344737664861284,0.0545083787744709
"4004001","4014000",4009000.5,"Fst",0.00576397485811342,0,0.0311530126665506,0.0521169483158486
"4005001","4015000",4010000.5,"Fst",0.00466828889705828,0,0.034205041953645,0.0624337104872272
"4006001","4016000",4011000.5,"Fst",0.00214683275907768,0,0.0348406672450361,0.0687214841499876
"4007001","4017000",4012000.5,"Fst",0.00483666751076228,0,0.0332175830329774,0.0681212343210393
"4008001","4018000",4013000.5,"Fst",0.00812023797098416,0,0.0286409335268858,0.0662621181558445
"4009001","4019000",4014000.5,"Fst",0.0121266583883406,0,0.0261333101904633,0.0607700774520595
"4010001","4020000",4015000.5,"Fst",0.0146891007528666,0,0.0246981832590969,0.0621781622632688
"4011001","4021000",4016000.5,"Fst",0.0152888543085004,0,0.0250085503726418,0.0613089495179576
"4012001","4022000",4017000.5,"Fst",0.0115520880446254,0,0.0246297851953888,0.0580789942135156
"4013001","4023000",4018000.5,"Fst",0.0246245290028125,0,0.0218899890707229,0.0321271022588431
"4014001","4024000",4019000.5,"Fst",0.0261438865303598,0,0.0229130805947166,0.0346088187533831
"4015001","4025000",4020000.5,"Fst",0.0306175527732412,0,0.0212190856194418,0.0269437339945265
"4016001","4026000",4021000.5,"Fst",0.0302794939688142,0,0.020868938376167,0.0267758406056278
"4017001","4027000",4022000.5,"Fst",0.0281448020578453,0,0.0215728915385342,0.0284397967444836
"4018001","4028000",4023000.5,"Fst",0.028124098124098,0,0.0203171251478072,0.0275891373752994
"4019001","4029000",4024000.5,"Fst",0.0230899546647578,0,0.01669634586675,0.0282161777042325
"4020001","4030000",4025000.5,"Fst",0.0241943060090507,0,0.0150867621628798,0.023353386809269
"4021001","4031000",4026000.5,"Fst",0.0173957807410927,0,0.0166969382505876,0.0382452193475815
"4022001","4032000",4027000.5,"Fst",0.0152375775694161,0,0.0189193122231717,0.0391213724547058
"4023001","4033000",4028000.5,"Fst",0.00425292293008828,0,0.0192050074743336,0.0426412317445941
"4024001","4034000",4029000.5,"Fst",0.000376848218837988,0,0.0221557912333547,0.0451544828041018
"4025001","4035000",4030000.5,"Fst",0,0,0.0236539378947961,0.0496237383644209
"4026001","4036000",4031000.5,"Fst",0,0,0.0225972316975197,0.0510711100595165
"4027001","4037000",4032000.5,"Fst",0.00901457903976788,0,0.0266160894916689,0.0564956229267827
"4028001","4038000",4033000.5,"Fst",0.0100946199455011,0,0.025160308613991,0.0494824233562767
"4029001","4039000",4034000.5,"Fst",0.0122264945527785,0,0.027871970971327,0.0561677706889712
"4030001","4040000",4035000.5,"Fst",0.00870458453361911,0,0.0274200264633839,0.0561207323107373
"4031001","4041000",4036000.5,"Fst",0.0118297693036974,0,0.0315235242432649,0.0627474092628063
"4032001","4042000",4037000.5,"Fst",0.0118297693036974,0,0.031462569159107,0.0627474092628063
"4033001","4043000",4038000.5,"Fst",0.0164073864330367,0,0.0259302084590164,0.0559537824286026
"4034001","4044000",4039000.5,"Fst",0.0164495802996905,0,0.0259323195552064,0.0559537824286026
"4035001","4045000",4040000.5,"Fst",0.0164495802996905,0,0.0259323195552064,0.0559537824286026
"4036001","4046000",4041000.5,"Fst",0.014028416460323,0,0.024127060048014,0.0545801030793884
"4037001","4047000",4042000.5,"Fst",0.00725348240469215,0,0.0237412946536692,0.0434454213118222
"4038001","4048000",4043000.5,"Fst",0.00550426661291403,0,0.0208442401443424,0.0486429279532729
"4039001","4049000",4044000.5,"Fst",0,0,0.0199483331321857,0.039478110402096
"4040001","4050000",4045000.5,"Fst",0,0,0.0190165203215529,0.038277202153186
"4041001","4051000",4046000.5,"Fst",0.00293133512418109,0,0.0184471825760185,0.0354527938342968
"4042001","4052000",4047000.5,"Fst",0.00140123560326499,0,0.0174033756617216,0.0319659412788119
"4043001","4053000",4048000.5,"Fst",0.00217853658872891,0,0.0171215078473334,0.0322340253028303
"4044001","4054000",4049000.5,"Fst",0.00217680326796033,0,0.0171044590621925,0.0322669881738363
"4045001","4055000",4050000.5,"Fst",0.00215282319598864,0,0.0168906475565486,0.0318543760984782
"4046001","4056000",4051000.5,"Fst",0.000869136571191365,0,0.017958883450308,0.0300105082917193
"4047001","4057000",4052000.5,"Fst",0,0,0.0192614172124232,0.032925828966987
"4048001","4058000",4053000.5,"Fst",0,0,0.0223761371382759,0.0393262457695699
"4049001","4059000",4054000.5,"Fst",0.0130926489778165,0,0.0168012206236331,0.0303723611306661
"4050001","4060000",4055000.5,"Fst",0.0190514297908664,0,0.0201263903113384,0.0367265713010395
"4051001","4061000",4056000.5,"Fst",0.00310899134428555,0,0.0201096635974672,0.0391556240467017
"4052001","4062000",4057000.5,"Fst",0.0176767676767677,0,0.0174787656244204,0.0187403128082287
"4053001","4063000",4058000.5,"Fst",0.0110192837465565,0,0.0105423987776929,0.01142771220209
"4054001","4064000",4059000.5,"Fst",0.00894854586129745,0,0.00847665847665846,0.00932000735790051
"4055001","4065000",4060000.5,"Fst",0.00938967136150226,0,0.00889316851467228,0.00985988583290087
"4056001","4066000",4061000.5,"Fst",0.00808080808080813,0,0.00765152884473947,0.00853309380789313
"4057001","4067000",4062000.5,"Fst",0.00770712909441218,0,0.00736394277508172,0.00825010855405994
"4058001","4068000",4063000.5,"Fst",0,0,0.0123827510963525,0.0269503546099289
"4059001","4069000",4064000.5,"Fst",0,0,0.0125433195790463,0.0295796574987027
"4060001","4070000",4065000.5,"Fst",0,0,0.0119590806633562,0.0284686844471082
"4061001","4071000",4066000.5,"Fst",0,0,0.0118748289141858,0.0284686844471082
"4062001","4072000",4067000.5,"Fst",0,0,0.0123585937646476,0.0279100838371354
"4063001","4073000",4068000.5,"Fst",0,0,0.0133893234310405,0.0302359241568968
"4064001","4074000",4069000.5,"Fst",0,0,0.0271698628257998,0.063934960717704
"4065001","4075000",4070000.5,"Fst",0,0,0.0267335928806488,0.0603309258300022
"4066001","4076000",4071000.5,"Fst",0,0,0.0291954886889514,0.0598967599944193
"4067001","4077000",4072000.5,"Fst",0,0,0.0283487582845922,0.0578334146885394
"4068001","4078000",4073000.5,"Fst",0.00139418542666181,0,0.0258525579697608,0.0490270106593791
"4069001","4079000",4074000.5,"Fst",0.00130170945079344,0,0.0240695836113762,0.045874006312836
"4070001","4080000",4075000.5,"Fst",0.00160577442843968,0,0.021281835389285,0.0396316102198455
"4071001","4081000",4076000.5,"Fst",0,0,0.0334612750517037,0.0646474774626442
"4072001","4082000",4077000.5,"Fst",0,0,0.03476619950694,0.067558793617596
"4073001","4083000",4078000.5,"Fst",0,0,0.0353954054009029,0.0685961647288067
"4074001","4084000",4079000.5,"Fst",0,0,0.0430712928741574,0.0865006334798565
"4075001","4085000",4080000.5,"Fst",0,0,0.0450637631623464,0.0909498852124934
"4076001","4086000",4081000.5,"Fst",0,0,0.0441923013435057,0.0902885459586308
"4077001","4087000",4082000.5,"Fst",0,0,0.0456902457141486,0.0933452034156337
"4078001","4088000",4083000.5,"Fst",0,0,0.0456902457141486,0.0933452034156337
"4079001","4089000",4084000.5,"Fst",0,0,0.0480175302439255,0.0977942485171507
"4080001","4090000",4085000.5,"Fst",0,0,0.0577689475796895,0.113661519884617
"4081001","4091000",4086000.5,"Fst",2.22044604925031e-16,0,2.22044604925031e-16,2.22044604925031e-16
"4082001","4092000",4087000.5,"Fst",0.0193325661680093,0,0.0238095238095238,0.02539823994653
"4083001","4093000",4088000.5,"Fst",0.0152727272727273,0,0.0188679245283017,0.0202973381999467
"4084001","4094000",4089000.5,"Fst",0.0140116763969975,0,0.0176991150442476,0.0188025729836714
"4085001","4095000",4090000.5,"Fst",0.013166144200627,0,0.0165310332866835,0.0177046125174718
"4086001","4096000",4091000.5,"Fst",0.0112722315176303,0,0.0144424610293048,0.0193509411165019
"4087001","4097000",4092000.5,"Fst",0.0112722315176303,0,0.0145276782740305,0.0193509411165019
"4088001","4098000",4093000.5,"Fst",0.0117274589618751,0,0.0137941136564984,0.0182370820668692
"4089001","4099000",4094000.5,"Fst",0.0106775185911876,0,0.0125200997218692,0.0167961274344253
"4090001","4100000",4095000.5,"Fst",0.0101655827683225,0,0.0119786568844793,0.0161577948003377
"4091001","4101000",4096000.5,"Fst",0.00771050628484427,0,0.0105394624945787,0.0160230363141897
"4092001","4102000",4097000.5,"Fst",0.00314043865445723,0,0.0203301789330838,0.0283066365823187
"4093001","4103000",4098000.5,"Fst",0.00322242133643313,0,0.0210813623270498,0.0291562828620405
"4094001","4104000",4099000.5,"Fst",0.00542832371164537,0,0.0266505078034462,0.0578358694238522
"4095001","4105000",4100000.5,"Fst",0.00774477674846696,0,0.0225827914441839,0.0488306292276834
"4096001","4106000",4101000.5,"Fst",0.00826987270681656,0,0.0245924705163727,0.0539527190765068
"4097001","4107000",4102000.5,"Fst",0.00839611063910128,0,0.0249742502697535,0.0547313512219284
"4098001","4108000",4103000.5,"Fst",0.00858600442776014,0,0.0240042272427406,0.0499855851940694
"4099001","4109000",4104000.5,"Fst",0.0108236921434639,0,0.0234482042740009,0.0438219352186551
"4100001","4110000",4105000.5,"Fst",0.00463796718884912,0,0.0250930175031797,0.0564308465562082
"4101001","4111000",4106000.5,"Fst",0.0042542737821708,0,0.0287462780950177,0.062046138126556
"4102001","4112000",4107000.5,"Fst",0.00488499452354885,0,0.0308646622555253,0.0674774605559729
"4103001","4113000",4108000.5,"Fst",0.00514825676115982,0,0.0303889883317788,0.0665146862690363
"4104001","4114000",4109000.5,"Fst",0.00613664737260244,0,0.0344279229838074,0.0835245551281186
"4105001","4115000",4110000.5,"Fst",0.00392411701666773,0,0.0306537397742744,0.0733614827627139
"4106001","4116000",4111000.5,"Fst",0.00427853521378696,0,0.030298841311189,0.0722865416452114
"4107001","4117000",4112000.5,"Fst",0.0041241001767317,0,0.0292191501087508,0.0695297438355434
"4108001","4118000",4113000.5,"Fst",0.00340595099449659,0,0.0286456419984006,0.0647411734075911
"4109001","4119000",4114000.5,"Fst",0.00370452693191081,0,0.0299753012687767,0.0605591652628916
"4110001","4120000",4115000.5,"Fst",0.00975156975156988,0,0.0220116667208879,0.0377450747685735
"4111001","4121000",4116000.5,"Fst",0.0144243324778242,0,0.017352892838423,0.0345034408737926
"4112001","4122000",4117000.5,"Fst",0.0129604083321837,0,0.0171775877208174,0.0367087690487117
"4113001","4123000",4118000.5,"Fst",0.0130099711457687,0,0.0186637744591315,0.0382758999523932
"4114001","4124000",4119000.5,"Fst",0.0153731120083745,0,0.0201531192867763,0.03964300539643
"4115001","4125000",4120000.5,"Fst",0.0238446238446238,0,0.0197133880209753,0.0247944591160496
"4116001","4126000",4121000.5,"Fst",0.0394414678720348,0,0.0308615586900606,0.057849018622728
"4117001","4127000",4122000.5,"Fst",0.0358361357003844,0,0.0304270669412927,0.063439756356652
"4118001","4128000",4123000.5,"Fst",0.0362007775463249,0,0.0307483402536414,0.0639558274286935
"4119001","4129000",4124000.5,"Fst",0.0326227057319588,0,0.0298556002118468,0.0686929350196867
"4120001","4130000",4125000.5,"Fst",0.0316649872569631,0,0.0291007782379421,0.0685338293319948
"4121001","4131000",4126000.5,"Fst",0.0309677329860816,0,0.0290004523183379,0.0710765675290704
"4122001","4132000",4127000.5,"Fst",0.0311854010602807,0,0.0295409950930286,0.0720361595805233
"4123001","4133000",4128000.5,"Fst",0.0298840333618402,0,0.0267805015562518,0.0704880517604174
"4124001","4134000",4129000.5,"Fst",0.0236762785046729,0,0.0278649937912893,0.0718533662449838
"4125001","4135000",4130000.5,"Fst",0.0232569513189738,0,0.0290574710772559,0.0756351114023402
"4126001","4136000",4131000.5,"Fst",0.000374476472037477,0,0.0300179419653238,0.0696082656625686
"4127001","4137000",4132000.5,"Fst",0.00165837479270314,0,0.0322635711647152,0.0629912991299129
"4128001","4138000",4133000.5,"Fst",0.00165394402035624,0,0.0322615025147289,0.0628357650579873
"4129001","4139000",4134000.5,"Fst",0,0,0.0314424478228526,0.0607987401681468
"4130001","4140000",4135000.5,"Fst",0.00032213747690546,0,0.0353951480270275,0.068086970162444
"4131001","4141000",4136000.5,"Fst",0,0,0.0319293559936741,0.0701137256241248
"4132001","4142000",4137000.5,"Fst",0.00247601644586559,0,0.0310316887429485,0.0640706979052311
"4133001","4143000",4138000.5,"Fst",0,0,0.0320588534601999,0.0674310491939669
"4134001","4144000",4139000.5,"Fst",0.0105551869055518,0,0.0167186477133703,0.0277024469529981
"4135001","4145000",4140000.5,"Fst",0.0131177298658961,0,0.0132289743420668,0.0272413347367645
"4136001","4146000",4141000.5,"Fst",0.00661974403281784,0,0.0216226335638606,0.0574406832848975
"4137001","4147000",4142000.5,"Fst",0.00730359529813818,0,0.0207889585394606,0.0553684998129442
"4138001","4148000",4143000.5,"Fst",0.00564924428560787,0,0.0344581010368133,0.0809662526107507
"4139001","4149000",4144000.5,"Fst",0.00391321007759382,0,0.0317384534716023,0.0773806417949388
"4140001","4150000",4145000.5,"Fst",0.0040245314154822,0,0.0326480446782714,0.0797097554420855
"4141001","4151000",4146000.5,"Fst",0.00306529828094748,0,0.0330837863380642,0.0763254434896224
"4142001","4152000",4147000.5,"Fst",0.00183280867436164,0,0.0334160126731947,0.0797877402528564
"4143001","4153000",4148000.5,"Fst",0.00345771502665326,0,0.0352736539965068,0.0854733833511968
"4144001","4154000",4149000.5,"Fst",0.00350211586166627,0,0.036289270593139,0.0854891436614901
"4145001","4155000",4150000.5,"Fst",0.00321562734785863,0,0.0354635481698515,0.0892225208295446
"4146001","4156000",4151000.5,"Fst",0.00373040752351095,0,0.0314182972319384,0.0790255789269109
"4147001","4157000",4152000.5,"Fst",0.0117960088691795,0,0.0298421521352903,0.0798727328792083
"4148001","4158000",4153000.5,"Fst",0.0120716331153568,0,0.0264878000079269,0.0567383281200867
"4149001","4159000",4154000.5,"Fst",0.0151713599650732,0,0.0282948212212398,0.0598706813356495
"4150001","4160000",4155000.5,"Fst",0.0149317864432269,0,0.0277852877625926,0.0588216331019835
"4151001","4161000",4156000.5,"Fst",0.0192364097747458,0,0.0256191204525064,0.0443557319181825
"4152001","4162000",4157000.5,"Fst",0.0215768185133611,0,0.0192347857510901,0.0469524876019837
"4153001","4163000",4158000.5,"Fst",0.0204549776141332,0,0.0194071646351993,0.0478690735363684
"4154001","4164000",4159000.5,"Fst",0.0191712047621384,0,0.0178951063331544,0.0489327403477883
"4155001","4165000",4160000.5,"Fst",0.025854436534796,0,0.0183085480292386,0.0462100327513489
"4156001","4166000",4161000.5,"Fst",0.0299683222760146,0,0.0203274520321419,0.0523158507404773
"4157001","4167000",4162000.5,"Fst",0.020765853307421,0,0.0209960121343619,0.0541060694862812
"4158001","4168000",4163000.5,"Fst",0.0238016181970842,0,0.0224182097297022,0.0549610955702668
"4159001","4169000",4164000.5,"Fst",0.0199633219806132,0,0.0202478474147055,0.0496301102264474
"4160001","4170000",4165000.5,"Fst",0.016008137916265,0,0.0237320557824389,0.0597131342895524
"4161001","4171000",4166000.5,"Fst",0.0149267612183213,0,0.0215650277501104,0.04109716720482
"4162001","4172000",4167000.5,"Fst",0.0154355327089643,0,0.0210653131360794,0.0391916073120242
"4163001","4173000",4168000.5,"Fst",0.0162855549358615,0,0.0212357075247708,0.0345765345765345
"4164001","4174000",4169000.5,"Fst",0.0177523712014561,0,0.0207146314602495,0.0389146495684777
"4165001","4175000",4170000.5,"Fst",0.00162102120864993,0,0.0239496540016397,0.0484905991046092
"4166001","4176000",4171000.5,"Fst",0.00157064541082297,0,0.0232087436422246,0.0469325584343935
"4167001","4177000",4172000.5,"Fst",0.00471956335131107,0,0.0217380385806144,0.0471291866028708
"4168001","4178000",4173000.5,"Fst",0.00502006994332171,0,0.0231856817035986,0.0500079327304457
"4169001","4179000",4174000.5,"Fst",0.0103423311614438,0,0.0287918791777,0.0588396528095021
"4170001","4180000",4175000.5,"Fst",0.0240812379110251,0,0.0134511150208543,0.0232416766805682
"4171001","4181000",4176000.5,"Fst",0.0250125565042693,0,0.0140267579422075,0.024139905731025
"4172001","4182000",4177000.5,"Fst",0.0257174923841591,0,0.0130608048683537,0.0245705803350534
"4173001","4183000",4178000.5,"Fst",0.0258542875564153,0,0.0130608048683537,0.0245705803350534
"4174001","4184000",4179000.5,"Fst",0.0238363011558886,0,0.013052016248376,0.0251674641148324
"4175001","4185000",4180000.5,"Fst",0.0238363011558886,0,0.013052016248376,0.0251674641148324
"4176001","4186000",4181000.5,"Fst",0.0229517396184061,0,0.0122825105358217,0.0238690219732872
"4177001","4187000",4182000.5,"Fst",0.0201451131028595,0,0.0123140236034865,0.0214562688496337
"4178001","4188000",4183000.5,"Fst",0.0200509770603228,0,0.0123543501879322,0.0214562688496337
"4179001","4189000",4184000.5,"Fst",0.0189309181317704,0,0.0158301913881409,0.0298763636363636
"4180001","4190000",4185000.5,"Fst",0.0196378196378196,0,0.0282398710849861,0.0786199591826191
"4181001","4191000",4186000.5,"Fst",0.0191771083266684,0,0.0276029304292314,0.0770114506231416
"4182001","4192000",4187000.5,"Fst",0.0186929536327126,0,0.0288100397515938,0.0778604458911364
"4183001","4193000",4188000.5,"Fst",0.0186929536327126,0,0.0288916562889167,0.0778604458911364
"4184001","4194000",4189000.5,"Fst",0.0154788301129765,0,0.0341402327705899,0.0838058952094042
"4185001","4195000",4190000.5,"Fst",0.0151102865388579,0,0.0333315192784006,0.0815795526421713
"4186001","4196000",4191000.5,"Fst",0.0155647382920109,0,0.038128665636922,0.0908491473822032
"4187001","4197000",4192000.5,"Fst",0.015602304032056,0,0.0405850531505799,0.0982246884129372
"4188001","4198000",4193000.5,"Fst",0.0156670438828114,0,0.0405723409530507,0.0986184872782812
"4189001","4199000",4194000.5,"Fst",0.0174009420892213,0,0.0411582063686908,0.103044779000193
"4190001","4200000",4195000.5,"Fst",0,0,2.22044604925031e-16,2.22044604925031e-16
"4191001","4201000",4196000.5,"Fst",0,0,1.11022302462516e-16,1.11022302462516e-16
"4192001","4202000",4197000.5,"Fst",0.0603078843353443,0,0.0593570843570843,0.118421892050701
"4193001","4203000",4198000.5,"Fst",0.0620471935363047,0,0.0612896405919662,0.121726375371022
"4194001","4204000",4199000.5,"Fst",0.0603078843353443,0,0.0595919625880055,0.117964412335273
"4195001","4205000",4200000.5,"Fst",0.0620471935363047,0,0.0612896405919662,0.121243060210729
"4196001","4206000",4201000.5,"Fst",0.0620471935363047,0,0.0612896405919662,0.121243060210729
"4197001","4207000",4202000.5,"Fst",0.0613272311212815,0,0.058527550547924,0.118947755702723
"4198001","4208000",4203000.5,"Fst",0.059654980523094,0,0.0569483380056068,0.115815869604155
"4199001","4209000",4204000.5,"Fst",0.059654980523094,0,0.0569483380056068,0.115815869604155
"4200001","4210000",4205000.5,"Fst",0.0565699208443272,0,0.0536401357978121,0.10924142591654
"4201001","4211000",4206000.5,"Fst",0.0578521316783595,0,0.055090949614121,0.112844677137871
"4202001","4212000",4207000.5,"Fst",0.0035353535353535,0,0.00462006079027344,0.00478408661714713
"4203001","4213000",4208000.5,"Fst",0.0261682242990655,0,0.0257034632034632,0.0336879432624112
"4204001","4214000",4209000.5,"Fst",0.0280000000000001,0,0.0276817056705669,0.0363004776378636
"4205001","4215000",4210000.5,"Fst",0.0294515401953419,0,0.0219719776270514,0.0353952923846177
"4206001","4216000",4211000.5,"Fst",0.0263973063973064,0,0.0196938903976548,0.0316183556972349
"4207001","4217000",4212000.5,"Fst",0.0220376438314409,0,0.0164463683908552,0.0267899167819102
"4208001","4218000",4213000.5,"Fst",0.0370349650349651,0,0.0226644729413303,0.052097487328804
"4209001","4219000",4214000.5,"Fst",0.0370349650349651,0,0.0226644729413303,0.052097487328804
"4210001","4220000",4215000.5,"Fst",0.0562770562770564,0,0.0329488720355594,0.0732124024467412
"4211001","4221000",4216000.5,"Fst",0.0562770562770564,0,0.0328883368482184,0.073411117769396
"4212001","4222000",4217000.5,"Fst",0.0551948051948052,0,0.0323020628176286,0.0720423412204233
"4213001","4223000",4218000.5,"Fst",0.0525366984290496,0,0.0335995021596828,0.0787159570387418
"4214001","4224000",4219000.5,"Fst",0.0525366984290496,0,0.0335995021596828,0.0787159570387418
"4215001","4225000",4220000.5,"Fst",0.0535596933187293,0,0.0337278001009283,0.0813307370216232
"4216001","4226000",4221000.5,"Fst",0.0533988533988535,0,0.0338212683835195,0.0813307370216232
"4217001","4227000",4222000.5,"Fst",0.0629058862340355,0,0.0391916345002167,0.0921255235279625
"4218001","4228000",4223000.5,"Fst",0.0578785873292821,0,0.0391174010624476,0.0770773524720894
"4219001","4229000",4224000.5,"Fst",0.0560606060606061,0,0.0378884021377963,0.0746702203681171
"4220001","4230000",4225000.5,"Fst",0.0117647058823529,0,0.0123123447456528,0.0129017655047532
"4221001","4231000",4226000.5,"Fst",0.0198019801980198,0,0.0181818181818182,0.0211836848462323
"4222001","4232000",4227000.5,"Fst",0.0300063572790845,0,0.0170786675351398,0.0255167958656329
"4223001","4233000",4228000.5,"Fst",0.0153821399839098,0,0.0220463708767263,0.0397759983252209
"4224001","4234000",4229000.5,"Fst",0.0147428483306344,0,0.0211321633591564,0.0381612312018277
"4225001","4235000",4230000.5,"Fst",0.00765487775931628,0,0.0300309919303639,0.0480192351728875
"4226001","4236000",4231000.5,"Fst",0.00824982104509664,0,0.0338953959288695,0.0573321365987093
"4227001","4237000",4232000.5,"Fst",0.00870678617157494,0,0.0324584011835483,0.0555063813661403
"4228001","4238000",4233000.5,"Fst",0.0260433030530701,0,0.0263231131541858,0.0472688663432441
"4229001","4239000",4234000.5,"Fst",0.0259749991484722,0,0.0263916767115725,0.047112462006079
"4230001","4240000",4235000.5,"Fst",0.0260433030530701,0,0.0263231131541858,0.047112462006079
"4231001","4241000",4236000.5,"Fst",0.0249908872202376,0,0.0283316634976642,0.0477496271404029
"4232001","4242000",4237000.5,"Fst",0.0163410190362506,0,0.0337687037112974,0.0659863136981882
"4233001","4243000",4238000.5,"Fst",0.0203871600098015,0,0.0325103223165944,0.0647221830820535
"4234001","4244000",4239000.5,"Fst",0.0207792207792208,0,0.0332212947433008,0.0658857279464499
"4235001","4245000",4240000.5,"Fst",0.0255560401221108,0,0.0303639479242699,0.0674987784835428
"4236001","4246000",4241000.5,"Fst",0.157492596649223,0,0.0350415451508793,0.0654197369237248
"4237001","4247000",4242000.5,"Fst",0.14801694114015,0,0.0326651683491563,0.0669816862915379
"4238001","4248000",4243000.5,"Fst",0.162216762216762,0,0.0398878328798772,0.0837757375657676
"4239001","4249000",4244000.5,"Fst",0.151427043015828,0,0.0354783140535476,0.0734056984775788
"4240001","4250000",4245000.5,"Fst",0.151061024610748,0,0.0354756722060811,0.0731651992834403
"4241001","4251000",4246000.5,"Fst",0.148195368317319,0,0.0347524120590596,0.0716778895975788
"4242001","4252000",4247000.5,"Fst",0.170870211549457,0,0.0342740808564897,0.0734437021976957
"4243001","4253000",4248000.5,"Fst",0.156646408955162,0,0.0311411071754298,0.0657164126817307
"4244001","4254000",4249000.5,"Fst",0.150354357911361,0,0.0305497209385095,0.0643402691767814
"4245001","4255000",4250000.5,"Fst",0.149114763874912,0,0.03019871519529,0.0680681089276343
"4246001","4256000",4251000.5,"Fst",0.0331275014293883,0,0.0224093100055644,0.0368352108986114
"4247001","4257000",4252000.5,"Fst",0.0385013774104682,0,0.0247126704180755,0.0384408125123118
"4248001","4258000",4253000.5,"Fst",0.0396549767336285,0,0.025438137992436,0.0396513795361804
"4249001","4259000",4254000.5,"Fst",0.032099758648431,0,0.0177288158379797,0.031341476128991
"4250001","4260000",4255000.5,"Fst",0.0524883875248838,0,0.0200535677536746,0.0318725099601594
"4251001","4261000",4256000.5,"Fst",0.0519146448406896,0,0.0187137797520971,0.0299632135670582
"4252001","4262000",4257000.5,"Fst",0.0398858592263791,0,0.0265386299683246,0.0512000838486532
"4253001","4263000",4258000.5,"Fst",0.0394675956014245,0,0.0241152784023023,0.0473190916881199
"4254001","4264000",4259000.5,"Fst",0.0381280505311513,0,0.0240049028932915,0.0471661004827464
"4255001","4265000",4260000.5,"Fst",0.0341762930585908,0,0.0260890245036106,0.0507953195702006
"4256001","4266000",4261000.5,"Fst",0.0347876470247408,0,0.0325084513961053,0.0633085118974169
"4257001","4267000",4262000.5,"Fst",0.0343281875357347,0,0.0320984516244996,0.0624802729846134
"4258001","4268000",4263000.5,"Fst",0.042750094341318,0,0.033720346394181,0.0653789113548595
"4259001","4269000",4264000.5,"Fst",0.0436561823319997,0,0.0344138044681145,0.0666671657657927
"4260001","4270000",4265000.5,"Fst",0.0694553291536051,0,0.0306806913232828,0.0671409846263219
"4261001","4271000",4266000.5,"Fst",0.068442745554263,0,0.0313183651764903,0.0662379785882781
"4262001","4272000",4267000.5,"Fst",0.0840473872119442,0,0.0259348652288959,0.0540790180283851
"4263001","4273000",4268000.5,"Fst",0.0942973716671411,0,0.0294712469236902,0.0617841133225749
"4264001","4274000",4269000.5,"Fst",0.0928177827589428,0,0.0287504131045758,0.0618762369705765
"4265001","4275000",4270000.5,"Fst",0.0694443381180223,0,0.0336031557511711,0.0718709310085731
"4266001","4276000",4271000.5,"Fst",0.0741498316498317,0,0.0322664610489735,0.060966903891019
"4267001","4277000",4272000.5,"Fst",0.0759969804809665,0,0.0330118352774411,0.062557344862089
"4268001","4278000",4273000.5,"Fst",0.0793866625084465,0,0.034131876317128,0.0627017841971113
"4269001","4279000",4274000.5,"Fst",0.0754031023825746,0,0.0322844575903775,0.0592559550361317
"4270001","4280000",4275000.5,"Fst",0,0,0.0385635424993763,0.101521223431754
"4271001","4281000",4276000.5,"Fst",0,0,0.0405881085071253,0.1058297318138
"4272001","4282000",4277000.5,"Fst",0,0,0.0393290706585619,0.102168247921
"4273001","4283000",4278000.5,"Fst",0,0,0.0393290706585619,0.102168247921
"4274001","4284000",4279000.5,"Fst",0.0179037290020944,0,0.0416815178289434,0.0956984720282594
"4275001","4285000",4280000.5,"Fst",0.0276827249073562,0,0.0395836163133826,0.0877361176180732
"4276001","4286000",4281000.5,"Fst",0.0245362209351129,0,0.0439997589054307,0.0955365417240471
"4277001","4287000",4282000.5,"Fst",0.0189269746646796,0,0.0395046521165792,0.0893578080422027
"4278001","4288000",4283000.5,"Fst",0.0149829883303126,0,0.0381819271964094,0.0841963175944958
"4279001","4289000",4284000.5,"Fst",0.0158359939505964,0,0.0404458538634866,0.088743683007693
"4280001","4290000",4285000.5,"Fst",0.0349817268158977,0,0.0348701218793553,0.0565486779640341
"4281001","4291000",4286000.5,"Fst",0.0208866348749779,0,0.0380278397164936,0.0810642658468745
"4282001","4292000",4287000.5,"Fst",0.0223871918651035,0,0.0406360555862203,0.0866825813016084
"4283001","4293000",4288000.5,"Fst",0.0219081646155882,0,0.0396285376950662,0.0848919208952936
"4284001","4294000",4289000.5,"Fst",0,0,0.0414088495305484,0.0760667992691983
"4285001","4295000",4290000.5,"Fst",0,0,0.0470013303693232,0.0929286908453276
"4286001","4296000",4291000.5,"Fst",0,0,0.0608386745793827,0.115299741540448
"4287001","4297000",4292000.5,"Fst",0,0,0.0647528850901153,0.121782580832791
"4288001","4298000",4293000.5,"Fst",0.00080828187322346,0,0.0715573408735591,0.129716450847316
"4289001","4299000",4294000.5,"Fst",0.0114860564496226,0,0.065484460643179,0.123649155348494
"4290001","4300000",4295000.5,"Fst",0.0113330385692406,0,0.0647206814914773,0.122481276667516
"4291001","4301000",4296000.5,"Fst",0.0152752329496515,0,0.0615522081950877,0.121569232577962
"4292001","4302000",4297000.5,"Fst",0.0124963527989663,0,0.0590819149655405,0.119498000084865
"4293001","4303000",4298000.5,"Fst",0.012617845117845,0,0.0597451397211216,0.120560991931432
"4294001","4304000",4299000.5,"Fst",0.012617845117845,0,0.0597451397211216,0.120560991931432
"4295001","4305000",4300000.5,"Fst",0.0151912199872646,0,0.058797291039767,0.117609474832476
"4296001","4306000",4301000.5,"Fst",0.0247757155429457,0,0.0453645653343404,0.0959093464152486
"4297001","4307000",4302000.5,"Fst",0.0173875197214515,0,0.0371295007725645,0.0823310023310024
"4298001","4308000",4303000.5,"Fst",0.0193492013561218,0,0.030640565222033,0.0706508563899869
"4299001","4309000",4304000.5,"Fst",0.00706443315138983,0,0.0253800946575736,0.0543487506645401
"4300001","4310000",4305000.5,"Fst",0.00762300762300749,0,0.0253067794439893,0.0548697501329082
"4301001","4311000",4306000.5,"Fst",0.00762300762300749,0,0.0253067794439893,0.0548697501329082
"4302001","4312000",4307000.5,"Fst",0.0115613652868555,0,0.0261500505559758,0.046650481071846
"4303001","4313000",4308000.5,"Fst",0.0112859775981851,0,0.0255309776912275,0.0457011980267794
"4304001","4314000",4309000.5,"Fst",0.0110234039606701,0,0.0250282811892955,0.0446625344352618
"4305001","4315000",4310000.5,"Fst",0.00944776325387897,0,0.0270789855601756,0.0486536200553723
"4306001","4316000",4311000.5,"Fst",0.00980500480838087,0,0.0279872766190059,0.0501926951894672
"4307001","4317000",4312000.5,"Fst",0.0149420001022024,0,0.0239662761770757,0.0422761820155958
"4308001","4318000",4313000.5,"Fst",0.00992518434791967,0,0.021398215105778,0.0438246741107087
"4309001","4319000",4314000.5,"Fst",0.00853530880103071,0,0.0280544886688683,0.0592266527678151
"4310001","4320000",4315000.5,"Fst",0.00666769563204206,0,0.026376147548385,0.0553356327408321
"4311001","4321000",4316000.5,"Fst",0.00982116681325129,0,0.0318368838740924,0.074937224659762
"4312001","4322000",4317000.5,"Fst",0.00780692959001783,0,0.0329220461624508,0.0755373473286995
"4313001","4323000",4318000.5,"Fst",0.007290935102094,0,0.0307272241002977,0.0702972311448424
"4314001","4324000",4319000.5,"Fst",0.00731290520356398,0,0.0307272241002977,0.0702972311448424
"4315001","4325000",4320000.5,"Fst",0.00878034437767605,0,0.0434515986993631,0.0987670415171497
"4316001","4326000",4321000.5,"Fst",0.0118210169943798,0,0.0391844806486968,0.0899164410633394
"4317001","4327000",4322000.5,"Fst",0.0121486356780475,0,0.0402620439405553,0.0922207598946476
"4318001","4328000",4323000.5,"Fst",0.0173236268939394,0,0.0347459947089756,0.0812251136226521
"4319001","4329000",4324000.5,"Fst",0.0157124835601363,0,0.0315457711937867,0.0738918058579243
"4320001","4330000",4325000.5,"Fst",0.0164253647586983,0,0.0331714119008249,0.0770727983970995
"4321001","4331000",4326000.5,"Fst",0.0212680308621267,0,0.0168957533476278,0.0310838283303866
"4322001","4332000",4327000.5,"Fst",0.0158067523203501,0,0.0207971680807324,0.0441201946548657
"4323001","4333000",4328000.5,"Fst",0.0450971716415371,0,0.0233590893165429,0.0411345233240697
"4324001","4334000",4329000.5,"Fst",0.0431795401391124,0,0.0218399110654986,0.0368771144665304
"4325001","4335000",4330000.5,"Fst",0.0435398958854152,0,0.0214290981799322,0.0361698261764883
"4326001","4336000",4331000.5,"Fst",0.0436475601032563,0,0.0219864925918587,0.0387516642701176
"4327001","4337000",4332000.5,"Fst",0.0420368428935151,0,0.0212017596921326,0.0372838974800422
"4328001","4338000",4333000.5,"Fst",0.0398113628397541,0,0.0219254686926283,0.0390871144359517
"4329001","4339000",4334000.5,"Fst",0.042088156280057,0,0.0231527343992635,0.0412654653039268
"4330001","4340000",4335000.5,"Fst",0.0417496229260935,0,0.0202230287639715,0.0393128363931283
"4331001","4341000",4336000.5,"Fst",0.0388809353376283,0,0.0159038673786315,0.0314442571218606
"4332001","4342000",4337000.5,"Fst",0.0502574426973051,0,0.0188088562565149,0.0363306085376929
"4333001","4343000",4338000.5,"Fst",0.0244218500797446,0,0.0172691474396174,0.0263551391705771
"4334001","4344000",4339000.5,"Fst",0.0217847995625773,0,0.0174124767442994,0.0273966430100259
"4335001","4345000",4340000.5,"Fst",0.0206908286540753,0,0.0160008115021824,0.026188294232649
"4336001","4346000",4341000.5,"Fst",0.0191828364095282,0,0.0148350153170865,0.024301953113927
"4337001","4347000",4342000.5,"Fst",0.0188089713843774,0,0.0144022283076481,0.0236816662523136
"4338001","4348000",4343000.5,"Fst",0.0304675622201397,0,0.0166576578823713,0.0341636257866623
"4339001","4349000",4344000.5,"Fst",0.0379644026320796,0,0.0312183111128315,0.0622681127914979
"4340001","4350000",4345000.5,"Fst",0.0363311034749191,0,0.0301091020276423,0.0634238017715485
"4341001","4351000",4346000.5,"Fst",0.038737816209656,0,0.0342981189780059,0.0696267978566727
"4342001","4352000",4347000.5,"Fst",0.0376814160597945,0,0.033390697374813,0.0678773808250982
"4343001","4353000",4348000.5,"Fst",0.0367557493756757,0,0.03376381700489,0.0671286375813999
"4344001","4354000",4349000.5,"Fst",0.0373779178228222,0,0.0359631841124544,0.0707474338942354
"4345001","4355000",4350000.5,"Fst",0.0368442198630878,0,0.0354202047251436,0.0698974021478216
"4346001","4356000",4351000.5,"Fst",0.0383500611207618,0,0.0368314751619071,0.0726809270121154
"4347001","4357000",4352000.5,"Fst",0.0372809172809173,0,0.0355678595774318,0.0708911669189966
"4348001","4358000",4353000.5,"Fst",0.031896138162629,0,0.0373174177043566,0.0737956481257975
"4349001","4359000",4354000.5,"Fst",0.00593816957453297,0,0.0143392994758149,0.023616697952981
"4350001","4360000",4355000.5,"Fst",0,0,0.0105968139102465,0.0122549019607843
"4351001","4361000",4356000.5,"Fst",0,0,0.0105968139102465,0.0122549019607843
"4352001","4362000",4357000.5,"Fst",0,0,0.0106739032112165,0.0121654501216545
"4353001","4363000",4358000.5,"Fst",0.00329267941066236,0,0.0117297992330854,0.0170255183413078
"4354001","4364000",4359000.5,"Fst",0.00593394762673749,0,0.0101617680565048,0.012362547986206
"4355001","4365000",4360000.5,"Fst",0.00726665365176449,0,0.0135808594018248,0.0251084612786738
"4356001","4366000",4361000.5,"Fst",0.00726665365176449,0,0.0135808594018248,0.0251084612786738
"4357001","4367000",4362000.5,"Fst",0.00830641439778501,0,0.0162380332206725,0.0262552421992228
"4358001","4368000",4363000.5,"Fst",0.00797577726903487,0,0.0155203578669168,0.0250502914702729
"4359001","4369000",4364000.5,"Fst",0.00871952204101389,0,0.0168219050334413,0.0269371965420598
"4360001","4370000",4365000.5,"Fst",0.00866565032496192,0,0.0169205483887486,0.0267289192492088
"4361001","4371000",4366000.5,"Fst",0.00942323314378568,0,0.016389780154486,0.025883140800268
"4362001","4372000",4367000.5,"Fst",0.0108854166666666,0,0.0158861163626444,0.0264114832535884
"4363001","4373000",4368000.5,"Fst",0.0430438018102209,0,0.0236682468418951,0.0575239279914309
"4364001","4374000",4369000.5,"Fst",0.0347467364370059,0,0.0207453313558514,0.0517127499343643
"4365001","4375000",4370000.5,"Fst",0.0398712039488738,0,0.0234674211150445,0.0611280738041302
"4366001","4376000",4371000.5,"Fst",0.0387022052990639,0,0.0228413781305394,0.0593282987604755
"4367001","4377000",4372000.5,"Fst",0.031030303030303,0,0.02545655727324,0.056201115771696
"4368001","4378000",4373000.5,"Fst",0.0309318834012989,0,0.025453835578555,0.0563814126600561
"4369001","4379000",4374000.5,"Fst",0.0288288288288288,0,0.0236542215807359,0.0526644873391449
"4370001","4380000",4375000.5,"Fst",0.0289143018494987,0,0.0236518709547689,0.0528227747635218
"4371001","4381000",4376000.5,"Fst",0.0301245348821244,0,0.0256210163999419,0.0557436433298502
"4372001","4382000",4377000.5,"Fst",0.0305192745725572,0,0.0274463488467925,0.0588021726700972
"4373001","4383000",4378000.5,"Fst",0.000319820900295809,0,0.0356711326709367,0.0876888285843509
"4374001","4384000",4379000.5,"Fst",7.29855292153081e-05,0,0.042576299625998,0.0979195140470768
"4375001","4385000",4380000.5,"Fst",0,0,0.0466294376810096,0.104523107177974
"4376001","4386000",4381000.5,"Fst",0.00533825843080915,0,0.0407557360073686,0.100354295837024
"4377001","4387000",4382000.5,"Fst",0.00907988980716257,0,0.0494964672952007,0.111226140407635
"4378001","4388000",4383000.5,"Fst",0.00935194643059811,0,0.0507826732654319,0.114067684140677
"4379001","4389000",4384000.5,"Fst",0.0106647874089735,0,0.0519319327968192,0.117865219357757
"4380001","4390000",4385000.5,"Fst",0.0142433801739795,0,0.0418918398221757,0.0981367283336649
"4381001","4391000",4386000.5,"Fst",0.0139356528245418,0,0.0408764142795662,0.0960764456908415
"4382001","4392000",4387000.5,"Fst",0.00806189760581322,0,0.0517101784850046,0.101759738172467
"4383001","4393000",4388000.5,"Fst",0.00960539979231556,0,0.0480541841883285,0.0859863603507338
"4384001","4394000",4389000.5,"Fst",0.00948474750064088,0,0.0474543711912936,0.0847964544172568
"4385001","4395000",4390000.5,"Fst",0.00948474750064088,0,0.0474543711912936,0.0847964544172568
"4386001","4396000",4391000.5,"Fst",0.00780234070221064,0,0.0486512665223289,0.0854459430831156
"4387001","4397000",4392000.5,"Fst",0.00775733907293574,0,0.0452684312286289,0.0808875040959988
"4388001","4398000",4393000.5,"Fst",0.00810528665125965,0,0.0443304080098576,0.0785431853027411
"4389001","4399000",4394000.5,"Fst",0.00628777552902937,0,0.0423173478235969,0.0796218718994598
"4390001","4400000",4395000.5,"Fst",0.0657450416574502,0,0.0459898563337688,0.0925845976727931
"4391001","4401000",4396000.5,"Fst",0.0635191528489294,0,0.0440921560105038,0.0894745116534998
"4392001","4402000",4397000.5,"Fst",0.112967562694339,0,0.0343779649463911,0.0751777840322732
"4393001","4403000",4398000.5,"Fst",0.112728007123645,0,0.0343779649463911,0.0751777840322732
"4394001","4404000",4399000.5,"Fst",0.113465761291848,0,0.0309449402888523,0.0709498834498835
"4395001","4405000",4400000.5,"Fst",0.113465761291848,0,0.0309449402888523,0.0709498834498835
"4396001","4406000",4401000.5,"Fst",0.116753764667392,0,0.0322096417780812,0.0747397024402056
"4397001","4407000",4402000.5,"Fst",0.125736531986532,0,0.0343931772432651,0.0817160367722166
"4398001","4408000",4403000.5,"Fst",0.122122772713503,0,0.0339394256383537,0.0783944288973243
"4399001","4409000",4404000.5,"Fst",0.135475687103594,0,0.0352515937848824,0.085028749028749
"4400001","4410000",4405000.5,"Fst",0.0374733961690483,0,0.0223092041146572,0.050974025974026
"4401001","4411000",4406000.5,"Fst",0.0466525722339676,0,0.0253606158409844,0.0487179487179487
"4402001","4412000",4407000.5,"Fst",0.0527910685805423,0,0.0289247317267181,0.0545977011494253
"4403001","4413000",4408000.5,"Fst",0.0567753001715263,0,0.03093687804934,0.0581039755351681
"4404001","4414000",4409000.5,"Fst",0.0239950525664812,0,0.0185362395888711,0.0264026402640264
"4405001","4415000",4410000.5,"Fst",0.0223953823953824,0,0.0171375876682833,0.0244648318042814
"4406001","4416000",4411000.5,"Fst",0.0234780234780234,0,0.0164079873747187,0.0254237288135593
"4407001","4417000",4412000.5,"Fst",0.0203598484848484,0,0.0142761340790096,0.0225563909774436
"4408001","4418000",4413000.5,"Fst",0.0145676953016404,0,0.0143722943722943,0.0159155637460211
"4409001","4419000",4414000.5,"Fst",0.0217415793623972,0,0.0400697223448686,0.092519646841952
"4410001","4420000",4415000.5,"Fst",0.0211136637129417,0,0.0388705874478665,0.090162151940623
"4411001","4421000",4416000.5,"Fst",0.0149340895961345,0,0.0512385499360241,0.101278996865204
"4412001","4422000",4417000.5,"Fst",0.0146846791018569,0,0.0503714560367316,0.0993603149218846
"4413001","4423000",4418000.5,"Fst",0.0141773111170939,0,0.0484956247659427,0.0961719354646664
"4414001","4424000",4419000.5,"Fst",0.0122332421716256,0,0.0519610540754064,0.103553365322267
"4415001","4425000",4420000.5,"Fst",0.0139226221904734,0,0.0486655236623561,0.0972698684962837
"4416001","4426000",4421000.5,"Fst",0.0135286702597545,0,0.0459551599148738,0.0939462966797819
"4417001","4427000",4422000.5,"Fst",0.0143164749750538,0,0.0484470711157958,0.099140442890443
"4418001","4428000",4423000.5,"Fst",0.014894709809964,0,0.0503183447803832,0.103106060606061
"4419001","4429000",4424000.5,"Fst",0.00718771939811391,0,0.0457268824631171,0.0890979229684145
"4420001","4430000",4425000.5,"Fst",0.00697374719245925,0,0.0443481292930359,0.0861349231964191
"4421001","4431000",4426000.5,"Fst",0.0133333333333333,0,0.0129334582942831,0.0141224565641549
"4422001","4432000",4427000.5,"Fst",0.0115942028985505,0,0.0112245711098209,0.0121125189258109
"4423001","4433000",4428000.5,"Fst",0.0133333333333333,0,0.0130681818181818,0.0141224565641549
"4424001","4434000",4429000.5,"Fst",0.0133333333333333,0,0.0130681818181818,0.0141224565641549
"4425001","4435000",4430000.5,"Fst",0.00483091787439616,0,0.00518276050190936,0.00539007092198573
"4426001","4436000",4431000.5,"Fst",0.00543364681295722,0,0.0584897032199665,0.123531612420501
"4427001","4437000",4432000.5,"Fst",0.0212223934257831,0,0.0443799101621922,0.114065738821439
"4428001","4438000",4433000.5,"Fst",0.0206620662066205,0,0.0433522325221491,0.111168831168831
"4429001","4439000",4434000.5,"Fst",0.0197495459325112,0,0.0413061956803515,0.105795111233178
"4430001","4440000",4435000.5,"Fst",0.0160741522937934,0,0.0316026255702256,0.0888737820077045
"4431001","4441000",4436000.5,"Fst",0.00549055858874736,0,0.0338869908109125,0.07016167616449
"4432001","4442000",4437000.5,"Fst",0.00466495834998537,0,0.0293953798129123,0.0604196874963749
"4433001","4443000",4438000.5,"Fst",0.0427960902325798,0,0.0244131799313776,0.0427641554008786
"4434001","4444000",4439000.5,"Fst",0.0427960902325798,0,0.0244131799313776,0.0427641554008786
"4435001","4445000",4440000.5,"Fst",0.0427960902325798,0,0.0244131799313776,0.0427641554008786
"4436001","4446000",4441000.5,"Fst",0.0513107370482158,0,0.02141207560108,0.0456220922404894
"4437001","4447000",4442000.5,"Fst",0.0482449261562016,0,0.0203476223218979,0.0433196714565535
"4438001","4448000",4443000.5,"Fst",0.0412954080684141,0,0.0206198012173366,0.043306796939631
"4439001","4449000",4444000.5,"Fst",0.033995849606228,0,0.0300234273628597,0.0635209849775437
"4440001","4450000",4445000.5,"Fst",0.0349997805381205,0,0.0310011044107483,0.0658662444659454
"4441001","4451000",4446000.5,"Fst",0.039322092429437,0,0.0304883549211167,0.061067087873921
"4442001","4452000",4447000.5,"Fst",0.0437895385983835,0,0.0327812698229489,0.06402680227502
"4443001","4453000",4448000.5,"Fst",0.0242153724623421,0,0.0375418577641677,0.0766897633533308
"4444001","4454000",4449000.5,"Fst",0.0242153724623421,0,0.0375418577641677,0.0766897633533308
"4445001","4455000",4450000.5,"Fst",0.0242153724623421,0,0.0375418577641677,0.0766897633533308
"4446001","4456000",4451000.5,"Fst",0.0193807095799006,0,0.0385412963395408,0.076213823737718
"4447001","4457000",4452000.5,"Fst",0.0187745179762454,0,0.0428437110222531,0.0810548144128942
"4448001","4458000",4453000.5,"Fst",0.0204992577082103,0,0.0507395064707254,0.0952815262703115
"4449001","4459000",4454000.5,"Fst",0.0307096497480179,0,0.0423378532106573,0.0828839628042879
"4450001","4460000",4455000.5,"Fst",0.0307096497480179,0,0.0423378532106573,0.0828839628042879
"4451001","4461000",4456000.5,"Fst",0.0695644733464533,0,0.0574957700057613,0.093531505128742
"4452001","4462000",4457000.5,"Fst",0,0,0,0
"4453001","4463000",4458000.5,"Fst",0,0,0,0
"4454001","4464000",4459000.5,"Fst",0,0,0,0
"4455001","4465000",4460000.5,"Fst",0,0,0,0
"4456001","4466000",4461000.5,"Fst",0,0,0,0
"4457001","4467000",4462000.5,"Fst",0,0,0,0
"4458001","4468000",4463000.5,"Fst",0,0,0,0
"4459001","4469000",4464000.5,"Fst",0.0471710731642071,0,0.0445833118891114,0.104082284546093
"4460001","4470000",4465000.5,"Fst",0.045068391820564,0,0.0387657353870928,0.0872563862254585
"4461001","4471000",4466000.5,"Fst",0.041355468120844,0,0.0357914872193712,0.0803434122163585
"4462001","4472000",4467000.5,"Fst",0.041355468120844,0,0.0357914872193712,0.0803434122163585
"4463001","4473000",4468000.5,"Fst",0.0353181884182321,0,0.0272479816043523,0.0627210622122284
"4464001","4474000",4469000.5,"Fst",0.0266324051190083,0,0.0321406788205287,0.0673155032801657
"4465001","4475000",4470000.5,"Fst",0.0277417615872442,0,0.0287384856176249,0.0599454875708444
"4466001","4476000",4471000.5,"Fst",0.0361696868026035,0,0.0253941787753432,0.0549252266326831
"4467001","4477000",4472000.5,"Fst",0.0341311312728572,0,0.0262969391348446,0.0557603780188313
"4468001","4478000",4473000.5,"Fst",0.0351044126092549,0,0.027742317473173,0.0599088843710133
"4469001","4479000",4474000.5,"Fst",0.031369052205083,0,0.0210117693841317,0.0466286796212777
"4470001","4480000",4475000.5,"Fst",0.0655330605334795,0,0.0329610751454547,0.059188642036375
"4471001","4481000",4476000.5,"Fst",0.0610812637332079,0,0.0450970505126933,0.0903645730038948
"4472001","4482000",4477000.5,"Fst",0.0607647715874695,0,0.0445134847157346,0.089046685996736
"4473001","4483000",4478000.5,"Fst",0.0624311688483798,0,0.0453531954945856,0.0892053719799302
"4474001","4484000",4479000.5,"Fst",0.0708049534046717,0,0.0491761169198531,0.0964658983872873
"4475001","4485000",4480000.5,"Fst",0.0728081865441446,0,0.0515057306146965,0.102379607642955
"4476001","4486000",4481000.5,"Fst",0.0728758445494266,0,0.0581498308944431,0.11675020336308
"4477001","4487000",4482000.5,"Fst",0.0798012065783857,0,0.0652288349011333,0.127013611591897
"4478001","4488000",4483000.5,"Fst",0.0879037630007898,0,0.0723824531550996,0.145991276486554
"4479001","4489000",4484000.5,"Fst",0.0898637828315135,0,0.0714568257896605,0.142158225152194
"4480001","4490000",4485000.5,"Fst",0.0396581190623235,0,0.0888999159993489,0.176523457347978
"4481001","4491000",4486000.5,"Fst",0.0431915306915307,0,0.0213541341178638,0.038527938018443
"4482001","4492000",4487000.5,"Fst",0.0437594533980077,0,0.0224471959222649,0.0423714496885228
"4483001","4493000",4488000.5,"Fst",0.0438911407064273,0,0.0209008930461576,0.0392652284619044
"4484001","4494000",4489000.5,"Fst",0.0418847225968888,0,0.0202108293525729,0.0358276466128062
"4485001","4495000",4490000.5,"Fst",0.0410324171952079,0,0.01979768876448,0.0350859674053591
"4486001","4496000",4491000.5,"Fst",0.0373078108073187,0,0.0165586227186493,0.029030681942824
"4487001","4497000",4492000.5,"Fst",0.0289597625429711,0,0.0234452739337377,0.0532031226721493
"4488001","4498000",4493000.5,"Fst",0.0289597625429711,0,0.0234452739337377,0.0532031226721493
"4489001","4499000",4494000.5,"Fst",0.011450605641477,0,0.027357428533366,0.0546308889321925
"4490001","4500000",4495000.5,"Fst",0.012341652700397,0,0.0386649295098103,0.0775232641374374
"4491001","4501000",4496000.5,"Fst",0.0325408984753804,0,0.0325211319785242,0.064215134459037
"4492001","4502000",4497000.5,"Fst",0.0325408984753804,0,0.0325211319785242,0.064215134459037
"4493001","4503000",4498000.5,"Fst",0.036595208070618,0,0.0289174838947573,0.0621383847190298
"4494001","4504000",4499000.5,"Fst",0.0420814563276179,0,0.0330203764832244,0.0627082175697039
"4495001","4505000",4500000.5,"Fst",0.0422269035615597,0,0.0331335534958644,0.0629530324594477
"4496001","4506000",4501000.5,"Fst",0.0431224470975384,0,0.0350744121189881,0.0644466086671882
"4497001","4507000",4502000.5,"Fst",0.0462179360192537,0,0.0343744943172069,0.0617605033580672
"4498001","4508000",4503000.5,"Fst",0.0462179360192537,0,0.0343744943172069,0.0617605033580672
"4499001","4509000",4504000.5,"Fst",0.0462179360192537,0,0.0343744943172069,0.0617605033580672
"4500001","4510000",4505000.5,"Fst",0.0462179360192537,0,0.0343744943172069,0.0617605033580672
"4501001","4511000",4506000.5,"Fst",0.0471267443943799,0,0.0346231679313422,0.0646627744768289
"4502001","4512000",4507000.5,"Fst",0.0471267443943799,0,0.0346231679313422,0.0646627744768289
"4503001","4513000",4508000.5,"Fst",0.0481314413090356,0,0.0425006917767273,0.0792114165093576
"4504001","4514000",4509000.5,"Fst",0,0,0,0
"4505001","4515000",4510000.5,"Fst",0,0,0,0
"4506001","4516000",4511000.5,"Fst",0,0,0,0
"4507001","4517000",4512000.5,"Fst",0.017003730610642,0,0.0393391938687221,0.0799478392605449
"4508001","4518000",4513000.5,"Fst",0.0376440460947504,0,0.0319850471759411,0.0688295659528927
"4509001","4519000",4514000.5,"Fst",0.0376677693405757,0,0.0206216620817359,0.0410956288290995
"4510001","4520000",4515000.5,"Fst",0.0376677693405757,0,0.0206216620817359,0.0410956288290995
"4511001","4521000",4516000.5,"Fst",0.0373725516333115,0,0.0204614172932677,0.0407259502455513
"4512001","4522000",4517000.5,"Fst",0.0348142948745546,0,0.0206922359459799,0.0402124317444753
"4513001","4523000",4518000.5,"Fst",0.0329775312815945,0,0.0208242799380573,0.0425601752697832
"4514001","4524000",4519000.5,"Fst",0.0294769820906132,0,0.0247220601556715,0.0484709834222889
"4515001","4525000",4520000.5,"Fst",0.0295968412220108,0,0.024347505881054,0.0473736228802518
"4516001","4526000",4521000.5,"Fst",0.0295202197469624,0,0.0235779011925891,0.0460170017297412
"4517001","4527000",4522000.5,"Fst",0.0326615005154143,0,0.0200536318341709,0.0409801095798208
"4518001","4528000",4523000.5,"Fst",0.0231448292062586,0,0.022169958658568,0.0475504101729997
"4519001","4529000",4524000.5,"Fst",0.00800985828712253,0,0.0311366212378585,0.0607358992979909
"4520001","4530000",4525000.5,"Fst",0.00784739828564529,0,0.0304926741770578,0.0596741586395528
"4521001","4531000",4526000.5,"Fst",0.00782755298651261,0,0.0304926741770578,0.0595255041518385
"4522001","4532000",4527000.5,"Fst",0.0205323611274453,0,0.0351222571870217,0.0770944351234045
"4523001","4533000",4528000.5,"Fst",0.0210271649091436,0,0.0424836565339661,0.0888235587224078
"4524001","4534000",4529000.5,"Fst",0.0272111635542787,0,0.0316943354165105,0.0644547339715367
"4525001","4535000",4530000.5,"Fst",0.0260934235223289,0,0.0314963662889088,0.064627166146923
"4526001","4536000",4531000.5,"Fst",0.0210378873287554,0,0.0294831635347977,0.0633477931556842
"4527001","4537000",4532000.5,"Fst",0.0191261602147407,0,0.0277738744261522,0.0619873743277998
"4528001","4538000",4533000.5,"Fst",0.0271658896658896,0,0.0259089042043405,0.0486009460381709
"4529001","4539000",4534000.5,"Fst",0.0267655502392344,0,0.0255841154105976,0.0478210531190664
"4530001","4540000",4535000.5,"Fst",0.022110825091451,0,0.0313854120268313,0.0646002281499229
"4531001","4541000",4536000.5,"Fst",0.0183942034087243,0,0.0299562543623856,0.0592342909583956
"4532001","4542000",4537000.5,"Fst",0.0143606574663555,0,0.0289697804177563,0.0621272638089959
"4533001","4543000",4538000.5,"Fst",0.0138534319876537,0,0.0296573925104507,0.0681626125276735
"4534001","4544000",4539000.5,"Fst",0.021338900602202,0,0.0289163616176948,0.0658508158508159
"4535001","4545000",4540000.5,"Fst",0.021338900602202,0,0.0289175083174108,0.0658508158508159
"4536001","4546000",4541000.5,"Fst",0.0245990186163241,0,0.030019632903923,0.0694495832154439
"4537001","4547000",4542000.5,"Fst",0.0261158439335588,0,0.0313234162422446,0.0725873083956025
"4538001","4548000",4543000.5,"Fst",0.0187764516675132,0,0.0403946658285286,0.0905706102665784
"4539001","4549000",4544000.5,"Fst",0.010926924168119,0,0.0404438705939395,0.0843255829424875
"4540001","4550000",4545000.5,"Fst",0.0128842021090508,0,0.0363927856747816,0.0720572240614159
"4541001","4551000",4546000.5,"Fst",0.0172725394052112,0,0.0363156131405751,0.082914801116086
"4542001","4552000",4547000.5,"Fst",0.0133768881475302,0,0.0351645277590736,0.0806326034063261
"4543001","4553000",4548000.5,"Fst",0.0133768881475302,0,0.0351645277590736,0.0806326034063261
"4544001","4554000",4549000.5,"Fst",0.00117981103441522,0,0.0372836382014234,0.0837729537614551
"4545001","4555000",4550000.5,"Fst",0.00117981103441522,0,0.0371807361875271,0.0839983229683461
"4546001","4556000",4551000.5,"Fst",0.00113181407253471,0,0.0356653518481273,0.080740168586493
"4547001","4557000",4552000.5,"Fst",0.00111072704228588,0,0.0349999992488313,0.0793046576065444
"4548001","4558000",4553000.5,"Fst",0.00113181407253471,0,0.0357632395534267,0.080740168586493
"4549001","4559000",4554000.5,"Fst",0.00850364106178059,0,0.00995837418825391,0.0108161958300719
"4550001","4560000",4555000.5,"Fst",0.00962254120148853,0,0.0113034590960123,0.0122501611863314
"4551001","4561000",4556000.5,"Fst",0.0117237953303525,0,0.0127912401331792,0.0142846402526126
"4552001","4562000",4557000.5,"Fst",0.0111935683364254,0,0.0130681818181818,0.0139398385913426
"4553001","4563000",4558000.5,"Fst",0.014650441422095,0,0.0176767676767677,0.0185559818625742
"4554001","4564000",4559000.5,"Fst",0.00906586526421238,0,0.0107034303082936,0.0115501519756839
"4555001","4565000",4560000.5,"Fst",0.00914141414141412,0,0.0105918838898615,0.0115501519756839
"4556001","4566000",4561000.5,"Fst",0.0097943722943723,0,0.0113022113022113,0.0122501611863314
"4557001","4567000",4562000.5,"Fst",0.00914141414141412,0,0.0105910107517002,0.0116752438743374
"4558001","4568000",4563000.5,"Fst",0.010085933966531,0,0.0104798110301987,0.0123456790123456
"4559001","4569000",4564000.5,"Fst",0.0107263107263107,0,0.011144513293588,0.0131233595800524
"4560001","4570000",4565000.5,"Fst",0.0107263107263107,0,0.011144513293588,0.0131233595800524
"4561001","4571000",4566000.5,"Fst",0.00998217468805707,0,0.0122324177991098,0.0132001736864957
"4562001","4572000",4567000.5,"Fst",0.0107177033492825,0,0.0132014306693828,0.0141224565641549
"4563001","4573000",4568000.5,"Fst",0.0256518675123327,0,0.0277007925168321,0.0329280648429583
"4564001","4574000",4569000.5,"Fst",0.0159900373599005,0,0.0247093238553482,0.0492239467849223
"4565001","4575000",4570000.5,"Fst",0.0297035812672177,0,0.0240377678724668,0.0425287356321841
"4566001","4576000",4571000.5,"Fst",0.0288001638001637,0,0.0233500364926053,0.0411205786795807
"4567001","4577000",4572000.5,"Fst",0.029786332930987,0,0.0242672882047708,0.0425256751616584
"4568001","4578000",4573000.5,"Fst",0.0295531289742579,0,0.0239848281852784,0.0427436823104692
"4569001","4579000",4574000.5,"Fst",0.0360544597791064,0,0.0202225799380176,0.0414400414400414
"4570001","4580000",4575000.5,"Fst",0.0348547867264443,0,0.0195490886474731,0.0402363887841067
"4571001","4581000",4576000.5,"Fst",0.0560541975647718,0,0.0299888688818172,0.062250118223636
"4572001","4582000",4577000.5,"Fst",0.0552364971537345,0,0.0294894738313457,0.0612003381234151
"4573001","4583000",4578000.5,"Fst",0.0601770060404152,0,0.0311657596567245,0.0727222528989508
"4574001","4584000",4579000.5,"Fst",0.066174388935472,0,0.0335423766958696,0.0699387491940686
"4575001","4585000",4580000.5,"Fst",0.0656592308307348,0,0.0369494278869279,0.078038682202638
"4576001","4586000",4581000.5,"Fst",0.0655139113374605,0,0.0372057011806304,0.079486716067233
"4577001","4587000",4582000.5,"Fst",0.0655139113374605,0,0.0372079150507411,0.0793027798647635
"4578001","4588000",4583000.5,"Fst",0.066608789119021,0,0.0378403242959854,0.0807985547628526
"4579001","4589000",4584000.5,"Fst",0.0647024381621537,0,0.0413587846818801,0.0855082912761355
"4580001","4590000",4585000.5,"Fst",0.066050907286486,0,0.0422554967395957,0.0870458715596329
"4581001","4591000",4586000.5,"Fst",0.0456266907123535,0,0.0464449257680405,0.11634748609714
"4582001","4592000",4587000.5,"Fst",0.0453405017921148,0,0.0465084049254887,0.116736267266303
"4583001","4593000",4588000.5,"Fst",0.000109446610575326,0,0.0526129707658223,0.107547326143742
"4584001","4594000",4589000.5,"Fst",0.114257108530236,0,0.043624660141603,0.0956113185339548
"4585001","4595000",4590000.5,"Fst",0.114257108530236,0,0.043624660141603,0.0956113185339548
"4586001","4596000",4591000.5,"Fst",0.113012368961118,0,0.0425848074238218,0.0940549682875264
"4587001","4597000",4592000.5,"Fst",0.0897518516449064,0,0.0453300839446757,0.0768398707891094
"4588001","4598000",4593000.5,"Fst",0.087985295818194,0,0.0444516053699502,0.0753407054820554
"4589001","4599000",4594000.5,"Fst",0.0848577288615421,0,0.0418445580719602,0.0712804436942368
"4590001","4600000",4595000.5,"Fst",0.0816958127530816,0,0.0402944376195935,0.0684655471916618
"4591001","4601000",4596000.5,"Fst",0.081590978529567,0,0.0402944376195935,0.0684655471916618
"4592001","4602000",4597000.5,"Fst",0.0824372639153155,0,0.0407212487308409,0.0691704691704692
"4593001","4603000",4598000.5,"Fst",0.0949889198656088,0,0.0353166154448514,0.0751551349674215
"4594001","4604000",4599000.5,"Fst",0.0284893826040959,0,0.033362469452133,0.0725757049480563
"4595001","4605000",4600000.5,"Fst",0.0283369524815619,0,0.0299191590287826,0.0655344655344654
"4596001","4606000",4601000.5,"Fst",0.0284775213272622,0,0.0317774330818811,0.0682031583440035
"4597001","4607000",4602000.5,"Fst",0.0150159544516049,0,0.0149618045564116,0.0322077922077922
"4598001","4608000",4603000.5,"Fst",0.0157123834886816,0,0.0140086606547054,0.0325549068668334
"4599001","4609000",4604000.5,"Fst",0.0214289977914403,0,0.0166452900585734,0.0353800157236012
"4600001","4610000",4605000.5,"Fst",0.046147614761476,0,0.0195428621836049,0.0460120975238557
"4601001","4611000",4606000.5,"Fst",0.0449027850761954,0,0.0190217232539205,0.0451766823453499
"4602001","4612000",4607000.5,"Fst",0.0614390999255167,0,0.0184499442676274,0.0391395926477895
"4603001","4613000",4608000.5,"Fst",0.0648139532479349,0,0.019476801761559,0.0413207883612867
"4604001","4614000",4609000.5,"Fst",0.0645802285146548,0,0.0190017655385532,0.0393675889328062
"4605001","4615000",4610000.5,"Fst",0.0483346515511029,0,0.0252564966423052,0.0508240020244196
"4606001","4616000",4611000.5,"Fst",0.0450298033336902,0,0.0241418346793162,0.0508992597733056
"4607001","4617000",4612000.5,"Fst",0.0451683873317427,0,0.0246709388497,0.0532927790920356
"4608001","4618000",4613000.5,"Fst",0.0450715056864398,0,0.0243211953119888,0.0532927790920356
"4609001","4619000",4614000.5,"Fst",0.0372884231960295,0,0.0228498193063047,0.047292204767752
"4610001","4620000",4615000.5,"Fst",0.0248288862458204,0,0.0258989558502388,0.055492517310699
"4611001","4621000",4616000.5,"Fst",0.0251769257025829,0,0.0262611786123097,0.0562667029034742
"4612001","4622000",4617000.5,"Fst",0.00179530429050578,0,0.0274277637928999,0.0475649350649351
"4613001","4623000",4618000.5,"Fst",0.00173696106843735,0,0.0265487261886609,0.0460575767042498
"4614001","4624000",4619000.5,"Fst",0,0,0.0283222681937216,0.0497819598320433
"4615001","4625000",4620000.5,"Fst",0.00219104996553066,0,0.0236751574336564,0.0520376175548588
"4616001","4626000",4621000.5,"Fst",0,0,0.0297556285401062,0.0623680675494145
"4617001","4627000",4622000.5,"Fst",0,0,0.0307107830783454,0.0644758643543575
"4618001","4628000",4623000.5,"Fst",0,0,0.0337214545062376,0.0724923346473936
"4619001","4629000",4624000.5,"Fst",0,0,0.0296352930223897,0.0554336468129573
"4620001","4630000",4625000.5,"Fst",0,0,0.0223965335159169,0.0410814734168028
"4621001","4631000",4626000.5,"Fst",0,0,0.0223965335159169,0.0410814734168028
"4622001","4632000",4627000.5,"Fst",0,0,0.0232057203696034,0.0432269717037929
"4623001","4633000",4628000.5,"Fst",0,0,0.0235165501019128,0.0431484657899752
"4624001","4634000",4629000.5,"Fst",0,0,0.0235165501019128,0.0431484657899752
"4625001","4635000",4630000.5,"Fst",0,0,0.0235291686563431,0.043421557345608
"4626001","4636000",4631000.5,"Fst",0,0,0.0198820750336862,0.0364925854287556
"4627001","4637000",4632000.5,"Fst",0,0,0.0312396854744267,0.0732929743888165
"4628001","4638000",4633000.5,"Fst",0.0203420794227124,0,0.0396757051012838,0.0882935071204443
"4629001","4639000",4634000.5,"Fst",0.0295812858312858,0,0.0450067978674911,0.0969533080944656
"4630001","4640000",4635000.5,"Fst",0.0393489141588658,0,0.0276874641058898,0.0629798328830811
"4631001","4641000",4636000.5,"Fst",0.0397333417919601,0,0.0279686367593581,0.0635175592833721
"4632001","4642000",4637000.5,"Fst",0.0387762661300817,0,0.0263771921688037,0.0613688920923807
"4633001","4643000",4638000.5,"Fst",0.0411344913008412,0,0.0244869028418158,0.055886322140192
"4634001","4644000",4639000.5,"Fst",0.0379416706713973,0,0.0229803648937032,0.0525809775303133
"4635001","4645000",4640000.5,"Fst",0.0374636174636174,0,0.0265180864860612,0.0575416524562001
"4636001","4646000",4641000.5,"Fst",0.0350319310605327,0,0.0310073058296006,0.0648502381578563
"4637001","4647000",4642000.5,"Fst",0.0383281931298521,0,0.0271161565011229,0.0587852333620458
"4638001","4648000",4643000.5,"Fst",0.035619540601747,0,0.022263491122717,0.0469595049364057
"4639001","4649000",4644000.5,"Fst",0.0423759856984613,0,0.024511764858993,0.0525560728975186
"4640001","4650000",4645000.5,"Fst",0.0519948486577124,0,0.0268867239554379,0.0604391994120952
"4641001","4651000",4646000.5,"Fst",0.0842321041061419,0,0.0293081172453506,0.0584439617024699
"4642001","4652000",4647000.5,"Fst",0.087188353115453,0,0.0304413402276427,0.0602990103179616
"4643001","4653000",4648000.5,"Fst",0.105723196134155,0,0.0363487315778944,0.0723461798512509
"4644001","4654000",4649000.5,"Fst",0.117040882091658,0,0.0405556123886905,0.0806796003646398
"4645001","4655000",4650000.5,"Fst",0.129063331176767,0,0.0361713973703001,0.0796653077554513
"4646001","4656000",4651000.5,"Fst",0.153881659179672,0,0.0347700395879675,0.0856011306119767
"4647001","4657000",4652000.5,"Fst",0.1519847531923,0,0.0343042210988789,0.0844787181420846
"4648001","4658000",4653000.5,"Fst",0.166281186422529,0,0.0355043869466563,0.0795083805348784
"4649001","4659000",4654000.5,"Fst",0.169868060051173,0,0.0378842420961942,0.0881614623251827
"4650001","4660000",4655000.5,"Fst",0.182347991398386,0,0.043284080406193,0.0988961745032785
"4651001","4661000",4656000.5,"Fst",0.11995244947757,0,0.029986242656259,0.090783805606402
"4652001","4662000",4657000.5,"Fst",0.11995244947757,0,0.029986242656259,0.090783805606402
"4653001","4663000",4658000.5,"Fst",0.11995244947757,0,0.029986242656259,0.090783805606402
"4654001","4664000",4659000.5,"Fst",0.113522067874099,0,0.0280411958376234,0.0834179834276484
"4655001","4665000",4660000.5,"Fst",0.117793317793318,0,0.0309265990518037,0.084653828329486
"4656001","4666000",4661000.5,"Fst",0.135596933187295,0,0.0383951053800058,0.0959572893207553
"4657001","4667000",4662000.5,"Fst",0.123676323676324,0,0.0352696042206185,0.0879798424651107
"4658001","4668000",4663000.5,"Fst",0.0156076667737445,0,0.032425818293056,0.051894429564537
"4659001","4669000",4664000.5,"Fst",0.0161675318337104,0,0.0335818009299064,0.0535924068100024
"4660001","4670000",4665000.5,"Fst",0.0141364656980089,0,0.0269079913144426,0.0484637068357999
"4661001","4671000",4666000.5,"Fst",0.0136113493424815,0,0.0260033510502848,0.0471212977713826
"4662001","4672000",4667000.5,"Fst",0.012431259281017,0,0.0238440587659298,0.0433476733008715
"4663001","4673000",4668000.5,"Fst",0.012431259281017,0,0.0238440587659298,0.0433476733008715
"4664001","4674000",4669000.5,"Fst",0.0120042476568631,0,0.0233739264382764,0.0431974921630094
"4665001","4675000",4670000.5,"Fst",0.0119617224880384,0,0.0234830197625278,0.0431974921630094
"4666001","4676000",4671000.5,"Fst",0.0122658866820776,0,0.024198312822794,0.0444229529335911
"4667001","4677000",4672000.5,"Fst",0.0139256198347109,0,0.0203183535739254,0.0416223776223776
"4668001","4678000",4673000.5,"Fst",0.00768277571251541,0,0.016140173400385,0.0181687783887162
"4669001","4679000",4674000.5,"Fst",0.00276687633281358,0,0.016250352941166,0.0323412625752685
"4670001","4680000",4675000.5,"Fst",0.00258341845420484,0,0.0158440358219347,0.0310337416720395
"4671001","4681000",4676000.5,"Fst",0.00291273782960233,0,0.0177551437305706,0.0348337916726974
"4672001","4682000",4677000.5,"Fst",0.0049523238979583,0,0.0201242182559782,0.0377808709484987
"4673001","4683000",4678000.5,"Fst",0.0049523238979583,0,0.0201242182559782,0.0377808709484987
"4674001","4684000",4679000.5,"Fst",0.00349362571584777,0,0.0208590958256837,0.0410740698600522
"4675001","4685000",4680000.5,"Fst",0.00368985745114137,0,0.0220997731560475,0.042909782479496
"4676001","4686000",4681000.5,"Fst",0.0545489098510764,0,0.0245997276453952,0.0584644782146271
"4677001","4687000",4682000.5,"Fst",0.0647763242357838,0,0.0350007927722729,0.06909541511772
"4678001","4688000",4683000.5,"Fst",0.039970780120406,0,0.0406093863294684,0.102369191709714
"4679001","4689000",4684000.5,"Fst",0.0482808167018693,0,0.0451029125956912,0.111233343439156
"4680001","4690000",4685000.5,"Fst",0.0455522153303652,0,0.0393694847505592,0.0981838717543927
"4681001","4691000",4686000.5,"Fst",0.0437572345895626,0,0.0376526653136592,0.0942708910988698
"4682001","4692000",4687000.5,"Fst",0.0396755840697253,0,0.0446684417596805,0.0949986233257212
"4683001","4693000",4688000.5,"Fst",0.053262421621174,0,0.0428272765926911,0.0962860010809976
"4684001","4694000",4689000.5,"Fst",0.0538632178134941,0,0.0434065582699221,0.0975514355002738
"4685001","4695000",4690000.5,"Fst",0.0541032255561805,0,0.0389292599691774,0.0890733421168205
"4686001","4696000",4691000.5,"Fst",0.04053733521872,0,0.0405676797987375,0.0882148109203679
"4687001","4697000",4692000.5,"Fst",0.0410418639019096,0,0.0411545009004794,0.0894747011043875
"4688001","4698000",4693000.5,"Fst",0.0521333216144688,0,0.0329983792995381,0.0669218298847929
"4689001","4699000",4694000.5,"Fst",0.053528428848846,0,0.0304791661978932,0.0608000142351287
"4690001","4700000",4695000.5,"Fst",0.0543926501064855,0,0.0324474197745505,0.0643897332361243
"4691001","4701000",4696000.5,"Fst",0.0433834646295854,0,0.0397832109277197,0.0797663922055861
"4692001","4702000",4697000.5,"Fst",0.0476694365773449,0,0.0335557136001288,0.0715950938917127
"4693001","4703000",4698000.5,"Fst",0.0237592747448201,0,0.0323390137154353,0.0612509998400256
"4694001","4704000",4699000.5,"Fst",0.0476694365773449,0,0.0336590204708196,0.0715950938917127
"4695001","4705000",4700000.5,"Fst",0.0422845669514736,0,0.0355053992040541,0.0753874542681301
"4696001","4706000",4701000.5,"Fst",0.0423914232578493,0,0.0353909848786878,0.0755736618121939
"4697001","4707000",4702000.5,"Fst",0.0337740626889741,0,0.030386015502249,0.0632850378834868
"4698001","4708000",4703000.5,"Fst",0.0335002202369145,0,0.0325594975948005,0.0675292705288626
"4699001","4709000",4704000.5,"Fst",0.0300933351440034,0,0.0357346777939272,0.0752245390597867
"4700001","4710000",4705000.5,"Fst",0.0323801351931116,0,0.0335262539548091,0.0688252261296167
"4701001","4711000",4706000.5,"Fst",0.0452731642135319,0,0.0261743071485509,0.0422082969432782
"4702001","4712000",4707000.5,"Fst",0.0467547458889951,0,0.0269741031990444,0.0430596913052497
"4703001","4713000",4708000.5,"Fst",0.0209407643865903,0,0.030268962650164,0.0574798929338287
"4704001","4714000",4709000.5,"Fst",4.23277968960578e-05,0,0.0301736539580215,0.0576611939666059
"4705001","4715000",4710000.5,"Fst",0.000720114627981605,0,0.0325189581860164,0.0602406034739522
"4706001","4716000",4711000.5,"Fst",0.00138323114708283,0,0.031736065019782,0.0578348259918431
"4707001","4717000",4712000.5,"Fst",0.00450442434129228,0,0.0295754251766059,0.0608989378319275
"4708001","4718000",4713000.5,"Fst",0.00458825543571295,0,0.0300606358225948,0.0618757129395427
"4709001","4719000",4714000.5,"Fst",0.00515965279392405,0,0.0294496559564683,0.0605176407269651
"4710001","4720000",4715000.5,"Fst",0.000252136153522819,0,0.0329328082599206,0.0617007483144404
"4711001","4721000",4716000.5,"Fst",0,0,0.0333988933641016,0.0643372825764749
"4712001","4722000",4717000.5,"Fst",0.00264501195080924,0,0.0370257838884349,0.0796471263079469
"4713001","4723000",4718000.5,"Fst",0.00783952889216044,0,0.0374870857369362,0.0740511065968139
"4714001","4724000",4719000.5,"Fst",0.00877512056968621,0,0.0408890551365758,0.0810983737669956
"4715001","4725000",4720000.5,"Fst",0.00863080140613171,0,0.0402146578226686,0.0799495387526611
"4716001","4726000",4721000.5,"Fst",0.00796190272352726,0,0.0407731067673348,0.0806443122598306
"4717001","4727000",4722000.5,"Fst",0.00821577450790956,0,0.0421524556705665,0.0833469343343671
"4718001","4728000",4723000.5,"Fst",0.00983951038848474,0,0.0398337856998315,0.0813519813519814
"4719001","4729000",4724000.5,"Fst",0.00956857135559031,0,0.0386901897675963,0.0789890607317993
"4720001","4730000",4725000.5,"Fst",0.00889696267628504,0,0.0405324445204126,0.0807318143111503
"4721001","4731000",4726000.5,"Fst",0.00889696267628504,0,0.0405324445204126,0.0807318143111503
"4722001","4732000",4727000.5,"Fst",0.0104077761972498,0,0.0258290885047707,0.0556404910817697
"4723001","4733000",4728000.5,"Fst",0.0103819321272319,0,0.025913253911434,0.0556404910817697
"4724001","4734000",4729000.5,"Fst",0.0481620426917931,0,0.0230815618171788,0.0456270017245627
"4725001","4735000",4730000.5,"Fst",0.0481620426917931,0,0.0230815618171788,0.0456270017245627
"4726001","4736000",4731000.5,"Fst",0.0491822412862374,0,0.0231878624437677,0.0450149689667763
"4727001","4737000",4732000.5,"Fst",0.0464399058149059,0,0.0213591638346606,0.0473715192465192
"4728001","4738000",4733000.5,"Fst",0.0468044077134987,0,0.0226556448790806,0.0478071625344353
"4729001","4739000",4734000.5,"Fst",0.0520353483124941,0,0.0256390160906843,0.0534611889317163
"4730001","4740000",4735000.5,"Fst",0.0663458784441771,0,0.0285646779574962,0.0646477296445988
"4731001","4741000",4736000.5,"Fst",0.0663458784441771,0,0.0285646779574962,0.0646477296445988
"4732001","4742000",4737000.5,"Fst",0.0680086268871317,0,0.0326998434600688,0.0653312036913793
"4733001","4743000",4738000.5,"Fst",0.0704918032786885,0,0.033911063945156,0.0677619014748856
"4734001","4744000",4739000.5,"Fst",0.0127490039840639,0,0.0210943748943585,0.0475621278872534
"4735001","4745000",4740000.5,"Fst",0.0127490039840639,0,0.0213310115905749,0.0475621278872534
"4736001","4746000",4741000.5,"Fst",0.00662916591060292,0,0.0471670588791018,0.09023532573518
"4737001","4747000",4742000.5,"Fst",0.00162043394671785,0,0.0532990691847076,0.103641039811253
"4738001","4748000",4743000.5,"Fst",0,0,0.0464003139581369,0.0923376692978494
"4739001","4749000",4744000.5,"Fst",0.00138263367621172,0,0.0432480748748834,0.0856504067894173
"4740001","4750000",4745000.5,"Fst",0.00138263367621172,0,0.0432480748748834,0.0856504067894173
"4741001","4751000",4746000.5,"Fst",0.00129399316577328,0,0.0405951078644955,0.0807547656827819
"4742001","4752000",4747000.5,"Fst",0.00509664615333283,0,0.0414147164319524,0.0780239264281818
"4743001","4753000",4748000.5,"Fst",0.00603222653170632,0,0.0381554855424291,0.0732760886437215
"4744001","4754000",4749000.5,"Fst",0.00432062561094826,0,0.033664917483395,0.0641830280128153
"4745001","4755000",4750000.5,"Fst",0.00443507926951625,0,0.0346048349923954,0.0656014374716619
"4746001","4756000",4751000.5,"Fst",0.00546921560537306,0,0.0146662862170282,0.0195849207113287
"4747001","4757000",4752000.5,"Fst",0.00597545704983737,0,0.0160451390105407,0.0211134998887982
"4748001","4758000",4753000.5,"Fst",0.010469916556873,0,0.0110208842660551,0.0173841227719823
"4749001","4759000",4754000.5,"Fst",0.00993859845377487,0,0.0119958999892903,0.0181759863145514
"4750001","4760000",4755000.5,"Fst",0.012903480700091,0,0.0105081575696146,0.0177959916914613
"4751001","4761000",4756000.5,"Fst",0.0139197886033328,0,0.0113498950919068,0.0191202858995432
"4752001","4762000",4757000.5,"Fst",0.00976636594957214,0,0.0112997421220335,0.0156304547168318
"4753001","4763000",4758000.5,"Fst",0.00910409578816884,0,0.0120661121266861,0.0189372841706584
"4754001","4764000",4759000.5,"Fst",0.0185299320892539,0,0.0137642779469653,0.0221317235481876
"4755001","4765000",4760000.5,"Fst",0.0176017780668944,0,0.0130498319790312,0.0211874366767983
"4756001","4766000",4761000.5,"Fst",0.0185299320892539,0,0.013712243366004,0.0221317235481876
"4757001","4767000",4762000.5,"Fst",0.0167621702545041,0,0.0124994253249674,0.0200133217979834
"4758001","4768000",4763000.5,"Fst",0.0162555790462766,0,0.0146106278167908,0.0176767676767677
"4759001","4769000",4764000.5,"Fst",0.00863177226813594,0,0.0398230023672154,0.090416461404373
"4760001","4770000",4765000.5,"Fst",0.00599833955998341,0,0.0457968233012053,0.097391744745505
"4761001","4771000",4766000.5,"Fst",0.00851862276010895,0,0.0409432509815853,0.0879506933744221
"4762001","4772000",4767000.5,"Fst",0.035964334619043,0,0.0401062183905856,0.0754178694038944
"4763001","4773000",4768000.5,"Fst",0.0345282772269834,0,0.0355765354209909,0.0699528123751105
"4764001","4774000",4769000.5,"Fst",0.0358975804557199,0,0.0361303267912949,0.070788211458421
"4765001","4775000",4770000.5,"Fst",0.0357190401121037,0,0.0336934399090809,0.069500751537508
"4766001","4776000",4771000.5,"Fst",0.0284915779137397,0,0.0378350892417499,0.0762527567488215
"4767001","4777000",4772000.5,"Fst",0.0292335115864528,0,0.0386773762141409,0.0782101569445803
"4768001","4778000",4773000.5,"Fst",0.0295703982439637,0,0.0391757377083465,0.0792270317041245
"4769001","4779000",4774000.5,"Fst",0.0505214958025947,0,0.0341640688941941,0.0786044537420226
"4770001","4780000",4775000.5,"Fst",0.0504316912138142,0,0.0341624726236347,0.0784670676805508
"4771001","4781000",4776000.5,"Fst",0.050728091077575,0,0.0356665672697418,0.0820956648194001
"4772001","4782000",4777000.5,"Fst",0.0345767109957833,0,0.0307755194206554,0.073229607048019
"4773001","4783000",4778000.5,"Fst",0.0353803073717114,0,0.0342440343972107,0.0817199531037105
"4774001","4784000",4779000.5,"Fst",0.0311146017409516,0,0.0311269638810183,0.0748823583264673
"4775001","4785000",4780000.5,"Fst",0.0311043505925396,0,0.0318697439155931,0.0805482289041284
"4776001","4786000",4781000.5,"Fst",0.0442294062341796,0,0.0242530067459055,0.0575418732441798
"4777001","4787000",4782000.5,"Fst",0.0407201384474113,0,0.0335548876705186,0.0821904162734614
"4778001","4788000",4783000.5,"Fst",0.0407643097643098,0,0.0334776408028354,0.0781697572742349
"4779001","4789000",4784000.5,"Fst",0.0272968346954027,0,0.0386589162601926,0.0999674160964483
"4780001","4790000",4785000.5,"Fst",0.0259800961645981,0,0.0361468806855748,0.0920909631070059
"4781001","4791000",4786000.5,"Fst",0.0255186881500763,0,0.0352789519105141,0.0905098638805718
"4782001","4792000",4787000.5,"Fst",0.0255186881500763,0,0.0352789519105141,0.0905098638805718
"4783001","4793000",4788000.5,"Fst",0.0260473772127489,0,0.0359133608992206,0.0920909631070059
"4784001","4794000",4789000.5,"Fst",0.0286981311371556,0,0.0482060422934725,0.109275184275184
"4785001","4795000",4790000.5,"Fst",0.0275678866587957,0,0.0422666124411381,0.102839116719243
"4786001","4796000",4791000.5,"Fst",0.0287408243929983,0,0.0409343632713899,0.100796484482285
"4787001","4797000",4792000.5,"Fst",0.12882085459405,0,0.0422256175197352,0.0834325431768284
"4788001","4798000",4793000.5,"Fst",0.111628488390262,0,0.0394318690172189,0.0742240810037421
"4789001","4799000",4794000.5,"Fst",0.117131867560684,0,0.0341810698937489,0.0685870539716694
"4790001","4800000",4795000.5,"Fst",0.0981221241139162,0,0.0359511840262254,0.084302748869678
"4791001","4801000",4796000.5,"Fst",0.0709464043419268,0,0.0483090874132624,0.0856802519207306
"4792001","4802000",4797000.5,"Fst",0.069967383122857,0,0.047666271848473,0.0844738114685815
"4793001","4803000",4798000.5,"Fst",0.069967383122857,0,0.047666271848473,0.0844738114685815
"4794001","4804000",4799000.5,"Fst",0.069967383122857,0,0.047666271848473,0.0844738114685815
"4795001","4805000",4800000.5,"Fst",0.0718112685793294,0,0.0488664020275202,0.0874343546467871
"4796001","4806000",4801000.5,"Fst",0.0725332863063221,0,0.0502063326708889,0.0884977251266202
"4797001","4807000",4802000.5,"Fst",0.0349986815777636,0,0.0474883775414483,0.0900525196948857
"4798001","4808000",4803000.5,"Fst",0.0382497965436355,0,0.048569804152785,0.0920868907151002
"4799001","4809000",4804000.5,"Fst",0.0260197907026412,0,0.0481849733164618,0.103160374042044
"4800001","4810000",4805000.5,"Fst",0.0114077799775268,0,0.0519037406809009,0.131283697156491
"4801001","4811000",4806000.5,"Fst",0.00887196573060456,0,0.0126231527093595,0.0204081632653063
"4802001","4812000",4807000.5,"Fst",0.00935179610676296,0,0.0131797828064685,0.0215827338129494
"4803001","4813000",4808000.5,"Fst",0.00935179610676296,0,0.0131797828064685,0.0215827338129494
"4804001","4814000",4809000.5,"Fst",0.00935179610676296,0,0.0131797828064685,0.0215827338129494
"4805001","4815000",4810000.5,"Fst",0.0124600377080089,0,0.0144067167163902,0.0225367446924332
"4806001","4816000",4811000.5,"Fst",0.012351543942993,0,0.013295609215032,0.0210376011423131
"4807001","4817000",4812000.5,"Fst",0.0147562582345191,0,0.0129639957860817,0.0185185185185184
"4808001","4818000",4813000.5,"Fst",0.00925619834710745,0,0.011482898368445,0.012535048655781
"4809001","4819000",4814000.5,"Fst",0.00925619834710745,0,0.011482898368445,0.012535048655781
"4810001","4820000",4815000.5,"Fst",0,0,0.0279742170734416,0.0701711314896383
"4811001","4821000",4816000.5,"Fst",0,0,0.0279742170734416,0.0705634620970084
"4812001","4822000",4817000.5,"Fst",0,0,0.029145364064538,0.073437618076022
"4813001","4823000",4818000.5,"Fst",0.0049504308948356,0,0.0237981423772211,0.0647036664992465
"4814001","4824000",4819000.5,"Fst",0.00581430561443896,0,0.0229202248523048,0.0617546748206517
"4815001","4825000",4820000.5,"Fst",0.00249765006042701,0,0.0239288673878475,0.0647466039707419
"4816001","4826000",4821000.5,"Fst",0.023828125,0,0.0264626886842882,0.056260720411664
"4817001","4827000",4822000.5,"Fst",0.0229899497487437,0,0.0254189896297967,0.0545225266536742
"4818001","4828000",4823000.5,"Fst",0.0244979919678714,0,0.0271246143403676,0.0581133919843597
"4819001","4829000",4824000.5,"Fst",0.0244979919678714,0,0.0271246143403676,0.0581133919843597
"4820001","4830000",4825000.5,"Fst",0.0449967298888162,0,0.0242206999456246,0.0419149903141691
"4821001","4831000",4826000.5,"Fst",0.0134502923976608,0,0.0401452311233001,0.14463555196394
"4822001","4832000",4827000.5,"Fst",0.0134502923976608,0,0.0401452311233001,0.14463555196394
"4823001","4833000",4828000.5,"Fst",0.0112925419686266,0,0.0419974284384631,0.147273469469031
"4824001","4834000",4829000.5,"Fst",0.0253688132687044,0,0.0451457718398902,0.114777317118403
"4825001","4835000",4830000.5,"Fst",0.0252608944769557,0,0.0442945366927044,0.112684739672422
"4826001","4836000",4831000.5,"Fst",0.0250006371537069,0,0.0438443837575929,0.111600363669159
"4827001","4837000",4832000.5,"Fst",0.0177964677964677,0,0.0465475117308389,0.141311478294705
"4828001","4838000",4833000.5,"Fst",0.0176254653605376,0,0.0461725650506673,0.140228977343836
"4829001","4839000",4834000.5,"Fst",0.0196670572588342,0,0.0447120609452009,0.133302733063699
"4830001","4840000",4835000.5,"Fst",0.0186651275842976,0,0.0427609884199561,0.126871291436604
"4831001","4841000",4836000.5,"Fst",0.0256512593097959,0,0.0386206523702176,0.0992922337590978
"4832001","4842000",4837000.5,"Fst",0.0256512593097959,0,0.0386206523702176,0.0992922337590978
"4833001","4843000",4838000.5,"Fst",0.0263193668693962,0,0.0400919601312218,0.103512201088064
"4834001","4844000",4839000.5,"Fst",0.0190124831778735,0,0.0308445560153236,0.118780096308186
"4835001","4845000",4840000.5,"Fst",0.0118151209060301,0,0.0294306353770638,0.103396408363153
"4836001","4846000",4841000.5,"Fst",0.0121326185316147,0,0.0282323711426178,0.105940331100422
"4837001","4847000",4842000.5,"Fst",0.0259265624104944,0,0.0197637466051752,0.0427380602137885
"4838001","4848000",4843000.5,"Fst",0.0351429824249535,0,0.017911108632855,0.0338354303266585
"4839001","4849000",4844000.5,"Fst",0.0606690825061709,0,0.0386202490572532,0.0587713361906912
"4840001","4850000",4845000.5,"Fst",0.0838637951845499,0,0.0630380845229849,0.082835257407458
"4841001","4851000",4846000.5,"Fst",0.0851523752186004,0,0.0647979372048531,0.0841472915897815
"4842001","4852000",4847000.5,"Fst",0.0839608774310266,0,0.0637729987490093,0.0830460049210049
"4843001","4853000",4848000.5,"Fst",0.0830463833208571,0,0.0620515738632757,0.0821379943636998
"4844001","4854000",4849000.5,"Fst",0.0815922865013774,0,0.0622198445633138,0.0820991656940302
"4845001","4855000",4850000.5,"Fst",0.0903642788307097,0,0.0690154615424162,0.0859855116234267
"4846001","4856000",4851000.5,"Fst",0.0881582584203113,0,0.0726636093605515,0.0891356569940679
"4847001","4857000",4852000.5,"Fst",0.0887881439062541,0,0.0732422709736466,0.0898662771333636
"4848001","4858000",4853000.5,"Fst",0.0888541710650395,0,0.0730778478149858,0.0896680784004726
"4849001","4859000",4854000.5,"Fst",0.0614109181917722,0,0.0464266581584272,0.0943978255911906
"4850001","4860000",4855000.5,"Fst",0.0230335411101216,0,0.0322421150748189,0.0859260804199148
"4851001","4861000",4856000.5,"Fst",0.00287009063444099,0,0.0398730281078293,0.100546622087778
"4852001","4862000",4857000.5,"Fst",0.00292420161600604,0,0.040699610434381,0.102302425538349
"4853001","4863000",4858000.5,"Fst",0.000919472045083802,0,0.0416923752638046,0.108915206279664
"4854001","4864000",4859000.5,"Fst",0,0,0.0455897676271382,0.117028010366826
"4855001","4865000",4860000.5,"Fst",0,0,0.0444704007217233,0.114393939393939
"4856001","4866000",4861000.5,"Fst",0,0,0.0519369901698759,0.131501510279645
"4857001","4867000",4862000.5,"Fst",0,0,0.0519369901698759,0.131501510279645
"4858001","4868000",4863000.5,"Fst",0,0,0.0532122741093426,0.134088425235966
"4859001","4869000",4864000.5,"Fst",0,0,0,0
"4860001","4870000",4865000.5,"Fst",0,0,0.0188679245283017,0.019560741249142
"4861001","4871000",4866000.5,"Fst",0.192484208843048,0,0.0516287110700527,0.141249756667316
"4862001","4872000",4867000.5,"Fst",0.178684013921537,0,0.0452472608824401,0.126159076255788
"4863001","4873000",4868000.5,"Fst",0.101630041964681,0,0.0375465001260719,0.0972514436877843
"4864001","4874000",4869000.5,"Fst",0.126250729066012,0,0.0342691093583635,0.0807187853510619
"4865001","4875000",4870000.5,"Fst",0.125997358910203,0,0.0343398854033446,0.0809353186053571
"4866001","4876000",4871000.5,"Fst",0.125997358910203,0,0.0343398854033446,0.0809353186053571
"4867001","4877000",4872000.5,"Fst",0.124006429988371,0,0.0338358609205124,0.0795832338572605
"4868001","4878000",4873000.5,"Fst",0.115176264946556,0,0.0309226941785873,0.0714757989319319
"4869001","4879000",4874000.5,"Fst",0.113553247624712,0,0.0304562377708737,0.0704098333277664
"4870001","4880000",4875000.5,"Fst",0.118587549131482,0,0.0322231248144174,0.0717682234464019
"4871001","4881000",4876000.5,"Fst",0.0373059866962306,0,0.0436562430249619,0.143163484121311
"4872001","4882000",4877000.5,"Fst",0.0379027348221025,0,0.0459252009038858,0.151288701894086
"4873001","4883000",4878000.5,"Fst",0.0592051164915486,0,0.0374831175565789,0.118451635973538
"4874001","4884000",4879000.5,"Fst",0,0,0.0436659704305621,0.15416734104175
"4875001","4885000",4880000.5,"Fst",0.0031271620312715,0,0.0419154464429708,0.145854205226605
"4876001","4886000",4881000.5,"Fst",0.00397240285038314,0,0.0384551125093329,0.136675482572139
"4877001","4887000",4882000.5,"Fst",0.00398544544886004,0,0.0384592537521628,0.137210067249736
"4878001","4888000",4883000.5,"Fst",0,0,0.0466230296329798,0.162571270150174
"4879001","4889000",4884000.5,"Fst",0,0,0.0468000467707129,0.162571270150174
"4880001","4890000",4885000.5,"Fst",0,0,0.0468000467707129,0.162571270150174
"4881001","4891000",4886000.5,"Fst",0.0288950107131924,0,0.0212442586895124,0.0332096474953618
"4882001","4892000",4887000.5,"Fst",0.00901855635001714,0,0.0267614978665488,0.0697372127651013
"4883001","4893000",4888000.5,"Fst",0.00901855635001714,0,0.0267614978665488,0.0697372127651013
"4884001","4894000",4889000.5,"Fst",0.0113084871705561,0,0.0229751183704778,0.0568935427574171
"4885001","4895000",4890000.5,"Fst",0.00823424114563354,0,0.0244049414125825,0.0583620359739763
"4886001","4896000",4891000.5,"Fst",0.0082498998798558,0,0.0270451399812651,0.0602234374717996
"4887001","4897000",4892000.5,"Fst",0.00851239669421489,0,0.0280122686638687,0.0620338352853689
"4888001","4898000",4893000.5,"Fst",0.00828640386162527,0,0.0270451399812651,0.0602234374717996
"4889001","4899000",4894000.5,"Fst",0.00662043558348702,0,0.0244956578695918,0.055620174812094
"4890001","4900000",4895000.5,"Fst",0.00662043558348702,0,0.0244956578695918,0.055620174812094
"4891001","4901000",4896000.5,"Fst",0.0171241258741259,0,0.0229756167132543,0.044516129032258
"4892001","4902000",4897000.5,"Fst",0.0206775479218069,0,0.0261939175534548,0.0470848857731149
"4893001","4903000",4898000.5,"Fst",0.0201619245894055,0,0.0255618278024911,0.0457699232600981
"4894001","4904000",4899000.5,"Fst",0.0268012290739564,0,0.0342911989114912,0.104281730833837
"4895001","4905000",4900000.5,"Fst",0.0262496942708466,0,0.0333583870148539,0.100673849009402
"4896001","4906000",4901000.5,"Fst",0.0279664704481827,0,0.0339738444072712,0.097667297979798
"4897001","4907000",4902000.5,"Fst",0.0299017846448678,0,0.0312013357463049,0.0886985311126532
"4898001","4908000",4903000.5,"Fst",0.0271823498139288,0,0.0282847541742899,0.0791268705773172
"4899001","4909000",4904000.5,"Fst",0.0275665386630588,0,0.0277943165552788,0.0786308615996448
"4900001","4910000",4905000.5,"Fst",0.0188964876862963,0,0.0298404501244839,0.10369481889375
"4901001","4911000",4906000.5,"Fst",0.0155901617067536,0,0.0306970430810417,0.103637375349607
"4902001","4912000",4907000.5,"Fst",0.0173435287453979,0,0.0333139103816276,0.108447126071769
"4903001","4913000",4908000.5,"Fst",0.0173208659301621,0,0.033313068853532,0.108447126071769
"4904001","4914000",4909000.5,"Fst",0.00793725638123977,0,0.0233126381017702,0.0848643112074692
"4905001","4915000",4910000.5,"Fst",0.00742651097261016,0,0.023189212065988,0.0865467581205175
"4906001","4916000",4911000.5,"Fst",0.00474031226255522,0,0.0233916075556695,0.0858356780562168
"4907001","4917000",4912000.5,"Fst",0,0,0.0235130851462463,0.0930596944619366
"4908001","4918000",4913000.5,"Fst",0,0,0.0271791126793423,0.105416737382932
"4909001","4919000",4914000.5,"Fst",0.00140145985401452,0,0.0235264544761111,0.0931977895664586
"4910001","4920000",4915000.5,"Fst",0.0209277824978759,0,0.0127856268124873,0.0249279426657318
"4911001","4921000",4916000.5,"Fst",0.019774998253092,0,0.0169004985841257,0.0301479809380486
"4912001","4922000",4917000.5,"Fst",0.0214357313593956,0,0.0164141949742252,0.0277702397105382
"4913001","4923000",4918000.5,"Fst",0.0214141414141416,0,0.0144428478692802,0.0240638983561707
"4914001","4924000",4919000.5,"Fst",0.0252028337357025,0,0.0157426037858968,0.0280520990198411
"4915001","4925000",4920000.5,"Fst",0.0298426355711537,0,0.0169535794593503,0.0324705823255346
"4916001","4926000",4921000.5,"Fst",0.0390109271150163,0,0.0302967003314249,0.0747666229872576
"4917001","4927000",4922000.5,"Fst",0.0390481245576788,0,0.0307284876520386,0.0735348872138846
"4918001","4928000",4923000.5,"Fst",0.0408309545141999,0,0.0267543803670207,0.0623124432547133
"4919001","4929000",4924000.5,"Fst",0.0461648447949816,0,0.0298137348657934,0.0635704010326187
"4920001","4930000",4925000.5,"Fst",0.0425787422311177,0,0.0340986584764975,0.0733409719320587
"4921001","4931000",4926000.5,"Fst",0.0473888237282072,0,0.0458925843722009,0.111807341594576
"4922001","4932000",4927000.5,"Fst",0.0451438715881353,0,0.0429095457182192,0.103851671732523
"4923001","4933000",4928000.5,"Fst",0.0453884091381493,0,0.0431924924274525,0.106223783731753
"4924001","4934000",4929000.5,"Fst",0.0459229519166428,0,0.0436437981663444,0.107467315395895
"4925001","4935000",4930000.5,"Fst",0.0440530625952621,0,0.0452541791184944,0.108990979874104
"4926001","4936000",4931000.5,"Fst",0.0453765748019956,0,0.0430509832030664,0.0912304401666104
"4927001","4937000",4932000.5,"Fst",0.0461203967930425,0,0.0432957601998468,0.0917631980726403
"4928001","4938000",4933000.5,"Fst",0.0458281814803554,0,0.0501930826876882,0.105931723259138
"4929001","4939000",4934000.5,"Fst",0.0443686342226997,0,0.0522570145811535,0.110482516796861
"4930001","4940000",4935000.5,"Fst",0.0312511536401002,0,0.043475620980705,0.102915665168774
"4931001","4941000",4936000.5,"Fst",0.0244110176913646,0,0.0358764555721623,0.0902252771144999
"4932001","4942000",4937000.5,"Fst",0.0249104576087469,0,0.0387721642962065,0.0950274205650179
"4933001","4943000",4938000.5,"Fst",0.0252866871638134,0,0.0396110484636001,0.0982388015324738
"4934001","4944000",4939000.5,"Fst",0.0309187366750956,0,0.0387043382718491,0.0909977321491859
"4935001","4945000",4940000.5,"Fst",0.0308865775136207,0,0.0387000979900618,0.0916231841887618
"4936001","4946000",4941000.5,"Fst",0.0224663698597348,0,0.0365316602742693,0.123048016131929
"4937001","4947000",4942000.5,"Fst",0.0173202020202021,0,0.0391925098875567,0.119548748012135
"4938001","4948000",4943000.5,"Fst",0.0173202020202021,0,0.0391925098875567,0.119548748012135
"4939001","4949000",4944000.5,"Fst",0.0203369223979283,0,0.0438446727996209,0.148494037846999
"4940001","4950000",4945000.5,"Fst",0.0132914303234708,0,0.0460467348176786,0.136267272866594
"4941001","4951000",4946000.5,"Fst",0.0141070304169395,0,0.0494135473044229,0.159672844217204
"4942001","4952000",4947000.5,"Fst",0.0141795791669848,0,0.0497015118049695,0.160417891026033
"4943001","4953000",4948000.5,"Fst",0.0141900042330669,0,0.0497023974743859,0.160558362033937
"4944001","4954000",4949000.5,"Fst",0.00697252047037999,0,0.0482007519464544,0.146434301308126
"4945001","4955000",4950000.5,"Fst",0.00489616179935837,0,0.054118546759331,0.153146528912847
"4946001","4956000",4951000.5,"Fst",0.00402198705144008,0,0.0552851673234859,0.157384041526329
"4947001","4957000",4952000.5,"Fst",0.00585690168858077,0,0.0501352001576997,0.152989599547981
"4948001","4958000",4953000.5,"Fst",0.00581916987386355,0,0.0497747995165751,0.151929109802847
"4949001","4959000",4954000.5,"Fst",0,0,0.0522346668821921,0.15953558481269
"4950001","4960000",4955000.5,"Fst",0.0182210962509083,0,0.0439830699251804,0.176103917861331
"4951001","4961000",4956000.5,"Fst",0.0182513692873908,0,0.0409487897112965,0.133520389654198
"4952001","4962000",4957000.5,"Fst",0.0187818781878186,0,0.0390187806307129,0.125126218182098
"4953001","4963000",4958000.5,"Fst",0.0160657726261877,0,0.0377004018653444,0.1087862151391
"4954001","4964000",4959000.5,"Fst",0.0307145142168948,0,0.0355182271589523,0.103149581645384
"4955001","4965000",4960000.5,"Fst",0.0301038381379221,0,0.0347681268289847,0.101047756286803
"4956001","4966000",4961000.5,"Fst",0.0301038381379221,0,0.0347681268289847,0.101047756286803
"4957001","4967000",4962000.5,"Fst",0.0304061102831594,0,0.0351698993639806,0.10217800002863
"4958001","4968000",4963000.5,"Fst",0.0304061102831594,0,0.0351698993639806,0.10217800002863
"4959001","4969000",4964000.5,"Fst",0.0316971633265563,0,0.0362488766471489,0.10711789480343
"4960001","4970000",4965000.5,"Fst",0.025533540135446,0,0.0385252261942019,0.10607052157777
"4961001","4971000",4966000.5,"Fst",0.0260017825311942,0,0.0369170361922951,0.103291778307243
"4962001","4972000",4967000.5,"Fst",0.0251546353908558,0,0.0379548143564657,0.10456546658084
"4963001","4973000",4968000.5,"Fst",0.0317614904460118,0,0.0350292801651986,0.101312624608254
"4964001","4974000",4969000.5,"Fst",0.0134561110767774,0,0.044622383593188,0.158370653181402
"4965001","4975000",4970000.5,"Fst",0.0171280033722073,0,0.0406111124168827,0.156742565506479
"4966001","4976000",4971000.5,"Fst",0.0167652317425389,0,0.0398790751310278,0.153603308221212
"4967001","4977000",4972000.5,"Fst",0.0273670755090241,0,0.0375336978386689,0.137334403853874
"4968001","4978000",4973000.5,"Fst",0.0285722648246794,0,0.0357933044755069,0.132774355125185
"4969001","4979000",4974000.5,"Fst",0.028636803661005,0,0.0358926459767006,0.132774355125185
"4970001","4980000",4975000.5,"Fst",0.0287016347171588,0,0.0358952836236958,0.132410146287597
"4971001","4981000",4976000.5,"Fst",0.0283191850594229,0,0.0384970548132115,0.137350834155924
"4972001","4982000",4977000.5,"Fst",0.0403271983640082,0,0.0383685034009791,0.103628646798035
"4973001","4983000",4978000.5,"Fst",0.0403271983640082,0,0.0383685034009791,0.103628646798035
"4974001","4984000",4979000.5,"Fst",0.0438680861884074,0,0.0409287024001252,0.0974163133650495
"4975001","4985000",4980000.5,"Fst",0.0625194589284365,0,0.0442204424610718,0.127564982508967
"4976001","4986000",4981000.5,"Fst",0.0627384960718295,0,0.0442204424610718,0.127564982508967
"4977001","4987000",4982000.5,"Fst",0.0501616276858717,0,0.0473673147661586,0.133989598201834
"4978001","4988000",4983000.5,"Fst",0.0461046831955925,0,0.0460962357369887,0.117169723879147
"4979001","4989000",4984000.5,"Fst",0.0466750841750843,0,0.0431881384116824,0.113934310486035
"4980001","4990000",4985000.5,"Fst",0.0429470423080648,0,0.0400341487758295,0.106305665349144
"4981001","4991000",4986000.5,"Fst",0.0216273911375727,0,0.0335176784028735,0.098080596034234
"4982001","4992000",4987000.5,"Fst",0,0,0.033321117682308,0.115399560669622
"4983001","4993000",4988000.5,"Fst",0,0,0.0326092261953788,0.11299891287467
"4984001","4994000",4989000.5,"Fst",0,0,0.03018545107383,0.106405057515253
"4985001","4995000",4990000.5,"Fst",0,0,0.0308260524004317,0.108545173350951
"4986001","4996000",4991000.5,"Fst",0.00165923191303896,0,0.0289194018474803,0.0946395760658271
"4987001","4997000",4992000.5,"Fst",0.00692434610911263,0,0.0254901971723465,0.0840999888178426
"4988001","4998000",4993000.5,"Fst",0.00790557508789558,0,0.0247642483657603,0.0799760237119825
"4989001","4999000",4994000.5,"Fst",0.00679694137638065,0,0.0258418036964322,0.0829605510456574
"4990001","5e+06",4995000.5,"Fst",0.00727272727272732,0,0.0274645677716132,0.0882359170964703
"4991001","5001000",4996000.5,"Fst",0.0220692985633224,0,0.0181202448983977,0.0385780885780884
"4992001","5002000",4997000.5,"Fst",0.021433311214333,0,0.0165759565224733,0.0364916773367476
"4993001","5003000",4998000.5,"Fst",0.0213553719008263,0,0.0165759565224733,0.0364916773367476
"4994001","5004000",4999000.5,"Fst",0.042665380596415,0,0.0228442355217369,0.0424607180562085
"4995001","5005000",5000000.5,"Fst",0.027866952683877,0,0.028154858746696,0.0876165216932971
"4996001","5006000",5001000.5,"Fst",0.0292835569100162,0,0.0307495920740452,0.0980529589766747
"4997001","5007000",5002000.5,"Fst",0.0171769508557071,0,0.0434313841176188,0.142060692749053
"4998001","5008000",5003000.5,"Fst",0.0133438402941948,0,0.0459423987106545,0.149228767075429
"4999001","5009000",5004000.5,"Fst",0.0124808184143222,0,0.0442578591204245,0.146276595744681
"5000001","5010000",5005000.5,"Fst",0.0120229851186091,0,0.040866839286784,0.134315453318878
"5001001","5011000",5006000.5,"Fst",0.0129710043423449,0,0.0386336067818668,0.128183478360965
"5002001","5012000",5007000.5,"Fst",0.0127521269477104,0,0.0399598415795173,0.131859003315137
"5003001","5013000",5008000.5,"Fst",0.0129150934262755,0,0.0404624304332422,0.133455766261592
"5004001","5014000",5009000.5,"Fst",0,0,0.0403372743420676,0.14949203458186
"5005001","5015000",5010000.5,"Fst",0,0,0.0302736805792193,0.106026532556497
"5006001","5016000",5011000.5,"Fst",0,0,0.0308407005248902,0.107866472383941
"5007001","5017000",5012000.5,"Fst",0,0,0.0265088573023074,0.0463198690321073
"5008001","5018000",5013000.5,"Fst",0.0694456905777661,0,0.03104711096752,0.106408175263659
"5009001","5019000",5014000.5,"Fst",0.0181885117601023,0,0.0444842841493337,0.161039518393892
"5010001","5020000",5015000.5,"Fst",0.0345314194577352,0,0.0413285515405852,0.149257084647961
"5011001","5021000",5016000.5,"Fst",0.0345477896490124,0,0.041560785399725,0.149940495710818
"5012001","5022000",5017000.5,"Fst",0.0346287682612354,0,0.0416643099563099,0.150238890942647
"5013001","5023000",5018000.5,"Fst",0.0346287682612354,0,0.0416643099563099,0.150238890942647
"5014001","5024000",5019000.5,"Fst",0.0343923000849216,0,0.0413611578129986,0.149236535226044
"5015001","5025000",5020000.5,"Fst",0.0345941094499161,0,0.0415874842914277,0.149722581775021
"5016001","5026000",5021000.5,"Fst",0.0345941094499161,0,0.0415874842914277,0.149722581775021
"5017001","5027000",5022000.5,"Fst",0.0349511977740099,0,0.0418772944582605,0.150467684591479
"5018001","5028000",5023000.5,"Fst",0.0236023546267804,0,0.0434030973745904,0.157591455031387
"5019001","5029000",5024000.5,"Fst",0.0868782350396869,0,0.0305772613572603,0.0958928036302925
"5020001","5030000",5025000.5,"Fst",2.22044604925031e-16,0,2.22044604925031e-16,2.22044604925031e-16
"5021001","5031000",5026000.5,"Fst",2.22044604925031e-16,0,2.22044604925031e-16,2.22044604925031e-16
"5022001","5032000",5027000.5,"Fst",2.22044604925031e-16,0,2.22044604925031e-16,2.22044604925031e-16
"5023001","5033000",5028000.5,"Fst",2.22044604925031e-16,0,2.22044604925031e-16,2.22044604925031e-16
"5024001","5034000",5029000.5,"Fst",0,0,0,0
"5025001","5035000",5030000.5,"Fst",0,0,0,0
"5026001","5036000",5031000.5,"Fst",0,0,0,0
"5027001","5037000",5032000.5,"Fst",0,0,0,0
"5028001","5038000",5033000.5,"Fst",0,0,0,0
"5029001","5039000",5034000.5,"Fst",0,0,0,0
"5030001","5040000",5035000.5,"Fst",0,0,0,0
"5031001","5041000",5036000.5,"Fst",0,0,0,0
"5032001","5042000",5037000.5,"Fst",0,0,0,0
"5033001","5043000",5038000.5,"Fst",0,0,0,0
"5034001","5044000",5039000.5,"Fst",0,0,0,0
"5035001","5045000",5040000.5,"Fst",0,0,0,0
"5036001","5046000",5041000.5,"Fst",0,0,0,0
"5037001","5047000",5042000.5,"Fst",0,0,0,0
"5038001","5048000",5043000.5,"Fst",0,0,0,0
"5039001","5049000",5044000.5,"Fst",0,0,0,0
"5040001","5050000",5045000.5,"Fst",0,0,0,0
"5041001","5051000",5046000.5,"Fst",0,0,0,0
"5042001","5052000",5047000.5,"Fst",0,0,0,0
"5043001","5053000",5048000.5,"Fst",0,0,0,0
"5044001","5054000",5049000.5,"Fst",0,0,0,0
"5045001","5055000",5050000.5,"Fst",0,0,0,0
"5046001","5056000",5051000.5,"Fst",0,0,0,0
"5047001","5057000",5052000.5,"Fst",0,0,0,0
"5048001","5058000",5053000.5,"Fst",0,0,0,0
"5049001","5059000",5054000.5,"Fst",0,0,0,0
"5050001","5060000",5055000.5,"Fst",0.0393411325046714,0,0.0293928054475112,0.0922156206624015
"5051001","5061000",5056000.5,"Fst",0.0440029676468816,0,0.0402522005491233,0.144807963349291
"5052001","5062000",5057000.5,"Fst",0.0430575937797688,0,0.0370369197483739,0.12962546201667
"5053001","5063000",5058000.5,"Fst",0.0400607467187101,0,0.0373568742333002,0.129555807596427
"5054001","5064000",5059000.5,"Fst",0.0400800785151603,0,0.0368227270627711,0.128072342880052
"5055001","5065000",5060000.5,"Fst",0.0365049552188329,0,0.0378144745648822,0.135445821388979
"5056001","5066000",5061000.5,"Fst",0.0354302635475273,0,0.0367332482812329,0.132925921347387
"5057001","5067000",5062000.5,"Fst",0.0355432287235901,0,0.0361146533650812,0.131559719399262
"5058001","5068000",5063000.5,"Fst",0.0354161102660273,0,0.0359870548250945,0.131112157238369
"5059001","5069000",5064000.5,"Fst",0.0353056251700167,0,0.0358609223616483,0.130667629938667
"5060001","5070000",5065000.5,"Fst",0.0344543879568314,0,0.0370110941548918,0.13767162601161
"5061001","5071000",5066000.5,"Fst",0.0121226005762086,0,0.0294067299714621,0.0865941830837522
"5062001","5072000",5067000.5,"Fst",0.00921246121807151,0,0.037353135094565,0.112415832220119
"5063001","5073000",5068000.5,"Fst",0.0129350767387577,0,0.029736727271089,0.0997089453151332
"5064001","5074000",5069000.5,"Fst",0.00985368084133509,0,0.0303633763478631,0.0997089453151332
"5065001","5075000",5070000.5,"Fst",0.0206540782557914,0,0.0190737500443846,0.0413457408732999
"5066001","5076000",5071000.5,"Fst",0.0281580927029687,0,0.0176400312848198,0.0458452069280409
"5067001","5077000",5072000.5,"Fst",0.0421830242725764,0,0.0194097557492864,0.0401543525139031
"5068001","5078000",5073000.5,"Fst",0.0421830242725764,0,0.0193376892063119,0.0401543525139031
"5069001","5079000",5074000.5,"Fst",0.0433574380165289,0,0.0198701241712633,0.0412354312354313
"5070001","5080000",5075000.5,"Fst",0.0410112963959117,0,0.0210287827856873,0.043530516431925
"5071001","5081000",5076000.5,"Fst",0.0457686439917435,0,0.0302045562076187,0.0655933762649494
"5072001","5082000",5077000.5,"Fst",0.0449185850645705,0,0.022491165557618,0.0481872580077437
"5073001","5083000",5078000.5,"Fst",0.0491702519975414,0,0.0247510320946519,0.0522419385613432
"5074001","5084000",5079000.5,"Fst",0.05,0,0.0252942678493721,0.0530261105800672
"5075001","5085000",5080000.5,"Fst",0.0515021459227466,0,0.0260673072270782,0.0545040852208089
"5076001","5086000",5081000.5,"Fst",0.0568703427719821,0,0.0269732953128471,0.0533066514198589
"5077001","5087000",5082000.5,"Fst",0.0510437710437709,0,0.0231238657397844,0.04299347061778
"5078001","5088000",5083000.5,"Fst",0.0499341238471673,0,0.0223641764735213,0.0418172936003909
"5079001","5089000",5084000.5,"Fst",0.0478327579593403,0,0.0200463370853746,0.0371221964119323
"5080001","5090000",5085000.5,"Fst",0.138264936987869,0,0.029141728853202,0.0746667348975257
"5081001","5091000",5086000.5,"Fst",0.145008286346508,0,0.030378444093261,0.0808168642951252
"5082001","5092000",5087000.5,"Fst",0.147800524934383,0,0.0319161770346028,0.080654320628737
"5083001","5093000",5088000.5,"Fst",0.147800524934383,0,0.031845617128558,0.0804741737734718
"5084001","5094000",5089000.5,"Fst",0.141921921921922,0,0.0315204363175688,0.0840272993652806
"5085001","5095000",5090000.5,"Fst",0.179759767704062,0,0.0429957101580366,0.110721571201503
"5086001","5096000",5091000.5,"Fst",0.189641544947527,0,0.0490878601573626,0.123756324975837
"5087001","5097000",5092000.5,"Fst",0.176078454113751,0,0.0441612321945265,0.115179147094041
"5088001","5098000",5093000.5,"Fst",0.174262830323436,0,0.0437343456383309,0.114138371668492
"5089001","5099000",5094000.5,"Fst",0.140126676602087,0,0.0381642377976515,0.0963110963110964
"5090001","5100000",5095000.5,"Fst",0.0926821938392187,0,0.0296446169895843,0.0659206466638569
"5091001","5101000",5096000.5,"Fst",0.0895772900589277,0,0.0287979163181591,0.0649173988869717
"5092001","5102000",5097000.5,"Fst",0.0919528761656241,0,0.0301619362095961,0.0673165699548678
"5093001","5103000",5098000.5,"Fst",0.0920889298822083,0,0.030103292096355,0.0673165699548678
"5094001","5104000",5099000.5,"Fst",0.0973671586968737,0,0.0321470131383878,0.0700404223983957
"5095001","5105000",5100000.5,"Fst",0.0131098216204599,0,0.0250689178476098,0.0563888183733727
"5096001","5106000",5101000.5,"Fst",0.0129059557812335,0,0.0246256440767368,0.0552312252123641
"5097001","5107000",5102000.5,"Fst",0.00473888840651027,0,0.0237182995965124,0.0515899392379312
"5098001","5108000",5103000.5,"Fst",0.00544534529354268,0,0.0239338040570941,0.0521201853605062
"5099001","5109000",5104000.5,"Fst",0.00866141732283465,0,0.0256556957534318,0.0656266810112963
"5100001","5110000",5105000.5,"Fst",0,0,0.0297001617711976,0.0631504823603972
"5101001","5111000",5106000.5,"Fst",0.00218452467256303,0,0.0350076217785957,0.0723140495867769
"5102001","5112000",5107000.5,"Fst",0,0,0.0328122547999169,0.0732099758648432
"5103001","5113000",5108000.5,"Fst",0,0,0.0329996614825444,0.0732099758648432
"5104001","5114000",5109000.5,"Fst",0,0,0.0331844288449266,0.0728874649579496
"5105001","5115000",5110000.5,"Fst",0,0,0.0378578511099699,0.0790820829655781
"5106001","5116000",5111000.5,"Fst",0,0,0.0343494504449457,0.0748839748839749
"5107001","5117000",5112000.5,"Fst",0.00440159167431886,0,0.0240170911842352,0.041245625056089
"5108001","5118000",5113000.5,"Fst",0.00230551528957001,0,0.0256089606308152,0.0433839479392625
"5109001","5119000",5114000.5,"Fst",0.00218364878559041,0,0.0242161019923732,0.0411946446961895
"5110001","5120000",5115000.5,"Fst",0.00371322985957145,0,0.0226326864624736,0.0359006734006733
"5111001","5121000",5116000.5,"Fst",0,0,0.0242346938775511,0.0411126187245592
"5112001","5122000",5117000.5,"Fst",0.0121758121758123,0,0.0125148413964203,0.0145803491364753
"5113001","5123000",5118000.5,"Fst",0.0234371688917143,0,0.0159463652206999,0.025237711237339
"5114001","5124000",5119000.5,"Fst",0.0679152198250508,0,0.0252450634169059,0.0477964069540329
"5115001","5125000",5120000.5,"Fst",0.0658934423211457,0,0.0244554058361292,0.0463471347134714
"5116001","5126000",5121000.5,"Fst",0.0742668108658312,0,0.0279515625292842,0.0548872017822769
"5117001","5127000",5122000.5,"Fst",0.0742668108658312,0,0.0279515625292842,0.0548872017822769
"5118001","5128000",5123000.5,"Fst",0.0742668108658312,0,0.0281319635491155,0.0548872017822769
"5119001","5129000",5124000.5,"Fst",0.0769038208168643,0,0.0291415470313533,0.0571724681761858
"5120001","5130000",5125000.5,"Fst",0.0783962844068029,0,0.0319341548678498,0.0611130671548952
"5121001","5131000",5126000.5,"Fst",0.0783962844068029,0,0.0319295891534847,0.0611130671548952
"5122001","5132000",5127000.5,"Fst",0.0841121495327104,0,0.0382388601422608,0.0710912809072318
"5123001","5133000",5128000.5,"Fst",0.0767841011743451,0,0.0296486263412334,0.0777676120768528
"5124001","5134000",5129000.5,"Fst",0,0,0,1.11022302462516e-16
"5125001","5135000",5130000.5,"Fst",0,0,1.11022302462516e-16,1.11022302462516e-16
"5126001","5136000",5131000.5,"Fst",0.0102040816326532,0,0.0104176219735876,0.0110251450676982
"5127001","5137000",5132000.5,"Fst",0.00877192982456132,0,0.00900900900900914,0.00951188986232798
"5128001","5138000",5133000.5,"Fst",0.00943396226415083,0,0.00966347376451648,0.0101486690999734
"5129001","5139000",5134000.5,"Fst",0.00943396226415083,0,0.00966347376451648,0.0101486690999734
"5130001","5140000",5135000.5,"Fst",0.00922459893048133,0,0.00943267259056713,0.0104661571300694
"5131001","5141000",5136000.5,"Fst",0.00915726609157252,0,0.00942461075867652,0.0104661571300694
"5132001","5142000",5137000.5,"Fst",0.00909090909090915,0,0.009504132231405,0.0104661571300694
"5133001","5143000",5138000.5,"Fst",0.0123695976154992,0,0.0128826695148993,0.0145940548429216
"5134001","5144000",5139000.5,"Fst",0.0122690317812268,0,0.0128826695148993,0.0145940548429216
"5135001","5145000",5140000.5,"Fst",0.0288806431663574,0,0.0156049558171281,0.0290376769858411
"5136001","5146000",5141000.5,"Fst",0.0265635074145713,0,0.0163382654699037,0.032986111111111
"5137001","5147000",5142000.5,"Fst",0.0367374182352157,0,0.0227650746709909,0.0443313347743702
"5138001","5148000",5143000.5,"Fst",0.0343184935777527,0,0.0213825728415799,0.0416653610336437
"5139001","5149000",5144000.5,"Fst",0.028379868554541,0,0.017808387484423,0.038245766391663
"5140001","5150000",5145000.5,"Fst",0.0314700837453336,0,0.0200607849264182,0.0424645184809329
"5141001","5151000",5146000.5,"Fst",0.0289240274526663,0,0.0190564405403816,0.043211909623872
"5142001","5152000",5147000.5,"Fst",0.029288288706359,0,0.0194960512919648,0.041015896061748
"5143001","5153000",5148000.5,"Fst",0.0274945298684172,0,0.0184605158573961,0.0390392171398917
"5144001","5154000",5149000.5,"Fst",0.0291067745518006,0,0.0194513867772022,0.0411467327181381
"5145001","5155000",5150000.5,"Fst",0.019551282051282,0,0.0201689389196077,0.0545297826974548
"5146001","5156000",5151000.5,"Fst",0.0035299461423659,0,0.0328608813614078,0.0796079132529107
"5147001","5157000",5152000.5,"Fst",0,0,0.0373980840831106,0.0828621542417012
"5148001","5158000",5153000.5,"Fst",0,0,0.0389800817196232,0.0864783330427731
"5149001","5159000",5154000.5,"Fst",0.000513067179733873,0,0.0335195545110752,0.0815593332458927
"5150001","5160000",5155000.5,"Fst",0,0,0.0318781135399439,0.0778783620032064
"5151001","5161000",5156000.5,"Fst",0.00213298028831999,0,0.0299999957395546,0.0765990825133045
"5152001","5162000",5157000.5,"Fst",0.0288015364916774,0,0.0378577704086627,0.0955330375594077
"5153001","5163000",5158000.5,"Fst",0.0294697952285501,0,0.0386424560303117,0.0974527636839618
"5154001","5164000",5159000.5,"Fst",0.0290178991992462,0,0.0348144459948621,0.0890930690526135
"5155001","5165000",5160000.5,"Fst",0.0395831683081174,0,0.0364181669007434,0.0889954394331312
"5156001","5166000",5161000.5,"Fst",0.0472699235999159,0,0.0347966486495174,0.08037574620558
"5157001","5167000",5162000.5,"Fst",0.0469801462904912,0,0.0345796045945102,0.079879223225877
"5158001","5168000",5163000.5,"Fst",0.0500427472214307,0,0.037601352462524,0.0928153985818549
"5159001","5169000",5164000.5,"Fst",0.0510586748130201,0,0.0392362177252878,0.0952884807977855
"5160001","5170000",5165000.5,"Fst",0.050886844919786,0,0.0380619849149063,0.0927987961745624
"5161001","5171000",5166000.5,"Fst",0.0499181835051198,0,0.0366613251375525,0.0921303997128645
"5162001","5172000",5167000.5,"Fst",0.0381432632301207,0,0.0346439989484786,0.0832981052192955
"5163001","5173000",5168000.5,"Fst",0.0373426940802827,0,0.0332076152996468,0.0796697340122523
"5164001","5174000",5169000.5,"Fst",0.0207751101519648,0,0.042689087899708,0.0992752917542625
"5165001","5175000",5170000.5,"Fst",0.00433522654680185,0,0.0365952402124318,0.0889275814338579
"5166001","5176000",5171000.5,"Fst",0.0127012175869544,0,0.034741253148724,0.0814496480866271
"5167001","5177000",5172000.5,"Fst",0.0127012175869544,0,0.034741253148724,0.0814496480866271
"5168001","5178000",5173000.5,"Fst",0.00322144235721944,0,0.0364901197060664,0.0735929869263202
"5169001","5179000",5174000.5,"Fst",0.00355118362704709,0,0.034555601774215,0.0762729334157906
"5170001","5180000",5175000.5,"Fst",0.00286760641238271,0,0.0350211280424826,0.0774836129927512
"5171001","5181000",5176000.5,"Fst",0.00253311359335895,0,0.0358121205934852,0.077647398374717
"5172001","5182000",5177000.5,"Fst",0.0379836591935312,0,0.0331711270950715,0.0775575967975018
"5173001","5183000",5178000.5,"Fst",0.0327338269832476,0,0.0361073141630529,0.0766492628992629
"5174001","5184000",5179000.5,"Fst",0.0552441523250737,0,0.0296374029743367,0.059977573399577
"5175001","5185000",5180000.5,"Fst",0.0674013394882194,0,0.0335807655150562,0.0714721847594892
"5176001","5186000",5181000.5,"Fst",0.0616665886866608,0,0.0336584557489795,0.0763523737841288
"5177001","5187000",5182000.5,"Fst",0.0511944404227596,0,0.0366217948141843,0.0751964051449854
"5178001","5188000",5183000.5,"Fst",0.0496350364963504,0,0.0355056793239464,0.0729324495872797
"5179001","5189000",5184000.5,"Fst",0.0511875511875513,0,0.0369655520839505,0.0739442484738284
"5180001","5190000",5185000.5,"Fst",0.0502164502164503,0,0.0362299797443338,0.0734272976289722
"5181001","5191000",5186000.5,"Fst",0.0652652166114072,0,0.0345926129248282,0.0752812684298871
"5182001","5192000",5187000.5,"Fst",0.000625361899247223,0,0.0360846901490223,0.0985985393185764
"5183001","5193000",5188000.5,"Fst",0.0159873957507832,0,0.0250904693482965,0.0515976426618565
"5184001","5194000",5189000.5,"Fst",0.0200491875274484,0,0.0242536905299964,0.0471562268839921
"5185001","5195000",5190000.5,"Fst",0.0203799932144071,0,0.0243384128793253,0.0489166583560612
"5186001","5196000",5191000.5,"Fst",0.0203799932144071,0,0.0243384128793253,0.0489166583560612
"5187001","5197000",5192000.5,"Fst",0.0324920928645486,0,0.0241399966143394,0.0516980540845423
"5188001","5198000",5193000.5,"Fst",0.0358624485775537,0,0.0263173881971987,0.0568303631709045
"5189001","5199000",5194000.5,"Fst",0.0346825549362546,0,0.0243151185144138,0.0514633736707653
"5190001","5200000",5195000.5,"Fst",0.0372095513438269,0,0.0239940726978766,0.0513758041032777
"5191001","5201000",5196000.5,"Fst",0.0371579754408455,0,0.0229787964917803,0.0473348654459189
"5192001","5202000",5197000.5,"Fst",0.106917683756722,0,0.027946742917171,0.0736413602562972
"5193001","5203000",5198000.5,"Fst",0.116984359726295,0,0.0302307504985703,0.0839339064691178
"5194001","5204000",5199000.5,"Fst",0.121931401931402,0,0.0333687412522365,0.0930968497415248
"5195001","5205000",5200000.5,"Fst",0.118730996285797,0,0.0335071481856331,0.091487271604592
"5196001","5206000",5201000.5,"Fst",0.112020131334337,0,0.0345502927963837,0.0912333453170791
"5197001","5207000",5202000.5,"Fst",0.129426379982397,0,0.0319883229635028,0.0849677399626945
"5198001","5208000",5203000.5,"Fst",0.119070901405838,0,0.030251339365502,0.0781228433402348
"5199001","5209000",5204000.5,"Fst",0.151584367774127,0,0.036329733737097,0.0960644007155635
"5200001","5210000",5205000.5,"Fst",0.127531765704205,0,0.0317424838380022,0.0783471900413428
"5201001","5211000",5206000.5,"Fst",0.144252031543973,0,0.0353603884800514,0.0871433936998873
"5202001","5212000",5207000.5,"Fst",0.136548630551872,0,0.033577322384804,0.0764432111949843
"5203001","5213000",5208000.5,"Fst",0.136548630551872,0,0.0336109970580981,0.0765198075989872
"5204001","5214000",5209000.5,"Fst",0.144477993064063,0,0.0383218396979647,0.0864075453140368
"5205001","5215000",5210000.5,"Fst",0.144273352106889,0,0.0379938330551094,0.0862574016022293
"5206001","5216000",5211000.5,"Fst",0.14561339198436,0,0.0380045547694387,0.0850389913772372
"5207001","5217000",5212000.5,"Fst",0.135900220418257,0,0.0407155875248724,0.0894447904429454
"5208001","5218000",5213000.5,"Fst",0.1383783467147,0,0.0425330060018591,0.088886449012242
"5209001","5219000",5214000.5,"Fst",0.108184512170747,0,0.0351053884264716,0.0730218470304841
"5210001","5220000",5215000.5,"Fst",0.12921337831401,0,0.0345763016025601,0.0817393560231888
"5211001","5221000",5216000.5,"Fst",0.0653141647017726,0,0.0288227545043814,0.0600641061066594
"5212001","5222000",5217000.5,"Fst",0.065231919846059,0,0.0288697249959256,0.0599659799576377
"5213001","5223000",5218000.5,"Fst",0.0527932757174634,0,0.0278881292095814,0.0614899978150902
"5214001","5224000",5219000.5,"Fst",0.0173930935153115,0,0.0267187626723215,0.0645517139011366
"5215001","5225000",5220000.5,"Fst",0.0452058493327838,0,0.0281596272848176,0.0513968803567096
"5216001","5226000",5221000.5,"Fst",0.0446990084476232,0,0.026590815476682,0.0525564102514682
"5217001","5227000",5222000.5,"Fst",0.0472831765935214,0,0.02769134679708,0.0553522450175181
"5218001","5228000",5223000.5,"Fst",0.054336562494299,0,0.0290594549771103,0.0554766794526065
"5219001","5229000",5224000.5,"Fst",0.0554636742145928,0,0.0280193484865576,0.054155950432546
"5220001","5230000",5225000.5,"Fst",0.0511232733906697,0,0.0294490100345051,0.0583905838078342
"5221001","5231000",5226000.5,"Fst",0.065084234888853,0,0.0267976245938349,0.0521254987827541
"5222001","5232000",5227000.5,"Fst",0.0645485354635681,0,0.0253231987662349,0.0480994352825159
"5223001","5233000",5228000.5,"Fst",0.115440860215054,0,0.0316825049157314,0.0772212394569922
"5224001","5234000",5229000.5,"Fst",0.113927461339338,0,0.0310524205739938,0.0763189352654812
"5225001","5235000",5230000.5,"Fst",0.104383821932682,0,0.0266537933661255,0.0644324761826141
"5226001","5236000",5231000.5,"Fst",0.102518497008415,0,0.0259970485903552,0.063545646928104
"5227001","5237000",5232000.5,"Fst",0.104878444189379,0,0.0269636592968384,0.0684548509100952
"5228001","5238000",5233000.5,"Fst",0.102563255806639,0,0.0310126993672153,0.0749689758376525
"5229001","5239000",5234000.5,"Fst",0.0991256313131313,0,0.0302740890561821,0.0766700857274599
"5230001","5240000",5235000.5,"Fst",0.105371085790666,0,0.0313725924405862,0.0789596137422468
"5231001","5241000",5236000.5,"Fst",0.105569845586014,0,0.0313144904760583,0.0791486128176939
"5232001","5242000",5237000.5,"Fst",0.113882446116423,0,0.034169038566191,0.0908074493685912
"5233001","5243000",5238000.5,"Fst",0.0144418872266974,0,0.00982082189754501,0.0182595182595182
"5234001","5244000",5239000.5,"Fst",0.00228887338861761,0,0.0276705878780015,0.0639725226541946
"5235001","5245000",5240000.5,"Fst",0.00224204466375655,0,0.0271239316619554,0.0627369477192101
"5236001","5246000",5241000.5,"Fst",0.0444773330814203,0,0.0298749138030965,0.0600526767082281
"5237001","5247000",5242000.5,"Fst",0.0452452644841652,0,0.030371070913381,0.0612289662519977
"5238001","5248000",5243000.5,"Fst",0.0486771409503771,0,0.0318899773645207,0.0653049263477032
"5239001","5249000",5244000.5,"Fst",0.0480120352460777,0,0.0314933471370761,0.0646366399557888
"5240001","5250000",5245000.5,"Fst",0.0493839237882282,0,0.033379840388619,0.0679073516729957
"5241001","5251000",5246000.5,"Fst",0.0473459726223174,0,0.0320159209116436,0.0655307181474369
"5242001","5252000",5247000.5,"Fst",0.0473459726223174,0,0.0320159209116436,0.0655307181474369
"5243001","5253000",5248000.5,"Fst",0.048908465111801,0,0.0348395130953989,0.0717267515678504
"5244001","5254000",5249000.5,"Fst",0.0822437573706609,0,0.0331846785324837,0.0932140725829603
"5245001","5255000",5250000.5,"Fst",0.0771271729185726,0,0.0312555346963881,0.0756440446102215
"5246001","5256000",5251000.5,"Fst",0.0276363636363637,0,0.0257732699721253,0.0487161429921511
"5247001","5257000",5252000.5,"Fst",0.0268274139241882,0,0.0249088611874977,0.0473518636084737
"5248001","5258000",5253000.5,"Fst",0.0259590120861798,0,0.0241005776889598,0.0458278341190987
"5249001","5259000",5254000.5,"Fst",0.0277134986225895,0,0.0253049285068255,0.0451462932694957
"5250001","5260000",5255000.5,"Fst",0.0158750131068471,0,0.0356215781814006,0.0712874146502465
"5251001","5261000",5256000.5,"Fst",0.0164735324519886,0,0.0370007283446308,0.0741126766604473
"5252001","5262000",5257000.5,"Fst",0.0171830303030304,0,0.03605399616882,0.0651931375644671
"5253001","5263000",5258000.5,"Fst",0.0166244488225912,0,0.0348770457682248,0.062966351529938
"5254001","5264000",5259000.5,"Fst",0.0141222653070994,0,0.0354859311672472,0.0639495199519953
"5255001","5265000",5260000.5,"Fst",0.0079633544749822,0,0.0371804101109371,0.0730110327594603
"5256001","5266000",5261000.5,"Fst",0.0161202821049368,0,0.039520785361211,0.0725317693059629
"5257001","5267000",5262000.5,"Fst",0.0161202821049368,0,0.0395233430719949,0.0727121965927936
"5258001","5268000",5263000.5,"Fst",0.0161616161616162,0,0.039520785361211,0.0727121965927936
"5259001","5269000",5264000.5,"Fst",0.0148843912681552,0,0.0440602461861194,0.0823108163314349
"5260001","5270000",5265000.5,"Fst",0.0256799250446009,0,0.0420251306969541,0.0767225844373806
"5261001","5271000",5266000.5,"Fst",0.110126195643437,0,0.0424895650056849,0.0804500363931987
"5262001","5272000",5267000.5,"Fst",0.118763141620284,0,0.043784617596398,0.0863734529747967
"5263001","5273000",5268000.5,"Fst",0.109791868866602,0,0.0401643765614356,0.0735233499300681
"5264001","5274000",5269000.5,"Fst",0.107379661499929,0,0.0386493558488178,0.0712693735992532
"5265001","5275000",5270000.5,"Fst",0.108697698427157,0,0.0392278425272409,0.0721542494225239
"5266001","5276000",5271000.5,"Fst",0.106615340077772,0,0.0407678107574208,0.0725660803122228
"5267001","5277000",5272000.5,"Fst",0.107981488525421,0,0.0412978418962372,0.0736755938792282
"5268001","5278000",5273000.5,"Fst",0.106231338338362,0,0.0407703620164652,0.0727390397197465
"5269001","5279000",5274000.5,"Fst",0.0996697613558477,0,0.0362947284036985,0.0656586837997811
"5270001","5280000",5275000.5,"Fst",0.13074152376478,0,0.035965484303755,0.0696938994811336
"5271001","5281000",5276000.5,"Fst",0.0307972428144101,0,0.0201066624520798,0.0538604062760638
"5272001","5282000",5277000.5,"Fst",0.0307972428144101,0,0.0201066624520798,0.0538604062760638
"5273001","5283000",5278000.5,"Fst",0.0245075757575758,0,0.0181099035453762,0.0254436709481322
"5274001","5284000",5279000.5,"Fst",0.0276269185360094,0,0.0197925374949831,0.0284319381420221
"5275001","5285000",5280000.5,"Fst",0.0276269185360094,0,0.0197925374949831,0.0284319381420221
"5276001","5286000",5281000.5,"Fst",0.0299329169558178,0,0.0246672958065561,0.0313412105718713
"5277001","5287000",5282000.5,"Fst",0.0219802620130758,0,0.017067864463969,0.0332652366360232
"5278001","5288000",5283000.5,"Fst",0.0472043152216812,0,0.0327274615076904,0.0985975312075379
"5279001","5289000",5284000.5,"Fst",0.0470759394322249,0,0.0425663372556752,0.124916456961532
"5280001","5290000",5285000.5,"Fst",0.0470759394322249,0,0.0425938777083816,0.124204005686086
"5281001","5291000",5286000.5,"Fst",0.0470759394322249,0,0.0425938777083816,0.124204005686086
"5282001","5292000",5287000.5,"Fst",0.0456625074272132,0,0.0412903732409812,0.120537466772844
"5283001","5293000",5288000.5,"Fst",0.0457480465027635,0,0.0413216104224405,0.124082300678045
"5284001","5294000",5289000.5,"Fst",0.0495119976132633,0,0.0470806140702704,0.135490185977023
"5285001","5295000",5290000.5,"Fst",0.0478627196506189,0,0.0455120308778844,0.131047884797449
"5286001","5296000",5291000.5,"Fst",0.0461074398206026,0,0.0440496770988573,0.126887634486419
"5287001","5297000",5292000.5,"Fst",0.0557775557775557,0,0.0557775557775557,0.154045760352204
"5288001","5298000",5293000.5,"Fst",2.22044604925031e-16,0,2.22044604925031e-16,2.22044604925031e-16
"5289001","5299000",5294000.5,"Fst",0.0002998353363316,0,0.0199017804113575,0.0261830434567166
"5290001","5300000",5295000.5,"Fst",0,0,0.0227859566372098,0.0385524215007983
"5291001","5301000",5296000.5,"Fst",0,0,0.0217618154402647,0.0368974369422599
"5292001","5302000",5297000.5,"Fst",0,0,0.0217618154402647,0.0368974369422599
"5293001","5303000",5298000.5,"Fst",0.0165799420572635,0,0.0205387862198799,0.0378463195859386
"5294001","5304000",5299000.5,"Fst",0.0160217103565885,0,0.0198508377548991,0.0365246164463237
"5295001","5305000",5300000.5,"Fst",0.040341014269311,0,0.0266754260762187,0.0626467460925166
"5296001","5306000",5301000.5,"Fst",0.0413365245341352,0,0.0233915199480235,0.0589001315258298
"5297001","5307000",5302000.5,"Fst",0.0413365245341352,0,0.0233897477093922,0.0587665191981739
"5298001","5308000",5303000.5,"Fst",0.0373754259576872,0,0.0208745688495787,0.0536388512818868
"5299001","5309000",5304000.5,"Fst",0.0412773278629457,0,0.0230304174578623,0.0562820800917521
"5300001","5310000",5305000.5,"Fst",0.0460853626125901,0,0.0246678152119696,0.0644663823560182
"5301001","5311000",5306000.5,"Fst",0.0469461438294363,0,0.025187075664926,0.0656431615206893
"5302001","5312000",5307000.5,"Fst",0.0468212116314531,0,0.0252520368380438,0.0656431615206893
"5303001","5313000",5308000.5,"Fst",0.0271812556555885,0,0.0279329041992104,0.0801248045991345
"5304001","5314000",5309000.5,"Fst",0.0273484192395756,0,0.0270217393728815,0.0793850755172449
"5305001","5315000",5310000.5,"Fst",0.0357101568531975,0,0.0357089271289997,0.0868337284407812
"5306001","5316000",5311000.5,"Fst",0.0344267377173756,0,0.0402159432331438,0.0959056464436309
"5307001","5317000",5312000.5,"Fst",0.0347618632018896,0,0.0389061038538596,0.0934759734574915
"5308001","5318000",5313000.5,"Fst",0.0409891381985666,0,0.0373094121628262,0.105032526381624
"5309001","5319000",5314000.5,"Fst",0.0392759369394884,0,0.0356793475325486,0.100982633101285
"5310001","5320000",5315000.5,"Fst",0.0409115492403757,0,0.0371075880610007,0.104785326397985
"5311001","5321000",5316000.5,"Fst",0.0397819902947433,0,0.0360814165238993,0.101751926903478
"5312001","5322000",5317000.5,"Fst",0.0433633579399659,0,0.0347031357934449,0.0975513925034159
"5313001","5323000",5318000.5,"Fst",0.0578921747596446,0,0.0337517720644869,0.069016981235098
"5314001","5324000",5319000.5,"Fst",0.056907690769077,0,0.034016696068944,0.0677326299682356
"5315001","5325000",5320000.5,"Fst",0.0386850756081526,0,0.0248877223989157,0.0515477354187032
"5316001","5326000",5321000.5,"Fst",0.0378489643638236,0,0.0243664289119761,0.0504625199362041
"5317001","5327000",5322000.5,"Fst",0.0375703942075624,0,0.0249795413429548,0.0524370065711719
"5318001","5328000",5323000.5,"Fst",0.0319233257845358,0,0.0199517606965197,0.0347252116515999
"5319001","5329000",5324000.5,"Fst",0.0197720488466757,0,0.0267507211669229,0.0868260471226814
"5320001","5330000",5325000.5,"Fst",0.0226745469259632,0,0.0247836920390072,0.0835659499559913
"5321001","5331000",5326000.5,"Fst",0.0229782792385306,0,0.0251115961350261,0.0849539422700508
"5322001","5332000",5327000.5,"Fst",0.0179754920429877,0,0.025144431093972,0.0920901057956894
"5323001","5333000",5328000.5,"Fst",0.0255601002770814,0,0.0265475986110851,0.0889385059075263
"5324001","5334000",5329000.5,"Fst",0.0264140271493212,0,0.0261940990497573,0.0870584934310423
"5325001","5335000",5330000.5,"Fst",0.0178920503304468,0,0.0301867689425568,0.113725986377343
"5326001","5336000",5331000.5,"Fst",0.0223842371899127,0,0.0399320314093117,0.122825376062786
"5327001","5337000",5332000.5,"Fst",0.0224207981732715,0,0.0403761891682578,0.125732323232323
"5328001","5338000",5333000.5,"Fst",0.0202929214566142,0,0.0396990490149609,0.116985425765106
"5329001","5339000",5334000.5,"Fst",0.0221749822850236,0,0.0405305339864472,0.111594869436353
"5330001","5340000",5335000.5,"Fst",0.0198475987949673,0,0.042963376763766,0.114567447226579
"5331001","5341000",5336000.5,"Fst",0.0194216846577363,0,0.0419903653873298,0.112230698594335
"5332001","5342000",5337000.5,"Fst",0.0190403332058312,0,0.0411196123596894,0.110134128166915
"5333001","5343000",5338000.5,"Fst",0.0145502246993549,0,0.0414139862355244,0.114345173511677
"5334001","5344000",5339000.5,"Fst",0.012720531911634,0,0.041389017978304,0.111210902824918
"5335001","5345000",5340000.5,"Fst",0.015040686544696,0,0.0414004924057225,0.108050983371318
"5336001","5346000",5341000.5,"Fst",0.00582994751989152,0,0.0317074254046645,0.0920000402564335
"5337001","5347000",5342000.5,"Fst",0.0105817769732292,0,0.0443066649957906,0.13955836390814
"5338001","5348000",5343000.5,"Fst",0.0192132796036824,0,0.040117226194112,0.134105582985188
"5339001","5349000",5344000.5,"Fst",0.0276325136925086,0,0.0318337855197359,0.109049949165807
"5340001","5350000",5345000.5,"Fst",0.0276813590449954,0,0.0319033986377125,0.109234511458883
"5341001","5351000",5346000.5,"Fst",0.0223726627981946,0,0.0351468562748004,0.121757249333551
"5342001","5352000",5347000.5,"Fst",0.0309250499923088,0,0.0318832211865084,0.110415656950311
"5343001","5353000",5348000.5,"Fst",0.0303002565702796,0,0.0317046002825193,0.106639896108962
"5344001","5354000",5349000.5,"Fst",0.0318189092072912,0,0.0320909898812064,0.111789569514891
"5345001","5355000",5350000.5,"Fst",0.031264083678068,0,0.0338857387248555,0.115806150747565
"5346001","5356000",5351000.5,"Fst",0.0322055321786214,0,0.0333308491474087,0.112314411500694
"5347001","5357000",5352000.5,"Fst",0.0332612284396879,0,0.0315606898455193,0.0982782211039589
"5348001","5358000",5353000.5,"Fst",0.0321021975112523,0,0.0331902901450039,0.10939138879337
"5349001","5359000",5354000.5,"Fst",0.0437548562548563,0,0.039621103024054,0.114490478143816
"5350001","5360000",5355000.5,"Fst",0.0357007200918007,0,0.0377715709993784,0.0999283592886008
"5351001","5361000",5356000.5,"Fst",0.0429218584272559,0,0.0377251537544208,0.0929182818891059
"5352001","5362000",5357000.5,"Fst",0.0372023967963847,0,0.0402456939732181,0.0976963689506578
"5353001","5363000",5358000.5,"Fst",0.0396150782270657,0,0.0435451052792897,0.106414410388192
"5354001","5364000",5359000.5,"Fst",0.0440615632635583,0,0.0408611994619354,0.089555031234084
"5355001","5365000",5360000.5,"Fst",0.0450924184605646,0,0.0360260512509605,0.0733528678576897
"5356001","5366000",5361000.5,"Fst",0.0380617997174388,0,0.0372817618756755,0.062935231108119
"5357001","5367000",5362000.5,"Fst",0.0390286583091882,0,0.0381738413928405,0.0645047125530396
"5358001","5368000",5363000.5,"Fst",0.0392025853252793,0,0.0366564550170056,0.0614616228806916
"5359001","5369000",5364000.5,"Fst",0.0243832905703411,0,0.0296909397457131,0.0606440845216267
"5360001","5370000",5365000.5,"Fst",0.0340743198407433,0,0.0374840163682344,0.0811584875301689
"5361001","5371000",5366000.5,"Fst",0.0331018033553044,0,0.0364351031384934,0.0790050748699955
"5362001","5372000",5367000.5,"Fst",0.0395585460706174,0,0.0339668224157164,0.0737086669316526
"5363001","5373000",5368000.5,"Fst",0.0398965453176489,0,0.034219156675458,0.0752309638200768
"5364001","5374000",5369000.5,"Fst",0.03259931280784,0,0.0355903273480763,0.0727876154740746
"5365001","5375000",5370000.5,"Fst",0.0332342591643607,0,0.0355610468480468,0.0737709086486905
"5366001","5376000",5371000.5,"Fst",0.039248329531298,0,0.0318751156368467,0.0953763642618131
"5367001","5377000",5372000.5,"Fst",0.0359292263980369,0,0.0344232088932858,0.0852249925293256
"5368001","5378000",5373000.5,"Fst",0.0397420533013755,0,0.0313033505288801,0.075653806653734
"5369001","5379000",5374000.5,"Fst",0.0411729927870405,0,0.0325058755296712,0.0784657180514835
"5370001","5380000",5375000.5,"Fst",0.0419061942959001,0,0.0222891396395634,0.0748301665574674
"5371001","5381000",5376000.5,"Fst",0.0429422551391,0,0.0228190426598926,0.0766947055912915
"5372001","5382000",5377000.5,"Fst",0.0323728393161077,0,0.0240915687425946,0.0870828741206272
"5373001","5383000",5378000.5,"Fst",0.030907294448119,0,0.0230611325433245,0.0833098263518275
"5374001","5384000",5379000.5,"Fst",0.0334640589024112,0,0.0253050330410572,0.0876800225634156
"5375001","5385000",5380000.5,"Fst",0.0334870747956414,0,0.0241721774731446,0.0864870661487989
"5376001","5386000",5381000.5,"Fst",0.0312108220468348,0,0.0242564453090768,0.0844868642673224
"5377001","5387000",5382000.5,"Fst",0.0336944575286543,0,0.0177058623586203,0.0300696055684455
"5378001","5388000",5383000.5,"Fst",0.0122927791717602,0,0.0147257393207271,0.0267575757575759
"5379001","5389000",5384000.5,"Fst",0.0291655011655013,0,0.0268393922614291,0.0677649686864256
"5380001","5390000",5385000.5,"Fst",0.0289413118527042,0,0.0266327816178064,0.0682407445035965
"5381001","5391000",5386000.5,"Fst",0.028608341575116,0,0.0200570838686229,0.043994853365278
"5382001","5392000",5387000.5,"Fst",0.0294518123368979,0,0.0183209965318567,0.0403694083694083
"5383001","5393000",5388000.5,"Fst",0.0303760496531581,0,0.0188684798010161,0.0413944128787878
"5384001","5394000",5389000.5,"Fst",0.0302397049784882,0,0.022382406772942,0.0445575315061169
"5385001","5395000",5390000.5,"Fst",0.0302001496445939,0,0.0215164766122065,0.0457505884083553
"5386001","5396000",5391000.5,"Fst",0.0327953694245827,0,0.0219724369105122,0.0435585690904839
"5387001","5397000",5392000.5,"Fst",0.0363882230007991,0,0.0247910978913115,0.0529556433904261
"5388001","5398000",5393000.5,"Fst",0.0375301128439202,0,0.0255689755227685,0.0545038692413393
"5389001","5399000",5394000.5,"Fst",0.0315768349229485,0,0.0159711830338615,0.0271871212759476
"5390001","5400000",5395000.5,"Fst",0.0263327449249781,0,0.0247357141087695,0.0595859379480413
"5391001","5401000",5396000.5,"Fst",0.0256515003502956,0,0.0286131292547831,0.0730094141177281
"5392001","5402000",5397000.5,"Fst",0.0362161229069565,0,0.0309961363512419,0.0854691264568339
"5393001","5403000",5398000.5,"Fst",0.0362161229069565,0,0.0309975577815344,0.0854691264568339
"5394001","5404000",5399000.5,"Fst",0.0358265027322405,0,0.030508417916385,0.0840662509666199
"5395001","5405000",5400000.5,"Fst",0.0380703259005146,0,0.0282689034166612,0.0780728207766214
"5396001","5406000",5401000.5,"Fst",0.036968681306723,0,0.028940522444887,0.0775755626231622
"5397001","5407000",5402000.5,"Fst",0.0327079107505069,0,0.0268595120373896,0.0705543350687652
"5398001","5408000",5403000.5,"Fst",0.0287823549672145,0,0.0277419788127812,0.0663146871064431
"5399001","5409000",5404000.5,"Fst",0.0281000750846473,0,0.0293496665439553,0.0725262696871301
"5400001","5410000",5405000.5,"Fst",0.030498771997858,0,0.0294967685131655,0.0545805336830938
"5401001","5411000",5406000.5,"Fst",0.0312810542233743,0,0.0321472928485817,0.0593605869721241
"5402001","5412000",5407000.5,"Fst",0.0187612935385382,0,0.0172332802704358,0.0315939175144951
"5403001","5413000",5408000.5,"Fst",0.0188064082945567,0,0.0172731272754829,0.0315215018554901
"5404001","5414000",5409000.5,"Fst",0.0194615906667097,0,0.0179523253467307,0.0325665313486694
"5405001","5415000",5410000.5,"Fst",0.00365746439247394,0,0.0271715397437659,0.0645252738804537
"5406001","5416000",5411000.5,"Fst",0.0031065423379496,0,0.0274497307813343,0.06523752109959
"5407001","5417000",5412000.5,"Fst",0.00382001836547297,0,0.0285025064017859,0.0686639309181541
"5408001","5418000",5413000.5,"Fst",0.0049765625784175,0,0.0290807137781873,0.0818384288317473
"5409001","5419000",5414000.5,"Fst",0.00556029650452616,0,0.0262469863064849,0.0688338317650968
"5410001","5420000",5415000.5,"Fst",0.00727510865035419,0,0.0265709829347833,0.067033579033579
"5411001","5421000",5416000.5,"Fst",0.0116447869528205,0,0.0228151852379456,0.0589873803971142
"5412001","5422000",5417000.5,"Fst",0.00540840463744396,0,0.0305224134413601,0.0711993411149925
"5413001","5423000",5418000.5,"Fst",0.00680423870607905,0,0.0285977344572193,0.0673741584998285
"5414001","5424000",5419000.5,"Fst",0.00590284240474348,0,0.0267428492065567,0.0638867305533971
"5415001","5425000",5420000.5,"Fst",0.0121212121212121,0,0.0209536719673663,0.0454197600803045
"5416001","5426000",5421000.5,"Fst",0.0175142427737583,0,0.02051975816836,0.0372728135324206
"5417001","5427000",5422000.5,"Fst",0.0164846709280304,0,0.0171179783735255,0.0313011267170861
"5418001","5428000",5423000.5,"Fst",0.0152178054114187,0,0.0178619054990884,0.0314277723606734
"5419001","5429000",5424000.5,"Fst",0.0161864039164652,0,0.0167621207044866,0.0293779904306221
"5420001","5430000",5425000.5,"Fst",0.00533616809060722,0,0.0258153714165053,0.0556683362279524
"5421001","5431000",5426000.5,"Fst",0.00379835218544888,0,0.0271786533449821,0.0575883431170097
"5422001","5432000",5427000.5,"Fst",0.0038456100664499,0,0.0274666191231508,0.0581976092553427
"5423001","5433000",5428000.5,"Fst",0.00418715751018695,0,0.0273668053423839,0.0581976092553427
"5424001","5434000",5429000.5,"Fst",0.00410274776656916,0,0.026431566790103,0.0592366558179001
"5425001","5435000",5430000.5,"Fst",0.00442618386497196,0,0.0300968486093239,0.0678038424381018
"5426001","5436000",5431000.5,"Fst",0,0,0.0320280703953733,0.0723379558167966
"5427001","5437000",5432000.5,"Fst",0,0,0.0395578337874089,0.0871562130670264
"5428001","5438000",5433000.5,"Fst",0,0,0.0404624605113456,0.0866431809238758
"5429001","5439000",5434000.5,"Fst",0,0,0.0367949346427007,0.0808885071142241
"5430001","5440000",5435000.5,"Fst",0.00178519452799064,0,0.0197492670218388,0.0314088230885601
"5431001","5441000",5436000.5,"Fst",0.000605084663055533,0,0.0226201612340362,0.0346333853354134
"5432001","5442000",5437000.5,"Fst",0,0,0.0246272051357447,0.0397621556917392
"5433001","5443000",5438000.5,"Fst",0,0,0.0259539207693788,0.0388639159118863
"5434001","5444000",5439000.5,"Fst",0,0,0.0274079423276239,0.0394556087187666
"5435001","5445000",5440000.5,"Fst",0,0,0.0268960178075742,0.0814740697389039
"5436001","5446000",5441000.5,"Fst",0,0,0.0262422718709083,0.0798160576501526
"5437001","5447000",5442000.5,"Fst",0,0,0.0246725402594973,0.0707377728654324
"5438001","5448000",5443000.5,"Fst",0.0193971422979055,0,0.0234194821256155,0.0525915663078618
"5439001","5449000",5444000.5,"Fst",0.020006104207543,0,0.0238176059060001,0.0531505462227053
"5440001","5450000",5445000.5,"Fst",0.0209951061792175,0,0.0238800678793666,0.0532158273065387
"5441001","5451000",5446000.5,"Fst",0.0205118275405815,0,0.0250285800883513,0.0533615606283658
"5442001","5452000",5447000.5,"Fst",0.0264656145626928,0,0.022449276533333,0.0530271168697599
"5443001","5453000",5448000.5,"Fst",0.0292832802636724,0,0.0231533503254567,0.0576957123962467
"5444001","5454000",5449000.5,"Fst",0.0294734099377263,0,0.023388079445341,0.0604026401800817
"5445001","5455000",5450000.5,"Fst",0.0358605721884545,0,0.0239375410436251,0.0452579346503137
"5446001","5456000",5451000.5,"Fst",0.0358605721884545,0,0.023938920370556,0.0460843486410495
"5447001","5457000",5452000.5,"Fst",0.0389126638136756,0,0.0221435150912754,0.0538305661305003
"5448001","5458000",5453000.5,"Fst",0.00946741511500548,0,0.0214503031412027,0.0392660259675575
"5449001","5459000",5454000.5,"Fst",0.00739654610622342,0,0.0305696943332778,0.0507102103886842
"5450001","5460000",5455000.5,"Fst",0.00697477568985949,0,0.0310479851753841,0.0519303675048355
"5451001","5461000",5456000.5,"Fst",0.00790835181079097,0,0.0267456087683053,0.044518444720429
"5452001","5462000",5457000.5,"Fst",0,0,0.0426346672557172,0.0579178653852233
"5453001","5463000",5458000.5,"Fst",0,0,0.0462146917015661,0.0627388262173355
"5454001","5464000",5459000.5,"Fst",0.00280294910519985,0,0.0397442580322109,0.0580952479943218
"5455001","5465000",5460000.5,"Fst",0.00125500869433715,0,0.051962077970889,0.06993863810899
"5456001","5466000",5461000.5,"Fst",0,0,0.0578186727630804,0.0759626369748686
"5457001","5467000",5462000.5,"Fst",0,0,0.0583559483292691,0.0765847503641868
"5458001","5468000",5463000.5,"Fst",0,0,0.0624991775736274,0.0809688304034546
"5459001","5469000",5464000.5,"Fst",0,0,0.0665752395990812,0.085037007488217
"5460001","5470000",5465000.5,"Fst",0,0,0.0472778811357933,0.0743724778609473
"5461001","5471000",5466000.5,"Fst",0,0,0.0514578754487092,0.0793147911720435
"5462001","5472000",5467000.5,"Fst",0,0,0.0441943896239065,0.0702101164725868
"5463001","5473000",5468000.5,"Fst",0,0,0.0402630041021484,0.0636396697161727
"5464001","5474000",5469000.5,"Fst",0,0,0.041858253809657,0.0655496374498576
"5465001","5475000",5470000.5,"Fst",0.00124015579524062,0,0.0383522319232389,0.0592310947559136
"5466001","5476000",5471000.5,"Fst",0.00303767603037675,0,0.0341196424838833,0.0546824173942818
"5467001","5477000",5472000.5,"Fst",0.00335277826881153,0,0.033884211873206,0.0561006289308178
"5468001","5478000",5473000.5,"Fst",0.0105092954695869,0,0.0301657171083621,0.0564283375604132
"5469001","5479000",5474000.5,"Fst",0.0130294345880922,0,0.028073888845148,0.0648309289367223
"5470001","5480000",5475000.5,"Fst",0.0235675224225229,0,0.0260132894841395,0.0732386101680708
"5471001","5481000",5476000.5,"Fst",0.0245533047473392,0,0.0260625108405304,0.075090793022453
"5472001","5482000",5477000.5,"Fst",0.0352001594896333,0,0.0253712374318874,0.071774712427224
"5473001","5483000",5478000.5,"Fst",0.0416392060095889,0,0.0227914912112163,0.0722395553164785
"5474001","5484000",5479000.5,"Fst",0.0438138288967018,0,0.0248506652040354,0.0781512558683503
"5475001","5485000",5480000.5,"Fst",0.0250993304101435,0,0.0291770783565885,0.0948660577453566
"5476001","5486000",5481000.5,"Fst",0.0276608698961147,0,0.0246087677896251,0.0834185374527674
"5477001","5487000",5482000.5,"Fst",0.0270515655918985,0,0.0219931547994704,0.0726735725140828
"5478001","5488000",5483000.5,"Fst",0.0173053613053613,0,0.0208176695751611,0.0792102652715112
"5479001","5489000",5484000.5,"Fst",0.0224014652530732,0,0.0211552414354989,0.0729302758120124
"5480001","5490000",5485000.5,"Fst",0.0143651043305023,0,0.0191066257690085,0.0453425812830803
"5481001","5491000",5486000.5,"Fst",0.0144309877868056,0,0.0186174904126229,0.0437808191964127
"5482001","5492000",5487000.5,"Fst",0.00949404709358115,0,0.0281004369210873,0.0716614731517861
"5483001","5493000",5488000.5,"Fst",0.00982951383619157,0,0.0298981986692389,0.0765149999090363
"5484001","5494000",5489000.5,"Fst",0.00982951383619157,0,0.0298968116437793,0.0764079645374609
"5485001","5495000",5490000.5,"Fst",0.0100320568414696,0,0.0269813804207192,0.0870558110046228
"5486001","5496000",5491000.5,"Fst",0.00831209804635369,0,0.0319950317446499,0.0923161303251802
"5487001","5497000",5492000.5,"Fst",0.00178807596677777,0,0.0358818336695531,0.102548732539617
"5488001","5498000",5493000.5,"Fst",0,0,0.0384631811100054,0.109787179562935
"5489001","5499000",5494000.5,"Fst",0,0,0.0352265307377347,0.0946121540296865
"5490001","5500000",5495000.5,"Fst",0,0,0.0323603028341306,0.0805566459617767
"5491001","5501000",5496000.5,"Fst",0,0,0.0305296556016334,0.068536706738954
"5492001","5502000",5497000.5,"Fst",0,0,0.0285448588642066,0.0608806732792304
"5493001","5503000",5498000.5,"Fst",0,0,0.0273524625909416,0.0560225915064625
"5494001","5504000",5499000.5,"Fst",0,0,0.027625354051185,0.0566144389869111
"5495001","5505000",5500000.5,"Fst",0.00218974871881117,0,0.028552410343192,0.0461090398039421
"5496001","5506000",5501000.5,"Fst",0.00392765474840329,0,0.0275086554920436,0.0446678616891382
"5497001","5507000",5502000.5,"Fst",0.00647618683951767,0,0.0242277152105261,0.0451251375627991
"5498001","5508000",5503000.5,"Fst",0.00627307307681524,0,0.023952414240754,0.044074535044533
"5499001","5509000",5504000.5,"Fst",0.00687118094525507,0,0.0259822226092995,0.0477828389562934
"5500001","5510000",5505000.5,"Fst",0.00454149191464814,0,0.0277889741598755,0.0566264943738376
"5501001","5511000",5506000.5,"Fst",0.00577942816974575,0,0.02945924126447,0.0627373591431893
"5502001","5512000",5507000.5,"Fst",0.006448098175592,0,0.0294533366503439,0.0654949265870302
"5503001","5513000",5508000.5,"Fst",0.00361374725215813,0,0.0322956821295193,0.075456976436979
"5504001","5514000",5509000.5,"Fst",0.0195542001166076,0,0.028894904423137,0.0713434468856903
"5505001","5515000",5510000.5,"Fst",0.0216169239565468,0,0.0266622405947045,0.0549226663338583
"5506001","5516000",5511000.5,"Fst",0.0194285302489822,0,0.0277447939351833,0.0659158583985821
"5507001","5517000",5512000.5,"Fst",0.0202772578063536,0,0.0283496989289763,0.0692389758179232
"5508001","5518000",5513000.5,"Fst",0.0207432039599873,0,0.0286439104874429,0.0688650479954827
"5509001","5519000",5514000.5,"Fst",0.0223841723015277,0,0.0305489701130851,0.0761591230941828
"5510001","5520000",5515000.5,"Fst",0.0387523442898036,0,0.0347651793573772,0.0922249268000143
"5511001","5521000",5516000.5,"Fst",0.0381202058452278,0,0.0341947533979458,0.0907459474469785
"5512001","5522000",5517000.5,"Fst",0.0385407296351825,0,0.0347672480768377,0.0940940833534519
"5513001","5523000",5518000.5,"Fst",0.0349541561392637,0,0.0305401888259017,0.0816696914700543
"5514001","5524000",5519000.5,"Fst",0,0,0.0196445327592869,0.0501512999360741
"5515001","5525000",5520000.5,"Fst",0,0,0.0194866574397856,0.0494501524917303
"5516001","5526000",5521000.5,"Fst",0.00458633553068633,0,0.0200688514936452,0.0434034780623311
"5517001","5527000",5522000.5,"Fst",0.0049047736153236,0,0.0214667659454001,0.0463941427699817
"5518001","5528000",5523000.5,"Fst",0.0046228046228044,0,0.0209103287146689,0.0502952602952602
"5519001","5529000",5524000.5,"Fst",0.00871511953306148,0,0.0185330874746087,0.0489779147406266
"5520001","5530000",5525000.5,"Fst",0.00871511953306148,0,0.0185330874746087,0.0489779147406266
"5521001","5531000",5526000.5,"Fst",0.0108937476026083,0,0.0176037816215869,0.0491761054056731
"5522001","5532000",5527000.5,"Fst",0.0136222033418295,0,0.0176275732286508,0.0436523916854494
"5523001","5533000",5528000.5,"Fst",0.0228949614018377,0,0.0175532985269804,0.0423604058458827
"5524001","5534000",5529000.5,"Fst",0.0234397639970394,0,0.0190772713120544,0.0437669748847997
"5525001","5535000",5530000.5,"Fst",0.0157379247960824,0,0.0269322823694815,0.0695942856714561
"5526001","5536000",5531000.5,"Fst",0.0182275984716427,0,0.0271349307919948,0.076507891627705
"5527001","5537000",5532000.5,"Fst",0.0179717542077898,0,0.0267538706647459,0.0755045094424238
"5528001","5538000",5533000.5,"Fst",0.0254332411205446,0,0.02614120708393,0.0738792410251582
"5529001","5539000",5534000.5,"Fst",0.0242424242424244,0,0.0279067268580473,0.0808678403663204
"5530001","5540000",5535000.5,"Fst",0.0573980172509818,0,0.0338859692738867,0.0621913446229554
"5531001","5541000",5536000.5,"Fst",0.0578320568138272,0,0.0351025161368382,0.0640694497496884
"5532001","5542000",5537000.5,"Fst",0.0588501352720587,0,0.0376551768133002,0.0653619671533755
"5533001","5543000",5538000.5,"Fst",0.053044137690739,0,0.0377341879102042,0.061068538892932
"5534001","5544000",5539000.5,"Fst",0.106882672882673,0,0.0323736239449627,0.0671665595467638
"5535001","5545000",5540000.5,"Fst",0.137277688957495,0,0.030428955375803,0.077391267947591
"5536001","5546000",5541000.5,"Fst",0.138821610601427,0,0.0316101951210325,0.0789182638840953
"5537001","5547000",5542000.5,"Fst",0.131663126022514,0,0.0294759149167838,0.0729173867957138
"5538001","5548000",5543000.5,"Fst",0.134780866516404,0,0.0294605011206882,0.0712215920697352
"5539001","5549000",5544000.5,"Fst",0.131332417251272,0,0.0292091442020634,0.0682364488961014
"5540001","5550000",5545000.5,"Fst",0.126703268519364,0,0.0221569562032184,0.0521690578054111
"5541001","5551000",5546000.5,"Fst",0.116084781019846,0,0.0216636598295077,0.0477419111909748
"5542001","5552000",5547000.5,"Fst",0.100343190945601,0,0.020944646988374,0.0415180436389343
"5543001","5553000",5548000.5,"Fst",0.10636274553472,0,0.0227652590102891,0.0425207370405329
"5544001","5554000",5549000.5,"Fst",0.0546339843966136,0,0.0191377052136659,0.0439098480231935
"5545001","5555000",5550000.5,"Fst",0.0135170481662606,0,0.0209104568866555,0.0413560757273332
"5546001","5556000",5551000.5,"Fst",0.0129618851769938,0,0.0220706720118975,0.0435277741035379
"5547001","5557000",5552000.5,"Fst",0.0125693296602387,0,0.022468598495193,0.0486338562934308
"5548001","5558000",5553000.5,"Fst",0.00529195168918639,0,0.0242712103927326,0.055494913057397
"5549001","5559000",5554000.5,"Fst",0.00174490993290888,0,0.0258605271328786,0.061319983829209
"5550001","5560000",5555000.5,"Fst",0.000660690105990569,0,0.0321783227352536,0.0739774525097636
"5551001","5561000",5556000.5,"Fst",0.00444724333888113,0,0.0369163294380728,0.0969949028174536
"5552001","5562000",5557000.5,"Fst",0.0131566925536775,0,0.0174985086498309,0.0222535822839772
"5553001","5563000",5558000.5,"Fst",0.0141117779259589,0,0.0239499658837054,0.0539240667600969
"5554001","5564000",5559000.5,"Fst",0.00709993828964883,0,0.0294627340956123,0.0689055087115954
"5555001","5565000",5560000.5,"Fst",0.00665084580747233,0,0.0280665220224435,0.065828797624938
"5556001","5566000",5561000.5,"Fst",0.00660442913683201,0,0.0280665220224435,0.065828797624938
"5557001","5567000",5562000.5,"Fst",0.00569092991773412,0,0.0243987025622511,0.0576270011781828
"5558001","5568000",5563000.5,"Fst",0.00454261185968519,0,0.0251726333869045,0.0613468810878949
"5559001","5569000",5564000.5,"Fst",0.0555427884795915,0,0.0374016505308776,0.127336477372337
"5560001","5570000",5565000.5,"Fst",0.0582320761048549,0,0.039391055774352,0.132864931622387
"5561001","5571000",5566000.5,"Fst",0.0573658092553441,0,0.0382735046415245,0.124155236576289
"5562001","5572000",5567000.5,"Fst",0.0573658092553441,0,0.0382735046415245,0.124155236576289
"5563001","5573000",5568000.5,"Fst",0.0597702245316298,0,0.0418233241391332,0.135493977205207
"5564001","5574000",5569000.5,"Fst",0.0511465278907138,0,0.0346383400464614,0.11558872958353
"5565001","5575000",5570000.5,"Fst",0.0517951251646903,0,0.0350936980672156,0.117008240297714
"5566001","5576000",5571000.5,"Fst",0.0519353732577605,0,0.034717960472822,0.114168327017489
"5567001","5577000",5572000.5,"Fst",0.0499303447044115,0,0.0318471258938198,0.101430864559781
"5568001","5578000",5573000.5,"Fst",0.0489871731968878,0,0.0311438244867494,0.0994483178772084
"5569001","5579000",5574000.5,"Fst",0.0223851417399804,0,0.022987044643731,0.0567429151253186
"5570001","5580000",5575000.5,"Fst",0.0223851417399804,0,0.022987044643731,0.0567429151253186
"5571001","5581000",5576000.5,"Fst",0.0216066481994459,0,0.0231453732051059,0.0539504845439375
"5572001","5582000",5577000.5,"Fst",0.0202597402597401,0,0.0218809830131426,0.050931309659072
"5573001","5583000",5578000.5,"Fst",0.0223186119873817,0,0.0233853073438388,0.054874203810374
"5574001","5584000",5579000.5,"Fst",0.0279669421487602,0,0.0180887125342107,0.0444141110807778
"5575001","5585000",5580000.5,"Fst",0.0288049029622064,0,0.0185579327216529,0.0456948475486064
"5576001","5586000",5581000.5,"Fst",0.0257519432240622,0,0.0163839036284425,0.0423959512133786
"5577001","5587000",5582000.5,"Fst",0.0234836702954898,0,0.0224373178294981,0.0448959117130675
"5578001","5588000",5583000.5,"Fst",0.0226217228464419,0,0.0216236619452956,0.0432994678277697
"5579001","5589000",5584000.5,"Fst",0.00642826367944849,0,0.00923700383003631,0.0114519920438794
"5580001","5590000",5585000.5,"Fst",0.0142917547568711,0,0.0167851363799701,0.0351802504590831
"5581001","5591000",5586000.5,"Fst",0.0104683195592287,0,0.0169698091960839,0.0352228483498274
"5582001","5592000",5587000.5,"Fst",0.0114515318935209,0,0.0182416839043831,0.0379973412806088
"5583001","5593000",5588000.5,"Fst",0.0106841611996251,0,0.0167995556071249,0.0356693351598956
"5584001","5594000",5589000.5,"Fst",0.0700075990881094,0,0.0374625346639091,0.0952547333135427
"5585001","5595000",5590000.5,"Fst",0.0657440290948145,0,0.0347061742884875,0.0872560192818773
"5586001","5596000",5591000.5,"Fst",0.067361628195582,0,0.0334722125413951,0.0797129101679499
"5587001","5597000",5592000.5,"Fst",0.0627958416279585,0,0.0297563117555844,0.0711629491127221
"5588001","5598000",5593000.5,"Fst",0.0660155795837694,0,0.0314709652021065,0.0751396299531019
"5589001","5599000",5594000.5,"Fst",0.0606818424708775,0,0.0288218068562848,0.0689989823357752
"5590001","5600000",5595000.5,"Fst",0.059486416341137,0,0.0258486391059952,0.0498353779720007
"5591001","5601000",5596000.5,"Fst",0.0570668451721976,0,0.0249646915730881,0.0489246923289478
"5592001","5602000",5597000.5,"Fst",0.0569539373383353,0,0.0250257575837091,0.0489246923289478
"5593001","5603000",5598000.5,"Fst",0.0506076471521498,0,0.0251239898614048,0.046808049870837
"5594001","5604000",5599000.5,"Fst",0.0171932961353103,0,0.0207902828356627,0.0396241690556212
"5595001","5605000",5600000.5,"Fst",0.0161036566843689,0,0.0205372874769517,0.0400895429779935
"5596001","5606000",5601000.5,"Fst",0.0148248282077278,0,0.0277171036935822,0.0863935791625654
"5597001","5607000",5602000.5,"Fst",0.0373754781768568,0,0.0271079447952712,0.0678523906168697
"5598001","5608000",5603000.5,"Fst",0.0361250593319843,0,0.0261431169027901,0.0654434926775351
"5599001","5609000",5604000.5,"Fst",0.0385736769099445,0,0.0279248890661594,0.0696207368909949
"5600001","5610000",5605000.5,"Fst",0.038715947352311,0,0.0320936847856617,0.0828252459843578
"5601001","5611000",5606000.5,"Fst",0.0321446221875407,0,0.0308103319763743,0.0793965119170249
"5602001","5612000",5607000.5,"Fst",0.034967434967435,0,0.0281122588135096,0.073371965250877
"5603001","5613000",5608000.5,"Fst",0.0376412284889402,0,0.0280883207142454,0.0767197928528912
"5604001","5614000",5609000.5,"Fst",0.0387083954297069,0,0.0289795491992955,0.0789278681550908
"5605001","5615000",5610000.5,"Fst",0.0382324473233564,0,0.0275507740042384,0.0789865708188908
"5606001","5616000",5611000.5,"Fst",0.0422659179798875,0,0.0276022524707961,0.0577261565080237
"5607001","5617000",5612000.5,"Fst",0.0186619371366639,0,0.0229485201913065,0.0562543526008464
"5608001","5618000",5613000.5,"Fst",0.0195246382746382,0,0.0238863030276935,0.0538435199452147
"5609001","5619000",5614000.5,"Fst",0.0226094748144199,0,0.0211844243654123,0.0482977446188146
"5610001","5620000",5615000.5,"Fst",0.0208623518123008,0,0.0211497329893002,0.0467541345265006
"5611001","5621000",5616000.5,"Fst",0.0372181224154081,0,0.0179352841539568,0.0444764909758728
"5612001","5622000",5617000.5,"Fst",0.0325521927000215,0,0.0189282972002,0.0482720333102011
"5613001","5623000",5618000.5,"Fst",0.0324082121405257,0,0.0200368557504427,0.0498973991887378
"5614001","5624000",5619000.5,"Fst",0.0302551058025512,0,0.0207553953771927,0.0469792663476873
"5615001","5625000",5620000.5,"Fst",0.0208451086342158,0,0.0244359038095607,0.0581967381832902
"5616001","5626000",5621000.5,"Fst",0.0206350934494647,0,0.0233592047650667,0.0564600678384213
"5617001","5627000",5622000.5,"Fst",0.021447953515464,0,0.0229798020948098,0.0546925724398275
"5618001","5628000",5623000.5,"Fst",0.0212136610002462,0,0.0248763070017745,0.0585094793577309
"5619001","5629000",5624000.5,"Fst",0.0172851889000334,0,0.0236965695331474,0.0556606656146348
"5620001","5630000",5625000.5,"Fst",0.0180123682606044,0,0.0246710443426776,0.0577452263034534
"5621001","5631000",5626000.5,"Fst",0.00277473530485561,0,0.0277781333378098,0.0788334106680152
"5622001","5632000",5627000.5,"Fst",0.0081470442126178,0,0.0373798829842046,0.0794650455927053
"5623001","5633000",5628000.5,"Fst",0.0129005628255311,0,0.0497794039900748,0.122046061220441
"5624001","5634000",5629000.5,"Fst",0.0129193646349122,0,0.0491248519294034,0.119725050999926
"5625001","5635000",5630000.5,"Fst",0.0267521520740406,0,0.0523561510387247,0.131206011707907
"5626001","5636000",5631000.5,"Fst",0.0264272999762898,0,0.0530749132834463,0.132042840919874
"5627001","5637000",5632000.5,"Fst",0.0266078414199802,0,0.0549405462749976,0.135095321623325
"5628001","5638000",5633000.5,"Fst",0.0270736821227705,0,0.0534618441543445,0.131195314482167
"5629001","5639000",5634000.5,"Fst",0.0280629151485163,0,0.0562032131067791,0.139311640814197
"5630001","5640000",5635000.5,"Fst",0.0280629151485163,0,0.0562032131067791,0.139311640814197
"5631001","5641000",5636000.5,"Fst",0.0223118305135253,0,0.0548087148067717,0.136465371028259
"5632001","5642000",5637000.5,"Fst",0.0271216592073867,0,0.0501082009868609,0.141551028110447
"5633001","5643000",5638000.5,"Fst",0.0319820629337717,0,0.0455411959036744,0.103683970696484
"5634001","5644000",5639000.5,"Fst",0.0221198910424569,0,0.059600330179455,0.144034247370568
"5635001","5645000",5640000.5,"Fst",0,0,0.073571856396444,0.179629682651866
"5636001","5646000",5641000.5,"Fst",0,0,0.0726551950121269,0.175917973182856
"5637001","5647000",5642000.5,"Fst",0,0,0.0590999896875454,0.146963087373013
"5638001","5648000",5643000.5,"Fst",0,0,0.0612671195233263,0.154783539495704
"5639001","5649000",5644000.5,"Fst",0,0,0.0599334474271616,0.151596233663103
"5640001","5650000",5645000.5,"Fst",0.017524181437119,0,0.0578511729755808,0.178235618278413
"5641001","5651000",5646000.5,"Fst",0.0361497062734999,0,0.0587267618290157,0.19148361592958
"5642001","5652000",5647000.5,"Fst",0.0411002562525334,0,0.0587420083547644,0.199058832112794
"5643001","5653000",5648000.5,"Fst",0.041901648930659,0,0.0610895808108675,0.209309860676099
"5644001","5654000",5649000.5,"Fst",0.0445315321813762,0,0.0572128083531658,0.194568514029605
"5645001","5655000",5650000.5,"Fst",0.034466752869072,0,0.0572392001847105,0.187115382676575
"5646001","5656000",5651000.5,"Fst",0.0317646361181392,0,0.0531998422799683,0.176664138078284
"5647001","5657000",5652000.5,"Fst",0.0303036377303478,0,0.0519490136927716,0.171837416371021
"5648001","5658000",5653000.5,"Fst",0.030134503957198,0,0.0516800958600059,0.171003446936357
"5649001","5659000",5654000.5,"Fst",0.0292517482517483,0,0.0500441697240519,0.165710234656313
"5650001","5660000",5655000.5,"Fst",0.0257424785922196,0,0.0491850256679564,0.154651966966356
"5651001","5661000",5656000.5,"Fst",0.0184242906774753,0,0.0430688604880202,0.133948406944397
"5652001","5662000",5657000.5,"Fst",0.0042193804592362,0,0.038485722167669,0.0898250930027364
"5653001","5663000",5658000.5,"Fst",0,0,0.03064219878768,0.0691622103386808
"5654001","5664000",5659000.5,"Fst",0,0,0.0321335302769297,0.0717758578474239
"5655001","5665000",5660000.5,"Fst",0,0,0.0337534033645539,0.0668900827654076
"5656001","5666000",5661000.5,"Fst",0,0,0.0302844781155473,0.0607734452442789
"5657001","5667000",5662000.5,"Fst",0,0,0.0266722253213954,0.0518654941803001
"5658001","5668000",5663000.5,"Fst",0,0,0.024747555373704,0.0488177530233954
"5659001","5669000",5664000.5,"Fst",0.00582011930862181,0,0.0246962783125312,0.0441049196298496
"5660001","5670000",5665000.5,"Fst",0.00566871349408415,0,0.0246047974195839,0.0440528884349108
"5661001","5671000",5666000.5,"Fst",0.00860965677719616,0,0.0219927135509527,0.0464221178622933
"5662001","5672000",5667000.5,"Fst",0.0219994958751479,0,0.0193147375274584,0.0428861303913078
"5663001","5673000",5668000.5,"Fst",0.0234431542842757,0,0.0202131000217697,0.04534339023422
"5664001","5674000",5669000.5,"Fst",0.0241289547456949,0,0.0209617857691344,0.0472137904665985
"5665001","5675000",5670000.5,"Fst",0.0289845188569868,0,0.0213894269512312,0.0523985280751924
"5666001","5676000",5671000.5,"Fst",0.0290226205719164,0,0.0214156919457549,0.0524656933739519
"5667001","5677000",5672000.5,"Fst",0.0298062593144561,0,0.02204910658325,0.0539881574364333
"5668001","5678000",5673000.5,"Fst",0.0316369804919424,0,0.0245276925841369,0.0581169278564896
"5669001","5679000",5674000.5,"Fst",0.033576339128087,0,0.022276601908981,0.0359959555106166
"5670001","5680000",5675000.5,"Fst",0.0371803757750596,0,0.0291736926499486,0.0782783391661562
"5671001","5681000",5676000.5,"Fst",0.0273799326599328,0,0.0331838353351132,0.0942790078854289
"5672001","5682000",5677000.5,"Fst",0.0182692399061166,0,0.0382593042476602,0.0976293490575244
"5673001","5683000",5678000.5,"Fst",0.0202657404789792,0,0.0356927941929636,0.0941077626319344
"5674001","5684000",5679000.5,"Fst",0.0204138641787807,0,0.0359510413512762,0.0947745039760428
"5675001","5685000",5680000.5,"Fst",0.0205641691141315,0,0.036251096487459,0.0954507602850736
"5676001","5686000",5681000.5,"Fst",0.0207167038229709,0,0.0365562028160441,0.0961367367027535
"5677001","5687000",5682000.5,"Fst",0.0208938237335186,0,0.0368284531781668,0.0969642501416023
"5678001","5688000",5683000.5,"Fst",0.0208938237335186,0,0.0368284531781668,0.0969642501416023
"5679001","5689000",5684000.5,"Fst",0.0208938237335186,0,0.0368284531781668,0.0969642501416023
"5680001","5690000",5685000.5,"Fst",0.014655078613786,0,0.0345946132596684,0.0873739979286084
"5681001","5691000",5686000.5,"Fst",0.027007871685606,0,0.0297963882764285,0.0628146210856816
"5682001","5692000",5687000.5,"Fst",0.0224552028330895,0,0.049292978351228,0.108897889718399
"5683001","5693000",5688000.5,"Fst",0.0281398254530423,0,0.0478823993355675,0.0954904801850581
"5684001","5694000",5689000.5,"Fst",0.030442337725183,0,0.0458558483211479,0.0827491671621227
"5685001","5695000",5690000.5,"Fst",0.0291826175726781,0,0.0460692011923738,0.0871216187641308
"5686001","5696000",5691000.5,"Fst",0.0301917538274973,0,0.0413818007413252,0.0784897395705527
"5687001","5697000",5692000.5,"Fst",0.0299973937972373,0,0.0409309220295132,0.0769975659755219
"5688001","5698000",5693000.5,"Fst",0.0296677760261577,0,0.0404606257191889,0.0760001811453562
"5689001","5699000",5694000.5,"Fst",0.0294972715662372,0,0.0402098235569666,0.075604725174652
"5690001","5700000",5695000.5,"Fst",0.0287281125952085,0,0.0397555080959817,0.0752593448383758
"5691001","5701000",5696000.5,"Fst",0.0264299393662843,0,0.0386331854229284,0.0710882092198581
"5692001","5702000",5697000.5,"Fst",0.0237257658068357,0,0.0369289396303924,0.0566672521124837
"5693001","5703000",5698000.5,"Fst",0.0159664622445704,0,0.0346389612879913,0.0620951231683183
"5694001","5704000",5699000.5,"Fst",0.00577892351798759,0,0.0352100010971069,0.0696726730290034
"5695001","5705000",5700000.5,"Fst",0.00152269874053379,0,0.0349139723903733,0.0862497769211552
"5696001","5706000",5701000.5,"Fst",0,0,0.0414572524005949,0.103087704868875
"5697001","5707000",5702000.5,"Fst",0,0,0.0405076515681168,0.104273415486099
"5698001","5708000",5703000.5,"Fst",0,0,0.040993443039702,0.105624695455204
"5699001","5709000",5704000.5,"Fst",0,0,0.0411432074958591,0.106054876033058
"5700001","5710000",5705000.5,"Fst",0,0,0.0413397571013126,0.107735311941644
"5701001","5711000",5706000.5,"Fst",0,0,0.0381689794598946,0.0883425197663136
"5702001","5712000",5707000.5,"Fst",0,0,0.0368451831734802,0.07884868292256
"5703001","5713000",5708000.5,"Fst",0,0,0.0396587379242567,0.0857134338703461
"5704001","5714000",5709000.5,"Fst",0,0,0.0407053773408379,0.10255010335029
"5705001","5715000",5710000.5,"Fst",0,0,0.0569649806926181,0.116156934164034
"5706001","5716000",5711000.5,"Fst",0,0,0.057067288005715,0.112668455898435
"5707001","5717000",5712000.5,"Fst",0,0,0.0499991465658639,0.0958844578178528
"5708001","5718000",5713000.5,"Fst",0,0,0.0481101172669368,0.0930937442662326
"5709001","5719000",5714000.5,"Fst",0,0,0.0456839604637767,0.0937923975893695
"5710001","5720000",5715000.5,"Fst",0,0,0.0430423950002992,0.0949009283496974
"5711001","5721000",5716000.5,"Fst",0,0,0.0453618471261414,0.0950386639464998
"5712001","5722000",5717000.5,"Fst",0.0042779841628674,0,0.045802582950949,0.0915707216362257
"5713001","5723000",5718000.5,"Fst",0.00699264494164686,0,0.0464976816751069,0.0960215000871322
"5714001","5724000",5719000.5,"Fst",0.00733984884896377,0,0.0459339684777187,0.0951092799812846
"5715001","5725000",5720000.5,"Fst",0.00763307685963199,0,0.0449837943599102,0.0855314296014364
"5716001","5726000",5721000.5,"Fst",0.00334120377263125,0,0.0401359681227296,0.0750705981803855
"5717001","5727000",5722000.5,"Fst",0.00363945952218447,0,0.038035026136717,0.0933599490210102
"5718001","5728000",5723000.5,"Fst",0.0043333712605137,0,0.0360928374138832,0.122373923849512
"5719001","5729000",5724000.5,"Fst",0.00263270366857726,0,0.036798484525721,0.14448762508225
"5720001","5730000",5725000.5,"Fst",5.94270307919809e-05,0,0.0388074356400831,0.15809501914342
"5721001","5731000",5726000.5,"Fst",6.59644414477967e-05,0,0.0389866185687118,0.159503174510006
"5722001","5732000",5727000.5,"Fst",0,0,0.0417592936201116,0.169244003092368
"5723001","5733000",5728000.5,"Fst",0,0,0.0368789613040461,0.15157958284773
"5724001","5734000",5729000.5,"Fst",0,0,0.0351913860137881,0.146157780334995
"5725001","5735000",5730000.5,"Fst",0,0,0.0360989125052428,0.151590007760607
"5726001","5736000",5731000.5,"Fst",0.00253504930093773,0,0.0386948228370973,0.139553752535497
"5727001","5737000",5732000.5,"Fst",0.00302670287395346,0,0.0328916993018731,0.116101895448509
"5728001","5738000",5733000.5,"Fst",0.00102027330637289,0,0.0297233385499498,0.0812273795818196
"5729001","5739000",5734000.5,"Fst",0.00137657802847169,0,0.0248947797589905,0.0556869621227031
"5730001","5740000",5735000.5,"Fst",0.00101161575380049,0,0.0250750446639478,0.0656357528250023
"5731001","5741000",5736000.5,"Fst",0.00698081312363941,0,0.0244326664757389,0.0599612332082896
"5732001","5742000",5737000.5,"Fst",0.00842941530564323,0,0.0248464431498209,0.0608899797246825
"5733001","5743000",5738000.5,"Fst",0.00415034296487449,0,0.0243272016224751,0.0518232979867703
"5734001","5744000",5739000.5,"Fst",0.00265842152237672,0,0.0254570124975181,0.0645066020205999
"5735001","5745000",5740000.5,"Fst",0.00268145647455997,0,0.0256434485197087,0.0649337980604712
"5736001","5746000",5741000.5,"Fst",0.00550375117698865,0,0.0246196338143775,0.0624092466604987
"5737001","5747000",5742000.5,"Fst",0.00667011461652678,0,0.0243285967555249,0.0697501467946946
"5738001","5748000",5743000.5,"Fst",0.020754770801837,0,0.0176764470449489,0.0452813030744749
"5739001","5749000",5744000.5,"Fst",0.020453780998685,0,0.0144083379171999,0.0341783612494341
"5740001","5750000",5745000.5,"Fst",0.00741439357098284,0,0.033959501487166,0.0975866675962968
"5741001","5751000",5746000.5,"Fst",0,0,0.0428925760507272,0.110483178002512
"5742001","5752000",5747000.5,"Fst",0.000827161586655301,0,0.0351952762671438,0.0946657516649075
"5743001","5753000",5748000.5,"Fst",0.000890855959372439,0,0.0368419664193836,0.0997036804386527
"5744001","5754000",5749000.5,"Fst",0.000433859985620844,0,0.0350836206913106,0.0967209578867009
"5745001","5755000",5750000.5,"Fst",0.0103878077505467,0,0.0336221367464147,0.0927897472800112
"5746001","5756000",5751000.5,"Fst",0.00599789283564123,0,0.031724974193794,0.0741961888734337
"5747001","5757000",5752000.5,"Fst",0.00600874268355933,0,0.0313502492907086,0.0730153449366771
"5748001","5758000",5753000.5,"Fst",0.00617164385602686,0,0.0316136250821017,0.0731209048513445
"5749001","5759000",5754000.5,"Fst",0.0056028620258175,0,0.0330631863444134,0.0769979938267692
"5750001","5760000",5755000.5,"Fst",0.00975510949067582,0,0.0313579508654667,0.0669616241080572
"5751001","5761000",5756000.5,"Fst",0.0175176757465475,0,0.0356875165278874,0.089674540962335
"5752001","5762000",5757000.5,"Fst",0.0141587429357214,0,0.0400104347676737,0.111120730242272
"5753001","5763000",5758000.5,"Fst",0.0149532088618383,0,0.0403243651623927,0.107894456731281
"5754001","5764000",5759000.5,"Fst",0.0159150886423615,0,0.040058642669911,0.108706850112261
"5755001","5765000",5760000.5,"Fst",0,0,0.0442655832916652,0.118919545295182
"5756001","5766000",5761000.5,"Fst",0.0020011189611876,0,0.0195969733088584,0.0340231837415818
"5757001","5767000",5762000.5,"Fst",0.00142938822184102,0,0.0231113156421821,0.0382361824222288
"5758001","5768000",5763000.5,"Fst",0.00147026960101526,0,0.0237455243983669,0.0391465677179963
"5759001","5769000",5764000.5,"Fst",0.00147026960101526,0,0.0237455243983669,0.0391465677179963
"5760001","5770000",5765000.5,"Fst",0.000622570770130393,0,0.0256739019834701,0.0426308539944903
"5761001","5771000",5766000.5,"Fst",0.00104664391353815,0,0.0293958976592697,0.045662100456621
"5762001","5772000",5767000.5,"Fst",0.0045252525252526,0,0.0396986613868991,0.0653412393907684
"5763001","5773000",5768000.5,"Fst",0.00325900514579758,0,0.0592517314062031,0.0885302029836147
"5764001","5774000",5769000.5,"Fst",0,0,0,0
"5765001","5775000",5770000.5,"Fst",0,0,0,0
"5766001","5776000",5771000.5,"Fst",0,0,0,0
"5767001","5777000",5772000.5,"Fst",0,0,0,0
"5768001","5778000",5773000.5,"Fst",0,0,0,0
"5769001","5779000",5774000.5,"Fst",0,0,0,0
"5770001","5780000",5775000.5,"Fst",0.0293706293706294,0,0.0290081437549791,0.0353232803139846
"5771001","5781000",5776000.5,"Fst",0.0266384778012685,0,0.0266384778012685,0.0327774583093731
"5772001","5782000",5777000.5,"Fst",0.0125429553264605,0,0.0177597629088736,0.0342389411354929
"5773001","5783000",5778000.5,"Fst",0.00762658314788878,0,0.0323845546938616,0.102525466077263
"5774001","5784000",5779000.5,"Fst",0.00942414652857693,0,0.0282884402836525,0.0928443346753729
"5775001","5785000",5780000.5,"Fst",0.0260192350483348,0,0.0241476532258298,0.0681079466867848
"5776001","5786000",5781000.5,"Fst",0.0248823738030499,0,0.0231845912842636,0.0652644737634798
"5777001","5787000",5782000.5,"Fst",0.0237868063106043,0,0.0216594598428457,0.0616331143603871
"5778001","5788000",5783000.5,"Fst",0.0234437685634739,0,0.0189789173257754,0.0506629163511353
"5779001","5789000",5784000.5,"Fst",0.0227248639013345,0,0.018517252774466,0.0483636130491295
"5780001","5790000",5785000.5,"Fst",0.0203067998134412,0,0.0193024863480779,0.0521414924597947
"5781001","5791000",5786000.5,"Fst",0.0221723817118554,0,0.0173739871626454,0.0448761361611122
"5782001","5792000",5787000.5,"Fst",0.0260700793678299,0,0.0174219181861169,0.0482804568886179
"5783001","5793000",5788000.5,"Fst",0.0315697539010945,0,0.0129452060907173,0.0267917164320353
"5784001","5794000",5789000.5,"Fst",0.0319366872076008,0,0.0141097721856781,0.0287743907921949
"5785001","5795000",5790000.5,"Fst",0.0137899526909645,0,0.0198768289948807,0.070298155820944
"5786001","5796000",5791000.5,"Fst",0.0101898816491091,0,0.0194496671473867,0.0609143333378139
"5787001","5797000",5792000.5,"Fst",0.0139029793525794,0,0.0277115914400266,0.0664461664461663
"5788001","5798000",5793000.5,"Fst",0.0125191184719751,0,0.0298565427007719,0.0795498610263712
"5789001","5799000",5794000.5,"Fst",0.0124796328999737,0,0.0299885089346224,0.0795006415636788
"5790001","5800000",5795000.5,"Fst",0.011902475804504,0,0.029186320719299,0.0779704596425255
"5791001","5801000",5796000.5,"Fst",0.0108455968949378,0,0.0297370685599339,0.0803015582340668
"5792001","5802000",5797000.5,"Fst",0.0100902932180921,0,0.0305131131855538,0.0819207348704321
"5793001","5803000",5798000.5,"Fst",0.00941051136363613,0,0.0308529708022268,0.0826324161382892
"5794001","5804000",5799000.5,"Fst",0.00979819035532525,0,0.0280016981003829,0.0736022374464373
"5795001","5805000",5800000.5,"Fst",0.0141834545418819,0,0.0276513063605969,0.0652320771186762
"5796001","5806000",5801000.5,"Fst",0.00890436632118485,0,0.029421877983581,0.0764705302290725
"5797001","5807000",5802000.5,"Fst",0.00301600247666745,0,0.0420170612751076,0.0942701483557514
"5798001","5808000",5803000.5,"Fst",0.000974305961972233,0,0.0486707326878302,0.101898406025574
"5799001","5809000",5804000.5,"Fst",0,0,0.0499061613677991,0.0921508121676358
"5800001","5810000",5805000.5,"Fst",0,0,0.0522205095925437,0.0911647544337346
"5801001","5811000",5806000.5,"Fst",0,0,0.0495534441104686,0.0865081533255928
"5802001","5812000",5807000.5,"Fst",0,0,0.0466482514280519,0.0809394914098421
"5803001","5813000",5808000.5,"Fst",0,0,0.0449540147039937,0.0850260694611681
"5804001","5814000",5809000.5,"Fst",0,0,0.0439914309104577,0.0859021959437258
"5805001","5815000",5810000.5,"Fst",0,0,0.0434977177430339,0.0858481845594947
"5806001","5816000",5811000.5,"Fst",0,0,0.0392727914648692,0.0781699330030461
"5807001","5817000",5812000.5,"Fst",0,0,0.035906876469014,0.0655035392643235
"5808001","5818000",5813000.5,"Fst",0,0,0.0334063163574294,0.0638678290170757
"5809001","5819000",5814000.5,"Fst",0,0,0.0291948910951654,0.0636037858834351
"5810001","5820000",5815000.5,"Fst",0.00296665509431471,0,0.0347176929407884,0.0733000983857048
"5811001","5821000",5816000.5,"Fst",0,0,0.0368921841353183,0.0794738529184597
"5812001","5822000",5817000.5,"Fst",0,0,0.0333827129587443,0.0723428933373367
"5813001","5823000",5818000.5,"Fst",0.00115099918636274,0,0.0288849359449256,0.0575331087368771
"5814001","5824000",5819000.5,"Fst",0.00185383912196724,0,0.0288430527411789,0.0568344296921384
"5815001","5825000",5820000.5,"Fst",0.00502979630227374,0,0.0316763627110778,0.0625404407405525
"5816001","5826000",5821000.5,"Fst",0.0033485210096188,0,0.0239035934819001,0.0680515787799253
"5817001","5827000",5822000.5,"Fst",0,0,0.0299086331497848,0.0756038694739321
"5818001","5828000",5823000.5,"Fst",0.00668160912449534,0,0.0291481346881371,0.0518205102617837
"5819001","5829000",5824000.5,"Fst",0.00771435465550829,0,0.0338576546696662,0.0737466729094527
"5820001","5830000",5825000.5,"Fst",0.00799518980986902,0,0.0331411231641941,0.0734022193636005
"5821001","5831000",5826000.5,"Fst",0.00723019670388081,0,0.0346061852979761,0.072691585948064
"5822001","5832000",5827000.5,"Fst",0.00700731160982204,0,0.0359560460662229,0.0752182195979516
"5823001","5833000",5828000.5,"Fst",0.0035125679530652,0,0.0301794127294281,0.0637121708985289
"5824001","5834000",5829000.5,"Fst",0.00701976953166294,0,0.0324619100546143,0.0756313452778961
"5825001","5835000",5830000.5,"Fst",0.0067297399785915,0,0.0322035021960687,0.0758095868890964
"5826001","5836000",5831000.5,"Fst",0.00615841963943231,0,0.0323797298455895,0.0763697094545859
"5827001","5837000",5832000.5,"Fst",0.00620000461584636,0,0.030950546860718,0.0731057613335792
"5828001","5838000",5833000.5,"Fst",0.0107731537082485,0,0.0239801534615087,0.0570122656106424
"5829001","5839000",5834000.5,"Fst",0.00718875555143927,0,0.0205992826377183,0.0560406909572045
"5830001","5840000",5835000.5,"Fst",0.00863905126654574,0,0.0198539699075244,0.0585652963958671
"5831001","5841000",5836000.5,"Fst",0.00888121829104083,0,0.0190350923444417,0.0584653515035015
"5832001","5842000",5837000.5,"Fst",0.00968564912798808,0,0.0184994096645297,0.0574018985318621
"5833001","5843000",5838000.5,"Fst",0.0154137674898053,0,0.0191582500809375,0.0662728018351119
"5834001","5844000",5839000.5,"Fst",0.0258738530599424,0,0.0212415305427282,0.0602501354055117
"5835001","5845000",5840000.5,"Fst",0.0260875784139439,0,0.0213896729585163,0.0608142381844397
"5836001","5846000",5841000.5,"Fst",0.0206221082606175,0,0.0203103566000072,0.0531626849180792
"5837001","5847000",5842000.5,"Fst",0.0209567913699411,0,0.0208404372458864,0.0549934772770807
"5838001","5848000",5843000.5,"Fst",0.0178387650085763,0,0.026122159966443,0.0480713362105157
"5839001","5849000",5844000.5,"Fst",0.0277247046738572,0,0.0279489512704411,0.0549932773273502
"5840001","5850000",5845000.5,"Fst",0.0264874425185709,0,0.0266559579250175,0.0538800970313043
"5841001","5851000",5846000.5,"Fst",0.0283400196805692,0,0.0285016186697723,0.0576763280245325
"5842001","5852000",5847000.5,"Fst",0.0276882360725156,0,0.0299089277628278,0.0584430392868249
"5843001","5853000",5848000.5,"Fst",0.0183018012086094,0,0.0277074596269418,0.0615185430564056
"5844001","5854000",5849000.5,"Fst",0,0,0.0325728422724819,0.0683422175186178
"5845001","5855000",5850000.5,"Fst",0,0,0.0305946744757131,0.0640135229485908
"5846001","5856000",5851000.5,"Fst",0.00298257405296942,0,0.027986028279938,0.0742984699987546
"5847001","5857000",5852000.5,"Fst",0.00298257405296942,0,0.0280638178953717,0.0741344039766751
"5848001","5858000",5853000.5,"Fst",0.00112101528742425,0,0.0282789891565231,0.0787394599742002
"5849001","5859000",5854000.5,"Fst",0.0112862946811287,0,0.0309189440763931,0.0888891636006262
"5850001","5860000",5855000.5,"Fst",0.0114461629761509,0,0.0308137416238104,0.0877325309616009
"5851001","5861000",5856000.5,"Fst",0.0104059632614065,0,0.0288579390668009,0.0875521494827323
"5852001","5862000",5857000.5,"Fst",0.0101851036991404,0,0.0264273101836235,0.0807869671762581
"5853001","5863000",5858000.5,"Fst",0.0134643052041473,0,0.0253442999134981,0.0659171749396484
"5854001","5864000",5859000.5,"Fst",0.0119525677530785,0,0.0244358955335796,0.0612384709995882
"5855001","5865000",5860000.5,"Fst",0.0158501411757563,0,0.0237007641276336,0.0574374114004671
"5856001","5866000",5861000.5,"Fst",0.0223614567575919,0,0.0252026094819605,0.0507690136593119
"5857001","5867000",5862000.5,"Fst",0.0210119303759971,0,0.0239107839067834,0.0491323204967635
"5858001","5868000",5863000.5,"Fst",0.0219365155512913,0,0.024163049360975,0.0478243362743769
"5859001","5869000",5864000.5,"Fst",0.0185141303845072,0,0.0308136398344591,0.0552358108436818
"5860001","5870000",5865000.5,"Fst",0.0170454108912101,0,0.0304310147060629,0.0541179675075953
"5861001","5871000",5866000.5,"Fst",0.0163355262189648,0,0.0306468228607693,0.0571507170130163
"5862001","5872000",5867000.5,"Fst",0.0183132204175886,0,0.0282525605539059,0.0494108894384129
"5863001","5873000",5868000.5,"Fst",0.0187129617366085,0,0.0295736077954637,0.0505662697451328
"5864001","5874000",5869000.5,"Fst",0.0203621581670361,0,0.031384889733918,0.05308618854021
"5865001","5875000",5870000.5,"Fst",0.0130560063356703,0,0.0311388866158963,0.0535258475307273
"5866001","5876000",5871000.5,"Fst",0.0040417345211865,0,0.0283983643341012,0.0545960114491942
"5867001","5877000",5872000.5,"Fst",0,0,0.0331655721828438,0.0676609522104352
"5868001","5878000",5873000.5,"Fst",0,0,0.0399773233738604,0.0747871456378719
"5869001","5879000",5874000.5,"Fst",0,0,0.0482909451221598,0.0907425766669996
"5870001","5880000",5875000.5,"Fst",0,0,0.0494570753534899,0.0929629279265075
"5871001","5881000",5876000.5,"Fst",0,0,0.0515764110122843,0.0963782058263331
"5872001","5882000",5877000.5,"Fst",0,0,0.0596702927499114,0.110344187620599
"5873001","5883000",5878000.5,"Fst",0,0,0.0575022079720603,0.107216522177152
"5874001","5884000",5879000.5,"Fst",0,0,0.0586046737204622,0.111058118842854
"5875001","5885000",5880000.5,"Fst",0,0,0.0607833671257189,0.114756460784953
"5876001","5886000",5881000.5,"Fst",0,0,0.0538876226671399,0.105403883918754
"5877001","5887000",5882000.5,"Fst",0,0,0.0495886828615091,0.10560767405051
"5878001","5888000",5883000.5,"Fst",0,0,0.0453179192681424,0.100713248116684
"5879001","5889000",5884000.5,"Fst",0,0,0.0417642217682441,0.0948407125005165
"5880001","5890000",5885000.5,"Fst",0,0,0.041091202482239,0.0936478593329605
"5881001","5891000",5886000.5,"Fst",0,0,0.0328884545157914,0.0785760519528158
"5882001","5892000",5887000.5,"Fst",0,0,0.0325690659698741,0.0775001525775062
"5883001","5893000",5888000.5,"Fst",0,0,0.0338950534599999,0.0803993364413552
"5884001","5894000",5889000.5,"Fst",0,0,0.0346569289837121,0.0863592638165198
"5885001","5895000",5890000.5,"Fst",0,0,0.0338844993633509,0.0841992910647791
"5886001","5896000",5891000.5,"Fst",0.0159081074702019,0,0.0197037097284115,0.0835221358153206
"5887001","5897000",5892000.5,"Fst",0.0180128421764109,0,0.0214099231325216,0.0898480798070027
"5888001","5898000",5893000.5,"Fst",0.0170689724190384,0,0.0204314683018863,0.0850722311396469
"5889001","5899000",5894000.5,"Fst",0.0166082418010438,0,0.0200153081398594,0.0833434135720335
"5890001","5900000",5895000.5,"Fst",0.0156554804599498,0,0.0195051180883823,0.0823040308489487
"5891001","5901000",5896000.5,"Fst",0.0156085274337203,0,0.0195811195141473,0.0823040308489487
"5892001","5902000",5897000.5,"Fst",0.00410353535353525,0,0.0314748575717765,0.13338798786257
"5893001","5903000",5898000.5,"Fst",0.00380299670765305,0,0.0334061631047487,0.142708829237924
"5894001","5904000",5899000.5,"Fst",0.0040167482790433,0,0.035126307871533,0.149179254744933
"5895001","5905000",5900000.5,"Fst",0.00478081788761386,0,0.0364682984451265,0.154180821264676
"5896001","5906000",5901000.5,"Fst",0,0,0.0345556098821429,0.116123765025182
"5897001","5907000",5902000.5,"Fst",0,0,0.0344761540163128,0.116123765025182
"5898001","5908000",5903000.5,"Fst",0,0,0.0357794541928807,0.120724895337501
"5899001","5909000",5904000.5,"Fst",0,0,0.0363102368542943,0.118168709932914
"5900001","5910000",5905000.5,"Fst",0,0,0.0363134695025103,0.117775251409275
"5901001","5911000",5906000.5,"Fst",0,0,0.0387434732271746,0.12528394512368
"5902001","5912000",5907000.5,"Fst",0.00893854748603351,0,0.0316036506372481,0.0815587714920836
"5903001","5913000",5908000.5,"Fst",0.00594011687451046,0,0.0248169414515417,0.0658538657604077
"5904001","5914000",5909000.5,"Fst",0.00688426433004741,0,0.0236987727913122,0.0651937372814485
"5905001","5915000",5910000.5,"Fst",0.00909232181959463,0,0.0240355390559405,0.0637258090746463
"5906001","5916000",5911000.5,"Fst",0.0113456262166429,0,0.0218287925679143,0.0506624618598079
"5907001","5917000",5912000.5,"Fst",0.0113859406245191,0,0.0218287925679143,0.0506624618598079
"5908001","5918000",5913000.5,"Fst",0.011676368053255,0,0.0224034307045749,0.0518603919924537
"5909001","5919000",5914000.5,"Fst",0.0263093966618499,0,0.0200659203862487,0.0405530228539077
"5910001","5920000",5915000.5,"Fst",0.0329278777264767,0,0.0323312538269509,0.0887042176206886
"5911001","5921000",5916000.5,"Fst",0.0295868021292267,0,0.0305623965361558,0.0894400149578642
"5912001","5922000",5917000.5,"Fst",0.0243091552568548,0,0.0272405304607597,0.0795109975908767
"5913001","5923000",5918000.5,"Fst",0.0266950470159026,0,0.0294178223996289,0.0868838700153939
"5914001","5924000",5919000.5,"Fst",0.0243330065898658,0,0.0237145623220031,0.072254100410041
"5915001","5925000",5920000.5,"Fst",0.0236386981304593,0,0.0236791355764784,0.071651066992714
"5916001","5926000",5921000.5,"Fst",0.0238343635358561,0,0.0244637488319892,0.0742011253936298
"5917001","5927000",5922000.5,"Fst",0.0211840657695229,0,0.0237734737492722,0.0694622772171744
"5918001","5928000",5923000.5,"Fst",0.0206035335986692,0,0.0226759079401462,0.0663651787247292
"5919001","5929000",5924000.5,"Fst",0.0152969723237358,0,0.0247302525015573,0.06969920608297
"5920001","5930000",5925000.5,"Fst",0.00459848841578558,0,0.020482738110632,0.0685866738951574
"5921001","5931000",5926000.5,"Fst",0.00421920517699159,0,0.0212719650147272,0.0715314889224514
"5922001","5932000",5927000.5,"Fst",0.00935816906567544,0,0.0218638231516135,0.0503875050987512
"5923001","5933000",5928000.5,"Fst",0.025619659356133,0,0.0291483872904484,0.0895442314262687
"5924001","5934000",5929000.5,"Fst",0.0191141094027821,0,0.0396929245933963,0.101211698020209
"5925001","5935000",5930000.5,"Fst",0.0129942313360564,0,0.0420630323928465,0.108110092458805
"5926001","5936000",5931000.5,"Fst",0.0104106997125466,0,0.0426045566103085,0.101294529305203
"5927001","5937000",5932000.5,"Fst",0.0115044326572619,0,0.0434873316652067,0.103575234760292
"5928001","5938000",5933000.5,"Fst",0.0131037658460421,0,0.0417246687763507,0.0977021206426133
"5929001","5939000",5934000.5,"Fst",0.0135574639701818,0,0.0424000858233958,0.0973284961302475
"5930001","5940000",5935000.5,"Fst",0.0155801509518981,0,0.039307602245672,0.0883838783104122
"5931001","5941000",5936000.5,"Fst",0.0149638679282948,0,0.0396422999196954,0.0840679845413493
"5932001","5942000",5937000.5,"Fst",0.0155039929783957,0,0.0427082222061524,0.0896487551948647
"5933001","5943000",5938000.5,"Fst",0.0151185974678967,0,0.0381136489838965,0.0750170250984494
"5934001","5944000",5939000.5,"Fst",0.0210215454434224,0,0.0317226950046935,0.0677458476256192
"5935001","5945000",5940000.5,"Fst",0.0294090877921366,0,0.0266475965273922,0.0604693901149728
"5936001","5946000",5941000.5,"Fst",0.0351424230460945,0,0.0235571571862256,0.0545653838646226
"5937001","5947000",5942000.5,"Fst",0.0348897472705544,0,0.0230883459919813,0.0534151352005211
"5938001","5948000",5943000.5,"Fst",0.0392532227177896,0,0.0231000673803391,0.0629950360982076
"5939001","5949000",5944000.5,"Fst",0.0392532227177896,0,0.0231160484014932,0.0629950360982076
"5940001","5950000",5945000.5,"Fst",0.0388426739137638,0,0.0235917849848645,0.067994617044479
"5941001","5951000",5946000.5,"Fst",0.0442772417455961,0,0.0215311353387058,0.0724194982158282
"5942001","5952000",5947000.5,"Fst",0.0473460283771566,0,0.0230325680293037,0.0708564073235028
"5943001","5953000",5948000.5,"Fst",0.0232115180969612,0,0.0200004477821926,0.066977854971776
"5944001","5954000",5949000.5,"Fst",0.0186430781806504,0,0.0145457199700274,0.0214152665289952
"5945001","5955000",5950000.5,"Fst",0.00132544692413472,0,0.02307588824014,0.0634659040417505
"5946001","5956000",5951000.5,"Fst",0.00431220007752864,0,0.0289297185059154,0.0641630607170129
"5947001","5957000",5952000.5,"Fst",0,0,0.0363123420199668,0.0664912968651287
"5948001","5958000",5953000.5,"Fst",0,0,0.0366461338316977,0.067252785994833
"5949001","5959000",5954000.5,"Fst",0,0,0.0365992622441203,0.067252785994833
"5950001","5960000",5955000.5,"Fst",0,0,0.0384671462949485,0.0705756535210943
"5951001","5961000",5956000.5,"Fst",0,0,0.0404610167293513,0.0741537975912975
"5952001","5962000",5957000.5,"Fst",0,0,0.0414159313734929,0.0756386917809068
"5953001","5963000",5958000.5,"Fst",8.90368771229166e-05,0,0.0398994751161608,0.0737659340082882
"5954001","5964000",5959000.5,"Fst",0.00336925554316847,0,0.0378173414131006,0.0700827233232161
"5955001","5965000",5960000.5,"Fst",0.0128345473750634,0,0.0379196661063891,0.0661104047467683
"5956001","5966000",5961000.5,"Fst",0.015596145950715,0,0.0275296654665347,0.0470696206331642
"5957001","5967000",5962000.5,"Fst",0.0298680723585668,0,0.0138543603830007,0.0288558122545888
"5958001","5968000",5963000.5,"Fst",0.0294114429493491,0,0.0138782054724793,0.0283743383548374
"5959001","5969000",5964000.5,"Fst",0.031003332291992,0,0.0148135497317827,0.029431097053305
"5960001","5970000",5965000.5,"Fst",0.0377595822950042,0,0.0150062669823221,0.0365586558655865
"5961001","5971000",5966000.5,"Fst",0.0334526722861719,0,0.0174663320394952,0.0340757878183028
"5962001","5972000",5967000.5,"Fst",0.0373756140128644,0,0.0177007796509789,0.0380837290818633
"5963001","5973000",5968000.5,"Fst",0.0215388469608242,0,0.0205918729427357,0.0471265193663567
"5964001","5974000",5969000.5,"Fst",0.0190685494672505,0,0.0219182658762698,0.0513391064976775
"5965001","5975000",5970000.5,"Fst",0.0145915984356096,0,0.0202666701467628,0.0471050563269585
"5966001","5976000",5971000.5,"Fst",0.016815518159882,0,0.0193885253086765,0.0426295379972275
"5967001","5977000",5972000.5,"Fst",0.0170194250194249,0,0.0193961312276387,0.0426217952065165
"5968001","5978000",5973000.5,"Fst",0.0178166702756867,0,0.0186301924379478,0.0399906367041198
"5969001","5979000",5974000.5,"Fst",0.0171213416582466,0,0.0191294912515463,0.0406864796986187
"5970001","5980000",5975000.5,"Fst",0.012988055806484,0,0.0198368185890631,0.0432802249297094
"5971001","5981000",5976000.5,"Fst",0.0376950478935908,0,0.0224147033318739,0.0502645502645502
"5972001","5982000",5977000.5,"Fst",0.0353624209893778,0,0.022549311100995,0.0513241321172662
"5973001","5983000",5978000.5,"Fst",0.0665665307679471,0,0.0274087799992508,0.0753188006036555
"5974001","5984000",5979000.5,"Fst",0.0691611936859085,0,0.0286862738515445,0.0770512419996955
"5975001","5985000",5980000.5,"Fst",0.0805858324004792,0,0.0339545674713619,0.0920178191854494
"5976001","5986000",5981000.5,"Fst",0.0822269853292722,0,0.0339426975429519,0.0909476205352495
"5977001","5987000",5982000.5,"Fst",0.0811088033232145,0,0.033823614956994,0.0903904647014548
"5978001","5988000",5983000.5,"Fst",0.0804184829991282,0,0.033852428350853,0.0899448804897253
"5979001","5989000",5984000.5,"Fst",0.0775396019855277,0,0.0324022685752242,0.0856143427847607
"5980001","5990000",5985000.5,"Fst",0.0786921897147661,0,0.0333567287722425,0.0854722947415583
"5981001","5991000",5986000.5,"Fst",0.0627093557684817,0,0.0379360232519439,0.105637773079634
"5982001","5992000",5987000.5,"Fst",0.0523930897762673,0,0.0309611596939332,0.0970953584377021
"5983001","5993000",5988000.5,"Fst",0.015248952547988,0,0.0300354368904368,0.0630828368028223
"5984001","5994000",5989000.5,"Fst",0.0145043246839655,0,0.0254140070341258,0.0468361425808235
"5985001","5995000",5990000.5,"Fst",0.0141571969696969,0,0.0235808896504621,0.0418911622132455
"5986001","5996000",5991000.5,"Fst",0.0122265055400271,0,0.0212667102908707,0.0430512587346141
"5987001","5997000",5992000.5,"Fst",0.012305268258334,0,0.0213808675789601,0.0432415782869437
"5988001","5998000",5993000.5,"Fst",0.0103070260237422,0,0.0250923111802795,0.0428186368887178
"5989001","5999000",5994000.5,"Fst",0.00884450089395306,0,0.0234025299013944,0.0448735867972869
"5990001","6e+06",5995000.5,"Fst",0.00139036713521989,0,0.0232321589738739,0.0425829985518048
"5991001","6001000",5996000.5,"Fst",0,0,0.0232801698346381,0.0391129018841864
"5992001","6002000",5997000.5,"Fst",0.000579424298451481,0,0.0227911651452885,0.0386911472262816
"5993001","6003000",5998000.5,"Fst",0.00213561403856144,0,0.023129414330255,0.0406593573353381
"5994001","6004000",5999000.5,"Fst",0.000306333297791284,0,0.0254901538899948,0.0459841209192294
"5995001","6005000",6000000.5,"Fst",0,0,0.0250040535646768,0.0503277196993893
"5996001","6006000",6001000.5,"Fst",0,0,0.0287909981194278,0.055002036934744
"5997001","6007000",6002000.5,"Fst",0,0,0.0288855932702848,0.0552060637409135
"5998001","6008000",6003000.5,"Fst",0,0,0.0299836427535202,0.0572242374459428
"5999001","6009000",6004000.5,"Fst",0,0,0.0307506925167049,0.0622666201281645
"6000001","6010000",6005000.5,"Fst",0.000874264810270753,0,0.0287553348358154,0.0538575962647623
"6001001","6011000",6006000.5,"Fst",0.0117231052337226,0,0.0249994693211597,0.0761304513345459
"6002001","6012000",6007000.5,"Fst",0.0101409575985847,0,0.0176499220736438,0.0546413053297858
"6003001","6013000",6008000.5,"Fst",0.00740423098913645,0,0.017976428912376,0.0591774703802493
"6004001","6014000",6009000.5,"Fst",0.0048247389298145,0,0.0240918540531694,0.0549317843492613
"6005001","6015000",6010000.5,"Fst",0.00483478448975194,0,0.0240278474734721,0.0549317843492613
"6006001","6016000",6011000.5,"Fst",0.00702598423321499,0,0.0233886177422108,0.0559249786871271
"6007001","6017000",6012000.5,"Fst",0.00380385578100872,0,0.0210465985275986,0.0447611599869664
"6008001","6018000",6013000.5,"Fst",0.00186646791649936,0,0.021412758899466,0.0429864000149246
"6009001","6019000",6014000.5,"Fst",0.00164386216754797,0,0.0217867220523009,0.0407927684739562
"6010001","6020000",6015000.5,"Fst",0.0166225702896251,0,0.0222850761130045,0.0338616707481358
"6011001","6021000",6016000.5,"Fst",0.0159909945786938,0,0.0214908131326268,0.0362814372204042
"6012001","6022000",6017000.5,"Fst",0.0153544248205778,0,0.0224215307406038,0.0380895482757475
"6013001","6023000",6018000.5,"Fst",0.0211741074990263,0,0.020529666866014,0.0402317182716458
"6014001","6024000",6019000.5,"Fst",0.0299262533126742,0,0.0211853057331612,0.0574351864757565
"6015001","6025000",6020000.5,"Fst",0.0299700207290051,0,0.0209860103355621,0.0571816698983335
"6016001","6026000",6021000.5,"Fst",0.0303499977419501,0,0.0205016529854021,0.0594406502490376
"6017001","6027000",6022000.5,"Fst",0.0460706395937299,0,0.0220411834256099,0.0504306703477588
"6018001","6028000",6023000.5,"Fst",0.0498344031603977,0,0.0233378288858339,0.0529954603560304
"6019001","6029000",6024000.5,"Fst",0.0537460015878917,0,0.0218747392499302,0.0545921039142396
"6020001","6030000",6025000.5,"Fst",0.0449170637299758,0,0.0214990388749251,0.0642264277881027
"6021001","6031000",6026000.5,"Fst",0.0456942304399931,0,0.0218733354728745,0.0653071880103039
"6022001","6032000",6027000.5,"Fst",0.049149470919065,0,0.0213614635888178,0.0611392803165117
"6023001","6033000",6028000.5,"Fst",0.0503326090793453,0,0.0209228077623242,0.0594035069054009
"6024001","6034000",6029000.5,"Fst",0.0552592863423085,0,0.0189673660556409,0.0395664068050787
"6025001","6035000",6030000.5,"Fst",0.047027459344175,0,0.0181587699224047,0.0317344231734423
"6026001","6036000",6031000.5,"Fst",0.0461164392813724,0,0.0176589658436019,0.0293992631234632
"6027001","6037000",6032000.5,"Fst",0.0185169407287497,0,0.0207931503416063,0.0511610219845514
"6028001","6038000",6033000.5,"Fst",0.0182929890622199,0,0.0200474296323472,0.0481135340948426
"6029001","6039000",6034000.5,"Fst",0.0137836935537718,0,0.0218752580812218,0.0518595368809349
"6030001","6040000",6035000.5,"Fst",0.0139017805684472,0,0.0229547152145889,0.0543372963452223
"6031001","6041000",6036000.5,"Fst",0.0144276011467356,0,0.0226890994815107,0.0534539149623674
"6032001","6042000",6037000.5,"Fst",0.0269312846777637,0,0.0218200762605284,0.0502696519039059
"6033001","6043000",6038000.5,"Fst",0.0266865342814709,0,0.0216445288574818,0.049870298313878
"6034001","6044000",6039000.5,"Fst",0.028685458199898,0,0.0213922439428076,0.0498677153406992
"6035001","6045000",6040000.5,"Fst",0.030202061752864,0,0.0280319932177254,0.0609317935050835
"6036001","6046000",6041000.5,"Fst",0.0287456652642007,0,0.0288329084524176,0.0683743815358471
"6037001","6047000",6042000.5,"Fst",0.0905415494171022,0,0.0555319614266588,0.135430326658397
"6038001","6048000",6043000.5,"Fst",0.0987254376481917,0,0.061408904922348,0.142805162317357
"6039001","6049000",6044000.5,"Fst",0.0651319687095721,0,0.0454604763009142,0.0963534963534963
"6040001","6050000",6045000.5,"Fst",0.0636216809871438,0,0.0441470714888388,0.0940000000000001
"6041001","6051000",6046000.5,"Fst",0.0624203945230462,0,0.037510251367255,0.0784970574920778
"6042001","6052000",6047000.5,"Fst",0.0424823865763588,0,0.0349614457182434,0.0695932527718147
"6043001","6053000",6048000.5,"Fst",0.0408082254181038,0,0.0339757807822855,0.0687405744480207
"6044001","6054000",6049000.5,"Fst",0.0391311125697407,0,0.0339557106123376,0.0697350359322192
"6045001","6055000",6050000.5,"Fst",0.0285938732003622,0,0.0251549482200634,0.0522905402573454
"6046001","6056000",6051000.5,"Fst",0.0282057149477892,0,0.0254700065190648,0.0530974335075396
"6047001","6057000",6052000.5,"Fst",0.0120404565643436,0,0.0185762538232445,0.0432743611345129
"6048001","6058000",6053000.5,"Fst",0.0147771292418124,0,0.0169221023253925,0.0335669324692892
"6049001","6059000",6054000.5,"Fst",0.0173020342125415,0,0.0195717790865285,0.0380555269146164
"6050001","6060000",6055000.5,"Fst",0.0176940430461556,0,0.0202643172947588,0.0385872477202199
"6051001","6061000",6056000.5,"Fst",0.0130970724191062,0,0.0211478039716957,0.0405678687703481
"6052001","6062000",6057000.5,"Fst",0.0127938910361205,0,0.0221730119473914,0.0468968127154991
"6053001","6063000",6058000.5,"Fst",0.0103682453375141,0,0.0237134978294871,0.0456000799224536
"6054001","6064000",6059000.5,"Fst",0.0101090245040373,0,0.0241284735941915,0.0472206013926169
"6055001","6065000",6060000.5,"Fst",0.0130793255710986,0,0.0319170508504295,0.0600761758034836
"6056001","6066000",6061000.5,"Fst",0.00956042153606429,0,0.0282133964981653,0.0523929151695308
"6057001","6067000",6062000.5,"Fst",0.00814004290433878,0,0.0227326616698793,0.0457922934862066
"6058001","6068000",6063000.5,"Fst",0.0261676038737894,0,0.0244910646534454,0.0559051937542375
"6059001","6069000",6064000.5,"Fst",0.0248582132803444,0,0.0234122119345899,0.0525992358593909
"6060001","6070000",6065000.5,"Fst",0.0209171555143121,0,0.0199113763115316,0.0494036889068743
"6061001","6071000",6066000.5,"Fst",0.0156877437806214,0,0.0171079135450458,0.0413030559288431
"6062001","6072000",6067000.5,"Fst",0.0152135743669957,0,0.017369112151168,0.0423002746475588
"6063001","6073000",6068000.5,"Fst",0.0182687567038169,0,0.0173454941315347,0.0391593896228454
"6064001","6074000",6069000.5,"Fst",0.0200071711227976,0,0.01691168677217,0.0382547937623499
"6065001","6075000",6070000.5,"Fst",0.0166655598813291,0,0.0159388438640759,0.0344586398164032
"6066001","6076000",6071000.5,"Fst",0.0181106549983837,0,0.0159852417523118,0.0353747440210205
"6067001","6077000",6072000.5,"Fst",0.0190199176497202,0,0.0197146339999004,0.0375168947676293
"6068001","6078000",6073000.5,"Fst",0,0,0.0329778368888418,0.0615215372705722
"6069001","6079000",6074000.5,"Fst",0.00360474605598671,0,0.0299750062260715,0.054242895242945
"6070001","6080000",6075000.5,"Fst",0.0033377249733868,0,0.031194603556656,0.0661553423097316
"6071001","6081000",6076000.5,"Fst",0.00534965361893835,0,0.0352103398752795,0.0769018939597382
"6072001","6082000",6077000.5,"Fst",0.00378320401028609,0,0.0317816296622553,0.0721448781314389
"6073001","6083000",6078000.5,"Fst",0.003369488240337,0,0.0295499881035938,0.0692079226153364
"6074001","6084000",6079000.5,"Fst",0.0018097893149307,0,0.0295324553745393,0.0695321216341321
"6075001","6085000",6080000.5,"Fst",0.00477204136273757,0,0.0304758026752155,0.0740812103601609
"6076001","6086000",6081000.5,"Fst",0.00579883001079118,0,0.0303105626205081,0.0737607665925273
"6077001","6087000",6082000.5,"Fst",0.00896391938382624,0,0.0308033934837758,0.0765802470945144
"6078001","6088000",6083000.5,"Fst",0.0138235008193761,0,0.0335327847395832,0.0751055953839255
"6079001","6089000",6084000.5,"Fst",0.00861494018883646,0,0.0431329180817632,0.0875282668989755
"6080001","6090000",6085000.5,"Fst",0.00849880416040938,0,0.0402157552984765,0.0873269985046747
"6081001","6091000",6086000.5,"Fst",0.0105312653422489,0,0.0361689958562924,0.0794575711465791
"6082001","6092000",6087000.5,"Fst",0.0145170183407922,0,0.0327997073509966,0.0706972187329814
"6083001","6093000",6088000.5,"Fst",0.0168583691970255,0,0.0290083636712946,0.0632350190808363
"6084001","6094000",6089000.5,"Fst",0.020452819140268,0,0.0295765728456234,0.0674063174627042
"6085001","6095000",6090000.5,"Fst",0.0233520731048947,0,0.0276204802053845,0.0595760464675801
"6086001","6096000",6091000.5,"Fst",0.0296238244514108,0,0.0245211187382889,0.0663051207180517
"6087001","6097000",6092000.5,"Fst",0.0240073516898675,0,0.0268813506299977,0.0842568032474209
"6088001","6098000",6093000.5,"Fst",0.0239842318199107,0,0.0274688876157058,0.085074836391512
"6089001","6099000",6094000.5,"Fst",0.02383598761336,0,0.0273329718562942,0.0849517014963065
"6090001","6100000",6095000.5,"Fst",0.0237166618870089,0,0.0265123910338519,0.0811361517051885
"6091001","6101000",6096000.5,"Fst",0.0229057891020477,0,0.0291106881452239,0.087015594877802
"6092001","6102000",6097000.5,"Fst",0.018128113800029,0,0.0271731837492413,0.0756326302678834
"6093001","6103000",6098000.5,"Fst",0.0185270456813461,0,0.0291104457831701,0.0845658558124751
"6094001","6104000",6099000.5,"Fst",0.0147191432099109,0,0.0290112058263972,0.0790611455179845
"6095001","6105000",6100000.5,"Fst",0.0101156227738505,0,0.0305487918172891,0.0645446514290006
"6096001","6106000",6101000.5,"Fst",0.00479563406577632,0,0.0271226230355493,0.0586831534573705
"6097001","6107000",6102000.5,"Fst",0,0,0.0352383360154069,0.094976650809584
"6098001","6108000",6103000.5,"Fst",0,0,0.0325111791071878,0.085205403770011
"6099001","6109000",6104000.5,"Fst",0.00387161791005319,0,0.0327832280422061,0.0813127962656953
"6100001","6110000",6105000.5,"Fst",0.013992845910028,0,0.0318747684334834,0.0885393151061263
"6101001","6111000",6106000.5,"Fst",0.0142324019979304,0,0.0321152425034753,0.0889370205942537
"6102001","6112000",6107000.5,"Fst",0.0234866143957054,0,0.0303616621177823,0.0831792207792208
"6103001","6113000",6108000.5,"Fst",0.0193927100620813,0,0.0260657612940893,0.072151626844
"6104001","6114000",6109000.5,"Fst",0.0240271132376395,0,0.0236525332809259,0.0523711295553353
"6105001","6115000",6110000.5,"Fst",0.0236240635133625,0,0.0227335096030891,0.050678230998597
"6106001","6116000",6111000.5,"Fst",0.0239861593330027,0,0.0210644379389533,0.0489338241530813
"6107001","6117000",6112000.5,"Fst",0.0146775195318886,0,0.0240853872465219,0.0497003483199394
"6108001","6118000",6113000.5,"Fst",0.0151105365659946,0,0.0256552017916819,0.0506862084176007
"6109001","6119000",6114000.5,"Fst",0.00881839144713858,0,0.0258149101120965,0.0518475014568766
"6110001","6120000",6115000.5,"Fst",0,0,0.0287176255994738,0.0566509175797786
"6111001","6121000",6116000.5,"Fst",0,0,0.0263565360810285,0.052194134128846
"6112001","6122000",6117000.5,"Fst",0,0,0.0251363075622981,0.0513302684265164
"6113001","6123000",6118000.5,"Fst",0.00188282828282815,0,0.0270586151311895,0.0615025205951064
"6114001","6124000",6119000.5,"Fst",0.00190312831822259,0,0.0273082202618344,0.0620634034369377
"6115001","6125000",6120000.5,"Fst",0.00355312295105326,0,0.026208375572886,0.0608790807951851
"6116001","6126000",6121000.5,"Fst",0.00161393330587734,0,0.0280464653911707,0.063949243872762
"6117001","6127000",6122000.5,"Fst",0.00727770226450963,0,0.0161938848080501,0.0351016637470476
"6118001","6128000",6123000.5,"Fst",0.00885259181808773,0,0.0152867428008509,0.036733862757076
"6119001","6129000",6124000.5,"Fst",0.00898951637587997,0,0.0155586331090323,0.0372919896640825
"6120001","6130000",6125000.5,"Fst",0.00869451269451271,0,0.0170498946651969,0.0301881603002798
"6121001","6131000",6126000.5,"Fst",0.0102091185302005,0,0.0179774411914752,0.0330600595129652
"6122001","6132000",6127000.5,"Fst",0.014300908717108,0,0.0178380575483366,0.03206646254382
"6123001","6133000",6128000.5,"Fst",0.0376167960577585,0,0.0178992506084082,0.0276288894296796
"6124001","6134000",6129000.5,"Fst",0.0372610502619729,0,0.017728768259887,0.0273676481533656
"6125001","6135000",6130000.5,"Fst",0.0496530054285891,0,0.0180444560548674,0.0327854442597619
"6126001","6136000",6131000.5,"Fst",0.050154434041715,0,0.0182360239599831,0.0331323169265794
"6127001","6137000",6132000.5,"Fst",0.0573979666027759,0,0.0213313589435051,0.0374127244227888
"6128001","6138000",6133000.5,"Fst",0.0578041211572358,0,0.018859728300419,0.0322603295811116
"6129001","6139000",6134000.5,"Fst",0.0583449353207017,0,0.0190464526334578,0.0326667555437054
"6130001","6140000",6135000.5,"Fst",0.0655219054174928,0,0.0198524791020467,0.0359343626810323
"6131001","6141000",6136000.5,"Fst",0.0689990942205366,0,0.0215379298339631,0.0377441608004209
"6132001","6142000",6137000.5,"Fst",0.0810637295889436,0,0.0233478203138327,0.0414896638406643
"6133001","6143000",6138000.5,"Fst",0.0302841177734795,0,0.0283739683491178,0.0712077959418386
"6134001","6144000",6139000.5,"Fst",0.0281349694237524,0,0.0264801780386342,0.0653555257975834
"6135001","6145000",6140000.5,"Fst",0.0110688474705211,0,0.0269504428140529,0.0739141550436043
"6136001","6146000",6141000.5,"Fst",0.0104941580931471,0,0.02545652822935,0.0709376765204293
"6137001","6147000",6142000.5,"Fst",0.00866467816539129,0,0.0262290761509952,0.0722692970074243
"6138001","6148000",6143000.5,"Fst",0.000651929243379978,0,0.0299344681544863,0.0801780582773878
"6139001","6149000",6144000.5,"Fst",0.00066497714817948,0,0.0304520200615214,0.0817676754328004
"6140001","6150000",6145000.5,"Fst",0.000653532160381332,0,0.0299344681544863,0.0804249287955185
"6141001","6151000",6146000.5,"Fst",0.00714480262175254,0,0.0251936305524069,0.0674042972796484
"6142001","6152000",6147000.5,"Fst",0.013120745920746,0,0.0259348016792895,0.071784612912253
"6143001","6153000",6148000.5,"Fst",0.0350878434146916,0,0.0163181108513893,0.0328708008487708
"6144001","6154000",6149000.5,"Fst",0.0380520750022216,0,0.0172749035816438,0.0348930029781095
"6145001","6155000",6150000.5,"Fst",0.0132183482006804,0,0.0300777682160535,0.069172740058816
"6146001","6156000",6151000.5,"Fst",0.0123398715375928,0,0.0291689869035861,0.0590330681112804
"6147001","6157000",6152000.5,"Fst",0.0170292563795853,0,0.0255402699536922,0.0501181428432231
"6148001","6158000",6153000.5,"Fst",0.0257426054617943,0,0.0223263325852371,0.0447691454200232
"6149001","6159000",6154000.5,"Fst",0.0253126113702218,0,0.0219206148504593,0.0439112394563516
"6150001","6160000",6155000.5,"Fst",0.0251029565431189,0,0.0217112006039677,0.043494499421551
"6151001","6161000",6156000.5,"Fst",0.0215026846070937,0,0.0208915576463318,0.0407415007866476
"6152001","6162000",6157000.5,"Fst",0.0202046906607383,0,0.0217337405492972,0.0407211829202256
"6153001","6163000",6158000.5,"Fst",0.0154861306564091,0,0.0224933580006767,0.043577918509221
"6154001","6164000",6159000.5,"Fst",0.0558556123230521,0,0.0272896595839625,0.0428269082661717
"6155001","6165000",6160000.5,"Fst",0.0812473394621547,0,0.0372238728293812,0.0626765632748388
"6156001","6166000",6161000.5,"Fst",0.0852654057352046,0,0.0417893085633136,0.0724258898547354
"6157001","6167000",6162000.5,"Fst",0.0760649627263045,0,0.0434498683289003,0.100836278872642
"6158001","6168000",6163000.5,"Fst",0.0727925757139239,0,0.0435571942367305,0.0985939680154556
"6159001","6169000",6164000.5,"Fst",0.0772631798525364,0,0.0440894927827124,0.0962889527775024
"6160001","6170000",6165000.5,"Fst",0.0763778668500817,0,0.0436497184830644,0.0952962298025135
"6161001","6171000",6166000.5,"Fst",0.0785141171595355,0,0.045093218349019,0.0983075946689231
"6162001","6172000",6167000.5,"Fst",0.0730729346698927,0,0.0427775991866245,0.0923874163343515
"6163001","6173000",6168000.5,"Fst",0.0719873150105708,0,0.0419766749631217,0.0911567292004157
"6164001","6174000",6169000.5,"Fst",0.0621817955690227,0,0.0395099438946552,0.0898521282781668
"6165001","6175000",6170000.5,"Fst",0.0495472636471952,0,0.0384264820254888,0.0915914167073876
"6166001","6176000",6171000.5,"Fst",0.0362963895554264,0,0.030511124183512,0.0690852695713203
"6167001","6177000",6172000.5,"Fst",0.0244249558565318,0,0.0235655000026529,0.0483218559166563
"6168001","6178000",6173000.5,"Fst",0.027066345599037,0,0.0247250966860367,0.049956070985223
"6169001","6179000",6174000.5,"Fst",0.00470254333397968,0,0.0269467115054877,0.0728439873770933
"6170001","6180000",6175000.5,"Fst",0.00640063574338434,0,0.0265473306172098,0.074211869243752
"6171001","6181000",6176000.5,"Fst",0.00671251437301157,0,0.0266532438902627,0.074799298298822
"6172001","6182000",6177000.5,"Fst",0.029402806992043,0,0.0302151028333493,0.0639465773615402
"6173001","6183000",6178000.5,"Fst",0.0389050785271129,0,0.0342120389353425,0.068582802868272
"6174001","6184000",6179000.5,"Fst",0.0422001078753514,0,0.0356642191548637,0.0691944538804166
"6175001","6185000",6180000.5,"Fst",0.041476703613609,0,0.0347664756334001,0.0679007982785768
"6176001","6186000",6181000.5,"Fst",0.0455633545500976,0,0.040620844424689,0.0731139250587346
"6177001","6187000",6182000.5,"Fst",0.0471076664112452,0,0.0421233543337085,0.0758202176806828
"6178001","6188000",6183000.5,"Fst",0.0409909242689399,0,0.0381522145779345,0.0688751346791353
"6179001","6189000",6184000.5,"Fst",0.0433754078653615,0,0.0406558788896545,0.0737547925723024
"6180001","6190000",6185000.5,"Fst",0.0427677505553843,0,0.0412979445393084,0.0745025078102591
"6181001","6191000",6186000.5,"Fst",0.0388468216104231,0,0.0371056417930498,0.0672107279281795
"6182001","6192000",6187000.5,"Fst",0.0300355149670217,0,0.0363761794913805,0.0660382707299787
"6183001","6193000",6188000.5,"Fst",0.0188780053428317,0,0.027343067142929,0.0665471496588519
"6184001","6194000",6189000.5,"Fst",0.0120394545982014,0,0.0288081370432429,0.0752191899366506
"6185001","6195000",6190000.5,"Fst",0.0281616993402893,0,0.0265464457049615,0.0654884821501541
"6186001","6196000",6191000.5,"Fst",0.0361345538847806,0,0.0253412101881126,0.0531822363469097
"6187001","6197000",6192000.5,"Fst",0.0366780140260802,0,0.0257581855874126,0.0540524459178034
"6188001","6198000",6193000.5,"Fst",0.0528252125453087,0,0.0278660263317073,0.0669941748372179
"6189001","6199000",6194000.5,"Fst",0.0491700032597129,0,0.0257226177937404,0.0606417258952854
"6190001","6200000",6195000.5,"Fst",0.0428271469448913,0,0.0220384673089418,0.0471811163191301
"6191001","6201000",6196000.5,"Fst",0.0565694749178319,0,0.0239683318534172,0.0504647313470841
"6192001","6202000",6197000.5,"Fst",0.0574464562948249,0,0.0244206349125391,0.051272597910805
"6193001","6203000",6198000.5,"Fst",0.0452713408595762,0,0.0234740293721497,0.0563958730909667
"6194001","6204000",6199000.5,"Fst",0.0317204647466873,0,0.0231270726000982,0.0552844562864799
"6195001","6205000",6200000.5,"Fst",0.0188413201185246,0,0.0233326136950297,0.0509168803586735
"6196001","6206000",6201000.5,"Fst",0.0215091124182034,0,0.0221060727233719,0.0456466448297739
"6197001","6207000",6202000.5,"Fst",0.017786485971644,0,0.0228492582626169,0.0468416867105437
"6198001","6208000",6203000.5,"Fst",0.0138614761926418,0,0.0241704009298382,0.0507125486095609
"6199001","6209000",6204000.5,"Fst",0.0128439238076486,0,0.0260865411562495,0.0536881613618925
"6200001","6210000",6205000.5,"Fst",0.0118118969277977,0,0.0271687300718323,0.0557762026121079
"6201001","6211000",6206000.5,"Fst",0.0038032273139621,0,0.0302024904221742,0.0568438541261148
"6202001","6212000",6207000.5,"Fst",0.00381939651602581,0,0.0303350702637106,0.0570782193836328
"6203001","6213000",6208000.5,"Fst",0.00452747568859024,0,0.0313905969385751,0.0673784912941049
"6204001","6214000",6209000.5,"Fst",0.00550174924113811,0,0.0368512831090741,0.0783746790330651
"6205001","6215000",6210000.5,"Fst",0.00507493802741166,0,0.039208167533463,0.0828923444280428
"6206001","6216000",6211000.5,"Fst",0,0,0.038344488189352,0.0924944150692438
"6207001","6217000",6212000.5,"Fst",0.00236665613258902,0,0.0301967832737591,0.0776501398045595
"6208001","6218000",6213000.5,"Fst",0.0355441529577056,0,0.0231885731042294,0.0464312700200721
"6209001","6219000",6214000.5,"Fst",0.0444453000996837,0,0.0226934473124932,0.0481913124955949
"6210001","6220000",6215000.5,"Fst",0.0385767489215765,0,0.0267812141680428,0.0753548668228117
"6211001","6221000",6216000.5,"Fst",0.0411413285050749,0,0.0267372378267077,0.0813237842208617
"6212001","6222000",6217000.5,"Fst",0.03403994043197,0,0.0238547170147413,0.0659775787367153
"6213001","6223000",6218000.5,"Fst",0.0288234072852426,0,0.0252737466042733,0.0559719760276863
"6214001","6224000",6219000.5,"Fst",0.0258118491342331,0,0.0222144640349509,0.0437574464547947
"6215001","6225000",6220000.5,"Fst",0.0248467398641666,0,0.0222728578342543,0.0428420606688231
"6216001","6226000",6221000.5,"Fst",0.0248525215827669,0,0.0224991753389622,0.0433017718827179
"6217001","6227000",6222000.5,"Fst",0.023661646845122,0,0.0237599721368214,0.0429615814634899
"6218001","6228000",6223000.5,"Fst",0.00776474475466704,0,0.0242361307812221,0.0409494054372137
"6219001","6229000",6224000.5,"Fst",0.00354285652298891,0,0.0216170808739211,0.0420877363934797
"6220001","6230000",6225000.5,"Fst",0.00490209344132375,0,0.0239619128890705,0.0478353619953658
"6221001","6231000",6226000.5,"Fst",0.00519112284672463,0,0.0232294754755673,0.0461266100125562
"6222001","6232000",6227000.5,"Fst",0.00635432678776326,0,0.0232103882004501,0.0466094704733727
"6223001","6233000",6228000.5,"Fst",0.00866952857560754,0,0.0214952745148087,0.0444314133599738
"6224001","6234000",6229000.5,"Fst",0.00761182634336421,0,0.0196272100426839,0.0357612048630015
"6225001","6235000",6230000.5,"Fst",0.00859238085515457,0,0.020780235846788,0.0388086541790927
"6226001","6236000",6231000.5,"Fst",0.0078849470312885,0,0.0229325509170199,0.0423151515151515
"6227001","6237000",6232000.5,"Fst",0.00381593714927031,0,0.0247416951021017,0.0474934061972259
"6228001","6238000",6233000.5,"Fst",0.00688118892375744,0,0.0168728919150424,0.04862801240754
"6229001","6239000",6234000.5,"Fst",0.00222234700307589,0,0.0174452040451058,0.0528553034836697
"6230001","6240000",6235000.5,"Fst",0.00262383787336418,0,0.0173183592510456,0.0543936926265917
"6231001","6241000",6236000.5,"Fst",0.00209123644836406,0,0.018714479422992,0.0528224145035023
"6232001","6242000",6237000.5,"Fst",0,0,0.0197949384304014,0.0613742541934031
"6233001","6243000",6238000.5,"Fst",0,0,0.0218392602459257,0.0681627936335298
"6234001","6244000",6239000.5,"Fst",0.000317603466190919,0,0.0211905025495056,0.0659641045469793
"6235001","6245000",6240000.5,"Fst",0.000320995482285924,0,0.021475299050143,0.0666377805083102
"6236001","6246000",6241000.5,"Fst",0,0,0.022341196678146,0.0654620318574779
"6237001","6247000",6242000.5,"Fst",0,0,0.0227430321946721,0.043618519354596
"6238001","6248000",6243000.5,"Fst",0,0,0.0338910285560093,0.0712685302542818
"6239001","6249000",6244000.5,"Fst",0,0,0.0344676414941945,0.0705269370515871
"6240001","6250000",6245000.5,"Fst",0,0,0.0342095291214558,0.0704220452256705
"6241001","6251000",6246000.5,"Fst",0,0,0.0331362862350637,0.0650533248738632
"6242001","6252000",6247000.5,"Fst",0.00086718040828937,0,0.0338062422512821,0.0707457966243908
"6243001","6253000",6248000.5,"Fst",0.000383812860123678,0,0.0339541987879167,0.0707003631241481
"6244001","6254000",6249000.5,"Fst",0,0,0.0322387777782554,0.0711761578634642
"6245001","6255000",6250000.5,"Fst",0,0,0.0321948686270609,0.0711761578634642
"6246001","6256000",6251000.5,"Fst",0,0,0.0348418605083397,0.0717653171640902
"6247001","6257000",6252000.5,"Fst",0.0129654415045126,0,0.0238928064350451,0.0592292228688676
"6248001","6258000",6253000.5,"Fst",0.012214116639603,0,0.0198107166577575,0.0494306346615232
"6249001","6259000",6254000.5,"Fst",0.0187821080455424,0,0.0189908511025706,0.056767979063832
"6250001","6260000",6255000.5,"Fst",0.0282474961177358,0,0.019631022298474,0.0573261966181829
"6251001","6261000",6256000.5,"Fst",0.0293441002670705,0,0.0209542884515197,0.0611921710285559
"6252001","6262000",6257000.5,"Fst",0.0293918495297806,0,0.0210640028765638,0.0607194582764141
"6253001","6263000",6258000.5,"Fst",0.0270363883368699,0,0.0197514915118276,0.0581546852720904
"6254001","6264000",6259000.5,"Fst",0.0240594625500286,0,0.0197332556619372,0.0535953932511776
"6255001","6265000",6260000.5,"Fst",0.0235056364267894,0,0.0190220075951535,0.0520239642767255
"6256001","6266000",6261000.5,"Fst",0.0243893904401988,0,0.0193622708353161,0.052203688096639
"6257001","6267000",6262000.5,"Fst",0.0212009721943497,0,0.021329952952047,0.0569155799416238
"6258001","6268000",6263000.5,"Fst",0.0438257868559337,0,0.0217069563246328,0.0754078353199625
"6259001","6269000",6264000.5,"Fst",0.0448003858637217,0,0.0221952540619724,0.0460181357086258
"6260001","6270000",6265000.5,"Fst",0.0662240079702427,0,0.0315640393020909,0.0653861059856727
"6261001","6271000",6266000.5,"Fst",0.0781159489354492,0,0.0333401979081853,0.0742224733161495
"6262001","6272000",6267000.5,"Fst",0.0781813389141394,0,0.0331328217135679,0.074278251875967
"6263001","6273000",6268000.5,"Fst",0.0757343194027769,0,0.0316865204638013,0.0782574896258443
"6264001","6274000",6269000.5,"Fst",0.0901465745607316,0,0.0329728041351218,0.0699335000669706
"6265001","6275000",6270000.5,"Fst",0.0830088180968059,0,0.0326116127491377,0.0928132812086101
"6266001","6276000",6271000.5,"Fst",0.0825372966875223,0,0.0324204086039708,0.0923221066444803
"6267001","6277000",6272000.5,"Fst",0.0825676974425581,0,0.0323068406920385,0.0922306022447267
"6268001","6278000",6273000.5,"Fst",0.078988331792609,0,0.033003057416758,0.095853640973554
"6269001","6279000",6274000.5,"Fst",0.0847587345587845,0,0.0378136571787278,0.102039097934289
"6270001","6280000",6275000.5,"Fst",0.0690131197871585,0,0.0378610290748836,0.108603696967133
"6271001","6281000",6276000.5,"Fst",0.05245054984403,0,0.0352861986466372,0.104060360547084
"6272001","6282000",6277000.5,"Fst",0.0507323042311755,0,0.0342140468733014,0.0929910139769102
"6273001","6283000",6278000.5,"Fst",0.0532731916351643,0,0.03780608858566,0.107832314008052
"6274001","6284000",6279000.5,"Fst",0.0419471429417873,0,0.0397629570504523,0.121173246282568
"6275001","6285000",6280000.5,"Fst",0.017227823538951,0,0.0294098504809159,0.0587620049993423
"6276001","6286000",6281000.5,"Fst",0.0133404722989349,0,0.0267658037083863,0.0608067602960837
"6277001","6287000",6282000.5,"Fst",0.00976894450578647,0,0.023646182695466,0.0528559432053982
"6278001","6288000",6283000.5,"Fst",0.0127513374428463,0,0.0210145325065714,0.0513900911497144
"6279001","6289000",6284000.5,"Fst",0.00989125706829042,0,0.0184213556003819,0.0401171668439222
"6280001","6290000",6285000.5,"Fst",0.00990264451616885,0,0.0191550987885861,0.0416048083425704
"6281001","6291000",6286000.5,"Fst",0.0120552445811224,0,0.0167224317098125,0.0344322553976278
"6282001","6292000",6287000.5,"Fst",0.00840674291611443,0,0.0163405240618326,0.0310186252236234
"6283001","6293000",6288000.5,"Fst",0.0077026773678055,0,0.013942887146421,0.0295160763039081
"6284001","6294000",6289000.5,"Fst",0.00279133281121346,0,0.0178524881014737,0.0334782868486222
"6285001","6295000",6290000.5,"Fst",0.00276991750029887,0,0.0177179417406228,0.0332066774225414
"6286001","6296000",6291000.5,"Fst",0.00150193861416159,0,0.0184891825977151,0.0347842454405376
"6287001","6297000",6292000.5,"Fst",0.00352736125712394,0,0.0198655066226077,0.0379589615104803
"6288001","6298000",6293000.5,"Fst",0.00273101384212504,0,0.0226414751452564,0.0536130545772757
"6289001","6299000",6294000.5,"Fst",0.00124219541695259,0,0.0228717119602969,0.0635885570887454
"6290001","6300000",6295000.5,"Fst",0.000338959081849555,0,0.0213080243016621,0.0632244686826843
"6291001","6301000",6296000.5,"Fst",0,0,0.0217919154953924,0.0606490310867061
"6292001","6302000",6297000.5,"Fst",0,0,0.0209264450410842,0.0542289268714645
"6293001","6303000",6298000.5,"Fst",0,0,0.0212682841963074,0.0576675463316362
"6294001","6304000",6299000.5,"Fst",0,0,0.0207086233945457,0.0549791908127065
"6295001","6305000",6300000.5,"Fst",0.000818557087906902,0,0.0186108469894561,0.0368716262433968
"6296001","6306000",6301000.5,"Fst",0.00235008310957685,0,0.0176881771491505,0.034101845401079
"6297001","6307000",6302000.5,"Fst",0.00481828210074264,0,0.0153384251234253,0.0267130028293763
"6298001","6308000",6303000.5,"Fst",0.00249107901444345,0,0.0149675330813047,0.0281394687478548
"6299001","6309000",6304000.5,"Fst",0.00193379713247255,0,0.0144610222909631,0.0284064352898007
"6300001","6310000",6305000.5,"Fst",0.00393198189446109,0,0.0149096472464807,0.0291326318900884
"6301001","6311000",6306000.5,"Fst",0.00418912710025376,0,0.0159955782266064,0.0378561925730483
"6302001","6312000",6307000.5,"Fst",0.00918496239108801,0,0.0213900370268946,0.0531166217809164
"6303001","6313000",6308000.5,"Fst",0.0122069176614632,0,0.0275313498362113,0.0653041883670872
"6304001","6314000",6309000.5,"Fst",0.0121845544098347,0,0.0297189926287598,0.0752053701085755
"6305001","6315000",6310000.5,"Fst",0.0151629205749908,0,0.0375589606825194,0.0947350797888744
"6306001","6316000",6311000.5,"Fst",0.0122779003773675,0,0.0336472601599642,0.0885576981708194
"6307001","6317000",6312000.5,"Fst",0.0112060901168829,0,0.0396943952291381,0.105939459424062
"6308001","6318000",6313000.5,"Fst",0.0126398774664384,0,0.041048763985667,0.112435874352313
"6309001","6319000",6314000.5,"Fst",0.0117982002122801,0,0.0395913194213263,0.105296956673103
"6310001","6320000",6315000.5,"Fst",0.0110699872941891,0,0.039816019230297,0.105816672953602
"6311001","6321000",6316000.5,"Fst",0.01048963534234,0,0.0358885892425512,0.0940200913769197
"6312001","6322000",6317000.5,"Fst",0.00675681568979258,0,0.0369572915260766,0.0747688418811947
"6313001","6323000",6318000.5,"Fst",0.000611105014180269,0,0.0392699251290495,0.0726869973866913
"6314001","6324000",6319000.5,"Fst",0.00554774394750612,0,0.0412373442289695,0.0854461099416403
"6315001","6325000",6320000.5,"Fst",0.00916524054002665,0,0.0366753183918655,0.0746968747392162
"6316001","6326000",6321000.5,"Fst",0.0225666329510446,0,0.03054524053639,0.0592559863519767
"6317001","6327000",6322000.5,"Fst",0.022363887400933,0,0.0302462233872374,0.0587090811809914
"6318001","6328000",6323000.5,"Fst",0.0219875440021662,0,0.0256421659080841,0.0495518590353573
"6319001","6329000",6324000.5,"Fst",0.0322091848444622,0,0.0219736761798905,0.0492110380537987
"6320001","6330000",6325000.5,"Fst",0.0310703889286568,0,0.0223056078749666,0.0497975291309638
"6321001","6331000",6326000.5,"Fst",0.0357164496419561,0,0.023485540194013,0.0544224601346165
"6322001","6332000",6327000.5,"Fst",0.035257070543571,0,0.022393526143641,0.0505917497788819
"6323001","6333000",6328000.5,"Fst",0.0347818910796445,0,0.0207734198581847,0.0501209320807354
"6324001","6334000",6329000.5,"Fst",0.027271893397375,0,0.018181453506061,0.0424703698134233
"6325001","6335000",6330000.5,"Fst",0.0223530855109801,0,0.0191885004527999,0.0462595943496777
"6326001","6336000",6331000.5,"Fst",0.0106343434343434,0,0.020295229950027,0.045127798567163
"6327001","6337000",6332000.5,"Fst",0.00946187176227786,0,0.020138364806794,0.0431009285638212
"6328001","6338000",6333000.5,"Fst",0.0114280281422323,0,0.0206742933587389,0.0390675764647831
"6329001","6339000",6334000.5,"Fst",0.00793004138465125,0,0.0209703421599617,0.0391590137870482
"6330001","6340000",6335000.5,"Fst",0.0080603086508434,0,0.0203630209500434,0.0374175134457415
"6331001","6341000",6336000.5,"Fst",0.00889963710329833,0,0.0222160156567339,0.0449528075507918
"6332001","6342000",6337000.5,"Fst",0.00622804357166307,0,0.0242655639769916,0.0501446160866077
"6333001","6343000",6338000.5,"Fst",0.00995729356198083,0,0.0241436750610196,0.0507591703341929
"6334001","6344000",6339000.5,"Fst",0.00691651468853538,0,0.0225947953011466,0.0475398750918354
"6335001","6345000",6340000.5,"Fst",0.00744214188473757,0,0.0215423314131793,0.0417342231966216
"6336001","6346000",6341000.5,"Fst",0.0062906700048494,0,0.0211622007262835,0.0403486513897777
"6337001","6347000",6342000.5,"Fst",0.00874273881732057,0,0.0218589050440338,0.0422421176958516
"6338001","6348000",6343000.5,"Fst",0.00452358192511459,0,0.0239396235279258,0.0477827050997782
"6339001","6349000",6344000.5,"Fst",0.00651351270820288,0,0.0262400675054885,0.0524653485854988
"6340001","6350000",6345000.5,"Fst",0.00446693625055938,0,0.0260719187555052,0.0683385046309551
"6341001","6351000",6346000.5,"Fst",0.00346768349904369,0,0.0251647889068312,0.0609466535812145
"6342001","6352000",6347000.5,"Fst",0.00642396444515048,0,0.018846709378763,0.0411607978685102
"6343001","6353000",6348000.5,"Fst",0.0031291597181532,0,0.0198308819982095,0.0421424701739509
"6344001","6354000",6349000.5,"Fst",0.00336693636529473,0,0.0200300321336852,0.0417033253444734
"6345001","6355000",6350000.5,"Fst",0.0033123966942149,0,0.0204930352024393,0.0433603860360631
"6346001","6356000",6351000.5,"Fst",0.00320926708409452,0,0.0199133281982249,0.042667381246518
"6347001","6357000",6352000.5,"Fst",0.00150575792366836,0,0.0196762092477253,0.0409445056023485
"6348001","6358000",6353000.5,"Fst",0.0034333674913386,0,0.0222056115808342,0.0437560206756946
"6349001","6359000",6354000.5,"Fst",0.00570763485762582,0,0.0208925213432327,0.0398746400980645
"6350001","6360000",6355000.5,"Fst",0.00708333333333333,0,0.022944292408968,0.0466795008912657
"6351001","6361000",6356000.5,"Fst",0.00840954454726917,0,0.0234299195230511,0.0429519418013783
"6352001","6362000",6357000.5,"Fst",0.00694357366771159,0,0.0188218026187475,0.0473725941414879
"6353001","6363000",6358000.5,"Fst",0.00960719119145881,0,0.0198728537259649,0.0490461988509583
"6354001","6364000",6359000.5,"Fst",0.00744452397995699,0,0.0200531336473622,0.0491851623475635
"6355001","6365000",6360000.5,"Fst",0.0143169104669598,0,0.0169389150340919,0.0423914211148254
"6356001","6366000",6361000.5,"Fst",0.0163610880050935,0,0.0171763329719849,0.0409729919446682
"6357001","6367000",6362000.5,"Fst",0.0188544970804889,0,0.0188888250468164,0.045615686984973
"6358001","6368000",6363000.5,"Fst",0.0190031260492495,0,0.0191019836349374,0.047610386446858
"6359001","6369000",6364000.5,"Fst",0.0149998371919569,0,0.0181881886992385,0.0448633465946066
"6360001","6370000",6365000.5,"Fst",0.0150388684353384,0,0.0182231386503817,0.0440778621187213
"6361001","6371000",6366000.5,"Fst",0.0146689068791368,0,0.0174704296417428,0.0432198856976852
"6362001","6372000",6367000.5,"Fst",0.0124708227409935,0,0.0196267487228301,0.0484432564282419
"6363001","6373000",6368000.5,"Fst",0.0141874394041067,0,0.0220128401547519,0.0500524051776405
"6364001","6374000",6369000.5,"Fst",0.0168831281865905,0,0.0205269535665666,0.0480538715268182
"6365001","6375000",6370000.5,"Fst",0.0152008865707205,0,0.0247904551864574,0.0676449189784004
"6366001","6376000",6371000.5,"Fst",0.00732092473263135,0,0.0251800036218177,0.0566077387145879
"6367001","6377000",6372000.5,"Fst",0.00732092473263135,0,0.0251800036218177,0.0566077387145879
"6368001","6378000",6373000.5,"Fst",0.00741060606060595,0,0.0255286347136193,0.0572699788945297
"6369001","6379000",6374000.5,"Fst",0.0190556924799714,0,0.0250907123045627,0.0439802802283343
"6370001","6380000",6375000.5,"Fst",0.0188901674977624,0,0.0265188820623118,0.0616108461634548
"6371001","6381000",6376000.5,"Fst",0.00935499242623894,0,0.0342720361516002,0.0914158314271303
"6372001","6382000",6377000.5,"Fst",0.00992002298249128,0,0.0330746432153793,0.0853708243916059
"6373001","6383000",6378000.5,"Fst",0.0166484360787592,0,0.0280995501147716,0.0625558959807787
"6374001","6384000",6379000.5,"Fst",0.0227495199064518,0,0.0238877654765964,0.048335254272267
"6375001","6385000",6380000.5,"Fst",0.0191390198836217,0,0.0235172068976109,0.0408690478533439
"6376001","6386000",6381000.5,"Fst",0.0198224972289303,0,0.0241728240648631,0.0413680990869537
"6377001","6387000",6382000.5,"Fst",0.0237939929789851,0,0.0215846740763317,0.0357485308432373
"6378001","6388000",6383000.5,"Fst",0.0235294166961132,0,0.0221241368826595,0.0348433649482071
"6379001","6389000",6384000.5,"Fst",0.0228047500039497,0,0.0222478970437901,0.0353185516645368
"6380001","6390000",6385000.5,"Fst",0.0228801894286422,0,0.0225442699489871,0.0368771902015954
"6381001","6391000",6386000.5,"Fst",0.0277508507728561,0,0.0236108449393108,0.0401742798030716
"6382001","6392000",6387000.5,"Fst",0.0298397291781685,0,0.0269050468035688,0.041790287204814
"6383001","6393000",6388000.5,"Fst",0.0281899535517655,0,0.0224860771027136,0.043561206906765
"6384001","6394000",6389000.5,"Fst",0.0216774318732206,0,0.0222913081704885,0.0420541482996228
"6385001","6395000",6390000.5,"Fst",0.0343336772701661,0,0.0166457364279124,0.0293758146826668
"6386001","6396000",6391000.5,"Fst",0.0340100660835131,0,0.0163366186896265,0.0288740139884287
"6387001","6397000",6392000.5,"Fst",0.0056088536986213,0,0.0255940563139635,0.048096468561585
"6388001","6398000",6393000.5,"Fst",0.00294830163393622,0,0.0258213889027343,0.0528803638164708
"6389001","6399000",6394000.5,"Fst",0,0,0.0356264801470653,0.0628044250870007
"6390001","6400000",6395000.5,"Fst",0,0,0.050629916631389,0.0811055758021555
"6391001","6401000",6396000.5,"Fst",6.91889998248874e-05,0,0.0475694516826389,0.0768417227012813
"6392001","6402000",6397000.5,"Fst",0.00073421611287694,0,0.0423264209725477,0.0684316098150424
"6393001","6403000",6398000.5,"Fst",0.00299896278719225,0,0.0403390541797554,0.0663800843227247
"6394001","6404000",6399000.5,"Fst",0.0025504554384711,0,0.0370741935871978,0.0690585070310833
"6395001","6405000",6400000.5,"Fst",0.00316409800737416,0,0.0359066578672969,0.0772992639404159
"6396001","6406000",6401000.5,"Fst",0.00318957771787953,0,0.0357176599340671,0.077234242829573
"6397001","6407000",6402000.5,"Fst",0.00985321100917436,0,0.0298839396353421,0.0782567285529614
"6398001","6408000",6403000.5,"Fst",0.0108701446342804,0,0.029642656405224,0.0765379686906996
"6399001","6409000",6404000.5,"Fst",0.0189036936007507,0,0.0269191733829946,0.0757622502277153
"6400001","6410000",6405000.5,"Fst",0.025543640081396,0,0.0255316717076944,0.0635202453115612
"6401001","6411000",6406000.5,"Fst",0.0233133090519212,0,0.0229149064597024,0.0570085447179977
"6402001","6412000",6407000.5,"Fst",0.0228813201386714,0,0.0187642759471771,0.0466787073238223
"6403001","6413000",6408000.5,"Fst",0.0219458639182892,0,0.0192289748618793,0.0476614101821375
"6404001","6414000",6409000.5,"Fst",0.0230898541663221,0,0.0199153915538533,0.0466330824192451
"6405001","6415000",6410000.5,"Fst",0.0266238439651378,0,0.0193151219690178,0.0447991485783227
"6406001","6416000",6411000.5,"Fst",0.0268448161425829,0,0.0195136673198642,0.0455548707546004
"6407001","6417000",6412000.5,"Fst",0.0235395885303858,0,0.0235301613648995,0.0556842811755609
"6408001","6418000",6413000.5,"Fst",0.0266311040785082,0,0.0884050938170517,0.186344550168416
"6409001","6419000",6414000.5,"Fst",0.0253699295254508,0,0.0987727360564904,0.203244616615849
"6410001","6420000",6415000.5,"Fst",0.0267059758332833,0,0.111643820616317,0.228097183499765
"6411001","6421000",6416000.5,"Fst",0.0145959109887235,0,0.123285892561376,0.255573942803149
"6412001","6422000",6417000.5,"Fst",0.0250035853133892,0,0.124988016431099,0.262681242940035
"6413001","6423000",6418000.5,"Fst",0.0237617974709734,0,0.119935599581569,0.252633462010974
"6414001","6424000",6419000.5,"Fst",0.024454608972748,0,0.0838159207798162,0.175311436039131
"6415001","6425000",6420000.5,"Fst",0.0242099537674395,0,0.0793335578867293,0.16682906652523
"6416001","6426000",6421000.5,"Fst",0.0261820284561166,0,0.0632906053457703,0.135685720463105
"6417001","6427000",6422000.5,"Fst",0.0255109566166845,0,0.0588546942703805,0.130045716076715
"6418001","6428000",6423000.5,"Fst",0.0201322645792056,0,0.0335577208926785,0.0601418436369873
"6419001","6429000",6424000.5,"Fst",0.0186329543846407,0,0.0328319689296404,0.0594760502858817
"6420001","6430000",6425000.5,"Fst",0.0176622518545214,0,0.0280520764967891,0.0495898611163292
"6421001","6431000",6426000.5,"Fst",0.0192809627660103,0,0.0312904741953883,0.0543735120359757
"6422001","6432000",6427000.5,"Fst",0.0159815625056265,0,0.0283873418045112,0.0514555754142559
"6423001","6433000",6428000.5,"Fst",0.0161474523032068,0,0.0236181389151144,0.0473893334705674
"6424001","6434000",6429000.5,"Fst",0.018590531327089,0,0.0220756908659864,0.049036290680364
"6425001","6435000",6430000.5,"Fst",0.0264294635789963,0,0.0182678962599672,0.0380054353618245
"6426001","6436000",6431000.5,"Fst",0.037257727395677,0,0.0193967262416915,0.0414369203144962
"6427001","6437000",6432000.5,"Fst",0.0403260597056863,0,0.0182913414964221,0.0386818465721929
"6428001","6438000",6433000.5,"Fst",0.0419856309038369,0,0.0188506635060116,0.0415118825798437
"6429001","6439000",6434000.5,"Fst",0.0416232812708585,0,0.0182138153757517,0.0424526103264963
"6430001","6440000",6435000.5,"Fst",0.0359218641224511,0,0.0186662944768148,0.0377427781624529
"6431001","6441000",6436000.5,"Fst",0.0326031090582719,0,0.0194197785461995,0.0510592421646398
"6432001","6442000",6437000.5,"Fst",0.0302316947671777,0,0.0206306344643296,0.056014925516671
"6433001","6443000",6438000.5,"Fst",0.0307741962442168,0,0.0206254658182107,0.0570583295486679
"6434001","6444000",6439000.5,"Fst",0.0283140189906133,0,0.021655079822861,0.0576367623702715
"6435001","6445000",6440000.5,"Fst",0.0213142278812326,0,0.0254790454795776,0.0673361070822349
"6436001","6446000",6441000.5,"Fst",0.00396729486543079,0,0.0307278101837927,0.0819822665631266
"6437001","6447000",6442000.5,"Fst",0,0,0.0323197841601108,0.088777478931325
"6438001","6448000",6443000.5,"Fst",0,0,0.031208544005959,0.0860906397669121
"6439001","6449000",6444000.5,"Fst",0,0,0.029137497077716,0.0846336256902872
"6440001","6450000",6445000.5,"Fst",0,0,0.021679883127941,0.0535026627330227
"6441001","6451000",6446000.5,"Fst",0,0,0.018414366585038,0.0434269014886752
"6442001","6452000",6447000.5,"Fst",0,0,0.0193583937861663,0.050951025372633
"6443001","6453000",6448000.5,"Fst",0,0,0.0183978813611794,0.0514347477067156
"6444001","6454000",6449000.5,"Fst",0,0,0.0182808075189959,0.0429299282882096
"6445001","6455000",6450000.5,"Fst",0,0,0.0192089133692452,0.0443788821834756
"6446001","6456000",6451000.5,"Fst",0,0,0.0194440486354149,0.0398011845606957
"6447001","6457000",6452000.5,"Fst",0.000674040788109065,0,0.021942421114248,0.0390137259510784
"6448001","6458000",6453000.5,"Fst",0.00231575448966759,0,0.0218825438026192,0.0438988859864771
"6449001","6459000",6454000.5,"Fst",0.00299485348576645,0,0.0229728147089843,0.0438918719059659
"6450001","6460000",6455000.5,"Fst",0.0163163096750926,0,0.0230381232272768,0.0397646419047523
"6451001","6461000",6456000.5,"Fst",0.0142845356771094,0,0.0238472149841104,0.042231299152594
"6452001","6462000",6457000.5,"Fst",0.0110091743119266,0,0.0226047286499655,0.0378164998262227
"6453001","6463000",6458000.5,"Fst",0.00627897679051148,0,0.0196756254508641,0.0389679950296921
"6454001","6464000",6459000.5,"Fst",0.00989501804556725,0,0.0191774281029131,0.0398310970358641
"6455001","6465000",6460000.5,"Fst",0.00730997703702396,0,0.0182522724110813,0.0430094452186427
"6456001","6466000",6461000.5,"Fst",0.00747347339876347,0,0.0176854868941552,0.0408872677391198
"6457001","6467000",6462000.5,"Fst",0.00714924165776365,0,0.0177418060177216,0.0429451662762055
"6458001","6468000",6463000.5,"Fst",0.00654712688780834,0,0.0178485221693904,0.0438335685644262
"6459001","6469000",6464000.5,"Fst",0.00900091099662159,0,0.0176830086951386,0.0421450134759257
"6460001","6470000",6465000.5,"Fst",0.00688927550813634,0,0.0179055525657302,0.0388182217431229
"6461001","6471000",6466000.5,"Fst",0.00839794016576378,0,0.0181786612986783,0.0363348558447522
"6462001","6472000",6467000.5,"Fst",0.0105495150202828,0,0.0183327282192896,0.0440418203062168
"6463001","6473000",6468000.5,"Fst",0.0144079251753136,0,0.0166392114749998,0.0293115665784636
"6464001","6474000",6469000.5,"Fst",0.0144757079809907,0,0.0179557124024075,0.0384083344140406
"6465001","6475000",6470000.5,"Fst",0.0171644326422825,0,0.0195440634111875,0.0422551209723221
"6466001","6476000",6471000.5,"Fst",0.0188953244354906,0,0.0226935711336855,0.0494493629885555
"6467001","6477000",6472000.5,"Fst",0.0162476558668242,0,0.0224219762067611,0.0468746700454017
"6468001","6478000",6473000.5,"Fst",0.0239686790075914,0,0.0203749409242494,0.050975965151952
"6469001","6479000",6474000.5,"Fst",0.020985703716079,0,0.0213228042833636,0.0537114310827976
"6470001","6480000",6475000.5,"Fst",0.0132611690022758,0,0.0215224945735956,0.0515906138115467
"6471001","6481000",6476000.5,"Fst",0.0126059246764723,0,0.024129531236907,0.0536969544354101
"6472001","6482000",6477000.5,"Fst",0.0178757607841988,0,0.0228962415184446,0.0478263039957404
"6473001","6483000",6478000.5,"Fst",0.0218672704440809,0,0.0222403627214377,0.0451911999599289
"6474001","6484000",6479000.5,"Fst",0.0217897254592992,0,0.0211273900312461,0.048083847826543
"6475001","6485000",6480000.5,"Fst",0.0207178233430835,0,0.0204581312368031,0.0464512086040224
"6476001","6486000",6481000.5,"Fst",0.0151473640514738,0,0.0195873377431263,0.0412022635824284
"6477001","6487000",6482000.5,"Fst",0.0166652781614436,0,0.0197568080462842,0.0373171748009647
"6478001","6488000",6483000.5,"Fst",0.00984857294893338,0,0.0168775269500984,0.0422896468063758
"6479001","6489000",6484000.5,"Fst",0.0104494327311681,0,0.0177259059904825,0.0419677744952255
"6480001","6490000",6485000.5,"Fst",0.0143285114404248,0,0.0186071338715399,0.0517143308183633
"6481001","6491000",6486000.5,"Fst",0.0171723389910003,0,0.0183065879436008,0.0339618397870824
"6482001","6492000",6487000.5,"Fst",0.00858511504444515,0,0.0194036061224813,0.0434467379674953
"6483001","6493000",6488000.5,"Fst",0.00853481624758223,0,0.0196567894145235,0.0443756881598004
"6484001","6494000",6489000.5,"Fst",0.0124037417954416,0,0.0189665480077143,0.0359428811298881
"6485001","6495000",6490000.5,"Fst",0.0161996136917768,0,0.0201202538605338,0.0347256050510948
"6486001","6496000",6491000.5,"Fst",0.0226748793889393,0,0.0206256935050095,0.0471431456212907
"6487001","6497000",6492000.5,"Fst",0.0243734284774229,0,0.0200013368380691,0.0482485880088218
"6488001","6498000",6493000.5,"Fst",0.0222551075812581,0,0.0229839057488044,0.047958242755454
"6489001","6499000",6494000.5,"Fst",0.0163120408584658,0,0.0231598579366225,0.0785578236306693
"6490001","6500000",6495000.5,"Fst",0.0190032263850179,0,0.0200195176407541,0.0618410084227631
"6491001","6501000",6496000.5,"Fst",0.0231662869736518,0,0.0192176139300593,0.0568533553545166
"6492001","6502000",6497000.5,"Fst",0.0177834752882555,0,0.0198593726881392,0.0562576716784743
"6493001","6503000",6498000.5,"Fst",0.0133950712558524,0,0.0197832414272456,0.0394437752923559
"6494001","6504000",6499000.5,"Fst",0.0111678185362396,0,0.0213862986510311,0.039278147107487
"6495001","6505000",6500000.5,"Fst",0.0109493040151735,0,0.0215395600122421,0.0434226943472082
"6496001","6506000",6501000.5,"Fst",0.0137752383543629,0,0.0213365767397705,0.043462939560478
"6497001","6507000",6502000.5,"Fst",0.013798280452145,0,0.0220127973083648,0.04454818196173
"6498001","6508000",6503000.5,"Fst",0.0138215042951759,0,0.0220635321215393,0.0446518266564799
"6499001","6509000",6504000.5,"Fst",0.0294149421404524,0,0.0237421001838795,0.0543017667366141
"6500001","6510000",6505000.5,"Fst",0.0290019544133523,0,0.0248720123277261,0.0620210965238213
"6501001","6511000",6506000.5,"Fst",0.0257133716120409,0,0.0248816498979862,0.0667937630153332
"6502001","6512000",6507000.5,"Fst",0.0329995736109273,0,0.0252968337233084,0.0678028505271029
"6503001","6513000",6508000.5,"Fst",0.0568735483173987,0,0.0236128632230207,0.0549912568936032
"6504001","6514000",6509000.5,"Fst",0.0642284918146986,0,0.0225982425645222,0.0567631787380093
"6505001","6515000",6510000.5,"Fst",0.0523042086900264,0,0.0215356825025492,0.0488390848508001
"6506001","6516000",6511000.5,"Fst",0.0422868359710465,0,0.0215540602259078,0.0619819894794147
"6507001","6517000",6512000.5,"Fst",0.0408934197720261,0,0.0198297767953827,0.0578677331252438
"6508001","6518000",6513000.5,"Fst",0.0402596553773024,0,0.0178957771790571,0.0527632318958408
"6509001","6519000",6514000.5,"Fst",0.0104183735213952,0,0.0173102852737812,0.0456274456274456
"6510001","6520000",6515000.5,"Fst",0.00573819036970913,0,0.0184320048421322,0.0347606585243925
"6511001","6521000",6516000.5,"Fst",0.00317080280808402,0,0.0163860913243289,0.0306498787625556
"6512001","6522000",6517000.5,"Fst",0.000926634418546679,0,0.0151648901489796,0.0277821945775638
"6513001","6523000",6518000.5,"Fst",0.0115872880633894,0,0.0150003666217897,0.0244460187348652
"6514001","6524000",6519000.5,"Fst",0.0127581459385039,0,0.0146955538759675,0.0253056726475138
"6515001","6525000",6520000.5,"Fst",0.0195755338781967,0,0.0144186035963833,0.0265655832588603
"6516001","6526000",6521000.5,"Fst",0.0157682083997874,0,0.0150653629551572,0.0414820923121657
"6517001","6527000",6522000.5,"Fst",0.0136055740771661,0,0.0152184890126572,0.0402381242782255
"6518001","6528000",6523000.5,"Fst",0.0233234958563105,0,0.015515137253257,0.0407837016347655
"6519001","6529000",6524000.5,"Fst",0.0279458732115427,0,0.0162229792116091,0.0439367458040992
"6520001","6530000",6525000.5,"Fst",0.0299927775160936,0,0.0162373638615901,0.0371912475840079
"6521001","6531000",6526000.5,"Fst",0.0332649806334017,0,0.0177727943728525,0.0332129594806276
"6522001","6532000",6527000.5,"Fst",0.0326759758668765,0,0.0165179456774994,0.0271020918866081
"6523001","6533000",6528000.5,"Fst",0.0266977261013046,0,0.0175749613699188,0.0317762062110467
"6524001","6534000",6529000.5,"Fst",0.0262574058325777,0,0.0169815670905925,0.0290462123978006
"6525001","6535000",6530000.5,"Fst",0.0203275043427911,0,0.0161316064866591,0.0256089911389037
"6526001","6536000",6531000.5,"Fst",0.0250469484828792,0,0.0169718159392144,0.0319997809359511
"6527001","6537000",6532000.5,"Fst",0.0287341905040805,0,0.015933728463781,0.0345787557136108
"6528001","6538000",6533000.5,"Fst",0.0168301784293817,0,0.0167057377217983,0.0315662979136301
"6529001","6539000",6534000.5,"Fst",0.0153467059816993,0,0.01734549827705,0.0280286794255822
"6530001","6540000",6535000.5,"Fst",0.0114040648408089,0,0.0188030074309454,0.0297878800603382
"6531001","6541000",6536000.5,"Fst",0.0120657515675311,0,0.0197660089922925,0.0303008436216692
"6532001","6542000",6537000.5,"Fst",0.0134025884220369,0,0.0179917913138914,0.0352352701680918
"6533001","6543000",6538000.5,"Fst",0.0148628261719842,0,0.0184854683353332,0.0364417508417509
"6534001","6544000",6539000.5,"Fst",0.0119571252986942,0,0.0172577910250903,0.0381597692762083
"6535001","6545000",6540000.5,"Fst",0.0112631392409785,0,0.0199294610359732,0.0379429329794293
"6536001","6546000",6541000.5,"Fst",0.0110048823955297,0,0.0199136973083089,0.0379370206781374
"6537001","6547000",6542000.5,"Fst",0.0111510892165599,0,0.0191855668525589,0.0340723517960522
"6538001","6548000",6543000.5,"Fst",0.00803026499620929,0,0.0178151401179483,0.0309323872677026
"6539001","6549000",6544000.5,"Fst",0.00931887121978126,0,0.0180545628622638,0.0381351474935435
"6540001","6550000",6545000.5,"Fst",0.0092489924966046,0,0.0177363228744949,0.0486018939731535
"6541001","6551000",6546000.5,"Fst",0.0099839901240284,0,0.0184127360201254,0.0505370932675002
"6542001","6552000",6547000.5,"Fst",0.00666658693234146,0,0.0178956938080935,0.0517504723409739
"6543001","6553000",6548000.5,"Fst",0.00473334932437841,0,0.0177037971349596,0.0492155786918491
"6544001","6554000",6549000.5,"Fst",0.00277112476425201,0,0.0193535108136336,0.0420511748559914
"6545001","6555000",6550000.5,"Fst",0.00518095648427408,0,0.0223734223604518,0.0425256337763662
"6546001","6556000",6551000.5,"Fst",0.0206745324392383,0,0.0181938153077701,0.0370984085544546
"6547001","6557000",6552000.5,"Fst",0.0202403775086704,0,0.0205976290962869,0.0395132322003966
"6548001","6558000",6553000.5,"Fst",0.024011006908488,0,0.0201687329375869,0.0435785179099643
"6549001","6559000",6554000.5,"Fst",0.0219493829208837,0,0.0183007096369079,0.0366522197247889
"6550001","6560000",6555000.5,"Fst",0.0233931305427968,0,0.0193587025114277,0.0516180674671239
"6551001","6561000",6556000.5,"Fst",0.0231841962223128,0,0.0193600092096818,0.0516244455429895
"6552001","6562000",6557000.5,"Fst",0.0224534271608978,0,0.0165863812547548,0.055877555559924
"6553001","6563000",6558000.5,"Fst",0.030299092628542,0,0.0165444281287862,0.0557529709072144
"6554001","6564000",6559000.5,"Fst",0.0284306270209205,0,0.0170639533894627,0.0542016393714679
"6555001","6565000",6560000.5,"Fst",0.0240323947870738,0,0.0175925474484172,0.0569229625626224
"6556001","6566000",6561000.5,"Fst",0.0159940529915154,0,0.0184069197436789,0.0589851729941052
"6557001","6567000",6562000.5,"Fst",0.0159680839148957,0,0.0181046311124384,0.0575850050321147
"6558001","6568000",6563000.5,"Fst",0.0157677402960421,0,0.018044257558576,0.0580454163702784
"6559001","6569000",6564000.5,"Fst",0.0158584089079805,0,0.0185889474337522,0.0600513551135792
"6560001","6570000",6565000.5,"Fst",0.0144287379819726,0,0.0202892229256551,0.0569771263797541
"6561001","6571000",6566000.5,"Fst",0.0159122382948723,0,0.0203546668084061,0.0575428553999454
"6562001","6572000",6567000.5,"Fst",0.0122756493164334,0,0.0189860810377471,0.037766999288503
"6563001","6573000",6568000.5,"Fst",0,0,0.0211719740295283,0.036603990815119
"6564001","6574000",6569000.5,"Fst",0.00280393734323969,0,0.0206861894431724,0.0407932898675144
"6565001","6575000",6570000.5,"Fst",0.00905199838047333,0,0.0178884479620708,0.0439555634448376
"6566001","6576000",6571000.5,"Fst",0.0136685722494181,0,0.0195792256195669,0.0402278099251006
"6567001","6577000",6572000.5,"Fst",0.0127858694737676,0,0.0201717756779019,0.0424352039775874
"6568001","6578000",6573000.5,"Fst",0.0127226539751392,0,0.0211913528812416,0.0429456406301906
"6569001","6579000",6574000.5,"Fst",0.016417771363062,0,0.0194629407344204,0.0379916849400221
"6570001","6580000",6575000.5,"Fst",0.0150583439718696,0,0.0187515473215415,0.0381437623520124
"6571001","6581000",6576000.5,"Fst",0.0129634615838824,0,0.0194665441517768,0.0383816104894223
"6572001","6582000",6577000.5,"Fst",0.0165134831801499,0,0.0219622346233798,0.0477259679060489
"6573001","6583000",6578000.5,"Fst",0.0213953202222996,0,0.0223330065271483,0.0592374567465381
"6574001","6584000",6579000.5,"Fst",0.0146244654187671,0,0.0263318578444906,0.0599879653773162
"6575001","6585000",6580000.5,"Fst",0.0133067729083666,0,0.0253000883281607,0.0607619825621386
"6576001","6586000",6581000.5,"Fst",0.00268421854460743,0,0.0225294794346098,0.0570170674570526
"6577001","6587000",6582000.5,"Fst",7.39144836801042e-05,0,0.0263338132751715,0.0582882314456402
"6578001","6588000",6583000.5,"Fst",0.00249151288935778,0,0.026282664866802,0.0555889224580149
"6579001","6589000",6584000.5,"Fst",0,0,0.0259833771428071,0.0569599836328407
"6580001","6590000",6585000.5,"Fst",0,0,0.0252663479665839,0.0523633165958215
"6581001","6591000",6586000.5,"Fst",0.00116182597938042,0,0.0227097033546098,0.0456782197089332
"6582001","6592000",6587000.5,"Fst",0.00123603524773985,0,0.0227865067755534,0.0457686967616047
"6583001","6593000",6588000.5,"Fst",0.00448561459686014,0,0.0206983373945602,0.0405803183140191
"6584001","6594000",6589000.5,"Fst",0.00782250509252491,0,0.0193867203664062,0.0425616980818991
"6585001","6595000",6590000.5,"Fst",0.00989258041275731,0,0.0186992102087042,0.0413057324166884
"6586001","6596000",6591000.5,"Fst",0.0134910335149055,0,0.018683232068475,0.0433108720494937
"6587001","6597000",6592000.5,"Fst",0.0160851805652826,0,0.0169645525592684,0.0342358672562535
"6588001","6598000",6593000.5,"Fst",0.0158537516220135,0,0.0172831216979859,0.0342865836326003
"6589001","6599000",6594000.5,"Fst",0.0190198342928718,0,0.0166657482795227,0.0300894693221772
"6590001","6600000",6595000.5,"Fst",0.0237266985925404,0,0.0157929466401313,0.0288675801349555
"6591001","6601000",6596000.5,"Fst",0.020487784523586,0,0.0158226959542586,0.0284417982979894
"6592001","6602000",6597000.5,"Fst",0.0202004131388539,0,0.0156690044910908,0.0279260901699926
"6593001","6603000",6598000.5,"Fst",0.0182685167384756,0,0.0152331268189342,0.0237300477853301
"6594001","6604000",6599000.5,"Fst",0.0609853568744059,0,0.0214667968623839,0.0426226360756455
"6595001","6605000",6600000.5,"Fst",0.0636870530620872,0,0.0235270352559826,0.0457389855646645
"6596001","6606000",6601000.5,"Fst",0.063684782552707,0,0.0207801061466771,0.044912644529309
"6597001","6607000",6602000.5,"Fst",0.0689965388147207,0,0.0234924279023169,0.0482154053197091
"6598001","6608000",6603000.5,"Fst",0.0577925382751657,0,0.0219740561185322,0.0568676265698936
"6599001","6609000",6604000.5,"Fst",0.0506183909373584,0,0.0221009836985396,0.061309293604439
"6600001","6610000",6605000.5,"Fst",0.0508086537082745,0,0.0221756605856708,0.0615235690039817
"6601001","6611000",6606000.5,"Fst",0.0479879851892411,0,0.0210827298627939,0.0617693602074274
"6602001","6612000",6607000.5,"Fst",0.0442318484947577,0,0.019827084090723,0.0576382517036473
"6603001","6613000",6608000.5,"Fst",0.0426887981709043,0,0.0197663624642328,0.05749839267665
"6604001","6614000",6609000.5,"Fst",0.0177842895134752,0,0.0177947466413265,0.0643645358561813
"6605001","6615000",6610000.5,"Fst",0.0150879148640851,0,0.0164788715482952,0.0676770280721273
"6606001","6616000",6611000.5,"Fst",0.00468201896303966,0,0.0169500548288545,0.0619766201389731
"6607001","6617000",6612000.5,"Fst",0.0044411627598363,0,0.0173651231196787,0.0641260902862075
"6608001","6618000",6613000.5,"Fst",0,0,0.0155094176642062,0.0380063408300645
"6609001","6619000",6614000.5,"Fst",0,0,0.0151505442147736,0.0311703902832705
"6610001","6620000",6615000.5,"Fst",0,0,0.0153087181018885,0.0346350545974908
"6611001","6621000",6616000.5,"Fst",0.00185683439944873,0,0.0148787552641252,0.0351632966548193
"6612001","6622000",6617000.5,"Fst",0.00145025130532384,0,0.0139574567338887,0.0416120243841055
"6613001","6623000",6618000.5,"Fst",0,0,0.015148184009452,0.0484442573006713
"6614001","6624000",6619000.5,"Fst",0,0,0.0153986690933536,0.0463310955082121
"6615001","6625000",6620000.5,"Fst",0,0,0.0163079707300035,0.0521605715060114
"6616001","6626000",6621000.5,"Fst",0,0,0.0172230498875997,0.0507514567396928
"6617001","6627000",6622000.5,"Fst",0,0,0.0175861570796296,0.0515435023462277
"6618001","6628000",6623000.5,"Fst",0.00526788661117017,0,0.015657270048198,0.0437455360582457
"6619001","6629000",6624000.5,"Fst",0.00973183927729382,0,0.0170538235995546,0.0448062296597523
"6620001","6630000",6625000.5,"Fst",0.0131408911133878,0,0.0172324757480536,0.0431049929264227
"6621001","6631000",6626000.5,"Fst",0.0135228391827413,0,0.0175477178285076,0.0425444881000008
"6622001","6632000",6627000.5,"Fst",0.0166383496086425,0,0.0187207095009167,0.0371261796405633
"6623001","6633000",6628000.5,"Fst",0.0203867952425333,0,0.0195220685528993,0.0436827230490453
"6624001","6634000",6629000.5,"Fst",0.0234929193645013,0,0.0200983550278592,0.0510666580273307
"6625001","6635000",6630000.5,"Fst",0.0169775804669728,0,0.0187347757379176,0.0509186599606885
"6626001","6636000",6631000.5,"Fst",0.0197933494937057,0,0.0179721569408332,0.0478028068588633
"6627001","6637000",6632000.5,"Fst",0.0197541491830402,0,0.0179245686061357,0.0476798684058478
"6628001","6638000",6633000.5,"Fst",0.0179119011188779,0,0.0205398541491055,0.0561742175342342
"6629001","6639000",6634000.5,"Fst",0.0218627538068056,0,0.0200358258443582,0.0631125716361012
"6630001","6640000",6635000.5,"Fst",0.0163323345027226,0,0.0181925312816252,0.0504810868576411
"6631001","6641000",6636000.5,"Fst",0.0142865413991371,0,0.0192257994721985,0.0386901921113533
"6632001","6642000",6637000.5,"Fst",0.0169362975333125,0,0.0190120723480398,0.04051801172375
"6633001","6643000",6638000.5,"Fst",0.0123685548864362,0,0.0207711191639732,0.0677356971522953
"6634001","6644000",6639000.5,"Fst",0.0179368555782772,0,0.0196345950260062,0.0560568878973785
"6635001","6645000",6640000.5,"Fst",0.0253457288132575,0,0.0182954607227909,0.0579583485825909
"6636001","6646000",6641000.5,"Fst",0.0226512971889051,0,0.0183297168086426,0.0568734694758189
"6637001","6647000",6642000.5,"Fst",0.0148818740470142,0,0.0165289619783444,0.0412140904636651
"6638001","6648000",6643000.5,"Fst",0.0147569459700923,0,0.0148885538789112,0.0379255643685176
"6639001","6649000",6644000.5,"Fst",0.00813947160399542,0,0.0145713811071886,0.0306300815798023
"6640001","6650000",6645000.5,"Fst",0.00832242210471412,0,0.0138531499464548,0.0349191233381342
"6641001","6651000",6646000.5,"Fst",0.0084660951651846,0,0.0139812731499148,0.0350439155895936
"6642001","6652000",6647000.5,"Fst",0.00604369797257931,0,0.0137310583428639,0.0280087313255042
"6643001","6653000",6648000.5,"Fst",0.0104694410073914,0,0.0140123529274958,0.0251412342013567
"6644001","6654000",6649000.5,"Fst",0.00644681651912538,0,0.0141930885018019,0.0263533647180266
"6645001","6655000",6650000.5,"Fst",0.00416238696913374,0,0.0163078396860457,0.0302707003740942
"6646001","6656000",6651000.5,"Fst",0.00417167794093531,0,0.0163367024634937,0.0303274642725522
"6647001","6657000",6652000.5,"Fst",0.0240062512917458,0,0.0168660337043669,0.0328158767905182
"6648001","6658000",6653000.5,"Fst",0.0255775897708403,0,0.0173550682949785,0.0369901709621822
"6649001","6659000",6654000.5,"Fst",0.0382847689557028,0,0.022710716703968,0.0452524747637582
"6650001","6660000",6655000.5,"Fst",0.0369812356041239,0,0.0243493707748087,0.0421340146441408
"6651001","6661000",6656000.5,"Fst",0.0371242495684225,0,0.0244103046044161,0.0423235132577136
"6652001","6662000",6657000.5,"Fst",0.0482228969458831,0,0.0258007402844261,0.0456474242303829
"6653001","6663000",6658000.5,"Fst",0.0390562852319226,0,0.0248711907513996,0.0446306123727923
"6654001","6664000",6659000.5,"Fst",0.0378218662711063,0,0.0243839714718182,0.0431102629755296
"6655001","6665000",6660000.5,"Fst",0.0362538991822871,0,0.0226273067676798,0.0405622132305964
"6656001","6666000",6661000.5,"Fst",0.0349101442180201,0,0.0224724233982294,0.0402895910137104
"6657001","6667000",6662000.5,"Fst",0.0219388454682572,0,0.0217150521152927,0.0535574755283249
"6658001","6668000",6663000.5,"Fst",0.0212288508939226,0,0.0242431963608856,0.0475190307281496
"6659001","6669000",6664000.5,"Fst",0.0248123237144716,0,0.0235752623287312,0.0430454205619024
"6660001","6670000",6665000.5,"Fst",0.0226581429412329,0,0.0232192316313244,0.0433430395773806
"6661001","6671000",6666000.5,"Fst",0.0227420429642149,0,0.0233183867403877,0.0435029408677954
"6662001","6672000",6667000.5,"Fst",0.0081171153596048,0,0.025501321904382,0.0525197460590727
"6663001","6673000",6668000.5,"Fst",0.0106870453809229,0,0.0241172690129475,0.0565794290521017
"6664001","6674000",6669000.5,"Fst",0.0157616604120395,0,0.0213197758087716,0.0543077502658385
"6665001","6675000",6670000.5,"Fst",0.0154651801174037,0,0.0226043559630041,0.0570231324417727
"6666001","6676000",6671000.5,"Fst",0.0186691492272296,0,0.0220807600710916,0.0546364487329947
"6667001","6677000",6672000.5,"Fst",0.015710408993991,0,0.0219811304318256,0.0693773617309767
"6668001","6678000",6673000.5,"Fst",0.0213127700097552,0,0.0232634811550643,0.0728666696910585
"6669001","6679000",6674000.5,"Fst",0.0172708056055741,0,0.0245962641037499,0.0767203716653627
"6670001","6680000",6675000.5,"Fst",0.022330087300147,0,0.0221802841127692,0.0572796389914878
"6671001","6681000",6676000.5,"Fst",0.0231624976195816,0,0.0211161948603466,0.054182448205741
"6672001","6682000",6677000.5,"Fst",0.0320380603985055,0,0.0197035617126219,0.0410590928828012
"6673001","6683000",6678000.5,"Fst",0.0356279093578479,0,0.0212788456292094,0.0478584838737637
"6674001","6684000",6679000.5,"Fst",0.0356474966382085,0,0.022656452458333,0.0457493152304885
"6675001","6685000",6680000.5,"Fst",0.0366174108576935,0,0.0232725882621872,0.0470098312092864
"6676001","6686000",6681000.5,"Fst",0.0211981566820278,0,0.0227706719660693,0.0485346677264568
"6677001","6687000",6682000.5,"Fst",0.0357508961770535,0,0.0223415509660626,0.0446969856994993
"6678001","6688000",6683000.5,"Fst",0.032038556142388,0,0.026251792761086,0.0534729026260021
"6679001","6689000",6684000.5,"Fst",0.0326012058570198,0,0.0269278713503483,0.0558830121462585
"6680001","6690000",6685000.5,"Fst",0.0309947537012309,0,0.0278700901197088,0.0646531713427292
"6681001","6691000",6686000.5,"Fst",0.013226260338378,0,0.0257671525567368,0.0497236009182798
"6682001","6692000",6687000.5,"Fst",0.0325483898817231,0,0.0211726431096391,0.0381686429512517
"6683001","6693000",6688000.5,"Fst",0.0316471434235904,0,0.0212984850167846,0.0370829541241111
"6684001","6694000",6689000.5,"Fst",0.0272331671809478,0,0.0199765431676477,0.0341412661102811
"6685001","6695000",6690000.5,"Fst",0.0251353166607403,0,0.0183520802584532,0.0289906652929974
"6686001","6696000",6691000.5,"Fst",0.0314474599860822,0,0.0187243733511841,0.0318927709377742
"6687001","6697000",6692000.5,"Fst",0.0256702590443306,0,0.0184713065116654,0.0338021332274954
"6688001","6698000",6693000.5,"Fst",0.0206497842195262,0,0.0186014299918518,0.0294298657242557
"6689001","6699000",6694000.5,"Fst",0.0204088254380272,0,0.018539504978422,0.0294690388049345
"6690001","6700000",6695000.5,"Fst",0.0184967008084345,0,0.0177248412967586,0.0340068437238948
"6691001","6701000",6696000.5,"Fst",0.0243247505486192,0,0.0188513875743802,0.043958996552659
"6692001","6702000",6697000.5,"Fst",0.00877083779766474,0,0.0212733612262759,0.0492708542377417
"6693001","6703000",6698000.5,"Fst",0.0227914529216728,0,0.0177578881248796,0.0457123098201937
"6694001","6704000",6699000.5,"Fst",0.0250676675448411,0,0.0196615392498064,0.0483511201532403
"6695001","6705000",6700000.5,"Fst",0.0240636325082891,0,0.0191053027334252,0.0415024519246777
"6696001","6706000",6701000.5,"Fst",0.0191530214061963,0,0.0175501142327163,0.0366153274128733
"6697001","6707000",6702000.5,"Fst",0.0142201062781023,0,0.0169467672291539,0.0346276359299615
"6698001","6708000",6703000.5,"Fst",0.0177968676078782,0,0.0193138549700893,0.0395097471530593
"6699001","6709000",6704000.5,"Fst",0.017886251435061,0,0.0194087027951236,0.0391848169191921
"6700001","6710000",6705000.5,"Fst",0.0197907845579078,0,0.0195095627703694,0.042999650937016
"6701001","6711000",6706000.5,"Fst",0.0191296132630361,0,0.0184237715746104,0.0419326254449335
"6702001","6712000",6707000.5,"Fst",0.0225671689830204,0,0.0166497133520296,0.0305321845145
"6703001","6713000",6708000.5,"Fst",0.0186456347774534,0,0.0188674221199087,0.0378873949979829
"6704001","6714000",6709000.5,"Fst",0.0156318168850266,0,0.0185035473797303,0.0357499464406209
"6705001","6715000",6710000.5,"Fst",0.0168136983136983,0,0.0199672164084425,0.0382354561631412
"6706001","6716000",6711000.5,"Fst",0.0204772532512172,0,0.0201782014414054,0.0457462560339331
"6707001","6717000",6712000.5,"Fst",0.0166919601814094,0,0.019442867239166,0.045021543815877
"6708001","6718000",6713000.5,"Fst",0.0140367493625264,0,0.0180745490842869,0.0418563468749621
"6709001","6719000",6714000.5,"Fst",0.0167881720366736,0,0.0166240431872258,0.0361078777186825
"6710001","6720000",6715000.5,"Fst",0.0156189263856027,0,0.0166473231892865,0.0329268547763281
"6711001","6721000",6716000.5,"Fst",0.0159164281326379,0,0.0170927504681595,0.0339055304469655
"6712001","6722000",6717000.5,"Fst",0.0192486253333773,0,0.0176790271740428,0.0373033065842846
"6713001","6723000",6718000.5,"Fst",0.0127357222414257,0,0.0175044493929902,0.0384252425774918
"6714001","6724000",6719000.5,"Fst",0.0170772798050908,0,0.0165895496378129,0.0326954377902245
"6715001","6725000",6720000.5,"Fst",0.0199056296531926,0,0.0163541071751178,0.0306010056668529
"6716001","6726000",6721000.5,"Fst",0.0184299035205355,0,0.0146998982128472,0.0266532089656133
"6717001","6727000",6722000.5,"Fst",0.0276729995039855,0,0.0147695782642889,0.0283142016665586
"6718001","6728000",6723000.5,"Fst",0.0316376935499193,0,0.0146601821544334,0.0290126657664919
"6719001","6729000",6724000.5,"Fst",0.0316318218843336,0,0.0160022809257256,0.0277433044675115
"6720001","6730000",6725000.5,"Fst",0.0324325018294795,0,0.0160987413223472,0.0301035756741865
"6721001","6731000",6726000.5,"Fst",0.0362925602438456,0,0.0158802990019219,0.0275868452511074
"6722001","6732000",6727000.5,"Fst",0.0261122063079462,0,0.0159827939322038,0.031515234716484
"6723001","6733000",6728000.5,"Fst",0.0241679831083804,0,0.0145835522862293,0.0267118662753041
"6724001","6734000",6729000.5,"Fst",0.0233085242731546,0,0.0157118565698236,0.0296988846397186
"6725001","6735000",6730000.5,"Fst",0.017487740183352,0,0.0141321646801833,0.0278318276580959
"6726001","6736000",6731000.5,"Fst",0.0165185032832093,0,0.0143252325436442,0.0297845938343362
"6727001","6737000",6732000.5,"Fst",0.00993400900613051,0,0.013635913735846,0.0300655382624045
"6728001","6738000",6733000.5,"Fst",0.00792637485970815,0,0.0142765175145358,0.0324108492367997
"6729001","6739000",6734000.5,"Fst",0.00874694015362554,0,0.0136826055192997,0.0301382118483686
"6730001","6740000",6735000.5,"Fst",0.0101384542690811,0,0.0149625389263516,0.0323343420962726
"6731001","6741000",6736000.5,"Fst",0.00185966422729245,0,0.0159824977011675,0.0400773115466856
"6732001","6742000",6737000.5,"Fst",0,0,0.0214040001505874,0.048654234238615
"6733001","6743000",6738000.5,"Fst",0,0,0.0265537835663955,0.0624370480371901
"6734001","6744000",6739000.5,"Fst",0,0,0.0268104466506898,0.0633549646815598
"6735001","6745000",6740000.5,"Fst",0,0,0.0323368625072903,0.0755123433638192
"6736001","6746000",6741000.5,"Fst",0.00137708826704053,0,0.030659413628927,0.0725996164173379
"6737001","6747000",6742000.5,"Fst",0.00097009393908376,0,0.0292283141190758,0.0729888731060605
"6738001","6748000",6743000.5,"Fst",0.00650398403617869,0,0.0276827448395001,0.0659788667500526
"6739001","6749000",6744000.5,"Fst",0.0026054899616399,0,0.0255039319244084,0.0559790294663965
"6740001","6750000",6745000.5,"Fst",0.00333048708753159,0,0.0244149228478272,0.0574401553243316
"6741001","6751000",6746000.5,"Fst",0.00238720578751506,0,0.023442703483043,0.0543867243338533
"6742001","6752000",6747000.5,"Fst",0.00573283065801233,0,0.024952848223991,0.0587241331856203
"6743001","6753000",6748000.5,"Fst",0.00550908395369332,0,0.0236059384916515,0.0566721073172807
"6744001","6754000",6749000.5,"Fst",0.00579672380668761,0,0.0237873473286995,0.0574569114339182
"6745001","6755000",6750000.5,"Fst",0.00430568853445812,0,0.0245617819552519,0.0565536736272538
"6746001","6756000",6751000.5,"Fst",0.0104670021119841,0,0.0250102705077126,0.0620582915322505
"6747001","6757000",6752000.5,"Fst",0.01054688205851,0,0.0265298192598843,0.0668166914150509
"6748001","6758000",6753000.5,"Fst",0.00438637275279896,0,0.0235930019416889,0.0603460829771939
"6749001","6759000",6754000.5,"Fst",0.0088892961876833,0,0.0154215625260601,0.0295545572264336
"6750001","6760000",6755000.5,"Fst",0.00935262214203758,0,0.0155899053672894,0.0362232978611412
"6751001","6761000",6756000.5,"Fst",0.00744755109843664,0,0.0217719131796402,0.0391616398493195
"6752001","6762000",6757000.5,"Fst",0.00664255006815562,0,0.0208960921360539,0.0428658020221351
"6753001","6763000",6758000.5,"Fst",0.0075728155339807,0,0.021348297464809,0.0479183438757906
"6754001","6764000",6759000.5,"Fst",0.0109378141605632,0,0.0211141461936816,0.0462611260049326
"6755001","6765000",6760000.5,"Fst",0.00332825106410017,0,0.0225317212794711,0.0504412921284405
"6756001","6766000",6761000.5,"Fst",0,0,0.0235011888839846,0.0547066523118582
"6757001","6767000",6762000.5,"Fst",0,0,0.021670745096779,0.0495160132126957
"6758001","6768000",6763000.5,"Fst",0,0,0.0244703897264252,0.0586581024812494
"6759001","6769000",6764000.5,"Fst",0,0,0.0356667341933236,0.0614708333915409
"6760001","6770000",6765000.5,"Fst",0,0,0.0411944333905896,0.085762235745795
"6761001","6771000",6766000.5,"Fst",0,0,0.0448343596600659,0.0994828085695744
"6762001","6772000",6767000.5,"Fst",0,0,0.0476576405948221,0.106176292931899
"6763001","6773000",6768000.5,"Fst",0.00108162354999064,0,0.0426708679921415,0.0951227011953515
"6764001","6774000",6769000.5,"Fst",0.000367914016951687,0,0.0360819303964465,0.0895088720441386
"6765001","6775000",6770000.5,"Fst",0,0,0.0308554232344226,0.077162044813688
"6766001","6776000",6771000.5,"Fst",0,0,0.0292700095956826,0.0732060513756103
"6767001","6777000",6772000.5,"Fst",0,0,0.0263527191589704,0.0679216485363695
"6768001","6778000",6773000.5,"Fst",0,0,0.0263527191589704,0.0679216485363695
"6769001","6779000",6774000.5,"Fst",0,0,0.0232123340144292,0.06058565235907
"6770001","6780000",6775000.5,"Fst",0,0,0.0212838515902926,0.0520559149261602
"6771001","6781000",6776000.5,"Fst",0,0,0.02009842096847,0.047966988908169
"6772001","6782000",6777000.5,"Fst",0,0,0.0192213827386971,0.0425943671953942
"6773001","6783000",6778000.5,"Fst",0,0,0.0190419225865994,0.038143654378387
"6774001","6784000",6779000.5,"Fst",0.00465000659499226,0,0.0169663265273016,0.0420924193439624
"6775001","6785000",6780000.5,"Fst",0.00848364615099395,0,0.0143100824241234,0.0327791733845151
"6776001","6786000",6781000.5,"Fst",0.00865706326015181,0,0.0145260602695085,0.0309618322558423
"6777001","6787000",6782000.5,"Fst",0.0120045436224396,0,0.0170611923977745,0.0316514178134497
"6778001","6788000",6783000.5,"Fst",0.0126326861989655,0,0.0164052177803735,0.0302099989340154
"6779001","6789000",6784000.5,"Fst",0.0158176423545222,0,0.0167786653438175,0.0291505597355006
"6780001","6790000",6785000.5,"Fst",0.0211331019919568,0,0.0153327288876207,0.0303218010535085
"6781001","6791000",6786000.5,"Fst",0.0182624113475177,0,0.0156876484744462,0.0290212314938896
"6782001","6792000",6787000.5,"Fst",0.0177108157161566,0,0.0152868950844982,0.0300849117513536
"6783001","6793000",6788000.5,"Fst",0.0191956183214305,0,0.0157532350984056,0.0312443968696553
"6784001","6794000",6789000.5,"Fst",0.00084281191965252,0,0.0170858997299017,0.0351186918192307
"6785001","6795000",6790000.5,"Fst",0.00336663152786842,0,0.0189821580267512,0.0367431819347497
"6786001","6796000",6791000.5,"Fst",0.0017190082644627,0,0.0185861524834711,0.0378054478986285
"6787001","6797000",6792000.5,"Fst",0.00796344822952355,0,0.0203223801935065,0.0352258330076264
"6788001","6798000",6793000.5,"Fst",0.00540750133230428,0,0.0216471310084752,0.0385069905737965
"6789001","6799000",6794000.5,"Fst",0.00272895436047493,0,0.0209013748732029,0.0382988307027872
"6790001","6800000",6795000.5,"Fst",0,0,0.0211598513067774,0.0408580210804861
"6791001","6801000",6796000.5,"Fst",0,0,0.0208638895518432,0.0416267070721168
"6792001","6802000",6797000.5,"Fst",0,0,0.0226076922954107,0.0468272070559335
"6793001","6803000",6798000.5,"Fst",0,0,0.0222721411237889,0.0494579384604382
"6794001","6804000",6799000.5,"Fst",0.00299984365187644,0,0.0227957611112226,0.0549186521678569
"6795001","6805000",6800000.5,"Fst",0.00705838917655255,0,0.0207768809754534,0.0514812269542975
"6796001","6806000",6801000.5,"Fst",0.00430632185338609,0,0.0186789452398284,0.0480403818472046
"6797001","6807000",6802000.5,"Fst",0.00727119985063063,0,0.0146283273127491,0.036900500693455
"6798001","6808000",6803000.5,"Fst",0.00623571028004455,0,0.014641893402005,0.0452303551577664
"6799001","6809000",6804000.5,"Fst",0.00705239990507578,0,0.0189812949691996,0.0398239686048717
"6800001","6810000",6805000.5,"Fst",0.00561969057057976,0,0.0204761004977159,0.0412765658039452
"6801001","6811000",6806000.5,"Fst",0.00760272846293109,0,0.0214099036865092,0.0430646186197375
"6802001","6812000",6807000.5,"Fst",0.00905354506471223,0,0.0211198860466442,0.0439568709161895
"6803001","6813000",6808000.5,"Fst",0.0142051719055173,0,0.0207467972916014,0.0407244426364073
"6804001","6814000",6809000.5,"Fst",0.0144603404563565,0,0.0196339683974022,0.0366829573491045
"6805001","6815000",6810000.5,"Fst",0.0108701200774166,0,0.0179822008739721,0.0363519572487424
"6806001","6816000",6811000.5,"Fst",0.0129571775966998,0,0.0176099233452809,0.0359610568204644
"6807001","6817000",6812000.5,"Fst",0.00999648223528815,0,0.0198320220997946,0.043888075648209
"6808001","6818000",6813000.5,"Fst",0.01204009848221,0,0.0175607184944694,0.0391866471325063
"6809001","6819000",6814000.5,"Fst",0.0137030753551001,0,0.0172086832684223,0.0341378029529205
"6810001","6820000",6815000.5,"Fst",0.0187933346973107,0,0.0177961617549505,0.0301200954532373
"6811001","6821000",6816000.5,"Fst",0.0224380130124322,0,0.0162402603569998,0.028259462258858
"6812001","6822000",6817000.5,"Fst",0.0238536407466517,0,0.0178823153364874,0.0329147599023683
"6813001","6823000",6818000.5,"Fst",0.017281828294064,0,0.018490319965032,0.0317498048147355
"6814001","6824000",6819000.5,"Fst",0.015814228572318,0,0.0176050615644201,0.0356841849989191
"6815001","6825000",6820000.5,"Fst",0.0190237018966301,0,0.0190813849518814,0.0375190341739869
"6816001","6826000",6821000.5,"Fst",0.0183925287048445,0,0.0203761724932876,0.0410192392421794
"6817001","6827000",6822000.5,"Fst",0.0132929057885427,0,0.0211284427122212,0.036729916093684
"6818001","6828000",6823000.5,"Fst",0.0127645984099117,0,0.0184158452308542,0.0397314382090822
"6819001","6829000",6824000.5,"Fst",0.0135061714478949,0,0.0189691261392449,0.0441696550841681
"6820001","6830000",6825000.5,"Fst",0.0147281234492048,0,0.0207768683517926,0.0512779891682995
"6821001","6831000",6826000.5,"Fst",0.0217052115979168,0,0.0202043315233124,0.0475156861947157
"6822001","6832000",6827000.5,"Fst",0.0190711462450593,0,0.0209092105664786,0.046749563147365
"6823001","6833000",6828000.5,"Fst",0.0220543544325779,0,0.0195063101130105,0.0354885633454364
"6824001","6834000",6829000.5,"Fst",0.0174812743583673,0,0.0207648685954512,0.0359295935730425
"6825001","6835000",6830000.5,"Fst",0.014749021052488,0,0.0207132088903373,0.0380583556829741
"6826001","6836000",6831000.5,"Fst",0.0158319117296208,0,0.0187531181605873,0.0403962608758688
"6827001","6837000",6832000.5,"Fst",0.0156438000510624,0,0.0190546002268923,0.0333374450063731
"6828001","6838000",6833000.5,"Fst",0.0167121036398111,0,0.0216866515124043,0.0409197797710408
"6829001","6839000",6834000.5,"Fst",0.0162837569566419,0,0.0225861338177897,0.0379906418292575
"6830001","6840000",6835000.5,"Fst",0.0103738026902728,0,0.0258936829742117,0.0418336271838435
"6831001","6841000",6836000.5,"Fst",0,0,0.0276951382655809,0.0543710598300201
"6832001","6842000",6837000.5,"Fst",0.0212426290603726,0,0.0280691154520135,0.0503768775326321
"6833001","6843000",6838000.5,"Fst",0.0200754887920448,0,0.0259190062089933,0.0467285287201945
"6834001","6844000",6839000.5,"Fst",0.024262085269746,0,0.021743692091612,0.0406659940527929
"6835001","6845000",6840000.5,"Fst",0.0243417294394791,0,0.0208785268092749,0.0379126534295972
"6836001","6846000",6841000.5,"Fst",0.0257745996216985,0,0.0223156476342773,0.0392468414807626
"6837001","6847000",6842000.5,"Fst",0.0258678288937575,0,0.0221212228155162,0.0381957922009161
"6838001","6848000",6843000.5,"Fst",0.0268172012536571,0,0.0212973132370795,0.0400325286643251
"6839001","6849000",6844000.5,"Fst",0.0314656824958374,0,0.0208305533916821,0.0384373364670181
"6840001","6850000",6845000.5,"Fst",0.0289384451767265,0,0.0203245903749818,0.0539747867537904
"6841001","6851000",6846000.5,"Fst",0.031252041491213,0,0.0204000905226598,0.0563247410730442
"6842001","6852000",6847000.5,"Fst",0.0199831722433469,0,0.0213827880407422,0.046150934596534
"6843001","6853000",6848000.5,"Fst",0.0199937211284029,0,0.0219363953707614,0.0477404599209976
"6844001","6854000",6849000.5,"Fst",0.0253981509223078,0,0.0178280848559323,0.0451928494326408
"6845001","6855000",6850000.5,"Fst",0.0257421255381826,0,0.0180850015229131,0.0468689873343013
"6846001","6856000",6851000.5,"Fst",0.0250791466770571,0,0.018651582651242,0.0479141457619703
"6847001","6857000",6852000.5,"Fst",0.0266797048246531,0,0.0187641594610445,0.0516902750991997
"6848001","6858000",6853000.5,"Fst",0.0343148441522219,0,0.0183278655622733,0.0532962034838209
"6849001","6859000",6854000.5,"Fst",0.0313404034043202,0,0.018856501231951,0.0577748543905622
"6850001","6860000",6855000.5,"Fst",0.0339508832399827,0,0.0149230392563437,0.0362588121754726
"6851001","6861000",6856000.5,"Fst",0.0344502398572689,0,0.0147606268232103,0.0309011507729113
"6852001","6862000",6857000.5,"Fst",0.0296154102401813,0,0.0128598630557282,0.0289165152628927
"6853001","6863000",6858000.5,"Fst",0.0288290954182607,0,0.0134533136000241,0.0280807703334337
"6854001","6864000",6859000.5,"Fst",0.0244134007784554,0,0.0153149773697755,0.0297944150433952
"6855001","6865000",6860000.5,"Fst",0.0205657267986546,0,0.015063507511789,0.0345788633613806
"6856001","6866000",6861000.5,"Fst",0.0218763912792127,0,0.0176392220310753,0.0382985485392414
"6857001","6867000",6862000.5,"Fst",0.0219931781106332,0,0.017525290025966,0.0390957361024088
"6858001","6868000",6863000.5,"Fst",0.00525549613784915,0,0.0172975978172032,0.0455892240487596
"6859001","6869000",6864000.5,"Fst",0.00562971139740587,0,0.0173106044079386,0.0415166437748128
"6860001","6870000",6865000.5,"Fst",0.0108617298187419,0,0.0181627527478707,0.0395427298852493
"6861001","6871000",6866000.5,"Fst",0.00121590285382633,0,0.021133618238529,0.0404605998904802
"6862001","6872000",6867000.5,"Fst",0.00157469778594921,0,0.0219219524912459,0.0565036554806375
"6863001","6873000",6868000.5,"Fst",0.00247792361167032,0,0.0221719448409996,0.0560542567555309
"6864001","6874000",6869000.5,"Fst",0.00185518754059,0,0.0200627242923328,0.0509708254505624
"6865001","6875000",6870000.5,"Fst",0.00302148008661607,0,0.0214093289627806,0.0539717528557352
"6866001","6876000",6871000.5,"Fst",0.00461513635630162,0,0.0216456269814077,0.0571842583002778
"6867001","6877000",6872000.5,"Fst",0.00461253124747996,0,0.0216456269814077,0.0571532521183954
"6868001","6878000",6873000.5,"Fst",0.00548335912935993,0,0.0205261319867701,0.0576554839343205
"6869001","6879000",6874000.5,"Fst",0.00539051332033802,0,0.0193151729498754,0.0507447587659069
"6870001","6880000",6875000.5,"Fst",0.00505372877713306,0,0.0201033875503271,0.0479408543263966
"6871001","6881000",6876000.5,"Fst",0.0079498331141904,0,0.0177848236316563,0.0327659971076977
"6872001","6882000",6877000.5,"Fst",0.0105565388397246,0,0.0155629274309625,0.0293717281226119
"6873001","6883000",6878000.5,"Fst",0.011253689981324,0,0.0156579611287643,0.0310792803546427
"6874001","6884000",6879000.5,"Fst",0.011442585500235,0,0.0186979044823223,0.0352913091844872
"6875001","6885000",6880000.5,"Fst",0.0128488120902547,0,0.0195608212903811,0.0328623360465161
"6876001","6886000",6881000.5,"Fst",0.0133170871756311,0,0.0200619471303647,0.0334243517429693
"6877001","6887000",6882000.5,"Fst",0.0135020776892252,0,0.0177849620885112,0.0309546677153365
"6878001","6888000",6883000.5,"Fst",0.00732673499276626,0,0.017850115130756,0.0426503836935331
"6879001","6889000",6884000.5,"Fst",0.00635342109081671,0,0.0186608431091033,0.0478345750109961
"6880001","6890000",6885000.5,"Fst",0.00113224500100706,0,0.0158932219771031,0.0410595107281244
"6881001","6891000",6886000.5,"Fst",0.000477734715058964,0,0.0152283028377894,0.0441151604307696
"6882001","6892000",6887000.5,"Fst",0.00296293308176965,0,0.0141137474805069,0.0381565760082199
"6883001","6893000",6888000.5,"Fst",0.00344844760750129,0,0.0137541565555806,0.039119583439315
"6884001","6894000",6889000.5,"Fst",0.00458751383420264,0,0.0140746012471516,0.0382056935533143
"6885001","6895000",6890000.5,"Fst",0.00257494273549708,0,0.0144572280330878,0.0368521563325904
"6886001","6896000",6891000.5,"Fst",0.0018062994709096,0,0.0146626666988238,0.0368263119412578
"6887001","6897000",6892000.5,"Fst",0.00258690638992942,0,0.0144686399547719,0.0354351716232959
"6888001","6898000",6893000.5,"Fst",0.00463477624028608,0,0.0132551526228008,0.024889026976923
"6889001","6899000",6894000.5,"Fst",0.0041794804255334,0,0.0152634109069636,0.0212285704333333
"6890001","6900000",6895000.5,"Fst",0.00735843345023912,0,0.0159079163420633,0.0242029528775599
"6891001","6901000",6896000.5,"Fst",0.0091891565002391,0,0.0145213777273742,0.0223774720658256
"6892001","6902000",6897000.5,"Fst",0.010037756475114,0,0.0142517943453513,0.0223476283011543
"6893001","6903000",6898000.5,"Fst",0.00980855174958606,0,0.0148673186069655,0.0226850894250887
"6894001","6904000",6899000.5,"Fst",0.00907208497932843,0,0.0141670720566044,0.0225595984150613
"6895001","6905000",6900000.5,"Fst",0.0130717048613136,0,0.0151668911366714,0.0250995889537511
"6896001","6906000",6901000.5,"Fst",0.0162862734305721,0,0.0143567458163233,0.0245930856603962
"6897001","6907000",6902000.5,"Fst",0.0166049396445246,0,0.0149897823919231,0.0263533889533514
"6898001","6908000",6903000.5,"Fst",0.0171573323954595,0,0.0162949813519757,0.0313394087201697
"6899001","6909000",6904000.5,"Fst",0.0284492754918207,0,0.0159119625087202,0.029137181941689
"6900001","6910000",6905000.5,"Fst",0.030267156873268,0,0.0146752540411796,0.0281043866062349
"6901001","6911000",6906000.5,"Fst",0.0453146398959637,0,0.0182483172077172,0.0356005421126063
"6902001","6912000",6907000.5,"Fst",0.0411070581596042,0,0.0190069340532428,0.0381859331048628
"6903001","6913000",6908000.5,"Fst",0.0357388779820523,0,0.0161280074617525,0.0360345401965474
"6904001","6914000",6909000.5,"Fst",0.0390662973318028,0,0.015072173981518,0.0293249523477773
"6905001","6915000",6910000.5,"Fst",0.0401976417347492,0,0.0164716405362915,0.0299500673956803
"6906001","6916000",6911000.5,"Fst",0.0370116257403735,0,0.0179859859146019,0.0337075312549583
"6907001","6917000",6912000.5,"Fst",0.0353473005019292,0,0.0178139943288248,0.0340976249452646
"6908001","6918000",6913000.5,"Fst",0.0334175380932634,0,0.0159964411858068,0.0310633438149871
"6909001","6919000",6914000.5,"Fst",0.0248861654793335,0,0.0157159309552041,0.0371763582669108
"6910001","6920000",6915000.5,"Fst",0.0385877461241004,0,0.0193657786534762,0.0490148059058533
"6911001","6921000",6916000.5,"Fst",0.0295372419692723,0,0.0186094597851931,0.0470696776213196
"6912001","6922000",6917000.5,"Fst",0.0306937147159944,0,0.018121928024554,0.0418019202512832
"6913001","6923000",6918000.5,"Fst",0.0336540249116937,0,0.0176686618634216,0.0478825956414671
"6914001","6924000",6919000.5,"Fst",0.0330095475300956,0,0.0159638809817672,0.0367164679368666
"6915001","6925000",6920000.5,"Fst",0.0432179068029191,0,0.0167953299823486,0.0325118478470546
"6916001","6926000",6921000.5,"Fst",0.04563613848059,0,0.0168606441886,0.0318869980237139
"6917001","6927000",6922000.5,"Fst",0.0462542722245874,0,0.0168049138713109,0.0311740893630101
"6918001","6928000",6923000.5,"Fst",0.059416416081969,0,0.0168230799705295,0.0327125730949039
"6919001","6929000",6924000.5,"Fst",0.0696046021714471,0,0.0176026460801515,0.0308513452355846
"6920001","6930000",6925000.5,"Fst",0.0639585033949777,0,0.0165615816655411,0.0316057648009903
"6921001","6931000",6926000.5,"Fst",0.0602002845818577,0,0.0165378268822631,0.0308020128307891
"6922001","6932000",6927000.5,"Fst",0.0591967737595995,0,0.0176337559800962,0.0287228656222696
"6923001","6933000",6928000.5,"Fst",0.0595453924292808,0,0.01644080758802,0.0281522286854891
"6924001","6934000",6929000.5,"Fst",0.0547697246048702,0,0.0163829468217662,0.0333818480370205
"6925001","6935000",6930000.5,"Fst",0.0506789306789306,0,0.0154729359093834,0.0316692242401758
"6926001","6936000",6931000.5,"Fst",0.0527678828629443,0,0.0164450806740419,0.0285499272965366
"6927001","6937000",6932000.5,"Fst",0.0466248528104197,0,0.017994032641207,0.0362627739452236
"6928001","6938000",6933000.5,"Fst",0.0349295444787072,0,0.0195073850961725,0.0384703212629991
"6929001","6939000",6934000.5,"Fst",0.0279070514364632,0,0.0217689955298005,0.0429031119387332
"6930001","6940000",6935000.5,"Fst",0.0210266738967644,0,0.0205753141848262,0.0451091141767479
"6931001","6941000",6936000.5,"Fst",0.0226481615244385,0,0.0189764789875797,0.047581113545521
"6932001","6942000",6937000.5,"Fst",0.0224690053207748,0,0.0187291282985416,0.0444605435979439
"6933001","6943000",6938000.5,"Fst",0.0211198883234215,0,0.019156197848515,0.0463547221951289
"6934001","6944000",6939000.5,"Fst",0.02258881753373,0,0.022518091789386,0.0444477597207391
"6935001","6945000",6940000.5,"Fst",0.0225858442594548,0,0.0218414961136518,0.0421215200686272
"6936001","6946000",6941000.5,"Fst",0.0192084479496492,0,0.0226783530153311,0.0430822053614189
"6937001","6947000",6942000.5,"Fst",0.0262766046321915,0,0.0249200712431962,0.0430619634739252
"6938001","6948000",6943000.5,"Fst",0.0265680416159036,0,0.0258138432787546,0.0530844560642583
"6939001","6949000",6944000.5,"Fst",0.0309490863275724,0,0.0274075791919845,0.0521321123224184
"6940001","6950000",6945000.5,"Fst",0.046878057519258,0,0.0279083974500827,0.0611358642009796
"6941001","6951000",6946000.5,"Fst",0.0578082110733809,0,0.0296702844596593,0.060662529678677
"6942001","6952000",6947000.5,"Fst",0.057310530802113,0,0.0295622218879985,0.0612326242075922
"6943001","6953000",6948000.5,"Fst",0.0521222170926803,0,0.0302324403685924,0.0593902361781108
"6944001","6954000",6949000.5,"Fst",0.0525574741214552,0,0.0260625727572024,0.0542573035974745
"6945001","6955000",6950000.5,"Fst",0.0686198731003813,0,0.0263276247744844,0.0608682372830042
"6946001","6956000",6951000.5,"Fst",0.0681298364289221,0,0.0254190263997266,0.0571426914942621
"6947001","6957000",6952000.5,"Fst",0.0659045919315858,0,0.025695791697123,0.0506682352420227
"6948001","6958000",6953000.5,"Fst",0.0580841494604927,0,0.0257222772077449,0.0497823363796364
"6949001","6959000",6954000.5,"Fst",0.0591866831180178,0,0.025604117986145,0.044999930098282
"6950001","6960000",6955000.5,"Fst",0.0520220315234166,0,0.0231256599610948,0.0442393469661982
"6951001","6961000",6956000.5,"Fst",0.0430132180303515,0,0.0227026947185006,0.04911767256119
"6952001","6962000",6957000.5,"Fst",0.0426852772311377,0,0.023256510959153,0.0483943715227139
"6953001","6963000",6958000.5,"Fst",0.0506321709128257,0,0.024152591420573,0.0489094509720001
"6954001","6964000",6959000.5,"Fst",0.0477157696643233,0,0.0246577132398411,0.0534354993910514
"6955001","6965000",6960000.5,"Fst",0.0346847521982413,0,0.0243641914999901,0.0516142842780796
"6956001","6966000",6961000.5,"Fst",0.0393591262801073,0,0.0241579397372242,0.0507626719045073
"6957001","6967000",6962000.5,"Fst",0.0334642845392031,0,0.02345255356581,0.0453139396541699
"6958001","6968000",6963000.5,"Fst",0.0359716961279463,0,0.0265911233985241,0.052261742494358
"6959001","6969000",6964000.5,"Fst",0.0333377164376932,0,0.0239209914097328,0.0480643849980024
"6960001","6970000",6965000.5,"Fst",0.031376143072701,0,0.0221027840179202,0.0476083554638171
"6961001","6971000",6966000.5,"Fst",0.0293605889152522,0,0.0216687618913112,0.0434736191801705
"6962001","6972000",6967000.5,"Fst",0.0289449285943247,0,0.0230695404970924,0.0398678816065973
"6963001","6973000",6968000.5,"Fst",0.0216832325844167,0,0.0220316994362206,0.0374894368089866
"6964001","6974000",6969000.5,"Fst",0.0232796534631426,0,0.0208364892205452,0.0411541352044784
"6965001","6975000",6970000.5,"Fst",0.0212029375375988,0,0.0210387129194152,0.0465345749708801
"6966001","6976000",6971000.5,"Fst",0.0166586347944958,0,0.0215540918625687,0.0472873301345116
"6967001","6977000",6972000.5,"Fst",0.0157544052061749,0,0.0183431055057455,0.0436060480441111
"6968001","6978000",6973000.5,"Fst",0.00883812084603586,0,0.0179030656070492,0.0411032138528968
"6969001","6979000",6974000.5,"Fst",0.00707992725860263,0,0.0207404577247755,0.0524935014922498
"6970001","6980000",6975000.5,"Fst",0.0119478631305507,0,0.020076342728353,0.0470871657923767
"6971001","6981000",6976000.5,"Fst",0.00431677213207204,0,0.0216986821854527,0.0396661363959344
"6972001","6982000",6977000.5,"Fst",0.0117435786924441,0,0.0195446992648044,0.0383038942369679
"6973001","6983000",6978000.5,"Fst",0.0292843022263338,0,0.0263991185049626,0.045749859836689
"6974001","6984000",6979000.5,"Fst",0.0461018282064909,0,0.022216631383291,0.0417361155658875
"6975001","6985000",6980000.5,"Fst",0.043601574297381,0,0.0220491620983077,0.041995678569413
"6976001","6986000",6981000.5,"Fst",0.0431189518693555,0,0.0211942567165202,0.0407625468078984
"6977001","6987000",6982000.5,"Fst",0.0433207654380908,0,0.0212224881805246,0.0408822733703085
"6978001","6988000",6983000.5,"Fst",0.0469984749757384,0,0.0203172123666049,0.044718805338972
"6979001","6989000",6984000.5,"Fst",0.0456015116523201,0,0.0200715485193011,0.0434472269689115
"6980001","6990000",6985000.5,"Fst",0.0459952947786086,0,0.0188322442209195,0.0400552995391705
"6981001","6991000",6986000.5,"Fst",0.049911737697834,0,0.0199851598388847,0.0395624773430746
"6982001","6992000",6987000.5,"Fst",0.0543898035863511,0,0.0160536860873037,0.027148245489971
"6983001","6993000",6988000.5,"Fst",0.048390195444471,0,0.0157205550428949,0.0311302152209769
"6984001","6994000",6989000.5,"Fst",0.0306266548984995,0,0.0178189935442851,0.0418779614707881
"6985001","6995000",6990000.5,"Fst",0.0310612782662472,0,0.0176676283159172,0.0330684110945174
"6986001","6996000",6991000.5,"Fst",0.033354757313909,0,0.0177716166047809,0.0437534721867192
"6987001","6997000",6992000.5,"Fst",0.0335547144659479,0,0.0179118630538579,0.0439812828214715
"6988001","6998000",6993000.5,"Fst",0.0371928746928747,0,0.0189960298347673,0.0468960463156353
"6989001","6999000",6994000.5,"Fst",0.0137477296937285,0,0.0211164040184484,0.0488113639740717
"6990001","7e+06",6995000.5,"Fst",0.0117692450029725,0,0.0206761883184201,0.0471496883730926
"6991001","7001000",6996000.5,"Fst",0.00931809731199151,0,0.019182012879177,0.0411575719307767
"6992001","7002000",6997000.5,"Fst",0.0189407266939311,0,0.020809936799225,0.0434537503367947
"6993001","7003000",6998000.5,"Fst",0.0203024726373491,0,0.0216483558933885,0.0437688551830837
"6994001","7004000",6999000.5,"Fst",0.0221536092819928,0,0.0203819352638388,0.0419083838982437
"6995001","7005000",7000000.5,"Fst",0.0223264342772145,0,0.0209018572430952,0.0416323226727211
"6996001","7006000",7001000.5,"Fst",0.0260427498088275,0,0.0199201452918959,0.0396671398837652
"6997001","7007000",7002000.5,"Fst",0.0224512946374648,0,0.0189315205292141,0.0374049867111313
"6998001","7008000",7003000.5,"Fst",0.0225127450545852,0,0.018978628747251,0.0374975915553348
"6999001","7009000",7004000.5,"Fst",0.0334762807740777,0,0.0212268766580403,0.0491758363642455
"7000001","7010000",7005000.5,"Fst",0.0311966175547779,0,0.0232502961443439,0.0489105214884157
"7001001","7011000",7006000.5,"Fst",0.0329259316780672,0,0.0236108269137057,0.0509481075755234
"7002001","7012000",7007000.5,"Fst",0.0164934684833912,0,0.0237936516795954,0.0523999511369302
"7003001","7013000",7008000.5,"Fst",0.0187973389483963,0,0.0231438352982823,0.0509721613098595
"7004001","7014000",7009000.5,"Fst",0.0129437836238552,0,0.0238849175153483,0.0490747555085008
"7005001","7015000",7010000.5,"Fst",0.0169128700516294,0,0.023661074850174,0.0629689255558771
"7006001","7016000",7011000.5,"Fst",0.00956337303119414,0,0.0234854357775655,0.0591545414366985
"7007001","7017000",7012000.5,"Fst",0.0096692547533167,0,0.0246904588664278,0.0590332259807579
"7008001","7018000",7013000.5,"Fst",0.00968749617179754,0,0.0247520879290791,0.0592072019983836
"7009001","7019000",7014000.5,"Fst",0.00940096182181838,0,0.0228655960027126,0.0559562413805956
"7010001","7020000",7015000.5,"Fst",0.00842624014251891,0,0.0215397932426742,0.054635878204091
"7011001","7021000",7016000.5,"Fst",0.012424387716061,0,0.0220847417703413,0.0557357999812168
"7012001","7022000",7017000.5,"Fst",0.0179577261161231,0,0.0201537562603293,0.0524022022934346
"7013001","7023000",7018000.5,"Fst",0.0182732183053056,0,0.0190097426948719,0.0419641143560683
"7014001","7024000",7019000.5,"Fst",0.0187751965525591,0,0.0157405425848802,0.0344007624816938
"7015001","7025000",7020000.5,"Fst",0.0154848480179706,0,0.0162161761545439,0.0409437138611346
"7016001","7026000",7021000.5,"Fst",0.0187123161793374,0,0.0184497313012619,0.0501277818821989
"7017001","7027000",7022000.5,"Fst",0.02127420111596,0,0.0189304143954566,0.0528046065039882
"7018001","7028000",7023000.5,"Fst",0.0160641886379006,0,0.0150663610013583,0.0407287797392437
"7019001","7029000",7024000.5,"Fst",0.0194997619139415,0,0.0139952621379882,0.0380495203448035
"7020001","7030000",7025000.5,"Fst",0.0179512639509753,0,0.0148535172132124,0.0324792991065744
"7021001","7031000",7026000.5,"Fst",0.0220195444166786,0,0.0148056945856268,0.0309228507124264
"7022001","7032000",7027000.5,"Fst",0.0162225477178453,0,0.0234577903472203,0.0613293553975418
"7023001","7033000",7028000.5,"Fst",0.0132908391237688,0,0.0247250633365354,0.0680061505158359
"7024001","7034000",7029000.5,"Fst",0.0176408912917723,0,0.0274925900736064,0.0654212653036607
"7025001","7035000",7030000.5,"Fst",0.0141024424558706,0,0.0239057165787502,0.0594557643257675
"7026001","7036000",7031000.5,"Fst",0.0138673897287223,0,0.0235780647959167,0.0590153693161898
"7027001","7037000",7032000.5,"Fst",0.0135705730122925,0,0.0240058594162666,0.0597669096976797
"7028001","7038000",7033000.5,"Fst",0.0181773875543674,0,0.0250876222841626,0.0618084230917684
"7029001","7039000",7034000.5,"Fst",0.0154103179915219,0,0.0263640536055456,0.0661816527186376
"7030001","7040000",7035000.5,"Fst",0.0163785768815287,0,0.0254409552838893,0.0704657401617684
"7031001","7041000",7036000.5,"Fst",0.00948739062268722,0,0.0259733042146625,0.077535801241119
"7032001","7042000",7037000.5,"Fst",0.00318286015172986,0,0.0166512508633181,0.0423531694332171
"7033001","7043000",7038000.5,"Fst",0.00740689604762501,0,0.0166785781614395,0.0411702464634484
"7034001","7044000",7039000.5,"Fst",0.0043032823781487,0,0.0174517380700129,0.0394868816106744
"7035001","7045000",7040000.5,"Fst",0.00427222467895261,0,0.0211649348100071,0.0501621369245416
"7036001","7046000",7041000.5,"Fst",0.00525702957936558,0,0.0209464596212789,0.0474131948286025
"7037001","7047000",7042000.5,"Fst",0.00486809403287958,0,0.0198448802377359,0.0443025036611563
"7038001","7048000",7043000.5,"Fst",0.00172867343104099,0,0.0198175710730145,0.0411646005842021
"7039001","7049000",7044000.5,"Fst",0,0,0.0190276288137944,0.0356246853921273
"7040001","7050000",7045000.5,"Fst",0.00063774874692335,0,0.0184567831716908,0.0323363038342009
"7041001","7051000",7046000.5,"Fst",0.00432821524830318,0,0.0163701572072852,0.0287986649904659
"7042001","7052000",7047000.5,"Fst",0.00807610925360591,0,0.0155832108871978,0.0305056115500062
"7043001","7053000",7048000.5,"Fst",0.00249776936958701,0,0.0203826026631692,0.0374439144817268
"7044001","7054000",7049000.5,"Fst",0.00301079583772246,0,0.0206270974855834,0.0392854055611583
"7045001","7055000",7050000.5,"Fst",0.00417286721813481,0,0.0202355299782208,0.0380914467231112
"7046001","7056000",7051000.5,"Fst",0.00537632797398735,0,0.0194321104527946,0.0347140772453501
"7047001","7057000",7052000.5,"Fst",0.00557548536374319,0,0.0188718209665468,0.0337399095558091
"7048001","7058000",7053000.5,"Fst",0.00665895647986303,0,0.0197441258729043,0.0342389909979587
"7049001","7059000",7054000.5,"Fst",0.00818949752277143,0,0.0206719729351552,0.0383432003397519
"7050001","7060000",7055000.5,"Fst",0.00931338216754696,0,0.0200086897567915,0.0390077149590157
"7051001","7061000",7056000.5,"Fst",0.00435375867717569,0,0.0235357006102221,0.0497864366088931
"7052001","7062000",7057000.5,"Fst",0.0124796021726497,0,0.0221007814172706,0.0470875906034407
"7053001","7063000",7058000.5,"Fst",0.0168030860338552,0,0.0173667929055736,0.0321654776257347
"7054001","7064000",7059000.5,"Fst",0.0168888438094684,0,0.0174220902542035,0.0321895019502501
"7055001","7065000",7060000.5,"Fst",0.0118676807919836,0,0.0166812301753813,0.033688972618979
"7056001","7066000",7061000.5,"Fst",0.0148570532083077,0,0.0194128351291203,0.0384789624839391
"7057001","7067000",7062000.5,"Fst",0.0159762574195563,0,0.0199947485692716,0.0405813811655644
"7058001","7068000",7063000.5,"Fst",0.015252889808692,0,0.0203170599279912,0.0408213876729329
"7059001","7069000",7064000.5,"Fst",0.0157044666910995,0,0.0245024221752244,0.0416546333583627
"7060001","7070000",7065000.5,"Fst",0.0162280273172425,0,0.0284695306180953,0.0455655991620603
"7061001","7071000",7066000.5,"Fst",0.0151345508200085,0,0.0275247831401865,0.0453017963605191
"7062001","7072000",7067000.5,"Fst",0.0183216824047092,0,0.0277907878276004,0.0489638021552915
"7063001","7073000",7068000.5,"Fst",0.0221572467072617,0,0.0293656984738107,0.0550349603691155
"7064001","7074000",7069000.5,"Fst",0.0222264222264221,0,0.0294727006723527,0.0554679652414743
"7065001","7075000",7070000.5,"Fst",0.0246093770895184,0,0.0310326271868568,0.0582105919162006
"7066001","7076000",7071000.5,"Fst",0.0243387894389863,0,0.0300387928928265,0.0620987025882012
"7067001","7077000",7072000.5,"Fst",0.0246571895034446,0,0.0313007345279249,0.0627031879697255
"7068001","7078000",7073000.5,"Fst",0.0327432331194424,0,0.0282674234668519,0.0552532741526217
"7069001","7079000",7074000.5,"Fst",0.0352568514476367,0,0.0219052305981385,0.0411735640284157
"7070001","7080000",7075000.5,"Fst",0.0425393378151396,0,0.0211848879535682,0.034352700700087
"7071001","7081000",7076000.5,"Fst",0.0417043135186868,0,0.0204882718801389,0.0400957081956501
"7072001","7082000",7077000.5,"Fst",0.0312782716233826,0,0.0180329672247595,0.0338400778266613
"7073001","7083000",7078000.5,"Fst",0.0280927992195599,0,0.0169385648415711,0.0327856767689799
"7074001","7084000",7079000.5,"Fst",0.0248609427830548,0,0.0165332243395617,0.0376468961758547
"7075001","7085000",7080000.5,"Fst",0.0411106619615211,0,0.0165434711164984,0.0391084906784587
"7076001","7086000",7081000.5,"Fst",0.0662906122420868,0,0.016172873902831,0.0354050229245056
"7077001","7087000",7082000.5,"Fst",0.0826498229916776,0,0.0177134439689621,0.0373877369017648
"7078001","7088000",7083000.5,"Fst",0.0807032371374824,0,0.0202592329124436,0.0468583747951353
"7079001","7089000",7084000.5,"Fst",0.0902489269367084,0,0.0221674316081658,0.0488278553743683
"7080001","7090000",7085000.5,"Fst",0.0914151156091084,0,0.0232196862518426,0.0521812165912746
"7081001","7091000",7086000.5,"Fst",0.0902603817484237,0,0.0223588357299905,0.046432491861353
"7082001","7092000",7087000.5,"Fst",0.0808283748447223,0,0.0209087782897118,0.0399407680548098
"7083001","7093000",7088000.5,"Fst",0.0802815713570862,0,0.0206055961088265,0.0429820822801618
"7084001","7094000",7089000.5,"Fst",0.080369946963714,0,0.0201336446978499,0.0596194503171247
"7085001","7095000",7090000.5,"Fst",0.0624558104694313,0,0.0214995671252147,0.0590785471564675
"7086001","7096000",7091000.5,"Fst",0.0354616273435462,0,0.0192615283028891,0.0370370786537896
"7087001","7097000",7092000.5,"Fst",0.00367844417303442,0,0.0188923742131325,0.0332918331320263
"7088001","7098000",7093000.5,"Fst",0.0283655672322107,0,0.0203557859895251,0.0420424968056411
"7089001","7099000",7094000.5,"Fst",0.0220421852571857,0,0.0185460194899504,0.0372274420179448
"7090001","7100000",7095000.5,"Fst",0.0220494517568789,0,0.0188597822683922,0.0382069324993484
"7091001","7101000",7096000.5,"Fst",0.0239496556941312,0,0.0201083212341497,0.0405342244652073
"7092001","7102000",7097000.5,"Fst",0.0264271415752053,0,0.0206343542646557,0.0451836064770584
"7093001","7103000",7098000.5,"Fst",0.0261851879128988,0,0.0219084918272395,0.0470739490428697
"7094001","7104000",7099000.5,"Fst",0.0275334581513071,0,0.0229250403625981,0.0510111329890652
"7095001","7105000",7100000.5,"Fst",0.0361132154882154,0,0.0241348371670115,0.054093640986845
"7096001","7106000",7101000.5,"Fst",0.0311946521323924,0,0.0254798065697643,0.0545658502215713
"7097001","7107000",7102000.5,"Fst",0.0336941792005986,0,0.0251964126243303,0.0551644953467145
"7098001","7108000",7103000.5,"Fst",0,0,0.0287947679121007,0.0532104180305063
"7099001","7109000",7104000.5,"Fst",0.0180763459122295,0,0.0329039493538184,0.0693716993306844
"7100001","7110000",7105000.5,"Fst",0.0177961624505423,0,0.0323444035196093,0.0664918551429357
"7101001","7111000",7106000.5,"Fst",0.0157720210445582,0,0.0300443523287132,0.0604725799434815
"7102001","7112000",7107000.5,"Fst",0.0120328554633489,0,0.0249441499014234,0.0464158024021667
"7103001","7113000",7108000.5,"Fst",0.0109753313962444,0,0.0250048916957915,0.0448426438921141
"7104001","7114000",7109000.5,"Fst",0.0109466512986218,0,0.0247305352664165,0.044403210732319
"7105001","7115000",7110000.5,"Fst",0.0111563869670041,0,0.0242676282509066,0.0440178288277254
"7106001","7116000",7111000.5,"Fst",0.0159026899595368,0,0.0236911883783099,0.0491637412403108
"7107001","7117000",7112000.5,"Fst",0.0193382643485921,0,0.0206604594749789,0.0443075337002916
"7108001","7118000",7113000.5,"Fst",0.027227365523397,0,0.0177270043767364,0.0383493912726743
"7109001","7119000",7114000.5,"Fst",0.0157045415773706,0,0.0163267203730557,0.0345264458311028
"7110001","7120000",7115000.5,"Fst",0.0159355972608042,0,0.016742299230212,0.0344806545181343
"7111001","7121000",7116000.5,"Fst",0.0177159213496284,0,0.016789920846676,0.0338263152528983
"7112001","7122000",7117000.5,"Fst",0.0216235232036587,0,0.0172528530642057,0.0431736618444474
"7113001","7123000",7118000.5,"Fst",0.0246583481877598,0,0.0184191202229993,0.0398866062269539
"7114001","7124000",7119000.5,"Fst",0.0204191773644224,0,0.0200205782144971,0.0409942255940065
"7115001","7125000",7120000.5,"Fst",0.0160751812754227,0,0.020938573574559,0.0452570866118103
"7116001","7126000",7121000.5,"Fst",0.0136570516609529,0,0.0205406741292121,0.0376807782171935
"7117001","7127000",7122000.5,"Fst",0.00991861740355249,0,0.0260143001996354,0.0523808924597906
"7118001","7128000",7123000.5,"Fst",0.00774601176216883,0,0.0289042926318769,0.0603377084440653
"7119001","7129000",7124000.5,"Fst",0.0128327770142024,0,0.02977112025505,0.0701008002316956
"7120001","7130000",7125000.5,"Fst",0.011386593204775,0,0.0278679458138605,0.0680962181223552
"7121001","7131000",7126000.5,"Fst",0.00766401027306729,0,0.024765683332368,0.0706212096934739
"7122001","7132000",7127000.5,"Fst",0.00773272556752169,0,0.0250671656189932,0.0713827621372268
"7123001","7133000",7128000.5,"Fst",0.00584356920607876,0,0.0268391585437626,0.0762798098379741
"7124001","7134000",7129000.5,"Fst",0.0100293534051591,0,0.0269389207828899,0.0816376854603661
"7125001","7135000",7130000.5,"Fst",0.0118988212374205,0,0.0261727201906076,0.0758130929832964
"7126001","7136000",7131000.5,"Fst",0.0112681968213993,0,0.0267539183230521,0.0717211588841099
"7127001","7137000",7132000.5,"Fst",0.0126961624037648,0,0.0226826147621448,0.0518123058843279
"7128001","7138000",7133000.5,"Fst",0.0167055771725032,0,0.0261439368440512,0.0659012567923458
"7129001","7139000",7134000.5,"Fst",0.00344530577088709,0,0.027461862949851,0.0683533516988062
"7130001","7140000",7135000.5,"Fst",0.00602202531754092,0,0.0309780119146726,0.0659592029241832
"7131001","7141000",7136000.5,"Fst",0.0172180474095797,0,0.0179284280470899,0.0311433247603461
"7132001","7142000",7137000.5,"Fst",0.0136255300708825,0,0.0178573240603737,0.038205375307849
"7133001","7143000",7138000.5,"Fst",0.0132620320855615,0,0.0173654804085536,0.0371550557117567
"7134001","7144000",7139000.5,"Fst",0.00816749311294773,0,0.018903863511446,0.0382424242424243
"7135001","7145000",7140000.5,"Fst",0.00307366547842303,0,0.021742217030779,0.0489136335937067
"7136001","7146000",7141000.5,"Fst",0.00636571224431681,0,0.02436519016824,0.0450661922252831
"7137001","7147000",7142000.5,"Fst",0.0108298368298367,0,0.0230124583185567,0.0387910518800572
"7138001","7148000",7143000.5,"Fst",0.00907996936877797,0,0.0233518248781985,0.0429650145204721
"7139001","7149000",7144000.5,"Fst",0.00912609403175446,0,0.023446488565413,0.0432155778341272
"7140001","7150000",7145000.5,"Fst",0.00803277452434215,0,0.0221401871437366,0.0362800224292078
"7141001","7151000",7146000.5,"Fst",0.00946011468939867,0,0.0218682125655782,0.0350244334505485
"7142001","7152000",7147000.5,"Fst",0.00716825027470747,0,0.0216164389528182,0.0381529550762337
"7143001","7153000",7148000.5,"Fst",0.00704351610848319,0,0.0211277553457973,0.0380463659097592
"7144001","7154000",7149000.5,"Fst",0.00888343195602614,0,0.0210918951704458,0.0367681373714327
"7145001","7155000",7150000.5,"Fst",0.00693948548933454,0,0.0183425186106793,0.0355632611522433
"7146001","7156000",7151000.5,"Fst",0.0107026206235893,0,0.0198746588189241,0.0378811339871155
"7147001","7157000",7152000.5,"Fst",0.00750242759082542,0,0.0234596066128902,0.0488023563476612
"7148001","7158000",7153000.5,"Fst",0.0107876034622201,0,0.0204203228457781,0.0406572994545258
"7149001","7159000",7154000.5,"Fst",0.00817911570141117,0,0.0185409833560525,0.0400346818791062
"7150001","7160000",7155000.5,"Fst",0.00920952752588355,0,0.0189024905813566,0.0415479071098767
"7151001","7161000",7156000.5,"Fst",0.0081674729666894,0,0.0194913358608785,0.041259656879702
"7152001","7162000",7157000.5,"Fst",0.0101365338543484,0,0.0211019749483126,0.045527254111431
"7153001","7163000",7158000.5,"Fst",0.0111351711853176,0,0.0211168052582457,0.0457419716335584
"7154001","7164000",7159000.5,"Fst",0.00971460524334888,0,0.0216070327641217,0.0469317621056803
"7155001","7165000",7160000.5,"Fst",0.0122577648139145,0,0.0201908013984451,0.0423141214335254
"7156001","7166000",7161000.5,"Fst",0.00791968174325808,0,0.021123390998863,0.0390304755119638
"7157001","7167000",7162000.5,"Fst",0.00939129997611954,0,0.0217632691217719,0.0408260689082607
"7158001","7168000",7163000.5,"Fst",0.00576744291325904,0,0.0236871448566515,0.0450447338820086
"7159001","7169000",7164000.5,"Fst",0.00808621829374234,0,0.0303580224754032,0.0692045086316222
"7160001","7170000",7165000.5,"Fst",0.00593334124088096,0,0.0303185199705628,0.0702424163248945
"7161001","7171000",7166000.5,"Fst",0.00651041561031496,0,0.0269329867700354,0.0625530757741031
"7162001","7172000",7167000.5,"Fst",0.0220312333218888,0,0.025576088677313,0.0532466187016545
"7163001","7173000",7168000.5,"Fst",0.0216764997920013,0,0.0263483725691803,0.0521492268058903
"7164001","7174000",7169000.5,"Fst",0.0207476209379137,0,0.0239694974510932,0.0469774067255482
"7165001","7175000",7170000.5,"Fst",0.02043596341578,0,0.0264120180081526,0.0550837107290064
"7166001","7176000",7171000.5,"Fst",0.0242378963502591,0,0.0224652072837943,0.0468487607146654
"7167001","7177000",7172000.5,"Fst",0.0380990501845392,0,0.0257540415601991,0.0543776082206658
"7168001","7178000",7173000.5,"Fst",0.0464258538113781,0,0.0261435972054554,0.0572865124991305
"7169001","7179000",7174000.5,"Fst",0.046497409286325,0,0.0263467268455225,0.0565532483955046
"7170001","7180000",7175000.5,"Fst",0.0510294060161668,0,0.0257673678614817,0.0615927881018072
"7171001","7181000",7176000.5,"Fst",0.0525466464952092,0,0.0258082425480625,0.0649044959747872
"7172001","7182000",7177000.5,"Fst",0.0464298153953325,0,0.0286986965156823,0.0716338701159579
"7173001","7183000",7178000.5,"Fst",0.0392834116238372,0,0.0278136659036585,0.0673365212733691
"7174001","7184000",7179000.5,"Fst",0.0340831137387732,0,0.027211365907978,0.0604603697561791
"7175001","7185000",7180000.5,"Fst",0.0356048675733714,0,0.0298635685279531,0.0670408113527532
"7176001","7186000",7181000.5,"Fst",0.0347978447577378,0,0.0251845567726511,0.0541074343965277
"7177001","7187000",7182000.5,"Fst",0.0229125043605112,0,0.0196468609696569,0.0399854920953254
"7178001","7188000",7183000.5,"Fst",0.0191287576418756,0,0.0192416742437842,0.0408156893827919
"7179001","7189000",7184000.5,"Fst",0.0189967683012506,0,0.0193816998136687,0.0408919653754747
"7180001","7190000",7185000.5,"Fst",0.0180837692889809,0,0.0197438405969968,0.0417340617084261
"7181001","7191000",7186000.5,"Fst",0.0173287065116881,0,0.0204392659276143,0.0418658531624975
"7182001","7192000",7187000.5,"Fst",0.0169885501448476,0,0.0201966357362548,0.0410875762894057
"7183001","7193000",7188000.5,"Fst",0.0205385989862524,0,0.0208845944759621,0.0361829385085198
"7184001","7194000",7189000.5,"Fst",0.0214941022280472,0,0.0209659446536202,0.0403160592414802
"7185001","7195000",7190000.5,"Fst",0.0105112559037474,0,0.020157637593609,0.0395055742240065
"7186001","7196000",7191000.5,"Fst",0,0,0.0221129977907658,0.0427760067421495
"7187001","7197000",7192000.5,"Fst",0,0,0.0272460328931114,0.06667422371137
"7188001","7198000",7193000.5,"Fst",0,0,0.0230224686582954,0.0541451213253789
"7189001","7199000",7194000.5,"Fst",0,0,0.0226957277065347,0.0530105022823869
"7190001","7200000",7195000.5,"Fst",0,0,0.0219016397170371,0.0510639505586129
"7191001","7201000",7196000.5,"Fst",0,0,0.0211093492801316,0.0508743071696763
"7192001","7202000",7197000.5,"Fst",0,0,0.0220042748629155,0.0537942393332385
"7193001","7203000",7198000.5,"Fst",0,0,0.0228092820395451,0.0538249462331458
"7194001","7204000",7199000.5,"Fst",0.00556214551936496,0,0.0237094973618051,0.0471115095785636
"7195001","7205000",7200000.5,"Fst",0.00689590470737045,0,0.0185692419585149,0.0331917977460955
"7196001","7206000",7201000.5,"Fst",0.00175036631813597,0,0.0225659314200726,0.0418646651794564
"7197001","7207000",7202000.5,"Fst",0.00220990744625937,0,0.0217913623647744,0.0408127111884233
"7198001","7208000",7203000.5,"Fst",0,0,0.0260213638623228,0.0462999060762123
"7199001","7209000",7204000.5,"Fst",0,0,0.0251943735748395,0.0431685531541948
"7200001","7210000",7205000.5,"Fst",0,0,0.024765157308506,0.0434833796287778
"7201001","7211000",7206000.5,"Fst",0,0,0.0236583141129288,0.0479450356233765
"7202001","7212000",7207000.5,"Fst",0.00812509755110746,0,0.0204126882911195,0.0411886257243229
"7203001","7213000",7208000.5,"Fst",0.00800798086187848,0,0.020222911485859,0.0405727099355088
"7204001","7214000",7209000.5,"Fst",0.00471764901346783,0,0.0226580201767481,0.0408787565804711
"7205001","7215000",7210000.5,"Fst",0.00888038001853708,0,0.0235547415241916,0.0425138947352008
"7206001","7216000",7211000.5,"Fst",0.0170931266409348,0,0.0264325499550788,0.0501830676449302
"7207001","7217000",7212000.5,"Fst",0.0172056591907795,0,0.0279614378563239,0.0528052139136996
"7208001","7218000",7213000.5,"Fst",0.0161605912267516,0,0.0260139077490195,0.0522163054818024
"7209001","7219000",7214000.5,"Fst",0.0203829582866409,0,0.0277977527663169,0.0600359561854706
"7210001","7220000",7215000.5,"Fst",0.0205291912839082,0,0.029532076536294,0.0638943572137267
"7211001","7221000",7216000.5,"Fst",0.0276130982771221,0,0.0312084773419955,0.0793559250289472
"7212001","7222000",7217000.5,"Fst",0.0045987144168963,0,0.0319703387988817,0.090965091330518
"7213001","7223000",7218000.5,"Fst",0.00519537349205867,0,0.0338618208351061,0.0992318886238506
"7214001","7224000",7219000.5,"Fst",0.000187764043185878,0,0.0323167462534135,0.097669973463626
"7215001","7225000",7220000.5,"Fst",0.00062804207881928,0,0.0318401503466196,0.0980856204520939
"7216001","7226000",7221000.5,"Fst",0.0116675928812503,0,0.0266045163136735,0.068220958805997
"7217001","7227000",7222000.5,"Fst",0.0115455413736217,0,0.0254876822351466,0.0655059213781402
"7218001","7228000",7223000.5,"Fst",0.0125811563109111,0,0.0278914235665973,0.0711352443675255
"7219001","7229000",7224000.5,"Fst",0.0123022075963252,0,0.0271756109588873,0.0695335637550539
"7220001","7230000",7225000.5,"Fst",0.0116117391073608,0,0.0265426985982268,0.0677808961915768
"7221001","7231000",7226000.5,"Fst",0.00782987723637474,0,0.0226043155658659,0.0511119781506049
"7222001","7232000",7227000.5,"Fst",0.00851143373418917,0,0.0240109740558381,0.0423511736164133
"7223001","7233000",7228000.5,"Fst",0.00839326245370908,0,0.0230933345919417,0.0408866296252512
"7224001","7234000",7229000.5,"Fst",0.0231729055258467,0,0.0233557815575967,0.0592245492000945
"7225001","7235000",7230000.5,"Fst",0.0244694502023493,0,0.0239474084829246,0.0581196413842393
"7226001","7236000",7231000.5,"Fst",0.0195112719702885,0,0.0362293367718075,0.0616960293040977
"7227001","7237000",7232000.5,"Fst",0.0194945502455385,0,0.0364408704792609,0.0622076108990541
"7228001","7238000",7233000.5,"Fst",0.0189141162204016,0,0.0359795944588173,0.0611928537714957
"7229001","7239000",7234000.5,"Fst",0.0192578151720364,0,0.0365666568838797,0.0621045671871399
"7230001","7240000",7235000.5,"Fst",0.0196300324924348,0,0.0367658667995615,0.0631074894339659
"7231001","7241000",7236000.5,"Fst",0.0246703094733626,0,0.0311689473628777,0.0683270176635676
"7232001","7242000",7237000.5,"Fst",0.0236048282777255,0,0.028545779944141,0.0632013070563687
"7233001","7243000",7238000.5,"Fst",0.0240385939645776,0,0.0293966173072657,0.064670486994998
"7234001","7244000",7239000.5,"Fst",0.0160240839319863,0,0.0289259988821453,0.0616369268579914
"7235001","7245000",7240000.5,"Fst",0.0176070186053547,0,0.0291533067034367,0.0572063761273394
"7236001","7246000",7241000.5,"Fst",0.018629944529225,0,0.0211952358687124,0.0401054520313034
"7237001","7247000",7242000.5,"Fst",0.0192492757431845,0,0.0218770955330077,0.0414142923272486
"7238001","7248000",7243000.5,"Fst",0.0198300895302361,0,0.0219767518461425,0.0423645320197045
"7239001","7249000",7244000.5,"Fst",0.0195999371957921,0,0.0216675643105402,0.0418803173966599
"7240001","7250000",7245000.5,"Fst",0.0200061522622119,0,0.0214228147669366,0.0423407917383821
"7241001","7251000",7246000.5,"Fst",0.0218041407615922,0,0.0216629282982013,0.0452863667467656
"7242001","7252000",7247000.5,"Fst",0.0426702751465944,0,0.0230930201849838,0.043480708967333
"7243001","7253000",7248000.5,"Fst",0.0474523277162748,0,0.025218992220838,0.0496914433084645
"7244001","7254000",7249000.5,"Fst",0.0445744903762684,0,0.0275529657424714,0.0555758716208915
"7245001","7255000",7250000.5,"Fst",0.0429904306220097,0,0.0232861321108931,0.0492674430518083
"7246001","7256000",7251000.5,"Fst",0.0447563607348167,0,0.0246540290021552,0.0520636157029042
"7247001","7257000",7252000.5,"Fst",0.0387609094654831,0,0.0222077344730001,0.0454501027858737
"7248001","7258000",7253000.5,"Fst",0.0383616615712797,0,0.0223079409160579,0.0453103459204207
"7249001","7259000",7254000.5,"Fst",0.0242059235422069,0,0.0225973561064262,0.0490804283814591
"7250001","7260000",7255000.5,"Fst",0.0297755447032306,0,0.020539264925039,0.0458286467624733
"7251001","7261000",7256000.5,"Fst",0.0305895355824534,0,0.0212114514782175,0.047047645886592
"7252001","7262000",7257000.5,"Fst",0.0199369936993699,0,0.0232530670120019,0.0410070224048154
"7253001","7263000",7258000.5,"Fst",0.00884677098136466,0,0.0353884604111792,0.0757803121248499
"7254001","7264000",7259000.5,"Fst",0.00912658251329268,0,0.032878419526481,0.0743265552836629
"7255001","7265000",7260000.5,"Fst",0.00925905878308819,0,0.0333797971577579,0.0751221317857892
"7256001","7266000",7261000.5,"Fst",0.00926276058626219,0,0.0335763469369968,0.0757117682431153
"7257001","7267000",7262000.5,"Fst",0.00959319113277968,0,0.034305317367758,0.0775690496340495
"7258001","7268000",7263000.5,"Fst",0.011014577539277,0,0.0325662705448668,0.0724836012363074
"7259001","7269000",7264000.5,"Fst",0.0110058442135715,0,0.0311538658544944,0.068459386667304
"7260001","7270000",7265000.5,"Fst",0.00766605312478918,0,0.0342146080395134,0.0731764235661093
"7261001","7271000",7266000.5,"Fst",0.00761909104871727,0,0.0340098501084245,0.0727250142461893
"7262001","7272000",7267000.5,"Fst",0.00759502537890699,0,0.0339127131715944,0.0725013916482113
"7263001","7273000",7268000.5,"Fst",0.00907222219553261,0,0.0234701947187172,0.0548709794428888
"7264001","7274000",7269000.5,"Fst",0.0147340476758743,0,0.0244877913463275,0.0633617851330028
"7265001","7275000",7270000.5,"Fst",0.021248200676211,0,0.0255327791104997,0.0555904884204934
"7266001","7276000",7271000.5,"Fst",0.017828720428063,0,0.0219537531746744,0.0525420127197904
"7267001","7277000",7272000.5,"Fst",0.0170671189421777,0,0.0209728478234517,0.0503893994758794
"7268001","7278000",7273000.5,"Fst",0.013351088865674,0,0.0224730451363203,0.0633098841110783
"7269001","7279000",7274000.5,"Fst",0.0212593132838531,0,0.0220982943554711,0.0439296828072808
"7270001","7280000",7275000.5,"Fst",0.023524146362763,0,0.0186254952216527,0.0341839532952957
"7271001","7281000",7276000.5,"Fst",0.0331605638004325,0,0.020843403596698,0.0476122938369036
"7272001","7282000",7277000.5,"Fst",0.0304466387671596,0,0.0184218060024321,0.0403979593002102
"7273001","7283000",7278000.5,"Fst",0.0292946982964496,0,0.0177133503923111,0.038876385912373
"7274001","7284000",7279000.5,"Fst",0.0261490895122665,0,0.0181988881347777,0.0459075572977962
"7275001","7285000",7280000.5,"Fst",0.020988381221542,0,0.0176084269493169,0.0443359137451219
"7276001","7286000",7281000.5,"Fst",0.0243209876543211,0,0.0190520785531733,0.0509221029452243
"7277001","7287000",7282000.5,"Fst",0.0249943619508838,0,0.0214551197693811,0.0464033006958123
"7278001","7288000",7283000.5,"Fst",0.0248551682532361,0,0.0213309023194067,0.0461101991697407
"7279001","7289000",7284000.5,"Fst",0.0187983258849401,0,0.0175703982437385,0.0416296011552534
"7280001","7290000",7285000.5,"Fst",0.0143082226182203,0,0.0199520013900034,0.0428310823929958
"7281001","7291000",7286000.5,"Fst",0.00560717767487207,0,0.0208537158937276,0.0474122406109654
"7282001","7292000",7287000.5,"Fst",0.00507093234365963,0,0.0232153196427817,0.0545950448680982
"7283001","7293000",7288000.5,"Fst",0.00545312305531365,0,0.0240383337091741,0.0570288276450316
"7284001","7294000",7289000.5,"Fst",0.00405367377054811,0,0.0258765778265669,0.0565300661314754
"7285001","7295000",7290000.5,"Fst",0.00543095626927959,0,0.0269339283206694,0.0480620842572062
"7286001","7296000",7291000.5,"Fst",0.0112229814962429,0,0.0218821957116724,0.0488246286605394
"7287001","7297000",7292000.5,"Fst",0.0104026700420846,0,0.0212808604598202,0.0518272400265035
"7288001","7298000",7293000.5,"Fst",0.0324049523286587,0,0.019379658771314,0.0592270950933564
"7289001","7299000",7294000.5,"Fst",0.0555820113409259,0,0.0192557936729162,0.0527021900824463
"7290001","7300000",7295000.5,"Fst",0.062181734702396,0,0.0212536915375378,0.0510744849089828
"7291001","7301000",7296000.5,"Fst",0.0578711132817042,0,0.0208538414039191,0.0519605368124491
"7292001","7302000",7297000.5,"Fst",0.0558917654329161,0,0.0191798472452818,0.0485989091060499
"7293001","7303000",7298000.5,"Fst",0.0537519027774312,0,0.0203125934505751,0.0493496091372752
"7294001","7304000",7299000.5,"Fst",0.0541330283271693,0,0.0202356540312841,0.0497867999471193
"7295001","7305000",7300000.5,"Fst",0.0607791946456054,0,0.0169234707812607,0.0513864285542528
"7296001","7306000",7301000.5,"Fst",0.0631482732324874,0,0.020609826590557,0.0508538679788457
"7297001","7307000",7302000.5,"Fst",0.0572439809815535,0,0.0222993359766453,0.0488263383218137
"7298001","7308000",7303000.5,"Fst",0.0356722557311756,0,0.0230356953808976,0.0506259431161818
"7299001","7309000",7304000.5,"Fst",0.0218236621322865,0,0.0236784408318277,0.0416948468469767
"7300001","7310000",7305000.5,"Fst",0.0201150125236571,0,0.0211106480794833,0.0406715860426294
"7301001","7311000",7306000.5,"Fst",0.0214558591221521,0,0.0212699404854969,0.0423235655842378
"7302001","7312000",7307000.5,"Fst",0.0230273539265881,0,0.0212458301248621,0.0414807302799691
"7303001","7313000",7308000.5,"Fst",0.0194301468357008,0,0.023342904336781,0.0453776226601202
"7304001","7314000",7309000.5,"Fst",0.0219643796778336,0,0.0236087675259556,0.0443485581143194
"7305001","7315000",7310000.5,"Fst",0.0241475154226831,0,0.0238416514551068,0.0458170177044055
"7306001","7316000",7311000.5,"Fst",0.0173569583416285,0,0.0213750127281035,0.0496324253602788
"7307001","7317000",7312000.5,"Fst",0.0201097676721825,0,0.0211272836478696,0.0395377582163049
"7308001","7318000",7313000.5,"Fst",0.0205377066587031,0,0.0212224049066251,0.0397967417965661
"7309001","7319000",7314000.5,"Fst",0.0230769689808683,0,0.0197994300094521,0.0372748135151586
"7310001","7320000",7315000.5,"Fst",0.0262779308233855,0,0.021032842999225,0.0360014391048971
"7311001","7321000",7316000.5,"Fst",0.0429189617943859,0,0.0204773395547258,0.0338579260790509
"7312001","7322000",7317000.5,"Fst",0.0448265425793515,0,0.0196906557149967,0.0353602897173063
"7313001","7323000",7318000.5,"Fst",0.0416521574688135,0,0.0174595608738192,0.0351494042082532
"7314001","7324000",7319000.5,"Fst",0.0411644535240041,0,0.0181779027993,0.0385240801913925
"7315001","7325000",7320000.5,"Fst",0.0365960584421309,0,0.0198768191610299,0.0443173509243527
"7316001","7326000",7321000.5,"Fst",0.0402512990357067,0,0.0209958625275548,0.0406553314161636
"7317001","7327000",7322000.5,"Fst",0.0229029607348312,0,0.023289078996696,0.049583736618338
"7318001","7328000",7323000.5,"Fst",0.0209201884770894,0,0.0234730022662998,0.051340921531522
"7319001","7329000",7324000.5,"Fst",0.0168150863272134,0,0.0245605845149422,0.0545910310261664
"7320001","7330000",7325000.5,"Fst",0.016869912840683,0,0.0245046109788439,0.0545940588113202
"7321001","7331000",7326000.5,"Fst",0.00584299478118722,0,0.0266853837337864,0.055112756232652
"7322001","7332000",7327000.5,"Fst",0.000614890906697529,0,0.0290729082390814,0.060183949240584
"7323001","7333000",7328000.5,"Fst",0.00434743753005429,0,0.0317191758949871,0.0584845937326145
"7324001","7334000",7329000.5,"Fst",0.00438188711480547,0,0.0312533468866644,0.0578515157216141
"7325001","7335000",7330000.5,"Fst",0.00499140692485567,0,0.0315683265336428,0.0592368369506079
"7326001","7336000",7331000.5,"Fst",0.000190733359050288,0,0.0356582469643967,0.0831498497127703
"7327001","7337000",7332000.5,"Fst",0.00661967173167621,0,0.0322242718312183,0.0888461476434644
"7328001","7338000",7333000.5,"Fst",0.00582746543585211,0,0.0338254750578799,0.081035520524386
"7329001","7339000",7334000.5,"Fst",0.00693683375254528,0,0.0361374464073813,0.0868080011717731
"7330001","7340000",7335000.5,"Fst",0.00612267113795173,0,0.034599799821499,0.0890673482287941
"7331001","7341000",7336000.5,"Fst",0.00597067553032316,0,0.0344496791483698,0.0884556290693504
"7332001","7342000",7337000.5,"Fst",0.00608624808496272,0,0.0345443011735574,0.0887223399074866
"7333001","7343000",7338000.5,"Fst",0,0,0.0421395072205634,0.132086016193562
"7334001","7344000",7339000.5,"Fst",0,0,0.0417480691176633,0.131310017155189
"7335001","7345000",7340000.5,"Fst",0,0,0.0473026018630592,0.137429728005171
"7336001","7346000",7341000.5,"Fst",0.0121297584477383,0,0.0499430150208409,0.128394273933012
"7337001","7347000",7342000.5,"Fst",0.0115435872579358,0,0.0532619974779207,0.137921923704838
"7338001","7348000",7343000.5,"Fst",0.0127756169526716,0,0.054465437249436,0.132832443253534
"7339001","7349000",7344000.5,"Fst",0.014156807265815,0,0.0573002240397929,0.132511754809119
"7340001","7350000",7345000.5,"Fst",0.0149958753893903,0,0.0561592270258967,0.131971127124715
"7341001","7351000",7346000.5,"Fst",0.0151558245991222,0,0.0560139609429738,0.131522377864088
"7342001","7352000",7347000.5,"Fst",0.015919364554093,0,0.055982893234774,0.130812034989168
"7343001","7353000",7348000.5,"Fst",0.0209039926612981,0,0.0541938692128221,0.126219883799922
"7344001","7354000",7349000.5,"Fst",0.0195837203497603,0,0.0548054258768161,0.126261519352567
"7345001","7355000",7350000.5,"Fst",0.0232039747093502,0,0.0458787862690939,0.0781271790188747
"7346001","7356000",7351000.5,"Fst",0,0,0.0264371633598405,0.0561676696837679
"7347001","7357000",7352000.5,"Fst",0,0,0.026229449296231,0.0554496348746218
"7348001","7358000",7353000.5,"Fst",0,0,0.0239444878864407,0.0510310550248511
"7349001","7359000",7354000.5,"Fst",0.0139930623731919,0,0.0238222190558865,0.0410088326002233
"7350001","7360000",7355000.5,"Fst",0.0182005410921074,0,0.0232814878789036,0.041611409652078
"7351001","7361000",7356000.5,"Fst",0.0188665232864127,0,0.0216431161644973,0.0375800793166565
"7352001","7362000",7357000.5,"Fst",0.0174999569803659,0,0.0218097418118604,0.0371689095630978
"7353001","7363000",7358000.5,"Fst",0.0212777904674892,0,0.0193294869630705,0.0363437872171496
"7354001","7364000",7359000.5,"Fst",0.0230579297245964,0,0.0195609396908462,0.0381951947316972
"7355001","7365000",7360000.5,"Fst",0.0317815930199831,0,0.023560431244169,0.039187824851363
"7356001","7366000",7361000.5,"Fst",0.0364524761378533,0,0.0224281960670473,0.0433216447673296
"7357001","7367000",7362000.5,"Fst",0.0366637750862898,0,0.0227148686604333,0.0436662632459051
"7358001","7368000",7363000.5,"Fst",0.0304456627327644,0,0.0212012639883819,0.0415767421213227
"7359001","7369000",7364000.5,"Fst",0.00749107585647479,0,0.023045567843445,0.0423844084018071
"7360001","7370000",7365000.5,"Fst",0.00647365613244111,0,0.021788125266833,0.0397594351989643
"7361001","7371000",7366000.5,"Fst",0.00306958869765317,0,0.0209318374673028,0.046925080705968
"7362001","7372000",7367000.5,"Fst",0.00371377147572416,0,0.0212685980132637,0.0471379048893815
"7363001","7373000",7368000.5,"Fst",0.000886975079272045,0,0.0247005546225521,0.0538949045786584
"7364001","7374000",7369000.5,"Fst",0.000619886139614945,0,0.0247575255366979,0.0536523201233344
"7365001","7375000",7370000.5,"Fst",0,0,0.0207920196859594,0.0436475342403395
"7366001","7376000",7371000.5,"Fst",0.000185277856633359,0,0.0206740016235347,0.0437033085897943
"7367001","7377000",7372000.5,"Fst",0.00039653905927628,0,0.020357778309673,0.0410094035500695
"7368001","7378000",7373000.5,"Fst",0.00311490645695012,0,0.0212633792645571,0.0421267038794764
"7369001","7379000",7374000.5,"Fst",0.00829977529636783,0,0.0234197725959669,0.0477625271595018
"7370001","7380000",7375000.5,"Fst",0,0,0.0283182652681994,0.0530240973295628
"7371001","7381000",7376000.5,"Fst",0.000206600946998869,0,0.0259107890026337,0.0492519030008762
"7372001","7382000",7377000.5,"Fst",0,0,0.0258587652466532,0.0510405016912869
"7373001","7383000",7378000.5,"Fst",0.00123233854848714,0,0.0226274187699721,0.0614048200375372
"7374001","7384000",7379000.5,"Fst",0.00107077287533319,0,0.0222811870764494,0.0619707671466496
"7375001","7385000",7380000.5,"Fst",0.00107923290730005,0,0.0223982987436672,0.0611692440275339
"7376001","7386000",7381000.5,"Fst",0.00170947881193462,0,0.0218222570753975,0.0589906355084333
"7377001","7387000",7382000.5,"Fst",0.00446433155684245,0,0.0251805419802565,0.0583910921004924
"7378001","7388000",7383000.5,"Fst",0.00359992105910567,0,0.0262338387353314,0.060284868795507
"7379001","7389000",7384000.5,"Fst",0.00257305955525255,0,0.0278304669360278,0.0631644292698068
"7380001","7390000",7385000.5,"Fst",0.0121134246415326,0,0.0247785434562369,0.0546300515730018
"7381001","7391000",7386000.5,"Fst",0.0191556034773235,0,0.0240266092621632,0.0580538773765502
"7382001","7392000",7387000.5,"Fst",0.0218555181273981,0,0.0250626996934127,0.0664666490943548
"7383001","7393000",7388000.5,"Fst",0.0288440135633315,0,0.023954741882665,0.0617355292613754
"7384001","7394000",7389000.5,"Fst",0.0304178469648131,0,0.0256973608188587,0.0656461273324033
"7385001","7395000",7390000.5,"Fst",0.0201404776239212,0,0.0262098531805348,0.0709932982884475
"7386001","7396000",7391000.5,"Fst",0.0204420276070467,0,0.0260398917245675,0.0663023620900501
"7387001","7397000",7392000.5,"Fst",0.0183342688259222,0,0.025579715768359,0.0740029760393858
"7388001","7398000",7393000.5,"Fst",0.0183734835174756,0,0.0256439909476522,0.0741769512424038
"7389001","7399000",7394000.5,"Fst",0.0184079342384933,0,0.0256996985864826,0.0743128318589082
"7390001","7400000",7395000.5,"Fst",0.0147053473119824,0,0.0271080989835214,0.067914872108084
"7391001","7401000",7396000.5,"Fst",0.00976861565387077,0,0.0273530762099433,0.0633472844356242
"7392001","7402000",7397000.5,"Fst",0.00854626762292643,0,0.0296505788107904,0.0649585969238755
"7393001","7403000",7398000.5,"Fst",0,0,0.0282560598841483,0.0588757223958154
"7394001","7404000",7399000.5,"Fst",9.55946106663275e-05,0,0.0275022203940718,0.0579523964169464
"7395001","7405000",7400000.5,"Fst",0.0189780774603605,0,0.0168497469572376,0.0355535816063259
"7396001","7406000",7401000.5,"Fst",0.014462080168654,0,0.0150705093832054,0.0264094088398545
"7397001","7407000",7402000.5,"Fst",0.0213650169437064,0,0.0144471415726275,0.0308633721123857
"7398001","7408000",7403000.5,"Fst",0.0189191449012954,0,0.0148361690115934,0.0303315429503686
"7399001","7409000",7404000.5,"Fst",0.0189791127399933,0,0.0148715755863306,0.0304150032330747
"7400001","7410000",7405000.5,"Fst",0.0192847078655961,0,0.0171172666223892,0.032773192330584
"7401001","7411000",7406000.5,"Fst",0.0160230396809368,0,0.017223001190953,0.0306174274256099
"7402001","7412000",7407000.5,"Fst",0.0111019562976366,0,0.0155096681211437,0.0244814810956342
"7403001","7413000",7408000.5,"Fst",0.0120365289037533,0,0.0156553857278712,0.02462949353146
"7404001","7414000",7409000.5,"Fst",0.0109794452793766,0,0.0150248558048242,0.0242781608748113
"7405001","7415000",7410000.5,"Fst",0,0,0.014841372448492,0.0288129653759819
"7406001","7416000",7411000.5,"Fst",0,0,0.0152276979284968,0.0291743621314727
"7407001","7417000",7412000.5,"Fst",0,0,0.0148995276736371,0.0282353700075219
"7408001","7418000",7413000.5,"Fst",0,0,0.0157467352463319,0.0298280826869586
"7409001","7419000",7414000.5,"Fst",0,0,0.0155244140087931,0.0296621564990507
"7410001","7420000",7415000.5,"Fst",0,0,0.0150657944196746,0.0268344313061986
"7411001","7421000",7416000.5,"Fst",0,0,0.0153634222466543,0.0266204174481579
"7412001","7422000",7417000.5,"Fst",0.000390809861842589,0,0.0160885341449802,0.0296899277072329
"7413001","7423000",7418000.5,"Fst",0,0,0.018488019896174,0.0471082930823665
"7414001","7424000",7419000.5,"Fst",0,0,0.0181359977783744,0.0368405847826508
"7415001","7425000",7420000.5,"Fst",0,0,0.0206790622949615,0.0467817468832605
"7416001","7426000",7421000.5,"Fst",0,0,0.0219555148878014,0.0480552264180104
"7417001","7427000",7422000.5,"Fst",0,0,0.0222099854481342,0.044741514426185
"7418001","7428000",7423000.5,"Fst",0,0,0.0223160475156755,0.0452502733295853
"7419001","7429000",7424000.5,"Fst",0,0,0.0226246820549037,0.0455564198853284
"7420001","7430000",7425000.5,"Fst",0,0,0.0191559071549697,0.0396041829420392
"7421001","7431000",7426000.5,"Fst",0,0,0.0217148114433441,0.044791034307528
"7422001","7432000",7427000.5,"Fst",0,0,0.0224557446239672,0.0452050995855912
"7423001","7433000",7428000.5,"Fst",0,0,0.0188901855334234,0.0384371511598148
"7424001","7434000",7429000.5,"Fst",0.0014731674719477,0,0.0203531638668045,0.0350669844377079
"7425001","7435000",7430000.5,"Fst",0.00652064858905455,0,0.0188861338546403,0.0424829176940009
"7426001","7436000",7431000.5,"Fst",0.00802367730243547,0,0.0179488645225584,0.0394467935463118
"7427001","7437000",7432000.5,"Fst",0.0079179449340917,0,0.0176502094557348,0.0402938564836782
"7428001","7438000",7433000.5,"Fst",0.00800495018015979,0,0.0162296429480336,0.0367752620084444
"7429001","7439000",7434000.5,"Fst",0.0107581043394496,0,0.0147552711684386,0.0290779670798045
"7430001","7440000",7435000.5,"Fst",0.0109576453744579,0,0.0146217361380914,0.0262741895683718
"7431001","7441000",7436000.5,"Fst",0.0105405383849864,0,0.0137019884284541,0.0243854658241943
"7432001","7442000",7437000.5,"Fst",0.00867622748890517,0,0.0135911747786222,0.0246163952267914
"7433001","7443000",7438000.5,"Fst",0.00992331858561135,0,0.014898337377544,0.0274068326026361
"7434001","7444000",7439000.5,"Fst",0.00632674405383093,0,0.0133795735112517,0.0235284465775082
"7435001","7445000",7440000.5,"Fst",0.00371962532241277,0,0.0119986325757625,0.0208454547576458
"7436001","7446000",7441000.5,"Fst",0.00248793799209257,0,0.0114123494911612,0.022597984015662
"7437001","7447000",7442000.5,"Fst",0.00766687224086327,0,0.0120863522826299,0.0197429888835714
"7438001","7448000",7443000.5,"Fst",0.00658403720364709,0,0.0123319645714795,0.0217250637254064
"7439001","7449000",7444000.5,"Fst",0.00337275892831446,0,0.0128021737106349,0.0210551522484373
"7440001","7450000",7445000.5,"Fst",0.00468223151530478,0,0.012874675641066,0.0249836146522552
"7441001","7451000",7446000.5,"Fst",0.00498227372993265,0,0.0132465737114675,0.0224810644470113
"7442001","7452000",7447000.5,"Fst",0.00946268466902644,0,0.0133944178734549,0.0274974567635752
"7443001","7453000",7448000.5,"Fst",0.0062099221264974,0,0.0124642624331767,0.0230581253530244
"7444001","7454000",7449000.5,"Fst",0.00903664973116947,0,0.0142907466695306,0.0258632720012049
"7445001","7455000",7450000.5,"Fst",0.0235789051822932,0,0.0150039331250726,0.0331697824570877
"7446001","7456000",7451000.5,"Fst",0.0221157147126509,0,0.0154795921302065,0.0370574087470639
"7447001","7457000",7452000.5,"Fst",0.0138752099371562,0,0.0156161767887928,0.029638267484396
"7448001","7458000",7453000.5,"Fst",0.0123839737957976,0,0.0147961672167281,0.027064307689227
"7449001","7459000",7454000.5,"Fst",0.0118046723872395,0,0.0145694084827842,0.0268026469715091
"7450001","7460000",7455000.5,"Fst",0.0123035146522391,0,0.0140704300841334,0.0260968385620541
"7451001","7461000",7456000.5,"Fst",0.0130106398301486,0,0.0144759377349977,0.0285752257593526
"7452001","7462000",7457000.5,"Fst",0.0119796399281229,0,0.0148213806597929,0.0294411923927906
"7453001","7463000",7458000.5,"Fst",0.0147225901795806,0,0.0140553201016968,0.0265864244995897
"7454001","7464000",7459000.5,"Fst",0.0162417834889217,0,0.0127099726583664,0.0338723536628238
"7455001","7465000",7460000.5,"Fst",0.00267336696019349,0,0.0131403631322939,0.0308286469791018
"7456001","7466000",7461000.5,"Fst",0.00648327213774436,0,0.0141974856195078,0.0332952766456207
"7457001","7467000",7462000.5,"Fst",0.00866450676221731,0,0.0160247693569554,0.0381415745933663
"7458001","7468000",7463000.5,"Fst",0.0104189382153953,0,0.0173662210423635,0.0411733909230718
"7459001","7469000",7464000.5,"Fst",0.0140430564314463,0,0.0150105280606933,0.0361727451450126
"7460001","7470000",7465000.5,"Fst",0.0166648533121234,0,0.014999035691276,0.0350328631563399
"7461001","7471000",7466000.5,"Fst",0.0162836363636363,0,0.0152118059744768,0.0309557480274643
"7462001","7472000",7467000.5,"Fst",0.0202048615550727,0,0.0154497100188077,0.0307609166667501
"7463001","7473000",7468000.5,"Fst",0.0202867462876598,0,0.017096092149027,0.0333183579590284
"7464001","7474000",7469000.5,"Fst",0.0211719158250375,0,0.0163567696334126,0.0317290157869433
"7465001","7475000",7470000.5,"Fst",0.022053872053872,0,0.0160163684120035,0.0320429474504549
"7466001","7476000",7471000.5,"Fst",0.0209727527374586,0,0.0152798327170432,0.0268145637273438
"7467001","7477000",7472000.5,"Fst",0.02779955325157,0,0.0149327536159363,0.0266187927232066
"7468001","7478000",7473000.5,"Fst",0.0270177820406061,0,0.0141960180789958,0.0243293323188006
"7469001","7479000",7474000.5,"Fst",0.0220265055744993,0,0.0137672462502856,0.0234417038836928
"7470001","7480000",7475000.5,"Fst",0.0204256737056937,0,0.0145055874364842,0.025024346162125
"7471001","7481000",7476000.5,"Fst",0.0233387609521595,0,0.0154273540462132,0.027349810827057
"7472001","7482000",7477000.5,"Fst",0.0204218610905217,0,0.0137179351923186,0.0343368592351503
"7473001","7483000",7478000.5,"Fst",0.0209038208168643,0,0.014292606461976,0.036985858833572
"7474001","7484000",7479000.5,"Fst",0.0180400233635828,0,0.014256834103338,0.0360962306829795
"7475001","7485000",7480000.5,"Fst",0.0189018047300866,0,0.0154468947562571,0.0390113959338596
"7476001","7486000",7481000.5,"Fst",0.0243684578226042,0,0.0172758104948521,0.0460916886468468
"7477001","7487000",7482000.5,"Fst",0.0109446251804339,0,0.0164103817209638,0.0409086126525068
"7478001","7488000",7483000.5,"Fst",0.0326920179455252,0,0.0169274865427272,0.0293032646590963
"7479001","7489000",7484000.5,"Fst",0.0402345633501039,0,0.0157068803907503,0.0376165758240605
"7480001","7490000",7485000.5,"Fst",0.0404052643710912,0,0.0157292934526265,0.03776581261645
"7481001","7491000",7486000.5,"Fst",0.0388313993404146,0,0.0164780696783215,0.0390182125927822
"7482001","7492000",7487000.5,"Fst",0.0359120871268394,0,0.0192899422648001,0.0370281219195083
"7483001","7493000",7488000.5,"Fst",0.0366533807972662,0,0.0199339403644345,0.0381733363325458
"7484001","7494000",7489000.5,"Fst",0.0438637183650327,0,0.0193135009614165,0.0320948779584932
"7485001","7495000",7490000.5,"Fst",0.0408704440141756,0,0.0159970049619864,0.0270304194311879
"7486001","7496000",7491000.5,"Fst",0.0380541618116821,0,0.0163445441446141,0.0281717016179551
"7487001","7497000",7492000.5,"Fst",0.0422611385967322,0,0.0171860394876759,0.0275124954896675
"7488001","7498000",7493000.5,"Fst",0.0211337513061652,0,0.0169810692397892,0.0385150706185684
"7489001","7499000",7494000.5,"Fst",0.0211355525274155,0,0.0171857413044061,0.0388158045603603
"7490001","7500000",7495000.5,"Fst",0.0201307954564506,0,0.0169180605751549,0.0375348540222104
"7491001","7501000",7496000.5,"Fst",0.0182957587722699,0,0.0164604356734802,0.0365223345551214
"7492001","7502000",7497000.5,"Fst",0.0198191239126911,0,0.015917769073588,0.0413594363283621
"7493001","7503000",7498000.5,"Fst",0.0223405248902587,0,0.0159226577617179,0.0386054414621881
"7494001","7504000",7499000.5,"Fst",0.0231389320124139,0,0.0158322684951274,0.0356415994595278
"7495001","7505000",7500000.5,"Fst",0.0157616804466945,0,0.0161546390284834,0.0300377187967773
"7496001","7506000",7501000.5,"Fst",0.0156139698784938,0,0.0147662630684472,0.0317824586170388
"7497001","7507000",7502000.5,"Fst",0.0138384675252943,0,0.0146676063360462,0.0259287471653841
"7498001","7508000",7503000.5,"Fst",0.0287203597462981,0,0.0152773707773473,0.0333039129155636
"7499001","7509000",7504000.5,"Fst",0.0248449754841102,0,0.0145017565530096,0.0305632273250975
"7500001","7510000",7505000.5,"Fst",0.0203320989129137,0,0.0148882791865779,0.0274265224447484
"7501001","7511000",7506000.5,"Fst",0.0254743254147888,0,0.0160970371891763,0.0333728281622144
"7502001","7512000",7507000.5,"Fst",0.026609138848939,0,0.0166108391977459,0.034618049999962
"7503001","7513000",7508000.5,"Fst",0.0213720399076629,0,0.0166216527269747,0.0316401450205366
"7504001","7514000",7509000.5,"Fst",0.0169366349074002,0,0.0166159345896473,0.0346141299682377
"7505001","7515000",7510000.5,"Fst",0.0197535343329736,0,0.0165643476431852,0.0374280227423939
"7506001","7516000",7511000.5,"Fst",0.0251792938654136,0,0.0173481062985947,0.0430934643017141
"7507001","7517000",7512000.5,"Fst",0.0235784475252536,0,0.0157648433961938,0.0398895221495003
"7508001","7518000",7513000.5,"Fst",0.0147713696100793,0,0.0162865098040916,0.0415153578713819
"7509001","7519000",7514000.5,"Fst",0.0171469011263179,0,0.0165873411795787,0.0422583645831118
"7510001","7520000",7515000.5,"Fst",0.0210993013083152,0,0.0183979802011183,0.0506470284003532
"7511001","7521000",7516000.5,"Fst",0.01853435181239,0,0.0172791403390727,0.0540413276512304
"7512001","7522000",7517000.5,"Fst",0.0190227614897621,0,0.0165530536797633,0.0521074253297309
"7513001","7523000",7518000.5,"Fst",0.0199265166723965,0,0.0161106298082785,0.0405904027632252
"7514001","7524000",7519000.5,"Fst",0.0216795498590558,0,0.0161935121814031,0.0384393204014535
"7515001","7525000",7520000.5,"Fst",0.0191507769884867,0,0.0153259784478244,0.0318817806867299
"7516001","7526000",7521000.5,"Fst",0.0103554406514359,0,0.0147942399984002,0.0274556666562822
"7517001","7527000",7522000.5,"Fst",0.0182837975078276,0,0.0159896176713044,0.0311879083395714
"7518001","7528000",7523000.5,"Fst",0.0197478017372072,0,0.0154443844115225,0.0296878316236293
"7519001","7529000",7524000.5,"Fst",0.019491748327033,0,0.0146318589827897,0.0327590273997459
"7520001","7530000",7525000.5,"Fst",0.0195055289793195,0,0.0146257182436182,0.0327361578284089
"7521001","7531000",7526000.5,"Fst",0.0146538256174976,0,0.0141031681220387,0.0328093762507334
"7522001","7532000",7527000.5,"Fst",0.012618149694249,0,0.0137323768811256,0.0335167197823935
"7523001","7533000",7528000.5,"Fst",0.0182920299831728,0,0.0133829695100066,0.0290951133083864
"7524001","7534000",7529000.5,"Fst",0.0155708397182329,0,0.0129588609019733,0.0301761280484685
"7525001","7535000",7530000.5,"Fst",0.0133625275102582,0,0.0131084266894163,0.0294494852236302
"7526001","7536000",7531000.5,"Fst",0.0121959562806945,0,0.0200818783674765,0.0471201914547632
"7527001","7537000",7532000.5,"Fst",0.0031246308819739,0,0.0207741050436137,0.0525046459618361
"7528001","7538000",7533000.5,"Fst",0.00114844861333308,0,0.0194666125364252,0.0488208062942751
"7529001","7539000",7534000.5,"Fst",0.00155860378626216,0,0.0193724879740746,0.0487868772213885
"7530001","7540000",7535000.5,"Fst",0,0,0.0168653551724616,0.0343271279296947
"7531001","7541000",7536000.5,"Fst",0.00116968294051634,0,0.0174915976699042,0.0346387209241267
"7532001","7542000",7537000.5,"Fst",0.00190145112745743,0,0.017304249375661,0.0358892963448386
"7533001","7543000",7538000.5,"Fst",0.000804322039322791,0,0.0190370173750788,0.0403809186564144
"7534001","7544000",7539000.5,"Fst",0.00193968536857381,0,0.0194866098342066,0.0367190038647944
"7535001","7545000",7540000.5,"Fst",0.00414475005177783,0,0.0213693259090926,0.0438132742176367
"7536001","7546000",7541000.5,"Fst",0.00295516472628199,0,0.0199476185464811,0.0505404135674156
"7537001","7547000",7542000.5,"Fst",0.00152040334016068,0,0.0195978055335187,0.0492209543112732
"7538001","7548000",7543000.5,"Fst",0.00138083999203809,0,0.0207967342285261,0.0487415148235478
"7539001","7549000",7544000.5,"Fst",0.00048474033561019,0,0.0213762217284067,0.0488024209733092
"7540001","7550000",7545000.5,"Fst",0.00540919624344427,0,0.020334914964304,0.0405004050040499
"7541001","7551000",7546000.5,"Fst",0.00983871256192315,0,0.0182778463516687,0.0366117814099374
"7542001","7552000",7547000.5,"Fst",0.00870878738313896,0,0.0178716713022843,0.0381510887000271
"7543001","7553000",7548000.5,"Fst",0.00794495550505447,0,0.0185726527208722,0.0395740940796374
"7544001","7554000",7549000.5,"Fst",0.00213401621852327,0,0.016293198005177,0.0398862674823163
"7545001","7555000",7550000.5,"Fst",0.000670681432146658,0,0.0180307395889359,0.0426347154438169
"7546001","7556000",7551000.5,"Fst",0,0,0.0171026234823128,0.0401998045511037
"7547001","7557000",7552000.5,"Fst",0.00179601501297266,0,0.0187016682990997,0.0383252304734462
"7548001","7558000",7553000.5,"Fst",0.00342544237692044,0,0.0189042774986174,0.0417069747245756
"7549001","7559000",7554000.5,"Fst",0.00325499282798192,0,0.0183077143370079,0.0412729221022644
"7550001","7560000",7555000.5,"Fst",0.00658862302827112,0,0.0169239141366237,0.0369563496777843
"7551001","7561000",7556000.5,"Fst",0.0247719469800751,0,0.0175358467595439,0.0362851562773224
"7552001","7562000",7557000.5,"Fst",0.0203865623561896,0,0.0189682795647203,0.0316054384188074
"7553001","7563000",7558000.5,"Fst",0.0196698886781189,0,0.0178573216463553,0.0285702048754923
"7554001","7564000",7559000.5,"Fst",0.0262562996039177,0,0.0175898911965598,0.0362977675009173
"7555001","7565000",7560000.5,"Fst",0.0259865916927348,0,0.0165451150307055,0.035713325463545
"7556001","7566000",7561000.5,"Fst",0.0249400175455285,0,0.01847905392284,0.0344120419469518
"7557001","7567000",7562000.5,"Fst",0.0250010595465142,0,0.018524389147123,0.0344943961381794
"7558001","7568000",7563000.5,"Fst",0.0249644305705975,0,0.0184803420087667,0.0344759625151952
"7559001","7569000",7564000.5,"Fst",0.0254625050292022,0,0.018096014061279,0.032855660841526
"7560001","7570000",7565000.5,"Fst",0.0250331045529529,0,0.0203660369952,0.0374523984208505
"7561001","7571000",7566000.5,"Fst",0,0,0.0189710770333733,0.0408023382321019
"7562001","7572000",7567000.5,"Fst",0,0,0.0189932263617754,0.0446713657995201
"7563001","7573000",7568000.5,"Fst",0,0,0.0217881396914097,0.0496134312924456
"7564001","7574000",7569000.5,"Fst",0.00266693707853782,0,0.0214689990575568,0.0514401889775297
"7565001","7575000",7570000.5,"Fst",0.00260441818018131,0,0.0235650033802757,0.0554234111687647
"7566001","7576000",7571000.5,"Fst",0.00291140299506409,0,0.0197673632203832,0.0466772818224179
"7567001","7577000",7572000.5,"Fst",0.00270011999990227,0,0.0189419888016337,0.044921171739606
"7568001","7578000",7573000.5,"Fst",0.00361157046300298,0,0.0187932159526934,0.0454169729641426
"7569001","7579000",7574000.5,"Fst",0.00467188378389172,0,0.0183822265243384,0.0544780939726128
"7570001","7580000",7575000.5,"Fst",0.00795965265491216,0,0.0158998584135591,0.0400412490475353
"7571001","7581000",7576000.5,"Fst",0.00841800852940855,0,0.0178397998762062,0.039446684074275
"7572001","7582000",7577000.5,"Fst",0.0100341296928327,0,0.0149210755273858,0.0275455534061951
"7573001","7583000",7578000.5,"Fst",0.00968934362852558,0,0.0156385332363671,0.0284998647928006
"7574001","7584000",7579000.5,"Fst",0.0066310830237557,0,0.0179448803088718,0.034938071932979
"7575001","7585000",7580000.5,"Fst",0.0161342003581189,0,0.0153988796729094,0.0282003213021245
"7576001","7586000",7581000.5,"Fst",0.0187667988901894,0,0.0140674655515633,0.0329975660557705
"7577001","7587000",7582000.5,"Fst",0.0191309787679249,0,0.0146843305083394,0.0322903883056839
"7578001","7588000",7583000.5,"Fst",0.0211065798694666,0,0.0145043849038373,0.0310062717954838
"7579001","7589000",7584000.5,"Fst",0.019192486345771,0,0.0145882630941785,0.0321287860581299
"7580001","7590000",7585000.5,"Fst",0.0173776892892352,0,0.0153183753861933,0.0325974613057169
"7581001","7591000",7586000.5,"Fst",0.0183330608838262,0,0.015320943298279,0.0298304619725813
"7582001","7592000",7587000.5,"Fst",0.0312143821996508,0,0.0165703673080988,0.034474613425497
"7583001","7593000",7588000.5,"Fst",0.0282240172746363,0,0.0152035973059147,0.0328317359095144
"7584001","7594000",7589000.5,"Fst",0.0304278922345482,0,0.0147096804461186,0.0289302176406976
"7585001","7595000",7590000.5,"Fst",0.0247377927057258,0,0.0171473806481462,0.0384499311970318
"7586001","7596000",7591000.5,"Fst",0.0246229450780379,0,0.0184746977779672,0.0389781999095432
"7587001","7597000",7592000.5,"Fst",0.0225091857502717,0,0.0163071697108899,0.0351634061737932
"7588001","7598000",7593000.5,"Fst",0.0181596435426759,0,0.0143553280029281,0.0311199469847582
"7589001","7599000",7594000.5,"Fst",0.0190276874655069,0,0.0144223103147513,0.0336801328767048
"7590001","7600000",7595000.5,"Fst",0.0143458404226741,0,0.0184074578290927,0.0394618834080718
"7591001","7601000",7596000.5,"Fst",0.0159141620744447,0,0.0179119319341288,0.0380055182085639
"7592001","7602000",7597000.5,"Fst",0.00104474428272527,0,0.0189472205229812,0.0380074179250325
"7593001","7603000",7598000.5,"Fst",0,0,0.0168860914129412,0.0322729517396183
"7594001","7604000",7599000.5,"Fst",0.000892706823417577,0,0.0173326655300379,0.0336122301415144
"7595001","7605000",7600000.5,"Fst",0.00088765490067988,0,0.0172438354583035,0.0334360871352239
"7596001","7606000",7601000.5,"Fst",0.000901184615282324,0,0.0165261208912132,0.0333488452729643
"7597001","7607000",7602000.5,"Fst",0.00242912157805786,0,0.0161708734562949,0.0303116074415253
"7598001","7608000",7603000.5,"Fst",0.00191001824762937,0,0.0164866026488173,0.0304029155699533
"7599001","7609000",7604000.5,"Fst",0,0,0.0161453612139781,0.0235013012907856
"7600001","7610000",7605000.5,"Fst",0.00124313939731602,0,0.0191952747456829,0.0437751830548597
"7601001","7611000",7606000.5,"Fst",0.0130326712732136,0,0.0195148412317794,0.0443735459212509
"7602001","7612000",7607000.5,"Fst",0.0131333776326328,0,0.0194927493878161,0.0460924349939359
"7603001","7613000",7608000.5,"Fst",0.017292122635634,0,0.0213637015736245,0.0515489138032263
"7604001","7614000",7609000.5,"Fst",0.0126906537660417,0,0.0215616640022972,0.0481950366013316
"7605001","7615000",7610000.5,"Fst",0.0118313733484227,0,0.0211824688746541,0.0485620726833828
"7606001","7616000",7611000.5,"Fst",0.0135719790190668,0,0.021857631927199,0.0496594404614701
"7607001","7617000",7612000.5,"Fst",0.0133245782402264,0,0.0251644294105325,0.0631616285144376
"7608001","7618000",7613000.5,"Fst",0.0149755770076626,0,0.0278141207565244,0.0687401150291824
"7609001","7619000",7614000.5,"Fst",0.0252587098599653,0,0.02516688568218,0.0529147202805997
"7610001","7620000",7615000.5,"Fst",0.0298324101690101,0,0.0222244753325402,0.0461302520352379
"7611001","7621000",7616000.5,"Fst",0,0,0.0244785515619209,0.0480686820296735
"7612001","7622000",7617000.5,"Fst",0,0,0.0373415499667073,0.120327168615203
"7613001","7623000",7618000.5,"Fst",0,0,0.0337816745155627,0.103135791207871
"7614001","7624000",7619000.5,"Fst",0.000316833665901406,0,0.0365552917164726,0.111732382861811
"7615001","7625000",7620000.5,"Fst",0.00237190427428224,0,0.0375992198841642,0.118922922965701
"7616001","7626000",7621000.5,"Fst",0.00213986374171804,0,0.0387636712672144,0.121717476001125
"7617001","7627000",7622000.5,"Fst",0.00180783846378707,0,0.037484637111356,0.117377931970207
"7618001","7628000",7623000.5,"Fst",0.00233383081348815,0,0.0361774222309763,0.11284400556517
"7619001","7629000",7624000.5,"Fst",0.00304486179571983,0,0.0342758172475535,0.109484361571065
"7620001","7630000",7625000.5,"Fst",0.0060969096564073,0,0.0341007178025999,0.110494890116053
"7621001","7631000",7626000.5,"Fst",0.0069806711582695,0,0.0342030462886896,0.108186148109373
"7622001","7632000",7627000.5,"Fst",0.0163359632595383,0,0.0209498875760803,0.0615155115433712
"7623001","7633000",7628000.5,"Fst",0.00695747852175965,0,0.0249767238376251,0.0546026900696366
"7624001","7634000",7629000.5,"Fst",0.0158227139176813,0,0.0140436515892074,0.0334056859883072
"7625001","7635000",7630000.5,"Fst",0.0303072361365212,0,0.0201570173694239,0.0318639021796917
"7626001","7636000",7631000.5,"Fst",0.0324295587453481,0,0.0196804233175216,0.0308538631442262
"7627001","7637000",7632000.5,"Fst",0.0336645525017618,0,0.0192448572829726,0.0305732286137403
"7628001","7638000",7633000.5,"Fst",0.033829775598374,0,0.0189867322576735,0.029987239341523
"7629001","7639000",7634000.5,"Fst",0.0318068358141218,0,0.0194113363272024,0.0311772194370978
"7630001","7640000",7635000.5,"Fst",0.0434097455307196,0,0.0301912754957042,0.059489471759772
"7631001","7641000",7636000.5,"Fst",0.0445679939894816,0,0.0319013880758383,0.0627108434780647
"7632001","7642000",7637000.5,"Fst",0.0497372246449738,0,0.0362471992945988,0.0696903579721834
"7633001","7643000",7638000.5,"Fst",0.049919954259577,0,0.0372793412273482,0.0713272543059777
"7634001","7644000",7639000.5,"Fst",0.0510772124739148,0,0.038120003915665,0.073650531480562
"7635001","7645000",7640000.5,"Fst",0.0480898741581797,0,0.0421361310735272,0.0894697864334181
"7636001","7646000",7641000.5,"Fst",0.0492079294384771,0,0.0495835719296656,0.100840465742951
"7637001","7647000",7642000.5,"Fst",0.051654339481322,0,0.0530355963668587,0.108112113826494
"7638001","7648000",7643000.5,"Fst",0.0539083873993592,0,0.0554230278560973,0.112487095682569
"7639001","7649000",7644000.5,"Fst",0.0567864896605419,0,0.0591938599090103,0.119975437938152
"7640001","7650000",7645000.5,"Fst",0.0118040426663046,0,0.017236465959056,0.0317541942533908
"7641001","7651000",7646000.5,"Fst",0.0113682262207018,0,0.011210908286883,0.0194662971571608
"7642001","7652000",7647000.5,"Fst",0.0169998519270432,0,0.00962776367943535,0.0191436746951381
"7643001","7653000",7648000.5,"Fst",0.0226648809642699,0,0.0291816112152873,0.0551967589969812
"7644001","7654000",7649000.5,"Fst",0.0222104648904521,0,0.0278014509464266,0.0535434636102261
"7645001","7655000",7650000.5,"Fst",0.0225529352269489,0,0.0270008443037481,0.0514411716694899
"7646001","7656000",7651000.5,"Fst",0.0266410340401392,0,0.0216412862889505,0.052038498823071
"7647001","7657000",7652000.5,"Fst",0.0261336243278616,0,0.0202057823604186,0.0486967640314828
"7648001","7658000",7653000.5,"Fst",0.0135375907303464,0,0.0287332631381082,0.0576564465828278
"7649001","7659000",7654000.5,"Fst",0.0183526102299413,0,0.0356836914765518,0.0677393273571434
"7650001","7660000",7655000.5,"Fst",0.0185980315857817,0,0.036352642968017,0.0696630642376527
"7651001","7661000",7656000.5,"Fst",0.0191559981033665,0,0.0389943723317724,0.0754455169674751
"7652001","7662000",7657000.5,"Fst",0.0185619010949419,0,0.0389971754504091,0.0755876179924785
"7653001","7663000",7658000.5,"Fst",0.0280179427020127,0,0.0377626620784093,0.073403207580423
"7654001","7664000",7659000.5,"Fst",0.0242511259371415,0,0.0329638052847284,0.0625568127945307
"7655001","7665000",7660000.5,"Fst",0.0229892931271877,0,0.0302835467055189,0.0592773118181026
"7656001","7666000",7661000.5,"Fst",0.0211336347214575,0,0.0315145322216239,0.0628027642352256
"7657001","7667000",7662000.5,"Fst",0.0209641337809848,0,0.0312707551094039,0.0621545834062029
"7658001","7668000",7663000.5,"Fst",0.0290816567546127,0,0.0281011198599812,0.0627708806122903
"7659001","7669000",7664000.5,"Fst",0.0241824424817758,0,0.0198575849636179,0.0753728924252658
"7660001","7670000",7665000.5,"Fst",0.0175503928991573,0,0.0223064832224233,0.0579237296169448
"7661001","7671000",7666000.5,"Fst",0.0519896106187416,0,0.0242302409664974,0.0582511841119364
"7662001","7672000",7667000.5,"Fst",0.051539840076215,0,0.0235009211574659,0.0566166679078313
"7663001","7673000",7668000.5,"Fst",0.0471912753703297,0,0.0249320128942881,0.0611483066373038
"7664001","7674000",7669000.5,"Fst",0.0513777431502401,0,0.0270234966964018,0.0661027644103519
"7665001","7675000",7670000.5,"Fst",0.0520236624487675,0,0.0273531127840466,0.0619073946951865
"7666001","7676000",7671000.5,"Fst",0.0493616410844928,0,0.0250319835557952,0.0615737329608523
"7667001","7677000",7672000.5,"Fst",0.049425422778436,0,0.0248848049713945,0.0618690106234465
"7668001","7678000",7673000.5,"Fst",0.0495045632618637,0,0.0249128803991315,0.0619813771790055
"7669001","7679000",7674000.5,"Fst",0.0547817126197,0,0.0273656941965794,0.0683366228580775
"7670001","7680000",7675000.5,"Fst",0.0653197719605594,0,0.028492453357516,0.081523920880834
"7671001","7681000",7676000.5,"Fst",0.0171879567377961,0,0.0209632937802608,0.0373572075484564
"7672001","7682000",7677000.5,"Fst",0.0206451538062219,0,0.0199461901818281,0.0411459123510979
"7673001","7683000",7678000.5,"Fst",0.0227675031113426,0,0.0193673294553378,0.0406863206678157
"7674001","7684000",7679000.5,"Fst",0.0215153806784762,0,0.0237063739480938,0.0623921398555384
"7675001","7685000",7680000.5,"Fst",0.00363582718085931,0,0.0398487815312099,0.105778784596295
"7676001","7686000",7681000.5,"Fst",0.00431298176924011,0,0.0427841520156685,0.114233790595154
"7677001","7687000",7682000.5,"Fst",0.0052368289845437,0,0.0412763972593944,0.109606254716876
"7678001","7688000",7683000.5,"Fst",0.00644010195412059,0,0.0402767703416389,0.106442434797477
"7679001","7689000",7684000.5,"Fst",0.00526214526214541,0,0.0412359868101603,0.108241461864477
"7680001","7690000",7685000.5,"Fst",0.00532920677238169,0,0.0426431112462417,0.111027725482565
"7681001","7691000",7686000.5,"Fst",0.00511975848036639,0,0.0412132502467547,0.107748914019911
"7682001","7692000",7687000.5,"Fst",6.1676168486513e-05,0,0.0400336328592028,0.105222630689964
"7683001","7693000",7688000.5,"Fst",0,0,0.0405295652715314,0.106056559541826
"7684001","7694000",7689000.5,"Fst",0,0,0.0367734609443811,0.106714471172373
"7685001","7695000",7690000.5,"Fst",0.00495867768595037,0,0.0148674994015451,0.0299517960933421
"7686001","7696000",7691000.5,"Fst",0.00428016552004273,0,0.0153132121752864,0.0301825656070009
"7687001","7697000",7692000.5,"Fst",0.000787064583137598,0,0.0168830199706728,0.0349181098833118
"7688001","7698000",7693000.5,"Fst",0.0142299409655392,0,0.0188780624161598,0.0340846909960898
"7689001","7699000",7694000.5,"Fst",0.0151756129887343,0,0.0161138695624606,0.0290845326699155
"7690001","7700000",7695000.5,"Fst",0.00809365515247862,0,0.0161742450170894,0.038745462702394
"7691001","7701000",7696000.5,"Fst",0.00422996525326358,0,0.0191558863892005,0.0436901585564101
"7692001","7702000",7697000.5,"Fst",0.0282186008905287,0,0.0279737879025112,0.0666370724204551
"7693001","7703000",7698000.5,"Fst",0.0276964333601502,0,0.0271848822220663,0.0654353076480737
"7694001","7704000",7699000.5,"Fst",0.0305193113737006,0,0.03007048987493,0.0839021704999037
"7695001","7705000",7700000.5,"Fst",0.0299426574021446,0,0.0300196949215831,0.0826822079258696
"7696001","7706000",7701000.5,"Fst",0.0244448704109119,0,0.027064602668521,0.0757858841659209
"7697001","7707000",7702000.5,"Fst",0.0311411530124198,0,0.0254505626492682,0.0728163421013304
"7698001","7708000",7703000.5,"Fst",0.0270201768155657,0,0.026066617346261,0.0764200297295499
"7699001","7709000",7704000.5,"Fst",0.0287240715506241,0,0.0270114350785298,0.0782782969401784
"7700001","7710000",7705000.5,"Fst",0.0327580521050896,0,0.027950314884173,0.0837068641916092
"7701001","7711000",7706000.5,"Fst",0.0364187033347911,0,0.0263989976336525,0.0630942656078868
"7702001","7712000",7707000.5,"Fst",0.0243963793067898,0,0.0274249709813072,0.0623680260254543
"7703001","7713000",7708000.5,"Fst",0.0229713839339506,0,0.0255279520735099,0.0610104815136432
"7704001","7714000",7709000.5,"Fst",0.0215539698720126,0,0.0265650429350773,0.0677285913423501
"7705001","7715000",7710000.5,"Fst",0.0231406841350461,0,0.0261517526113209,0.0676806371509904
"7706001","7716000",7711000.5,"Fst",0.0323458788345039,0,0.0235580479179588,0.0588768487507823
"7707001","7717000",7712000.5,"Fst",0.014030513305764,0,0.0148558627449387,0.0364815708073367
"7708001","7718000",7713000.5,"Fst",0.020366568914956,0,0.0135176911732076,0.0319466351530185
"7709001","7719000",7714000.5,"Fst",0.0178619472145134,0,0.0131716226669168,0.0318727768164773
"7710001","7720000",7715000.5,"Fst",0.0185838938183501,0,0.0136248964768796,0.0309113800024233
"7711001","7721000",7716000.5,"Fst",0.0139194261778469,0,0.0235959215828334,0.0726032258907342
"7712001","7722000",7717000.5,"Fst",0.0340544662940331,0,0.0223303664073836,0.0635911120824265
"7713001","7723000",7718000.5,"Fst",0.0375760867478075,0,0.0244458748731857,0.0741981658538282
"7714001","7724000",7719000.5,"Fst",0.0363975787746789,0,0.0241049998681668,0.0726580391315084
"7715001","7725000",7720000.5,"Fst",0.0352888417181767,0,0.0228842245832925,0.0670959865529485
"7716001","7726000",7721000.5,"Fst",0.0312116775367142,0,0.0214537075193624,0.0624309113943377
"7717001","7727000",7722000.5,"Fst",0.0303319601827065,0,0.0205365448780672,0.0599187109637949
"7718001","7728000",7723000.5,"Fst",0.0290888658367912,0,0.0216365672671652,0.0638540846830242
"7719001","7729000",7724000.5,"Fst",0.0236902912857506,0,0.0209982545069908,0.0533218229658979
"7720001","7730000",7725000.5,"Fst",0.0255336752202789,0,0.0210065523454769,0.0517879440647864
"7721001","7731000",7726000.5,"Fst",0.0308940014941116,0,0.0197615287770403,0.0406042128603105
"7722001","7732000",7727000.5,"Fst",0.0155023923444977,0,0.0199308006751766,0.0410191799589
"7723001","7733000",7728000.5,"Fst",0.0135191729512449,0,0.018101799190967,0.0349830041772058
"7724001","7734000",7729000.5,"Fst",0.0121664165993408,0,0.0181320924096483,0.0325947658571286
"7725001","7735000",7730000.5,"Fst",0.00953987236638199,0,0.0181458638588704,0.0329573951616452
"7726001","7736000",7731000.5,"Fst",0.0066174584961759,0,0.0191514083145638,0.0358330157887451
"7727001","7737000",7732000.5,"Fst",0.00555403903668727,0,0.0212945966863386,0.0417106372934245
"7728001","7738000",7733000.5,"Fst",0.00222635783920777,0,0.0224068609520799,0.0464402486170786
"7729001","7739000",7734000.5,"Fst",0.00320704966580465,0,0.0254296975898767,0.0505972473325043
"7730001","7740000",7735000.5,"Fst",0,0,0.0264462335897519,0.0514388747285943
"7731001","7741000",7736000.5,"Fst",0.00644190893659091,0,0.0278029941080935,0.051590239337718
"7732001","7742000",7737000.5,"Fst",0.00746252697103367,0,0.0266543616956807,0.050529314606866
"7733001","7743000",7738000.5,"Fst",0.00753994229883392,0,0.0287602840001786,0.055805656254181
"7734001","7744000",7739000.5,"Fst",0.00992980653997622,0,0.0297249154264254,0.0625748375865142
"7735001","7745000",7740000.5,"Fst",0.0120135030408114,0,0.0259730659494128,0.0586543920214805
"7736001","7746000",7741000.5,"Fst",0.0215110855994833,0,0.0158535337561911,0.0379816041680067
"7737001","7747000",7742000.5,"Fst",0.0189540314551443,0,0.0166674687614125,0.0415000584590204
"7738001","7748000",7743000.5,"Fst",0.0181829063595828,0,0.0214509425824075,0.0607473482212523
"7739001","7749000",7744000.5,"Fst",0.0185307357752121,0,0.0218164667559471,0.0611028921184696
"7740001","7750000",7745000.5,"Fst",0.0186062985313521,0,0.0212971530291544,0.0610407632263661
"7741001","7751000",7746000.5,"Fst",0.00985376801111992,0,0.0219021051422447,0.0664645694752403
"7742001","7752000",7747000.5,"Fst",0.00789402904787517,0,0.0232445824357269,0.0687096864527813
"7743001","7753000",7748000.5,"Fst",0.0242382682625629,0,0.0233578944414727,0.0632447703393328
"7744001","7754000",7749000.5,"Fst",0.0243596182822703,0,0.0239232397449007,0.0662587008180346
"7745001","7755000",7750000.5,"Fst",0.0247212234166054,0,0.0241119976369653,0.066938780468546
"7746001","7756000",7751000.5,"Fst",0.0065204331325921,0,0.0291283030468192,0.0723586039053115
"7747001","7757000",7752000.5,"Fst",0.00797622718478985,0,0.0473898822666743,0.135054848493438
"7748001","7758000",7753000.5,"Fst",0.00321380240300007,0,0.0414567473234051,0.0969273181156395
"7749001","7759000",7754000.5,"Fst",0.00160013713230978,0,0.0361002658483158,0.0746759632143235
"7750001","7760000",7755000.5,"Fst",0.00073182899434876,0,0.0345103638588588,0.0710185009119467
"7751001","7761000",7756000.5,"Fst",0.000565827572891475,0,0.0345968159764149,0.0712991550163303
"7752001","7762000",7757000.5,"Fst",0.000581605868607893,0,0.034649868778854,0.0714172092120759
"7753001","7763000",7758000.5,"Fst",0,0,0.0350581212065318,0.0723633993661329
"7754001","7764000",7759000.5,"Fst",0,0,0.0347250071115338,0.0718053130153707
"7755001","7765000",7760000.5,"Fst",5.14401611306781e-06,0,0.0342553102394304,0.0703216970133899
"7756001","7766000",7761000.5,"Fst",0.00069486682293074,0,0.0369569868692433,0.0723709132901397
"7757001","7767000",7762000.5,"Fst",0,0,0.0363663313165304,0.0603575166316239
"7758001","7768000",7763000.5,"Fst",0,0,0.0368338953967474,0.0733510593411275
"7759001","7769000",7764000.5,"Fst",0,0,0.0422686323821178,0.0802460163259086
"7760001","7770000",7765000.5,"Fst",0.0159832701715954,0,0.0258483044499603,0.0534231035129642
"7761001","7771000",7766000.5,"Fst",0.0159832701715954,0,0.0258483044499603,0.0534231035129642
"7762001","7772000",7767000.5,"Fst",0.0159832701715954,0,0.0258483044499603,0.0534231035129642
"7763001","7773000",7768000.5,"Fst",0.0159832701715954,0,0.0258483044499603,0.0534231035129642
"7764001","7774000",7769000.5,"Fst",0.0234998453481908,0,0.0310621846437492,0.0676816222208432
"7765001","7775000",7770000.5,"Fst",0,0,0.0386343287692068,0.10297194578508
"7766001","7776000",7771000.5,"Fst",0,0,0.0386343287692068,0.10297194578508
"7767001","7777000",7772000.5,"Fst",0,0,0,0
"7768001","7778000",7773000.5,"Fst",0,0,0,0
"7769001","7779000",7774000.5,"Fst",0,0,0,0
"7770001","7780000",7775000.5,"Fst",0,0,0,0
"7771001","7781000",7776000.5,"Fst",0,0,0,0
"7772001","7782000",7777000.5,"Fst",0,0,0,0
"7773001","7783000",7778000.5,"Fst",0,0,0,0
"7774001","7784000",7779000.5,"Fst",0,0,0,0
"7775001","7785000",7780000.5,"Fst",0.00741901776384535,0,0.00946674609775625,0.0204064038658165
"7776001","7786000",7781000.5,"Fst",0.0106672549730272,0,0.00789364850285727,0.0153602623486233
"7777001","7787000",7782000.5,"Fst",0.013165688082833,0,0.00942880652064099,0.0171379386792141
"7778001","7788000",7783000.5,"Fst",0.0105048101478795,0,0.0101755412507436,0.0236459592197246
"7779001","7789000",7784000.5,"Fst",0.00714751069213126,0,0.0101315865588155,0.0222644197758265
"7780001","7790000",7785000.5,"Fst",0.00603773872041413,0,0.0106245335666831,0.0237593055697679
"7781001","7791000",7786000.5,"Fst",0.00547696771853468,0,0.0118841036827142,0.0262573069325537
"7782001","7792000",7787000.5,"Fst",0.00511650624574078,0,0.0123323767177796,0.0271726222314222
"7783001","7793000",7788000.5,"Fst",0.00470676501800515,0,0.0123419210568011,0.0313129913250237
"7784001","7794000",7789000.5,"Fst",0.00462252458149293,0,0.0117396216812899,0.0308649879996322
"7785001","7795000",7790000.5,"Fst",0.00393109717288076,0,0.0131354785373687,0.0337628461228695
"7786001","7796000",7791000.5,"Fst",0.00192382146869496,0,0.0122078443400058,0.0352359789657321
"7787001","7797000",7792000.5,"Fst",0.000378304137497509,0,0.0122835628222376,0.0328261571045845
"7788001","7798000",7793000.5,"Fst",0.00208880083417573,0,0.0115162931423939,0.0268279952432543
"7789001","7799000",7794000.5,"Fst",0.00349172375759033,0,0.0108067496414153,0.0202335161515487
"7790001","7800000",7795000.5,"Fst",0.00629122649983538,0,0.0100790313521742,0.0169797312775626
"7791001","7801000",7796000.5,"Fst",0.00691663531903375,0,0.00977526358963072,0.0192507655537155
"7792001","7802000",7797000.5,"Fst",0.00764511349501373,0,0.00951630373933347,0.0188241192017407
"7793001","7803000",7798000.5,"Fst",0.00790154251257391,0,0.00972789824765595,0.0181646741243739
"7794001","7804000",7799000.5,"Fst",0.00793014161172112,0,0.00954927156750426,0.017031561596547
"7795001","7805000",7800000.5,"Fst",0.00819610948339955,0,0.00944137648494245,0.0166801964335932
"7796001","7806000",7801000.5,"Fst",0.00844593888064682,0,0.00900985014616165,0.0158906600922205
"7797001","7807000",7802000.5,"Fst",0.00903503123974714,0,0.00847005735952878,0.013560589332704
"7798001","7808000",7803000.5,"Fst",0.00707002992995953,0,0.00727896850894989,0.0129549873448555
"7799001","7809000",7804000.5,"Fst",0.0081050522615177,0,0.00742803382409056,0.0106623962534331
"7800001","7810000",7805000.5,"Fst",0.00516057208694365,0,0.00664648286629003,0.0122025222982661
"7801001","7811000",7806000.5,"Fst",0.0046958887234716,0,0.00655069048057527,0.0128220143250002
"7802001","7812000",7807000.5,"Fst",0.00393551016135596,0,0.00620335896411879,0.0122107749368215
"7803001","7813000",7808000.5,"Fst",0.00635955949093336,0,0.00649524179777563,0.00990706704818167
"7804001","7814000",7809000.5,"Fst",0.00897940609937276,0,0.00787793491561941,0.0132412240450249
"7805001","7815000",7810000.5,"Fst",0.00960450355627152,0,0.0081940827482095,0.0136876069751198
"7806001","7816000",7811000.5,"Fst",0.0107967271296472,0,0.00837936011359193,0.0147140719765935
"7807001","7817000",7812000.5,"Fst",0.0124919277252359,0,0.0100786398349008,0.0187927372995315
"7808001","7818000",7813000.5,"Fst",0.0150840926225894,0,0.0126918331604208,0.0224095278938427
"7809001","7819000",7814000.5,"Fst",0.0164396689869412,0,0.0124602045353341,0.0266629095050865
"7810001","7820000",7815000.5,"Fst",0.0183497536322461,0,0.0128562990707659,0.0275535885499986
"7811001","7821000",7816000.5,"Fst",0.0187229097993939,0,0.0134363543058654,0.0281257332910069
"7812001","7822000",7817000.5,"Fst",0.0188652087376586,0,0.0135250590559439,0.0284036084954604
"7813001","7823000",7818000.5,"Fst",0.0185119280211896,0,0.0138817917819604,0.029515184146422
"7814001","7824000",7819000.5,"Fst",0.018284916970329,0,0.0136443837654968,0.0288483703175968
"7815001","7825000",7820000.5,"Fst",0.0188031982930826,0,0.0141467412718801,0.0299832701501034
"7816001","7826000",7821000.5,"Fst",0.0217249613894527,0,0.0159013922601663,0.0345042085641752
"7817001","7827000",7822000.5,"Fst",0.0221894388376125,0,0.0160818839087399,0.0347522577045216
"7818001","7828000",7823000.5,"Fst",0.0234062244247285,0,0.0147742525860601,0.0325372548978734
"7819001","7829000",7824000.5,"Fst",0.0268324226744577,0,0.0140209679267445,0.0240324223580752
"7820001","7830000",7825000.5,"Fst",0.019128802877912,0,0.0186338730069035,0.0365624059518893
"7821001","7831000",7826000.5,"Fst",0.0226149694294993,0,0.0245619535622435,0.0484197903906898
"7822001","7832000",7827000.5,"Fst",0.0291717510677242,0,0.0307078452867277,0.0625932716496824
"7823001","7833000",7828000.5,"Fst",0.0298357559333169,0,0.0295046717180036,0.0608996199815537
"7824001","7834000",7829000.5,"Fst",0.0292670436180617,0,0.0301422717622986,0.0624310050591242
"7825001","7835000",7830000.5,"Fst",0.0282130729132871,0,0.0284140082580583,0.0917492401215806
"7826001","7836000",7831000.5,"Fst",0.0282683410024495,0,0.0259241602948814,0.0930048207212218
"7827001","7837000",7832000.5,"Fst",0.0285747189681316,0,0.0262055814030272,0.0940577054841036
"7828001","7838000",7833000.5,"Fst",0.026046741016801,0,0.029118796627647,0.0996351799870165
"7829001","7839000",7834000.5,"Fst",0.0242842244672071,0,0.0268692585981657,0.0925104908886693
"7830001","7840000",7835000.5,"Fst",0.0192305235472682,0,0.0367909510265364,0.119963653296027
"7831001","7841000",7836000.5,"Fst",0.0147382582867769,0,0.0323215082926351,0.109393366329012
"7832001","7842000",7837000.5,"Fst",0.0150837307741074,0,0.03174548759894,0.108397603815051
"7833001","7843000",7838000.5,"Fst",0.0137018804166817,0,0.0314972478121367,0.107005950801773
"7834001","7844000",7839000.5,"Fst",0.011833752545215,0,0.0289402201132784,0.0991855376438199
"7835001","7845000",7840000.5,"Fst",0.00432390579111819,0,0.0198948940665349,0.0650351259364177
"7836001","7846000",7841000.5,"Fst",0,0,0.0209948210403985,0.0611090518200015
"7837001","7847000",7842000.5,"Fst",0,0,0.0207895093756433,0.0504724176314281
"7838001","7848000",7843000.5,"Fst",0,0,0.0195351543743969,0.0444542448366273
"7839001","7849000",7844000.5,"Fst",0,0,0.0211159123375099,0.0352351143732033
"7840001","7850000",7845000.5,"Fst",0.00399709809706805,0,0.0205656991696567,0.0316111728532266
"7841001","7851000",7846000.5,"Fst",0.0110224882898384,0,0.0190951682029723,0.0329228515865395
"7842001","7852000",7847000.5,"Fst",0.0093113993461984,0,0.0233566174561066,0.0382627176744825
"7843001","7853000",7848000.5,"Fst",0.00982422085624957,0,0.0343629026326826,0.043192209727952
"7844001","7854000",7849000.5,"Fst",0.0109551783580727,0,0.0349031477135099,0.0412572911795306
"7845001","7855000",7850000.5,"Fst",0.0115333073963603,0,0.0338572736940441,0.0393058562347456
"7846001","7856000",7851000.5,"Fst",0.0113811439209187,0,0.0346372006368313,0.0401469167729982
"7847001","7857000",7852000.5,"Fst",0.0133119732876671,0,0.0396819591410723,0.0466512699420735
"7848001","7858000",7853000.5,"Fst",0.0118602442333785,0,0.0431599666751154,0.0498850094083213
"7849001","7859000",7854000.5,"Fst",0.0142372583286621,0,0.0417492989085125,0.0485650010225647
"7850001","7860000",7855000.5,"Fst",0.00911777877295117,0,0.0395084521341399,0.047016776251207
"7851001","7861000",7856000.5,"Fst",0.0128858945932117,0,0.0310605723955164,0.0401996936737821
"7852001","7862000",7857000.5,"Fst",0.015460692438296,0,0.0212823245828616,0.0332545691061265
"7853001","7863000",7858000.5,"Fst",0.0166914043574223,0,0.0168497347069458,0.0326161826015423
"7854001","7864000",7859000.5,"Fst",0.0184014332774662,0,0.0176989849257653,0.0347317502318174
"7855001","7865000",7860000.5,"Fst",0.0193433298567772,0,0.0184732624168871,0.0363911850669727
"7856001","7866000",7861000.5,"Fst",0.0187484947653251,0,0.0183502210661619,0.0381675993558662
"7857001","7867000",7862000.5,"Fst",0.0161738580224379,0,0.0213747284584495,0.0471548606967384
"7858001","7868000",7863000.5,"Fst",0.0166566325506724,0,0.021278521001995,0.0466954164054771
"7859001","7869000",7864000.5,"Fst",0.0125349650349651,0,0.0201014557196577,0.0471142539732462
"7860001","7870000",7865000.5,"Fst",0.015004262574595,0,0.0187385741351787,0.0442634285919516
"7861001","7871000",7866000.5,"Fst",0.00871584110662993,0,0.0212102927893816,0.0473450243179188
"7862001","7872000",7867000.5,"Fst",0.00769404724628597,0,0.0237714890854165,0.0532098952800122
"7863001","7873000",7868000.5,"Fst",0.00611866880926382,0,0.0276515831135361,0.078465874646701
"7864001","7874000",7869000.5,"Fst",0.00119931236727666,0,0.0276865161781659,0.0618250659185078
"7865001","7875000",7870000.5,"Fst",0.000118049817022903,0,0.0293826075225549,0.0662626720670026
"7866001","7876000",7871000.5,"Fst",0,0,0.0308232699111217,0.0571193102573856
"7867001","7877000",7872000.5,"Fst",0.00550988286362819,0,0.0252507984690722,0.0546264255978139
"7868001","7878000",7873000.5,"Fst",0.00567776830050448,0,0.0252518170634591,0.0546264255978139
"7869001","7879000",7874000.5,"Fst",0.00692650700742259,0,0.0264618273433334,0.0571058886813165
"7870001","7880000",7875000.5,"Fst",0.00804740075731114,0,0.0252296081656068,0.05562614296521
"7871001","7881000",7876000.5,"Fst",0.00761917539681645,0,0.023337334847357,0.0571658274290985
"7872001","7882000",7877000.5,"Fst",0.0131594125737611,0,0.0219499145771189,0.049389720168235
"7873001","7883000",7878000.5,"Fst",0.0128323504204063,0,0.0223790896119004,0.0497319840837226
"7874001","7884000",7879000.5,"Fst",0.0187263099557853,0,0.0237075729763129,0.0630447043752073
"7875001","7885000",7880000.5,"Fst",0.0196680657836309,0,0.0243525750313456,0.0648909192280714
"7876001","7886000",7881000.5,"Fst",0.0286288355917468,0,0.0216991253482415,0.0457629367771248
"7877001","7887000",7882000.5,"Fst",0.0239522988668155,0,0.0205783983741472,0.0423824451410658
"7878001","7888000",7883000.5,"Fst",0.0211773112014951,0,0.0197472211932723,0.0415662981906177
"7879001","7889000",7884000.5,"Fst",0.0287702276428318,0,0.0222124388529061,0.0504437393663494
"7880001","7890000",7885000.5,"Fst",0.0334943491830927,0,0.0231375007905528,0.0839520261595691
"7881001","7891000",7886000.5,"Fst",0.0339128150448906,0,0.0234721548678692,0.0851197336976597
"7882001","7892000",7887000.5,"Fst",0.0259974699989742,0,0.0298975554893156,0.0984000555489605
"7883001","7893000",7888000.5,"Fst",0.027988134705985,0,0.0304955330166261,0.102178126971383
"7884001","7894000",7889000.5,"Fst",0.030328372174625,0,0.0283225441161559,0.0848187492912873
"7885001","7895000",7890000.5,"Fst",0.0294855790125853,0,0.0272044952767954,0.0812405937380117
"7886001","7896000",7891000.5,"Fst",0.0508438471884948,0,0.0269590530829355,0.0669527058344127
"7887001","7897000",7892000.5,"Fst",0.0404436204018668,0,0.021576129677254,0.0520613403080765
"7888001","7898000",7893000.5,"Fst",0.0368574500264217,0,0.0226222468895699,0.0493071419131944
"7889001","7899000",7894000.5,"Fst",0.0368174143994447,0,0.023050415598139,0.0471353311240379
"7890001","7900000",7895000.5,"Fst",0.0319884944364545,0,0.0220875669163064,0.0463108952680852
"7891001","7901000",7896000.5,"Fst",0.0305390952449777,0,0.0210555312833567,0.0440184361584779
"7892001","7902000",7897000.5,"Fst",0.0315347379006419,0,0.02052441723559,0.0409079209079208
"7893001","7903000",7898000.5,"Fst",0.0315089402529437,0,0.0204087560944555,0.0409008627782871
"7894001","7904000",7899000.5,"Fst",0.0296983979623415,0,0.0207674501492808,0.0425104972070701
"7895001","7905000",7900000.5,"Fst",0.0296696177931333,0,0.0210449668623747,0.0425449826869566
"7896001","7906000",7901000.5,"Fst",0.0146878392365757,0,0.0202773087188821,0.0410560009998628
"7897001","7907000",7902000.5,"Fst",0.0181992198262736,0,0.0198780352980425,0.0430017660767695
"7898001","7908000",7903000.5,"Fst",0.0219666585642522,0,0.0182162347976873,0.0405377893038041
"7899001","7909000",7904000.5,"Fst",0.00611172644912095,0,0.016680350104828,0.0271214937038645
"7900001","7910000",7905000.5,"Fst",0,0,0.0300712864642675,0.0831177491523003
"7901001","7911000",7906000.5,"Fst",0,0,0.0308974496791362,0.0837437241716554
"7902001","7912000",7907000.5,"Fst",0,0,0.0309667400219598,0.0798723537776472
"7903001","7913000",7908000.5,"Fst",0,0,0.0307312325359882,0.0726903838436305
"7904001","7914000",7909000.5,"Fst",0,0,0.0315380194466208,0.0741479878989306
"7905001","7915000",7910000.5,"Fst",0.00353002318701523,0,0.0283249016920304,0.068208832403767
"7906001","7916000",7911000.5,"Fst",0.00353235323532364,0,0.0283076003927663,0.0682650073206441
"7907001","7917000",7912000.5,"Fst",0.00296021438878591,0,0.0292882794435839,0.0695465453074109
"7908001","7918000",7913000.5,"Fst",0.00197914675840394,0,0.030465767561678,0.071934078469636
"7909001","7919000",7914000.5,"Fst",0.00307770694064191,0,0.0298032364842427,0.0743537754057995
"7910001","7920000",7915000.5,"Fst",0.00690345695893713,0,0.0238295415770961,0.0444672100723057
"7911001","7921000",7916000.5,"Fst",0.0107596903964822,0,0.0231310097656153,0.0470867953730856
"7912001","7922000",7917000.5,"Fst",0.015692354726705,0,0.0259052182612607,0.0550231377817585
"7913001","7923000",7918000.5,"Fst",0.0208554072190437,0,0.0285657721507267,0.065800865800866
"7914001","7924000",7919000.5,"Fst",0.0206307831492577,0,0.0294175298252361,0.0676720966894377
"7915001","7925000",7920000.5,"Fst",0.000422455114144071,0,0.0344567761991997,0.0742601712587071
"7916001","7926000",7921000.5,"Fst",0.000440155747418292,0,0.0358974779127609,0.0772283166649363
"7917001","7927000",7922000.5,"Fst",0.0329998619617415,0,0.0289046948389409,0.0766634693950052
"7918001","7928000",7923000.5,"Fst",0.0329445725807621,0,0.0289059348206826,0.0764126424327407
"7919001","7929000",7924000.5,"Fst",0.0355743337357228,0,0.0302783936033744,0.0816640731302106
"7920001","7930000",7925000.5,"Fst",0.0532657657657657,0,0.0287649540428549,0.0718215143184681
"7921001","7931000",7926000.5,"Fst",0.0509468295408995,0,0.0288108075810149,0.0658453181422798
"7922001","7932000",7927000.5,"Fst",0.0508319387535013,0,0.0285808992782945,0.0697522166592746
"7923001","7933000",7928000.5,"Fst",0.0574872210378496,0,0.0255999878223942,0.0599037804090401
"7924001","7934000",7929000.5,"Fst",0.0571214373954833,0,0.0239764681338704,0.0556131831408796
"7925001","7935000",7930000.5,"Fst",0.0608713965247341,0,0.0235427847527842,0.0506319102321523
"7926001","7936000",7931000.5,"Fst",0.0588716559320783,0,0.0226416905846866,0.0490507475104281
"7927001","7937000",7932000.5,"Fst",0.0450576699149463,0,0.0226080973798587,0.0482534575223499
"7928001","7938000",7933000.5,"Fst",0.0442691788957205,0,0.020995746055421,0.04483748768836
"7929001","7939000",7934000.5,"Fst",0.0413423891256788,0,0.0192606406217438,0.0428392911835705
"7930001","7940000",7935000.5,"Fst",0.0432201213832051,0,0.020851656807255,0.04483748768836
"7931001","7941000",7936000.5,"Fst",0.0429041863723945,0,0.0222831219775086,0.0456041900486345
"7932001","7942000",7937000.5,"Fst",0.0429410683003785,0,0.0222593768719239,0.0499499204619102
"7933001","7943000",7938000.5,"Fst",0.0330555067112126,0,0.0252088863972383,0.0617370317254888
"7934001","7944000",7939000.5,"Fst",0.0280505590666018,0,0.0259545247594881,0.0533328687410711
"7935001","7945000",7940000.5,"Fst",0.00700329451674975,0,0.0166769374963118,0.0339769088968661
"7936001","7946000",7941000.5,"Fst",0,0,0.0178158405294932,0.0282263191354101
"7937001","7947000",7942000.5,"Fst",0,0,0.0202826829922445,0.0303030303030303
"7938001","7948000",7943000.5,"Fst",0,0,0.020680159883252,0.0296334059003023
"7939001","7949000",7944000.5,"Fst",0,0,0.0221553364064438,0.0331983688532627
"7940001","7950000",7945000.5,"Fst",0.00177034790541708,0,0.019589985043811,0.0348190118733985
"7941001","7951000",7946000.5,"Fst",0.00188295765967772,0,0.0208939636938201,0.0369768511421125
"7942001","7952000",7947000.5,"Fst",0.0018384094429722,0,0.0204619877231506,0.0361240077879288
"7943001","7953000",7948000.5,"Fst",0.00172610676379026,0,0.0192852016981886,0.0339694387719176
"7944001","7954000",7949000.5,"Fst",0.00765661252900229,0,0.016985262465136,0.035411744564287
"7945001","7955000",7950000.5,"Fst",0.0101170252925632,0,0.0174533710969881,0.0371663656431869
"7946001","7956000",7951000.5,"Fst",0.0137619617224879,0,0.0173016509029783,0.0266091455412857
"7947001","7957000",7952000.5,"Fst",0.0137987182035918,0,0.0163186023881696,0.0259486866380856
"7948001","7958000",7953000.5,"Fst",0.0276395422262899,0,0.0225447032392609,0.041972499905322
"7949001","7959000",7954000.5,"Fst",0.0209334518131645,0,0.0229088061653028,0.043619687516664
"7950001","7960000",7955000.5,"Fst",0.0212391052106101,0,0.0228005111650741,0.0502618535738114
"7951001","7961000",7956000.5,"Fst",0.0214733424726672,0,0.0230497129188613,0.0507927886467742
"7952001","7962000",7957000.5,"Fst",0.0205785548812647,0,0.0227546079131248,0.0500704086573285
"7953001","7963000",7958000.5,"Fst",0.0215419881471542,0,0.0239173622889543,0.0522230101938729
"7954001","7964000",7959000.5,"Fst",0.0162459812572678,0,0.0262453963749262,0.0592622265316449
"7955001","7965000",7960000.5,"Fst",0.0152439457929838,0,0.0273458187607935,0.0617691697068657
"7956001","7966000",7961000.5,"Fst",0.0177259887005651,0,0.0250040414062051,0.0623394950685442
"7957001","7967000",7962000.5,"Fst",0.0197562081057229,0,0.0246644074482853,0.0600292490154818
"7958001","7968000",7963000.5,"Fst",0,0,0.0267096033322092,0.0647911840713414
"7959001","7969000",7964000.5,"Fst",0.0173512426189087,0,0.0319488212191939,0.0685540445920533
"7960001","7970000",7965000.5,"Fst",0.0165021749460832,0,0.0320795583410692,0.0682750096808246
"7961001","7971000",7966000.5,"Fst",0.0159956773227747,0,0.0311709089190897,0.066251618200021
"7962001","7972000",7967000.5,"Fst",0.0167764602547212,0,0.0311222332370964,0.0664675111209673
"7963001","7973000",7968000.5,"Fst",0.0118231495280676,0,0.0269353653793574,0.0500238536200212
"7964001","7974000",7969000.5,"Fst",0.0139656819438757,0,0.0249060799869166,0.0426331417799179
"7965001","7975000",7970000.5,"Fst",0.0129567076255281,0,0.0225619301260677,0.0421701000920172
"7966001","7976000",7971000.5,"Fst",0.0102675500524961,0,0.0202996633564549,0.0407153460097548
"7967001","7977000",7972000.5,"Fst",0.00881012288954519,0,0.0204429566227331,0.0420659175131026
"7968001","7978000",7973000.5,"Fst",0.0126584022038566,0,0.0202185450847153,0.0392485641306083
"7969001","7979000",7974000.5,"Fst",0.00803341331200569,0,0.0187850099240443,0.0442646772729576
"7970001","7980000",7975000.5,"Fst",0.00926916221033869,0,0.0176222997705705,0.0435974936747551
"7971001","7981000",7976000.5,"Fst",0.010165788536631,0,0.0176021783008569,0.0437849442914506
"7972001","7982000",7977000.5,"Fst",0.0136735304623167,0,0.0206038492033231,0.0479701184639462
"7973001","7983000",7978000.5,"Fst",0.0156611411429398,0,0.0200487387695633,0.0488064927810938
"7974001","7984000",7979000.5,"Fst",0.0153357171235597,0,0.0205506372788649,0.0507040132366903
"7975001","7985000",7980000.5,"Fst",0.0169252437226294,0,0.0225373559243402,0.0570207074394204
"7976001","7986000",7981000.5,"Fst",0.0197909900053563,0,0.0241318977641612,0.0600139402459626
"7977001","7987000",7982000.5,"Fst",0.0196368697412538,0,0.0239487247556432,0.0610051082926207
"7978001","7988000",7983000.5,"Fst",0.0143680212104217,0,0.0234149191642106,0.0610586139213863
"7979001","7989000",7984000.5,"Fst",0.00914814299194089,0,0.0225930298275486,0.0562811049133238
"7980001","7990000",7985000.5,"Fst",0.0093897278543208,0,0.0229849323275009,0.0538221367574385
"7981001","7991000",7986000.5,"Fst",0.0106869067321044,0,0.0222502714543211,0.0498614958448753
"7982001","7992000",7987000.5,"Fst",0.00659084910866381,0,0.0189787931607113,0.039701676260816
"7983001","7993000",7988000.5,"Fst",0.00660496396271415,0,0.0200789766383956,0.0436420928953888
"7984001","7994000",7989000.5,"Fst",0.00923104614237413,0,0.0190921204896064,0.0394769147951447
"7985001","7995000",7990000.5,"Fst",0.00734829208111643,0,0.0187404052961341,0.043626228479584
"7986001","7996000",7991000.5,"Fst",0.00603953943080604,0,0.0180387226449453,0.0410723859887782
"7987001","7997000",7992000.5,"Fst",0.00596694569650136,0,0.0178839004056908,0.0407302623122376
"7988001","7998000",7993000.5,"Fst",0.00637752787027157,0,0.0195305603919642,0.044588338081777
"7989001","7999000",7994000.5,"Fst",0.0128399063569242,0,0.0122428860646064,0.0238655736367716
"7990001","8e+06",7995000.5,"Fst",0.0119658119658119,0,0.0128351380155661,0.0215276332575244
"7991001","8001000",7996000.5,"Fst",0.0155338697711578,0,0.0201831281086258,0.0496748954012807
"7992001","8002000",7997000.5,"Fst",0.0152799986534481,0,0.0205634582640844,0.0459598281467567
"7993001","8003000",7998000.5,"Fst",0.0166414141414142,0,0.0202387972986713,0.0463956569087985
"7994001","8004000",7999000.5,"Fst",0.0132350532350531,0,0.018661661672496,0.0384497014711012
"7995001","8005000",8000000.5,"Fst",0.0114157543197985,0,0.0194166068374104,0.0381189326308601
"7996001","8006000",8001000.5,"Fst",0.0119348813797305,0,0.022013674565779,0.0502100295597159
"7997001","8007000",8002000.5,"Fst",0.0116946668760139,0,0.0218950962759286,0.0494189539893378
"7998001","8008000",8003000.5,"Fst",0.0111626120358514,0,0.0213510490930846,0.0486166551961459
"7999001","8009000",8004000.5,"Fst",0.00931932389218837,0,0.0232497156313871,0.048276954186106
"8000001","8010000",8005000.5,"Fst",0.00919691486639618,0,0.0229037099109271,0.0475192441428263
"8001001","8011000",8006000.5,"Fst",0.00436465825570886,0,0.0239566732297172,0.0595076176920238
"8002001","8012000",8007000.5,"Fst",0.00119939135364133,0,0.0236865089754413,0.0485774132443949
"8003001","8013000",8008000.5,"Fst",0,0,0.0238846916493281,0.0492211838006232
"8004001","8014000",8009000.5,"Fst",0,0,0.0265124050579211,0.0558908444198077
"8005001","8015000",8010000.5,"Fst",0,0,0.0272024129773951,0.0624336075991705
"8006001","8016000",8011000.5,"Fst",0,0,0.0204565383559179,0.0501937351978775
"8007001","8017000",8012000.5,"Fst",0,0,0.0207181044230133,0.0525211807100665
"8008001","8018000",8013000.5,"Fst",0,0,0.0212126417912348,0.0410841034635248
"8009001","8019000",8014000.5,"Fst",0.00136954438458881,0,0.0218629942327553,0.0429253590427947
"8010001","8020000",8015000.5,"Fst",0.00188821059964439,0,0.0211550561770377,0.0416523727844482
"8011001","8021000",8016000.5,"Fst",0.00195014815445926,0,0.0219728077307632,0.0430746489283074
"8012001","8022000",8017000.5,"Fst",7.08746425364115e-05,0,0.0340670217353803,0.0930803116524792
"8013001","8023000",8018000.5,"Fst",0.00337620812440964,0,0.035520489570205,0.0823536794544617
"8014001","8024000",8019000.5,"Fst",0.00302567257380615,0,0.0322145790742779,0.074538561691047
"8015001","8025000",8020000.5,"Fst",0.0111215245235863,0,0.0300534998763223,0.0455068349891686
"8016001","8026000",8021000.5,"Fst",0.0151045766852572,0,0.0278134985519613,0.0502080810462279
"8017001","8027000",8022000.5,"Fst",0.0152873008569837,0,0.0281412691537123,0.0508373300925223
"8018001","8028000",8023000.5,"Fst",0.0166745732524363,0,0.0279530862063845,0.0558318832252147
"8019001","8029000",8024000.5,"Fst",0.0164375582001141,0,0.027562987353934,0.0549901965434274
"8020001","8030000",8025000.5,"Fst",0.0236375063384255,0,0.0244863740674147,0.0501743808085285
"8021001","8031000",8026000.5,"Fst",0.0123888082770802,0,0.0268754339500595,0.0457878345574747
"8022001","8032000",8027000.5,"Fst",0.0167191448986961,0,0.0268711377108256,0.054688966164376
"8023001","8033000",8028000.5,"Fst",0.0206245270700333,0,0.0272307128546001,0.0532776278232772
"8024001","8034000",8029000.5,"Fst",0.019057652911911,0,0.0276005823882478,0.0511855644288298
"8025001","8035000",8030000.5,"Fst",0.0169220040044092,0,0.0290059489855182,0.0588868248793185
"8026001","8036000",8031000.5,"Fst",0.0142650701144,0,0.0269978983063734,0.0623784888814718
"8027001","8037000",8032000.5,"Fst",0.0189177881119936,0,0.0253770787750742,0.0589786817310947
"8028001","8038000",8033000.5,"Fst",0.0189028130450725,0,0.025377578983355,0.0589786817310947
"8029001","8039000",8034000.5,"Fst",0.0191299583151266,0,0.0256754331278702,0.0596122354754383
"8030001","8040000",8035000.5,"Fst",0.0114964823592643,0,0.024659455481722,0.0457858985586139
"8031001","8041000",8036000.5,"Fst",0.0438228438228437,0,0.0190993769129496,0.0342050166739161
"8032001","8042000",8037000.5,"Fst",0.0435991320857065,0,0.0155142473390298,0.0271956486962086
"8033001","8043000",8038000.5,"Fst",0.0387057164946109,0,0.0158084232346293,0.0293078469298744
"8034001","8044000",8039000.5,"Fst",0.0515413879050243,0,0.017109516277109,0.0251296232284826
"8035001","8045000",8040000.5,"Fst",0.0539663299663298,0,0.0153626870835584,0.0268289345063538
"8036001","8046000",8041000.5,"Fst",0.0381821994319373,0,0.026236122990142,0.047709305030643
"8037001","8047000",8042000.5,"Fst",0.0321258063114239,0,0.0249746485896932,0.0500680966973102
"8038001","8048000",8043000.5,"Fst",0.0340281366637956,0,0.0227364663471847,0.0483733844041484
"8039001","8049000",8044000.5,"Fst",0.0347374089995479,0,0.0212371925827164,0.0485646177106231
"8040001","8050000",8045000.5,"Fst",0.0245100850779084,0,0.0204594048313148,0.039315764318821
"8041001","8051000",8046000.5,"Fst",0.00976632249048992,0,0.0224202723886744,0.0460139316148651
"8042001","8052000",8047000.5,"Fst",0.0111876832844573,0,0.0218254399365478,0.0491800552173769
"8043001","8053000",8048000.5,"Fst",0.011373947642963,0,0.0219165994866452,0.0487464812054976
"8044001","8054000",8049000.5,"Fst",0.0115705502296088,0,0.0211254630366103,0.04648590727311
"8045001","8055000",8050000.5,"Fst",0.0232188810072965,0,0.0201681415435231,0.0412024893720097
"8046001","8056000",8051000.5,"Fst",0.0250351296950362,0,0.0218418788838908,0.0398753894080998
"8047001","8057000",8052000.5,"Fst",0.022468765815562,0,0.0224211131576638,0.0401322689468587
"8048001","8058000",8053000.5,"Fst",0.0200796551491363,0,0.0251256557318902,0.0474509032183499
"8049001","8059000",8054000.5,"Fst",0.0187863969771059,0,0.0302111262236792,0.0587208952529932
"8050001","8060000",8055000.5,"Fst",0.0266316492260736,0,0.031574812101254,0.0616492904720534
"8051001","8061000",8056000.5,"Fst",0.040335993842344,0,0.0359307423188748,0.0757220258197882
"8052001","8062000",8057000.5,"Fst",0.0432064232064231,0,0.048058302771733,0.103934885806279
"8053001","8063000",8058000.5,"Fst",0.0484161933463482,0,0.0491759540881155,0.107349647670156
"8054001","8064000",8059000.5,"Fst",0.0480966977816664,0,0.0490931032986653,0.107521652313459
"8055001","8065000",8060000.5,"Fst",0.0413446282419843,0,0.0552073275199368,0.126285427915075
"8056001","8066000",8061000.5,"Fst",0.0374962618914573,0,0.0511579522885031,0.118040104743326
"8057001","8067000",8062000.5,"Fst",0.0438055940038129,0,0.0503693113172699,0.115763482141392
"8058001","8068000",8063000.5,"Fst",0.0449853479650567,0,0.0476098849086039,0.114135083950527
"8059001","8069000",8064000.5,"Fst",0.0471748737373737,0,0.0442549023319454,0.109200468115834
"8060001","8070000",8065000.5,"Fst",0.0470368693158232,0,0.0444606607150566,0.109193377069666
"8061001","8071000",8066000.5,"Fst",0.0287205040551121,0,0.0377057533156118,0.0761359539048483
"8062001","8072000",8067000.5,"Fst",0.0276235341284955,0,0.0339609194838428,0.0685370741482966
"8063001","8073000",8068000.5,"Fst",0.0252177451404162,0,0.0368430536102408,0.0800812550277857
"8064001","8074000",8069000.5,"Fst",0.0260611628173126,0,0.0361353959233563,0.0777426855828716
"8065001","8075000",8070000.5,"Fst",0.0222886138379096,0,0.0366811694230159,0.0826467408013875
"8066001","8076000",8071000.5,"Fst",0.0219910548268757,0,0.0383521805189208,0.0869055977643874
"8067001","8077000",8072000.5,"Fst",0.0256902573708755,0,0.0373016507694341,0.0776864113264825
"8068001","8078000",8073000.5,"Fst",0.024558011467647,0,0.0360428791679844,0.0790922531073005
"8069001","8079000",8074000.5,"Fst",0.0221189645075814,0,0.0362970959153549,0.0784898340559463
"8070001","8080000",8075000.5,"Fst",0.0215719764106861,0,0.0355478401809353,0.078996682321578
"8071001","8081000",8076000.5,"Fst",0.0354360262486028,0,0.0271804022211308,0.058523140867845
"8072001","8082000",8077000.5,"Fst",0.0334139002614314,0,0.0279071992948585,0.0504897949749208
"8073001","8083000",8078000.5,"Fst",0.0281068862810688,0,0.0323379911770387,0.0573066245596057
"8074001","8084000",8079000.5,"Fst",0.0264642786437795,0,0.031580305472959,0.0606526709623778
"8075001","8085000",8080000.5,"Fst",0.030728632681894,0,0.0274030586888428,0.0526691211966195
"8076001","8086000",8081000.5,"Fst",0.0403099623687858,0,0.0226849891920662,0.033608285595653
"8077001","8087000",8082000.5,"Fst",0.0217812279970041,0,0.0214732564492877,0.0416968261869844
"8078001","8088000",8083000.5,"Fst",0.0259420213358668,0,0.0186282672635676,0.0595904932588349
"8079001","8089000",8084000.5,"Fst",0.0328542418327713,0,0.0197091784694793,0.0579924973831861
"8080001","8090000",8085000.5,"Fst",0.035710308474702,0,0.0184164693472266,0.0570046009836586
"8081001","8091000",8086000.5,"Fst",0.0347962849976273,0,0.0188525719106383,0.0574035283712703
"8082001","8092000",8087000.5,"Fst",0.0331792501284027,0,0.019976060239344,0.0590388121906746
"8083001","8093000",8088000.5,"Fst",0.0274930698699267,0,0.0170034162133483,0.0459401935536976
"8084001","8094000",8089000.5,"Fst",0.0287211333203958,0,0.0173075231004797,0.04465293642351
"8085001","8095000",8090000.5,"Fst",0.0311624575863243,0,0.0163973115315654,0.0380376626714328
"8086001","8096000",8091000.5,"Fst",0.0217306888839736,0,0.0157710383514647,0.0281104505984888
"8087001","8097000",8092000.5,"Fst",0.0193102689015495,0,0.0155853358500009,0.0297613301153125
"8088001","8098000",8093000.5,"Fst",0.0228087177055196,0,0.0203038148426111,0.0467942085438181
"8089001","8099000",8094000.5,"Fst",0.0210524074192381,0,0.0218188345288894,0.0493460482832018
"8090001","8100000",8095000.5,"Fst",0.0285012990743281,0,0.0207854478618838,0.0457141030558753
"8091001","8101000",8096000.5,"Fst",0.0371884264396561,0,0.0255775912279168,0.0553680123366952
"8092001","8102000",8097000.5,"Fst",0.0372752953261427,0,0.0247592906558892,0.0549741230592294
"8093001","8103000",8098000.5,"Fst",0.0462057904954841,0,0.0271748866526973,0.0601862823825554
"8094001","8104000",8099000.5,"Fst",0.0390349433287871,0,0.0252438766979385,0.0593607351456105
"8095001","8105000",8100000.5,"Fst",0.0392010140036345,0,0.0242191652442492,0.0607814676257304
"8096001","8106000",8101000.5,"Fst",0.0391276082625563,0,0.0225485810877503,0.06014842864623
"8097001","8107000",8102000.5,"Fst",0.0455658155228972,0,0.0204439275134347,0.054542268432658
"8098001","8108000",8103000.5,"Fst",0.047046891681038,0,0.0220119890915215,0.045452286419535
"8099001","8109000",8104000.5,"Fst",0.039772088507333,0,0.0206026709169749,0.0426205569085167
"8100001","8110000",8105000.5,"Fst",0.0255581695517251,0,0.0193707927460591,0.0380519951610798
"8101001","8111000",8106000.5,"Fst",0.0190336700336701,0,0.0189891122872951,0.0415761148213938
"8102001","8112000",8107000.5,"Fst",0.0225019649841391,0,0.0198400498086963,0.0384613951963765
"8103001","8113000",8108000.5,"Fst",0.0222337415494936,0,0.0188421456898114,0.0380298748486071
"8104001","8114000",8109000.5,"Fst",0.0250725978334163,0,0.0200243145191946,0.0419152771730975
"8105001","8115000",8110000.5,"Fst",0.0249415877432357,0,0.0205101579770868,0.0404428852301818
"8106001","8116000",8111000.5,"Fst",0.0221814211988883,0,0.0219371539610111,0.0474941511390147
"8107001","8117000",8112000.5,"Fst",0.0106859406062662,0,0.0255037800030018,0.0619971392812444
"8108001","8118000",8113000.5,"Fst",0.0106360906360907,0,0.0250648199591437,0.0603754601070573
"8109001","8119000",8114000.5,"Fst",0.0174041751347782,0,0.0227179732821132,0.049192807867082
"8110001","8120000",8115000.5,"Fst",0.036427132597653,0,0.0162978878240201,0.0349878345498783
"8111001","8121000",8116000.5,"Fst",0.0378634258469032,0,0.0169021707675024,0.036382036685642
"8112001","8122000",8117000.5,"Fst",0.0247295501992788,0,0.0155551740980914,0.0281949934123847
"8113001","8123000",8118000.5,"Fst",0.0151015862042477,0,0.011683390818469,0.0162716516449687
"8114001","8124000",8119000.5,"Fst",0.0442460587887874,0,0.0265172513505325,0.0680172907661061
"8115001","8125000",8120000.5,"Fst",0.045271968511405,0,0.0282456850628198,0.0711383671904946
"8116001","8126000",8121000.5,"Fst",0.0461568215058442,0,0.0288145049625031,0.0726987857422642
"8117001","8127000",8122000.5,"Fst",0.0743151227236739,0,0.033139126931052,0.086155597707075
"8118001","8128000",8123000.5,"Fst",0.0552940130997748,0,0.0273410370609654,0.0633893813066863
"8119001","8129000",8124000.5,"Fst",0.0558084446773207,0,0.0285226666198132,0.0643286195286196
"8120001","8130000",8125000.5,"Fst",0.0547725799626101,0,0.0279697309054939,0.0631498228356867
"8121001","8131000",8126000.5,"Fst",0.0407169936137191,0,0.026957237294946,0.0590577255774951
"8122001","8132000",8127000.5,"Fst",0.0415721726480407,0,0.0275496361351299,0.0602558535689235
"8123001","8133000",8128000.5,"Fst",0.0425517684199261,0,0.028078714435246,0.0617633410059349
"8124001","8134000",8129000.5,"Fst",0.0306016772397316,0,0.0242153628152103,0.0554760732524352
"8125001","8135000",8130000.5,"Fst",0.0285436421103817,0,0.0249724449915894,0.0540457017729746
"8126001","8136000",8131000.5,"Fst",0.0316658381606491,0,0.0229419911654272,0.0492298740969405
"8127001","8137000",8132000.5,"Fst",0.0111645048921798,0,0.0254374241708262,0.0525054593220565
"8128001","8138000",8133000.5,"Fst",0.0125215174730956,0,0.0265165973970479,0.041059727089593
"8129001","8139000",8134000.5,"Fst",0.0124041213078502,0,0.0255600083897979,0.0401027320326639
"8130001","8140000",8135000.5,"Fst",0.011446922371815,0,0.024927333655482,0.0388515471665061
"8131001","8141000",8136000.5,"Fst",0.0156896627783767,0,0.0234006160123034,0.0453308883581711
"8132001","8142000",8137000.5,"Fst",0.0156896627783767,0,0.0234286753090626,0.0453308883581711
"8133001","8143000",8138000.5,"Fst",0.0143810112326911,0,0.0215590137660771,0.0419704491490686
"8134001","8144000",8139000.5,"Fst",0.0157892071642283,0,0.0252560544187114,0.046867768318809
"8135001","8145000",8140000.5,"Fst",0.0171475745670909,0,0.0231916802897123,0.0517295092190128
"8136001","8146000",8141000.5,"Fst",0,0,0.016370784373342,0.0335731517856471
"8137001","8147000",8142000.5,"Fst",0,0,0.0151299350202908,0.0237333455218596
"8138001","8148000",8143000.5,"Fst",0,0,0.0163678310922609,0.0255719287445655
"8139001","8149000",8144000.5,"Fst",0.00082408049965299,0,0.0159306925318553,0.0247649710595075
"8140001","8150000",8145000.5,"Fst",0,0,0.0224954786789323,0.0442742471739336
"8141001","8151000",8146000.5,"Fst",0,0,0.0279848230803881,0.0550030216696884
"8142001","8152000",8147000.5,"Fst",0,0,0.0281385648435785,0.0550030216696884
"8143001","8153000",8148000.5,"Fst",0,0,0.0429000773817077,0.0924741347618296
"8144001","8154000",8149000.5,"Fst",0.000174561145434904,0,0.0398749987347116,0.0875546862450509
"8145001","8155000",8150000.5,"Fst",0.00390130650521248,0,0.0318744526923791,0.0661306947021233
"8146001","8156000",8151000.5,"Fst",0.00359374999999984,0,0.0328637346045553,0.0692933887778467
"8147001","8157000",8152000.5,"Fst",0.00364693446088793,0,0.0333350846198652,0.0702881157123658
"8148001","8158000",8153000.5,"Fst",0.00359374999999984,0,0.0328666567096081,0.069416187188339
"8149001","8159000",8154000.5,"Fst",0.0014681478938291,0,0.0337775774327091,0.0712883724581926
"8150001","8160000",8155000.5,"Fst",0.00638444086719936,0,0.0312381455450715,0.0662626262626265
"8151001","8161000",8156000.5,"Fst",0.0125435226991936,0,0.0429117365019223,0.101892993190958
"8152001","8162000",8157000.5,"Fst",0.0221030042918455,0,0.0390965530618644,0.0802847973141156
"8153001","8163000",8158000.5,"Fst",0.0278306685657375,0,0.044008255720226,0.0859065773116328
"8154001","8164000",8159000.5,"Fst",0.0252093323072269,0,0.0421454647261079,0.0793056254034439
"8155001","8165000",8160000.5,"Fst",0.0248337866424901,0,0.0421470647835045,0.0843912032898265
"8156001","8166000",8161000.5,"Fst",0.0246966452533904,0,0.0418844154167158,0.0838751875649264
"8157001","8167000",8162000.5,"Fst",0.0248535027031114,0,0.0421147646170159,0.0843912032898265
"8158001","8168000",8163000.5,"Fst",0.0256224033083536,0,0.0400363077283631,0.0780571014596319
"8159001","8169000",8164000.5,"Fst",0.0256992068989064,0,0.0406578161455058,0.0785761365391435
"8160001","8170000",8165000.5,"Fst",0.0292950738810611,0,0.0403174426630871,0.0828567055170454
"8161001","8171000",8166000.5,"Fst",0.0316983164983163,0,0.032015522120124,0.0594528577680264
"8162001","8172000",8167000.5,"Fst",0.018667907746406,0,0.0258284118849791,0.0745903578426778
"8163001","8173000",8168000.5,"Fst",0.0150971725014986,0,0.0240554617449466,0.065186139517406
"8164001","8174000",8169000.5,"Fst",0.0161369795516139,0,0.0268181509885498,0.0663897976596093
"8165001","8175000",8170000.5,"Fst",0.0176986023607791,0,0.0295180456974756,0.0747504325835219
"8166001","8176000",8171000.5,"Fst",0.0582863849765259,0,0.0269954903514656,0.0587310375373713
"8167001","8177000",8172000.5,"Fst",0.0577878629196488,0,0.0267608833235395,0.0581642723982894
"8168001","8178000",8173000.5,"Fst",0.0378237646616744,0,0.0340208500278326,0.0571919015085203
"8169001","8179000",8174000.5,"Fst",0.037224933603381,0,0.0401585315252368,0.0875027976872058
"8170001","8180000",8175000.5,"Fst",0.0527403845040112,0,0.0467471334382663,0.115462799837376
"8171001","8181000",8176000.5,"Fst",0.0539489346235972,0,0.0455158486301607,0.114433472202192
"8172001","8182000",8177000.5,"Fst",0.0620993705070033,0,0.0504385479770614,0.12912148501882
"8173001","8183000",8178000.5,"Fst",0.062524929483354,0,0.0509186514381948,0.130112238759215
"8174001","8184000",8179000.5,"Fst",0.102414633712344,0,0.0432138018857576,0.106196018888609
"8175001","8185000",8180000.5,"Fst",0.112867387466902,0,0.0407257527500284,0.0990057583778711
"8176001","8186000",8181000.5,"Fst",0.102030790873921,0,0.0412369048249087,0.0967339556065521
"8177001","8187000",8182000.5,"Fst",0.100363770061668,0,0.0407678132101489,0.0946400742936837
"8178001","8188000",8183000.5,"Fst",0.116691831738831,0,0.0311058853710652,0.0824914497624829
"8179001","8189000",8184000.5,"Fst",0.116210283761906,0,0.0292515188812374,0.0551776624114864
"8180001","8190000",8185000.5,"Fst",0.117270517270517,0,0.0347814692636306,0.0605143389769717
"8181001","8191000",8186000.5,"Fst",0.115170236776552,0,0.0376354273204957,0.0663393380896573
"8182001","8192000",8187000.5,"Fst",0.115125622670044,0,0.0370722550356513,0.0681324518688239
"8183001","8193000",8188000.5,"Fst",0.113198390151515,0,0.0405920617579603,0.0784708266915728
"8184001","8194000",8189000.5,"Fst",0.0922052871161074,0,0.0476373134171701,0.0944338263259751
"8185001","8195000",8190000.5,"Fst",0.0827400230460308,0,0.0487156605536798,0.101809614897205
"8186001","8196000",8191000.5,"Fst",0.0889088674924489,0,0.0480582248551308,0.100467009397269
"8187001","8197000",8192000.5,"Fst",0.0899033390960196,0,0.0487852160557238,0.101577318672856
"8188001","8198000",8193000.5,"Fst",0.0888158465743802,0,0.0469627560867403,0.103680186914756
"8189001","8199000",8194000.5,"Fst",0.0869558713857423,0,0.0455896782798959,0.101722850100541
"8190001","8200000",8195000.5,"Fst",0.0867125538857265,0,0.0437609586255208,0.0996273727577538
"8191001","8201000",8196000.5,"Fst",0.0869979727270316,0,0.0439675572894795,0.0979981553631964
"8192001","8202000",8197000.5,"Fst",0.0873700454234336,0,0.0424866926547572,0.0906736735757885
"8193001","8203000",8198000.5,"Fst",0.080896249197393,0,0.0362703898801104,0.0817896659692988
"8194001","8204000",8199000.5,"Fst",0.0825040865821216,0,0.0361720542262512,0.0821334202222163
"8195001","8205000",8200000.5,"Fst",0.0842750891661335,0,0.0374749186750729,0.0815289516935098
"8196001","8206000",8201000.5,"Fst",0.0730263751759603,0,0.03513030207358,0.0866739036039947
"8197001","8207000",8202000.5,"Fst",0.0719015602594419,0,0.0341934089721524,0.08438433133866
"8198001","8208000",8203000.5,"Fst",0.0676352071700909,0,0.0337770443715213,0.0839605629485837
"8199001","8209000",8204000.5,"Fst",0.0428007927375016,0,0.0435203576608619,0.102335567300194
"8200001","8210000",8205000.5,"Fst",0.0425341627320194,0,0.0423921291845913,0.0999109717449234
"8201001","8211000",8206000.5,"Fst",0.0425494458002849,0,0.0432459919762761,0.101678768121311
"8202001","8212000",8207000.5,"Fst",0.0135901297191618,0,0.0435793651280568,0.11224836061815
"8203001","8213000",8208000.5,"Fst",0.00498889284563597,0,0.0432568173721046,0.104224907749378
"8204001","8214000",8209000.5,"Fst",0.00503491237677978,0,0.0437055148228313,0.105124852986285
"8205001","8215000",8210000.5,"Fst",0.00700137715286397,0,0.0426718387138069,0.106308528441626
"8206001","8216000",8211000.5,"Fst",0.00810005143223025,0,0.0402623214712556,0.0991693538932795
"8207001","8217000",8212000.5,"Fst",0.00657532128281169,0,0.0423164804542483,0.104500820366912
"8208001","8218000",8213000.5,"Fst",0.0064356286523285,0,0.0488306239157416,0.11734199868271
"8209001","8219000",8214000.5,"Fst",0.0255669275536825,0,0.0158684671501587,0.0272963568168926
"8210001","8220000",8215000.5,"Fst",0.0316904831340526,0,0.0471252031834357,0.0914240709708544
"8211001","8221000",8216000.5,"Fst",0.0688609267787567,0,0.0439725971445001,0.0983262180125868
"8212001","8222000",8217000.5,"Fst",0.0694516395282053,0,0.0427207099687852,0.0936468706597269
"8213001","8223000",8218000.5,"Fst",0.0686309302741441,0,0.0371322040702501,0.0839359413742694
"8214001","8224000",8219000.5,"Fst",0.0687195217147736,0,0.0348549679245672,0.0768345528166513
"8215001","8225000",8220000.5,"Fst",0.0693560841478804,0,0.0352786387256156,0.0788247626812649
"8216001","8226000",8221000.5,"Fst",0.0631128876177677,0,0.0338981590559409,0.0705229464170689
"8217001","8227000",8222000.5,"Fst",0.0561412777462686,0,0.0324448679719662,0.0626053822631223
"8218001","8228000",8223000.5,"Fst",0.0556419694146275,0,0.0321543597405209,0.0620567164474451
"8219001","8229000",8224000.5,"Fst",0.0553792860317898,0,0.0319994377338237,0.0618090880170287
"8220001","8230000",8225000.5,"Fst",0.0425947242206236,0,0.0358257896898158,0.100613335307797
"8221001","8231000",8226000.5,"Fst",0.0186409362795985,0,0.0456606911339208,0.113882111494545
"8222001","8232000",8227000.5,"Fst",0.017655996015886,0,0.0468198232776105,0.110367959949937
"8223001","8233000",8228000.5,"Fst",0.0171329219455886,0,0.0445616270837761,0.103512891672004
"8224001","8234000",8229000.5,"Fst",0.0122614197843399,0,0.0480188787309833,0.112398708334993
"8225001","8235000",8230000.5,"Fst",0.0152247678227118,0,0.0411813329146529,0.0970690361007432
"8226001","8236000",8231000.5,"Fst",0.0167576596115973,0,0.0403332961243588,0.0934885747409586
"8227001","8237000",8232000.5,"Fst",0.0200976359203642,0,0.0380880538406402,0.0859678371767336
"8228001","8238000",8233000.5,"Fst",0.0186519706401445,0,0.0336261316977208,0.0794418499654332
"8229001","8239000",8234000.5,"Fst",0.0156236933925983,0,0.0309189590887535,0.0686391094119289
"8230001","8240000",8235000.5,"Fst",0.0179496714422681,0,0.026362224220237,0.0430260511210322
"8231001","8241000",8236000.5,"Fst",0.0185611729585671,0,0.0260399748947414,0.0430502976983916
"8232001","8242000",8237000.5,"Fst",0.0192944811183916,0,0.0235714771035302,0.0469097532877689
"8233001","8243000",8238000.5,"Fst",0.016934893701855,0,0.0244161491234401,0.0517298488519392
"8234001","8244000",8239000.5,"Fst",0.017081190193359,0,0.0235324186383596,0.0501956775460163
"8235001","8245000",8240000.5,"Fst",0.0138519507625907,0,0.0263614468813921,0.0535501268025961
"8236001","8246000",8241000.5,"Fst",0.0114022081221395,0,0.0253768148182818,0.0535473918720366
"8237001","8247000",8242000.5,"Fst",0.00953102665370986,0,0.0276722396455588,0.0589556718616309
"8238001","8248000",8243000.5,"Fst",0.00923055439184461,0,0.026637101394899,0.055372486833878
"8239001","8249000",8244000.5,"Fst",0.0176424334930851,0,0.0254992715411081,0.0599730207246664
"8240001","8250000",8245000.5,"Fst",0.0177667175301511,0,0.0293627883620318,0.062545644235785
"8241001","8251000",8246000.5,"Fst",0.0158956839533636,0,0.0315279747726102,0.0653291716560989
"8242001","8252000",8247000.5,"Fst",0.0474946451771481,0,0.0289335116416702,0.0590968813658836
"8243001","8253000",8248000.5,"Fst",0.0606119483272182,0,0.0287452010432096,0.0563902734459139
"8244001","8254000",8249000.5,"Fst",0.0707558767090428,0,0.0305402790459704,0.0549975564897736
"8245001","8255000",8250000.5,"Fst",0.0765867451679125,0,0.031329426155197,0.0605742975070078
"8246001","8256000",8251000.5,"Fst",0.0813052083873533,0,0.028874417030123,0.0624558521340812
"8247001","8257000",8252000.5,"Fst",0.088406880566394,0,0.0294500054691028,0.0567140003431565
"8248001","8258000",8253000.5,"Fst",0.108835776832168,0,0.0295306880545373,0.0609857940913183
"8249001","8259000",8254000.5,"Fst",0.106935092534193,0,0.0309469279305131,0.0707109810512249
"8250001","8260000",8255000.5,"Fst",0.109547302823645,0,0.030724655958759,0.0731290147228837
"8251001","8261000",8256000.5,"Fst",0.115445595192431,0,0.0310971948680066,0.0731410372459529
"8252001","8262000",8257000.5,"Fst",0.103137797448224,0,0.0296872461807373,0.0670653457424876
"8253001","8263000",8258000.5,"Fst",0.101003607394471,0,0.0289672280605075,0.0567082060781751
"8254001","8264000",8259000.5,"Fst",0.0981428232036505,0,0.0292342119097879,0.054398263618412
"8255001","8265000",8260000.5,"Fst",0.0962294613315338,0,0.0288983537937878,0.05502239124174
"8256001","8266000",8261000.5,"Fst",0.0976273801978561,0,0.0274940423112736,0.0490604775744774
"8257001","8267000",8262000.5,"Fst",0.0927489775447987,0,0.0292506827233782,0.0509673937929845
"8258001","8268000",8263000.5,"Fst",0.070662441005648,0,0.028573745035449,0.0553544082507995
"8259001","8269000",8264000.5,"Fst",0.0714594267283725,0,0.0298255025970307,0.0608376608968311
"8260001","8270000",8265000.5,"Fst",0.0739961537156641,0,0.0295990724478374,0.0635402695691698
"8261001","8271000",8266000.5,"Fst",0.0318046300168364,0,0.026956316928022,0.0903254928752684
"8262001","8272000",8267000.5,"Fst",0.0308787653126725,0,0.0151774693081101,0.0367534236753423
"8263001","8273000",8268000.5,"Fst",0.0240374071740271,0,0.0141679937630193,0.0258345665533892
"8264001","8274000",8269000.5,"Fst",0.0356012641503453,0,0.0282405179910763,0.0421187551704855
"8265001","8275000",8270000.5,"Fst",0.0401434275935132,0,0.0302550503233402,0.0472779296686066
"8266001","8276000",8271000.5,"Fst",0.0437809593220756,0,0.0316134799312753,0.0513476137656838
"8267001","8277000",8272000.5,"Fst",0.0429556825543208,0,0.0365308239603809,0.0572622872388467
"8268001","8278000",8273000.5,"Fst",0.0622254758418741,0,0.0375318254609689,0.112939393939394
"8269001","8279000",8274000.5,"Fst",0.0676311118675387,0,0.0416082734744781,0.123840950338228
"8270001","8280000",8275000.5,"Fst",0.0713504992117708,0,0.0450222045972566,0.133252905052739
"8271001","8281000",8276000.5,"Fst",0.0701496957849932,0,0.0432495066982398,0.129737754394551
"8272001","8282000",8277000.5,"Fst",0.0658682282663655,0,0.0441453305242124,0.131348102844578
"8273001","8283000",8278000.5,"Fst",0.0621363804901068,0,0.0436187976972429,0.124679637464902
"8274001","8284000",8279000.5,"Fst",0.0498110133594003,0,0.0403072889747317,0.147130870622985
"8275001","8285000",8280000.5,"Fst",0.0463316163163024,0,0.0389443478718077,0.139599453664601
"8276001","8286000",8281000.5,"Fst",0.043384484103047,0,0.0372016374588528,0.134380752600711
"8277001","8287000",8282000.5,"Fst",0.044210110464498,0,0.0380407134810651,0.138746361396262
"8278001","8288000",8283000.5,"Fst",0.0295799645040425,0,0.0382898708320356,0.154524508118338
"8279001","8289000",8284000.5,"Fst",0.024358061019049,0,0.0363612794989297,0.144705675482783
"8280001","8290000",8285000.5,"Fst",0.0242632920448956,0,0.0351285748932464,0.13994155478012
"8281001","8291000",8286000.5,"Fst",0.0243844776240558,0,0.0354450937881579,0.142557745430798
"8282001","8292000",8287000.5,"Fst",0.0218987245450448,0,0.0285571703804738,0.0915174143021987
"8283001","8293000",8288000.5,"Fst",0.0244587895431364,0,0.0300775827016601,0.0936544995763068
"8284001","8294000",8289000.5,"Fst",0.0299447174447175,0,0.0277297741434048,0.0670784654101576
"8285001","8295000",8290000.5,"Fst",0.0339365848519962,0,0.0266252948799824,0.0668948968165094
"8286001","8296000",8291000.5,"Fst",0.0322981054324338,0,0.0240582751151308,0.0616788641295435
"8287001","8297000",8292000.5,"Fst",0.0265678570668029,0,0.02203751488108,0.0539513677811551
"8288001","8298000",8293000.5,"Fst",0.0327606776425675,0,0.0188237166096828,0.0530367835757058
"8289001","8299000",8294000.5,"Fst",0.0388899190308424,0,0.0152612721017272,0.0301322282786251
"8290001","8300000",8295000.5,"Fst",0.0404132122647717,0,0.0155685288259232,0.0319923511643769
"8291001","8301000",8296000.5,"Fst",0.0412253374870197,0,0.0158807903880239,0.0327441579978893
"8292001","8302000",8297000.5,"Fst",0.0286095073962372,0,0.018889498442871,0.0379626394614866
"8293001","8303000",8298000.5,"Fst",0.0282216786701091,0,0.01806931261178,0.0355076185584661
"8294001","8304000",8299000.5,"Fst",0.0181003185893162,0,0.0188693940257563,0.0441567969814485
"8295001","8305000",8300000.5,"Fst",0.015682391573106,0,0.0188851659080511,0.0426433088421813
"8296001","8306000",8301000.5,"Fst",0.0174085064292778,0,0.0208917955568078,0.050461816589548
"8297001","8307000",8302000.5,"Fst",0.0225234159779615,0,0.0225009939828584,0.0639046060322658
"8298001","8308000",8303000.5,"Fst",0.0101187422817517,0,0.0247919231513539,0.0707886016866697
"8299001","8309000",8304000.5,"Fst",0.00871065114273395,0,0.0242589744579774,0.0709051464046455
"8300001","8310000",8305000.5,"Fst",0.00884456532688638,0,0.02330691995674,0.0660604051688437
"8301001","8311000",8306000.5,"Fst",0.00874125874125853,0,0.0211646250304268,0.0620349968410432
"8302001","8312000",8307000.5,"Fst",0.00899698741804,0,0.0234414209398842,0.0483376272849956
"8303001","8313000",8308000.5,"Fst",0.0238292230947509,0,0.0306071106176518,0.103090327602863
"8304001","8314000",8309000.5,"Fst",0.0263918979625491,0,0.0362395141167896,0.114953671645728
"8305001","8315000",8310000.5,"Fst",0.0249170915723582,0,0.0362743763256142,0.110941842820871
"8306001","8316000",8311000.5,"Fst",0.02495657209033,0,0.0353416977145792,0.109284342171531
"8307001","8317000",8312000.5,"Fst",0.0247724877861866,0,0.0350930489796683,0.108502371849334
"8308001","8318000",8313000.5,"Fst",0.0233792470156106,0,0.0367503637298432,0.111835061715797
"8309001","8319000",8314000.5,"Fst",0.0227064725315063,0,0.034445370469061,0.104001111309559
"8310001","8320000",8315000.5,"Fst",0.0219560086849806,0,0.0350109542652787,0.0949423448766153
"8311001","8321000",8316000.5,"Fst",0.0172340645977501,0,0.0415100925999537,0.104681752017997
"8312001","8322000",8317000.5,"Fst",0.0173756982061108,0,0.0403127892154196,0.0990673344816364
"8313001","8323000",8318000.5,"Fst",0.00833632500111114,0,0.0401183565058135,0.0836785534907081
"8314001","8324000",8319000.5,"Fst",0.00820031614704186,0,0.0394607605686645,0.0822159275964508
"8315001","8325000",8320000.5,"Fst",0.0080752012007349,0,0.0422925181875601,0.0884517297281924
"8316001","8326000",8321000.5,"Fst",0.00704327565791985,0,0.0411850959461288,0.0832767635996697
"8317001","8327000",8322000.5,"Fst",0.00819891474020673,0,0.0379525046285939,0.0763277171514238
"8318001","8328000",8323000.5,"Fst",0.00571985853102563,0,0.0356161444879313,0.0719733899179905
"8319001","8329000",8324000.5,"Fst",0.00532578148377805,0,0.0377016034634595,0.0755231300065987
"8320001","8330000",8325000.5,"Fst",0.000972198533174096,0,0.0373171545462357,0.0778324036762214
"8321001","8331000",8326000.5,"Fst",0,0,0.0268715035083538,0.0643798306956201
"8322001","8332000",8327000.5,"Fst",0,0,0.0318768238183561,0.0579257526264678
"8323001","8333000",8328000.5,"Fst",0,0,0.0340134558392036,0.0633846701682542
"8324001","8334000",8329000.5,"Fst",0,0,0.0335467594450413,0.0629899659022441
"8325001","8335000",8330000.5,"Fst",0,0,0.0324018226439804,0.0684573865184215
"8326001","8336000",8331000.5,"Fst",0,0,0.0316222931959727,0.0672619540406609
"8327001","8337000",8332000.5,"Fst",0,0,0.0337083797963943,0.0732396575628458
"8328001","8338000",8333000.5,"Fst",0,0,0.0368436551424382,0.0713001935315349
"8329001","8339000",8334000.5,"Fst",0,0,0.0373298732945276,0.0723064106722374
"8330001","8340000",8335000.5,"Fst",0,0,0.0371474888225437,0.0721701947917482
"8331001","8341000",8336000.5,"Fst",0.0199961514143554,0,0.0333060185361491,0.0845145230020987
"8332001","8342000",8337000.5,"Fst",0.0396661732428154,0,0.0283412018328296,0.056939395819118
"8333001","8343000",8338000.5,"Fst",0.0375855327468231,0,0.0253804326921847,0.0554592720970536
"8334001","8344000",8339000.5,"Fst",0.0411979719372715,0,0.0267285514897663,0.0700380257948175
"8335001","8345000",8340000.5,"Fst",0.0313635463368083,0,0.0239947140006171,0.071007774321826
"8336001","8346000",8341000.5,"Fst",0.0320370345782934,0,0.0232822912912841,0.0710641646713158
"8337001","8347000",8342000.5,"Fst",0.0396813118233762,0,0.0212850742107105,0.0612118750331139
"8338001","8348000",8343000.5,"Fst",0.0396413110698824,0,0.0208668129261968,0.0608391070281725
"8339001","8349000",8344000.5,"Fst",0.0397239723972397,0,0.0200971248406652,0.0585865722859253
"8340001","8350000",8345000.5,"Fst",0.0604051892660388,0,0.0203337266267588,0.0405237349693549
"8341001","8351000",8346000.5,"Fst",0.0557027530531981,0,0.0211927579446555,0.039179662736148
"8342001","8352000",8347000.5,"Fst",0.0595866499092306,0,0.0226665450866297,0.0424208906898875
"8343001","8353000",8348000.5,"Fst",0.0607225174078657,0,0.0238518112656322,0.045114113073933
"8344001","8354000",8349000.5,"Fst",0.060813279588198,0,0.0216202410716058,0.0509978551124768
"8345001","8355000",8350000.5,"Fst",0.0751987775734476,0,0.0267370129055502,0.0631496310252786
"8346001","8356000",8351000.5,"Fst",0.0763887551968022,0,0.0278300257791145,0.066128501891913
"8347001","8357000",8352000.5,"Fst",0.0759599771297884,0,0.030426680771841,0.0785022705852112
"8348001","8358000",8353000.5,"Fst",0.0788906009244993,0,0.0310283375169682,0.0791762754379578
"8349001","8359000",8354000.5,"Fst",0.0799452528454112,0,0.0320405295866906,0.0822829522216025
"8350001","8360000",8355000.5,"Fst",0.0269845267075184,0,0.0248338067904182,0.0595222729832195
"8351001","8361000",8356000.5,"Fst",0.027700703719661,0,0.0254114702220129,0.0611487205191945
"8352001","8362000",8357000.5,"Fst",0.025581573308846,0,0.0222315350765435,0.0552408682184162
"8353001","8363000",8358000.5,"Fst",0.017787513691128,0,0.0263676345626392,0.0490986602981072
"8354001","8364000",8359000.5,"Fst",0.00349066626195171,0,0.0208069231638623,0.0480997129693796
"8355001","8365000",8360000.5,"Fst",0.00307993363678893,0,0.0225831339712918,0.0525616491465769
"8356001","8366000",8361000.5,"Fst",0.00432333409663377,0,0.023891734754214,0.0556483060271332
"8357001","8367000",8362000.5,"Fst",0.00432333409663377,0,0.023891734754214,0.0556483060271332
"8358001","8368000",8363000.5,"Fst",0,0,0.0257485373479615,0.0622042245392636
"8359001","8369000",8364000.5,"Fst",0,0,0.0254692884735389,0.060170656670592
"8360001","8370000",8365000.5,"Fst",0,0,0.0238317496134073,0.0521146900959741
"8361001","8371000",8366000.5,"Fst",0.00249066002490661,0,0.0326521264606043,0.0785822773542323
"8362001","8372000",8367000.5,"Fst",0.00185680332739158,0,0.0355937262896183,0.0829158844630227
"8363001","8373000",8368000.5,"Fst",0.00719829877724609,0,0.0247073984031458,0.0607146950976033
"8364001","8374000",8369000.5,"Fst",0.00825585833142506,0,0.0278370804075193,0.0743081865195409
"8365001","8375000",8370000.5,"Fst",0.00624202984289746,0,0.0246660940181102,0.0653627048538213
"8366001","8376000",8371000.5,"Fst",0.00724153297682717,0,0.0193865596564664,0.0495823107327219
"8367001","8377000",8372000.5,"Fst",0.0357504233588927,0,0.0269874769179936,0.065240580255233
"8368001","8378000",8373000.5,"Fst",0.0357939078008583,0,0.0269874769179936,0.0653194004246817
"8369001","8379000",8374000.5,"Fst",0.0357789737604289,0,0.0270516895741322,0.0674484032386228
"8370001","8380000",8375000.5,"Fst",0.0163182077094357,0,0.0342714345199352,0.100963405031767
"8371001","8381000",8376000.5,"Fst",0.0360338646322339,0,0.0298936937191081,0.0694517849896574
"8372001","8382000",8377000.5,"Fst",0.0314061571686911,0,0.0263979669871118,0.0632430950422582
"8373001","8383000",8378000.5,"Fst",0.0277448338065989,0,0.0254320039845523,0.0622792317325203
"8374001","8384000",8379000.5,"Fst",0.0298397061269059,0,0.0245307863338712,0.0599068935117566
"8375001","8385000",8380000.5,"Fst",0.0348738355120028,0,0.0258351692844308,0.0698751122981023
"8376001","8386000",8381000.5,"Fst",0.0479049686972978,0,0.0263651439305667,0.0682368506881441
"8377001","8387000",8382000.5,"Fst",0.0426164058374034,0,0.0284480102385936,0.0630509368781903
"8378001","8388000",8383000.5,"Fst",0.0406472379650366,0,0.0266374307059797,0.0594816988314786
"8379001","8389000",8384000.5,"Fst",0.0453143094476069,0,0.0261208512507408,0.0574883038253371
"8380001","8390000",8385000.5,"Fst",0.0649340350371278,0,0.0294145665930649,0.0714562484079212
"8381001","8391000",8386000.5,"Fst",0.0712483629021972,0,0.0313911261788421,0.0810819124672766
"8382001","8392000",8387000.5,"Fst",0.0773613088378189,0,0.0335147101849028,0.0884474364852025
"8383001","8393000",8388000.5,"Fst",0.0873386448515983,0,0.0321510872766623,0.0869032202365535
"8384001","8394000",8389000.5,"Fst",0.093410978108487,0,0.0328093520407784,0.0939559871887591
"8385001","8395000",8390000.5,"Fst",0.0953225724582509,0,0.034061290197608,0.0951872951630996
"8386001","8396000",8391000.5,"Fst",0.0766114246827589,0,0.0299676259077268,0.0761848723013772
"8387001","8397000",8392000.5,"Fst",0.0895037598161404,0,0.0329148754732265,0.0817708385660525
"8388001","8398000",8393000.5,"Fst",0.0966599495583184,0,0.0356657777758295,0.0797840169450957
"8389001","8399000",8394000.5,"Fst",0.0857570293819971,0,0.0342623629811817,0.0766839080459769
"8390001","8400000",8395000.5,"Fst",0.0644567774627496,0,0.0333323737680047,0.0689675356837318
"8391001","8401000",8396000.5,"Fst",0.035452677203602,0,0.0323362175214576,0.0574500503604602
"8392001","8402000",8397000.5,"Fst",0.0524084926752441,0,0.0312710077827825,0.0531168842862416
"8393001","8403000",8398000.5,"Fst",0.0614787820943871,0,0.0331841849453605,0.0561731248748704
"8394001","8404000",8399000.5,"Fst",0.0572596553773024,0,0.0307948767545611,0.0514922134901885
"8395001","8405000",8400000.5,"Fst",0.0524246545378463,0,0.029949372481069,0.0511717447035613
"8396001","8406000",8401000.5,"Fst",0.0517334600201342,0,0.028677195934474,0.0618023152713254
"8397001","8407000",8402000.5,"Fst",0.0520508034779441,0,0.0288804241704694,0.0621719739794904
"8398001","8408000",8403000.5,"Fst",0.0565106451160649,0,0.0294823170077381,0.0592313010783697
"8399001","8409000",8404000.5,"Fst",0.0561157952342525,0,0.029284436753557,0.0597086719517164
"8400001","8410000",8405000.5,"Fst",0.0272137466620227,0,0.026476194118332,0.0869982663645917
"8401001","8411000",8406000.5,"Fst",0.0231072530128144,0,0.0233960972498887,0.0725989152244201
"8402001","8412000",8407000.5,"Fst",0.0109782301147745,0,0.0235543199109751,0.0632915707786853
"8403001","8413000",8408000.5,"Fst",0.00427190059327565,0,0.0263855701208539,0.0637980784475377
"8404001","8414000",8409000.5,"Fst",0.00493525154226604,0,0.0262893825523293,0.0642276234126875
"8405001","8415000",8410000.5,"Fst",0.00664194499639303,0,0.0280304078516767,0.0689778104661887
"8406001","8416000",8411000.5,"Fst",0.00647352928030032,0,0.0270568808041224,0.0666880315262415
"8407001","8417000",8412000.5,"Fst",0.00572690239268348,0,0.0251252725981215,0.0624300949464686
"8408001","8418000",8413000.5,"Fst",0.00629391850616978,0,0.0253783584372316,0.0615952347207338
"8409001","8419000",8414000.5,"Fst",0.00743243488717649,0,0.0248255743000977,0.0558796425520693
"8410001","8420000",8415000.5,"Fst",0.0096048537392347,0,0.0255162182965722,0.0619481556781876
"8411001","8421000",8416000.5,"Fst",0.0104476589046517,0,0.027477011846646,0.0634755702732184
"8412001","8422000",8417000.5,"Fst",0.00065795190743978,0,0.0311070198658676,0.0801991539564711
"8413001","8423000",8418000.5,"Fst",0.00891837789962457,0,0.0154367490921297,0.0307409895379541
"8414001","8424000",8419000.5,"Fst",0.00960155756323322,0,0.0171495283550554,0.0343555598838868
"8415001","8425000",8420000.5,"Fst",0.0113124656781987,0,0.0165632149011653,0.0326129504795469
"8416001","8426000",8421000.5,"Fst",0.00391836453269889,0,0.0235608116487864,0.0829126935954418
"8417001","8427000",8422000.5,"Fst",0,0,0.0234065590081516,0.0699747430989851
"8418001","8428000",8423000.5,"Fst",0.00181630933433197,0,0.0250820324712752,0.0899650539189533
"8419001","8429000",8424000.5,"Fst",0,0,0.0258324796438732,0.100176917473202
"8420001","8430000",8425000.5,"Fst",0,0,0.0257098489908174,0.0992149962624346
"8421001","8431000",8426000.5,"Fst",2.12324539857756e-05,0,0.0314572320752641,0.110776862614288
"8422001","8432000",8427000.5,"Fst",0,0,0.0333076039591494,0.115261980102055
"8423001","8433000",8428000.5,"Fst",0,0,0.0331116344273047,0.119839838502587
"8424001","8434000",8429000.5,"Fst",0,0,0.0372514960420447,0.130041917189841
"8425001","8435000",8430000.5,"Fst",0,0,0.0406184489007052,0.133211626779245
"8426001","8436000",8431000.5,"Fst",0,0,0.0464017899146938,0.167839741811462
"8427001","8437000",8432000.5,"Fst",0.000971149155349682,0,0.0484742867031117,0.155410458728041
"8428001","8438000",8433000.5,"Fst",0,0,0.0494144595616075,0.150049985545375
"8429001","8439000",8434000.5,"Fst",0.000267232308386101,0,0.051828935046879,0.148189468497556
"8430001","8440000",8435000.5,"Fst",0.00659416371247157,0,0.0514972511924958,0.149669936131956
"8431001","8441000",8436000.5,"Fst",0.00809024877284259,0,0.0487529138897801,0.146201189275696
"8432001","8442000",8437000.5,"Fst",0.0210632324089596,0,0.0395701225953588,0.125118680487143
"8433001","8443000",8438000.5,"Fst",0.0207229685738525,0,0.0340821616667047,0.121235850552198
"8434001","8444000",8439000.5,"Fst",0.0212697973279627,0,0.0291605597318669,0.091436523027242
"8435001","8445000",8440000.5,"Fst",0.0237888675637775,0,0.0272536270091275,0.0840656414731457
"8436001","8446000",8441000.5,"Fst",0.0233142558399662,0,0.0232603766161331,0.0624436263058431
"8437001","8447000",8442000.5,"Fst",0.0210455349967807,0,0.0225667218352732,0.0566181663484642
"8438001","8448000",8443000.5,"Fst",0.0213705055668337,0,0.0218966462416975,0.0473781523896492
"8439001","8449000",8444000.5,"Fst",0.0225461835183192,0,0.0208288502624897,0.044661842020338
"8440001","8450000",8445000.5,"Fst",0.0179546153129849,0,0.0206696070331665,0.0444310273141234
"8441001","8451000",8446000.5,"Fst",0.0175088034103436,0,0.020207117455218,0.0429294535816603
"8442001","8452000",8447000.5,"Fst",0.00860430148680269,0,0.0193120205464077,0.0369190789502285
"8443001","8453000",8448000.5,"Fst",0.00662000657021955,0,0.0207788832766643,0.0403605286512287
"8444001","8454000",8449000.5,"Fst",0.00607811766204214,0,0.0213943421210564,0.0439126898972491
"8445001","8455000",8450000.5,"Fst",0.00626900684174847,0,0.0212260719372588,0.0428804807898006
"8446001","8456000",8451000.5,"Fst",0.0068502344353879,0,0.0221043118791683,0.054307226201618
"8447001","8457000",8452000.5,"Fst",0.00738331368070078,0,0.0217184461039986,0.0606848699994466
"8448001","8458000",8453000.5,"Fst",0.00192265911446154,0,0.021385402083233,0.0554793153722548
"8449001","8459000",8454000.5,"Fst",0,0,0.0234754554614652,0.0549741831133398
"8450001","8460000",8455000.5,"Fst",0,0,0.0302503829480008,0.064739955374836
"8451001","8461000",8456000.5,"Fst",0,0,0.0286724145441324,0.0665864854842725
"8452001","8462000",8457000.5,"Fst",0,0,0.0251717403777141,0.0578110861040859
"8453001","8463000",8458000.5,"Fst",0.00247757742429455,0,0.0230805241378424,0.0548528722859539
"8454001","8464000",8459000.5,"Fst",0.0128181961594172,0,0.0222047288539176,0.0515188373663154
"8455001","8465000",8460000.5,"Fst",0.0445794906022871,0,0.0295688428750351,0.0581910240369146
"8456001","8466000",8461000.5,"Fst",0.0397782836514501,0,0.0296989936636156,0.0591608870851106
"8457001","8467000",8462000.5,"Fst",0.0431522815084459,0,0.0292446402608603,0.062811672132439
"8458001","8468000",8463000.5,"Fst",0.0499397211834876,0,0.0325434850803655,0.0700947137947434
"8459001","8469000",8464000.5,"Fst",0.0473599415456213,0,0.0340996861365876,0.0801016916618681
"8460001","8470000",8465000.5,"Fst",0.0497927591312667,0,0.0364867606113964,0.0848465951085131
"8461001","8471000",8466000.5,"Fst",0.0484761469686094,0,0.0354860275807895,0.0814560253865256
"8462001","8472000",8467000.5,"Fst",0.0523099090784681,0,0.0381639273318981,0.0880307905022735
"8463001","8473000",8468000.5,"Fst",0.0497438267397671,0,0.0375584580901642,0.0864472110807369
"8464001","8474000",8469000.5,"Fst",0.0479024301159655,0,0.0351273928773633,0.079913842660981
"8465001","8475000",8470000.5,"Fst",0.0166811031512297,0,0.0342534765850036,0.0780442632107767
"8466001","8476000",8471000.5,"Fst",0.0205442536544179,0,0.0328802159759768,0.071858673053563
"8467001","8477000",8472000.5,"Fst",0.00591183700456965,0,0.0340414554429822,0.0804978107355813
"8468001","8478000",8473000.5,"Fst",0.00484920378158804,0,0.0315298682995933,0.0813906268778321
"8469001","8479000",8474000.5,"Fst",0.00406980137346069,0,0.0311525291024793,0.065831175673384
"8470001","8480000",8475000.5,"Fst",0,0,0.0328576303518039,0.0582102513463733
"8471001","8481000",8476000.5,"Fst",0,0,0.0311405654218739,0.0578776874993344
"8472001","8482000",8477000.5,"Fst",0,0,0.0302681913470313,0.0559871403078519
"8473001","8483000",8478000.5,"Fst",0.00340207631874279,0,0.0259869713079053,0.0530254737848104
"8474001","8484000",8479000.5,"Fst",0.00587701602143309,0,0.0351691142221851,0.072535810245734
"8475001","8485000",8480000.5,"Fst",0.00566051516774602,0,0.0448208127369757,0.0874248098967201
"8476001","8486000",8481000.5,"Fst",0.00814767663908333,0,0.0401665814299456,0.0833455161004887
"8477001","8487000",8482000.5,"Fst",0.00450201126307315,0,0.0410531567231425,0.0770417116087383
"8478001","8488000",8483000.5,"Fst",0.00628571927161037,0,0.0450586505099935,0.0849066480544406
"8479001","8489000",8484000.5,"Fst",0.00614729873507514,0,0.0436152820491603,0.0827137729054928
"8480001","8490000",8485000.5,"Fst",0.00498002500686157,0,0.0396914312699283,0.0769244049069787
"8481001","8491000",8486000.5,"Fst",0.00491429941268151,0,0.0410433115526456,0.079245395659831
"8482001","8492000",8487000.5,"Fst",0.00958684316085023,0,0.0382193154037117,0.078819046728535
"8483001","8493000",8488000.5,"Fst",0.00832254332884108,0,0.0367774704042768,0.0750769572901669
"8484001","8494000",8489000.5,"Fst",0.00457075104212246,0,0.0283716812520779,0.0706741127284934
"8485001","8495000",8490000.5,"Fst",0.00605656296116608,0,0.0258025001279554,0.0638945942030221
"8486001","8496000",8491000.5,"Fst",0.00264270994079618,0,0.0250643139791793,0.0649358863780116
"8487001","8497000",8492000.5,"Fst",0.00211037248074297,0,0.0253702039069321,0.0558310176696938
"8488001","8498000",8493000.5,"Fst",0.000880902043692511,0,0.0221051062180704,0.0622464039473976
"8489001","8499000",8494000.5,"Fst",0.00101685098451632,0,0.0241469651536527,0.0731055861327261
"8490001","8500000",8495000.5,"Fst",0.00537436623039733,0,0.0261644465657083,0.0753714524492912
"8491001","8501000",8496000.5,"Fst",0.00619260459686,0,0.0238496284013138,0.0690306458199763
"8492001","8502000",8497000.5,"Fst",0.00121682742454776,0,0.0244053416598181,0.0680327263093613
"8493001","8503000",8498000.5,"Fst",0.00124202087050851,0,0.0245962137312332,0.0684599768359995
"8494001","8504000",8499000.5,"Fst",0.0033350436121089,0,0.026911997818264,0.0770489506253254
"8495001","8505000",8500000.5,"Fst",0.00126141303217508,0,0.0273766295071198,0.0770842423650606
"8496001","8506000",8501000.5,"Fst",0.00268651134961306,0,0.0254777893934415,0.0747183895597939
"8497001","8507000",8502000.5,"Fst",0.00631884366283753,0,0.0290946108015491,0.0726022703445408
"8498001","8508000",8503000.5,"Fst",0.00874074074074072,0,0.0250825177600186,0.0683921479436003
"8499001","8509000",8504000.5,"Fst",0.0243830463741311,0,0.016138787931687,0.0309702081653864
"8500001","8510000",8505000.5,"Fst",0.019442822226548,0,0.016703617993693,0.0316939455941029
"8501001","8511000",8506000.5,"Fst",0.0187398850382275,0,0.0174323558604664,0.0280327131334553
"8502001","8512000",8507000.5,"Fst",0.0166263351604444,0,0.0171781002341674,0.0271536876250845
"8503001","8513000",8508000.5,"Fst",0.0178172266582799,0,0.0170825629962752,0.0283344137073178
"8504001","8514000",8509000.5,"Fst",0.0169849489031123,0,0.0176144182907179,0.0278880024261087
"8505001","8515000",8510000.5,"Fst",0.0211485015904905,0,0.0162588212472042,0.0290341902282201
"8506001","8516000",8511000.5,"Fst",0.0222503869838244,0,0.0172160111172044,0.0320145872097555
"8507001","8517000",8512000.5,"Fst",0.0220516564259594,0,0.0172653808906956,0.032231066112314
"8508001","8518000",8513000.5,"Fst",0.0262609448626926,0,0.0197905330660662,0.0346561852838003
"8509001","8519000",8514000.5,"Fst",0.00947716044490254,0,0.0236685181535286,0.04461861777298
"8510001","8520000",8515000.5,"Fst",0.0103932771728809,0,0.024133811318576,0.0431237386446244
"8511001","8521000",8516000.5,"Fst",0.013236972232788,0,0.024250158333247,0.0456645664566457
"8512001","8522000",8517000.5,"Fst",0.0196019938552543,0,0.0253391360157664,0.0541843011116755
"8513001","8523000",8518000.5,"Fst",0.0160521660712427,0,0.0114733132720938,0.0273837735114653
"8514001","8524000",8519000.5,"Fst",0.0180418280776703,0,0.0115074195119494,0.027190634257772
"8515001","8525000",8520000.5,"Fst",0.0146763805300391,0,0.00832426258577699,0.0139500265816055
"8516001","8526000",8521000.5,"Fst",0.0143658810325477,0,0.00914872850157629,0.0137207866792728
"8517001","8527000",8522000.5,"Fst",0.0149758454106281,0,0.00876885583552521,0.0146073567516702
"8518001","8528000",8523000.5,"Fst",0.0149217809867629,0,0.00872894882571305,0.0146073567516702
"8519001","8529000",8524000.5,"Fst",0.0145029239766081,0,0.00848344615529544,0.0142638226389412
"8520001","8530000",8525000.5,"Fst",0.0178794452113323,0,0.0208370325195315,0.0592472378856647
"8521001","8531000",8526000.5,"Fst",0.0123159303882195,0,0.0191160328505565,0.0470030670476106
"8522001","8532000",8527000.5,"Fst",0.0123233902749149,0,0.0193785550299928,0.0483520774757887
"8523001","8533000",8528000.5,"Fst",0.0131896369553274,0,0.0207893738751042,0.0520116608278515
"8524001","8534000",8529000.5,"Fst",0.0130453470879003,0,0.019896438322084,0.0458456757522179
"8525001","8535000",8530000.5,"Fst",0.0126562926562926,0,0.0196341797727921,0.0467404560119793
"8526001","8536000",8531000.5,"Fst",0.0118054494525083,0,0.0184592998478129,0.0437016028347298
"8527001","8537000",8532000.5,"Fst",0.0119395008283898,0,0.0196522797586906,0.0454757788091122
"8528001","8538000",8533000.5,"Fst",0.0117733860342556,0,0.0194145761688831,0.044847288282629
"8529001","8539000",8534000.5,"Fst",0.0117938971597507,0,0.019371237262212,0.0447699463220527
"8530001","8540000",8535000.5,"Fst",0.0036528157584651,0,0.014808723843501,0.0295759144210737
"8531001","8541000",8536000.5,"Fst",0.00364514712340802,0,0.0138684069423693,0.0293959596298846
"8532001","8542000",8537000.5,"Fst",0.000146222212067948,0,0.0248720927504385,0.0799323669578155
"8533001","8543000",8538000.5,"Fst",0.000571893627785203,0,0.0238902533521474,0.0773153723775963
"8534001","8544000",8539000.5,"Fst",0,0,0.0270055698421252,0.0851649264488321
"8535001","8545000",8540000.5,"Fst",0.000429142208849376,0,0.0269422595668394,0.0867066278526664
"8536001","8546000",8541000.5,"Fst",0.00293447362275423,0,0.0264024892678467,0.0846445266909244
"8537001","8547000",8542000.5,"Fst",0.00371691411416764,0,0.0254130836784864,0.0796375830345156
"8538001","8548000",8543000.5,"Fst",0.00372330527083653,0,0.0254130836784864,0.0799816724475308
"8539001","8549000",8544000.5,"Fst",0.00380843611999382,0,0.0261074474592501,0.0818682180384306
"8540001","8550000",8545000.5,"Fst",0.00704360552032346,0,0.0288915593351371,0.0722296715023037
"8541001","8551000",8546000.5,"Fst",0.00751007668384474,0,0.0306885653560128,0.078770024613544
"8542001","8552000",8547000.5,"Fst",0.0130344992142439,0,0.0325571019572758,0.0854722955402576
"8543001","8553000",8548000.5,"Fst",0.0133096004676769,0,0.0347921619966165,0.0896167949845451
"8544001","8554000",8549000.5,"Fst",0.0133903055867503,0,0.0359333621761043,0.0941917982371716
"8545001","8555000",8550000.5,"Fst",0.0120704140046498,0,0.0366581610008282,0.100993060301321
"8546001","8556000",8551000.5,"Fst",0.0115239532251982,0,0.0395413261030213,0.104054450483633
"8547001","8557000",8552000.5,"Fst",0.011094614968523,0,0.0416107178205437,0.11190594344555
"8548001","8558000",8553000.5,"Fst",0.0115554276946681,0,0.0431821520876063,0.116358434564073
"8549001","8559000",8554000.5,"Fst",0.00913777873920651,0,0.0375837483415472,0.0890806590206323
"8550001","8560000",8555000.5,"Fst",0.00423643105966953,0,0.0240203526095191,0.0485262820875003
"8551001","8561000",8556000.5,"Fst",0.0336284840471707,0,0.0202976053855751,0.0424981522542497
"8552001","8562000",8557000.5,"Fst",0.0382917868678648,0,0.0192393921050047,0.0403650026838432
"8553001","8563000",8558000.5,"Fst",0.0360577740016992,0,0.0173943710447164,0.0379859311366161
"8554001","8564000",8559000.5,"Fst",0.0365943100490922,0,0.0171146914001703,0.034677087618264
"8555001","8565000",8560000.5,"Fst",0.0349242189043493,0,0.0162196722296096,0.0330329153605018
"8556001","8566000",8561000.5,"Fst",0.0348790498646407,0,0.0157614682740278,0.0317488737437911
"8557001","8567000",8562000.5,"Fst",0.0199423148839106,0,0.0233617050448881,0.0451689327109474
"8558001","8568000",8563000.5,"Fst",0.0191291588502134,0,0.0224346951131033,0.0432456195639722
"8559001","8569000",8564000.5,"Fst",0.034719207232672,0,0.0225344728390521,0.0547649877046805
"8560001","8570000",8565000.5,"Fst",0.0339137201832928,0,0.0230674835441927,0.0536501698130265
"8561001","8571000",8566000.5,"Fst",0.022158812685603,0,0.0234589604562376,0.0491300169046464
"8562001","8572000",8567000.5,"Fst",0.0178890082936772,0,0.0223217259576889,0.0454901884226316
"8563001","8573000",8568000.5,"Fst",0.0191026764710346,0,0.0220040723512491,0.0457705622875962
"8564001","8574000",8569000.5,"Fst",0.0183563334905245,0,0.020662477878702,0.0442856441708787
"8565001","8575000",8570000.5,"Fst",0.0183563334905245,0,0.0205789133416524,0.0444978158290863
"8566001","8576000",8571000.5,"Fst",0.0173059313699286,0,0.0197958591008742,0.042704947872121
"8567001","8577000",8572000.5,"Fst",0.0301571513825342,0,0.010877114998566,0.0259491105092564
"8568001","8578000",8573000.5,"Fst",0.0346647578143641,0,0.0173082743953051,0.0390814962467272
"8569001","8579000",8574000.5,"Fst",0.0195659319669872,0,0.0171527682124273,0.0421456739181532
"8570001","8580000",8575000.5,"Fst",0.0211008493750231,0,0.0179297719031796,0.0421699640534533
"8571001","8581000",8576000.5,"Fst",0.0214916911045943,0,0.0192208916170175,0.0435836794339332
"8572001","8582000",8577000.5,"Fst",0.0218231191754612,0,0.0195836737426724,0.0454403282151271
"8573001","8583000",8578000.5,"Fst",0.0211638786981252,0,0.0218926676470728,0.0511944786569466
"8574001","8584000",8579000.5,"Fst",0.0183467153747605,0,0.0187366638026345,0.0507382209509869
"8575001","8585000",8580000.5,"Fst",0.0225547203706329,0,0.0210342102548926,0.0485037878787878
"8576001","8586000",8581000.5,"Fst",0.0261420171867933,0,0.0241579047254724,0.0571197204108598
"8577001","8587000",8582000.5,"Fst",0.0422689693335647,0,0.027430186006013,0.0536269509634536
"8578001","8588000",8583000.5,"Fst",0.0411449202771517,0,0.0332399077867212,0.067037643207856
"8579001","8589000",8584000.5,"Fst",0.041854774973746,0,0.0341275620886726,0.0701931631406728
"8580001","8590000",8585000.5,"Fst",0.0435993729629754,0,0.0353832013156721,0.0731481190483673
"8581001","8591000",8586000.5,"Fst",0.0435993729629754,0,0.0353832013156721,0.0731481190483673
"8582001","8592000",8587000.5,"Fst",0.0474297632192369,0,0.0385353889381079,0.079584213090791
"8583001","8593000",8588000.5,"Fst",0.0452937257334529,0,0.0369122706154326,0.0758827922891243
"8584001","8594000",8589000.5,"Fst",0.0475183812285144,0,0.0393754624200546,0.0801680991804918
"8585001","8595000",8590000.5,"Fst",0.052476022188816,0,0.0382634520627079,0.0827501080046906
"8586001","8596000",8591000.5,"Fst",0.0519736786956705,0,0.0360434951757668,0.0808355398646661
"8587001","8597000",8592000.5,"Fst",0.0354540511147362,0,0.0349007707353628,0.0881980026052975
"8588001","8598000",8593000.5,"Fst",0.0361770009710085,0,0.0355967720328649,0.0899604939146456
"8589001","8599000",8594000.5,"Fst",0.0355714320429638,0,0.0345526900590118,0.0854631163205504
"8590001","8600000",8595000.5,"Fst",0.0284412245851835,0,0.0282753356624138,0.0661265258651863
"8591001","8601000",8596000.5,"Fst",0.023902936651281,0,0.0239470313330769,0.0572908886759232
"8592001","8602000",8597000.5,"Fst",0.0216030287640242,0,0.0237664576571184,0.051348972858002
"8593001","8603000",8598000.5,"Fst",0.0213521016617791,0,0.0244930382220357,0.0513590833973909
"8594001","8604000",8599000.5,"Fst",0.0210854724616194,0,0.0241903214308493,0.0507313176721366
"8595001","8605000",8600000.5,"Fst",0.00259525952595252,0,0.0159687773292472,0.0303362732570824
"8596001","8606000",8601000.5,"Fst",0.000122436486072686,0,0.0159172045838832,0.0300110310816949
"8597001","8607000",8602000.5,"Fst",0,0,0.0114885412872211,0.0193619272401726
"8598001","8608000",8603000.5,"Fst",0,0,0.0108350856201053,0.0197510846728973
"8599001","8609000",8604000.5,"Fst",0.00399592161096374,0,0.0202057622950516,0.0610779687175379
"8600001","8610000",8605000.5,"Fst",0.00464439970402497,0,0.022746876251582,0.0677781156042024
"8601001","8611000",8606000.5,"Fst",0.00498266244534906,0,0.0247668940396212,0.0741441341196543
"8602001","8612000",8607000.5,"Fst",0.0078617266717077,0,0.0251199539846341,0.0789353714132475
"8603001","8613000",8608000.5,"Fst",0.0106377915278438,0,0.0218673773784482,0.0633854768814541
"8604001","8614000",8609000.5,"Fst",0.00932024470052639,0,0.0265882923521767,0.0724803621355347
"8605001","8615000",8610000.5,"Fst",0.0212433230413868,0,0.0248831414960655,0.0632288708010788
"8606001","8616000",8611000.5,"Fst",0.0280475883937725,0,0.0246238869315315,0.0526354020212848
"8607001","8617000",8612000.5,"Fst",0.0296680451042868,0,0.0230223479167241,0.0492665654259713
"8608001","8618000",8613000.5,"Fst",0.0299288537549408,0,0.0225444254872154,0.0485650388365337
"8609001","8619000",8614000.5,"Fst",0.0355332425852469,0,0.0248195861709617,0.0489629979355154
"8610001","8620000",8615000.5,"Fst",0.0358158016385863,0,0.0250514874888677,0.0493375953057584
"8611001","8621000",8616000.5,"Fst",0.0379140019757709,0,0.0236790841578251,0.0467813496224759
"8612001","8622000",8617000.5,"Fst",0.0372286179887504,0,0.0241367699202804,0.0474528743819602
"8613001","8623000",8618000.5,"Fst",0.0382486197159356,0,0.0242937824370156,0.0506085494406003
"8614001","8624000",8619000.5,"Fst",0.0346616024000219,0,0.0253956256385972,0.0558824012482549
"8615001","8625000",8620000.5,"Fst",0.0309460488694111,0,0.0270366383087851,0.0621978089047576
"8616001","8626000",8621000.5,"Fst",0.0226382967827835,0,0.0291248632152987,0.0678847540209313
"8617001","8627000",8622000.5,"Fst",0.0201559925900101,0,0.0311415041853999,0.071286262042596
"8618001","8628000",8623000.5,"Fst",0.0208814010636866,0,0.0323177386622983,0.0737309574877634
"8619001","8629000",8624000.5,"Fst",0.0210566851509549,0,0.0321080714851918,0.0734354783792986
"8620001","8630000",8625000.5,"Fst",0.0215595056712375,0,0.0305287097889124,0.0721703521703522
"8621001","8631000",8626000.5,"Fst",0.0183529178862822,0,0.0317864310577428,0.0744633981798907
"8622001","8632000",8627000.5,"Fst",0.0190369327348998,0,0.0330305776829536,0.0771628716543969
"8623001","8633000",8628000.5,"Fst",0.0142794018465545,0,0.0332662570289391,0.0662042998054299
"8624001","8634000",8629000.5,"Fst",0.025134810386261,0,0.032468079661594,0.0757925215915333
"8625001","8635000",8630000.5,"Fst",0.0159559668541707,0,0.0327938663530739,0.066725951521927
"8626001","8636000",8631000.5,"Fst",0.00951851302585383,0,0.031018374537252,0.0940818544005795
"8627001","8637000",8632000.5,"Fst",0.01737623226086,0,0.0299351249734045,0.0888998367480993
"8628001","8638000",8633000.5,"Fst",0.01737623226086,0,0.0299351249734045,0.0888998367480993
"8629001","8639000",8634000.5,"Fst",0.0215580118805924,0,0.0290456758474281,0.0844466563444666
"8630001","8640000",8635000.5,"Fst",0.0186602870813398,0,0.0298649315812037,0.0884534846178683
"8631001","8641000",8636000.5,"Fst",0.0188789162396199,0,0.0316202144006447,0.0938024036453019
"8632001","8642000",8637000.5,"Fst",0.0183069790399633,0,0.0297109285923802,0.0863928998838195
"8633001","8643000",8638000.5,"Fst",0.0297237865379457,0,0.0212936784909126,0.0462153218192395
"8634001","8644000",8639000.5,"Fst",0.0278356228308105,0,0.0236296822342154,0.0516364235546126
"8635001","8645000",8640000.5,"Fst",0.0283134374043466,0,0.0243490093713516,0.0534094872689221
"8636001","8646000",8641000.5,"Fst",0.0276296727750646,0,0.0237627778165653,0.0523632943992648
"8637001","8647000",8642000.5,"Fst",0,0,0.0313459298477611,0.0876385323998329
"8638001","8648000",8643000.5,"Fst",0,0,0.0387740998630899,0.106319308970953
"8639001","8649000",8644000.5,"Fst",0,0,0.0411645680075117,0.109890384635991
"8640001","8650000",8645000.5,"Fst",0,0,0.0388373223275893,0.104952685960708
"8641001","8651000",8646000.5,"Fst",0,0,0.0378695136482635,0.10255778571595
"8642001","8652000",8647000.5,"Fst",0,0,0.0395672404584512,0.108841296443469
"8643001","8653000",8648000.5,"Fst",0,0,0.0471003095302193,0.132908259644309
"8644001","8654000",8649000.5,"Fst",0,0,0.0444024371572024,0.126906949733284
"8645001","8655000",8650000.5,"Fst",0,0,0.0416706456056124,0.120313111545988
"8646001","8656000",8651000.5,"Fst",0,0,0.0416186485430787,0.120461625879264
"8647001","8657000",8652000.5,"Fst",0.000845586347375082,0,0.0353417284476063,0.105621184874014
"8648001","8658000",8653000.5,"Fst",0.00407857646229748,0,0.0289325364130417,0.0867047774043441
"8649001","8659000",8654000.5,"Fst",0.00430011597823188,0,0.0365638385654228,0.117009671076952
"8650001","8660000",8655000.5,"Fst",0.00554580068598753,0,0.0401571786046116,0.123305194967164
"8651001","8661000",8656000.5,"Fst",0.00424634273772218,0,0.0408614403570404,0.127550495146583
"8652001","8662000",8657000.5,"Fst",0.00426778608596778,0,0.0383386629743696,0.124793511299062
"8653001","8663000",8658000.5,"Fst",0.0102574683000214,0,0.0287422922684016,0.0897322695725067
"8654001","8664000",8659000.5,"Fst",0.00684562845511871,0,0.0309916744064815,0.101105303262486
"8655001","8665000",8660000.5,"Fst",0.00926043653316377,0,0.0328164226959955,0.107859528631167
"8656001","8666000",8661000.5,"Fst",0.00926609266092659,0,0.0323054468778024,0.107838880232944
"8657001","8667000",8662000.5,"Fst",0.0109456892522202,0,0.033423410882116,0.116065973158398
"8658001","8668000",8663000.5,"Fst",0.0107481518374203,0,0.0328204248165223,0.113992716978508
"8659001","8669000",8664000.5,"Fst",0.0164426877470355,0,0.0286108356210115,0.0467906418716256
"8660001","8670000",8665000.5,"Fst",0.00430853153965283,0,0.0291402039838217,0.11003401933376
"8661001","8671000",8666000.5,"Fst",0.0033514670861462,0,0.0269383685987013,0.10465564738292
"8662001","8672000",8667000.5,"Fst",0.00405891677369341,0,0.0271544372189363,0.105454099493835
"8663001","8673000",8668000.5,"Fst",0.0030379636013439,0,0.0255711553857881,0.101660757997805
"8664001","8674000",8669000.5,"Fst",0.00250015968173145,0,0.0237571524836921,0.0901999274920197
"8665001","8675000",8670000.5,"Fst",0,0,0.0274606289504719,0.0964312832194382
"8666001","8676000",8671000.5,"Fst",0,0,0.0276201372477151,0.0992848189928482
"8667001","8677000",8672000.5,"Fst",0.00537695161685225,0,0.0235399381963551,0.0870573037489878
"8668001","8678000",8673000.5,"Fst",0.00547217909646747,0,0.0239167627191332,0.0883570623972817
"8669001","8679000",8674000.5,"Fst",0.0107050109805691,0,0.0233983541101087,0.0849898026368614
"8670001","8680000",8675000.5,"Fst",0.0222834826556397,0,0.0210985031418962,0.0366914961533278
"8671001","8681000",8676000.5,"Fst",0.0246822164630384,0,0.0220861171155318,0.0389111806579268
"8672001","8682000",8677000.5,"Fst",0.0243226212980466,0,0.0231206760439383,0.0397650433713543
"8673001","8683000",8678000.5,"Fst",0.0255280073461891,0,0.0237195560323013,0.0412964185222496
"8674001","8684000",8679000.5,"Fst",0.012570397971858,0,0.0300402693087709,0.0991204899712638
"8675001","8685000",8680000.5,"Fst",0.0123998220924282,0,0.0296313622216004,0.0976025243806237
"8676001","8686000",8681000.5,"Fst",0.012052181143561,0,0.0275967640610419,0.0916776454398531
"8677001","8687000",8682000.5,"Fst",0.0072135186819654,0,0.0305810426083656,0.102355688776918
"8678001","8688000",8683000.5,"Fst",0.00383002181051217,0,0.030089340163244,0.0869481416440908
"8679001","8689000",8684000.5,"Fst",0,0,0.0303377968276646,0.0907877620936582
"8680001","8690000",8685000.5,"Fst",0,0,0.0297497161528877,0.0921228149347634
"8681001","8691000",8686000.5,"Fst",0,0,0.0450233507037027,0.150922771704257
"8682001","8692000",8687000.5,"Fst",0,0,0.0446282714670985,0.149865982055563
"8683001","8693000",8688000.5,"Fst",0,0,0.0453462078490499,0.15067322659675
"8684001","8694000",8689000.5,"Fst",0,0,0.0396193392148863,0.132817537072856
"8685001","8695000",8690000.5,"Fst",0,0,0.0389002261145995,0.128655346452362
"8686001","8696000",8691000.5,"Fst",0,0,0.0408812038579406,0.133487747875058
"8687001","8697000",8692000.5,"Fst",0,0,0.03669576043326,0.121430304991506
"8688001","8698000",8693000.5,"Fst",0,0,0.0354418694628772,0.119464789248178
"8689001","8699000",8694000.5,"Fst",0,0,0.0363546141043612,0.121723053614321
"8690001","8700000",8695000.5,"Fst",0,0,0.0371384889399262,0.123720093053268
"8691001","8701000",8696000.5,"Fst",0.0118963287794458,0,0.0236717887527651,0.057290294246816
"8692001","8702000",8697000.5,"Fst",0.0112602604455965,0,0.0222486356850349,0.0550137466388712
"8693001","8703000",8698000.5,"Fst",0.0143339297924031,0,0.0212438989546879,0.0530242438499318
"8694001","8704000",8699000.5,"Fst",0.014167295733132,0,0.0210016243961525,0.0522498981469774
"8695001","8705000",8700000.5,"Fst",0.0154801197840388,0,0.0216384545125103,0.0529531770911081
"8696001","8706000",8701000.5,"Fst",0.0152998617352229,0,0.0213887184274259,0.0522665880850646
"8697001","8707000",8702000.5,"Fst",0.0113794411430016,0,0.0208314136371131,0.057438053566045
"8698001","8708000",8703000.5,"Fst",0.0197596468279921,0,0.0143402822272412,0.023815464803571
"8699001","8709000",8704000.5,"Fst",0.0238928303882255,0,0.0159707445776921,0.0291055567031605
"8700001","8710000",8705000.5,"Fst",0.0241938839192843,0,0.0178325383601629,0.0353631694790904
"8701001","8711000",8706000.5,"Fst",0.0124647999574943,0,0.0211629618100388,0.0410649851112279
"8702001","8712000",8707000.5,"Fst",0.0209239940387481,0,0.0240190003894132,0.0426198718625496
"8703001","8713000",8708000.5,"Fst",0.0132189707366297,0,0.0254520789907418,0.0474408367076751
"8704001","8714000",8709000.5,"Fst",0.0109496161789346,0,0.0216361840349044,0.038655536527877
"8705001","8715000",8710000.5,"Fst",0.0127437743774378,0,0.0208874300509934,0.0390843404060167
"8706001","8716000",8711000.5,"Fst",0.0130066985645932,0,0.0214539408989303,0.0401476406808711
"8707001","8717000",8712000.5,"Fst",0.0137976044226045,0,0.0218872782336166,0.0395023504313845
"8708001","8718000",8713000.5,"Fst",0.0137976044226045,0,0.0218872782336166,0.0395023504313845
"8709001","8719000",8714000.5,"Fst",0.0128283638307696,0,0.021017333455689,0.0371761470545666
"8710001","8720000",8715000.5,"Fst",0.00961825648683956,0,0.0207783219040035,0.0425514868749706
"8711001","8721000",8716000.5,"Fst",0.0168452036286432,0,0.0210795477948615,0.0470583472987962
"8712001","8722000",8717000.5,"Fst",0.012442471167903,0,0.0192305885371684,0.0489497964721846
"8713001","8723000",8718000.5,"Fst",0.01296558620115,0,0.0200975587061608,0.0517149311973711
"8714001","8724000",8719000.5,"Fst",0.0147470599215979,0,0.021604739920015,0.0545370428784725
"8715001","8725000",8720000.5,"Fst",0.0115758488499453,0,0.0237067545625569,0.0609159502320363
"8716001","8726000",8721000.5,"Fst",0.0142049744868773,0,0.0196500545793839,0.0488874381154453
"8717001","8727000",8722000.5,"Fst",0.0135417605189656,0,0.0197054799290424,0.0487625623321826
"8718001","8728000",8723000.5,"Fst",0.013578241312337,0,0.0193920089528722,0.046388931908523
"8719001","8729000",8724000.5,"Fst",0.0128081302622307,0,0.0195901394630512,0.0484712630665307
"8720001","8730000",8725000.5,"Fst",0.0132656895903793,0,0.0181760284389382,0.0452970528128468
"8721001","8731000",8726000.5,"Fst",0.00856471005812154,0,0.0190582437981317,0.0482452250610725
"8722001","8732000",8727000.5,"Fst",0.00857313652457803,0,0.0182255336803101,0.0462776272538477
"8723001","8733000",8728000.5,"Fst",0.00774063251208623,0,0.0181400665464654,0.0454464468537177
"8724001","8734000",8729000.5,"Fst",0.00752321147849955,0,0.0174457033649127,0.0440961704191845
"8725001","8735000",8730000.5,"Fst",0.0093194914043524,0,0.0165714346467907,0.0396204522967191
"8726001","8736000",8731000.5,"Fst",0.00476764525126472,0,0.0196147037454467,0.0377159382654116
"8727001","8737000",8732000.5,"Fst",0.00538901908659506,0,0.0195375656769306,0.0375638011125767
"8728001","8738000",8733000.5,"Fst",0.00469349709397959,0,0.0198747751159928,0.0384399949839068
"8729001","8739000",8734000.5,"Fst",0.00491483253588532,0,0.0207472703521271,0.0402426109560027
"8730001","8740000",8735000.5,"Fst",0.00731065443709134,0,0.00862199315663357,0.0102118500964516
"8731001","8741000",8736000.5,"Fst",0.0114643163662771,0,0.0133661441951689,0.0272860917416613
"8732001","8742000",8737000.5,"Fst",0.0201162308011622,0,0.0183755248936621,0.0511496828289467
"8733001","8743000",8738000.5,"Fst",0.0211795591916478,0,0.0175316642710836,0.04903670218491
"8734001","8744000",8739000.5,"Fst",0.0225749765698218,0,0.017278586278823,0.0471037094266556
"8735001","8745000",8740000.5,"Fst",0.0222815091487139,0,0.0198630591930374,0.0546578080267919
"8736001","8746000",8741000.5,"Fst",0.0223435579977278,0,0.0208577270561588,0.0574815512639346
"8737001","8747000",8742000.5,"Fst",0.0214615428023248,0,0.0204895690734977,0.0614956297972403
"8738001","8748000",8743000.5,"Fst",0.016360467175601,0,0.0176914539114018,0.0540092813430214
"8739001","8749000",8744000.5,"Fst",0.00570003986457945,0,0.0247951566940802,0.067788386398468
"8740001","8750000",8745000.5,"Fst",0.00596153513849773,0,0.0242376618881957,0.0652876918618872
"8741001","8751000",8746000.5,"Fst",0.00436670071501544,0,0.025132095435163,0.0694424847964531
"8742001","8752000",8747000.5,"Fst",0,0,0.0287396917423485,0.0864176365927793
"8743001","8753000",8748000.5,"Fst",0,0,0.0304136754902384,0.09177570215375
"8744001","8754000",8749000.5,"Fst",0,0,0.0332829939573878,0.0989390574882805
"8745001","8755000",8750000.5,"Fst",0,0,0.0309663417019976,0.0939303023309485
"8746001","8756000",8751000.5,"Fst",0,0,0.0305405583194122,0.0925105125582452
"8747001","8757000",8752000.5,"Fst",0,0,0.0315106173730681,0.0931164545025931
"8748001","8758000",8753000.5,"Fst",0,0,0.0389182030701083,0.125959222758074
"8749001","8759000",8754000.5,"Fst",0,0,0.0298959372941249,0.0951499094325341
"8750001","8760000",8755000.5,"Fst",0.000775821037601099,0,0.0244207433085576,0.0749597937747681
"8751001","8761000",8756000.5,"Fst",0.0012155365126677,0,0.0237351907491391,0.0724005872502055
"8752001","8762000",8757000.5,"Fst",0.00124683514068691,0,0.0243812090935797,0.0743217552212116
"8753001","8763000",8758000.5,"Fst",0.00121336091676139,0,0.0237373016614342,0.0724005872502055
"8754001","8764000",8759000.5,"Fst",0.000192246763219606,0,0.0351037333769836,0.109398078636735
"8755001","8765000",8760000.5,"Fst",0.000600550964187541,0,0.0364302736335171,0.111046064165429
"8756001","8766000",8761000.5,"Fst",0.000594497894713886,0,0.0360730573218171,0.110140951059649
"8757001","8767000",8762000.5,"Fst",0,0,0.0356129962116209,0.10495533423597
"8758001","8768000",8763000.5,"Fst",0,0,0.0318768904786143,0.0883012744021765
"8759001","8769000",8764000.5,"Fst",0,0,0.0315131745923941,0.0885733045014717
"8760001","8770000",8765000.5,"Fst",0,0,0.0438765870709178,0.132551980088983
"8761001","8771000",8766000.5,"Fst",0,0,0.0446105448105828,0.135904446709683
"8762001","8772000",8767000.5,"Fst",0,0,0.042420860922987,0.127244280638958
"8763001","8773000",8768000.5,"Fst",0,0,0.0414587359932844,0.123143435614576
"8764001","8774000",8769000.5,"Fst",0,0,0.0338193504961944,0.0978438711514147
"8765001","8775000",8770000.5,"Fst",0,0,0.033473429122991,0.0966599669312427
"8766001","8776000",8771000.5,"Fst",0,0,0.0338799637091383,0.0975123789122639
"8767001","8777000",8772000.5,"Fst",0.00120693011485318,0,0.0304170800657507,0.102365170626056
"8768001","8778000",8773000.5,"Fst",0.000479797979798025,0,0.0293083869303978,0.0994442909336526
"8769001","8779000",8774000.5,"Fst",0,0,0.0286297273036236,0.0974512516535559
"8770001","8780000",8775000.5,"Fst",0.00956979117600865,0,0.0133338195536002,0.0262282398452611
"8771001","8781000",8776000.5,"Fst",0.00180220250891627,0,0.024052973558412,0.0804652520233765
"8772001","8782000",8777000.5,"Fst",0.00159367184319203,0,0.0253806766925546,0.0822428411454167
"8773001","8783000",8778000.5,"Fst",0.000683430045132383,0,0.0274444698088973,0.0914704760954541
"8774001","8784000",8779000.5,"Fst",0.00381731424676213,0,0.0259464819212036,0.0865576051236537
"8775001","8785000",8780000.5,"Fst",0.00333772507685537,0,0.0266071462105341,0.0882656718956949
"8776001","8786000",8781000.5,"Fst",0.00389090909090917,0,0.0263069941246259,0.085402219960713
"8777001","8787000",8782000.5,"Fst",0.00394615526461373,0,0.0266761923092002,0.0863385951584829
"8778001","8788000",8783000.5,"Fst",0.00707276430290671,0,0.0270216822732302,0.0864059901158319
"8779001","8789000",8784000.5,"Fst",0.00717505634860993,0,0.0276119984043892,0.0878083652401492
"8780001","8790000",8785000.5,"Fst",0.00789767362005322,0,0.0287372928395466,0.0905189145640313
"8781001","8791000",8786000.5,"Fst",0.0230161537554533,0,0.0132952973991086,0.021715166241925
"8782001","8792000",8787000.5,"Fst",0.0256085444610035,0,0.0125314390850564,0.0203423569088349
"8783001","8793000",8788000.5,"Fst",0.0308822008480711,0,0.0175786950999216,0.0283921839477393
"8784001","8794000",8789000.5,"Fst",0.0168642951251647,0,0.0135002307011503,0.0282723018285327
"8785001","8795000",8790000.5,"Fst",0.0168642951251647,0,0.0135461325749814,0.0282723018285327
"8786001","8796000",8791000.5,"Fst",0.0163678124918435,0,0.0140582992398391,0.0295210982476117
"8787001","8797000",8792000.5,"Fst",0.016483465837078,0,0.0121139183394623,0.0253085175479855
"8788001","8798000",8793000.5,"Fst",0.0136941744488914,0,0.0130037187226612,0.0282519056733093
"8789001","8799000",8794000.5,"Fst",0.0146855243078263,0,0.0138721468231677,0.0302272223410158
"8790001","8800000",8795000.5,"Fst",0.0149172888303323,0,0.0143307220571839,0.0315055648878099
"8791001","8801000",8796000.5,"Fst",0.0155266647262379,0,0.0153575183090542,0.0336701499660882
"8792001","8802000",8797000.5,"Fst",0.0123987681076766,0,0.017935120051307,0.0403509724106739
"8793001","8803000",8798000.5,"Fst",0.00013080444735114,0,0.0232220463915379,0.0501818650014485
"8794001","8804000",8799000.5,"Fst",0.0201555453891903,0,0.0344507172092226,0.0625771922601894
"8795001","8805000",8800000.5,"Fst",0.0181465136804941,0,0.0311000281273644,0.0566952629615814
"8796001","8806000",8801000.5,"Fst",0.0174355495251018,0,0.0300266096903443,0.0546615121819652
"8797001","8807000",8802000.5,"Fst",0.0166477689588475,0,0.0366242920555498,0.0672268907563026
"8798001","8808000",8803000.5,"Fst",0.017551862713153,0,0.0201431523383081,0.0371728463551053
"8799001","8809000",8804000.5,"Fst",0.0119978991116897,0,0.0240881285146411,0.0663736526588031
