"start","end","position","variable","value","Q1Fst","Q3Fst","maxFst"
"1","10000",5000.5,"Fst",0.0011843590327858,0,0.0240766046131387,0.0622476509813285
"1001","11000",6000.5,"Fst",0.00108154119206916,0,0.0242317304278099,0.0625363590112118
"2001","12000",7000.5,"Fst",0.000339918834840636,0,0.0260505941098758,0.0709312437216546
"3001","13000",8000.5,"Fst",0,0,0.0263314165594348,0.0708887234388506
"4001","14000",9000.5,"Fst",0.00272189554387614,0,0.028772724142615,0.0791877104377103
"5001","15000",10000.5,"Fst",0.00552454829249827,0,0.0271951147160115,0.0685188133524385
"6001","16000",11000.5,"Fst",0.00769022549491893,0,0.0242317049730933,0.0633655555112335
"7001","17000",12000.5,"Fst",0.00882828282828274,0,0.0227381477286149,0.0594000024579988
"8001","18000",13000.5,"Fst",0.00805176318343592,0,0.0228246352249123,0.0609944751381215
"9001","19000",14000.5,"Fst",0.00304024543537085,0,0.0247461655551856,0.0679038024933045
"10001","20000",15000.5,"Fst",0.00072173511767426,0,0.0262257038030537,0.0768677909055849
"11001","21000",16000.5,"Fst",0.000718162532487132,0,0.0260805143850167,0.0765577806100179
"12001","22000",17000.5,"Fst",0.0011705524429183,0,0.0260741919945573,0.0757793682471956
"13001","23000",18000.5,"Fst",0.0015702841656372,0,0.0301756076576749,0.078572424369162
"14001","24000",19000.5,"Fst",0,0,0.0307132522097063,0.0720971328148514
"15001","25000",20000.5,"Fst",0,0,0.0319444488092744,0.0677227071387655
"16001","26000",21000.5,"Fst",0,0,0.0333413324604186,0.0707246017113411
"17001","27000",22000.5,"Fst",0,0,0.0345017315648877,0.073623612361236
"18001","28000",23000.5,"Fst",0,0,0.0329129134252278,0.0685575621662335
"19001","29000",24000.5,"Fst",0,0,0.0340407135596159,0.0730486962791863
"20001","30000",25000.5,"Fst",0,0,0.0335313630544062,0.0669633056840758
"21001","31000",26000.5,"Fst",0,0,0.033022769987585,0.0656788472964943
"22001","32000",27000.5,"Fst",0,0,0.0305373915423704,0.057372765261837
"23001","33000",28000.5,"Fst",0,0,0.0346990533849077,0.0583134939507258
"24001","34000",29000.5,"Fst",0,0,0.0390571008216002,0.07660724896019
"25001","35000",30000.5,"Fst",0,0,0.0390571008216002,0.07660724896019
"26001","36000",31000.5,"Fst",0,0,0.0436994892934694,0.0968886186277491
"27001","37000",32000.5,"Fst",0,0,0.0467466287549624,0.103160093159006
"28001","38000",33000.5,"Fst",0,0,0.0413189254241192,0.0924121015408165
"29001","39000",34000.5,"Fst",0,0,0.039919693819545,0.090084337053156
"30001","40000",35000.5,"Fst",0,0,0.0399151834567867,0.0901697859404956
"31001","41000",36000.5,"Fst",0,0,0.0387187143496043,0.0812084812084811
"32001","42000",37000.5,"Fst",0,0,0.0375750174809735,0.0790786300968959
"33001","43000",38000.5,"Fst",0,0,0.0350338784566769,0.0706247123513309
"34001","44000",39000.5,"Fst",0,0,0.036862421963432,0.0777185066158451
"35001","45000",40000.5,"Fst",0,0,0.0362009621584715,0.0748525523693309
"36001","46000",41000.5,"Fst",0,0,0.0309855224206782,0.0612590242332276
"37001","47000",42000.5,"Fst",0,0,0.0282183826962353,0.0579652833777887
"38001","48000",43000.5,"Fst",0,0,0.028836196029989,0.0684075442110614
"39001","49000",44000.5,"Fst",0,0,0.0313788068435445,0.0595366690995593
"40001","50000",45000.5,"Fst",0,0,0.0339673564644948,0.0721609754259009
"41001","51000",46000.5,"Fst",0,0,0.035397631249505,0.0787283124309571
"42001","52000",47000.5,"Fst",0,0,0.0375535795804756,0.0914407230196705
"43001","53000",48000.5,"Fst",0,0,0.0376383256245997,0.0927279981139946
"44001","54000",49000.5,"Fst",0,0,0.0332387604912711,0.0835582137161084
"45001","55000",50000.5,"Fst",0,0,0.03295273513651,0.0845230564805202
"46001","56000",51000.5,"Fst",0,0,0.029617043145666,0.0743254041428484
"47001","57000",52000.5,"Fst",0,0,0.0289297490684604,0.0740773903578076
"48001","58000",53000.5,"Fst",0,0,0.0284514642264389,0.0728948550499291
"49001","59000",54000.5,"Fst",0.000809101112131394,0,0.0284429884874449,0.0829023569023569
"50001","60000",55000.5,"Fst",0.00368387613601839,0,0.0232023039704664,0.0662457472901338
"51001","61000",56000.5,"Fst",0.000460624766180251,0,0.0240247229231122,0.0693123457613554
"52001","62000",57000.5,"Fst",0.00354872554465224,0,0.0188617974405598,0.0462917283341556
"53001","63000",58000.5,"Fst",0,0,0.0278742781241582,0.0671693026712772
"54001","64000",59000.5,"Fst",0.00764679687003,0,0.0234886822000808,0.0576818691970207
"55001","65000",60000.5,"Fst",0,0,0.0400993479587893,0.0919945725915876
"56001","66000",61000.5,"Fst",0,0,0.0386483340780736,0.0905053738020332
"57001","67000",62000.5,"Fst",0,0,0.0400900149910867,0.0922788254057604
"58001","68000",63000.5,"Fst",0,0,0.035091690939822,0.0808400360286333
"59001","69000",64000.5,"Fst",0,0,0.0341293689931059,0.0795991247626124
"60001","70000",65000.5,"Fst",0,0,0.031138784945134,0.0743151707857591
"61001","71000",66000.5,"Fst",0,0,0.030891380475382,0.0736593798049835
"62001","72000",67000.5,"Fst",0,0,0.0293338805042275,0.0683040290152173
"63001","73000",68000.5,"Fst",0,0,0.024429919825151,0.0544508037919458
"64001","74000",69000.5,"Fst",0,0,0.0245538448647733,0.0550746905676481
"65001","75000",70000.5,"Fst",0,0,0.0252891091036654,0.0439808418531824
"66001","76000",71000.5,"Fst",0,0,0.0272713431367778,0.0506059937018488
"67001","77000",72000.5,"Fst",0,0,0.026888031961308,0.0500727233007756
"68001","78000",73000.5,"Fst",0,0,0.0235277677410935,0.0526344335092259
"69001","79000",74000.5,"Fst",0,0,0.0267832157962973,0.0742430567332402
"70001","80000",75000.5,"Fst",0.000288329302413848,0,0.026740676491394,0.0861958472186619
"71001","81000",76000.5,"Fst",0.000288329302413848,0,0.026740676491394,0.0861958472186619
"72001","82000",77000.5,"Fst",0.00154099503563998,0,0.0308091765550045,0.105445688873196
"73001","83000",78000.5,"Fst",0.00197527233515904,0,0.0313152356028498,0.111811360182371
"74001","84000",79000.5,"Fst",0,0,0.0515468918156592,0.129543962275413
"75001","85000",80000.5,"Fst",0.00261505137582718,0,0.048357997057195,0.148225657141952
"76001","86000",81000.5,"Fst",0.00863758636673906,0,0.0525486672053451,0.179770053576569
"77001","87000",82000.5,"Fst",0.0138996770868447,0,0.0563501108483192,0.20278688299882
"78001","88000",83000.5,"Fst",0.0147287994724148,0,0.0568396562937107,0.206491836323841
"79001","89000",84000.5,"Fst",0.0157095170260612,0,0.0575439656273845,0.209410282596338
"80001","90000",85000.5,"Fst",0.016237212893264,0,0.0575282607231089,0.211832127784362
"81001","91000",86000.5,"Fst",0.0176904839357253,0,0.0579390460107755,0.217966985066878
"82001","92000",87000.5,"Fst",0.0186493043083081,0,0.0583765360880998,0.221742397873013
"83001","93000",88000.5,"Fst",0.020013600046878,0,0.0592294951986517,0.224858597873025
"84001","94000",89000.5,"Fst",0.0261182604538808,0,0.0625717603949597,0.234495178228087
"85001","95000",90000.5,"Fst",0.0301772345365593,0,0.0656316108318673,0.239283012613911
"86001","96000",91000.5,"Fst",0.0320590861926818,0,0.0655418014311109,0.238924617047781
"87001","97000",92000.5,"Fst",0.0342073459813697,0,0.0649333012152807,0.236812744580805
"88001","98000",93000.5,"Fst",0.0347157416396136,0,0.0652641840400511,0.23634251604603
"89001","99000",94000.5,"Fst",0.0352962141106272,0,0.0656194452086287,0.234970646884956
"90001","1e+05",95000.5,"Fst",0.0362440499056336,0,0.0664816120487128,0.234383177367784
"91001","101000",96000.5,"Fst",0.0390918485010215,0,0.0667515522153792,0.231773419529472
"92001","102000",97000.5,"Fst",0.043928885893492,0,0.0619081267175408,0.228537498389163
"93001","103000",98000.5,"Fst",0.0503794502240198,0,0.0588257267231295,0.220130692846845
"94001","104000",99000.5,"Fst",0.0494528211308036,0,0.0566956602658794,0.212637645235916
"95001","105000",100000.5,"Fst",0.0475819824343906,0,0.0543154092934509,0.200381854550889
"96001","106000",101000.5,"Fst",0.041457962554282,0,0.0450533380138843,0.167108936188721
"97001","107000",102000.5,"Fst",0.0147324996220219,0,0.0170403868422149,0.0280454545454545
"98001","108000",103000.5,"Fst",0.0149919230844086,0,0.0159885131106619,0.0245287981064257
"99001","109000",104000.5,"Fst",0.0115462020585358,0,0.014238687547988,0.0353338359708187
"100001","110000",105000.5,"Fst",0.00478496008241047,0,0.015533694564508,0.039443267642625
"101001","111000",106000.5,"Fst",0.0107170928626481,0,0.0138136355401082,0.0362881640430069
"102001","112000",107000.5,"Fst",0.0110296999849239,0,0.0139509139755068,0.0353075875958007
"103001","113000",108000.5,"Fst",0.0111102346677184,0,0.01864868900134,0.0469911362836388
"104001","114000",109000.5,"Fst",0.0112468559108876,0,0.0188816368939743,0.0475535435569631
"105001","115000",110000.5,"Fst",0.0455011588916742,0,0.0588833422275031,0.127888511843969
"106001","116000",111000.5,"Fst",0.0460455347860367,0,0.0612601884468285,0.130158144950034
"107001","117000",112000.5,"Fst",0.0488000704613829,0,0.065110064926727,0.13854320396132
"108001","118000",113000.5,"Fst",0.0504139016678201,0,0.0667187048238309,0.142732914449879
"109001","119000",114000.5,"Fst",0.0510271992002116,0,0.0673542162945621,0.145138749582079
"110001","120000",115000.5,"Fst",0.0518077492296868,0,0.0683939323725357,0.147096061191886
"111001","121000",116000.5,"Fst",0.0519068938760576,0,0.0691079212554016,0.148407322103298
"112001","122000",117000.5,"Fst",0.0520125504993539,0,0.0692724172309258,0.148768672747332
"113001","123000",118000.5,"Fst",0.0524787213529281,0,0.0698560561438673,0.150040719990017
"114001","124000",119000.5,"Fst",0.0525807765955844,0,0.0699677386511736,0.150328637063994
"115001","125000",120000.5,"Fst",0.0529982458262496,0,0.0704481169293031,0.151519387162358
"116001","126000",121000.5,"Fst",0.0533761430124081,0,0.0708552122662363,0.15251132387735
"117001","127000",122000.5,"Fst",0.0533536517173946,0,0.0708207597920741,0.152437834451166
"118001","128000",123000.5,"Fst",0.0532482899871007,0,0.070903252467643,0.152533553071428
"119001","129000",124000.5,"Fst",0.0535671176052088,0,0.0711610702032391,0.153001964957251
"120001","130000",125000.5,"Fst",0.0533039619378276,0,0.0707884430624065,0.152222582448685
"121001","131000",126000.5,"Fst",0.0533404894162437,0,0.0705044813780153,0.1519915207253
"122001","132000",127000.5,"Fst",0.0533669240872943,0,0.0705507946059973,0.152073193397427
"123001","133000",128000.5,"Fst",0.0534076345058885,0,0.070616070815307,0.152198993884091
"124001","134000",129000.5,"Fst",0.053464196846975,0,0.0707039526126448,0.152401017277694
"125001","135000",130000.5,"Fst",0.0524795306105161,0,0.0705347376814205,0.151987102060506
"126001","136000",131000.5,"Fst",0.0501042777699278,0,0.0718194168952846,0.149009787696879
"127001","137000",132000.5,"Fst",0.0460842210021825,0,0.0651641301678452,0.143792876506099
"128001","138000",133000.5,"Fst",0.0441384802038821,0,0.0644393759500792,0.142378312284428
"129001","139000",134000.5,"Fst",0.0405828417277572,0,0.0655479761522441,0.139671855826626
"130001","140000",135000.5,"Fst",0.0386946630631702,0,0.0657513108185981,0.138579774303232
"131001","141000",136000.5,"Fst",0.0366325177509467,0,0.0648746681536136,0.139413006750157
"132001","142000",137000.5,"Fst",0.0354996979107975,0,0.0629272672108232,0.138126702259928
"133001","143000",138000.5,"Fst",0.033594682274471,0,0.0608465907896128,0.137383569444107
"134001","144000",139000.5,"Fst",0.0307275682557004,0,0.0600756340622281,0.137909040488075
"135001","145000",140000.5,"Fst",0.0293513335759009,0,0.059236545039846,0.137447250040218
"136001","146000",141000.5,"Fst",0.0294180528181615,0,0.0592925289968677,0.137488365456403
"137001","147000",142000.5,"Fst",0.0268899314893702,0,0.056202159468105,0.131258280747818
"138001","148000",143000.5,"Fst",0.0164870674710492,0,0.059010223027984,0.136825283591516
"139001","149000",144000.5,"Fst",0.0108777589168314,0,0.0534699368728142,0.145316755581879
"140001","150000",145000.5,"Fst",0.0062854495740402,0,0.0517480965713315,0.150199317177449
"141001","151000",146000.5,"Fst",0.00142635672197111,0,0.0560699126736509,0.152769605890447
"142001","152000",147000.5,"Fst",0,0,0.0584745159733496,0.15543298481895
"143001","153000",148000.5,"Fst",0,0,0.0614587023785213,0.159378199797416
"144001","154000",149000.5,"Fst",0,0,0.0630505741597614,0.159046939942425
"145001","155000",150000.5,"Fst",0,0,0.063198909415224,0.157087318667997
"146001","156000",151000.5,"Fst",0,0,0.0656921257996825,0.15784090343764
"147001","157000",152000.5,"Fst",0,0,0.0618111645686126,0.153156455981921
"148001","158000",153000.5,"Fst",0,0,0.0559818196171665,0.142020082866195
"149001","159000",154000.5,"Fst",0,0,0.0572855028212543,0.136134201084584
"150001","160000",155000.5,"Fst",0,0,0.0577643637451167,0.132447411664836
"151001","161000",156000.5,"Fst",0.000226680099561505,0,0.0543182698425889,0.121930145743058
"152001","162000",157000.5,"Fst",0.0055919970982361,0,0.0547631629219814,0.110614612825915
"153001","163000",158000.5,"Fst",0.0126723273246192,0,0.0599054717458738,0.120366685525514
"154001","164000",159000.5,"Fst",0.00808558752918009,0,0.0597405444300776,0.123114989342754
"155001","165000",160000.5,"Fst",0.00554015555865162,0,0.059301343186536,0.120425673807316
"156001","166000",161000.5,"Fst",0.00440493729340252,0,0.0594452044504336,0.120937154152637
"157001","167000",162000.5,"Fst",0.00160387281086516,0,0.057214463926814,0.122082588058569
"158001","168000",163000.5,"Fst",0.010206841073828,0,0.0530143780230738,0.128460842872726
"159001","169000",164000.5,"Fst",0.0176162519579592,0,0.0587297668389164,0.133043655373752
"160001","170000",165000.5,"Fst",0.0176234935952035,0,0.0575805614815381,0.130605800046901
"161001","171000",166000.5,"Fst",0.0182081825372098,0,0.0475087319765584,0.103378306028483
"162001","172000",167000.5,"Fst",0.0193977996525768,0,0.0355058546961488,0.0683570575450825
"163001","173000",168000.5,"Fst",0.0134142316772867,0,0.0422985711425637,0.0872560365935269
"164001","174000",169000.5,"Fst",0.0131823171340186,0,0.0417502298521712,0.0860047336359755
"165001","175000",170000.5,"Fst",0.0147861855727026,0,0.0463736633962304,0.0957264957264957
"166001","176000",171000.5,"Fst",0.0147861855727026,0,0.0464257170774574,0.0959156785243742
"167001","177000",172000.5,"Fst",0.0124219741075855,0,0.0438908179134226,0.0883186452393294
"168001","178000",173000.5,"Fst",0.0152095913188065,0,0.0413585788081601,0.0852318409296012
"169001","179000",174000.5,"Fst",0.0131286636860408,0,0.0250678484507443,0.0538316498316498
"170001","180000",175000.5,"Fst",0.0114131615607785,0,0.011085240550735,0.0197735123859255
"171001","181000",176000.5,"Fst",0.0111177510520156,0,0.0108325032440611,0.019325899119048
"172001","182000",177000.5,"Fst",0.0323603603603604,0,0.0323398327235705,0.0969788519637462
"173001","183000",178000.5,"Fst",0.0257020493739303,0,0.0277288772491037,0.0724894489668221
"174001","184000",179000.5,"Fst",0.0203412140079603,0,0.0354673949443303,0.0672118023545406
"175001","185000",180000.5,"Fst",0.0203412140079603,0,0.0354673949443303,0.0672118023545406
"176001","186000",181000.5,"Fst",0.0204379574448171,0,0.0356326779381649,0.0675202096326432
"177001","187000",182000.5,"Fst",0.0209456778530315,0,0.0359567686554598,0.0686830210832868
"178001","188000",183000.5,"Fst",0.0207387949204613,0,0.0367599960979918,0.0701188796176314
"179001","189000",184000.5,"Fst",0.0208533124758774,0,0.0345215700336312,0.068137630790373
"180001","190000",185000.5,"Fst",0.0222691704314928,0,0.0350608270443113,0.069917855841064
"181001","191000",186000.5,"Fst",0.0225480674997118,0,0.0348770493764402,0.0700152778853869
"182001","192000",187000.5,"Fst",0.0162795484770694,0,0.0348091653705992,0.0576014270289019
"183001","193000",188000.5,"Fst",0.0152146944246212,0,0.0390764904556889,0.0630670555119838
"184001","194000",189000.5,"Fst",0.0117603569825468,0,0.029054139619221,0.0773903342528631
"185001","195000",190000.5,"Fst",0.0117603569825468,0,0.029054139619221,0.0773903342528631
"186001","196000",191000.5,"Fst",0.0150012661433274,0,0.0291009728641314,0.0742263195198474
"187001","197000",192000.5,"Fst",0.0147850502277409,0,0.028711543192482,0.0731945795741785
"188001","198000",193000.5,"Fst",0.0135749148495382,0,0.0289049323523484,0.0693539108258328
"189001","199000",194000.5,"Fst",0.0117380393426697,0,0.03459403596743,0.0796886435847319
"190001","2e+05",195000.5,"Fst",0.0060123143788483,0,0.0317534734212512,0.0765725064306912
"191001","201000",196000.5,"Fst",0.00809448449680561,0,0.0315314941122996,0.0742428318470365
"192001","202000",197000.5,"Fst",0.00898185678440455,0,0.0364315032969363,0.0834116127450014
"193001","203000",198000.5,"Fst",0.0100323291192644,0,0.037357021480708,0.0851390157942825
"194001","204000",199000.5,"Fst",0.0208931419457735,0,0.0221717115800996,0.0513655921400795
"195001","205000",200000.5,"Fst",0.011935121294001,0,0.0325161095225813,0.0909795381939938
"196001","206000",201000.5,"Fst",0.00798222539272064,0,0.0328272418061715,0.0844184418441843
"197001","207000",202000.5,"Fst",0.00819318277158709,0,0.0336308782346609,0.086414823914824
"198001","208000",203000.5,"Fst",0.00983735661701757,0,0.0377172727108905,0.0958692617229202
"199001","209000",204000.5,"Fst",0.00991769547325105,0,0.0414989868073876,0.105395854022958
"200001","210000",205000.5,"Fst",0.0131716545055048,0,0.0496080772190721,0.122916524521898
"201001","211000",206000.5,"Fst",0.0033604527767952,0,0.049637683952379,0.123350307240885
"202001","212000",207000.5,"Fst",0.00408656827483578,0,0.0448244008305265,0.111615118680248
"203001","213000",208000.5,"Fst",0.00230189512187406,0,0.0461521437043077,0.11403830514908
"204001","214000",209000.5,"Fst",0.00229631959735765,0,0.0461521437043077,0.114371317720897
"205001","215000",210000.5,"Fst",0.00857901898529101,0,0.0110576334894159,0.0173717371737173
"206001","216000",211000.5,"Fst",0.00122092064015833,0,0.0098021141227137,0.0106945851626701
"207001","217000",212000.5,"Fst",0.00122092064015833,0,0.0098021141227137,0.0106945851626701
"208001","218000",213000.5,"Fst",0.00122092064015833,0,0.00983232085988383,0.0106945851626701
"209001","219000",214000.5,"Fst",0.0172458335980349,0,0.0140102257231916,0.0244308080518438
"210001","220000",215000.5,"Fst",0.0134678888772399,0,0.0253719722534496,0.0747747228583128
"211001","221000",216000.5,"Fst",0.0158265792080272,0,0.0284306020544763,0.0843339093540521
"212001","222000",217000.5,"Fst",0.0248790910768713,0,0.0276643455615951,0.0840008648218243
"213001","223000",218000.5,"Fst",0.0258473308286663,0,0.0289015651759784,0.0874023653256005
"214001","224000",219000.5,"Fst",0.0216863147328307,0,0.0282685251336645,0.0653580112982011
"215001","225000",220000.5,"Fst",0.0128311115288794,0,0.0290517057577264,0.0936833915589242
"216001","226000",221000.5,"Fst",0.0128311115288794,0,0.0290517057577264,0.0936833915589242
"217001","227000",222000.5,"Fst",0.0128653047643259,0,0.027830234179787,0.0914863537473199
"218001","228000",223000.5,"Fst",0.012963700570145,0,0.0269342051389717,0.090042294931367
"219001","229000",224000.5,"Fst",0.00954888858446101,0,0.0271484982987925,0.0915961972739761
"220001","230000",225000.5,"Fst",0.00917333333333314,0,0.0310459178481769,0.0915770519837977
"221001","231000",226000.5,"Fst",0.0107215820871129,0,0.0290789617289792,0.0848529694991537
"222001","232000",227000.5,"Fst",0.00447306674654302,0,0.0303547742491261,0.0860749892225504
"223001","233000",228000.5,"Fst",0.00498876935808013,0,0.0287573686664173,0.0781547679643985
"224001","234000",229000.5,"Fst",0.00400703734037056,0,0.0304708095360064,0.0883207849162196
"225001","235000",230000.5,"Fst",0.00993314231136577,0,0.0131899065497531,0.0228737563480527
"226001","236000",231000.5,"Fst",0.023841059602649,0,0.0160921254428507,0.0262463330165335
"227001","237000",232000.5,"Fst",0.0243978243978243,0,0.0166334062697352,0.0282691268718579
"228001","238000",233000.5,"Fst",0.0255401394353559,0,0.0168106894374991,0.0263579355542316
"229001","239000",234000.5,"Fst",0.0248374152483742,0,0.0163950227123946,0.0270044442291624
"230001","240000",235000.5,"Fst",0.0245768947755701,0,0.0162372974142969,0.0267955591596707
"231001","241000",236000.5,"Fst",0.0232232232232231,0,0.0168435544818594,0.0276386858665341
"232001","242000",237000.5,"Fst",0.027841845140033,0,0.0196421039607397,0.0324264579583727
"233001","243000",238000.5,"Fst",0.0308230144391074,0,0.0228517033217576,0.0381371858116045
"234001","244000",239000.5,"Fst",0.014105541395261,0,0.0293202223638702,0.0728186294662027
"235001","245000",240000.5,"Fst",0.0221806400194049,0,0.0253729347676393,0.0649443405011489
"236001","246000",241000.5,"Fst",0.0091098353416188,0,0.0283022899953447,0.0804216776226107
"237001","247000",242000.5,"Fst",0.0613879655725895,0,0.0495426745761044,0.105011993118085
"238001","248000",243000.5,"Fst",0.0792306291304575,0,0.0599813550615729,0.132607785863141
"239001","249000",244000.5,"Fst",0.0802690375768137,0,0.061006905028413,0.134404737921787
"240001","250000",245000.5,"Fst",0.0800989576461275,0,0.0610995147374851,0.134411882690952
"241001","251000",246000.5,"Fst",0.0791616452711554,0,0.0610007572076963,0.132903323002755
"242001","252000",247000.5,"Fst",0.0786066416056401,0,0.0605704046577976,0.131919547964666
"243001","253000",248000.5,"Fst",0.0777885760257442,0,0.0598487120007188,0.130375446797101
"244001","254000",249000.5,"Fst",0.0868710392231584,0,0.0631643647514413,0.144685804204704
"245001","255000",250000.5,"Fst",0.0853019805444748,0,0.0635322006473469,0.139997751762458
"246001","256000",251000.5,"Fst",0.0852070508645504,0,0.0633646239161412,0.140206947524021
"247001","257000",252000.5,"Fst",0.0783598136423366,0,0.056143855752921,0.122344178110285
"248001","258000",253000.5,"Fst",0.020123067907113,0,0.0136111462195921,0.0210979574615938
"249001","259000",254000.5,"Fst",0.0196790601045922,0,0.0133510679328395,0.0206249848363539
"250001","260000",255000.5,"Fst",0.0200493305144468,0,0.0125861188881267,0.0194151220947336
"251001","261000",256000.5,"Fst",0.0234049864457256,0,0.0130907174500623,0.0227918697315066
"252001","262000",257000.5,"Fst",0.0220013401831584,0,0.0132974506588617,0.0230668972604458
"253001","263000",258000.5,"Fst",0.0198829559085457,0,0.0130220733190814,0.0242355763423096
"254001","264000",259000.5,"Fst",0.0306758976529512,0,0.0158150819026372,0.038687444725687
"255001","265000",260000.5,"Fst",0.0282460365241823,0,0.0168718162210484,0.0507858411917452
"256001","266000",261000.5,"Fst",0.0283922490874796,0,0.0172838442493101,0.0489856240763133
"257001","267000",262000.5,"Fst",0.022039904135974,0,0.0203274839557935,0.0581327018374775
"258001","268000",263000.5,"Fst",0.0223827993553301,0,0.023415980355939,0.0681976928775532
"259001","269000",264000.5,"Fst",0.0114671240708977,0,0.0363550525576555,0.107221313390979
"260001","270000",265000.5,"Fst",0.010405186001588,0,0.0377989406609565,0.112489358275235
"261001","271000",266000.5,"Fst",0.0254690382081687,0,0.0278980191017691,0.0749896788043928
"262001","272000",267000.5,"Fst",0.0265384355807519,0,0.0281042873113335,0.0762418097661651
"263001","273000",268000.5,"Fst",0.0291290387316878,0,0.0298817080837804,0.0817162753173963
"264001","274000",269000.5,"Fst",0.0219973879548349,0,0.0328871080378738,0.0950229377650826
"265001","275000",270000.5,"Fst",0.0216166384537747,0,0.0318647447863138,0.0918140203533463
"266001","276000",271000.5,"Fst",0.0634115934115935,0,0.0453133720336565,0.1807447102605
"267001","277000",272000.5,"Fst",0.0633450145674536,0,0.0453733857191785,0.180922458640919
"268001","278000",273000.5,"Fst",0.0561139833157951,0,0.0422104032215137,0.158854515230673
"269001","279000",274000.5,"Fst",0.0641258109550793,0,0.0472737352208602,0.172602591207242
"270001","280000",275000.5,"Fst",0.0662644290084337,0,0.0484744176614204,0.177218365810822
"271001","281000",276000.5,"Fst",0.0758322431888369,0,0.0494759427836806,0.180530161427358
"272001","282000",277000.5,"Fst",0.0718007625642437,0,0.047256212569611,0.164054514480409
"273001","283000",278000.5,"Fst",0.0718007625642437,0,0.047256212569611,0.164054514480409
"274001","284000",279000.5,"Fst",0.0720683125441041,0,0.0439280065550083,0.156155409653882
"275001","285000",280000.5,"Fst",0.0642403136643693,0,0.037333212284624,0.122659862985781
"276001","286000",281000.5,"Fst",0.0309528604610573,0,0.026170394654036,0.0817172568858909
"277001","287000",282000.5,"Fst",0.0313416806014383,0,0.0264536401263847,0.0825701100461483
"278001","288000",283000.5,"Fst",0.0341218714638295,0,0.0258963216127896,0.0433228498465686
"279001","289000",284000.5,"Fst",0.0233472338059494,0,0.0286757654386485,0.0668079238556486
"280001","290000",285000.5,"Fst",0.0181889651229274,0,0.0254562175313449,0.0743258138420965
"281001","291000",286000.5,"Fst",0.0180427071016206,0,0.0250569226875452,0.0724439517122444
"282001","292000",287000.5,"Fst",0.0161417679572314,0,0.0271784604714925,0.0808399243199653
"283001","293000",288000.5,"Fst",0.0159961901897386,0,0.0263574474439328,0.0788324420677362
"284001","294000",289000.5,"Fst",0.0109281897324203,0,0.0279804260265017,0.0804773730684327
"285001","295000",290000.5,"Fst",0.000391006842619723,0,0.0389386841350359,0.126669869349385
"286001","296000",291000.5,"Fst",0,0,0.0366541418494813,0.105503255116856
"287001","297000",292000.5,"Fst",0,0,0.036186622960744,0.10437401538319
"288001","298000",293000.5,"Fst",0,0,0.0380501704663459,0.109743739647277
"289001","299000",294000.5,"Fst",0.00507326295887811,0,0.0398497602095665,0.0911697830146663
"290001","3e+05",295000.5,"Fst",0.0150454824487974,0,0.0420529277537688,0.0956380846799982
"291001","301000",296000.5,"Fst",0.0153692262430126,0,0.0441326161849567,0.100546435761373
"292001","302000",297000.5,"Fst",0,0,0.0555944337004371,0.109461168732608
"293001","303000",298000.5,"Fst",0,0,0.0584348462762613,0.120979450726767
"294001","304000",299000.5,"Fst",0,0,0.0586384634734271,0.121811696347621
"295001","305000",300000.5,"Fst",0,0,0.0583850409250092,0.120909979561006
"296001","306000",301000.5,"Fst",0,0,0.0571793789450592,0.121574389352737
"297001","307000",302000.5,"Fst",0,0,0.0572459640491065,0.121465326078936
"298001","308000",303000.5,"Fst",0.000324135875799492,0,0.0558661670685291,0.119783457457526
"299001","309000",304000.5,"Fst",0,0,0.0596705771249377,0.134570557647481
"300001","310000",305000.5,"Fst",0,0,0.0618323403591713,0.141300217913617
"301001","311000",306000.5,"Fst",0,0,0.0586963021183946,0.133192081043501
"302001","312000",307000.5,"Fst",0.00820524081393648,0,0.0402985292559214,0.100036954915004
"303001","313000",308000.5,"Fst",0.0319495533368365,0,0.0176105525571548,0.0296410295871647
"304001","314000",309000.5,"Fst",0.0334986225895316,0,0.0183755596881449,0.0308923659285755
"305001","315000",310000.5,"Fst",0.0389244558258641,0,0.0212613573544287,0.0353722256402721
"306001","316000",311000.5,"Fst",0.0368484848484847,0,0.0202439247980782,0.0334520191055145
"307001","317000",312000.5,"Fst",0.0110485384821669,0,0.0489694469173914,0.10644046266779
"308001","318000",313000.5,"Fst",0.00405005564754735,0,0.0346598458097709,0.0731954047727946
"309001","319000",314000.5,"Fst",0.00575528585604157,0,0.0328869170675591,0.0685044971797345
"310001","320000",315000.5,"Fst",0.00363736428678629,0,0.0328149593854242,0.0674761590644419
"311001","321000",316000.5,"Fst",0.019425158641284,0,0.0332662376167373,0.0836642132484583
"312001","322000",317000.5,"Fst",0.0191845461918455,0,0.0329030203070024,0.0827766734239996
"313001","323000",318000.5,"Fst",0.0193947525342875,0,0.0333191852510167,0.0837925607156378
"314001","324000",319000.5,"Fst",0.0184696195343557,0,0.0317378501591504,0.0802235531987946
"315001","325000",320000.5,"Fst",0.0180656807609526,0,0.0310668184197621,0.0783816019978383
"316001","326000",321000.5,"Fst",0.0182788900597121,0,0.0314360379818466,0.079176942337017
"317001","327000",322000.5,"Fst",0.029993239369122,0,0.0246194035188997,0.0509231955722904
"318001","328000",323000.5,"Fst",0.0440740615526782,0,0.032404007189484,0.0710002499026542
"319001","329000",324000.5,"Fst",0.0453224649986793,0,0.0377274058568061,0.0791830285387373
"320001","330000",325000.5,"Fst",0.0516644136532612,0,0.0412614076170382,0.0894684331423002
"321001","331000",326000.5,"Fst",0.0129171151776104,0,0.014769668109668,0.0179552728517078
"322001","332000",327000.5,"Fst",0.0137457044673539,0,0.0156386576202128,0.0191607505343315
"323001","333000",328000.5,"Fst",0,0,0.0429137778287807,0.109476706293879
"324001","334000",329000.5,"Fst",0.0227430440938066,0,0.0495695850407802,0.135959973321146
"325001","335000",330000.5,"Fst",0.00504880282433373,0,0.0526931508378112,0.139925503359963
"326001","336000",331000.5,"Fst",0.00221757011565937,0,0.0562383698371073,0.143258629624877
"327001","337000",332000.5,"Fst",0.0121345175132221,0,0.0544784467136774,0.138194446964556
"328001","338000",333000.5,"Fst",0.0108315589934326,0,0.0507428477625004,0.127317397123179
"329001","339000",334000.5,"Fst",0.00737134734644074,0,0.0446707545405765,0.109526177858294
"330001","340000",335000.5,"Fst",0.00972950986373811,0,0.0398148034478779,0.0987232845428896
"331001","341000",336000.5,"Fst",0.01066159992205,0,0.0403708055757109,0.101450226808038
"332001","342000",337000.5,"Fst",0.00942364474893165,0,0.0372605462193351,0.0954649881146834
"333001","343000",338000.5,"Fst",0.011085720693555,0,0.0378903013917606,0.0921233925688268
"334001","344000",339000.5,"Fst",0.00509123813997059,0,0.0339600772729751,0.0790931473901052
"335001","345000",340000.5,"Fst",0.00931088758543031,0,0.0303311433871606,0.06561704747363
"336001","346000",341000.5,"Fst",0.010270870136341,0,0.0280174114757218,0.0657000429264379
"337001","347000",342000.5,"Fst",0.00455005783404394,0,0.028393085629015,0.0684478065243096
"338001","348000",343000.5,"Fst",0.00418313570487505,0,0.0293721815818602,0.0751565433115809
"339001","349000",344000.5,"Fst",0.00910920162707296,0,0.028626001809944,0.0730484215085407
"340001","350000",345000.5,"Fst",0.00343677415869914,0,0.029002149912357,0.0784158037094524
"341001","351000",346000.5,"Fst",0.0060668980728964,0,0.0303885397089222,0.081202973409116
"342001","352000",347000.5,"Fst",0.00910091910091904,0,0.0298319032707731,0.069910097265293
"343001","353000",348000.5,"Fst",0.00903444942795084,0,0.0295883047560703,0.0694412297693121
"344001","354000",349000.5,"Fst",0.0323750526609349,0,0.0314713325552848,0.0786898745859306
"345001","355000",350000.5,"Fst",0.00562443060962881,0,0.0564592382158302,0.103385679893538
"346001","356000",351000.5,"Fst",0.00351512981458679,0,0.0672070013189087,0.124520910954232
"347001","357000",352000.5,"Fst",0.00325132878579193,0,0.0674092165737566,0.124885759030195
"348001","358000",353000.5,"Fst",0.00325132878579193,0,0.0674092165737566,0.124885759030195
"349001","359000",354000.5,"Fst",0.00705377327338763,0,0.0684536184556344,0.124974321262843
"350001","360000",355000.5,"Fst",0.00732590297807689,0,0.069112149579302,0.12605439057979
"351001","361000",356000.5,"Fst",0.0058896049521624,0,0.0701966322247127,0.127299592429572
"352001","362000",357000.5,"Fst",0.00622786483434767,0,0.069307257209566,0.126014004492007
"353001","363000",358000.5,"Fst",0.00623712321172942,0,0.0694228590057736,0.12621410612677
"354001","364000",359000.5,"Fst",0.0039631268268826,0,0.0712938108600448,0.129651615457559
"355001","365000",360000.5,"Fst",0.0093946511759655,0,0.0704085528024369,0.127476145349977
"356001","366000",361000.5,"Fst",0.107624326228977,0,0.0337369639600876,0.0773074556964539
"357001","367000",362000.5,"Fst",0.112702069427216,0,0.0339973617012478,0.0768332268535549
"358001","368000",363000.5,"Fst",0.10550394455504,0,0.0315932768145203,0.0719452283260921
"359001","369000",364000.5,"Fst",0.0174834517519888,0,0.0263844008851177,0.0382731423827314
"360001","370000",365000.5,"Fst",0.000244290733421249,0,0.0472897005444585,0.148226868430172
"361001","371000",366000.5,"Fst",0.000244290733421249,0,0.0472849488222804,0.148226868430172
"362001","372000",367000.5,"Fst",0,0,0.0668204757321714,0.151809300399741
"363001","373000",368000.5,"Fst",0,0,0.0661720808457875,0.146555734279956
"364001","374000",369000.5,"Fst",0,0,0.0656735723025927,0.145789571559092
"365001","375000",370000.5,"Fst",0,0,0.0650491081348423,0.144386036913172
"366001","376000",371000.5,"Fst",0,0,0.0628469358201276,0.140222169247765
"367001","377000",372000.5,"Fst",0,0,0.0594056585890556,0.1334633428533
"368001","378000",373000.5,"Fst",0,0,0.0590297776687579,0.132556225085023
"369001","379000",374000.5,"Fst",0,0,0.0584650614350682,0.131258997895677
"370001","380000",375000.5,"Fst",0,0,0.0576383897334911,0.126930517462713
"371001","381000",376000.5,"Fst",0,0,0.0572911224397898,0.126806087880899
"372001","382000",377000.5,"Fst",0,0,0.053045057475317,0.152951768535818
"373001","383000",378000.5,"Fst",0,0,0.0505275954178652,0.144597932868248
"374001","384000",379000.5,"Fst",0,0,0.0514517289963929,0.147408893961243
"375001","385000",380000.5,"Fst",0,0,0.052452091264975,0.153301615727811
"376001","386000",381000.5,"Fst",0,0,0.0535862177200291,0.141344734939122
"377001","387000",382000.5,"Fst",0,0,0.0493373845256905,0.116750967358514
"378001","388000",383000.5,"Fst",0,0,0.0503536753740088,0.119754648947601
"379001","389000",384000.5,"Fst",0,0,0.0476842522969343,0.112868439102361
"380001","390000",385000.5,"Fst",0.0203133578276111,0,0.031870297335109,0.0815535677096769
"381001","391000",386000.5,"Fst",0.0285582169610653,0,0.0246389474961142,0.0587703685821821
"382001","392000",387000.5,"Fst",0.0281289852432136,0,0.0242350836567906,0.0579667857045452
"383001","393000",388000.5,"Fst",0.0278799669850252,0,0.0232433470920895,0.0563295135936145
"384001","394000",389000.5,"Fst",0.0201659866792202,0,0.0222011607621839,0.0585020181576722
"385001","395000",390000.5,"Fst",0.00855733250942836,0,0.030964700396442,0.0665712230004554
"386001","396000",391000.5,"Fst",0,0,0.0408844882662317,0.0899749009119012
"387001","397000",392000.5,"Fst",0,0,0.0434719028881533,0.102441048010022
"388001","398000",393000.5,"Fst",0,0,0.0418671259414347,0.097725446038855
"389001","399000",394000.5,"Fst",0,0,0.040691614106116,0.0945605082994109
"390001","4e+05",395000.5,"Fst",0,0,0.0427981940336959,0.0980122956734238
"391001","401000",396000.5,"Fst",0,0,0.0414046511102482,0.095209250800823
"392001","402000",397000.5,"Fst",0,0,0.039117706907309,0.0900789688257437
"393001","403000",398000.5,"Fst",0,0,0.0314413309895743,0.078505577542863
"394001","404000",399000.5,"Fst",0,0,0.0326783632136649,0.0791492291892981
"395001","405000",400000.5,"Fst",0.000943142338631575,0,0.0336728758755516,0.0939661063988483
"396001","406000",401000.5,"Fst",0.00475401161071431,0,0.0445059192734026,0.12183356837551
"397001","407000",402000.5,"Fst",0.00788105003082673,0,0.0531042146278533,0.142228328411497
"398001","408000",403000.5,"Fst",0.00854737750917345,0,0.0545201573797347,0.141036274809513
"399001","409000",404000.5,"Fst",0.0162802966587661,0,0.0516676323292862,0.129966834859056
"400001","410000",405000.5,"Fst",0.0166652411905577,0,0.0512005437972782,0.130000141236953
"401001","411000",406000.5,"Fst",0.0179425406771757,0,0.0502317099040399,0.135122140626319
"402001","412000",407000.5,"Fst",0.0183671685114269,0,0.0520770526169114,0.136320825297599
"403001","413000",408000.5,"Fst",0.013539780272848,0,0.05274413010855,0.142987921406272
"404001","414000",409000.5,"Fst",0.0168308597138418,0,0.0452598007386965,0.125352218648308
"405001","415000",410000.5,"Fst",0.0252407579993786,0,0.0356236217925552,0.0949000321508191
"406001","416000",411000.5,"Fst",0.0398563734290843,0,0.0310801239634278,0.0862178646496607
"407001","417000",412000.5,"Fst",0.0342808877800301,0,0.0276563527017728,0.0802524397169919
"408001","418000",413000.5,"Fst",0.0396140856886537,0,0.0309318421633416,0.0827035343147463
"409001","419000",414000.5,"Fst",0.00827550922521014,0,0.0269061533396197,0.0474008801363062
"410001","420000",415000.5,"Fst",0.00827822306199777,0,0.026027276599926,0.0450066484708517
"411001","421000",416000.5,"Fst",0.00827822306199777,0,0.026057366377975,0.0449547376883015
"412001","422000",417000.5,"Fst",0.00851952555463598,0,0.0263043555516346,0.0576752225762208
"413001","423000",418000.5,"Fst",0.00683667287371437,0,0.0259919355795007,0.0570278894018976
"414001","424000",419000.5,"Fst",0.00946120827727603,0,0.0314686756301464,0.0670872740042869
"415001","425000",420000.5,"Fst",0.0184580341954272,0,0.0303583118958235,0.0690675529478272
"416001","426000",421000.5,"Fst",0.018698297964353,0,0.0323518164190577,0.0730877063197225
"417001","427000",422000.5,"Fst",0.0215157828282829,0,0.0327726908494057,0.071462087670603
"418001","428000",423000.5,"Fst",0.0218051948051947,0,0.0337344026210528,0.0713820149751649
"419001","429000",424000.5,"Fst",0.0238001280935599,0,0.0315531515867018,0.0661032423608714
"420001","430000",425000.5,"Fst",0.0238725698760571,0,0.0306957431648639,0.0652610926167158
"421001","431000",426000.5,"Fst",0.0259891366495141,0,0.0326117959759499,0.0701819858142448
"422001","432000",427000.5,"Fst",0.0315144114579359,0,0.0308389415071278,0.0765573313370735
"423001","433000",428000.5,"Fst",0.033100685685428,0,0.0329207517848649,0.0810157357214097
"424001","434000",429000.5,"Fst",0.038205465349764,0,0.0296475214878004,0.0773164303808151
"425001","435000",430000.5,"Fst",0.0296448863636364,0,0.0330294575704417,0.0826369558232705
"426001","436000",431000.5,"Fst",0.030059459846694,0,0.0331178575470758,0.0834630152692268
"427001","437000",432000.5,"Fst",0.036154868096413,0,0.0371026210634501,0.0694030483734756
"428001","438000",433000.5,"Fst",0.037341480156185,0,0.0377402263451261,0.0708129084967322
"429001","439000",434000.5,"Fst",0.0375149765510002,0,0.0393558346885551,0.0744903980126639
"430001","440000",435000.5,"Fst",0.0384301763291212,0,0.0402365527246434,0.0772397805221889
"431001","441000",436000.5,"Fst",0.0409041152628621,0,0.0433288756261639,0.0900957226398075
"432001","442000",437000.5,"Fst",0.0325813735366658,0,0.0459399686297967,0.0996631441857636
"433001","443000",438000.5,"Fst",0.0299776200030869,0,0.0430063793661678,0.0918733104419759
"434001","444000",439000.5,"Fst",0.0263843805349376,0,0.0462498893193757,0.0969948292961617
"435001","445000",440000.5,"Fst",0.0329802085899646,0,0.044341440920782,0.097939541084532
"436001","446000",441000.5,"Fst",0.0327899809381291,0,0.0440914514710963,0.098150164388117
"437001","447000",442000.5,"Fst",0.0221412372459027,0,0.0354443494547997,0.0763128002982069
"438001","448000",443000.5,"Fst",0.0195754476835558,0,0.0319406615193312,0.0683374873652555
"439001","449000",444000.5,"Fst",0.0149868049868047,0,0.0298856245078421,0.0641037238052163
"440001","450000",445000.5,"Fst",0.0143649363578768,0,0.0269826449142997,0.0595610584659395
"441001","451000",446000.5,"Fst",0.118632459564975,0,0.0316522546487199,0.0728399533180411
"442001","452000",447000.5,"Fst",0.13882875345343,0,0.0361346125109917,0.0739045918192121
"443001","453000",448000.5,"Fst",0.140852523186124,0,0.0358029822951236,0.0734221813725489
"444001","454000",449000.5,"Fst",0.14238171970816,0,0.0362194696073084,0.0742582694244325
"445001","455000",450000.5,"Fst",0.146705260713319,0,0.0384373447677426,0.0800464854732895
"446001","456000",451000.5,"Fst",0.149701418476122,0,0.0392275902578776,0.0818074614065181
"447001","457000",452000.5,"Fst",0.131791993026984,0,0.0360712872878233,0.0817725092430134
"448001","458000",453000.5,"Fst",0.121081532159943,0,0.0372101142937966,0.107854505414311
"449001","459000",454000.5,"Fst",0.116231623162316,0,0.0413707309902834,0.124506398422685
"450001","460000",455000.5,"Fst",0.114674806547522,0,0.0473397590781547,0.13303690941907
"451001","461000",456000.5,"Fst",0.0675638008636249,0,0.0484165816860503,0.127274840086414
"452001","462000",457000.5,"Fst",0.0572558415341213,0,0.0494179129603757,0.144339989878936
"453001","463000",458000.5,"Fst",0.0516299433603926,0,0.050909694197763,0.165821455148436
"454001","464000",459000.5,"Fst",0.0446169648615723,0,0.0498373082817264,0.179516656562708
"455001","465000",460000.5,"Fst",0.0421565086748624,0,0.0501285787416927,0.186254332706809
"456001","466000",461000.5,"Fst",0.0422873711967151,0,0.0489826254183425,0.184673576722335
"457001","467000",462000.5,"Fst",0.0420053202042246,0,0.0469317865429818,0.187805247244118
"458001","468000",463000.5,"Fst",0.0371868792160661,0,0.0461024728205107,0.182093013020982
"459001","469000",464000.5,"Fst",0.0273894112216091,0,0.0443401845874449,0.190527057250534
"460001","470000",465000.5,"Fst",0.0193355870807843,0,0.0465194751983952,0.19454781214636
"461001","471000",466000.5,"Fst",0.00588106498511132,0,0.0437255182827774,0.202637990590913
"462001","472000",467000.5,"Fst",0.00962837313052611,0,0.036027162199584,0.185543632825871
"463001","473000",468000.5,"Fst",0.0122672291024464,0,0.0326116926645948,0.164059679705812
"464001","474000",469000.5,"Fst",0.0188818092075741,0,0.0245078992414717,0.115457220375253
"465001","475000",470000.5,"Fst",0.0226298257011347,0,0.024080962675511,0.0786486061504594
"466001","476000",471000.5,"Fst",0.0192402446968472,0,0.0248939857918703,0.0597942141580085
"467001","477000",472000.5,"Fst",0.025027392107802,0,0.0252783667547854,0.0544667334880294
"468001","478000",473000.5,"Fst",0.0259507829977628,0,0.0232431081878984,0.0641902899967415
"469001","479000",474000.5,"Fst",0.0273167529837425,0,0.0225946007997822,0.0723695376862116
"470001","480000",475000.5,"Fst",0.0285520338363532,0,0.0246104240022612,0.0694450119169219
"471001","481000",476000.5,"Fst",0.028085431078542,0,0.0273746185789259,0.0625606685872978
"472001","482000",477000.5,"Fst",0.0201112557792958,0,0.0309995683178741,0.0505511601205381
"473001","483000",478000.5,"Fst",0.0175051719069776,0,0.029292666572343,0.0507342059288937
"474001","484000",479000.5,"Fst",0.012183811201175,0,0.0295137344087645,0.0544337675228551
"475001","485000",480000.5,"Fst",0.0109819881664541,0,0.0302502176662,0.0578430158527338
"476001","486000",481000.5,"Fst",0.0068941944699521,0,0.0296847225767659,0.0640434080172377
"477001","487000",482000.5,"Fst",0,0,0.0340558422305242,0.0712292009449452
"478001","488000",483000.5,"Fst",0.00210654297004054,0,0.0330915632686387,0.0699749488124918
"479001","489000",484000.5,"Fst",0.0027187575574672,0,0.0335227141066528,0.0705164725486082
"480001","490000",485000.5,"Fst",0.00272041082851893,0,0.0354728476072051,0.0757043674416527
"481001","491000",486000.5,"Fst",0.00458124934780646,0,0.0367762810742207,0.0782688804315596
"482001","492000",487000.5,"Fst",0.00539102416570769,0,0.0456729771912762,0.10008798657851
"483001","493000",488000.5,"Fst",0.00842715478031086,0,0.0410350085687504,0.0909875578452464
"484001","494000",489000.5,"Fst",0.00952747817154587,0,0.0303963147374102,0.0618534008364517
"485001","495000",490000.5,"Fst",0.0143978111610138,0,0.0253830593773879,0.0575564469997558
"486001","496000",491000.5,"Fst",0.0183863516049859,0,0.0217092143319627,0.0547789834839176
"487001","497000",492000.5,"Fst",0.0183669352446275,0,0.0215160562010883,0.0543253749991247
"488001","498000",493000.5,"Fst",0.0133860731205865,0,0.0214282059383039,0.058336144440012
"489001","499000",494000.5,"Fst",0.0155996429190038,0,0.0212008340232122,0.0568094714915702
"490001","5e+05",495000.5,"Fst",0.00860530429850159,0,0.0214471101338066,0.0569941602082842
"491001","501000",496000.5,"Fst",0.00788403124321968,0,0.0207465531010439,0.0543075816752344
"492001","502000",497000.5,"Fst",0.00676217319035155,0,0.0243819606930042,0.0661793969080056
"493001","503000",498000.5,"Fst",0.00688597161602944,0,0.0248498227978758,0.0674532441445482
"494001","504000",499000.5,"Fst",0.0155238070897336,0,0.017467157507051,0.0325527015177294
"495001","505000",500000.5,"Fst",0.0224703756443244,0,0.0144842005034629,0.0303968008972931
"496001","506000",501000.5,"Fst",0.0260228340403722,0,0.0147749095439458,0.0284042543151855
"497001","507000",502000.5,"Fst",0.0388164405526953,0,0.0174730508008032,0.0384499420492803
"498001","508000",503000.5,"Fst",0.0401526490044771,0,0.018050037567834,0.0397026765325725
"499001","509000",504000.5,"Fst",0.0354758440353431,0,0.0190135183716904,0.0470074242477692
"500001","510000",505000.5,"Fst",0.0110036278822011,0,0.0466242411993871,0.104913230614836
"501001","511000",506000.5,"Fst",0.0118528263824935,0,0.0492975883103808,0.112253418000111
"502001","512000",507000.5,"Fst",0.0137526472092963,0,0.0492060896085575,0.113847827852826
"503001","513000",508000.5,"Fst",0.0147273533106966,0,0.0461368527816284,0.110976146214727
"504001","514000",509000.5,"Fst",0.00709581630954226,0,0.0493353932497316,0.117296466650052
"505001","515000",510000.5,"Fst",0.00242551714858319,0,0.0514004667135083,0.122348938591705
"506001","516000",511000.5,"Fst",0.00111816566507095,0,0.0516359576091646,0.120472028580426
"507001","517000",512000.5,"Fst",0,0,0.0539677647481645,0.126405598103517
"508001","518000",513000.5,"Fst",0,0,0.0539677647481645,0.126405598103517
"509001","519000",514000.5,"Fst",0,0,0.0538975921816713,0.126557181231958
"510001","520000",515000.5,"Fst",0,0,0.0555436342179208,0.123653855160463
"511001","521000",516000.5,"Fst",0,0,0.0576268951879018,0.125897282148728
"512001","522000",517000.5,"Fst",0,0,0.0602369933446953,0.130641775384669
"513001","523000",518000.5,"Fst",0,0,0.062947407431033,0.135198720272129
"514001","524000",519000.5,"Fst",0,0,0.0586485286047945,0.128700688294973
"515001","525000",520000.5,"Fst",0,0,0.0554651329090518,0.119696496993179
"516001","526000",521000.5,"Fst",0,0,0.0561705855614192,0.121853761825074
"517001","527000",522000.5,"Fst",0,0,0,0
"518001","528000",523000.5,"Fst",0,0,0,0
"519001","529000",524000.5,"Fst",0,0,0.0759868111163446,0.157587093757306
"520001","530000",525000.5,"Fst",0.00549344873181867,0,0.0506434127373212,0.109844054164817
"521001","531000",526000.5,"Fst",0.00293713119481787,0,0.0475545762230033,0.101210706932052
"522001","532000",527000.5,"Fst",0,0,0.0513481856254273,0.110571241693553
"523001","533000",528000.5,"Fst",3.04476566721501e-05,0,0.0580039181966364,0.122738754829237
"524001","534000",529000.5,"Fst",0,0,0.0561344006205586,0.133366451474967
"525001","535000",530000.5,"Fst",0,0,0.0583163424572533,0.134398560166267
"526001","536000",531000.5,"Fst",0,0,0.0575442357956821,0.131658989259622
"527001","537000",532000.5,"Fst",0,0,0.0572861543101714,0.136302987043886
"528001","538000",533000.5,"Fst",0,0,0.0549984412873287,0.133503513091972
"529001","539000",534000.5,"Fst",0,0,0.0484146147159749,0.121875643914468
"530001","540000",535000.5,"Fst",0,0,0.0484378288053829,0.122857268510494
"531001","541000",536000.5,"Fst",0,0,0.0455404114754936,0.117834405303567
"532001","542000",537000.5,"Fst",0,0,0.0443295697751041,0.117511439439881
"533001","543000",538000.5,"Fst",0,0,0.0397464949796104,0.112378958969368
"534001","544000",539000.5,"Fst",0.0021824476799901,0,0.0334540306206336,0.0923804703472408
"535001","545000",540000.5,"Fst",0.00585364476349803,0,0.0325384615649418,0.0761953387226396
"536001","546000",541000.5,"Fst",0.0112499707693181,0,0.0321291017038614,0.0859764283955605
"537001","547000",542000.5,"Fst",0.0150833303943352,0,0.0321396359130822,0.0853409773409775
"538001","548000",543000.5,"Fst",0.0122363990785043,0,0.034314567575411,0.0920220887869645
"539001","549000",544000.5,"Fst",0.0162780340534054,0,0.02934535103375,0.0827502095187684
"540001","550000",545000.5,"Fst",0.0143626066742594,0,0.0319598952051532,0.0886661894535909
"541001","551000",546000.5,"Fst",0.014414831385557,0,0.0271292433036848,0.0890084023417356
"542001","552000",547000.5,"Fst",0.0131350615530302,0,0.0249480791384027,0.0812449721523814
"543001","553000",548000.5,"Fst",0.0156878548704692,0,0.0243726836866265,0.079623176699321
"544001","554000",549000.5,"Fst",0.0157903895393641,0,0.0262774061530561,0.0824527629233511
"545001","555000",550000.5,"Fst",0.00796577207312332,0,0.0255807869048543,0.0700715865660807
"546001","556000",551000.5,"Fst",0.00252986485863194,0,0.0307186228093212,0.07417820392192
"547001","557000",552000.5,"Fst",0.0114500914341583,0,0.0277665659931577,0.055847424138433
"548001","558000",553000.5,"Fst",0.00843252129485617,0,0.0239513036986748,0.0535124389201642
"549001","559000",554000.5,"Fst",0.00802544158159124,0,0.0268311693630782,0.0518288730681882
"550001","560000",555000.5,"Fst",0.00738526682856966,0,0.0267577452169209,0.0508352871838558
"551001","561000",556000.5,"Fst",0.00932639440181116,0,0.0250980974546328,0.0494661061151372
"552001","562000",557000.5,"Fst",0.00978251559084975,0,0.0239370747207607,0.0559180789376282
"553001","563000",558000.5,"Fst",0.00929376997768516,0,0.0237672731262552,0.055036283309011
"554001","564000",559000.5,"Fst",0.00937187513586379,0,0.0233822562923944,0.054341902905097
"555001","565000",560000.5,"Fst",0.00849216243621087,0,0.0231137497645843,0.0654807821387997
"556001","566000",561000.5,"Fst",0.0108103743645913,0,0.0242605571907853,0.0699510985731269
"557001","567000",562000.5,"Fst",0.00408546579095348,0,0.0361036535155897,0.0716902691995749
"558001","568000",563000.5,"Fst",0.010915616460704,0,0.0257631118126065,0.0473041051413148
"559001","569000",564000.5,"Fst",0.015369587933306,0,0.0205676549524141,0.0502731832845394
"560001","570000",565000.5,"Fst",0.0202295724513059,0,0.0226651255618872,0.0535615855867206
"561001","571000",566000.5,"Fst",0.0121785318506631,0,0.0210729700448601,0.0367683677900165
"562001","572000",567000.5,"Fst",0.016751430387794,0,0.0150339811053456,0.0212967952172016
"563001","573000",568000.5,"Fst",0.025244177310293,0,0.0178706280222969,0.0292769210438034
"564001","574000",569000.5,"Fst",0.011043771043771,0,0.0289511341990005,0.0552527370137431
"565001","575000",570000.5,"Fst",0.0241061579391345,0,0.0277798270584704,0.0589755113603686
"566001","576000",571000.5,"Fst",0.0204534322978072,0,0.022972276328007,0.0518918085016919
"567001","577000",572000.5,"Fst",0.0126123992686462,0,0.0242409273812783,0.0468545780843211
"568001","578000",573000.5,"Fst",0.0132894890651921,0,0.0212165636361935,0.0448361082512481
"569001","579000",574000.5,"Fst",0.014650704104341,0,0.0179118000633508,0.036532874596671
"570001","580000",575000.5,"Fst",0.0198509999501146,0,0.0171658357549319,0.0371208191498273
"571001","581000",576000.5,"Fst",0.0202098813919268,0,0.016956556960252,0.0372346058191525
"572001","582000",577000.5,"Fst",0.0201534010732853,0,0.0168239258080778,0.0367932203594343
"573001","583000",578000.5,"Fst",0.0201245390816197,0,0.0167960704240882,0.0367357330912861
"574001","584000",579000.5,"Fst",0.0200870729404107,0,0.0167094057461976,0.0364064054906182
"575001","585000",580000.5,"Fst",0.0195943444195882,0,0.0170444794386765,0.0361442476690663
"576001","586000",581000.5,"Fst",0.0194118895741677,0,0.0155779917289908,0.0315006959413617
"577001","587000",582000.5,"Fst",0.0249535324862744,0,0.0142989329190928,0.030806994031785
"578001","588000",583000.5,"Fst",0.0260669588094313,0,0.0137597672818316,0.031487710764923
"579001","589000",584000.5,"Fst",0.0489581010431379,0,0.022751733510965,0.0433352935868595
"580001","590000",585000.5,"Fst",0.0151396257820976,0,0.0190028271071838,0.0348968205237726
"581001","591000",586000.5,"Fst",0.0115675778869381,0,0.0222062188888074,0.0403149655347179
"582001","592000",587000.5,"Fst",0.0106486187206123,0,0.024859093850191,0.0428629831925305
"583001","593000",588000.5,"Fst",0.0121628327650515,0,0.0239991644207054,0.0409714288999359
"584001","594000",589000.5,"Fst",0.051669687135612,0,0.0301608244725771,0.0688773245515767
"585001","595000",590000.5,"Fst",0.058117048346056,0,0.0340358017660245,0.0715219274488471
"586001","596000",591000.5,"Fst",0.0588356517259145,0,0.0344821093670349,0.0722749549806623
"587001","597000",592000.5,"Fst",0.0668781738257455,0,0.0354378848653195,0.0584897528497331
"588001","598000",593000.5,"Fst",0.0647403767403767,0,0.0335766083666096,0.0567289786054445
"589001","599000",594000.5,"Fst",0.0691257384346313,0,0.0304671689662993,0.0544888427607679
"590001","6e+05",595000.5,"Fst",0.0631094343507885,0,0.0318244745472301,0.0553007187762373
"591001","601000",596000.5,"Fst",0.0532760510590148,0,0.0328986012306948,0.0648566734565558
"592001","602000",597000.5,"Fst",0.0528883377773456,0,0.032899942496671,0.0745092309007025
"593001","603000",598000.5,"Fst",0.0486856486353215,0,0.0315164498871927,0.0682711960091791
"594001","604000",599000.5,"Fst",0.0302209442740251,0,0.0278542931930028,0.0542388631831644
"595001","605000",600000.5,"Fst",0.0219541045658861,0,0.030097765510709,0.0770753582185782
"596001","606000",601000.5,"Fst",0.0181186979501882,0,0.0309542952022301,0.0805959961622779
"597001","607000",602000.5,"Fst",0.010918719804735,0,0.0325584438073783,0.0875264186088774
"598001","608000",603000.5,"Fst",0.0107083262707875,0,0.0327417550701611,0.0887083695656161
"599001","609000",604000.5,"Fst",0.00287071256281612,0,0.0321998699485709,0.0844541111962233
"600001","610000",605000.5,"Fst",0.00785494914693885,0,0.0303565936887297,0.076588810613707
"601001","611000",606000.5,"Fst",0.00590958954851772,0,0.0364285035019286,0.0839194143559067
"602001","612000",607000.5,"Fst",0.00431873513838676,0,0.0373830607445576,0.0851916263217177
"603001","613000",608000.5,"Fst",0.0033109203884909,0,0.0338252796399749,0.0767456470266259
"604001","614000",609000.5,"Fst",0.00496271907628243,0,0.0326753334162733,0.0704658885783949
"605001","615000",610000.5,"Fst",0.00674945698133389,0,0.0341495446069427,0.0716119174410569
"606001","616000",611000.5,"Fst",0.0105864519448732,0,0.0389815515883026,0.0779220312403388
"607001","617000",612000.5,"Fst",0.00993326080456047,0,0.0410122685989574,0.0890389091539266
"608001","618000",613000.5,"Fst",0.0082982071846428,0,0.0397269819583604,0.0797347920194287
"609001","619000",614000.5,"Fst",0.00890177213108012,0,0.0398911435791622,0.0663986355131831
"610001","620000",615000.5,"Fst",0,0,0.0428357504216381,0.075541669044494
"611001","621000",616000.5,"Fst",0,0,0.0417833569191098,0.0741115713043923
"612001","622000",617000.5,"Fst",0,0,0.0385577602055213,0.0716796504755679
"613001","623000",618000.5,"Fst",0,0,0.0303324596486044,0.0591903144418591
"614001","624000",619000.5,"Fst",0,0,0.0295340150517079,0.0565015885560008
"615001","625000",620000.5,"Fst",0.0131592744049494,0,0.0288488532441335,0.0623859333714691
"616001","626000",621000.5,"Fst",0.0277679409565886,0,0.025925841809903,0.050071779676915
"617001","627000",622000.5,"Fst",0.0275532799000496,0,0.0256545683998201,0.0496276019972824
"618001","628000",623000.5,"Fst",0.0351499128762843,0,0.0236066374889031,0.0580260953039412
"619001","629000",624000.5,"Fst",0.0340472587591666,0,0.0228194670337458,0.0561152058115815
"620001","630000",625000.5,"Fst",0.0179580609071408,0,0.0351694350580363,0.0840853122221764
"621001","631000",626000.5,"Fst",0.0181684688292618,0,0.0362391549115671,0.086307632055952
"622001","632000",627000.5,"Fst",0.0207749802300963,0,0.0397102016623592,0.103811360464644
"623001","633000",628000.5,"Fst",0.0264096593245422,0,0.0423500295195658,0.104131622771079
"624001","634000",629000.5,"Fst",0.026582098030314,0,0.0433275623070215,0.103707501822333
"625001","635000",630000.5,"Fst",0.0233938758322607,0,0.0440638939531236,0.108358054047355
"626001","636000",631000.5,"Fst",0.0800629604645318,0,0.0401371291446838,0.120364362294856
"627001","637000",632000.5,"Fst",0.106854296237484,0,0.0404841015112669,0.121814290632227
"628001","638000",633000.5,"Fst",0.106561956059921,0,0.0405529823901036,0.121121625258249
"629001","639000",634000.5,"Fst",0.101872735944626,0,0.0388603130219892,0.117060258554247
"630001","640000",635000.5,"Fst",0.120963479359599,0,0.0390386377755401,0.104127474406428
"631001","641000",636000.5,"Fst",0.136688232763047,0,0.0366948484855912,0.0944663085164315
"632001","642000",637000.5,"Fst",0.137656356309206,0,0.0433037104775603,0.08921590107837
"633001","643000",638000.5,"Fst",0.140233449627428,0,0.0440769800297437,0.0902848549176281
"634001","644000",639000.5,"Fst",0.100084445482775,0,0.0576039232170479,0.146426667093712
"635001","645000",640000.5,"Fst",0.0957270742825473,0,0.0548440408839913,0.139943537673183
"636001","646000",641000.5,"Fst",0.0804018632489292,0,0.0541614473270793,0.142772635650766
"637001","647000",642000.5,"Fst",0.0640415319815848,0,0.0544976173042563,0.14853839942199
"638001","648000",643000.5,"Fst",0.0518887329403429,0,0.0505938520714693,0.159194922860854
"639001","649000",644000.5,"Fst",0.0479516387943421,0,0.0540840536336512,0.165538392279339
"640001","650000",645000.5,"Fst",0.047767692146652,0,0.0542385675402935,0.166517336105887
"641001","651000",646000.5,"Fst",0.0344365481252884,0,0.053355698492921,0.164619067509241
"642001","652000",647000.5,"Fst",0.0261712185174099,0,0.0504635566521932,0.143876354443018
"643001","653000",648000.5,"Fst",0.017307149830422,0,0.0470743927376077,0.113181127120694
"644001","654000",649000.5,"Fst",0,0,0.0551474069527799,0.129835860964977
"645001","655000",650000.5,"Fst",0,0,0.0555239004479311,0.131439645704415
"646001","656000",651000.5,"Fst",0,0,0.0565175836010216,0.127772204806688
"647001","657000",652000.5,"Fst",0,0,0.0556392923136928,0.129106174785952
"648001","658000",653000.5,"Fst",8.63530864391171e-05,0,0.055117342620708,0.130410131091447
"649001","659000",654000.5,"Fst",0.000643552233091205,0,0.053966604977193,0.129106287309703
"650001","660000",655000.5,"Fst",0.000359261503110386,0,0.0535624912961867,0.125811962457334
"651001","661000",656000.5,"Fst",0,0,0.056745859682642,0.116223391356068
"652001","662000",657000.5,"Fst",0,0,0.0564203651402373,0.112587062658065
"653001","663000",658000.5,"Fst",0.000964362002413011,0,0.056778993612578,0.115890984664798
"654001","664000",659000.5,"Fst",0.00125661853102066,0,0.0577816901842455,0.112415922327427
"655001","665000",660000.5,"Fst",0.00215823441312757,0,0.0597189235852092,0.11570825304204
"656001","666000",661000.5,"Fst",0.00421997568860011,0,0.0581803994250424,0.110220290791424
"657001","667000",662000.5,"Fst",0.00281523415941265,0,0.057775113499257,0.105732667005186
"658001","668000",663000.5,"Fst",0,0,0.0567740414545419,0.107663433985852
"659001","669000",664000.5,"Fst",0,0,0.0577383154652664,0.108594647097695
"660001","670000",665000.5,"Fst",0,0,0.0593995963243821,0.112419064247902
"661001","671000",666000.5,"Fst",0,0,0.0573516249847747,0.110149854561513
"662001","672000",667000.5,"Fst",0,0,0.044131314921195,0.103196347031964
"663001","673000",668000.5,"Fst",0,0,0.0533629740892463,0.124636801310198
"664001","674000",669000.5,"Fst",0,0,0.0585556808232636,0.13223592502819
"665001","675000",670000.5,"Fst",0,0,0.0577134211436054,0.143706050565788
"666001","676000",671000.5,"Fst",0,0,0.0597163776983126,0.152939586045949
"667001","677000",672000.5,"Fst",0,0,0.0609000903537228,0.16152780486829
"668001","678000",673000.5,"Fst",0,0,0.0639975536575437,0.169707326387878
"669001","679000",674000.5,"Fst",0,0,0.0639625866247542,0.170277861158203
"670001","680000",675000.5,"Fst",0,0,0.0663667931384187,0.160092381860943
"671001","681000",676000.5,"Fst",0,0,0.0698018118666015,0.15082917842878
"672001","682000",677000.5,"Fst",0,0,0.0677110314000141,0.144363311493426
"673001","683000",678000.5,"Fst",0,0,0.0648645001629174,0.128441755926419
"674001","684000",679000.5,"Fst",0.00354749903848106,0,0.0629876966463289,0.122868328512439
"675001","685000",680000.5,"Fst",0.00623967058690822,0,0.0591698192473086,0.116419250548604
"676001","686000",681000.5,"Fst",0.00656213033169184,0,0.0585711310101382,0.114187110811014
"677001","687000",682000.5,"Fst",0.008206427057319,0,0.0581472765869917,0.108947155429117
"678001","688000",683000.5,"Fst",0.0112949030405364,0,0.0589332811583605,0.105823539536065
"679001","689000",684000.5,"Fst",0.0133700431104112,0,0.0563651419108989,0.104498880928237
"680001","690000",685000.5,"Fst",0.01641360287117,0,0.0556015218783956,0.112746491310525
"681001","691000",686000.5,"Fst",0.0170293140648228,0,0.0549462282496616,0.136821580753467
"682001","692000",687000.5,"Fst",0.0141218635305602,0,0.052640892885496,0.146807521693024
"683001","693000",688000.5,"Fst",0.0143202468495226,0,0.0558851593768272,0.159046875547903
"684001","694000",689000.5,"Fst",0.0040444539016623,0,0.056969994715679,0.159840692516626
"685001","695000",690000.5,"Fst",0.000629949900965765,0,0.0587924831693435,0.159223739230117
"686001","696000",691000.5,"Fst",0,0,0.0573015065021034,0.15326674909979
"687001","697000",692000.5,"Fst",0,0,0.0545235594966958,0.145806918115689
"688001","698000",693000.5,"Fst",0,0,0.05023515158732,0.133955765385553
"689001","699000",694000.5,"Fst",0,0,0.0474949796577851,0.129049246910441
"690001","7e+05",695000.5,"Fst",0.00231300673345436,0,0.0445470138976617,0.122632146637329
"691001","701000",696000.5,"Fst",0.00332213532596604,0,0.0397635172320051,0.106464277172333
"692001","702000",697000.5,"Fst",0.00339809656043843,0,0.0410351200649346,0.100235227967839
"693001","703000",698000.5,"Fst",0.00241407678930616,0,0.0424453458294933,0.10596994176375
"694001","704000",699000.5,"Fst",0.00296878549286739,0,0.0464913666155124,0.114635527762776
"695001","705000",700000.5,"Fst",0.00321707143517169,0,0.0469693485892316,0.117570971667514
"696001","706000",701000.5,"Fst",0.00382805834208988,0,0.0480643704208822,0.121716568059668
"697001","707000",702000.5,"Fst",0.0050310520475052,0,0.0479776381687736,0.12088865774288
"698001","708000",703000.5,"Fst",0.00296801621434573,0,0.0450895715270891,0.107617366943472
"699001","709000",704000.5,"Fst",0.0105125168421685,0,0.0419323310461304,0.0927417091664644
"700001","710000",705000.5,"Fst",0.00206268543419486,0,0.0443003140752758,0.0955849917064082
"701001","711000",706000.5,"Fst",0.00437770562770567,0,0.0419167158136021,0.0921210088280074
"702001","712000",707000.5,"Fst",0.00572598851941186,0,0.0379968924920399,0.0761467732233393
"703001","713000",708000.5,"Fst",0.00890517212925368,0,0.0384089018597533,0.0614739545078625
"704001","714000",709000.5,"Fst",0.0124038826730423,0,0.041375144113766,0.0666307884651698
"705001","715000",710000.5,"Fst",0.0141447578402139,0,0.049976546374156,0.0777369727975247
"706001","716000",711000.5,"Fst",0.0156010872455462,0,0.0534488357641072,0.0885297664184578
"707001","717000",712000.5,"Fst",0.0186372847178787,0,0.0476918993168357,0.08180829859514
"708001","718000",713000.5,"Fst",0.0119683453197921,0,0.0463954898065512,0.0813171025297533
"709001","719000",714000.5,"Fst",0.00300324710183375,0,0.0456086950317218,0.105258571980849
"710001","720000",715000.5,"Fst",0.00855287554934869,0,0.0448096407666546,0.101361166007905
"711001","721000",716000.5,"Fst",0.00824261382767677,0,0.0443126836815792,0.0984329061044981
"712001","722000",717000.5,"Fst",0.00733724354894283,0,0.0448198477189841,0.0882122218538425
"713001","723000",718000.5,"Fst",0.00575343862243272,0,0.0453079330886855,0.086247106665598
"714001","724000",719000.5,"Fst",0.00680322654418808,0,0.0446662150802704,0.084897456632768
"715001","725000",720000.5,"Fst",0.0115080333536709,0,0.0441180491095908,0.0847786663258051
"716001","726000",721000.5,"Fst",0.0170994488321651,0,0.0422033668321424,0.0842440490420409
"717001","727000",722000.5,"Fst",0.0170971190932555,0,0.0416225074679303,0.0874091847152563
"718001","728000",723000.5,"Fst",0.0226568845091777,0,0.040691878301887,0.0965358627103199
"719001","729000",724000.5,"Fst",0.0376864105209881,0,0.0404327698520613,0.110512182128529
"720001","730000",725000.5,"Fst",0.0355257774581287,0,0.0422429503902584,0.116578983233158
"721001","731000",726000.5,"Fst",0.0404869061718647,0,0.0417275747625917,0.118996571492623
"722001","732000",727000.5,"Fst",0.0541493955582661,0,0.0426835649660352,0.0987134113336388
"723001","733000",728000.5,"Fst",0.0804779595431527,0,0.0572925048263774,0.0999079248333251
"724001","734000",729000.5,"Fst",0.0879841250847592,0,0.0595454259650582,0.0986557439588792
"725001","735000",730000.5,"Fst",0.090503840803242,0,0.0565469737697089,0.0949984626422057
"726001","736000",731000.5,"Fst",0.141330887331018,0,0.045685067020851,0.0855553450630293
"727001","737000",732000.5,"Fst",0.175374967752178,0,0.0445890967397652,0.100364342682245
"728001","738000",733000.5,"Fst",0.168514587657931,0,0.0461239049692324,0.107510850873415
"729001","739000",734000.5,"Fst",0.152709153900325,0,0.0486858615433838,0.113824576457309
"730001","740000",735000.5,"Fst",0.147302841593657,0,0.049253448604414,0.0931688634512962
"731001","741000",736000.5,"Fst",0.148454351891694,0,0.0506945325813069,0.0891554879644705
"732001","742000",737000.5,"Fst",0.148502121518578,0,0.0506945325813069,0.0891554879644705
"733001","743000",738000.5,"Fst",0.149077337640306,0,0.0510458349249923,0.0898456417724152
"734001","744000",739000.5,"Fst",0.147066382562928,0,0.0516312634819212,0.0904929710579329
"735001","745000",740000.5,"Fst",0.152628229824554,0,0.0495552796819747,0.0897942837271217
"736001","746000",741000.5,"Fst",0.150802707627926,0,0.0527663237124937,0.0833007106231149
"737001","747000",742000.5,"Fst",0.146774725879203,0,0.0511395948853265,0.0913931351648102
"738001","748000",743000.5,"Fst",0.14858674642563,0,0.0501127026617294,0.0993581391886071
"739001","749000",744000.5,"Fst",0.143371423262728,0,0.0474432802795752,0.092644061515657
"740001","750000",745000.5,"Fst",0.149825668738939,0,0.0378756077607977,0.0757540422885572
"741001","751000",746000.5,"Fst",0.14462582345191,0,0.0373609022124316,0.0718866207769602
"742001","752000",747000.5,"Fst",0.155068410611461,0,0.0361267331285946,0.0650901718189304
"743001","753000",748000.5,"Fst",0.158124253736033,0,0.0387618316327112,0.06912913244023
"744001","754000",749000.5,"Fst",0.157945899463481,0,0.0364436540119025,0.0716361515514292
"745001","755000",750000.5,"Fst",0.16563718500676,0,0.0371359036250888,0.0817147552075781
"746001","756000",751000.5,"Fst",0.131620658733429,0,0.0375620645777799,0.0784617646098064
"747001","757000",752000.5,"Fst",0.132549338556277,0,0.0389650202083673,0.0802764486975014
"748001","758000",753000.5,"Fst",0.135419736663932,0,0.0382691119491947,0.0812323483369107
"749001","759000",754000.5,"Fst",0.139162488508228,0,0.0391565315107046,0.075817410346828
"750001","760000",755000.5,"Fst",0.140978691508727,0,0.0381864092549013,0.0824756039033755
"751001","761000",756000.5,"Fst",0.123100775193798,0,0.0456820063087088,0.111904581053095
"752001","762000",757000.5,"Fst",0.112308762889265,0,0.0441702045996292,0.111289367642545
"753001","763000",758000.5,"Fst",0.0960694357828095,0,0.040554545364576,0.0942615292362186
"754001","764000",759000.5,"Fst",0.0914004218758039,0,0.0401418359825842,0.0971790083937971
"755001","765000",760000.5,"Fst",0.0721444961868124,0,0.0413270548761206,0.0856450039817822
"756001","766000",761000.5,"Fst",0.05821171195217,0,0.038650115167885,0.0873462668880468
"757001","767000",762000.5,"Fst",0.0518753954994696,0,0.0382738295780338,0.0951520328812736
"758001","768000",763000.5,"Fst",0.0512700334641439,0,0.0341984694117643,0.0919581940371968
"759001","769000",764000.5,"Fst",0.0492360790310677,0,0.0330418015551945,0.0909138339758297
"760001","770000",765000.5,"Fst",0.0458262234461169,0,0.0358813927458075,0.0918594096032875
"761001","771000",766000.5,"Fst",0.0403317099932651,0,0.0421479494963832,0.102632368158005
"762001","772000",767000.5,"Fst",0.0412340831268276,0,0.0392155690910738,0.0997141731667728
"763001","773000",768000.5,"Fst",0.0406311617716121,0,0.0386852679599327,0.105450243951217
"764001","774000",769000.5,"Fst",0.041731462665742,0,0.0391433148331879,0.102672387109215
"765001","775000",770000.5,"Fst",0.0462559654999153,0,0.0426049396940171,0.10407570508464
"766001","776000",771000.5,"Fst",0.0559483683833281,0,0.0453035235551758,0.124389491420842
"767001","777000",772000.5,"Fst",0.0639496563940513,0,0.0481077829684435,0.12608103146699
"768001","778000",773000.5,"Fst",0.0650670218250559,0,0.0448209069280093,0.119362659727771
"769001","779000",774000.5,"Fst",0.0681529870240439,0,0.041297235072046,0.111751403627857
"770001","780000",775000.5,"Fst",0.0601797377261643,0,0.0343595657391057,0.109997507553046
"771001","781000",776000.5,"Fst",0.0712551138050566,0,0.0332527066615974,0.0915350784449692
"772001","782000",777000.5,"Fst",0.0707070707070706,0,0.0248045720983894,0.055554877180129
"773001","783000",778000.5,"Fst",0.0487294220097644,0,0.0234365139746647,0.0506838443280603
"774001","784000",779000.5,"Fst",0.0192808505554891,0,0.0361351542832064,0.0504797984339719
"775001","785000",780000.5,"Fst",0.0180900379565677,0,0.0352177302707061,0.049707518495154
"776001","786000",781000.5,"Fst",0.0150644787798937,0,0.0361729288612295,0.0524755975315857
"777001","787000",782000.5,"Fst",0.010840285284979,0,0.0305584561308434,0.0551455606126307
"778001","788000",783000.5,"Fst",0.0067688378033206,0,0.0270854786388748,0.0594991797443278
"779001","789000",784000.5,"Fst",0.00575098814229236,0,0.0275691245172935,0.0595135366992153
"780001","790000",785000.5,"Fst",0.00587890144417313,0,0.0265168052584537,0.0567238821784276
"781001","791000",786000.5,"Fst",0.0668514929912163,0,0.0249437279273025,0.0561530048462221
"782001","792000",787000.5,"Fst",0.0829872750621238,0,0.0285348422440026,0.0839618098796183
"783001","793000",788000.5,"Fst",0.0818054408180545,0,0.0281184554077349,0.0827712642972602
"784001","794000",789000.5,"Fst",0.0859027305835816,0,0.030137640036969,0.0689799290469942
"785001","795000",790000.5,"Fst",0.0874616522103776,0,0.0306843356977177,0.0710183540556543
"786001","796000",791000.5,"Fst",0.0922928709055877,0,0.0325306696410135,0.0751095628722328
"787001","797000",792000.5,"Fst",0.0812070779305208,0,0.031958702684287,0.055305846569787
"788001","798000",793000.5,"Fst",0.0864972894651377,0,0.0346289557294595,0.0523709754826326
"789001","799000",794000.5,"Fst",0.0883257531168068,0,0.0326132996734007,0.0605068370125732
"790001","8e+05",795000.5,"Fst",0.0878912115177781,0,0.0323930326718251,0.0602046625590027
"791001","801000",796000.5,"Fst",0.0538307572926761,0,0.0252028178690986,0.0569214348693675
"792001","802000",797000.5,"Fst",0.0499992528838681,0,0.0236925798107067,0.0570240803200252
"793001","803000",798000.5,"Fst",0.0496564568307957,0,0.0235495845319121,0.0567791315213995
"794001","804000",799000.5,"Fst",0.0522753839991497,0,0.0274508492424355,0.0622315604309692
"795001","805000",800000.5,"Fst",0.0517218941247211,0,0.0270454224792581,0.0628306134976145
"796001","806000",801000.5,"Fst",0.0507504728506604,0,0.026693941583098,0.061772307772285
"797001","807000",802000.5,"Fst",0.0650478763367809,0,0.0264804685353928,0.0600532577774916
"798001","808000",803000.5,"Fst",0.0912303782061606,0,0.0266099876119113,0.0529651823101612
"799001","809000",804000.5,"Fst",0.0858290127540423,0,0.0277656536476682,0.0460367882058451
"800001","810000",805000.5,"Fst",0.0876030192722861,0,0.0286547720587585,0.0470092960308833
"801001","811000",806000.5,"Fst",0.119774294670846,0,0.026259174886698,0.0620037734396057
"802001","812000",807000.5,"Fst",0.115905064044653,0,0.0237537450966385,0.0617180435676121
"803001","813000",808000.5,"Fst",0.11066321721517,0,0.0223325824297245,0.0585688463583199
"804001","814000",809000.5,"Fst",0.135361101653237,0,0.0272681493961709,0.0756326571306249
"805001","815000",810000.5,"Fst",0.135158191461741,0,0.0271893723591706,0.0735009671179884
"806001","816000",811000.5,"Fst",0.164241942531939,0,0.0316672367790929,0.0881110181184827
"807001","817000",812000.5,"Fst",0.162434451193575,0,0.0312617961082164,0.0869748696593839
"808001","818000",813000.5,"Fst",0.159853033802225,0,0.0303328894587984,0.0779547251766006
"809001","819000",814000.5,"Fst",0.162043576258452,0,0.0312162610705453,0.0816501328129234
"810001","820000",815000.5,"Fst",0.169212302396159,0,0.0325106052141824,0.0874593809694997
"811001","821000",816000.5,"Fst",0.150188661557571,0,0.0296862260774983,0.0732896487660365
"812001","822000",817000.5,"Fst",0.151684230977248,0,0.0295528884426652,0.0980206626767864
"813001","823000",818000.5,"Fst",0.20341129910433,0,0.0393084033061419,0.136610914151478
"814001","824000",819000.5,"Fst",0.221389738329217,0,0.0409288160333701,0.117550714402873
"815001","825000",820000.5,"Fst",0.218333815918693,0,0.040138053110156,0.115464719743095
"816001","826000",821000.5,"Fst",0.219287186913657,0,0.0408932954195051,0.115867730531929
"817001","827000",822000.5,"Fst",0.219969262218393,0,0.0410365703258715,0.116272322561485
"818001","828000",823000.5,"Fst",0.221089461210819,0,0.0414243844725677,0.118564300218522
"819001","829000",824000.5,"Fst",0.221586174275981,0,0.0415726010937799,0.11869110433932
"820001","830000",825000.5,"Fst",0.207742798062544,0,0.038776848511999,0.110014112949613
"821001","831000",826000.5,"Fst",0.211771970861209,0,0.040088343210579,0.112838683996178
"822001","832000",827000.5,"Fst",0.21122801376698,0,0.0400965002011338,0.107256347873972
"823001","833000",828000.5,"Fst",0.208541820976713,0,0.0369134119702184,0.0977014270319629
"824001","834000",829000.5,"Fst",0.126335244109446,0,0.0318486379870715,0.0809575401444559
"825001","835000",830000.5,"Fst",0.154939434451467,0,0.033926871794514,0.0776301094482912
"826001","836000",831000.5,"Fst",0.141285104191638,0,0.0312777552962663,0.0732612708973863
"827001","837000",832000.5,"Fst",0.139709129539638,0,0.0308908585997118,0.0724595668918218
"828001","838000",833000.5,"Fst",0.13914472965115,0,0.0307892011959717,0.0720979539303958
"829001","839000",834000.5,"Fst",0.136474184359712,0,0.0300390571857375,0.0705697549108815
"830001","840000",835000.5,"Fst",0.171026953030442,0,0.0337262980455532,0.0829976481406165
"831001","841000",836000.5,"Fst",0.157558378761044,0,0.0325935270797129,0.0778529522579255
"832001","842000",837000.5,"Fst",0.163440436296734,0,0.0323828003008292,0.0809641930658385
"833001","843000",838000.5,"Fst",0.126643469151046,0,0.0309655520262137,0.0700859897223931
"834001","844000",839000.5,"Fst",0.134746595123954,0,0.0316233687824395,0.0743150656605065
"835001","845000",840000.5,"Fst",0.0653116105809476,0,0.0257089347433609,0.0507594569318586
"836001","846000",841000.5,"Fst",0.103326882067272,0,0.0232573907241874,0.0466987556695715
"837001","847000",842000.5,"Fst",0.102739713854083,0,0.0233838142285734,0.0464883846821974
"838001","848000",843000.5,"Fst",0.102739713854083,0,0.0233846477339997,0.046360042515897
"839001","849000",844000.5,"Fst",0.107182529780883,0,0.0246691833048816,0.0486040841827901
"840001","850000",845000.5,"Fst",0.107135735547661,0,0.0286058864603007,0.0496727603538173
"841001","851000",846000.5,"Fst",0.128756887441485,0,0.0297311997809731,0.0553171196948022
"842001","852000",847000.5,"Fst",0.126201140000064,0,0.0285692523723584,0.0513548090912466
"843001","853000",848000.5,"Fst",0.109491322060383,0,0.0284299166803712,0.0535061796209831
"844001","854000",849000.5,"Fst",0.107549928251878,0,0.0274744157445371,0.0532223644899701
"845001","855000",850000.5,"Fst",0.100112233445567,0,0.0264419230719425,0.0489146126467751
"846001","856000",851000.5,"Fst",0.0686468713235664,0,0.0273353985849874,0.0528152336764778
"847001","857000",852000.5,"Fst",0.0755473347719704,0,0.0320312984560993,0.0625692108888946
"848001","858000",853000.5,"Fst",0.0741202367769452,0,0.0317980089655768,0.0608000620804718
"849001","859000",854000.5,"Fst",0.0732830880507631,0,0.0316501400668712,0.0594766334802241
"850001","860000",855000.5,"Fst",0.0850713012477717,0,0.0243392632371623,0.0511991411310866
"851001","861000",856000.5,"Fst",0.0737662534122711,0,0.0280261592090336,0.0542132109427412
"852001","862000",857000.5,"Fst",0.0738835427751989,0,0.0292874926238328,0.058175269546507
"853001","863000",858000.5,"Fst",0.0609688454474551,0,0.0238092380096165,0.0437725095328396
"854001","864000",859000.5,"Fst",0.0616098701751873,0,0.0234131579195185,0.0455621438371487
"855001","865000",860000.5,"Fst",0.09280699496413,0,0.0235446934688116,0.06406640756843
"856001","866000",861000.5,"Fst",0.101258043537696,0,0.0240023186963225,0.0644447293598449
"857001","867000",862000.5,"Fst",0.10161461118531,0,0.0252982506448307,0.0680497677858254
"858001","868000",863000.5,"Fst",0.104136119853349,0,0.026353642653087,0.0698220464485666
"859001","869000",864000.5,"Fst",0.109876227044945,0,0.0253614048596434,0.0694079783355283
"860001","870000",865000.5,"Fst",0.101130316622178,0,0.0255275401836089,0.0680445165702394
"861001","871000",866000.5,"Fst",0.101130316622178,0,0.0255275401836089,0.0680445165702394
"862001","872000",867000.5,"Fst",0.0997654860312613,0,0.0247516872474807,0.0669008603946687
"863001","873000",868000.5,"Fst",0.108926664644845,0,0.0271115762798213,0.0691188959627612
"864001","874000",869000.5,"Fst",0.108033599507967,0,0.0268949836318354,0.0685875750939576
"865001","875000",870000.5,"Fst",0.0870514888911772,0,0.0211281114243311,0.0357638058809465
"866001","876000",871000.5,"Fst",0.09513439243868,0,0.0270730295289109,0.0450498157376565
"867001","877000",872000.5,"Fst",0.0807772049597943,0,0.0290062539555402,0.0635570066357038
"868001","878000",873000.5,"Fst",0.0784211568135742,0,0.028469189270407,0.0540029308084825
"869001","879000",874000.5,"Fst",0.0595342204044289,0,0.0317370921493674,0.0677721635697235
"870001","880000",875000.5,"Fst",0.058903197060134,0,0.0311029098504221,0.0669934420489893
"871001","881000",876000.5,"Fst",0.0574516854877716,0,0.0297187729307295,0.0641084511402332
"872001","882000",877000.5,"Fst",0.0568039871301494,0,0.0296866207300377,0.0635397203788417
"873001","883000",878000.5,"Fst",0.058656100179973,0,0.03452628751758,0.0688957732435992
"874001","884000",879000.5,"Fst",0.057964257964258,0,0.033648699280165,0.0673947394739475
"875001","885000",880000.5,"Fst",0.0574389304928226,0,0.0333413958938508,0.0667776522583586
"876001","886000",881000.5,"Fst",0.0339973297093675,0,0.0270737736922312,0.0521911602469309
"877001","887000",882000.5,"Fst",0.0420752984389348,0,0.0259709186359664,0.0670801650879658
"878001","888000",883000.5,"Fst",0.0224570748169911,0,0.0266894040351112,0.0656943026413574
"879001","889000",884000.5,"Fst",0.0235008877549497,0,0.0278799169841815,0.0712220820328928
"880001","890000",885000.5,"Fst",0.0232469477601778,0,0.0285036224358571,0.0726644685193906
"881001","891000",886000.5,"Fst",0.0218726022954684,0,0.0291452511768098,0.0754336200883513
"882001","892000",887000.5,"Fst",0.0464098792913833,0,0.0277181335759424,0.0794126460893019
"883001","893000",888000.5,"Fst",0.0671980099775482,0,0.0371055440135773,0.102641285631759
"884001","894000",889000.5,"Fst",0.0664446836742357,0,0.0377259268474966,0.101987431250196
"885001","895000",890000.5,"Fst",0.0667477071998724,0,0.0338120341261108,0.0952909106595348
"886001","896000",891000.5,"Fst",0.0706088268577895,0,0.0360338714838824,0.100894505481026
"887001","897000",892000.5,"Fst",0.0697131094690178,0,0.0348846593055768,0.101698786438632
"888001","898000",893000.5,"Fst",0.0835089951746262,0,0.039631742066343,0.116310824918469
"889001","899000",894000.5,"Fst",0.0844368422160162,0,0.0400379625392004,0.117453227127613
"890001","9e+05",895000.5,"Fst",0.115136773371142,0,0.0449261583547828,0.119119228706212
"891001","901000",896000.5,"Fst",0.112087126316658,0,0.0427458764227271,0.113307537805326
"892001","902000",897000.5,"Fst",0.0828005227002985,0,0.0300863692505162,0.084468968452498
"893001","903000",898000.5,"Fst",0.054924086815381,0,0.0182951924432286,0.0386174444751994
"894001","904000",899000.5,"Fst",0.0476683341958485,0,0.0185460896249569,0.0382546711307916
"895001","905000",900000.5,"Fst",0.0748071364306361,0,0.0215853743224332,0.0448274290320336
"896001","906000",901000.5,"Fst",0.0745161116029308,0,0.0245422377317192,0.0418021070924297
"897001","907000",902000.5,"Fst",0.0750202940758037,0,0.0247668318963497,0.0420978482485846
"898001","908000",903000.5,"Fst",0.10015388681896,0,0.0258742259206105,0.0469108524483118
"899001","909000",904000.5,"Fst",0.102009617129378,0,0.0250240341354877,0.0586304363426755
"900001","910000",905000.5,"Fst",0.0826935182773292,0,0.0232767196622316,0.0728152187156322
"901001","911000",906000.5,"Fst",0.093314514373231,0,0.0240128129497306,0.0724032322584197
"902001","912000",907000.5,"Fst",0.114875059295191,0,0.0279621532650182,0.0782255879759909
"903001","913000",908000.5,"Fst",0.126421278912481,0,0.0290623613230196,0.0756098804411075
"904001","914000",909000.5,"Fst",0.154941738472711,0,0.0337336792301019,0.0765936882129484
"905001","915000",910000.5,"Fst",0.15043857425341,0,0.0333460041927944,0.0802919905552277
"906001","916000",911000.5,"Fst",0.156227057606576,0,0.0356179028131434,0.0869810765761349
"907001","917000",912000.5,"Fst",0.174521785018872,0,0.0369452750265794,0.0685627558691252
"908001","918000",913000.5,"Fst",0.173304130572997,0,0.0376465014750807,0.0692108114391036
"909001","919000",914000.5,"Fst",0.1771785468884,0,0.038364273297218,0.0721958996877491
"910001","920000",915000.5,"Fst",0.181346077132931,0,0.040385516895687,0.075286169496102
"911001","921000",916000.5,"Fst",0.182110552907764,0,0.0399021842465123,0.07613698218672
"912001","922000",917000.5,"Fst",0.181696255911759,0,0.0390594666090564,0.0764006609364419
"913001","923000",918000.5,"Fst",0.182508057716429,0,0.0392017692063769,0.0768627994704062
"914001","924000",919000.5,"Fst",0.178916844643467,0,0.0380361793328787,0.0756742674008963
"915001","925000",920000.5,"Fst",0.179185437180547,0,0.0381007701859374,0.075823043013288
"916001","926000",921000.5,"Fst",0.180451952527778,0,0.0385505802127941,0.0766005532450208
"917001","927000",922000.5,"Fst",0.177822362507637,0,0.0419078311855383,0.0832670602635335
"918001","928000",923000.5,"Fst",0,0,0,0
"919001","929000",924000.5,"Fst",0.291666666666667,0,0.0761832689533013,0.128142254684579
"920001","930000",925000.5,"Fst",0.209018409793574,0,0.0469817363441263,0.0941218112604093
"921001","931000",926000.5,"Fst",0.209018409793574,0,0.0469817363441263,0.0941218112604093
"922001","932000",927000.5,"Fst",0.0999375114056325,0,0.0327933917291529,0.0959697042436402
"923001","933000",928000.5,"Fst",0.0992598660194293,0,0.0326807832004875,0.0953964752366701
"924001","934000",929000.5,"Fst",0.0992598660194293,0,0.0326807832004875,0.0953964752366701
"925001","935000",930000.5,"Fst",0.0976188691188165,0,0.0317274354542737,0.0941187920439864
"926001","936000",931000.5,"Fst",0.0966809720974386,0,0.0311964700368134,0.093178587634098
"927001","937000",932000.5,"Fst",0.0855695995143544,0,0.0324764213216502,0.0938635791992939
"928001","938000",933000.5,"Fst",0.0849733188731323,0,0.0322394531826654,0.093157777160938
"929001","939000",934000.5,"Fst",0.0697338186365638,0,0.0326687655342785,0.0984122188979853
"930001","940000",935000.5,"Fst",0.0187632372318922,0,0.0393584029674978,0.116923210667877
"931001","941000",936000.5,"Fst",0.0186764269123209,0,0.0391820567013311,0.116344935352643
"932001","942000",937000.5,"Fst",0.0415430181360806,0,0.0468880533955823,0.105947297876163
"933001","943000",938000.5,"Fst",0.0410555275902172,0,0.0472528250376966,0.106354796828817
"934001","944000",939000.5,"Fst",0.040580940983705,0,0.0467123908443048,0.105014592368328
"935001","945000",940000.5,"Fst",0.0415789688089839,0,0.0490903656450284,0.110040332655174
"936001","946000",941000.5,"Fst",0.0415062455755749,0,0.0501254692969514,0.111140095358173
"937001","947000",942000.5,"Fst",0.0739749053030303,0,0.0447625590930954,0.0835294526016175
"938001","948000",943000.5,"Fst",0.0730877205143313,0,0.0432230226681331,0.0813066903089408
"939001","949000",944000.5,"Fst",0.0963614641033996,0,0.0593360711189031,0.0971234079929733
"940001","950000",945000.5,"Fst",0.0896161616161617,0,0.055120334536118,0.0899532235102706
"941001","951000",946000.5,"Fst",0.0507053213532759,0,0.0464022445256118,0.112739950434746
"942001","952000",947000.5,"Fst",0,0,0.0476091328309542,0.130318598033498
"943001","953000",948000.5,"Fst",0,0,0.0490551445235162,0.133413745339588
"944001","954000",949000.5,"Fst",0,0,0.0458301827955623,0.125788226769686
"945001","955000",950000.5,"Fst",0,0,0.0469264905061717,0.128686851294383
"946001","956000",951000.5,"Fst",0,0,0.0482929467602133,0.1317222168286
"947001","957000",952000.5,"Fst",0,0,0.0471326480789806,0.128686851294383
"948001","958000",953000.5,"Fst",0,0,0.0445881457740437,0.122186227168918
"949001","959000",954000.5,"Fst",0,0,0.0435967349775023,0.119083948795364
"950001","960000",955000.5,"Fst",0,0,0.0458076590008471,0.124734625987064
"951001","961000",956000.5,"Fst",0.0911845730027547,0,0.0294673275236687,0.0774074066261821
"952001","962000",957000.5,"Fst",0.0843670348343246,0,0.027302128510383,0.0725725913782227
"953001","963000",958000.5,"Fst",0.0795354425310372,0,0.0255851847209601,0.0683062296070596
"954001","964000",959000.5,"Fst",0.0785923753665687,0,0.0267981357902211,0.0720441691354698
"955001","965000",960000.5,"Fst",0.031556948798328,0,0.0362802860592049,0.0819140117465151
"956001","966000",961000.5,"Fst",0.0310476304547452,0,0.0357147691616113,0.080435981145201
"957001","967000",962000.5,"Fst",0.031556948798328,0,0.0363916480877319,0.0816770377491771
"958001","968000",963000.5,"Fst",0.0338998489291744,0,0.039989292498428,0.0895928216980492
"959001","969000",964000.5,"Fst",0.0160528064245891,0,0.0506424182989386,0.110909211047971
"960001","970000",965000.5,"Fst",0.0146156800351128,0,0.045337827413757,0.119009842699285
"961001","971000",966000.5,"Fst",0,0,0.0492987089825166,0.130937075599819
"962001","972000",967000.5,"Fst",0,0,0.0492202417253805,0.130937075599819
"963001","973000",968000.5,"Fst",0,0,0.0502369579348128,0.131660067679577
"964001","974000",969000.5,"Fst",0,0,0.046506545184637,0.140671284666256
"965001","975000",970000.5,"Fst",0,0,0.0422687951043424,0.137678591746176
"966001","976000",971000.5,"Fst",0,0,0.0428577737579453,0.139809376359136
"967001","977000",972000.5,"Fst",0,0,0.0434663336497439,0.142007151994125
"968001","978000",973000.5,"Fst",0,0,0.0434663336497439,0.142007151994125
"969001","979000",974000.5,"Fst",0.0061137984341495,0,0.0557528240964313,0.138589884158841
"970001","980000",975000.5,"Fst",0.00303030303030305,0,0.0417696840686398,0.105224828934506
"971001","981000",976000.5,"Fst",0,0,0.0361721682861621,0.104429419709884
"972001","982000",977000.5,"Fst",0,0,0.04500022607173,0.131819324672453
"973001","983000",978000.5,"Fst",0,0,0.0458774968466588,0.135269466519908
"974001","984000",979000.5,"Fst",0,0,0.0498082266191494,0.118901266451339
"975001","985000",980000.5,"Fst",0.00701493095028904,0,0.0380982049735008,0.0979532889992787
"976001","986000",981000.5,"Fst",0.00695844557214764,0,0.0378293901256058,0.0972163206988863
"977001","987000",982000.5,"Fst",0.007777098702894,0,0.0373149047635491,0.0949887892869326
"978001","988000",983000.5,"Fst",0.00766411659010069,0,0.0367730254578546,0.0936943576090752
"979001","989000",984000.5,"Fst",0.00771643027331914,0,0.0370193971576187,0.0943802987572556
"980001","990000",985000.5,"Fst",0.00825424384681928,0,0.037883058364055,0.0972904174567837
"981001","991000",986000.5,"Fst",0.0138551495326183,0,0.0378189216668479,0.117157767218787
"982001","992000",987000.5,"Fst",0.0256766638264515,0,0.0400552351416353,0.12678940713324
"983001","993000",988000.5,"Fst",0.0313581095732969,0,0.0350920093876943,0.109346042889119
"984001","994000",989000.5,"Fst",0.032514935381681,0,0.0370988902821452,0.112733449747822
"985001","995000",990000.5,"Fst",0.0403861625100563,0,0.0311334032540831,0.106752050810564
"986001","996000",991000.5,"Fst",0.0432435536668005,0,0.0331631845967841,0.113750172600331
"987001","997000",992000.5,"Fst",0.0402955646164742,0,0.0346161088557712,0.115004427230314
"988001","998000",993000.5,"Fst",0.0417733325395407,0,0.0356789257515509,0.118226968098414
"989001","999000",994000.5,"Fst",0.0404745423780957,0,0.0346112616048179,0.115004427230314
"990001","1e+06",995000.5,"Fst",0.0365756185710314,0,0.0315281493313247,0.104825463950613
"991001","1001000",996000.5,"Fst",0.0374453433276963,0,0.0267134792734545,0.092551949181319
"992001","1002000",997000.5,"Fst",0.0341033782222061,0,0.0260705643371482,0.0788038785684377
"993001","1003000",998000.5,"Fst",0.0220808452852652,0,0.0253947837677819,0.0480492984136237
"994001","1004000",999000.5,"Fst",0.0199520630029105,0,0.0232510591122601,0.0474653762510969
"995001","1005000",1000000.5,"Fst",0.0151068971927867,0,0.0194783185765113,0.0440428014598178
"996001","1006000",1001000.5,"Fst",0.0152812850729517,0,0.0190571796084309,0.0426230271427908
"997001","1007000",1002000.5,"Fst",0.00991824545944098,0,0.0190036641797807,0.0378291839717858
"998001","1008000",1003000.5,"Fst",0.00988099882949656,0,0.0189132339810325,0.0378291839717858
"999001","1009000",1004000.5,"Fst",0.00988099882949656,0,0.0188270391949674,0.0378291839717858
"1000001","1010000",1005000.5,"Fst",0.0136705988223095,0,0.0312181793281666,0.0794663347465869
"1001001","1011000",1006000.5,"Fst",0.00118857661567706,0,0.0332254158194935,0.127440105450897
"1002001","1012000",1007000.5,"Fst",0,0,0.0379455666216291,0.142604975796465
"1003001","1013000",1008000.5,"Fst",0.00457045704570458,0,0.0334339887419276,0.125328258141269
"1004001","1014000",1009000.5,"Fst",0.00733142493638672,0,0.0341797558499716,0.130253937368696
"1005001","1015000",1010000.5,"Fst",0.0159047619047618,0,0.0347021785329701,0.136515441479981
"1006001","1016000",1011000.5,"Fst",0.0161863533292104,0,0.0339928432044916,0.130815495052707
"1007001","1017000",1012000.5,"Fst",0.017242969110189,0,0.0339204976948626,0.134175555870708
"1008001","1018000",1013000.5,"Fst",0.017975955204216,0,0.0328538853608817,0.13149929981479
"1009001","1019000",1014000.5,"Fst",0.0182062233068944,0,0.0326634572919269,0.130405661851711
"1010001","1020000",1015000.5,"Fst",0.0183541279948619,0,0.0325778306521027,0.11682017455657
"1011001","1021000",1016000.5,"Fst",0.0390167874266816,0,0.0234040913784025,0.0692590780984325
"1012001","1022000",1017000.5,"Fst",0.0390167874266816,0,0.0234040913784025,0.0692590780984325
"1013001","1023000",1018000.5,"Fst",0.035941532976827,0,0.0269925008179098,0.0826623769454986
"1014001","1024000",1019000.5,"Fst",0.096701642293887,0,0.0307716634171432,0.0838753018501369
"1015001","1025000",1020000.5,"Fst",0.108613465848193,0,0.0373869846000993,0.105612420794845
"1016001","1026000",1021000.5,"Fst",0.115217419958612,0,0.0399201273644729,0.112137954126904
"1017001","1027000",1022000.5,"Fst",0.127781167378483,0,0.0447721245834111,0.124078164825829
"1018001","1028000",1023000.5,"Fst",0.102583542047429,0,0.0348116157328805,0.0937614058803651
"1019001","1029000",1024000.5,"Fst",0.106140660686115,0,0.0370617940061253,0.0969297317629357
"1020001","1030000",1025000.5,"Fst",0.0929394040505153,0,0.0320756796063699,0.0849033963799065
"1021001","1031000",1026000.5,"Fst",0.0938797746803176,0,0.0325599195761918,0.0859371915936878
"1022001","1032000",1027000.5,"Fst",0.0759625375407433,0,0.0280028056220792,0.0602644566778012
"1023001","1033000",1028000.5,"Fst",0.0773237179487181,0,0.0285458320291832,0.0622864421515175
"1024001","1034000",1029000.5,"Fst",0.0239589992754549,0,0.0301997700924181,0.0800439497248009
"1025001","1035000",1030000.5,"Fst",0.0239589992754549,0,0.0302016786351223,0.079801310604719
"1026001","1036000",1031000.5,"Fst",0.0246682437760505,0,0.0326344987205337,0.0840718800675117
"1027001","1037000",1032000.5,"Fst",0.0244402417286206,0,0.0307108717122647,0.0811126638772374
"1028001","1038000",1033000.5,"Fst",0.0260749623499273,0,0.0378242503448657,0.0906328478151682
"1029001","1039000",1034000.5,"Fst",0.0251067239363728,0,0.0357809234286025,0.0835926835926836
"1030001","1040000",1035000.5,"Fst",0.0263728191000918,0,0.0361743605911463,0.0892107262837946
"1031001","1041000",1036000.5,"Fst",0.0215316100300125,0,0.0268696902570891,0.0655548659407585
"1032001","1042000",1037000.5,"Fst",0.0762087638082131,0,0.0190665492421644,0.0547014871138929
"1033001","1043000",1038000.5,"Fst",0.0610140385565627,0,0.020784695315344,0.0575118163002782
"1034001","1044000",1039000.5,"Fst",0.0581185037365227,0,0.0197629603268697,0.0546646751402388
"1035001","1045000",1040000.5,"Fst",0.0583791566348744,0,0.0198682375526468,0.0549555901230789
"1036001","1046000",1041000.5,"Fst",0.0583791566348744,0,0.0198682375526468,0.0549555901230789
"1037001","1047000",1042000.5,"Fst",0.0587429782494172,0,0.019954589855914,0.0552911125693318
"1038001","1048000",1043000.5,"Fst",0.0591392093344892,0,0.0202757384638489,0.0556327594092502
"1039001","1049000",1044000.5,"Fst",0.0553302838238057,0,0.0182826623655318,0.0513688928958093
"1040001","1050000",1045000.5,"Fst",0.0512086996740787,0,0.0165093866662649,0.046908608807635
"1041001","1051000",1046000.5,"Fst",0.0516702729624365,0,0.0164709785188037,0.0454913572858004
"1042001","1052000",1047000.5,"Fst",0.00814243911179546,0,0.0120888194682673,0.0315443783727474
"1043001","1053000",1048000.5,"Fst",0.011851621652164,0,0.00859373366197216,0.0146762703963955
"1044001","1054000",1049000.5,"Fst",0.0261093052752659,0,0.0103838554923558,0.0201936842431534
"1045001","1055000",1050000.5,"Fst",0.0256902891515435,0,0.0102108916643773,0.0198520617653557
"1046001","1056000",1051000.5,"Fst",0.0254305742073109,0,0.0100888642690907,0.0196367465618268
"1047001","1057000",1052000.5,"Fst",0.0350125602009631,0,0.0108666666196787,0.0189279936285609
"1048001","1058000",1053000.5,"Fst",0.0339808840542575,0,0.0105367407671854,0.0183548046492605
"1049001","1059000",1054000.5,"Fst",0.0355987290146956,0,0.0107943679567918,0.0211658736292558
"1050001","1060000",1055000.5,"Fst",0.0410760064955381,0,0.0169793795740487,0.0454743199256816
"1051001","1061000",1056000.5,"Fst",0.0424087318928095,0,0.0193796158625254,0.0527281760812758
"1052001","1062000",1057000.5,"Fst",0.0609066820831526,0,0.0286003169118491,0.08292428784031
"1053001","1063000",1058000.5,"Fst",0.0495323806628154,0,0.0339928641384599,0.108592387571817
"1054001","1064000",1059000.5,"Fst",0.0604612624787829,0,0.0367084457646619,0.124797131075604
"1055001","1065000",1060000.5,"Fst",0.0593737950788067,0,0.0357935611478144,0.122338436073392
"1056001","1066000",1061000.5,"Fst",0.0593198819168465,0,0.0358244908332121,0.122475860677069
"1057001","1067000",1062000.5,"Fst",0.0388512255353921,0,0.0344423515487993,0.110602161354436
"1058001","1068000",1063000.5,"Fst",0.0401247222688996,0,0.0355386025627117,0.113855550388961
"1059001","1069000",1064000.5,"Fst",0.0399881089857194,0,0.0359668278792458,0.11617810627534
"1060001","1070000",1065000.5,"Fst",0.0364427112952581,0,0.038546991944582,0.106992777205543
"1061001","1071000",1066000.5,"Fst",0.0450151727522852,0,0.0337601992181719,0.103891058501851
"1062001","1072000",1067000.5,"Fst",0.0446259725555695,0,0.0335026273000387,0.102997742717478
"1063001","1073000",1068000.5,"Fst",0.0625454970536504,0,0.0353219066646909,0.0680233408643922
"1064001","1074000",1069000.5,"Fst",0.0362904170571696,0,0.0328193923082608,0.0575421470775915
"1065001","1075000",1070000.5,"Fst",0.0379730021931857,0,0.0342294163779679,0.0603094952231423
"1066001","1076000",1071000.5,"Fst",0.0382917750401046,0,0.034612711466201,0.0608868168868169
"1067001","1077000",1072000.5,"Fst",0.0541678244946526,0,0.0350675222587913,0.0883711769505641
"1068001","1078000",1073000.5,"Fst",0.0541678244946526,0,0.0350675222587913,0.0883711769505641
"1069001","1079000",1074000.5,"Fst",0.0543417012695937,0,0.0338238488199741,0.0865594202293766
"1070001","1080000",1075000.5,"Fst",0.0565561228137914,0,0.0336834052724373,0.0893326244905193
"1071001","1081000",1076000.5,"Fst",0.0446516596184321,0,0.032752709617115,0.0848346241142124
"1072001","1082000",1077000.5,"Fst",0.0453860187780891,0,0.0332993141259044,0.0862148504217068
"1073001","1083000",1078000.5,"Fst",0.0426609418435032,0,0.0278950701411294,0.056318359108638
"1074001","1084000",1079000.5,"Fst",0.00617283950617264,0,0.00628930817610041,0.00668190610163522
"1075001","1085000",1080000.5,"Fst",0.0743563454089767,0,0.0314491573673676,0.0763665400343602
"1076001","1086000",1081000.5,"Fst",0.0754915567892666,0,0.0318861786460512,0.0775220456387707
"1077001","1087000",1082000.5,"Fst",0.0744963761912913,0,0.0314471855178545,0.0763665400343602
"1078001","1088000",1083000.5,"Fst",0.0756359001100875,0,0.0318861786460512,0.077375698734922
"1079001","1089000",1084000.5,"Fst",0.0659206880555661,0,0.0374207733609355,0.100938614842446
"1080001","1090000",1085000.5,"Fst",0.0670895594331437,0,0.0385549601359874,0.103448063694424
"1081001","1091000",1086000.5,"Fst",0.0725465716069256,0,0.0418624603202571,0.103943554121315
"1082001","1092000",1087000.5,"Fst",0.0799479919098526,0,0.0431419905223909,0.0959449980726578
"1083001","1093000",1088000.5,"Fst",0.0835464417827363,0,0.0462035408317632,0.0985143027440774
"1084001","1094000",1089000.5,"Fst",0.0824887552700496,0,0.0455803457581929,0.0971295147646907
"1085001","1095000",1090000.5,"Fst",0.0758096058273678,0,0.0457617050224677,0.110354092373538
"1086001","1096000",1091000.5,"Fst",0.070666409861325,0,0.0447372579262662,0.0975331287860771
"1087001","1097000",1092000.5,"Fst",0.0607758120243257,0,0.0401412657187425,0.0880219123121733
"1088001","1098000",1093000.5,"Fst",0.0645080553493759,0,0.0426956185491337,0.0936858077768716
"1089001","1099000",1094000.5,"Fst",0.0699227835147455,0,0.04130389426068,0.100608322629117
"1090001","1100000",1095000.5,"Fst",0.0724495420624152,0,0.0415621589351307,0.0993284853916715
"1091001","1101000",1096000.5,"Fst",0.0753863273501378,0,0.0433260360367928,0.103694994754058
"1092001","1102000",1097000.5,"Fst",0.0726222944948179,0,0.0458729081959904,0.107406865565861
"1093001","1103000",1098000.5,"Fst",0.0726222944948179,0,0.0458729081959904,0.107406865565861
"1094001","1104000",1099000.5,"Fst",0.0760538184863073,0,0.0478927679356723,0.112147265719753
"1095001","1105000",1100000.5,"Fst",0.0829379290930984,0,0.05245474254404,0.124077640987332
"1096001","1106000",1101000.5,"Fst",0.0853246959816072,0,0.0526771356000319,0.121983003599556
"1097001","1107000",1102000.5,"Fst",0.0907202583194775,0,0.0558075141537202,0.128961755317197
"1098001","1108000",1103000.5,"Fst",0.0914607778830503,0,0.0562214002498979,0.129879104027197
"1099001","1109000",1104000.5,"Fst",0.0924150072898614,0,0.0570639336020395,0.131525259215066
"1100001","1110000",1105000.5,"Fst",0.0939996843855836,0,0.0588098544364342,0.134501521408999
"1101001","1111000",1106000.5,"Fst",0.0933777518288285,0,0.0583569439091786,0.133770282388373
"1102001","1112000",1107000.5,"Fst",0.0920886849486801,0,0.0572844073082452,0.13188410663479
"1103001","1113000",1108000.5,"Fst",0.090877114262358,0,0.0563661475481493,0.130152589727058
"1104001","1114000",1109000.5,"Fst",0.0997555693561999,0,0.055097221932,0.126158343319856
"1105001","1115000",1110000.5,"Fst",0.109445870247652,0,0.0484392189335852,0.112191880517672
"1106001","1116000",1111000.5,"Fst",0.114778206106789,0,0.0491267733753882,0.114077227120705
"1107001","1117000",1112000.5,"Fst",0.116955781402697,0,0.0519987883960982,0.119818235121665
"1108001","1118000",1113000.5,"Fst",0.110450900235508,0,0.0513153579967607,0.117951166155428
"1109001","1119000",1114000.5,"Fst",0.112134302446603,0,0.0506417987748561,0.114923989503263
"1110001","1120000",1115000.5,"Fst",0.113386294591778,0,0.0507392808267377,0.115109377801685
"1111001","1121000",1116000.5,"Fst",0.112902070348879,0,0.0505216632841891,0.114693697979128
"1112001","1122000",1117000.5,"Fst",0.10369737078201,0,0.0526183213737016,0.115478730971689
"1113001","1123000",1118000.5,"Fst",0.0966725242111841,0,0.0543843367202834,0.116648062659045
"1114001","1124000",1119000.5,"Fst",0.0859486946823191,0,0.0502608671178906,0.114176043720918
"1115001","1125000",1120000.5,"Fst",0.0548417472339251,0,0.0597034455354076,0.129177254629785
"1116001","1126000",1121000.5,"Fst",0.0538312174459618,0,0.0590565583402041,0.127316206815234
"1117001","1127000",1122000.5,"Fst",0.0237234732647575,0,0.055239810576453,0.125338491295938
"1118001","1128000",1123000.5,"Fst",0.013308753653012,0,0.0481433519067398,0.141284589380782
"1119001","1129000",1124000.5,"Fst",0.0134643187601203,0,0.0486829756949543,0.143068566157631
"1120001","1130000",1125000.5,"Fst",0.0134643187601203,0,0.0486829756949543,0.143068566157631
"1121001","1131000",1126000.5,"Fst",0.0103957325393873,0,0.0522191779289399,0.145268820647475
"1122001","1132000",1127000.5,"Fst",0.00454714367757836,0,0.0545741243867133,0.144632613915428
"1123001","1133000",1128000.5,"Fst",0.0035507491269573,0,0.0511431501548296,0.135532134473373
"1124001","1134000",1129000.5,"Fst",0.000984633603606122,0,0.0542576169520654,0.1354791938524
"1125001","1135000",1130000.5,"Fst",0.00792769803296112,0,0.0441923864189959,0.116229878488523
"1126001","1136000",1131000.5,"Fst",0.00444417358801585,0,0.0508621884244797,0.120705402038001
"1127001","1137000",1132000.5,"Fst",0,0,0.0583022146777616,0.130122559305377
"1128001","1138000",1133000.5,"Fst",0,0,0.0656664964319588,0.144754810314398
"1129001","1139000",1134000.5,"Fst",0,0,0.0664972392935068,0.146532486316005
"1130001","1140000",1135000.5,"Fst",0,0,0.0668321424003996,0.147359486081398
"1131001","1141000",1136000.5,"Fst",0,0,0.0673942340529715,0.147212066176072
"1132001","1142000",1137000.5,"Fst",0,0,0.0656821730666915,0.142835509965829
"1133001","1143000",1138000.5,"Fst",0,0,0.0672821624411935,0.14604040781782
"1134001","1144000",1139000.5,"Fst",0,0,0.0658674574806442,0.143160232196087
"1135001","1145000",1140000.5,"Fst",0,0,0.0741076355294005,0.16123960083103
"1136001","1146000",1141000.5,"Fst",0,0,0.0715961805676686,0.156545882086296
"1137001","1147000",1142000.5,"Fst",0,0,0.0711597989857772,0.154941603172505
"1138001","1148000",1143000.5,"Fst",0.0108188108188111,0,0.064332727974445,0.136425473269796
"1139001","1149000",1144000.5,"Fst",0.0102989875698434,0,0.0604138594743953,0.128932042628905
"1140001","1150000",1145000.5,"Fst",0.0124157653017428,0,0.0583219742354107,0.123462829280648
"1141001","1151000",1146000.5,"Fst",0.0125322567106142,0,0.0588515650071341,0.124598492624886
"1142001","1152000",1147000.5,"Fst",0.0149400116046193,0,0.0557352098597211,0.113728316187528
"1143001","1153000",1148000.5,"Fst",0.0176069310337846,0,0.0523176806043028,0.106453558331177
"1144001","1154000",1149000.5,"Fst",0.0214094972715662,0,0.0500914261028167,0.107041714131786
"1145001","1155000",1150000.5,"Fst",0.0338915304324765,0,0.0395113568706153,0.0948726315560486
"1146001","1156000",1151000.5,"Fst",0.0328311576727429,0,0.0404462820605448,0.0977903439344252
"1147001","1157000",1152000.5,"Fst",0.0432693563128345,0,0.0308974370652727,0.0843784014007856
"1148001","1158000",1153000.5,"Fst",0.0215363815921502,0,0.0288825047509041,0.0791039562702226
"1149001","1159000",1154000.5,"Fst",0.0321887762819543,0,0.0349670670370036,0.0909541732717816
"1150001","1160000",1155000.5,"Fst",0.0253144255929771,0,0.0326410591621465,0.0869357466314027
"1151001","1161000",1156000.5,"Fst",0.0250354787544869,0,0.0322785952293527,0.0860049920187076
"1152001","1162000",1157000.5,"Fst",0.0299614061379549,0,0.0255924775610715,0.0472147001934234
"1153001","1163000",1158000.5,"Fst",0.0351360982030529,0,0.0257660333911971,0.0429500332171224
"1154001","1164000",1159000.5,"Fst",0.0314917794970986,0,0.0245615583872266,0.040144366727294
"1155001","1165000",1160000.5,"Fst",0.00896910896910896,0,0.0299906725362611,0.0562085751451941
"1156001","1166000",1161000.5,"Fst",0.00884045371750286,0,0.0294953753082754,0.0552762974648313
"1157001","1167000",1162000.5,"Fst",0.0115015974440894,0,0.0296522304133778,0.0500975410246074
"1158001","1168000",1163000.5,"Fst",0.0118733509234829,0,0.030692296388851,0.0520108139481602
"1159001","1169000",1164000.5,"Fst",0.0170041648714633,0,0.0288296395606812,0.0493807803940234
"1160001","1170000",1165000.5,"Fst",0.0255938637341994,0,0.0189257009523733,0.0314575883851989
"1161001","1171000",1166000.5,"Fst",0.0244870450801257,0,0.018096701256393,0.0302601544101874
"1162001","1172000",1167000.5,"Fst",0.0234719879409969,0,0.0173360202006344,0.0290506697459049
"1163001","1173000",1168000.5,"Fst",0.0116911241349021,0,0.0131409482948647,0.0227183249821045
"1164001","1174000",1169000.5,"Fst",0.0173219696969696,0,0.0156719486667055,0.0280078895463509
"1165001","1175000",1170000.5,"Fst",0.0167362026057678,0,0.0150650182022084,0.0274396135265701
"1166001","1176000",1171000.5,"Fst",0.0145487129358098,0,0.0146556208622819,0.0250561603594261
"1167001","1177000",1172000.5,"Fst",0.0133114332643006,0,0.0163715863387654,0.0288993220949614
"1168001","1178000",1173000.5,"Fst",0.0206829011055237,0,0.013917513133957,0.0283706093987612
"1169001","1179000",1174000.5,"Fst",0.0362058255687064,0,0.0188589196981032,0.0464992267903802
"1170001","1180000",1175000.5,"Fst",0.0653887644178905,0,0.0341638628916016,0.0773640975808182
"1171001","1181000",1176000.5,"Fst",0.0663132205671968,0,0.0346669262445253,0.0782954937894661
"1172001","1182000",1177000.5,"Fst",0.068118948824343,0,0.0356391594265344,0.0804132235287486
"1173001","1183000",1178000.5,"Fst",0.0698953343977293,0,0.0367561142951775,0.0826486983687057
"1174001","1184000",1179000.5,"Fst",0.0678725236864771,0,0.0356374786654463,0.0802272253247499
"1175001","1185000",1180000.5,"Fst",0.0693535723632557,0,0.0363597033096773,0.0811544524735338
"1176001","1186000",1181000.5,"Fst",0.0710834078114139,0,0.0350158927016624,0.0793987829564378
"1177001","1187000",1182000.5,"Fst",0.0710834078114139,0,0.0350158927016624,0.0793987829564378
"1178001","1188000",1183000.5,"Fst",0.0731629153000676,0,0.0382612041728587,0.0867040116556557
"1179001","1189000",1184000.5,"Fst",0.0592165085428387,0,0.0419384830040058,0.0969477033890733
"1180001","1190000",1185000.5,"Fst",0.0321641809687977,0,0.0396801942409121,0.0860005415651232
"1181001","1191000",1186000.5,"Fst",0.0373532676728311,0,0.04070979382371,0.088221181841474
"1182001","1192000",1187000.5,"Fst",0.0373532676728311,0,0.04070979382371,0.088221181841474
"1183001","1193000",1188000.5,"Fst",0.019946298427311,0,0.0378355426447667,0.0910927456382001
"1184001","1194000",1189000.5,"Fst",0.0202569577106043,0,0.0383660297017638,0.0924504089869598
"1185001","1195000",1190000.5,"Fst",0.019991476797102,0,0.039313907502981,0.0931322333863691
"1186001","1196000",1191000.5,"Fst",0.017903997530483,0,0.0443783775443528,0.103706207051932
"1187001","1197000",1192000.5,"Fst",0.0177217883862941,0,0.0420778047681916,0.100048614487117
"1188001","1198000",1193000.5,"Fst",0.0261318418343214,0,0.0373369040163382,0.0897027895718423
"1189001","1199000",1194000.5,"Fst",0.0221928792184556,0,0.0354970148174349,0.0749620526325415
"1190001","1200000",1195000.5,"Fst",0.0197086492111019,0,0.0391308594083073,0.0796024436947205
"1191001","1201000",1196000.5,"Fst",0.0147298976735543,0,0.0410192201693522,0.0881655428970007
"1192001","1202000",1197000.5,"Fst",0.0149811232501421,0,0.0396495067547543,0.0855185764276674
"1193001","1203000",1198000.5,"Fst",0.0463721181278433,0,0.0269679514457051,0.0646288731395114
"1194001","1204000",1199000.5,"Fst",0.048382944489139,0,0.0282502530345574,0.0677936890922195
"1195001","1205000",1200000.5,"Fst",0.0460984209719455,0,0.0270822830928566,0.0654121006498525
"1196001","1206000",1201000.5,"Fst",0.0460984209719455,0,0.0270822830928566,0.0654121006498525
"1197001","1207000",1202000.5,"Fst",0.0477772898062753,0,0.0254163219978608,0.0629512728724012
"1198001","1208000",1203000.5,"Fst",0.0174492174492175,0,0.0153941538508067,0.0181212910696193
"1199001","1209000",1204000.5,"Fst",0.0247234247234247,0,0.0196986778722967,0.0281587053094915
"1200001","1210000",1205000.5,"Fst",0.0255411255411255,0,0.0221546859243764,0.0293933494985371
"1201001","1211000",1206000.5,"Fst",0.0225244571701265,0,0.0195094176126742,0.0257312272659325
"1202001","1212000",1207000.5,"Fst",0.0197292069632495,0,0.017609598523304,0.0232879059825205
"1203001","1213000",1208000.5,"Fst",0.0178321678321678,0,0.0159157926158305,0.0210968395594339
"1204001","1214000",1209000.5,"Fst",0.0169623059866962,0,0.0152286694867906,0.0202268667940965
"1205001","1215000",1210000.5,"Fst",0.0170663692136085,0,0.0152286694867906,0.0203844787431413
"1206001","1216000",1211000.5,"Fst",0.0134405594405594,0,0.012759947083348,0.0194444639435057
"1207001","1217000",1212000.5,"Fst",0.00973301791145653,0,0.0132465857804349,0.0167896946012447
"1208001","1218000",1213000.5,"Fst",0.0101973975391697,0,0.0139340461887416,0.0175774808581947
"1209001","1219000",1214000.5,"Fst",0.0110465783990417,0,0.0403149205438077,0.101902601902602
"1210001","1220000",1215000.5,"Fst",0.00949063868559497,0,0.0358286549075862,0.0920306965761511
"1211001","1221000",1216000.5,"Fst",0.00973859018148637,0,0.0367859048344911,0.094170945333736
"1212001","1222000",1217000.5,"Fst",0.0352914106900439,0,0.0345530058212533,0.0900450812431253
"1213001","1223000",1218000.5,"Fst",0.0406036885488941,0,0.0320773789220789,0.0768092540858258
"1214001","1224000",1219000.5,"Fst",0.0288050055947568,0,0.0295577324508423,0.0751158832418675
"1215001","1225000",1220000.5,"Fst",0.0300754019063878,0,0.0272430311879737,0.0660507283399753
"1216001","1226000",1221000.5,"Fst",0.0244590850135596,0,0.0280582843114777,0.0684474538664219
"1217001","1227000",1222000.5,"Fst",0.0244590850135596,0,0.0280582843114777,0.0684474538664219
"1218001","1228000",1223000.5,"Fst",0.0244590850135596,0,0.0280582843114777,0.0684474538664219
"1219001","1229000",1224000.5,"Fst",0.0276637341153471,0,0.0270730318924169,0.0502277720187544
"1220001","1230000",1225000.5,"Fst",0.0293314362179651,0,0.0286749355745299,0.0521910320085542
"1221001","1231000",1226000.5,"Fst",0.0293314362179651,0,0.0286749355745299,0.0521910320085542
"1222001","1232000",1227000.5,"Fst",0.0152033290424957,0,0.0296886709993723,0.0581338715427797
"1223001","1233000",1228000.5,"Fst",0.0016830727658752,0,0.0371465731690325,0.0791425371940491
"1224001","1234000",1229000.5,"Fst",0.00973292244478696,0,0.0358395978109528,0.0742126821328812
"1225001","1235000",1230000.5,"Fst",0,0,0.054084048966424,0.103954381269254
"1226001","1236000",1231000.5,"Fst",0,0,0,0
"1227001","1237000",1232000.5,"Fst",0,0,0,0
"1228001","1238000",1233000.5,"Fst",0,0,0,0
"1229001","1239000",1234000.5,"Fst",0,0,0,0
"1230001","1240000",1235000.5,"Fst",0,0,0,0
"1231001","1241000",1236000.5,"Fst",0,0,0,0
"1232001","1242000",1237000.5,"Fst",0,0,0.0696122901508609,0.188502846462429
"1233001","1243000",1238000.5,"Fst",0,0,0.0563800981098506,0.144482731945018
"1234001","1244000",1239000.5,"Fst",0,0,0.0481664323379241,0.116017237665258
"1235001","1245000",1240000.5,"Fst",0,0,0.0481664323379241,0.116017237665258
"1236001","1246000",1241000.5,"Fst",0,0,0.0481664323379241,0.116017237665258
"1237001","1247000",1242000.5,"Fst",0,0,0.0481664323379241,0.116017237665258
"1238001","1248000",1243000.5,"Fst",0.0347772630081018,0,0.0322052285851604,0.0705154864595957
"1239001","1249000",1244000.5,"Fst",0.0347772630081018,0,0.0322052285851604,0.0705154864595957
"1240001","1250000",1245000.5,"Fst",0.0347772630081018,0,0.0322052285851604,0.0705154864595957
"1241001","1251000",1246000.5,"Fst",0.0347772630081018,0,0.0322052285851604,0.0705154864595957
"1242001","1252000",1247000.5,"Fst",0.032698390018443,0,0.0303979686028043,0.073568487737849
"1243001","1253000",1248000.5,"Fst",0.0308725971697679,0,0.0288624241701096,0.0733458106927314
"1244001","1254000",1249000.5,"Fst",0.0299082526044407,0,0.0258538732544546,0.0683529015396062
"1245001","1255000",1250000.5,"Fst",0.0292587688468953,0,0.0244882181196134,0.0634076386498001
"1246001","1256000",1251000.5,"Fst",0.0282954271630902,0,0.0241174740147634,0.0628403994522285
"1247001","1257000",1252000.5,"Fst",0.0331664074315489,0,0.0233792246477895,0.0632537087930904
"1248001","1258000",1253000.5,"Fst",0.00835719935629942,0,0.027460336396586,0.0725480647486219
"1249001","1259000",1254000.5,"Fst",0.0411566142985369,0,0.0239459951955326,0.060459354165648
"1250001","1260000",1255000.5,"Fst",0.0403356809412019,0,0.0235202050894512,0.0592690838779782
"1251001","1261000",1256000.5,"Fst",0.0403356809412019,0,0.0235202050894512,0.0592690838779782
"1252001","1262000",1257000.5,"Fst",0.0643240919836664,0,0.0185291367316684,0.0388358686231027
"1253001","1263000",1258000.5,"Fst",0.0732904805632077,0,0.0211992902628605,0.044075628675426
"1254001","1264000",1259000.5,"Fst",0.0942309935381529,0,0.0271101143723544,0.0519027208963815
"1255001","1265000",1260000.5,"Fst",0.107368391948684,0,0.0324346837952806,0.061083457048875
"1256001","1266000",1261000.5,"Fst",0.115446026530364,0,0.02998485930687,0.05672487634099
"1257001","1267000",1262000.5,"Fst",0.119202055679728,0,0.0332008665847507,0.0721944902170184
"1258001","1268000",1263000.5,"Fst",0.119202055679728,0,0.0330479314396176,0.072540470202084
"1259001","1269000",1264000.5,"Fst",0.0516319512036858,0,0.0348388837999145,0.0672823788356134
"1260001","1270000",1265000.5,"Fst",0.0522631189948264,0,0.0296717574328551,0.06718353634847
"1261001","1271000",1266000.5,"Fst",0.0522631189948264,0,0.0296717574328551,0.06718353634847
"1262001","1272000",1267000.5,"Fst",0.0522631189948264,0,0.0296717574328551,0.06718353634847
"1263001","1273000",1268000.5,"Fst",0.0495556863734476,0,0.0283471747906749,0.0637674243307511
"1264001","1274000",1269000.5,"Fst",0.0597796143250688,0,0.0348372137957685,0.0758647463757822
"1265001","1275000",1270000.5,"Fst",0.0528925619834711,0,0.0285373522990215,0.067544748395812
"1266001","1276000",1271000.5,"Fst",0.0113131313131312,0,0.0142712404110581,0.0154002026342452
"1267001","1277000",1272000.5,"Fst",0.02020202020202,0,0.0178330372647481,0.0262475729635766
"1268001","1278000",1273000.5,"Fst",0.0215716486902927,0,0.0189800253297168,0.027731534685899
"1269001","1279000",1274000.5,"Fst",0.0215716486902927,0,0.0189800253297168,0.027731534685899
"1270001","1280000",1275000.5,"Fst",0.0148484848484849,0,0.0160397074190177,0.0199984963536575
"1271001","1281000",1276000.5,"Fst",0.0100685011029839,0,0.0125380880749665,0.0179820179820179
"1272001","1282000",1277000.5,"Fst",0.00927268450204222,0,0.0115513979687927,0.0165916591659165
"1273001","1283000",1278000.5,"Fst",0.00965422038162667,0,0.0119648541536016,0.017234899682862
"1274001","1284000",1279000.5,"Fst",0,0,0.0401778586696391,0.106826529760414
"1275001","1285000",1280000.5,"Fst",0,0,0.0432323594890676,0.111876106000154
"1276001","1286000",1281000.5,"Fst",0,0,0.0414669022167759,0.106826529760414
"1277001","1287000",1282000.5,"Fst",0,0,0.0420679136709414,0.112924515183604
"1278001","1288000",1283000.5,"Fst",0,0,0.0438519462567724,0.117270949968897
"1279001","1289000",1284000.5,"Fst",0,0,0.0429414018606842,0.115201711024541
"1280001","1290000",1285000.5,"Fst",0,0,0.045589415320029,0.122291724585302
"1281001","1291000",1286000.5,"Fst",0,0,0.0541026910631417,0.147199515591886
"1282001","1292000",1287000.5,"Fst",0,0,0.0528356427220879,0.143548863300856
"1283001","1293000",1288000.5,"Fst",5.76701268744095e-05,0,0.0484913188323624,0.131686242743351
"1284001","1294000",1289000.5,"Fst",0.0236914600550965,0,0.0157569880843605,0.0273801848269933
"1285001","1295000",1290000.5,"Fst",0.0236914600550965,0,0.0156168993605101,0.0273801848269933
"1286001","1296000",1291000.5,"Fst",0.0499999999999999,0,0.0254894512652288,0.050064321146472
"1287001","1297000",1292000.5,"Fst",0.0100029660388552,0,0.0466788203898583,0.124387491940683
"1288001","1298000",1293000.5,"Fst",0.00980698629639054,0,0.0457849523270083,0.122114091304692
"1289001","1299000",1294000.5,"Fst",0.012466349140609,0,0.0392533678953635,0.0980939778709985
"1290001","1300000",1295000.5,"Fst",0.0120810756572346,0,0.0380678464484942,0.0954052573932093
"1291001","1301000",1296000.5,"Fst",0.0111987849151663,0,0.0364192521252271,0.0921286680513393
"1292001","1302000",1297000.5,"Fst",0.0118049047172758,0,0.0383012564149106,0.0968968800761776
"1293001","1303000",1298000.5,"Fst",0.00892417990079619,0,0.0406702479850057,0.103303878987569
"1294001","1304000",1299000.5,"Fst",0.000952827241487042,0,0.0470421427470338,0.107754488585588
"1295001","1305000",1300000.5,"Fst",0.000938967136150159,0,0.0464385660704716,0.106423012115863
"1296001","1306000",1301000.5,"Fst",0,0,0.0497045543643961,0.111488273290849
"1297001","1307000",1302000.5,"Fst",0.0600367466294024,0,0.0445384155134171,0.0830572134455022
"1298001","1308000",1303000.5,"Fst",0.0599173553719009,0,0.0446137832913717,0.0830572134455022
"1299001","1309000",1304000.5,"Fst",0.0681629573745757,0,0.0560000112906977,0.102187683584072
"1300001","1310000",1305000.5,"Fst",0.070730991290733,0,0.0583125570232721,0.106786690199821
"1301001","1311000",1306000.5,"Fst",0.0726851697966872,0,0.0571731885241351,0.109751395000681
"1302001","1312000",1307000.5,"Fst",0.065364167995747,0,0.0482565665861183,0.109042907006247
"1303001","1313000",1308000.5,"Fst",0.0646330919327952,0,0.0477101132399114,0.10784704701446
"1304001","1314000",1309000.5,"Fst",0.10097399014976,0,0.03924422535559,0.118420605660962
"1305001","1315000",1310000.5,"Fst",0.0886414837753037,0,0.0325691442331937,0.0983341861390642
"1306001","1316000",1311000.5,"Fst",0.0833891057817437,0,0.0307023942224465,0.0947874466591043
"1307001","1317000",1312000.5,"Fst",0.035334582366265,0,0.0315948072263331,0.0930226636108991
"1308001","1318000",1313000.5,"Fst",0.0357188532452307,0,0.0317895320258295,0.0882010127066017
"1309001","1319000",1314000.5,"Fst",0.0352131543694675,0,0.031352880360924,0.0869794610891276
"1310001","1320000",1315000.5,"Fst",0.0712236093028005,0,0.0285881193489682,0.101100717089149
"1311001","1321000",1316000.5,"Fst",0.0721061127785859,0,0.0267920893121707,0.0980909669026114
"1312001","1322000",1317000.5,"Fst",0.078686049369711,0,0.025081835046989,0.130380710281118
"1313001","1323000",1318000.5,"Fst",0.078686049369711,0,0.025081835046989,0.130701581594361
"1314001","1324000",1319000.5,"Fst",0.0753256357249702,0,0.0238854456421519,0.125749982607361
"1315001","1325000",1320000.5,"Fst",0.0849664679582713,0,0.0246910877026866,0.146727688333325
"1316001","1326000",1321000.5,"Fst",0.0888115194498174,0,0.0261619200567906,0.150195103918508
"1317001","1327000",1322000.5,"Fst",0.0923211591398593,0,0.0270377079265649,0.159226258274051
"1318001","1328000",1323000.5,"Fst",0.0955048460311617,0,0.0284798090406376,0.168458936878139
"1319001","1329000",1324000.5,"Fst",0.0955048460311617,0,0.028477137911264,0.169030414613496
"1320001","1330000",1325000.5,"Fst",0.016470588235294,0,0.016668428470754,0.0218516388729154
"1321001","1331000",1326000.5,"Fst",0,0,0.0451264716399439,0.0908569940088565
"1322001","1332000",1327000.5,"Fst",0,0,0.0434444767685527,0.0858577905034599
"1323001","1333000",1328000.5,"Fst",0,0,0.0444488500234629,0.0875466832110749
"1324001","1334000",1329000.5,"Fst",0,0,0.0455008981227528,0.0900779792973101
"1325001","1335000",1330000.5,"Fst",0.00224975186560317,0,0.0429639497497393,0.0834161060429949
"1326001","1336000",1331000.5,"Fst",0.00229522952295225,0,0.043928460269252,0.0852661266126613
"1327001","1337000",1332000.5,"Fst",0.00710988331939955,0,0.042144902321342,0.0871496212121212
"1328001","1338000",1333000.5,"Fst",0.00710988331939955,0,0.0422591499138192,0.0873885743450961
"1329001","1339000",1334000.5,"Fst",0.00695417214775851,0,0.0412296739971493,0.0855128517834535
"1330001","1340000",1335000.5,"Fst",0.00493675655309755,0,0.0381970164430729,0.0791769393211207
"1331001","1341000",1336000.5,"Fst",0.00521620701395975,0,0.0381531102014972,0.0994878621480207
"1332001","1342000",1337000.5,"Fst",0.00630036630036612,0,0.036027900000237,0.099116832037186
"1333001","1343000",1338000.5,"Fst",0.00620490620490621,0,0.035485438626755,0.0975061116094198
"1334001","1344000",1339000.5,"Fst",0,0,0.0448973049927621,0.106652837267669
"1335001","1345000",1340000.5,"Fst",0,0,0.0476064332006971,0.112805167664102
"1336001","1346000",1341000.5,"Fst",0,0,0.0481600462449713,0.114056572059742
"1337001","1347000",1342000.5,"Fst",0,0,0.0509439989207797,0.119536119488726
"1338001","1348000",1343000.5,"Fst",0,0,0.0502204508342697,0.118164072204831
"1339001","1349000",1344000.5,"Fst",0,0,0.0514508319119222,0.121143713795011
"1340001","1350000",1345000.5,"Fst",0,0,0.0550449825249631,0.128119755549223
"1341001","1351000",1346000.5,"Fst",0,0,0.0498609987284768,0.110256067293831
"1342001","1352000",1347000.5,"Fst",0,0,0.0508645259781546,0.114871185459421
"1343001","1353000",1348000.5,"Fst",0.00123615004672284,0,0.0450902290608203,0.101839054128008
"1344001","1354000",1349000.5,"Fst",0.0243260188087775,0,0.022496635263714,0.0285356695869837
"1345001","1355000",1350000.5,"Fst",0.0243260188087775,0,0.022496635263714,0.0285356695869837
"1346001","1356000",1351000.5,"Fst",0.0243260188087775,0,0.022496635263714,0.0285356695869837
"1347001","1357000",1352000.5,"Fst",0.0243260188087775,0,0.022496635263714,0.0285356695869837
"1348001","1358000",1353000.5,"Fst",0.0271328671328671,0,0.0252851211939609,0.0318102546215556
"1349001","1359000",1354000.5,"Fst",0.0271328671328671,0,0.0252851211939609,0.0318102546215556
"1350001","1360000",1355000.5,"Fst",0.0243260188087775,0,0.0225018676795314,0.0282860864710625
"1351001","1361000",1356000.5,"Fst",0.0289843839858439,0,0.0687108254476135,0.150604735549236
"1352001","1362000",1357000.5,"Fst",0.0269701649544529,0,0.0810231736088522,0.172318331804716
"1353001","1363000",1358000.5,"Fst",0.0254157131960335,0,0.100140200088205,0.217313665677712
"1354001","1364000",1359000.5,"Fst",0.0277805569451394,0,0.109047107707307,0.235627444761603
"1355001","1365000",1360000.5,"Fst",0.0277805569451394,0,0.109047107707307,0.235627444761603
"1356001","1366000",1361000.5,"Fst",0.0277805569451394,0,0.109047107707307,0.235627444761603
"1357001","1367000",1362000.5,"Fst",0.0277805569451394,0,0.109047107707307,0.235627444761603
"1358001","1368000",1363000.5,"Fst",0.0277805569451394,0,0.109047107707307,0.235627444761603
"1359001","1369000",1364000.5,"Fst",0.0277805569451394,0,0.109047107707307,0.235627444761603
"1360001","1370000",1365000.5,"Fst",0.0306306306306307,0,0.120551924473493,0.25574297188755
"1361001","1371000",1366000.5,"Fst",0,0,0,0
"1362001","1372000",1367000.5,"Fst",0.0213794987079017,0,0.0433323093619943,0.107396901592843
"1363001","1373000",1368000.5,"Fst",0.0178376313767902,0,0.0420120838980286,0.102483948799738
"1364001","1374000",1369000.5,"Fst",0.0199402475458813,0,0.0392266591434521,0.0965451581832999
"1365001","1375000",1370000.5,"Fst",0.0179281183932347,0,0.0362128647734771,0.0885266130371848
"1366001","1376000",1371000.5,"Fst",0.0174868796849061,0,0.03536955348905,0.0864946326308224
"1367001","1377000",1372000.5,"Fst",0.0169543023821098,0,0.0346175025757685,0.0848022554726465
"1368001","1378000",1373000.5,"Fst",0.0167582665104964,0,0.0341909320112699,0.0838563044660993
"1369001","1379000",1374000.5,"Fst",0.0166555563294098,0,0.033980877956035,0.0834220454385325
"1370001","1380000",1375000.5,"Fst",0.0165540974852407,0,0.0337985065433222,0.0829922609546203
"1371001","1381000",1376000.5,"Fst",0.0209597269238384,0,0.0323906956391235,0.081667762837377
"1372001","1382000",1377000.5,"Fst",0.020617921784651,0,0.0253679990876881,0.0597052664849275
"1373001","1383000",1378000.5,"Fst",0.028424649783873,0,0.0162790757721552,0.0355389291559505
"1374001","1384000",1379000.5,"Fst",0.0327573253193087,0,0.0245103871737253,0.0483352038907594
"1375001","1385000",1380000.5,"Fst",0.047104377104377,0,0.0253150352590051,0.0539565605721763
"1376001","1386000",1381000.5,"Fst",0.0482131777095807,0,0.0256641099717293,0.0528778337313236
"1377001","1387000",1382000.5,"Fst",0.0321406913280776,0,0.0354055944771635,0.109878286954471
"1378001","1388000",1383000.5,"Fst",0.0331976197932978,0,0.0365063417965161,0.113336686274081
"1379001","1389000",1384000.5,"Fst",0.0747669936075732,0,0.0319047090609257,0.09240093508382
"1380001","1390000",1385000.5,"Fst",0.103194196121579,0,0.0324095921626058,0.0829241071428571
"1381001","1391000",1386000.5,"Fst",0.100679628656507,0,0.0330358430239012,0.081918955192937
"1382001","1392000",1387000.5,"Fst",0.0997379791424456,0,0.0327148543990739,0.0811421654163149
"1383001","1393000",1388000.5,"Fst",0.0971076637804009,0,0.031175772962605,0.0764671037336151
"1384001","1394000",1389000.5,"Fst",0.100571674188695,0,0.0339128102881035,0.0822760042648136
"1385001","1395000",1390000.5,"Fst",0.0972992994605041,0,0.0322730726854689,0.0741590243788657
"1386001","1396000",1391000.5,"Fst",0.099420733883499,0,0.0328695489874405,0.0756153220431727
"1387001","1397000",1392000.5,"Fst",0.135496622273692,0,0.0367566248135597,0.0812623640716279
"1388001","1398000",1393000.5,"Fst",0.123180853117159,0,0.0328007709171476,0.073645850251746
"1389001","1399000",1394000.5,"Fst",0.0969115236130942,0,0.0244878856392281,0.0563514019374218
"1390001","1400000",1395000.5,"Fst",0.0429027707239997,0,0.0234909874895322,0.0420363271266886
"1391001","1401000",1396000.5,"Fst",0.0366154998128041,0,0.0208406172818633,0.0345454545454545
"1392001","1402000",1397000.5,"Fst",0.0173787656950176,0,0.0309466184055743,0.0604810552178974
"1393001","1403000",1398000.5,"Fst",0.0181733595550763,0,0.0289939008285067,0.0572915787400466
"1394001","1404000",1399000.5,"Fst",0.0179396722680305,0,0.0286089036148384,0.0564658250313707
"1395001","1405000",1400000.5,"Fst",0.00680733298944591,0,0.0315047249256803,0.0659152083481335
"1396001","1406000",1401000.5,"Fst",0.00228271908271915,0,0.0322713383070067,0.0809546704617573
"1397001","1407000",1402000.5,"Fst",0.00228617924590202,0,0.0323318222955953,0.0808349656258402
"1398001","1408000",1403000.5,"Fst",0.000209085862190705,0,0.0354581127647114,0.0901889219840304
"1399001","1409000",1404000.5,"Fst",0,0,0.0378220339135302,0.0929782046436485
"1400001","1410000",1405000.5,"Fst",0,0,0.0368160616416853,0.0898693382331497
"1401001","1411000",1406000.5,"Fst",0.000766443410464612,0,0.0335818076599326,0.0824269420260512
"1402001","1412000",1407000.5,"Fst",0.0103857036172205,0,0.0329151729379624,0.0607860786078608
"1403001","1413000",1408000.5,"Fst",0.00517915599882812,0,0.0352496352204228,0.0759899114142656
"1404001","1414000",1409000.5,"Fst",0.0707912457912458,0,0.0318813705491188,0.0639840526632979
"1405001","1415000",1410000.5,"Fst",0.0708605411308113,0,0.0300254709045728,0.0634843163192386
"1406001","1416000",1411000.5,"Fst",0.0954693018783499,0,0.0243829633054413,0.053832181027078
"1407001","1417000",1412000.5,"Fst",0.0954693018783499,0,0.0244368704469906,0.053832181027078
"1408001","1418000",1413000.5,"Fst",0.0926177347999964,0,0.0236617533463137,0.0521747437664624
"1409001","1419000",1414000.5,"Fst",0.0868017927620576,0,0.021715804335614,0.0469388625274865
"1410001","1420000",1415000.5,"Fst",0.0940525129902976,0,0.0239614788058642,0.051425130469691
"1411001","1421000",1416000.5,"Fst",0.109702024031061,0,0.0270673302724077,0.0646416283772714
"1412001","1422000",1417000.5,"Fst",0.103391904034991,0,0.0254959969277467,0.0608939326054934
"1413001","1423000",1418000.5,"Fst",0.103133976975745,0,0.0254321727357684,0.0606869668224685
"1414001","1424000",1419000.5,"Fst",0.0192109777015438,0,0.0239013134641847,0.0250054836586971
"1415001","1425000",1420000.5,"Fst",0.00998217468805696,0,0.012732450996817,0.0134751773049646
"1416001","1426000",1421000.5,"Fst",0.0116458704693998,0,0.0146254941562233,0.0154633182188116
"1417001","1427000",1422000.5,"Fst",0.0101239669421487,0,0.012962962962963,0.0135721210265829
"1418001","1428000",1423000.5,"Fst",0.0109028428616057,0,0.0110178560804379,0.0143099228017323
"1419001","1429000",1424000.5,"Fst",0.00831350150721877,0,0.0076408140379576,0.00881834215167532
"1420001","1430000",1425000.5,"Fst",0.0089776267346362,0,0.00839719600239219,0.00943396226415083
"1421001","1431000",1426000.5,"Fst",0.00865410865410876,0,0.00808569365087992,0.00913242009132409
"1422001","1432000",1427000.5,"Fst",0.00927132597652824,0,0.0383623038078515,0.0725735369478323
"1423001","1433000",1428000.5,"Fst",0.00115119784229722,0,0.0472839705529768,0.0804103356511288
"1424001","1434000",1429000.5,"Fst",0.00249989391817762,0,0.0449761324601046,0.0782787221811612
"1425001","1435000",1430000.5,"Fst",0.00258308592330914,0,0.0463790941172089,0.0807967789785972
"1426001","1436000",1431000.5,"Fst",0.00268981954375214,0,0.0445262178529507,0.0786831624338904
"1427001","1437000",1432000.5,"Fst",0.0027437700790135,0,0.0453082254474274,0.0802091766667266
"1428001","1438000",1433000.5,"Fst",0.00236591176230261,0,0.0460651737733466,0.080514467897179
"1429001","1439000",1434000.5,"Fst",0.0009384580630587,0,0.0475804632765138,0.0808109644569677
"1430001","1440000",1435000.5,"Fst",0,0,0.0549512442518546,0.0863386338633862
"1431001","1441000",1436000.5,"Fst",0.00210213123767011,0,0.0494877567841371,0.0919993219764388
"1432001","1442000",1437000.5,"Fst",0,0,0.0459961312982125,0.0970317868737735
"1433001","1443000",1438000.5,"Fst",0.00592681480255453,0,0.0353020034413518,0.0751946235047626
"1434001","1444000",1439000.5,"Fst",0.00420559482221694,0,0.0366314033191858,0.0742760649595652
"1435001","1445000",1440000.5,"Fst",0.00549031378581522,0,0.0336305156439415,0.0723490221362562
"1436001","1446000",1441000.5,"Fst",0.00513421028663608,0,0.0356554491335422,0.074757703618463
"1437001","1447000",1442000.5,"Fst",0.00526070204908735,0,0.0364741333179304,0.0764512438298847
"1438001","1448000",1443000.5,"Fst",0.00779557739557746,0,0.0347718573166217,0.0752161069352865
"1439001","1449000",1444000.5,"Fst",0.00835063710852268,0,0.0355534838015694,0.0757218946043609
"1440001","1450000",1445000.5,"Fst",0.0184814826878603,0,0.0364907535925632,0.0720583270026167
"1441001","1451000",1446000.5,"Fst",0.0151088870354926,0,0.0206740524949632,0.039011791508535
"1442001","1452000",1447000.5,"Fst",0.112979418242576,0,0.0261454526476507,0.12642337812952
"1443001","1453000",1448000.5,"Fst",0.115026875438186,0,0.026407244856124,0.128955212160672
"1444001","1454000",1449000.5,"Fst",0.129679918757287,0,0.0314133432274212,0.14524907092158
"1445001","1455000",1450000.5,"Fst",0.160595968770356,0,0.0289659519187173,0.121938465926408
"1446001","1456000",1451000.5,"Fst",0.158248354668402,0,0.0285184476277245,0.119843682153713
"1447001","1457000",1452000.5,"Fst",0.149640702325266,0,0.0262914470577916,0.112607318048349
"1448001","1458000",1453000.5,"Fst",0.154308362634315,0,0.0274588198057837,0.115138538026919
"1449001","1459000",1454000.5,"Fst",0.117417417417418,0,0.0323003870757443,0.105633209918692
"1450001","1460000",1455000.5,"Fst",0.0957484848484849,0,0.0408612941267689,0.138966684780337
"1451001","1461000",1456000.5,"Fst",0.0920214212693321,0,0.0377130449390325,0.129611437139681
"1452001","1462000",1457000.5,"Fst",0.0559443115364169,0,0.0390534036230273,0.152885775492579
"1453001","1463000",1458000.5,"Fst",0.0568067414476254,0,0.0396244164528927,0.154490029070096
"1454001","1464000",1459000.5,"Fst",0.0607827516826508,0,0.0377322981650695,0.140630280374573
"1455001","1465000",1460000.5,"Fst",0.0295162022112376,0,0.0418323429017999,0.136109557782327
"1456001","1466000",1461000.5,"Fst",0.0301396585041728,0,0.0426368372220491,0.13881269823384
"1457001","1467000",1462000.5,"Fst",0.0321008854933297,0,0.0395872673212939,0.13597940313602
"1458001","1468000",1463000.5,"Fst",0.0327432818753572,0,0.0384827383070974,0.133342002178047
"1459001","1469000",1464000.5,"Fst",0.0321071959184818,0,0.0377451653842175,0.130892149119658
"1460001","1470000",1465000.5,"Fst",0.0341236102027469,0,0.0253724929669525,0.0833424509848396
"1461001","1471000",1466000.5,"Fst",0.0334937157837922,0,0.0285089300502272,0.0930443986105082
"1462001","1472000",1467000.5,"Fst",0.0344332808780213,0,0.02959406609185,0.0969550167603003
"1463001","1473000",1468000.5,"Fst",0.0343888505860336,0,0.0298321007085478,0.0974917500605773
"1464001","1474000",1469000.5,"Fst",0.0234439755142389,0,0.0334946005500147,0.114464828484585
"1465001","1475000",1470000.5,"Fst",0.046829233926008,0,0.0338558064823206,0.105008671528637
"1466001","1476000",1471000.5,"Fst",0.0460097740705677,0,0.0323925485381115,0.102412681145344
"1467001","1477000",1472000.5,"Fst",0.0428630193336076,0,0.0355590500544243,0.103308183401044
"1468001","1478000",1473000.5,"Fst",0.0428316135354816,0,0.0365350433832103,0.108967674661105
"1469001","1479000",1474000.5,"Fst",0.0649819494584838,0,0.0247043175742614,0.0575502928444105
"1470001","1480000",1475000.5,"Fst",0.0661040787623066,0,0.0233196457186539,0.0540719189029576
"1471001","1481000",1476000.5,"Fst",0.0557739557739556,0,0.0195426869581954,0.0445233542747883
"1472001","1482000",1477000.5,"Fst",0.054715909090909,0,0.0187579933885866,0.0406970618034448
"1473001","1483000",1478000.5,"Fst",0.027693433327236,0,0.0365630991231963,0.0695900376367173
"1474001","1484000",1479000.5,"Fst",0.0273088023088022,0,0.0360622651909168,0.0685238154458401
"1475001","1485000",1480000.5,"Fst",0.00317140361486257,0,0.0389259261897307,0.0724944590341026
"1476001","1486000",1481000.5,"Fst",0.00248183189359663,0,0.0388811246701074,0.0743428030303031
"1477001","1487000",1482000.5,"Fst",0.0268452088452089,0,0.0374437598909575,0.0639489995367521
"1478001","1488000",1483000.5,"Fst",0.027257758706716,0,0.0379378165822677,0.0647673285097631
"1479001","1489000",1484000.5,"Fst",0.0291301034295047,0,0.0334530805834618,0.0574272577285366
"1480001","1490000",1485000.5,"Fst",0.0298019193495013,0,0.0359370794158457,0.060658285690012
"1481001","1491000",1486000.5,"Fst",0.0316694471660974,0,0.0399563098357193,0.0682948684659365
"1482001","1492000",1487000.5,"Fst",0.0307489791532345,0,0.0405927039170214,0.0704540149744928
"1483001","1493000",1488000.5,"Fst",0.0634494040663708,0,0.0250405674025159,0.043394787365542
"1484001","1494000",1489000.5,"Fst",0.0588054114246452,0,0.0234655159454877,0.0407922222671113
"1485001","1495000",1490000.5,"Fst",0.0606660418619182,0,0.0255896129949615,0.0422722885665309
"1486001","1496000",1491000.5,"Fst",0.0629276357624317,0,0.0272360042393489,0.0438123686171087
"1487001","1497000",1492000.5,"Fst",0.0387088604389065,0,0.025651349914938,0.0427000278989177
"1488001","1498000",1493000.5,"Fst",0.032540381791483,0,0.0206701402675341,0.0461495355608913
"1489001","1499000",1494000.5,"Fst",0.0314247395027339,0,0.0181014930749607,0.0396031583815509
"1490001","1500000",1495000.5,"Fst",0.0319086528388854,0,0.0184103170008957,0.0403152656458249
"1491001","1501000",1496000.5,"Fst",0.0341490581490581,0,0.0168685188803788,0.0355744611894344
"1492001","1502000",1497000.5,"Fst",0.0377278488305105,0,0.017754195403805,0.0343874032142625
"1493001","1503000",1498000.5,"Fst",0.0358855606185107,0,0.0172874488369292,0.0350009451718158
"1494001","1504000",1499000.5,"Fst",0.0358126721763087,0,0.0173525649763518,0.0380604976648842
"1495001","1505000",1500000.5,"Fst",0.033212395680553,0,0.0165120461337885,0.0383373074821498
"1496001","1506000",1501000.5,"Fst",0.122826312967158,0,0.0274895498350243,0.0766206222472773
"1497001","1507000",1502000.5,"Fst",0.133319884338646,0,0.0312159718292811,0.0845587459111152
"1498001","1508000",1503000.5,"Fst",0.154326698942084,0,0.0363697690285092,0.0836492043625962
"1499001","1509000",1504000.5,"Fst",0.167630131323731,0,0.0401520891473136,0.0934714834803803
"1500001","1510000",1505000.5,"Fst",0.0905562982768865,0,0.0418559721367004,0.125621090135749
"1501001","1511000",1506000.5,"Fst",0.0926137912237666,0,0.0440354502857756,0.129675901313328
"1502001","1512000",1507000.5,"Fst",0.0934964277757916,0,0.047163390986313,0.132099449782377
"1503001","1513000",1508000.5,"Fst",0.0934964277757916,0,0.047163390986313,0.132099449782377
"1504001","1514000",1509000.5,"Fst",0.094359710852602,0,0.0438528927101162,0.126008396333468
"1505001","1515000",1510000.5,"Fst",0.0925179097592891,0,0.0440412520416085,0.123750531459015
"1506001","1516000",1511000.5,"Fst",0.00450474094711251,0,0.0507558183245841,0.149125541125541
"1507001","1517000",1512000.5,"Fst",0.00434272072037001,0,0.0489913628768535,0.144581549567699
"1508001","1518000",1513000.5,"Fst",0.013306606675896,0,0.0500947077461676,0.159270785053742
"1509001","1519000",1514000.5,"Fst",0.0154142210219808,0,0.0472062401010993,0.155067278985783
"1510001","1520000",1515000.5,"Fst",0.140561415257548,0,0.0325581014199818,0.119195848278423
"1511001","1521000",1516000.5,"Fst",0.143333048797838,0,0.0332072374199127,0.121400202243888
"1512001","1522000",1517000.5,"Fst",0.143651067153721,0,0.0336041219321088,0.122743912557437
"1513001","1523000",1518000.5,"Fst",0.138567343421537,0,0.0319901933357978,0.116159106850596
"1514001","1524000",1519000.5,"Fst",0.134198325492927,0,0.0315973862858721,0.1218165821107
"1515001","1525000",1520000.5,"Fst",0.108615549198819,0,0.0363804248969001,0.150532843090353
"1516001","1526000",1521000.5,"Fst",0.113271749755621,0,0.0386186318799385,0.158092346181207
"1517001","1527000",1522000.5,"Fst",0.11548838159593,0,0.0393557424092164,0.160751701571952
"1518001","1528000",1523000.5,"Fst",0.122175472478963,0,0.0325664218658896,0.116588292524728
"1519001","1529000",1524000.5,"Fst",0.0888672913343966,0,0.029039360819604,0.0863573406916492
"1520001","1530000",1525000.5,"Fst",0.00751005587152576,0,0.0310134296351571,0.0758102304730712
"1521001","1531000",1526000.5,"Fst",0.00769129306933602,0,0.0305412070837738,0.0742758640178596
"1522001","1532000",1527000.5,"Fst",0.0123530729418423,0,0.0317436648213419,0.0770446969696968
"1523001","1533000",1528000.5,"Fst",0.0176505907615276,0,0.031916352495435,0.101838274566165
"1524001","1534000",1529000.5,"Fst",0.0182622406112104,0,0.0337416666896744,0.104886478309844
"1525001","1535000",1530000.5,"Fst",0.023620888669026,0,0.0377720716975983,0.111936029629199
"1526001","1536000",1531000.5,"Fst",0.0228570718801626,0,0.0367445300855708,0.10934496185972
"1527001","1537000",1532000.5,"Fst",0.0230111291734401,0,0.0369882522800328,0.110032305779216
"1528001","1538000",1533000.5,"Fst",0.0262291204730231,0,0.0413499527605464,0.111591326759617
"1529001","1539000",1534000.5,"Fst",0.0338583552607197,0,0.0462117427434521,0.1253337763425
"1530001","1540000",1535000.5,"Fst",0.0329485227513635,0,0.047682186285312,0.131205673758865
"1531001","1541000",1536000.5,"Fst",0.0297358416761402,0,0.0467078806114988,0.123725476651009
"1532001","1542000",1537000.5,"Fst",0.0257395023796615,0,0.037776245312081,0.0982721297392793
"1533001","1543000",1538000.5,"Fst",0.0112848957829449,0,0.0268561327586663,0.0948290810007431
"1534001","1544000",1539000.5,"Fst",0.0107234586681659,0,0.0277576885986493,0.0960963621597106
"1535001","1545000",1540000.5,"Fst",0.0148085506225041,0,0.0293676169422569,0.0901526275975615
"1536001","1546000",1541000.5,"Fst",0.0164536719747362,0,0.0288615054181843,0.0892420119131444
"1537001","1547000",1542000.5,"Fst",0.0164536719747362,0,0.0288615054181843,0.0892420119131444
"1538001","1548000",1543000.5,"Fst",0.0108578745198462,0,0.0266407644910928,0.057285613334996
"1539001","1549000",1544000.5,"Fst",0.0241322314049587,0,0.0230841379601351,0.0481803279750682
"1540001","1550000",1545000.5,"Fst",0.0241322314049587,0,0.0231271973884542,0.0480365367596235
"1541001","1551000",1546000.5,"Fst",0.0277066068968352,0,0.0251198389920363,0.0499296219987353
"1542001","1552000",1547000.5,"Fst",0.0426387771520514,0,0.0273103444782415,0.0523212626003452
"1543001","1553000",1548000.5,"Fst",0.0444078947368421,0,0.0279406624667338,0.0542833178871589
"1544001","1554000",1549000.5,"Fst",0.0447946909995852,0,0.0282172781319914,0.0548124810184717
"1545001","1555000",1550000.5,"Fst",0.056506859164246,0,0.0276747616946246,0.0569209394515598
"1546001","1556000",1551000.5,"Fst",0.0510074258053069,0,0.0261300194624317,0.0530034267284821
"1547001","1557000",1552000.5,"Fst",0.0414304447988659,0,0.0216867817947547,0.0437594036938308
"1548001","1558000",1553000.5,"Fst",0.0437407879287516,0,0.0251710719436373,0.0524356281929418
"1549001","1559000",1554000.5,"Fst",0.0279708201987995,0,0.0213706062842018,0.0373280011092582
"1550001","1560000",1555000.5,"Fst",0.0285686089471964,0,0.0218335573599932,0.0381290311759807
"1551001","1561000",1556000.5,"Fst",0.0220476767676768,0,0.0205353231736617,0.0316852861561102
"1552001","1562000",1557000.5,"Fst",0.00683784819573574,0,0.0207623376408067,0.0369417816226326
"1553001","1563000",1558000.5,"Fst",0.00873318811327162,0,0.020981559476761,0.0390427302887473
"1554001","1564000",1559000.5,"Fst",0.0123535752784765,0,0.02160074023869,0.0347286538389656
"1555001","1565000",1560000.5,"Fst",0.0123758877183534,0,0.0193208689252333,0.034585199905689
"1556001","1566000",1561000.5,"Fst",0.0117018702893831,0,0.0209673715408387,0.039523481904337
"1557001","1567000",1562000.5,"Fst",0.0150136100100361,0,0.0240163321658636,0.04787201061291
"1558001","1568000",1563000.5,"Fst",0.0133659788676235,0,0.0212936343276652,0.0355913639148273
"1559001","1569000",1564000.5,"Fst",0.0151528906862544,0,0.0264812881982157,0.0521668807383093
"1560001","1570000",1565000.5,"Fst",0.0151528906862544,0,0.0264812881982157,0.0521668807383093
"1561001","1571000",1566000.5,"Fst",0.0222737255106203,0,0.0295018062949764,0.0623434316443435
"1562001","1572000",1567000.5,"Fst",0.0158497384288926,0,0.0274325404029124,0.0571803215663658
"1563001","1573000",1568000.5,"Fst",0.013925957356529,0,0.0273450629976256,0.058332987250301
"1564001","1574000",1569000.5,"Fst",0.00963209114645147,0,0.0281286193684395,0.0665370610380793
"1565001","1575000",1570000.5,"Fst",0.00920142904875731,0,0.0309914203112923,0.0719711446984174
"1566001","1576000",1571000.5,"Fst",0.00891756548536216,0,0.0296451963960365,0.0666775057679504
"1567001","1577000",1572000.5,"Fst",0.00999750478250028,0,0.0258724389516049,0.0567108128083739
"1568001","1578000",1573000.5,"Fst",0.00391488351186087,0,0.0235591862049318,0.0586710673202931
"1569001","1579000",1574000.5,"Fst",0.00428835305276809,0,0.0236701344605001,0.0390342761476783
"1570001","1580000",1575000.5,"Fst",0.00409926031973284,0,0.022754329004329,0.03750740834815
"1571001","1581000",1576000.5,"Fst",0.00495962065644218,0,0.0209116336340705,0.0342144955148052
"1572001","1582000",1577000.5,"Fst",0.0133254757268286,0,0.0184787691441487,0.0359313938341294
"1573001","1583000",1578000.5,"Fst",0.00432155306210724,0,0.0274738408758593,0.0656745346731354
"1574001","1584000",1579000.5,"Fst",0.00352532070950595,0,0.0287293724743968,0.0719755010889632
"1575001","1585000",1580000.5,"Fst",0.00355895402624362,0,0.0290355791384714,0.0725311942959
"1576001","1586000",1581000.5,"Fst",0.00251826034573643,0,0.0298631303172694,0.0767822325127955
"1577001","1587000",1582000.5,"Fst",0.000816102840871746,0,0.0329414722519063,0.0826013570536408
"1578001","1588000",1583000.5,"Fst",0,0,0.0334938240615074,0.0901355773726041
"1579001","1589000",1584000.5,"Fst",0,0,0.0367513128439463,0.0872860339926208
"1580001","1590000",1585000.5,"Fst",0,0,0.0369828944613475,0.0851828631138977
"1581001","1591000",1586000.5,"Fst",0,0,0.0390763750529723,0.0889220069547938
"1582001","1592000",1587000.5,"Fst",0,0,0.0394339699289238,0.0964062488939853
"1583001","1593000",1588000.5,"Fst",0.0061537267683236,0,0.0339924108150634,0.0810895471569628
"1584001","1594000",1589000.5,"Fst",0.00745985005116645,0,0.0254047533770125,0.0597600529017225
"1585001","1595000",1590000.5,"Fst",0.0022585380174186,0,0.0287432267002103,0.0662745183792176
"1586001","1596000",1591000.5,"Fst",0.003969337645227,0,0.0276352087396097,0.0619791179425438
"1587001","1597000",1592000.5,"Fst",0.00808810649851133,0,0.0263646027116998,0.0570832106286241
"1588001","1598000",1593000.5,"Fst",0.010957717503113,0,0.0257001999911357,0.0510673042134804
"1589001","1599000",1594000.5,"Fst",0.00954143586401657,0,0.0238041456983446,0.0472715199806831
"1590001","1600000",1595000.5,"Fst",0.0106265769187117,0,0.0236158740030053,0.047937752651895
"1591001","1601000",1596000.5,"Fst",0.0106265769187117,0,0.0236074464923244,0.047937752651895
"1592001","1602000",1597000.5,"Fst",0.0109701108271856,0,0.0238868577009379,0.0528623781228772
"1593001","1603000",1598000.5,"Fst",0.0096105824390903,0,0.0241811145743885,0.0522875633746875
"1594001","1604000",1599000.5,"Fst",0.0107709618593101,0,0.0240094556796421,0.0535441704779906
"1595001","1605000",1600000.5,"Fst",0.0176064958380937,0,0.0196386571812387,0.0368761839789001
"1596001","1606000",1601000.5,"Fst",0.0207950289410964,0,0.0256845716437124,0.0825720582619345
"1597001","1607000",1602000.5,"Fst",0.0171150043684186,0,0.0266585047528661,0.0867567514055914
"1598001","1608000",1603000.5,"Fst",0.0164257888006661,0,0.0283351028997064,0.0901748522112193
"1599001","1609000",1604000.5,"Fst",0.0155684932404967,0,0.036391778926362,0.108341473040916
"1600001","1610000",1605000.5,"Fst",0.0136671313215034,0,0.0336243386104491,0.105079308118703
"1601001","1611000",1606000.5,"Fst",0.00777388541128265,0,0.0392034942377568,0.107830928869563
"1602001","1612000",1607000.5,"Fst",0.0066312475403385,0,0.0386029203332135,0.105669863761719
"1603001","1613000",1608000.5,"Fst",0.00558948121252112,0,0.0404707712863491,0.113375185001533
"1604001","1614000",1609000.5,"Fst",0.00558948121252112,0,0.0401950199028442,0.113680095467756
"1605001","1615000",1610000.5,"Fst",0.00549426779147733,0,0.039580930555081,0.111996984862434
"1606001","1616000",1611000.5,"Fst",0.000447756251034881,0,0.0350680355773725,0.0835185185185187
"1607001","1617000",1612000.5,"Fst",0.000437710437710348,0,0.0341732299888306,0.0813288944375087
"1608001","1618000",1613000.5,"Fst",0,0,0.0350182234566605,0.0857409893899902
"1609001","1619000",1614000.5,"Fst",0,0,0.0305231912199175,0.054070362305533
"1610001","1620000",1615000.5,"Fst",0,0,0.0314543924480559,0.0558298489500564
"1611001","1621000",1616000.5,"Fst",0.0010784932659933,0,0.0255654139246697,0.0619489403183247
"1612001","1622000",1617000.5,"Fst",0.00591379742134945,0,0.0259284628489571,0.0652105363083298
"1613001","1623000",1618000.5,"Fst",0.0131577053192256,0,0.0264777482180235,0.0640466635797706
"1614001","1624000",1619000.5,"Fst",0.0527188780014763,0,0.025301276736974,0.051278704556446
"1615001","1625000",1620000.5,"Fst",0.0519932170264134,0,0.025247410956094,0.0517791802993051
"1616001","1626000",1621000.5,"Fst",0.0529240729335263,0,0.0256779702927089,0.0513743099433446
"1617001","1627000",1622000.5,"Fst",0.0703232125367287,0,0.0260478727249517,0.0600016013214757
"1618001","1628000",1623000.5,"Fst",0.0703232125367287,0,0.0260478727249517,0.0600016013214757
"1619001","1629000",1624000.5,"Fst",0.0890657874077564,0,0.0280738338748645,0.0785463366991699
"1620001","1630000",1625000.5,"Fst",0.0878933117550029,0,0.0274607777583136,0.0775572089533575
"1621001","1631000",1626000.5,"Fst",0.0921803875666537,0,0.028442704750097,0.0798976131472546
"1622001","1632000",1627000.5,"Fst",0.0950886610235587,0,0.0287004102101944,0.084943827968847
"1623001","1633000",1628000.5,"Fst",0.107789962761778,0,0.0307115924066541,0.102387840756285
"1624001","1634000",1629000.5,"Fst",0.0782143868592466,0,0.0313474654262478,0.086708794318197
"1625001","1635000",1630000.5,"Fst",0.0479313156999108,0,0.0304329161099034,0.10370162402281
"1626001","1636000",1631000.5,"Fst",0.063926315970609,0,0.0291112103907731,0.0985512008729024
"1627001","1637000",1632000.5,"Fst",0.0488789878045298,0,0.0248085426504593,0.0844330368690185
"1628001","1638000",1633000.5,"Fst",0.0485586199069346,0,0.024619062959842,0.0838166569883425
"1629001","1639000",1634000.5,"Fst",0.0473293468527025,0,0.0251176755014138,0.0828983538695384
"1630001","1640000",1635000.5,"Fst",0.0476461075887852,0,0.0270931786282192,0.0825658664987201
"1631001","1641000",1636000.5,"Fst",0.0476461075887852,0,0.0272254339036044,0.0825658664987201
"1632001","1642000",1637000.5,"Fst",0.0382478848552263,0,0.0331141179269106,0.0730169500634873
"1633001","1643000",1638000.5,"Fst",0.037339405654483,0,0.0336598784159727,0.0738784393873131
"1634001","1644000",1639000.5,"Fst",0.0372135222833569,0,0.0334921729649301,0.0736487105453336
"1635001","1645000",1640000.5,"Fst",0.0394161424283542,0,0.0294931597229947,0.0704188624784063
"1636001","1646000",1641000.5,"Fst",0.0162675302993583,0,0.0287153492637177,0.0500692927167281
"1637001","1647000",1642000.5,"Fst",0.0118676302776722,0,0.0306697629908374,0.0497619404581487
"1638001","1648000",1643000.5,"Fst",0.0115381500736925,0,0.027620675261169,0.046780303030303
"1639001","1649000",1644000.5,"Fst",0.00880542421268626,0,0.0272490521609966,0.0527327682584829
"1640001","1650000",1645000.5,"Fst",0.00566345144684899,0,0.0283460371023499,0.0615325814412473
"1641001","1651000",1646000.5,"Fst",0.00372391090133373,0,0.0294037794472204,0.06717663722758
"1642001","1652000",1647000.5,"Fst",0,0,0.0382479203216001,0.0886470724691887
"1643001","1653000",1648000.5,"Fst",0,0,0.0385524497968027,0.0921170060080609
"1644001","1654000",1649000.5,"Fst",0,0,0.0371094683240047,0.0891594383289899
"1645001","1655000",1650000.5,"Fst",0,0,0.0359512906511918,0.0860416790483755
"1646001","1656000",1651000.5,"Fst",0.000103774279967883,0,0.0359943132580304,0.0876397966509408
"1647001","1657000",1652000.5,"Fst",0,0,0.0353850072825512,0.0880026550384835
"1648001","1658000",1653000.5,"Fst",0,0,0.0354438957173703,0.0868182311833796
"1649001","1659000",1654000.5,"Fst",0.00143912455251838,0,0.0324508722932683,0.0786421804382041
"1650001","1660000",1655000.5,"Fst",0.00838451953089003,0,0.0277318254344795,0.0621700112913699
"1651001","1661000",1656000.5,"Fst",0.0212266658642033,0,0.0234438754540387,0.0453557554464491
"1652001","1662000",1657000.5,"Fst",0.026755091543824,0,0.0232732685088527,0.0395275672240478
"1653001","1663000",1658000.5,"Fst",0.029873450496812,0,0.0235798798644676,0.0434197007238656
"1654001","1664000",1659000.5,"Fst",0.0315717069815429,0,0.0245401881609515,0.0444494303669823
"1655001","1665000",1660000.5,"Fst",0.03842712136052,0,0.0258610209557771,0.0566155198300802
"1656001","1666000",1661000.5,"Fst",0.0492364064296985,0,0.0280884515748757,0.0617316613957152
"1657001","1667000",1662000.5,"Fst",0.0559563262331375,0,0.0307539687900748,0.0637503613876012
"1658001","1668000",1663000.5,"Fst",0.0576162411628591,0,0.0319543299568297,0.0657027045944805
"1659001","1669000",1664000.5,"Fst",0.0614648202386707,0,0.0333796293170281,0.0721098417356673
"1660001","1670000",1665000.5,"Fst",0.0334967694967696,0,0.0335174386852107,0.0827704210682935
"1661001","1671000",1666000.5,"Fst",0.0232359067392327,0,0.035365391775549,0.0792875318066157
"1662001","1672000",1667000.5,"Fst",0.0169799147860316,0,0.0365991309521964,0.084458770014209
"1663001","1673000",1668000.5,"Fst",0.0151973743368401,0,0.0436294916420911,0.0798352681556087
"1664001","1674000",1669000.5,"Fst",0.0114125696684747,0,0.0503618773022334,0.097253397078922
"1665001","1675000",1670000.5,"Fst",0.00941113056679832,0,0.0543101923329515,0.105120035907013
"1666001","1676000",1671000.5,"Fst",0.00732299930978964,0,0.0585973658352472,0.109383066783543
"1667001","1677000",1672000.5,"Fst",0.00869411158355871,0,0.0581670530300996,0.108571051169674
"1668001","1678000",1673000.5,"Fst",0.00640955514601727,0,0.0604400140973131,0.109034834797749
"1669001","1679000",1674000.5,"Fst",0.0075532325306451,0,0.0596015667763459,0.105339259621308
"1670001","1680000",1675000.5,"Fst",0.0100377042312527,0,0.0606445668147012,0.104104316254692
"1671001","1681000",1676000.5,"Fst",0.00894422945467455,0,0.0611131430183788,0.103011020376476
"1672001","1682000",1677000.5,"Fst",0.00951100545635586,0,0.0624234310117765,0.100936469275923
"1673001","1683000",1678000.5,"Fst",0.00889068178594654,0,0.0622262529604567,0.102317130433007
"1674001","1684000",1679000.5,"Fst",0.0121462125587197,0,0.0563234687954718,0.0975756182835016
"1675001","1685000",1680000.5,"Fst",0.013289957226339,0,0.0474936582883231,0.0942864134091882
"1676001","1686000",1681000.5,"Fst",0.0143242446907369,0,0.0425979025239628,0.0935353535353535
"1677001","1687000",1682000.5,"Fst",0.00805405320666563,0,0.0429118344371138,0.0939996349032494
"1678001","1688000",1683000.5,"Fst",0.00872937274039765,0,0.042932961885643,0.096713114310666
"1679001","1689000",1684000.5,"Fst",0.00285869599974409,0,0.0320120268235507,0.0877766311202846
"1680001","1690000",1685000.5,"Fst",0.00214679930696593,0,0.0291399602541439,0.0915047251430854
"1681001","1691000",1686000.5,"Fst",0.00202020202020214,0,0.0319669322705341,0.0942947747998446
"1682001","1692000",1687000.5,"Fst",0.0120650315153487,0,0.0292495595284399,0.0880338176811009
"1683001","1693000",1688000.5,"Fst",0.0126283198584625,0,0.0308168503039347,0.0910102846951912
"1684001","1694000",1689000.5,"Fst",0.0126647040568989,0,0.0270030244561182,0.0825221338366815
"1685001","1695000",1690000.5,"Fst",0.0158563589824425,0,0.030764458904651,0.102310151878497
"1686001","1696000",1691000.5,"Fst",0.0160127958384496,0,0.0351411004670253,0.100331311627487
"1687001","1697000",1692000.5,"Fst",0.0143260999628549,0,0.0341167666149047,0.0851576937889456
"1688001","1698000",1693000.5,"Fst",0.0138069289385079,0,0.0331192730432427,0.0829720290125611
"1689001","1699000",1694000.5,"Fst",0.0125434846389203,0,0.0301248784297577,0.0683281814457561
"1690001","1700000",1695000.5,"Fst",0.0175817798582025,0,0.0331785824128706,0.0693799294312991
"1691001","1701000",1696000.5,"Fst",0.0173458795123834,0,0.0336477513797965,0.0701078724520433
"1692001","1702000",1697000.5,"Fst",0.0119304803548597,0,0.0328498021168992,0.0735715774098358
"1693001","1703000",1698000.5,"Fst",0.0105063668621476,0,0.0304524710237645,0.0738884643719055
"1694001","1704000",1699000.5,"Fst",0.00793046842938372,0,0.0352795992487977,0.0834659329467611
"1695001","1705000",1700000.5,"Fst",0.00465100417619768,0,0.0331072885755176,0.0794255780132372
"1696001","1706000",1701000.5,"Fst",0.00258529819375319,0,0.0378510847229008,0.0964824916069204
"1697001","1707000",1702000.5,"Fst",0.0016471249934521,0,0.0398250708487321,0.0971255617785106
"1698001","1708000",1703000.5,"Fst",0.00183609664651396,0,0.0460501273016566,0.107953013236478
"1699001","1709000",1704000.5,"Fst",0.00277975786551876,0,0.0498701558554044,0.119816918331702
"1700001","1710000",1705000.5,"Fst",0,0,0.0520332952642196,0.128748528473624
"1701001","1711000",1706000.5,"Fst",0.00902042834580574,0,0.0467849128923543,0.116584294343767
"1702001","1712000",1707000.5,"Fst",0.00888101797192697,0,0.0451972097406896,0.110604337503242
"1703001","1713000",1708000.5,"Fst",0.00798713661208283,0,0.0413967083744342,0.0993281457582084
"1704001","1714000",1709000.5,"Fst",0.00723057204720268,0,0.037249813247132,0.088157912479316
"1705001","1715000",1710000.5,"Fst",0.011149847859614,0,0.034047729352409,0.0843343982960596
"1706001","1716000",1711000.5,"Fst",0.0112159021240892,0,0.0391385627720724,0.0835817912824297
"1707001","1717000",1712000.5,"Fst",0.0124808566192161,0,0.0400350668166452,0.0859845222619124
"1708001","1718000",1713000.5,"Fst",0.0158369360845977,0,0.0451097550006175,0.0940330034071687
"1709001","1719000",1714000.5,"Fst",0.0157859867137,0,0.0449700454099033,0.093801087443539
"1710001","1720000",1715000.5,"Fst",0.0152227142485023,0,0.0437414683122655,0.0919800959072387
"1711001","1721000",1716000.5,"Fst",0.00638609100692733,0,0.04729063178079,0.112228312228312
"1712001","1722000",1717000.5,"Fst",0.00704780265954819,0,0.0490041304902898,0.116772705157126
"1713001","1723000",1718000.5,"Fst",0.0110340097337448,0,0.0520396886105224,0.116761113070324
"1714001","1724000",1719000.5,"Fst",0.0145263269751872,0,0.0470726963976456,0.115671703678064
"1715001","1725000",1720000.5,"Fst",0.0122749400228261,0,0.0404320731275308,0.0918928369690938
"1716001","1726000",1721000.5,"Fst",0.0133326965478267,0,0.033798801394233,0.0957483862839694
"1717001","1727000",1722000.5,"Fst",0.0140502190999514,0,0.0319563063074452,0.0924936386768449
"1718001","1728000",1723000.5,"Fst",0.0272472741031197,0,0.0307116554948865,0.083397744614226
"1719001","1729000",1724000.5,"Fst",0.031682238370656,0,0.0294721237556739,0.0780553307556275
"1720001","1730000",1725000.5,"Fst",0.0366327595200836,0,0.0291062963599005,0.072333905088622
"1721001","1731000",1726000.5,"Fst",0.0348383355081919,0,0.0264389257729938,0.0672041802449714
"1722001","1732000",1727000.5,"Fst",0.0351522954033415,0,0.0267031601075068,0.0676431500070692
"1723001","1733000",1728000.5,"Fst",0.0402068146404716,0,0.025411816734382,0.0695256432697356
"1724001","1734000",1729000.5,"Fst",0.049830264492692,0,0.0289705230174672,0.0690080437632512
"1725001","1735000",1730000.5,"Fst",0.0493777657973359,0,0.0287045148767095,0.068411256939319
"1726001","1736000",1731000.5,"Fst",0.0489629663829766,0,0.026647616339943,0.0663648124191462
"1727001","1737000",1732000.5,"Fst",0.046196689331505,0,0.0261985115301248,0.0615291098203431
"1728001","1738000",1733000.5,"Fst",0.0354336921602886,0,0.0240785928082371,0.0428137604164714
"1729001","1739000",1734000.5,"Fst",0.0453770076746578,0,0.0230993719609414,0.0385229160209491
"1730001","1740000",1735000.5,"Fst",0.0450745728539302,0,0.0229167777458525,0.0381281493753018
"1731001","1741000",1736000.5,"Fst",0.047267851156554,0,0.0224578538124227,0.0464432308955277
"1732001","1742000",1737000.5,"Fst",0.047488494596444,0,0.0238300040844098,0.0480439574902115
"1733001","1743000",1738000.5,"Fst",0.0458875919648655,0,0.02275434817918,0.0476432115471358
"1734001","1744000",1739000.5,"Fst",0.0458097383750432,0,0.0219535830755872,0.0513179429314954
"1735001","1745000",1740000.5,"Fst",0.0461887147688262,0,0.0221369610422029,0.0518045336535008
"1736001","1746000",1741000.5,"Fst",0.0443604209774178,0,0.0210899146348824,0.050221431809464
"1737001","1747000",1742000.5,"Fst",0.0480835652727943,0,0.0215104337893377,0.0507890011223344
"1738001","1748000",1743000.5,"Fst",0.0536157742493716,0,0.0245914921437653,0.058290415697046
"1739001","1749000",1744000.5,"Fst",0.0498066284819112,0,0.0260020288499057,0.0864096098818595
"1740001","1750000",1745000.5,"Fst",0.0512156743312521,0,0.0269699275112401,0.0898649143806336
"1741001","1751000",1746000.5,"Fst",0.0541324765581057,0,0.0262968425361142,0.0953487217818973
"1742001","1752000",1747000.5,"Fst",0.0619095209540943,0,0.0375736018387851,0.100706736691954
"1743001","1753000",1748000.5,"Fst",0.0635807094809264,0,0.0407023471383196,0.10530834886353
"1744001","1754000",1749000.5,"Fst",0.0610101010101008,0,0.0446094051828898,0.114285323110624
"1745001","1755000",1750000.5,"Fst",0.0619273337913134,0,0.0367015508395728,0.100519299188758
"1746001","1756000",1751000.5,"Fst",0.0617910864064711,0,0.0385788895019658,0.10522624240869
"1747001","1757000",1752000.5,"Fst",0.0622494651107712,0,0.0388313387356208,0.105987766003274
"1748001","1758000",1753000.5,"Fst",0.0626561616161616,0,0.0390891687994166,0.106663198508692
"1749001","1759000",1754000.5,"Fst",0.056990011850347,0,0.036138223520326,0.0896176314391928
"1750001","1760000",1755000.5,"Fst",0.058523995940264,0,0.0320628520444208,0.0808791961495416
"1751001","1761000",1756000.5,"Fst",0.059317767842358,0,0.032154922194879,0.0815692282172252
"1752001","1762000",1757000.5,"Fst",0.0547825208761885,0,0.0241081591645639,0.058217644424541
"1753001","1763000",1758000.5,"Fst",0.0489677850025961,0,0.023458525261454,0.0454950597378974
"1754001","1764000",1759000.5,"Fst",0.0488501979704749,0,0.0246180781049557,0.0481800563777307
"1755001","1765000",1760000.5,"Fst",0.0343491411288021,0,0.0322813569252372,0.0736579989386456
"1756001","1766000",1761000.5,"Fst",0.0410221619176844,0,0.0365052151947201,0.0815456319447805
"1757001","1767000",1762000.5,"Fst",0.0406424084390187,0,0.0298545775490924,0.104131531323399
"1758001","1768000",1763000.5,"Fst",0.0374514374514374,0,0.0284317490318982,0.0972845806527504
"1759001","1769000",1764000.5,"Fst",0.0412144256250719,0,0.026846241323951,0.0884331313131314
"1760001","1770000",1765000.5,"Fst",0.0369451444078311,0,0.0285316295962752,0.0950416487146345
"1761001","1771000",1766000.5,"Fst",0.0243188643188643,0,0.0337277516292932,0.085214463475333
"1762001","1772000",1767000.5,"Fst",0.0243188643188643,0,0.0337277516292932,0.085214463475333
"1763001","1773000",1768000.5,"Fst",0.026631914919837,0,0.0316066950641644,0.0784794048267101
"1764001","1774000",1769000.5,"Fst",0.0177214813934838,0,0.0343308742136037,0.0830477018993765
"1765001","1775000",1770000.5,"Fst",0.0117920182776284,0,0.0400112711895675,0.0859203952169764
"1766001","1776000",1771000.5,"Fst",0.0116530928713671,0,0.0404544119903082,0.0867934674011753
"1767001","1777000",1772000.5,"Fst",0.00610235535608683,0,0.0417555515970867,0.0907650674795228
"1768001","1778000",1773000.5,"Fst",0.00417482061317687,0,0.0364600070862382,0.0858407511209154
"1769001","1779000",1774000.5,"Fst",0,0,0.034547367209124,0.0774942833678933
"1770001","1780000",1775000.5,"Fst",0,0,0.0361632928437102,0.0823036153411434
"1771001","1781000",1776000.5,"Fst",0,0,0.0341322621696358,0.0766395478656631
"1772001","1782000",1777000.5,"Fst",0,0,0.0328866465237751,0.0722920264395881
"1773001","1783000",1778000.5,"Fst",0,0,0.0332158410522016,0.0757271412502009
"1774001","1784000",1779000.5,"Fst",0.0046315709075635,0,0.0365431440522233,0.092668880582878
"1775001","1785000",1780000.5,"Fst",0.0158879983894281,0,0.0394607797000208,0.0971951687494566
"1776001","1786000",1781000.5,"Fst",0.0178467955140253,0,0.0419027520438041,0.0992836455491991
"1777001","1787000",1782000.5,"Fst",0.0174484778074422,0,0.049165811343098,0.108886375761758
"1778001","1788000",1783000.5,"Fst",0.0197573603068734,0,0.0517557720644958,0.111063149749869
"1779001","1789000",1784000.5,"Fst",0.0198721887139659,0,0.0509058340369859,0.101779908802716
"1780001","1790000",1785000.5,"Fst",0.0140704162087778,0,0.043176808792419,0.0919429483378105
"1781001","1791000",1786000.5,"Fst",0.00943998988252359,0,0.0418451473330864,0.102756114100295
"1782001","1792000",1787000.5,"Fst",0.00708227309547771,0,0.0418184045830706,0.109811698351897
"1783001","1793000",1788000.5,"Fst",0.00500566570451944,0,0.0401730154974675,0.109700592866307
"1784001","1794000",1789000.5,"Fst",0.00372406309169682,0,0.0370102290163792,0.109786099726222
"1785001","1795000",1790000.5,"Fst",0,0,0.0368551511806822,0.116141099666945
"1786001","1796000",1791000.5,"Fst",0,0,0.0361495147155473,0.11559430526432
"1787001","1797000",1792000.5,"Fst",0,0,0.0411489868834566,0.115445069714374
"1788001","1798000",1793000.5,"Fst",0,0,0.0413375220093177,0.116381682447267
"1789001","1799000",1794000.5,"Fst",0,0,0.034964724525361,0.0898055742743354
"1790001","1800000",1795000.5,"Fst",0,0,0.0392733945688589,0.0833542539054525
"1791001","1801000",1796000.5,"Fst",0,0,0.0432209106487301,0.0884275443358193
"1792001","1802000",1797000.5,"Fst",0,0,0.0441649929342286,0.0924889292262336
"1793001","1803000",1798000.5,"Fst",0,0,0.0400673692136375,0.0776087460541101
"1794001","1804000",1799000.5,"Fst",0,0,0.0377586008591247,0.0718957889660666
"1795001","1805000",1800000.5,"Fst",0,0,0.039587814530631,0.0703667620613367
"1796001","1806000",1801000.5,"Fst",0,0,0.0362427305604479,0.0634057733514544
"1797001","1807000",1802000.5,"Fst",0,0,0.0341236424019468,0.066695824921869
"1798001","1808000",1803000.5,"Fst",0,0,0.0338170160457555,0.0664870456357715
"1799001","1809000",1804000.5,"Fst",0,0,0.0367169071312636,0.0759996141527236
"1800001","1810000",1805000.5,"Fst",0,0,0.0417122733720531,0.10268203544557
"1801001","1811000",1806000.5,"Fst",0.00060198844428061,0,0.045901451959889,0.11116424239115
"1802001","1812000",1807000.5,"Fst",0,0,0.0457526269192263,0.113424986937395
"1803001","1813000",1808000.5,"Fst",0,0,0.054916275816531,0.12538625126626
"1804001","1814000",1809000.5,"Fst",0.00377241805813233,0,0.060314617128862,0.144100923397061
"1805001","1815000",1810000.5,"Fst",0.00580321285140561,0,0.058636139305133,0.146218631684682
"1806001","1816000",1811000.5,"Fst",0.00621913794432871,0,0.0545864543364108,0.135643800964055
"1807001","1817000",1812000.5,"Fst",0.00727522551057735,0,0.0531197695062303,0.129924101453688
"1808001","1818000",1813000.5,"Fst",0.00334953764348589,0,0.0596564493459943,0.135650974353334
"1809001","1819000",1814000.5,"Fst",0.00318467375754183,0,0.0599653888860941,0.135512860656374
"1810001","1820000",1815000.5,"Fst",0.00262302540344994,0,0.0484907812323231,0.100500330406872
"1811001","1821000",1816000.5,"Fst",0.00205711645175299,0,0.0446452911565612,0.090520773480248
"1812001","1822000",1817000.5,"Fst",0.00138985567775762,0,0.0409401162480669,0.0927980683152786
"1813001","1823000",1818000.5,"Fst",0.0093893194546586,0,0.034790340823137,0.0751584730561921
"1814001","1824000",1819000.5,"Fst",0.00644086562909407,0,0.0371100064726169,0.0798441216902755
"1815001","1825000",1820000.5,"Fst",0.00563426900238118,0,0.0364949221643965,0.0769251094046733
"1816001","1826000",1821000.5,"Fst",0.00602102614985067,0,0.0355756226297008,0.0787826903570418
"1817001","1827000",1822000.5,"Fst",0.0055199698568198,0,0.0369136877307981,0.0814580999343075
"1818001","1828000",1823000.5,"Fst",0.00792505945736044,0,0.0262706313349461,0.0513665374131893
"1819001","1829000",1824000.5,"Fst",0.00682140554480992,0,0.0261162836651905,0.0451076671580678
"1820001","1830000",1825000.5,"Fst",0.00894670280036147,0,0.0237482194865268,0.0494821210771882
"1821001","1831000",1826000.5,"Fst",0.00963830534382693,0,0.0249227447905134,0.0500105832648949
"1822001","1832000",1827000.5,"Fst",0.0138530683878325,0,0.0219908049526802,0.0374379448924378
"1823001","1833000",1828000.5,"Fst",0,0,0.0245884862137891,0.04108023180703
"1824001","1834000",1829000.5,"Fst",0.010972204321863,0,0.0237749010910911,0.0519989942167465
"1825001","1835000",1830000.5,"Fst",0.0114497630766897,0,0.0244287342224448,0.0533247863247862
"1826001","1836000",1831000.5,"Fst",0.00837686263974979,0,0.021229365888903,0.0439513035886803
"1827001","1837000",1832000.5,"Fst",0.00795482336201336,0,0.0210287918112217,0.0419478111717893
"1828001","1838000",1833000.5,"Fst",0.0119855630646999,0,0.022292295191456,0.0471710361414097
"1829001","1839000",1834000.5,"Fst",0.0120413631867637,0,0.0208341211456836,0.0427164149433163
"1830001","1840000",1835000.5,"Fst",0.0117390054210235,0,0.0203376253069289,0.0417113228270031
"1831001","1841000",1836000.5,"Fst",0.0113863018214786,0,0.0201125435631048,0.040582371353683
"1832001","1842000",1837000.5,"Fst",0.011307168735883,0,0.0215556147562934,0.0415544389644797
"1833001","1843000",1838000.5,"Fst",0.0166305701445666,0,0.0223303186428834,0.046319844022305
"1834001","1844000",1839000.5,"Fst",0.00176932188332835,0,0.0202973973704383,0.0346007849192563
"1835001","1845000",1840000.5,"Fst",0.003615119290582,0,0.0176807148463714,0.0320796108117937
"1836001","1846000",1841000.5,"Fst",0.00926305731959431,0,0.015469085643262,0.0301473415921002
"1837001","1847000",1842000.5,"Fst",0.0118933218591384,0,0.0153395496355349,0.0293029916018421
"1838001","1848000",1843000.5,"Fst",0.00905940905940905,0,0.0160319895281135,0.0348088303222039
"1839001","1849000",1844000.5,"Fst",0.0140923251203624,0,0.015390511455406,0.0327303259293183
"1840001","1850000",1845000.5,"Fst",0.0154455351638451,0,0.0166265154996815,0.034888148500714
"1841001","1851000",1846000.5,"Fst",0.0188788676936176,0,0.0171441360728836,0.0392532374475625
"1842001","1852000",1847000.5,"Fst",0.0162826578016453,0,0.0190943481720288,0.0371921243730192
"1843001","1853000",1848000.5,"Fst",0.0238478357418603,0,0.0206655356387806,0.0385009030704395
"1844001","1854000",1849000.5,"Fst",0.0427788102864224,0,0.0261016834218495,0.0547719345925622
"1845001","1855000",1850000.5,"Fst",0.0414924576158056,0,0.026539117874054,0.0557586215912359
"1846001","1856000",1851000.5,"Fst",0.0407549104943894,0,0.0264736929915382,0.0567018598336563
"1847001","1857000",1852000.5,"Fst",0.0419045936655846,0,0.0253652564938063,0.0514763195317114
"1848001","1858000",1853000.5,"Fst",0.0406255420786463,0,0.022653528947549,0.0502070345305206
"1849001","1859000",1854000.5,"Fst",0.0401919433938602,0,0.0224136883280606,0.0496865296368996
"1850001","1860000",1855000.5,"Fst",0.037918544040993,0,0.0214850415257459,0.0478954815333958
"1851001","1861000",1856000.5,"Fst",0.0330438960369355,0,0.0216643968976924,0.0435753704223715
"1852001","1862000",1857000.5,"Fst",0.0407161384196875,0,0.0241101992105222,0.0439538376349953
"1853001","1863000",1858000.5,"Fst",0.0351833538355163,0,0.0227067421299674,0.0456007932823351
"1854001","1864000",1859000.5,"Fst",0.00242451499478713,0,0.0219131620184414,0.0785860370339849
"1855001","1865000",1860000.5,"Fst",0.00979279979279968,0,0.0222819187706361,0.0789963994048667
"1856001","1866000",1861000.5,"Fst",0.0118966166737617,0,0.022320781262224,0.0777191371342796
"1857001","1867000",1862000.5,"Fst",0.0088659912724196,0,0.0225270826046417,0.090725306959736
"1858001","1868000",1863000.5,"Fst",0.00724939970185934,0,0.023460400272041,0.0953383538867797
"1859001","1869000",1864000.5,"Fst",0.00702721879155144,0,0.0228059085076804,0.0925761568134491
"1860001","1870000",1865000.5,"Fst",0.0115496122449565,0,0.0246208699541687,0.0935255040668537
"1861001","1871000",1866000.5,"Fst",0.014850097541943,0,0.0231817572606172,0.0853791679054077
"1862001","1872000",1867000.5,"Fst",0.0150015292882346,0,0.0234203443396749,0.0862351249519904
"1863001","1873000",1868000.5,"Fst",0.012976471344867,0,0.0244143857544266,0.0896478627295443
"1864001","1874000",1869000.5,"Fst",0.023376461736036,0,0.0229011391178207,0.0592212627114611
"1865001","1875000",1870000.5,"Fst",0.0146080854796268,0,0.0221861435326781,0.0646439732276489
"1866001","1876000",1871000.5,"Fst",0.00924938769629735,0,0.02301363571885,0.0654941373534338
"1867001","1877000",1872000.5,"Fst",0.0233405483405482,0,0.0161397630672157,0.0236009297335955
"1868001","1878000",1873000.5,"Fst",0.0224069264069264,0,0.0154659215517688,0.022507228111795
"1869001","1879000",1874000.5,"Fst",0.0256288373935433,0,0.0177956030897207,0.0261415397332461
"1870001","1880000",1875000.5,"Fst",0.00639730639730629,0,0.00655294109211794,0.00726207160147774
"1871001","1881000",1876000.5,"Fst",0.00485850237916352,0,0.00555555555555554,0.00583762193716864
"1872001","1882000",1877000.5,"Fst",0.00435465768799104,0,0.00497512437810943,0.00523307856503474
"1873001","1883000",1878000.5,"Fst",0.00439062933777512,0,0.0200026475423512,0.0293313069908815
"1874001","1884000",1879000.5,"Fst",0.0108425720620841,0,0.0234147598003807,0.0439324666036628
"1875001","1885000",1880000.5,"Fst",0.01117650419976,0,0.0242040410553919,0.0452357783446862
"1876001","1886000",1881000.5,"Fst",0.0120228655725613,0,0.0259851428337315,0.0484848484848486
"1877001","1887000",1882000.5,"Fst",0.012557781201849,0,0.0270872073785362,0.0503144654088049
"1878001","1888000",1883000.5,"Fst",0.0125167219217124,0,0.0233335044097862,0.047008547008547
"1879001","1889000",1884000.5,"Fst",0.0129818423116367,0,0.0241053519964612,0.0486725663716814
"1880001","1890000",1885000.5,"Fst",0.0138842087270773,0,0.0278802297045613,0.0570409982174689
"1881001","1891000",1886000.5,"Fst",0.0111235009879297,0,0.0220627699436086,0.0459770114942529
"1882001","1892000",1887000.5,"Fst",0.011778227792677,0,0.0212456757709164,0.0443951712244396
"1883001","1893000",1888000.5,"Fst",0.0222880828125335,0,0.0162684000823218,0.0382628491375535
"1884001","1894000",1889000.5,"Fst",0.0173683140126092,0,0.0142267113930557,0.0183231872702067
"1885001","1895000",1890000.5,"Fst",0.0222880828125335,0,0.0183601391278175,0.0287874601220828
"1886001","1896000",1891000.5,"Fst",0.0232092139103208,0,0.0191494947846166,0.0297716467929234
"1887001","1897000",1892000.5,"Fst",0.0222880828125335,0,0.0184777418778699,0.0289670076904119
"1888001","1898000",1893000.5,"Fst",0.0451586999704154,0,0.0283341062955306,0.072183453886924
"1889001","1899000",1894000.5,"Fst",0.0450388887266496,0,0.0264235313460814,0.0664758734145178
"1890001","1900000",1895000.5,"Fst",0.0436642979153102,0,0.0254719200421538,0.0641672539346957
"1891001","1901000",1896000.5,"Fst",0.047382920110193,0,0.0276536143926769,0.0696062542682118
"1892001","1902000",1897000.5,"Fst",0.0483085939988533,0,0.0292358400885811,0.0729791805586426
"1893001","1903000",1898000.5,"Fst",0.0461179178230555,0,0.0308307424539467,0.076787073094311
"1894001","1904000",1899000.5,"Fst",0.0425345446523472,0,0.0267600982403009,0.0675519688437874
"1895001","1905000",1900000.5,"Fst",0.0410277993611325,0,0.027752450579797,0.0734262425532831
"1896001","1906000",1901000.5,"Fst",0.0439732843988163,0,0.0256706752965377,0.0577209420106356
"1897001","1907000",1902000.5,"Fst",0.0417743074920989,0,0.0231610327613819,0.0527770102238189
"1898001","1908000",1903000.5,"Fst",0.0278102360364572,0,0.0192745262737405,0.0408187838651414
"1899001","1909000",1904000.5,"Fst",0.0260232805873581,0,0.0221765846053319,0.0555231663295593
"1900001","1910000",1905000.5,"Fst",0.0243437524893516,0,0.02295600382558,0.0569187205135181
"1901001","1911000",1906000.5,"Fst",0.0240361896899889,0,0.0225832625959789,0.0563154179869396
"1902001","1912000",1907000.5,"Fst",0.0240437210328346,0,0.0215402088703461,0.0541480541126198
"1903001","1913000",1908000.5,"Fst",0.0229983909623721,0,0.0214410627641458,0.0532587218235598
"1904001","1914000",1909000.5,"Fst",0.0212744703004732,0,0.0212262102289494,0.0506930269456008
"1905001","1915000",1910000.5,"Fst",0.0204223484740925,0,0.0204066605917233,0.0496390899671995
"1906001","1916000",1911000.5,"Fst",0.0117463583824341,0,0.0186217627886779,0.0457532366498667
"1907001","1917000",1912000.5,"Fst",0.0114280013720984,0,0.0190849755227081,0.0469453499990375
"1908001","1918000",1913000.5,"Fst",0.0103663109313498,0,0.0205470329935352,0.0497294505475853
"1909001","1919000",1914000.5,"Fst",0.00656205640930685,0,0.0207569757696564,0.0396802929838836
"1910001","1920000",1915000.5,"Fst",0.00617984673598526,0,0.0221328483355056,0.0382738216182819
"1911001","1921000",1916000.5,"Fst",0.00538601563336538,0,0.0213151952145572,0.0380870647914773
"1912001","1922000",1917000.5,"Fst",0.00346406710496494,0,0.0209905901907962,0.0402375215715679
"1913001","1923000",1918000.5,"Fst",0.00331867820167342,0,0.0199119111074204,0.0385028627977663
"1914001","1924000",1919000.5,"Fst",6.77162688336175e-05,0,0.0167948897652959,0.0248374372899718
"1915001","1925000",1920000.5,"Fst",0,0,0.0175225830027517,0.0266052194741111
"1916001","1926000",1921000.5,"Fst",0.00716861870236107,0,0.019843632410841,0.0388071800810654
"1917001","1927000",1922000.5,"Fst",0.00732308957294825,0,0.0223933669472802,0.0490706259116505
"1918001","1928000",1923000.5,"Fst",0.00699238588926843,0,0.0218155267454169,0.0476864209340719
"1919001","1929000",1924000.5,"Fst",0.00586759312873975,0,0.0205060107651549,0.0432864940562389
"1920001","1930000",1925000.5,"Fst",0.00634173141825611,0,0.0218372685205353,0.046211222725519
"1921001","1931000",1926000.5,"Fst",0.00671407815248148,0,0.0209972191290855,0.0428327788184638
"1922001","1932000",1927000.5,"Fst",0.0073853758064284,0,0.0197006759028463,0.0429032142258814
"1923001","1933000",1928000.5,"Fst",0.00959831212344087,0,0.0178448399889487,0.0425209216272617
"1924001","1934000",1929000.5,"Fst",0.00914428946085832,0,0.0201360015531211,0.0431374347856528
"1925001","1935000",1930000.5,"Fst",0.010965766968196,0,0.0163511951069164,0.0426214226273336
"1926001","1936000",1931000.5,"Fst",0.00663002494081255,0,0.0130650681783726,0.0305393260777284
"1927001","1937000",1932000.5,"Fst",0.00797975372216508,0,0.0133169480990789,0.0246686365306006
"1928001","1938000",1933000.5,"Fst",0.00908783660931833,0,0.0135005099585723,0.0249828159778808
"1929001","1939000",1934000.5,"Fst",0.00378585452360625,0,0.0361204226938925,0.071723676226004
"1930001","1940000",1935000.5,"Fst",0.00368509299997288,0,0.0351086109855345,0.0696158554517893
"1931001","1941000",1936000.5,"Fst",0.00276009830043678,0,0.0348165418885045,0.0688115028480681
"1932001","1942000",1937000.5,"Fst",0.0025042915289335,0,0.0347661351574079,0.0684821683525693
"1933001","1943000",1938000.5,"Fst",0.00315746876696843,0,0.0335767248155514,0.0628600316472478
"1934001","1944000",1939000.5,"Fst",0,0,0.0439967365505901,0.116986253058023
"1935001","1945000",1940000.5,"Fst",0,0,0.0425094498943892,0.116452158372019
"1936001","1946000",1941000.5,"Fst",0,0,0.042666683507023,0.116847777566715
"1937001","1947000",1942000.5,"Fst",0,0,0.0416371336065502,0.113365804859595
"1938001","1948000",1943000.5,"Fst",0,0,0.0412822593843298,0.111945597856885
"1939001","1949000",1944000.5,"Fst",0,0,0.0413298097574373,0.112420951622517
"1940001","1950000",1945000.5,"Fst",0,0,0.0418649153946124,0.113922616708503
"1941001","1951000",1946000.5,"Fst",0,0,0.0434485098264437,0.117518373971454
"1942001","1952000",1947000.5,"Fst",0,0,0.0444132735828474,0.119781408638242
"1943001","1953000",1948000.5,"Fst",0,0,0.0461954601757384,0.127494548240702
"1944001","1954000",1949000.5,"Fst",0.00327916031826647,0,0.0319928477468021,0.0643188492858097
"1945001","1955000",1950000.5,"Fst",0.0176054410005907,0,0.0203806902523503,0.0461254034406042
"1946001","1956000",1951000.5,"Fst",0.018465956321318,0,0.0214477242399532,0.0482981407960005
"1947001","1957000",1952000.5,"Fst",0.0189109485661209,0,0.0209861483285531,0.0294247482411367
"1948001","1958000",1953000.5,"Fst",0.0188484236920159,0,0.0243656337935999,0.0344732303646464
"1949001","1959000",1954000.5,"Fst",0.0149309443822322,0,0.0284115747235181,0.0397628182769446
"1950001","1960000",1955000.5,"Fst",0.00571319705935092,0,0.0391822062315773,0.0872295912865307
"1951001","1961000",1956000.5,"Fst",0,0,0.0404059103534839,0.090314079101359
"1952001","1962000",1957000.5,"Fst",0,0,0.0384549030438828,0.0842065879835625
"1953001","1963000",1958000.5,"Fst",0,0,0.0402190870692805,0.081878501634893
"1954001","1964000",1959000.5,"Fst",0,0,0.0447599064346605,0.0861871446386676
"1955001","1965000",1960000.5,"Fst",0,0,0.0377294536712013,0.0769809288915135
"1956001","1966000",1961000.5,"Fst",0,0,0.0385765585180227,0.0818181818181819
"1957001","1967000",1962000.5,"Fst",0,0,0.0379105977332786,0.080591851234053
"1958001","1968000",1963000.5,"Fst",0,0,0.0377803653034624,0.0833707971736142
"1959001","1969000",1964000.5,"Fst",0,0,0.0374237825941156,0.082601658103635
"1960001","1970000",1965000.5,"Fst",0.000895181321410754,0,0.0364801137907344,0.0966255630908198
"1961001","1971000",1966000.5,"Fst",0.00244091426589343,0,0.039360571451063,0.101303900625049
"1962001","1972000",1967000.5,"Fst",0.00449904891429198,0,0.0412584841097693,0.103625134960052
"1963001","1973000",1968000.5,"Fst",0.00427648128797564,0,0.0392458303572986,0.105345855047288
"1964001","1974000",1969000.5,"Fst",0.00481852663426141,0,0.0406867258691399,0.113625165813909
"1965001","1975000",1970000.5,"Fst",0.00866229332105728,0,0.0430587899612499,0.104563890221261
"1966001","1976000",1971000.5,"Fst",0.00726112934792744,0,0.040194310579742,0.1021933560477
"1967001","1977000",1972000.5,"Fst",0.00599259427189613,0,0.0388224451019332,0.103935870331219
"1968001","1978000",1973000.5,"Fst",0.02592789134378,0,0.0377020337881834,0.0880369099674215
"1969001","1979000",1974000.5,"Fst",0.0638482077762866,0,0.041799910985722,0.107718564865959
"1970001","1980000",1975000.5,"Fst",0.0671775295323404,0,0.0397987504274587,0.106401100613284
"1971001","1981000",1976000.5,"Fst",0.0756372549482444,0,0.0440476615248412,0.117735476326617
"1972001","1982000",1977000.5,"Fst",0.0756372549482444,0,0.0440476615248412,0.117735476326617
"1973001","1983000",1978000.5,"Fst",0.0845553654182026,0,0.042782184492484,0.112326761796218
"1974001","1984000",1979000.5,"Fst",0.0842083398976061,0,0.0424915545176087,0.112168004369018
"1975001","1985000",1980000.5,"Fst",0.0920590646325494,0,0.0455285691998283,0.119850606471748
"1976001","1986000",1981000.5,"Fst",0.100027905139249,0,0.0477826533636739,0.123526226644821
"1977001","1987000",1982000.5,"Fst",0.113170439285924,0,0.0491859262673384,0.11013029969428
"1978001","1988000",1983000.5,"Fst",0.111418559746091,0,0.0473576012190409,0.0994411216785959
"1979001","1989000",1984000.5,"Fst",0.0794149260205466,0,0.0320704233366603,0.0841043170668515
"1980001","1990000",1985000.5,"Fst",0.058730061098126,0,0.0304548469968893,0.108196021969818
"1981001","1991000",1986000.5,"Fst",0.051724237240299,0,0.0311651112843196,0.112456911922026
"1982001","1992000",1987000.5,"Fst",0.051724237240299,0,0.0311651112843196,0.112456911922026
"1983001","1993000",1988000.5,"Fst",0.0368587839176074,0,0.0343376794136453,0.124767253590604
"1984001","1994000",1989000.5,"Fst",0.0380259611372376,0,0.0349876443592762,0.127682006303346
"1985001","1995000",1990000.5,"Fst",0.0394516594516594,0,0.0365455683448656,0.136037234042553
"1986001","1996000",1991000.5,"Fst",0.0391533482270724,0,0.0363086011682941,0.135192282278314
"1987001","1997000",1992000.5,"Fst",0.00319144483509148,0,0.0367558030039779,0.0955369045399751
"1988001","1998000",1993000.5,"Fst",0.00508709487853287,0,0.0390170012573728,0.098123743185851
"1989001","1999000",1994000.5,"Fst",0,0,0.0455136277068426,0.112888785251987
"1990001","2e+06",1995000.5,"Fst",0,0,0.0446287912077246,0.103106206481499
"1991001","2001000",1996000.5,"Fst",0,0,0.0423166582140929,0.0981986127913097
"1992001","2002000",1997000.5,"Fst",0,0,0.0372722407094498,0.0847211258018311
"1993001","2003000",1998000.5,"Fst",0,0,0.0364507848717704,0.0831689830390497
"1994001","2004000",1999000.5,"Fst",0,0,0.0351427012154087,0.0802292840803792
"1995001","2005000",2000000.5,"Fst",0,0,0.0359056436882214,0.0822274473820037
"1996001","2006000",2001000.5,"Fst",0,0,0.0365749440354305,0.0837443257349385
"1997001","2007000",2002000.5,"Fst",0,0,0.0386565475319834,0.0883103293636952
"1998001","2008000",2003000.5,"Fst",0,0,0.0423579635919474,0.0943276833713723
"1999001","2009000",2004000.5,"Fst",0.0139204545454544,0,0.0141545263517725,0.0177205634026661
"2000001","2010000",2005000.5,"Fst",0,0,0.0371251763116594,0.101375066784941
"2001001","2011000",2006000.5,"Fst",0,0,0.034731713713441,0.0978037443970055
"2002001","2012000",2007000.5,"Fst",0,0,0.0326734946909603,0.0919121038339269
"2003001","2013000",2008000.5,"Fst",0,0,0.0332848855419723,0.0938928183588924
"2004001","2014000",2009000.5,"Fst",0,0,0.0278038926935462,0.0822658850774352
"2005001","2015000",2010000.5,"Fst",0,0,0.0287416968277474,0.0849631272111216
"2006001","2016000",2011000.5,"Fst",0,0,0.0414648206153543,0.0873660346941174
"2007001","2017000",2012000.5,"Fst",0,0,0.0371324449675902,0.0806595260246714
"2008001","2018000",2013000.5,"Fst",0,0,0.0362248969821601,0.0776120689706782
"2009001","2019000",2014000.5,"Fst",0,0,0.0347924906172953,0.0759120132856441
"2010001","2020000",2015000.5,"Fst",0.000694662196386808,0,0.0311889327978238,0.0699017258042032
"2011001","2021000",2016000.5,"Fst",0.00190836841974151,0,0.0320481062909602,0.0710404189613089
"2012001","2022000",2017000.5,"Fst",0.00258642224399996,0,0.0363912448073531,0.0732841861324288
"2013001","2023000",2018000.5,"Fst",0.0149755904472886,0,0.0317985656622967,0.0761449245756832
"2014001","2024000",2019000.5,"Fst",0.0150231191562099,0,0.0351836742306818,0.0818037472213403
"2015001","2025000",2020000.5,"Fst",0.0151015862042478,0,0.0346801261915934,0.0801346385449154
"2016001","2026000",2021000.5,"Fst",0.028510950986521,0,0.0264010972950169,0.0647774503136097
"2017001","2027000",2022000.5,"Fst",0.0295808080808081,0,0.030255925807872,0.074886148241144
"2018001","2028000",2023000.5,"Fst",0.033655146012035,0,0.0292426047019482,0.0690145732130466
"2019001","2029000",2024000.5,"Fst",0.0297940340909091,0,0.0278084039098188,0.0672227896946999
"2020001","2030000",2025000.5,"Fst",0.028702710659685,0,0.0255338973001124,0.0583730984134753
"2021001","2031000",2026000.5,"Fst",0.0276937435959865,0,0.0246346475315051,0.05638116622842
"2022001","2032000",2027000.5,"Fst",0.027184098626754,0,0.0241827992723273,0.0553733956223582
"2023001","2033000",2028000.5,"Fst",0.0136714001744676,0,0.0142255868670538,0.0208217314600293
"2024001","2034000",2029000.5,"Fst",0.0144343283356735,0,0.014828724118985,0.0220883353025534
"2025001","2035000",2030000.5,"Fst",0.0138855356424304,0,0.0146917236615032,0.0232201533406353
"2026001","2036000",2031000.5,"Fst",0.0197733055748324,0,0.0149269994111829,0.0288000486795668
"2027001","2037000",2032000.5,"Fst",0.0789512744235937,0,0.0415406872109147,0.116461168885126
"2028001","2038000",2033000.5,"Fst",0.0775275613889265,0,0.0455452566139963,0.126369966108937
"2029001","2039000",2034000.5,"Fst",0.0822896527396191,0,0.045958620942685,0.127405769958961
"2030001","2040000",2035000.5,"Fst",0.102895253529467,0,0.0543592627927699,0.157559421710365
"2031001","2041000",2036000.5,"Fst",0.0983783886544237,0,0.0475406249139387,0.155156603292625
"2032001","2042000",2037000.5,"Fst",0.0967845403580629,0,0.0468083442638095,0.15266250602598
"2033001","2043000",2038000.5,"Fst",0.0959554239040241,0,0.0464491118345318,0.151548858565608
"2034001","2044000",2039000.5,"Fst",0.0967845403580629,0,0.0468083442638095,0.15266250602598
"2035001","2045000",2040000.5,"Fst",0.0967845403580629,0,0.0468665960142799,0.152873139561812
"2036001","2046000",2041000.5,"Fst",0.0909322365844104,0,0.0442080306846238,0.144586498481127
"2037001","2047000",2042000.5,"Fst",0.0692144763302976,0,0.0340087092056278,0.11261088956739
"2038001","2048000",2043000.5,"Fst",0.0695203152602256,0,0.0325354611019378,0.104379815834633
"2039001","2049000",2044000.5,"Fst",0.070503927603473,0,0.0329423528047113,0.105627072782619
"2040001","2050000",2045000.5,"Fst",0.0180311930876775,0,0.0288542601827255,0.0587099672574359
"2041001","2051000",2046000.5,"Fst",0.0126030951719025,0,0.0178244131089761,0.0369992351715589
"2042001","2052000",2047000.5,"Fst",3.284881333665e-05,0,0.0420294589235259,0.110339587737843
"2043001","2053000",2048000.5,"Fst",0.00097823481060344,0,0.0451832696945662,0.12278890673693
"2044001","2054000",2049000.5,"Fst",0.000970556254035193,0,0.0448845752838841,0.122002423608642
"2045001","2055000",2050000.5,"Fst",0.00402398674925541,0,0.0422622386636865,0.116095698931309
"2046001","2056000",2051000.5,"Fst",0.0120881720896916,0,0.0569459069007353,0.169590829075741
"2047001","2057000",2052000.5,"Fst",0.00871972731981985,0,0.0581370889522442,0.18989499570954
"2048001","2058000",2053000.5,"Fst",0.00875986334445167,0,0.0591738873696799,0.192519756083503
"2049001","2059000",2054000.5,"Fst",0.0105354627068271,0,0.0577333792202079,0.186304057436826
"2050001","2060000",2055000.5,"Fst",0.00870130083933096,0,0.0571894112672294,0.190490014041964
"2051001","2061000",2056000.5,"Fst",0.0066823472084262,0,0.0595434069048994,0.199685031341684
"2052001","2062000",2057000.5,"Fst",0.0127845706176626,0,0.0556754579562212,0.196323041652931
"2053001","2063000",2058000.5,"Fst",0.00969641482344619,0,0.0595815275172052,0.204640893697497
"2054001","2064000",2059000.5,"Fst",0.00807047588789056,0,0.0603925430016715,0.204537273381766
"2055001","2065000",2060000.5,"Fst",0.00719404811613844,0,0.0614089332938314,0.207521255722695
"2056001","2066000",2061000.5,"Fst",0.000618965682057104,0,0.0556073192464182,0.187295888232093
"2057001","2067000",2062000.5,"Fst",0,0,0.0441799042877343,0.136826867400116
"2058001","2068000",2063000.5,"Fst",0.00102543697127211,0,0.0432725535672471,0.136615484604761
"2059001","2069000",2064000.5,"Fst",0.00261943399049369,0,0.037647790884624,0.121131453004439
"2060001","2070000",2065000.5,"Fst",0.00462051207552483,0,0.0363889664360237,0.106894810861491
"2061001","2071000",2066000.5,"Fst",0.0146901253284232,0,0.0317529413908828,0.0849564838504251
"2062001","2072000",2067000.5,"Fst",0.00964784228229998,0,0.0317275443120159,0.0801288655578994
"2063001","2073000",2068000.5,"Fst",0.0166660680291656,0,0.0283521896370757,0.0542029332343402
"2064001","2074000",2069000.5,"Fst",0.0161643422865014,0,0.0274249798623872,0.0566494070599169
"2065001","2075000",2070000.5,"Fst",0.0226571861364201,0,0.0258627639140532,0.0510086577761376
"2066001","2076000",2071000.5,"Fst",0.031074059817029,0,0.0255033856020782,0.0490328740142681
"2067001","2077000",2072000.5,"Fst",0.0381554025299932,0,0.0260465274100375,0.05531605995401
"2068001","2078000",2073000.5,"Fst",0.0356599324143633,0,0.0260493972973366,0.0553624906881207
"2069001","2079000",2074000.5,"Fst",0.0365328031809145,0,0.0269899538600884,0.0648894275198031
"2070001","2080000",2075000.5,"Fst",0.0330709195332154,0,0.0298256961928058,0.0721852192170175
"2071001","2081000",2076000.5,"Fst",0.0254508272913181,0,0.0365303430077479,0.093366459627329
"2072001","2082000",2077000.5,"Fst",0.0233945423020672,0,0.0365378642439212,0.0945103201356975
"2073001","2083000",2078000.5,"Fst",0.0185129135361906,0,0.036853897107007,0.0847177600062906
"2074001","2084000",2079000.5,"Fst",0.0221334477970966,0,0.0299203798252914,0.0742908196053518
"2075001","2085000",2080000.5,"Fst",0.0193934069300119,0,0.0312366893903967,0.0700681013370801
"2076001","2086000",2081000.5,"Fst",0.00748460484233282,0,0.0300750302765917,0.0620420618519379
"2077001","2087000",2082000.5,"Fst",0.00707679696116847,0,0.0299707301924892,0.0629042366679521
"2078001","2088000",2083000.5,"Fst",0.0104034203136034,0,0.0295189760706444,0.0615806632590971
"2079001","2089000",2084000.5,"Fst",0.00743162562576749,0,0.0277331804183137,0.0667322364250169
"2080001","2090000",2085000.5,"Fst",0.00837721801359959,0,0.029063126591582,0.0645734796151014
"2081001","2091000",2086000.5,"Fst",0.0134976075408946,0,0.0277078194917684,0.0662013831354048
"2082001","2092000",2087000.5,"Fst",0.0149665956288231,0,0.0301853052311245,0.0714022986762325
"2083001","2093000",2088000.5,"Fst",0.0211904708578765,0,0.0230781482480245,0.0489032056712292
"2084001","2094000",2089000.5,"Fst",0.0238619648441712,0,0.0247760930316619,0.0581550637140287
"2085001","2095000",2090000.5,"Fst",0.0142689586217504,0,0.0254009456972673,0.0577573125719042
"2086001","2096000",2091000.5,"Fst",0.0225038621509209,0,0.0213676563801217,0.0472382102078797
"2087001","2097000",2092000.5,"Fst",0.0188365437957608,0,0.018991158265858,0.0441966205123181
"2088001","2098000",2093000.5,"Fst",0.0152743941530966,0,0.0212289203842825,0.0412146012775204
"2089001","2099000",2094000.5,"Fst",0.0143939393939394,0,0.0204293769229694,0.040152265951227
"2090001","2100000",2095000.5,"Fst",0.0193857769615345,0,0.0186747908937944,0.0425764431877045
"2091001","2101000",2096000.5,"Fst",0.0307579679451983,0,0.0293285828357063,0.094346755542681
"2092001","2102000",2097000.5,"Fst",0.0226102558768463,0,0.0264447040969254,0.088223611494888
"2093001","2103000",2098000.5,"Fst",0.021678459119497,0,0.0273042290304259,0.0920465984625836
"2094001","2104000",2099000.5,"Fst",0.0200389949781676,0,0.0255974154107932,0.0823734296933092
"2095001","2105000",2100000.5,"Fst",0.0189532544472429,0,0.0250828918000436,0.0791670580175362
"2096001","2106000",2101000.5,"Fst",0.0184618387516938,0,0.0228500706547772,0.0752693569521852
"2097001","2107000",2102000.5,"Fst",0.0206533010715521,0,0.026683160010701,0.0775308257285936
"2098001","2108000",2103000.5,"Fst",0.0189231435911722,0,0.0264825861988349,0.0797812779790885
"2099001","2109000",2104000.5,"Fst",0.0210604769231337,0,0.0254987979944623,0.0752802206109267
"2100001","2110000",2105000.5,"Fst",0.0208790417618728,0,0.0258254642225006,0.0768751953396876
"2101001","2111000",2106000.5,"Fst",0.00408736500556928,0,0.0233649189287108,0.0566725540129795
"2102001","2112000",2107000.5,"Fst",0.00818224984891636,0,0.0251898241155864,0.0556656219978897
"2103001","2113000",2108000.5,"Fst",0.0154688426264951,0,0.0242419352211976,0.057340483317346
"2104001","2114000",2109000.5,"Fst",0.0174508409545703,0,0.0236803691368213,0.0590670346301078
"2105001","2115000",2110000.5,"Fst",0.0188597022152281,0,0.024485817502998,0.0625209693225042
"2106001","2116000",2111000.5,"Fst",0.0192811782191594,0,0.0261010072454587,0.0668610939318175
"2107001","2117000",2112000.5,"Fst",0.0202557673389989,0,0.023464790683078,0.0593581949964926
"2108001","2118000",2113000.5,"Fst",0.0204536433638601,0,0.0223889187942485,0.0549398731528679
"2109001","2119000",2114000.5,"Fst",0.0176484974714604,0,0.0243258123240185,0.0590964130144203
"2110001","2120000",2115000.5,"Fst",0.0162104784289939,0,0.0202824105976375,0.060046709248994
"2111001","2121000",2116000.5,"Fst",0.020578349113489,0,0.0173094482218038,0.0387327219564062
"2112001","2122000",2117000.5,"Fst",0.0212129256461615,0,0.0165721453881571,0.038009959627378
"2113001","2123000",2118000.5,"Fst",0.0195680514514166,0,0.0182516318700482,0.0303076890528142
"2114001","2124000",2119000.5,"Fst",0.0189564708266714,0,0.0190016869735448,0.0300558760897657
"2115001","2125000",2120000.5,"Fst",0.0185700734596633,0,0.0184578047188083,0.0292570022557174
"2116001","2126000",2121000.5,"Fst",0.0185068444484758,0,0.0193122997852935,0.030454678135397
"2117001","2127000",2122000.5,"Fst",0.0178442881252148,0,0.0188746279617876,0.0294738983643361
"2118001","2128000",2123000.5,"Fst",0.0200691761237068,0,0.0173742284902374,0.0310350343944967
"2119001","2129000",2124000.5,"Fst",0.0174480436549403,0,0.0174745486061361,0.0315622600999858
"2120001","2130000",2125000.5,"Fst",0.0155240933929459,0,0.0162612736946503,0.0281413024299464
"2121001","2131000",2126000.5,"Fst",0.0134990683534372,0,0.0184923373311146,0.0313901043369365
"2122001","2132000",2127000.5,"Fst",0.014006042592911,0,0.0184254283774454,0.0309130741002149
"2123001","2133000",2128000.5,"Fst",0.00997400452340058,0,0.0157864343187972,0.0292699322471651
"2124001","2134000",2129000.5,"Fst",0.00915175125543732,0,0.0155386352430353,0.0293825208607817
"2125001","2135000",2130000.5,"Fst",0.00754428053698131,0,0.0154843896220661,0.0300170906461579
"2126001","2136000",2131000.5,"Fst",0.00707042373241518,0,0.0157960121309097,0.0317344379355702
"2127001","2137000",2132000.5,"Fst",0.0680322360008325,0,0.0205169456031686,0.0593599141784372
"2128001","2138000",2133000.5,"Fst",0.077262527736494,0,0.0270255103101743,0.0755906110906809
"2129001","2139000",2134000.5,"Fst",0.0777871292725513,0,0.0290692024549985,0.0783781476739224
"2130001","2140000",2135000.5,"Fst",0.0773000587730005,0,0.0293736797174177,0.0763661511379353
"2131001","2141000",2136000.5,"Fst",0.0650023983816137,0,0.0274660453303572,0.0676615316492762
"2132001","2142000",2137000.5,"Fst",0.0661755757432582,0,0.0283499755128753,0.0700197500294776
"2133001","2143000",2138000.5,"Fst",0.0695937622766891,0,0.0281204805999418,0.065214703700651
"2134001","2144000",2139000.5,"Fst",0.0565735172739064,0,0.0241254745050455,0.0560898850475242
"2135001","2145000",2140000.5,"Fst",0.0603618285902107,0,0.0237511511408333,0.0511246200607902
"2136001","2146000",2141000.5,"Fst",0.0575663623035459,0,0.0226495703882256,0.0488702530486689
"2137001","2147000",2142000.5,"Fst",0.0417051061553554,0,0.0221128749330838,0.0510805995178704
"2138001","2148000",2143000.5,"Fst",0.0309922648257507,0,0.0223922711673618,0.0539231087179282
"2139001","2149000",2144000.5,"Fst",0.0315830856567753,0,0.0307540886524283,0.0695878693180197
"2140001","2150000",2145000.5,"Fst",0.0327967830402329,0,0.031246868081579,0.0712815746672421
"2141001","2151000",2146000.5,"Fst",0.040076133233158,0,0.0337683165608399,0.0723446151795984
"2142001","2152000",2147000.5,"Fst",0.0397475708202694,0,0.0337599963831231,0.072295617843339
"2143001","2153000",2148000.5,"Fst",0.0351099736656653,0,0.030622897803285,0.0663590312012882
"2144001","2154000",2149000.5,"Fst",0.0428030303030302,0,0.0322023094995141,0.0742152272910807
"2145001","2155000",2150000.5,"Fst",0.0454374605565493,0,0.0351342498039608,0.0803656224539012
"2146001","2156000",2151000.5,"Fst",0.0564398454148155,0,0.0399771386593983,0.0831371985031985
"2147001","2157000",2152000.5,"Fst",0.051533603566603,0,0.0373738729288904,0.0782865879183881
"2148001","2158000",2153000.5,"Fst",0.0508175771290358,0,0.0384739372167419,0.0829654695265448
"2149001","2159000",2154000.5,"Fst",0.0599690731613027,0,0.0269986804149522,0.0464629212707778
"2150001","2160000",2155000.5,"Fst",0.0606445328487468,0,0.0289735036930966,0.0439385828304458
"2151001","2161000",2156000.5,"Fst",0.0596804274408992,0,0.0312886636952892,0.0495238353147202
"2152001","2162000",2157000.5,"Fst",0.057660302214898,0,0.0288676190722226,0.0454575026720573
"2153001","2163000",2158000.5,"Fst",0.0534222900315917,0,0.0287138782911301,0.0494242212481205
"2154001","2164000",2159000.5,"Fst",0.0536698894728873,0,0.0283814135852195,0.0496413041639173
"2155001","2165000",2160000.5,"Fst",0.0399089416330795,0,0.0237004877482288,0.0385378683096527
"2156001","2166000",2161000.5,"Fst",0.0129299984126624,0,0.0153563361114666,0.0460029563932003
"2157001","2167000",2162000.5,"Fst",0.0135478744537147,0,0.0171235537523256,0.0484954009039905
"2158001","2168000",2163000.5,"Fst",0.00979885732175012,0,0.018593413629629,0.0397711497202474
"2159001","2169000",2164000.5,"Fst",0.0102088226611733,0,0.020704158238251,0.0582362645289576
"2160001","2170000",2165000.5,"Fst",0.00316063063666894,0,0.0204649365646543,0.0423538384816218
"2161001","2171000",2166000.5,"Fst",0.00368337924701545,0,0.0206535340158741,0.0420221400939484
"2162001","2172000",2167000.5,"Fst",0.00132098828237603,0,0.0226701223305352,0.0495674538227732
"2163001","2173000",2168000.5,"Fst",0.00661740418825441,0,0.0240544449374195,0.0591778486173918
"2164001","2174000",2169000.5,"Fst",0.00326448682055891,0,0.0234766939801131,0.053761783510176
"2165001","2175000",2170000.5,"Fst",0.00873383279287343,0,0.0199721793634575,0.0451804146980047
"2166001","2176000",2171000.5,"Fst",0.024965835152059,0,0.0205596165725661,0.0512166405023549
"2167001","2177000",2172000.5,"Fst",0.0316119860941041,0,0.0329174233789661,0.0625316359804829
"2168001","2178000",2173000.5,"Fst",0.0273052028971278,0,0.0364849431932547,0.100521137982414
"2169001","2179000",2174000.5,"Fst",0.0264324698365791,0,0.0425840424683582,0.110010715854194
"2170001","2180000",2175000.5,"Fst",0.0264509070554412,0,0.0422318093880787,0.107255775968266
"2171001","2181000",2176000.5,"Fst",0.0264407562262023,0,0.0420192158676118,0.107202027059461
"2172001","2182000",2177000.5,"Fst",0.0255584453545651,0,0.0410993160218114,0.106314262961566
"2173001","2183000",2178000.5,"Fst",0.0252438145970484,0,0.0411458485687153,0.107327670005494
"2174001","2184000",2179000.5,"Fst",0.0263833651708264,0,0.0430524618209921,0.110817891879069
"2175001","2185000",2180000.5,"Fst",0.0226689310181495,0,0.0432375057442137,0.106550563102287
"2176001","2186000",2181000.5,"Fst",0.0175614411834886,0,0.0403676767129024,0.099837856914012
"2177001","2187000",2182000.5,"Fst",0.0140492408386924,0,0.0379746986795487,0.0955169728409249
"2178001","2188000",2183000.5,"Fst",0.0139821170749005,0,0.0362165662354824,0.0846475035870318
"2179001","2189000",2184000.5,"Fst",0,0,0.0283212037187563,0.0751800745068898
"2180001","2190000",2185000.5,"Fst",0,0,0.0309476050154637,0.0811652608559825
"2181001","2191000",2186000.5,"Fst",0,0,0.0295251459065048,0.0760602581498102
"2182001","2192000",2187000.5,"Fst",0,0,0.0317039396926068,0.0815964783252858
"2183001","2193000",2188000.5,"Fst",0,0,0.0320117081281409,0.0820203442629071
"2184001","2194000",2189000.5,"Fst",0,0,0.0311314870945731,0.0809377736527761
"2185001","2195000",2190000.5,"Fst",0,0,0.0344264960425057,0.0888177539687491
"2186001","2196000",2191000.5,"Fst",0,0,0.0348054574876111,0.0897621976486618
"2187001","2197000",2192000.5,"Fst",0,0,0.0323907898168518,0.0840428526837501
"2188001","2198000",2193000.5,"Fst",0,0,0.0361190704542095,0.0984082268091461
"2189001","2199000",2194000.5,"Fst",0,0,0.0374626698765506,0.0811673872554428
"2190001","2200000",2195000.5,"Fst",0,0,0.0447729367288212,0.121109771468533
"2191001","2201000",2196000.5,"Fst",0,0,0.0473697832391761,0.129374357137079
"2192001","2202000",2197000.5,"Fst",0,0,0.046808881273655,0.127915247846059
"2193001","2203000",2198000.5,"Fst",0,0,0.0466699030635595,0.13543275698839
"2194001","2204000",2199000.5,"Fst",0,0,0.0476184022228338,0.13876555132557
"2195001","2205000",2200000.5,"Fst",0,0,0.0404140613087381,0.126608283928697
"2196001","2206000",2201000.5,"Fst",0,0,0.0396519609616057,0.125097502175993
"2197001","2207000",2202000.5,"Fst",0,0,0.0415917705038615,0.124470576511037
"2198001","2208000",2203000.5,"Fst",0,0,0.04152752446091,0.124031959446749
"2199001","2209000",2204000.5,"Fst",0,0,0.0400251762336355,0.12004354208749
"2200001","2210000",2205000.5,"Fst",0.00548105489281947,0,0.0303877117792522,0.0735797028536493
"2201001","2211000",2206000.5,"Fst",0.00577017767874277,0,0.0274317943044755,0.0683385522364761
"2202001","2212000",2207000.5,"Fst",0.00584911087423634,0,0.0278705281783293,0.0692515081249678
"2203001","2213000",2208000.5,"Fst",0.0175493296512406,0,0.0125721183968444,0.0217529821441801
"2204001","2214000",2209000.5,"Fst",0.0208922423265695,0,0.0141408237483077,0.0235115445765407
"2205001","2215000",2210000.5,"Fst",0.0173895646606913,0,0.0136383207974757,0.0197641049943396
"2206001","2216000",2211000.5,"Fst",0.0148283291631914,0,0.0265042623025264,0.0650975668916601
"2207001","2217000",2212000.5,"Fst",0.0221499680974732,0,0.0259618581238139,0.0626240110776193
"2208001","2218000",2213000.5,"Fst",0.0222403243908621,0,0.0263236627657986,0.0638716005659575
"2209001","2219000",2214000.5,"Fst",0.0239370307756631,0,0.0268754430592378,0.0635639434948391
"2210001","2220000",2215000.5,"Fst",0.0263102420081825,0,0.0393576082020813,0.113982174688057
"2211001","2221000",2216000.5,"Fst",0.0268913923092597,0,0.0416031265369875,0.119417488868136
"2212001","2222000",2217000.5,"Fst",0.0206382504951541,0,0.0420452205455538,0.139545096353607
"2213001","2223000",2218000.5,"Fst",0.0160050713380119,0,0.0446328295805353,0.134254720332268
"2214001","2224000",2219000.5,"Fst",0.017550042632669,0,0.0451671478314067,0.123978025285972
"2215001","2225000",2220000.5,"Fst",0.0177162062464136,0,0.0455487989503663,0.125138247447739
"2216001","2226000",2221000.5,"Fst",0.0184374377768092,0,0.0446209918606263,0.102934207298724
"2217001","2227000",2222000.5,"Fst",0.0152625877721143,0,0.0456935158987749,0.105377975223029
"2218001","2228000",2223000.5,"Fst",0.0153307429530888,0,0.0459191800655175,0.105882779894756
"2219001","2229000",2224000.5,"Fst",0.0187080973592492,0,0.0395282709951366,0.0940691080222473
"2220001","2230000",2225000.5,"Fst",0.0166331699796267,0,0.0389006690552756,0.0673445169282357
"2221001","2231000",2226000.5,"Fst",0.0170945514345123,0,0.0384449132614947,0.0665992390309685
"2222001","2232000",2227000.5,"Fst",0.0156278946671961,0,0.0309148704049615,0.0789344082352723
"2223001","2233000",2228000.5,"Fst",0.0197323704333051,0,0.0303439018580325,0.0831390482412265
"2224001","2234000",2229000.5,"Fst",0.0166662435581733,0,0.0292988795687245,0.0699300699300699
"2225001","2235000",2230000.5,"Fst",0.0184380474285565,0,0.0281277962194143,0.0651217046426626
"2226001","2236000",2231000.5,"Fst",0.0191627045216137,0,0.0293405404719193,0.0719342120085614
"2227001","2237000",2232000.5,"Fst",0.0196004719699254,0,0.0293082485745923,0.0721196704437763
"2228001","2238000",2233000.5,"Fst",0.0242008522263299,0,0.0271500320930288,0.064960124614227
"2229001","2239000",2234000.5,"Fst",0.0188998251127078,0,0.0299676040679877,0.065227124852725
"2230001","2240000",2235000.5,"Fst",0.0196208478417069,0,0.0297843218394256,0.0719234778343246
"2231001","2241000",2236000.5,"Fst",0.0294695161640269,0,0.0277914689852162,0.0708104587326694
"2232001","2242000",2237000.5,"Fst",0.0361143814766498,0,0.0299179754128757,0.0838378661033709
"2233001","2243000",2238000.5,"Fst",0.0350888694638694,0,0.0290390919789053,0.0828541131367511
"2234001","2244000",2239000.5,"Fst",0.0333288365934696,0,0.0284225550024057,0.0804379226095173
"2235001","2245000",2240000.5,"Fst",0.0338856979379855,0,0.0289474147514327,0.0837023469048919
"2236001","2246000",2241000.5,"Fst",0.0345442206630435,0,0.0295103171385788,0.0852850493044983
"2237001","2247000",2242000.5,"Fst",0.034617284772991,0,0.0288937756939915,0.0849633059820728
"2238001","2248000",2243000.5,"Fst",0.0301748512746273,0,0.0275547875900738,0.116100923397061
"2239001","2249000",2244000.5,"Fst",0.0304723588138878,0,0.0245543153873772,0.103958280236046
"2240001","2250000",2245000.5,"Fst",0.0375008578179074,0,0.0191737895431181,0.0311522744757167
"2241001","2251000",2246000.5,"Fst",0.0140145807649574,0,0.0170467592742649,0.0371277862855197
"2242001","2252000",2247000.5,"Fst",0.0154528102471881,0,0.0175607906760348,0.03901316833254
"2243001","2253000",2248000.5,"Fst",0.0161822515244374,0,0.0177101727098042,0.0371277862855197
"2244001","2254000",2249000.5,"Fst",0.0470537523169101,0,0.0201560223646482,0.0423423423423424
"2245001","2255000",2250000.5,"Fst",0.0477182896155227,0,0.0225054639206595,0.0437039719908244
"2246001","2256000",2251000.5,"Fst",0.0439008264462809,0,0.0207546011772627,0.0401820401820402
"2247001","2257000",2252000.5,"Fst",0.0492572786690433,0,0.0206756762267706,0.0334049378472818
"2248001","2258000",2253000.5,"Fst",0.0459534368070953,0,0.0191220797355409,0.0311386997730609
"2249001","2259000",2254000.5,"Fst",0.0552188552188553,0,0.0210579920547302,0.0451796041810368
"2250001","2260000",2255000.5,"Fst",0.0439794616092363,0,0.0197893435094581,0.0343985458604539
"2251001","2261000",2256000.5,"Fst",0.0428055579628506,0,0.0192309525536075,0.0335981919092654
"2252001","2262000",2257000.5,"Fst",0.0438586160559253,0,0.0197583853570599,0.0362179125997029
"2253001","2263000",2258000.5,"Fst",0.0371764427904777,0,0.0163183409930609,0.0307556761067482
"2254001","2264000",2259000.5,"Fst",0.0132615911767856,0,0.013304578008486,0.0261949251225391
"2255001","2265000",2260000.5,"Fst",0.0135979358805447,0,0.0136120206219146,0.0268672055106519
"2256001","2266000",2261000.5,"Fst",0.012825678768691,0,0.0140707405402889,0.0258980994518183
"2257001","2267000",2262000.5,"Fst",0.00240164551828026,0,0.0119237952447621,0.0215060206585629
"2258001","2268000",2263000.5,"Fst",0.00358906134515891,0,0.0119770099351814,0.0228725812340269
"2259001","2269000",2264000.5,"Fst",0.0067120388324905,0,0.0113970424442845,0.0186458845634875
"2260001","2270000",2265000.5,"Fst",0.00797844602815923,0,0.00874076221331843,0.0135702051008405
"2261001","2271000",2266000.5,"Fst",0.031891487095107,0,0.0136231918244602,0.0239658861286105
"2262001","2272000",2267000.5,"Fst",0.0323066471471902,0,0.0140218191121631,0.0260217358028471
"2263001","2273000",2268000.5,"Fst",0.0293414918414918,0,0.0166248108822766,0.0295719136112089
"2264001","2274000",2269000.5,"Fst",0.022318961391809,0,0.0207801848381877,0.0514595845417245
"2265001","2275000",2270000.5,"Fst",0.0232337222641932,0,0.0199490930668916,0.0461026129972778
"2266001","2276000",2271000.5,"Fst",0.0223451795441325,0,0.0183947599403093,0.0431199785927332
"2267001","2277000",2272000.5,"Fst",0.0219138686228124,0,0.018759874519819,0.042550586457743
"2268001","2278000",2273000.5,"Fst",0.015793265500654,0,0.0209267782111516,0.0513315131051046
"2269001","2279000",2274000.5,"Fst",0.0147459021580914,0,0.0210868104592226,0.0509171463574271
"2270001","2280000",2275000.5,"Fst",0.0149451626878263,0,0.0209087199464918,0.0500490187933069
"2271001","2281000",2276000.5,"Fst",0.000531856949704257,0,0.0224776981327391,0.0514253009378922
"2272001","2282000",2277000.5,"Fst",0.00855674752132529,0,0.0224909078616524,0.0502113593354468
"2273001","2283000",2278000.5,"Fst",0.0117892407218249,0,0.0245086716990406,0.0570291522823169
"2274001","2284000",2279000.5,"Fst",0.0178024575968332,0,0.0204397668867454,0.0660743561267121
"2275001","2285000",2280000.5,"Fst",0.00888299048883001,0,0.0262147628715339,0.0678623177838937
"2276001","2286000",2281000.5,"Fst",0.000108398312795965,0,0.0361620194528568,0.077354006554445
"2277001","2287000",2282000.5,"Fst",0,0,0.0427465758281305,0.111792111200949
"2278001","2288000",2283000.5,"Fst",0,0,0.0432237827759085,0.117133378519892
"2279001","2289000",2284000.5,"Fst",0,0,0.0384999392923643,0.112694852430309
"2280001","2290000",2285000.5,"Fst",0,0,0.037489484137046,0.108317701516021
"2281001","2291000",2286000.5,"Fst",0,0,0.0380630747767943,0.11011511947954
"2282001","2292000",2287000.5,"Fst",0,0,0.0385837610191999,0.111600484717742
"2283001","2293000",2288000.5,"Fst",0,0,0.0385837610191999,0.111600484717742
"2284001","2294000",2289000.5,"Fst",0,0,0.0385821722712752,0.112404588126089
"2285001","2295000",2290000.5,"Fst",0,0,0.0299508562014342,0.0904997331434623
"2286001","2296000",2291000.5,"Fst",0,0,0.0287489519112894,0.0952100731253516
"2287001","2297000",2292000.5,"Fst",0,0,0.0254651887714075,0.049749229502862
"2288001","2298000",2293000.5,"Fst",0.00602831455327246,0,0.0251512365009412,0.0475893731479949
"2289001","2299000",2294000.5,"Fst",0.015848551267069,0,0.0238874054242263,0.0561779707382504
"2290001","2300000",2295000.5,"Fst",0.0156076459467247,0,0.0269706655168474,0.0724147567040967
"2291001","2301000",2296000.5,"Fst",0.0174018449812945,0,0.0264377288904592,0.0731021607640672
"2292001","2302000",2297000.5,"Fst",0.0165105303241341,0,0.0255645278148484,0.0711315755788539
"2293001","2303000",2298000.5,"Fst",0.0165171806855787,0,0.0255236125554383,0.0709255944648133
"2294001","2304000",2299000.5,"Fst",0.0177291076435271,0,0.0245309335056847,0.0675002850518795
"2295001","2305000",2300000.5,"Fst",0.0204511563798212,0,0.0274166917650444,0.0612668380295437
"2296001","2306000",2301000.5,"Fst",0.0221543409936701,0,0.0255003964845059,0.0603644096467063
"2297001","2307000",2302000.5,"Fst",0.0263542889351384,0,0.02619727202846,0.072569504753303
"2298001","2308000",2303000.5,"Fst",0.0234565387067469,0,0.0282838573854022,0.0796187081074851
"2299001","2309000",2304000.5,"Fst",0.0165657153733333,0,0.0311387425861339,0.0815601355290149
"2300001","2310000",2305000.5,"Fst",0.0141442954330659,0,0.0350194538072422,0.0771553618630795
"2301001","2311000",2306000.5,"Fst",0.0115647455432236,0,0.0366108140914446,0.0846350501727943
"2302001","2312000",2307000.5,"Fst",0.0141186778573549,0,0.0391958574855339,0.0953594114245626
"2303001","2313000",2308000.5,"Fst",0.0123227762956882,0,0.0445214451561452,0.114634433020547
"2304001","2314000",2309000.5,"Fst",0.00910063038877706,0,0.0468678304360479,0.120566216386381
"2305001","2315000",2310000.5,"Fst",0.0110290046017835,0,0.0486231541238947,0.122410453667833
"2306001","2316000",2311000.5,"Fst",0.0113324528578765,0,0.0422919886881711,0.108091181963895
"2307001","2317000",2312000.5,"Fst",0.0085946011378768,0,0.0415600374805847,0.108717442194818
"2308001","2318000",2313000.5,"Fst",0.00945360945360951,0,0.0400141505719584,0.105097625280033
"2309001","2319000",2314000.5,"Fst",0.00857849476270511,0,0.0337999428387404,0.081925340980323
"2310001","2320000",2315000.5,"Fst",0.0115824915824917,0,0.0315001764263526,0.0781935698632416
"2311001","2321000",2316000.5,"Fst",0.00946084062191921,0,0.0277860140690484,0.0707509284174187
"2312001","2322000",2317000.5,"Fst",0.00889837694402607,0,0.0260275295877172,0.0597023319314421
"2313001","2323000",2318000.5,"Fst",0.0140408810223558,0,0.0264550602038752,0.0673434892532032
"2314001","2324000",2319000.5,"Fst",0.0144651676777701,0,0.0276084018467869,0.0690278465233094
"2315001","2325000",2320000.5,"Fst",0.0143254688445252,0,0.0271665589338566,0.067648616538555
"2316001","2326000",2321000.5,"Fst",0.0160803309114212,0,0.027866269352557,0.0707590919198657
"2317001","2327000",2322000.5,"Fst",0.0162057623996843,0,0.029790514194157,0.0726679712981083
"2318001","2328000",2323000.5,"Fst",0.0197779610480239,0,0.0284928628061634,0.0690655543287123
"2319001","2329000",2324000.5,"Fst",0.0256675642742167,0,0.0268238723281203,0.064908256880734
"2320001","2330000",2325000.5,"Fst",0.0264429468665476,0,0.0301390109365806,0.0725303995367691
"2321001","2331000",2326000.5,"Fst",0.0293278808849744,0,0.0289773200973457,0.0681774136715997
"2322001","2332000",2327000.5,"Fst",0.0285749187657278,0,0.0295331110719304,0.0740681066963556
"2323001","2333000",2328000.5,"Fst",0.0277191807578547,0,0.0248919390154893,0.0557000554593018
"2324001","2334000",2329000.5,"Fst",0.0277191807578547,0,0.0248919390154893,0.0557000554593018
"2325001","2335000",2330000.5,"Fst",0.0303545441666988,0,0.0251145326416746,0.0510773850797939
"2326001","2336000",2331000.5,"Fst",0.0279475982532751,0,0.0159858897384342,0.0270615831901679
"2327001","2337000",2332000.5,"Fst",0.0325954843085953,0,0.0155119458927459,0.0301439079882192
"2328001","2338000",2333000.5,"Fst",0.00947164213168994,0,0.0395667782206717,0.0836702578380341
"2329001","2339000",2334000.5,"Fst",0.0123988514748108,0,0.0458773984088232,0.094965510141048
"2330001","2340000",2335000.5,"Fst",0.0121654501216546,0,0.0450397661485937,0.0929994958830449
"2331001","2341000",2336000.5,"Fst",0.0119406737053795,0,0.0440877570494188,0.0911132330183398
"2332001","2342000",2337000.5,"Fst",0.0153780996548292,0,0.0420313864440794,0.0862481913616353
"2333001","2343000",2338000.5,"Fst",0.0152146078049323,0,0.0376650672192584,0.0750757575757576
"2334001","2344000",2339000.5,"Fst",0.0162438134930972,0,0.0348059817170331,0.0702546680630413
"2335001","2345000",2340000.5,"Fst",0.0145587834358245,0,0.03886130487577,0.0824207380583866
"2336001","2346000",2341000.5,"Fst",0.018927314143715,0,0.0330729739043588,0.0707379778311629
"2337001","2347000",2342000.5,"Fst",0.0104569006123409,0,0.0306585068655826,0.0651833015469377
"2338001","2348000",2343000.5,"Fst",0.0078357686190158,0,0.022253132163869,0.0644673437615836
"2339001","2349000",2344000.5,"Fst",0.00810435480634164,0,0.0215420673641712,0.0632854686197911
"2340001","2350000",2345000.5,"Fst",0.00458396425772956,0,0.0249646595194288,0.0709580191018809
"2341001","2351000",2346000.5,"Fst",0.00620205468187518,0,0.0240714458343088,0.0688264629544941
"2342001","2352000",2347000.5,"Fst",0.00363582556492681,0,0.0244208830737835,0.0603952517532763
"2343001","2353000",2348000.5,"Fst",0.00315246729142615,0,0.0252916234307675,0.0629023200455961
"2344001","2354000",2349000.5,"Fst",0.000764269301076759,0,0.0240384911341427,0.057888383395526
"2345001","2355000",2350000.5,"Fst",0.000147869376252108,0,0.0230785253831559,0.0553174967954848
"2346001","2356000",2351000.5,"Fst",0,0,0.0246518744631846,0.0590757880241152
"2347001","2357000",2352000.5,"Fst",0,0,0.0214144593377243,0.0438341147161301
"2348001","2358000",2353000.5,"Fst",0,0,0.020361907346762,0.0516157905532661
"2349001","2359000",2354000.5,"Fst",0,0,0.0222590606214565,0.0502809933977189
"2350001","2360000",2355000.5,"Fst",0,0,0.0226232912475699,0.0510276374859708
"2351001","2361000",2356000.5,"Fst",0,0,0.0222484473134584,0.0439793354985861
"2352001","2362000",2357000.5,"Fst",0,0,0.0229610518318542,0.0486045877568
"2353001","2363000",2358000.5,"Fst",0,0,0.0228132686947074,0.0484510752551989
"2354001","2364000",2359000.5,"Fst",0.00108823358343513,0,0.0225682796834695,0.0486417573796215
"2355001","2365000",2360000.5,"Fst",0.00160480630798965,0,0.0226493733664019,0.0481680415418682
"2356001","2366000",2361000.5,"Fst",0.000910722750196324,0,0.0213260613162492,0.044432232226204
"2357001","2367000",2362000.5,"Fst",0.00234059798542241,0,0.0207413768191789,0.048099918099918
"2358001","2368000",2363000.5,"Fst",0.00205646384452041,0,0.0202683018494095,0.0536087053075727
"2359001","2369000",2364000.5,"Fst",0.00846742450483362,0,0.020967535349983,0.0361600740226694
"2360001","2370000",2365000.5,"Fst",0.00826465565702517,0,0.0216497984209495,0.0371261264057441
"2361001","2371000",2366000.5,"Fst",0.00658512008434931,0,0.0168547535530008,0.0402336619204089
"2362001","2372000",2367000.5,"Fst",0.00808616315574573,0,0.0167252242160127,0.0352473803150785
"2363001","2373000",2368000.5,"Fst",0.00837092627625446,0,0.0173011832287309,0.0365106991554007
"2364001","2374000",2369000.5,"Fst",0.00788432336198308,0,0.0170686188877626,0.0380786280066855
"2365001","2375000",2370000.5,"Fst",0.00792369305243723,0,0.0187785553954117,0.0402196774947416
"2366001","2376000",2371000.5,"Fst",0.0395890353278032,0,0.0277079911819404,0.0552937828994167
"2367001","2377000",2372000.5,"Fst",0.0382143077460878,0,0.0274316333898574,0.0544109900468547
"2368001","2378000",2373000.5,"Fst",0.0400445168071557,0,0.0268603914511444,0.0502998796583664
"2369001","2379000",2374000.5,"Fst",0.0409594902267618,0,0.0274322753710176,0.05169166031235
"2370001","2380000",2375000.5,"Fst",0.0458502297918356,0,0.0252619165786139,0.0496708218992654
"2371001","2381000",2376000.5,"Fst",0.0451508954576439,0,0.0253925915120615,0.0505840634125991
"2372001","2382000",2377000.5,"Fst",0.0464010925858317,0,0.0271183494567608,0.0541332535730453
"2373001","2383000",2378000.5,"Fst",0.0416830172225857,0,0.0248258768255829,0.0487775787878844
"2374001","2384000",2379000.5,"Fst",0.0503422236780856,0,0.025327450328108,0.0445405435454197
"2375001","2385000",2380000.5,"Fst",0.0493986622293979,0,0.0237007214764833,0.0425003399564746
"2376001","2386000",2381000.5,"Fst",0.0459290796317766,0,0.0223156151593778,0.0531461804189077
"2377001","2387000",2382000.5,"Fst",0.040425646842759,0,0.0202798829954532,0.0474544170518746
"2378001","2388000",2383000.5,"Fst",0.0400668279755731,0,0.0209609989166198,0.0497448165869218
"2379001","2389000",2384000.5,"Fst",0.0405196429586674,0,0.0212530688388754,0.0485819989268266
"2380001","2390000",2385000.5,"Fst",0.0372722439708086,0,0.023542471007816,0.054041712772961
"2381001","2391000",2386000.5,"Fst",0.0377879743810343,0,0.0226992375020531,0.0524791790199524
"2382001","2392000",2387000.5,"Fst",0.0445479049252633,0,0.0217536860432999,0.0528637582256886
"2383001","2393000",2388000.5,"Fst",0.0449308209154048,0,0.0248310022176152,0.0449804447059079
"2384001","2394000",2389000.5,"Fst",0.0398178351376479,0,0.0249855251097101,0.0465842502617608
"2385001","2395000",2390000.5,"Fst",0.0401707419298395,0,0.0260919149335023,0.0481961534011891
"2386001","2396000",2391000.5,"Fst",0.0342848131209589,0,0.0255600474266412,0.0563886628888984
"2387001","2397000",2392000.5,"Fst",0.0313631974719841,0,0.0278024469203862,0.0556635151515151
"2388001","2398000",2393000.5,"Fst",0.0320004801272339,0,0.0285877876822952,0.0576975263542429
"2389001","2399000",2394000.5,"Fst",0.0314631160085708,0,0.0291571003079931,0.0590393595730486
"2390001","2400000",2395000.5,"Fst",0.0285707644099787,0,0.0258546440554989,0.053609571322986
"2391001","2401000",2396000.5,"Fst",0.029325135412092,0,0.0271566518643198,0.0562045950642023
"2392001","2402000",2397000.5,"Fst",0.0223140495867767,0,0.0304143029709787,0.0599185264490724
"2393001","2403000",2398000.5,"Fst",0,0,0.0329081804111715,0.0825382803297997
"2394001","2404000",2399000.5,"Fst",0.000298307107166829,0,0.0293150640746915,0.07545105958434
"2395001","2405000",2400000.5,"Fst",0.00350269940787196,0,0.0278725807013593,0.0693237173404189
"2396001","2406000",2401000.5,"Fst",0.00351152868257654,0,0.0277864390047331,0.0694929765037891
"2397001","2407000",2402000.5,"Fst",0.0137545669460563,0,0.0143656148962951,0.0239966410179175
"2398001","2408000",2403000.5,"Fst",0.0141822263034382,0,0.0137010556249117,0.0237151740535269
"2399001","2409000",2404000.5,"Fst",0.0128028000368426,0,0.0124034971131826,0.0216381588096231
"2400001","2410000",2405000.5,"Fst",0.0204792204792206,0,0.016271627004869,0.0345056553971151
"2401001","2411000",2406000.5,"Fst",0.0261455678278109,0,0.024158370371902,0.0796520832528865
"2402001","2412000",2407000.5,"Fst",0.0255195052002349,0,0.0236412515712508,0.0776440475406287
"2403001","2413000",2408000.5,"Fst",0.0230877232747168,0,0.0220299082763951,0.0699646651880739
"2404001","2414000",2409000.5,"Fst",0.0197924518820042,0,0.021658572558625,0.0681271579071621
"2405001","2415000",2410000.5,"Fst",0.018202861952862,0,0.0207432492203097,0.0680137454709182
"2406001","2416000",2411000.5,"Fst",0.0152496581535884,0,0.019187385139109,0.0598181060507945
"2407001","2417000",2412000.5,"Fst",0.0155123151681996,0,0.0180959630744181,0.0583244667976133
"2408001","2418000",2413000.5,"Fst",0.0295595422919902,0,0.0437366862613687,0.0795929838483029
"2409001","2419000",2414000.5,"Fst",0.0303455318747029,0,0.0448858546274088,0.0815657506861384
"2410001","2420000",2415000.5,"Fst",0.0310351483204547,0,0.0489067628775667,0.0921674075061155
"2411001","2421000",2416000.5,"Fst",0.0287365397090169,0,0.0555352280775087,0.0982138075283525
"2412001","2422000",2417000.5,"Fst",0.0274614835220897,0,0.0542848796463431,0.0967109518833658
"2413001","2423000",2418000.5,"Fst",0.0270170054980182,0,0.0570202653918072,0.101907491493039
"2414001","2424000",2419000.5,"Fst",0.0299462198779604,0,0.0566383524029818,0.100463341509948
"2415001","2425000",2420000.5,"Fst",0.0310439602979203,0,0.0587572755242657,0.104618941055695
"2416001","2426000",2421000.5,"Fst",0.0339133861370534,0,0.0602631121833656,0.106799272998205
"2417001","2427000",2422000.5,"Fst",0.0347702220345019,0,0.0639771399260035,0.112000157725597
"2418001","2428000",2423000.5,"Fst",0.0118912704278556,0,0.0151925405467168,0.0283133743285203
"2419001","2429000",2424000.5,"Fst",0.0114566025793181,0,0.014607295005821,0.0273036849022433
"2420001","2430000",2425000.5,"Fst",0.0217905551238884,0,0.015839523062738,0.0325684429217044
"2421001","2431000",2426000.5,"Fst",0.022396829138402,0,0.0163350442130752,0.0290988161672869
"2422001","2432000",2427000.5,"Fst",0.0208280151724881,0,0.0144810722471714,0.0225338925636275
"2423001","2433000",2428000.5,"Fst",0.027524954346054,0,0.0145966407162068,0.0243873405273916
"2424001","2434000",2429000.5,"Fst",0.0240861485931909,0,0.0130232314538016,0.0220771037406197
"2425001","2435000",2430000.5,"Fst",0.0173961898376613,0,0.0146692712391036,0.0284226890639814
"2426001","2436000",2431000.5,"Fst",0.0192989954804699,0,0.0161935088040554,0.0378241595398662
"2427001","2437000",2432000.5,"Fst",0.0200098728190927,0,0.0164483266974729,0.0383295033244476
"2428001","2438000",2433000.5,"Fst",0.0189863999135521,0,0.0152751160483697,0.0367173594682888
"2429001","2439000",2434000.5,"Fst",0.019138493904849,0,0.0154180284914387,0.0370548478595749
"2430001","2440000",2435000.5,"Fst",0.0230089564862783,0,0.0190898706066088,0.0424431849337262
"2431001","2441000",2436000.5,"Fst",0.0219495952525417,0,0.0181641437578966,0.0416893826683118
"2432001","2442000",2437000.5,"Fst",0.0662704921964181,0,0.0214785536760943,0.0440442978845323
"2433001","2443000",2438000.5,"Fst",0.0823795643472267,0,0.0248583684828108,0.0911346145036669
"2434001","2444000",2439000.5,"Fst",0.0808787305951767,0,0.024233404719628,0.0895701944915457
"2435001","2445000",2440000.5,"Fst",0.0940266032417194,0,0.0265420272905864,0.0980981135403244
"2436001","2446000",2441000.5,"Fst",0.0994894572199538,0,0.0276729230254728,0.10728382763453
"2437001","2447000",2442000.5,"Fst",0.113640170046358,0,0.0300805555292129,0.0932354247636966
"2438001","2448000",2443000.5,"Fst",0.119284782636224,0,0.0307476225853705,0.098831960404214
"2439001","2449000",2444000.5,"Fst",0.116898525500386,0,0.029617129505602,0.0959867208178312
"2440001","2450000",2445000.5,"Fst",0.122940547149626,0,0.0288563717502379,0.106999505239011
"2441001","2451000",2446000.5,"Fst",0.129875159534672,0,0.0310438870401267,0.112600300494007
"2442001","2452000",2447000.5,"Fst",0.100612652059535,0,0.029338985766675,0.0841113145239702
"2443001","2453000",2448000.5,"Fst",0.0825785296773274,0,0.0308532301737233,0.0736899682748058
"2444001","2454000",2449000.5,"Fst",0.0843100819515914,0,0.0313382905769137,0.0751034299720543
"2445001","2455000",2450000.5,"Fst",0.0731187507760175,0,0.0262291890297293,0.0650711079414356
"2446001","2456000",2451000.5,"Fst",0.0741710055445481,0,0.0270897505074034,0.0682125307125305
"2447001","2457000",2452000.5,"Fst",0.0219581631390022,0,0.0169113837438582,0.0266352759281057
"2448001","2458000",2453000.5,"Fst",0.0227261081219575,0,0.0174982862775974,0.0277093549715458
"2449001","2459000",2454000.5,"Fst",0.0209889186492306,0,0.0171428801826077,0.0256664607707032
"2450001","2460000",2455000.5,"Fst",0.0179672113334147,0,0.0177768741863833,0.0209651807107984
"2451001","2461000",2456000.5,"Fst",0.0179573512906845,0,0.0178210597947148,0.0211809796741782
"2452001","2462000",2457000.5,"Fst",0.0238798238798238,0,0.0186705668966272,0.0247859968991965
"2453001","2463000",2458000.5,"Fst",0.0253331916752251,0,0.0185687584506482,0.0258287415448796
"2454001","2464000",2459000.5,"Fst",0.0237424707432924,0,0.0184581529728073,0.0274010922991696
"2455001","2465000",2460000.5,"Fst",0.0236901034542156,0,0.0454992135577016,0.0869577807577883
"2456001","2466000",2461000.5,"Fst",0.0265321795159961,0,0.0428072748901717,0.0824720120152956
"2457001","2467000",2462000.5,"Fst",0.0272048090957976,0,0.0438252964181943,0.084224009669293
"2458001","2468000",2463000.5,"Fst",0.0275540771864301,0,0.0442472518309877,0.0851282221521403
"2459001","2469000",2464000.5,"Fst",0.0296599436076956,0,0.0335544014753804,0.0643642301295968
"2460001","2470000",2465000.5,"Fst",0.0289749313186812,0,0.0326152125415656,0.0631054190996466
"2461001","2471000",2466000.5,"Fst",0.0289749313186812,0,0.0326164800309492,0.0631054190996466
"2462001","2472000",2467000.5,"Fst",0.0271957574923968,0,0.0357718766092133,0.0668545331907894
"2463001","2473000",2468000.5,"Fst",0.0276059892451821,0,0.0347019629831747,0.0647595141158952
"2464001","2474000",2469000.5,"Fst",0.0286868686868685,0,0.036057875301073,0.0670844190098631
"2465001","2475000",2470000.5,"Fst",0.031733392317334,0,0.028966866310863,0.0605202850307432
"2466001","2476000",2471000.5,"Fst",0.0295157456922163,0,0.0289889512884617,0.0611830920612025
"2467001","2477000",2472000.5,"Fst",0.0296418732782368,0,0.0275433918929728,0.0564492579833644
"2468001","2478000",2473000.5,"Fst",0.0297471357874042,0,0.027660510758201,0.0560291871878851
"2469001","2479000",2474000.5,"Fst",0.0221998624876322,0,0.0167200732796297,0.0283515927774136
"2470001","2480000",2475000.5,"Fst",0.0138979370249729,0,0.0205992534737346,0.0561142459073494
"2471001","2481000",2476000.5,"Fst",0.0173471239339503,0,0.0219496500618827,0.0561503358457672
"2472001","2482000",2477000.5,"Fst",0.0171717171717172,0,0.0228753923000888,0.0577273397990529
"2473001","2483000",2478000.5,"Fst",0.0129885569921236,0,0.0215107569112712,0.0590402505296123
"2474001","2484000",2479000.5,"Fst",0.0149868657541822,0,0.0200088121153185,0.0576796536796537
"2475001","2485000",2480000.5,"Fst",0.0149868657541822,0,0.019934220910137,0.0575153241819907
"2476001","2486000",2481000.5,"Fst",0.00664884135472354,0,0.0213210479285276,0.0603927152868383
"2477001","2487000",2482000.5,"Fst",0.0309100860824999,0,0.0251543497862375,0.0613056138014648
"2478001","2488000",2483000.5,"Fst",0.0296105902594894,0,0.0249154159549844,0.0605880138660254
"2479001","2489000",2484000.5,"Fst",0.0300538300538301,0,0.0244614140950858,0.0610215485190342
"2480001","2490000",2485000.5,"Fst",0.0341479151544478,0,0.0238299345939202,0.0613700518370249
"2481001","2491000",2486000.5,"Fst",0.0294319943622269,0,0.0222745363899948,0.0610305004441812
"2482001","2492000",2487000.5,"Fst",0.028814412649168,0,0.0210803577124837,0.058404552593469
"2483001","2493000",2488000.5,"Fst",0.0289800579322638,0,0.0223233575034016,0.0584829628388052
"2484001","2494000",2489000.5,"Fst",0.0283717042777905,0,0.022233922601687,0.0560678522873924
"2485001","2495000",2490000.5,"Fst",0.0225869256220065,0,0.0197873068487122,0.0508137844040716
"2486001","2496000",2491000.5,"Fst",0.0247017674188257,0,0.0196981633152915,0.0484250960307299
"2487001","2497000",2492000.5,"Fst",0,0,0.0136415365367914,0.0242689975229906
"2488001","2498000",2493000.5,"Fst",0,0,0.0141536927384033,0.0290945881091457
"2489001","2499000",2494000.5,"Fst",0,0,0.0166492963616992,0.0342577400005381
"2490001","2500000",2495000.5,"Fst",0,0,0.0177929209122246,0.0373510898402954
"2491001","2501000",2496000.5,"Fst",0,0,0.0187986225611055,0.0413254875661174
"2492001","2502000",2497000.5,"Fst",0,0,0.0187692689985569,0.0423836713861915
"2493001","2503000",2498000.5,"Fst",0,0,0.019240030582187,0.0401314012698194
"2494001","2504000",2499000.5,"Fst",0,0,0.0204142569460537,0.0407090577507601
"2495001","2505000",2500000.5,"Fst",0,0,0.0233277430204522,0.0474343434343434
"2496001","2506000",2501000.5,"Fst",0,0,0.0223554926912981,0.0449448185732427
"2497001","2507000",2502000.5,"Fst",0,0,0.0220045321215573,0.0496442323790391
"2498001","2508000",2503000.5,"Fst",0,0,0.0163609182095906,0.0426059152677858
"2499001","2509000",2504000.5,"Fst",0,0,0.0274581321160253,0.0848428977490971
"2500001","2510000",2505000.5,"Fst",0,0,0.0278296895718556,0.0860929217337075
"2501001","2511000",2506000.5,"Fst",0,0,0.028217683588496,0.0818968557554055
"2502001","2512000",2507000.5,"Fst",0,0,0.029314786927092,0.0848203874629466
"2503001","2513000",2508000.5,"Fst",0,0,0.029314786927092,0.0848203874629466
"2504001","2514000",2509000.5,"Fst",0,0,0.0289524057652893,0.085159537783783
"2505001","2515000",2510000.5,"Fst",0,0,0.0257272976705656,0.0783742204007635
"2506001","2516000",2511000.5,"Fst",0,0,0.023173657833148,0.0681204569055036
"2507001","2517000",2512000.5,"Fst",0.000574330279715762,0,0.0230693454584026,0.0771277523435797
"2508001","2518000",2513000.5,"Fst",0.000411574032771145,0,0.0240687182475167,0.0780275999430929
"2509001","2519000",2514000.5,"Fst",0.00178320113890573,0,0.0269463683257773,0.102259795406292
"2510001","2520000",2515000.5,"Fst",0.00176004881887237,0,0.0264198102758094,0.100821325538733
"2511001","2521000",2516000.5,"Fst",0.00185486579348482,0,0.0282062962016034,0.107488493290797
"2512001","2522000",2517000.5,"Fst",0.00457443725243933,0,0.0254706861476038,0.100678562452878
"2513001","2523000",2518000.5,"Fst",0.00463477303315785,0,0.025793222734364,0.101933842239186
"2514001","2524000",2519000.5,"Fst",0.0042594822396147,0,0.0263176429998236,0.103885955149305
"2515001","2525000",2520000.5,"Fst",0,0,0.0295642262135406,0.1173837477388
"2516001","2526000",2521000.5,"Fst",0.00425146992311176,0,0.0244338705747949,0.0538190018629278
"2517001","2527000",2522000.5,"Fst",0.00344722391702257,0,0.0244214550557994,0.0544620825269727
"2518001","2528000",2523000.5,"Fst",0.00457416793588161,0,0.0261816211908221,0.0634798803544219
"2519001","2529000",2524000.5,"Fst",0.00115777893996494,0,0.0268678718125326,0.0634775488876499
"2520001","2530000",2525000.5,"Fst",0.00119426307271608,0,0.0277016920745006,0.0655138583767193
"2521001","2531000",2526000.5,"Fst",0.00372793904085023,0,0.025422968029246,0.0597669169131074
"2522001","2532000",2527000.5,"Fst",0.00639997822210725,0,0.0267657301746497,0.0528220224446166
"2523001","2533000",2528000.5,"Fst",0.0042790788398942,0,0.025106439091956,0.0476191802504425
"2524001","2534000",2529000.5,"Fst",0.00660372960372968,0,0.0231686082679815,0.0454030917998488
"2525001","2535000",2530000.5,"Fst",0.00749921720070967,0,0.0241075574386466,0.0503573134355257
"2526001","2536000",2531000.5,"Fst",0.00579983814405172,0,0.0248505208212525,0.0541406940443472
"2527001","2537000",2532000.5,"Fst",0.00595091647189072,0,0.0255714601981497,0.0556760271590376
"2528001","2538000",2533000.5,"Fst",0.00688676283932244,0,0.0254886246401679,0.0531226903178121
"2529001","2539000",2534000.5,"Fst",0.0105648358350559,0,0.0279542169661859,0.0628047182175623
"2530001","2540000",2535000.5,"Fst",0.0107014508185812,0,0.0270920330430885,0.0612796171953384
"2531001","2541000",2536000.5,"Fst",0.0100707610868039,0,0.0310477865004608,0.05978745286253
"2532001","2542000",2537000.5,"Fst",0.0071609508256214,0,0.0347067764945494,0.0753072522279105
"2533001","2543000",2538000.5,"Fst",0.035078952430754,0,0.0272485777613508,0.0561305782961442
"2534001","2544000",2539000.5,"Fst",0.051344592518824,0,0.033890822892001,0.0779182290921234
"2535001","2545000",2540000.5,"Fst",0.0576371092073781,0,0.0351063739204288,0.0847413899752145
"2536001","2546000",2541000.5,"Fst",0.0565608964519752,0,0.0344826494345081,0.0831793564793619
"2537001","2547000",2542000.5,"Fst",0.054221362809315,0,0.0332781494174183,0.0774506633361414
"2538001","2548000",2543000.5,"Fst",0.0321124267833879,0,0.0404594438538487,0.101377311895
"2539001","2549000",2544000.5,"Fst",0.0270923394427157,0,0.041625174802319,0.115443441605473
"2540001","2550000",2545000.5,"Fst",0.0268060622540854,0,0.0412655081339768,0.114820521906734
"2541001","2551000",2546000.5,"Fst",0.0250382501715595,0,0.0397250523832992,0.110367173699343
"2542001","2552000",2547000.5,"Fst",0.0237992232381864,0,0.0359532867947174,0.105199942328647
"2543001","2553000",2548000.5,"Fst",0.0150822270863842,0,0.0380756648599219,0.12265737220948
"2544001","2554000",2549000.5,"Fst",0.00184077946910488,0,0.0379629158849835,0.1379985410557
"2545001","2555000",2550000.5,"Fst",0.0010697787503039,0,0.0397641093794425,0.145103714536209
"2546001","2556000",2551000.5,"Fst",0,0,0.0350850144208068,0.115481568272199
"2547001","2557000",2552000.5,"Fst",0,0,0.0354203455199257,0.117110716657505
"2548001","2558000",2553000.5,"Fst",0.00792122764795689,0,0.0277562318986269,0.0471543189015308
"2549001","2559000",2554000.5,"Fst",0.0100791447525116,0,0.032934579433746,0.0590729425343033
"2550001","2560000",2555000.5,"Fst",0.0104770828272547,0,0.0326451754743889,0.0578878262532888
"2551001","2561000",2556000.5,"Fst",0.0121550371864311,0,0.0334236327775046,0.0588090674559849
"2552001","2562000",2557000.5,"Fst",0.0200556928101838,0,0.0338905841871858,0.0611888983008619
"2553001","2563000",2558000.5,"Fst",0.0198318875385604,0,0.033494301860799,0.0604661134744935
"2554001","2564000",2559000.5,"Fst",0.0100863697901207,0,0.0299373187216645,0.0624405163445082
"2555001","2565000",2560000.5,"Fst",0,0,0.0446724215200961,0.104223424852834
"2556001","2566000",2561000.5,"Fst",0,0,0.0477139052327682,0.110728488421001
"2557001","2567000",2562000.5,"Fst",0,0,0.0473942476114032,0.109870377872829
"2558001","2568000",2563000.5,"Fst",0,0,0.0430027027607288,0.106090684646235
"2559001","2569000",2564000.5,"Fst",0,0,0.0395737634715822,0.106127860598118
"2560001","2570000",2565000.5,"Fst",0,0,0.039486333126555,0.106028939963734
"2561001","2571000",2566000.5,"Fst",0,0,0.0399339273327112,0.106896007722547
"2562001","2572000",2567000.5,"Fst",0,0,0.0436767335053955,0.117184364078715
"2563001","2573000",2568000.5,"Fst",0,0,0.043880482456469,0.117770294514242
"2564001","2574000",2569000.5,"Fst",0,0,0.0342450029059354,0.103882716152439
"2565001","2575000",2570000.5,"Fst",0.00541649025295154,0,0.0283713316983608,0.0662783730620744
"2566001","2576000",2571000.5,"Fst",0.0078384769818951,0,0.0300854421828712,0.0649500049912266
"2567001","2577000",2572000.5,"Fst",0.00836355504078767,0,0.0337452439574923,0.0731006976072932
"2568001","2578000",2573000.5,"Fst",0.0121423933914436,0,0.0374515621605976,0.0905233110477762
"2569001","2579000",2574000.5,"Fst",0.0144825012574433,0,0.0435684060477402,0.101983201665796
"2570001","2580000",2575000.5,"Fst",0.0139286422614013,0,0.0418376713300061,0.0994560865426745
"2571001","2581000",2576000.5,"Fst",0.0137318973383141,0,0.0416578793120081,0.0995528320635972
"2572001","2582000",2577000.5,"Fst",0.00676901094455418,0,0.0434311889968914,0.103424341345995
"2573001","2583000",2578000.5,"Fst",0.0058901387096113,0,0.0412271313837235,0.0988650852119246
"2574001","2584000",2579000.5,"Fst",0.00453847442483801,0,0.0416811769486195,0.0969327230407716
"2575001","2585000",2580000.5,"Fst",2.54092973596132e-05,0,0.0358863850298189,0.0822467690841631
"2576001","2586000",2581000.5,"Fst",0,0,0.0301756130219714,0.0785100796398105
"2577001","2587000",2582000.5,"Fst",0,0,0.0266333958301921,0.0670803244729251
"2578001","2588000",2583000.5,"Fst",0,0,0.0329993078685005,0.0686119916698837
"2579001","2589000",2584000.5,"Fst",0,0,0.0338517109508899,0.0694111943284089
"2580001","2590000",2585000.5,"Fst",0,0,0.0385109005070233,0.072235817697855
"2581001","2591000",2586000.5,"Fst",0,0,0.0390205626496806,0.0727135546018348
"2582001","2592000",2587000.5,"Fst",0,0,0.0394996039423531,0.0811424301745365
"2583001","2593000",2588000.5,"Fst",0,0,0.0393436912014899,0.0813395130131256
"2584001","2594000",2589000.5,"Fst",0,0,0.0391039003193667,0.0810121252663291
"2585001","2595000",2590000.5,"Fst",0,0,0.0380631692392939,0.0750112072830098
"2586001","2596000",2591000.5,"Fst",0,0,0.0406439498515061,0.0769405471709775
"2587001","2597000",2592000.5,"Fst",0,0,0.0427281410050752,0.0789760085947026
"2588001","2598000",2593000.5,"Fst",0,0,0.0414743236251833,0.0763911766500205
"2589001","2599000",2594000.5,"Fst",0,0,0.0413479064839006,0.0764213233249932
"2590001","2600000",2595000.5,"Fst",0,0,0.0374328459793975,0.0883640711619986
"2591001","2601000",2596000.5,"Fst",0,0,0.0370355035590033,0.0878200657208804
"2592001","2602000",2597000.5,"Fst",0,0,0.035713023717743,0.0777626181676887
"2593001","2603000",2598000.5,"Fst",0.00129537129537138,0,0.0324082752420505,0.0681015665125834
"2594001","2604000",2599000.5,"Fst",0.007180564465745,0,0.0262947768708912,0.0610901228195077
"2595001","2605000",2600000.5,"Fst",0.0130326201694085,0,0.0235993767777094,0.0706182823401176
"2596001","2606000",2601000.5,"Fst",0.0128983762366145,0,0.0233466776961613,0.0698709730858611
"2597001","2607000",2602000.5,"Fst",0.0147360848844529,0,0.0237896213422059,0.0783566504986083
"2598001","2608000",2603000.5,"Fst",0.0184506494335963,0,0.0238730902802108,0.0842028598396849
"2599001","2609000",2604000.5,"Fst",0.0185536815058402,0,0.0240142718521504,0.0851969327989734
"2600001","2610000",2605000.5,"Fst",0.0156157163865338,0,0.0244917382771948,0.0826523454328512
"2601001","2611000",2606000.5,"Fst",0.0282614363355593,0,0.022779769342599,0.071883389168682
"2602001","2612000",2607000.5,"Fst",0.0380973211921674,0,0.0275360135012713,0.0579397013892892
"2603001","2613000",2608000.5,"Fst",0.0414165153295588,0,0.0244049847648134,0.0516201686530546
"2604001","2614000",2609000.5,"Fst",0.0900836505266885,0,0.0385470164278567,0.106449258620038
"2605001","2615000",2610000.5,"Fst",0.101507496960692,0,0.0392243537919951,0.118720956570026
"2606001","2616000",2611000.5,"Fst",0.100344664339408,0,0.0385631206173259,0.116974732777776
"2607001","2617000",2612000.5,"Fst",0.100344664339408,0,0.0385631206173259,0.116974732777776
"2608001","2618000",2613000.5,"Fst",0.0926511551358802,0,0.036547444261783,0.108260584672976
"2609001","2619000",2614000.5,"Fst",0.0936785158636144,0,0.0365249542495933,0.107777627840247
"2610001","2620000",2615000.5,"Fst",0.0953226066576763,0,0.0370195826655116,0.109913245388061
"2611001","2621000",2616000.5,"Fst",0.0962821163938482,0,0.0299301804600359,0.0846848321670113
"2612001","2622000",2617000.5,"Fst",0.0905244218330723,0,0.0288880382534837,0.0791156097361096
"2613001","2623000",2618000.5,"Fst",0.0864065765501904,0,0.0291192973599662,0.0766894750661373
"2614001","2624000",2619000.5,"Fst",0.0673257107966239,0,0.031427952911632,0.0739258323723392
"2615001","2625000",2620000.5,"Fst",0.0599130149787851,0,0.0300496858605667,0.0660118877249394
"2616001","2626000",2621000.5,"Fst",0.0518585357295034,0,0.0315591790117684,0.0586928479968307
"2617001","2627000",2622000.5,"Fst",0.0519011208524645,0,0.031286869513271,0.0582953381022706
"2618001","2628000",2623000.5,"Fst",0.0521825664814548,0,0.0323441748395441,0.0626120225788516
"2619001","2629000",2624000.5,"Fst",0.0477580335937277,0,0.0319302331582334,0.067244995911402
"2620001","2630000",2625000.5,"Fst",0.0483026898195439,0,0.0323131294543617,0.0680702512056433
"2621001","2631000",2626000.5,"Fst",0,0,0.0419633123490935,0.131428700076546
"2622001","2632000",2627000.5,"Fst",0,0,0.0387673205127885,0.127700596146571
"2623001","2633000",2628000.5,"Fst",0,0,0.0331543880463015,0.11215290075245
"2624001","2634000",2629000.5,"Fst",0,0,0.0346997781746124,0.0758133231809572
"2625001","2635000",2630000.5,"Fst",0,0,0.0451267126116057,0.0933969557558014
"2626001","2636000",2631000.5,"Fst",0,0,0.0391585526247254,0.0862898272759597
"2627001","2637000",2632000.5,"Fst",0,0,0.0359062941790712,0.0789154285372635
"2628001","2638000",2633000.5,"Fst",0,0,0.036306997819132,0.081202216930894
"2629001","2639000",2634000.5,"Fst",0.00424924219390632,0,0.0354246200558095,0.0709613060065337
"2630001","2640000",2635000.5,"Fst",0.00429685718195505,0,0.0349795588394122,0.0701172934470401
"2631001","2641000",2636000.5,"Fst",0.00395421061857004,0,0.0343369461512612,0.0691143359146223
"2632001","2642000",2637000.5,"Fst",0.00372638300099448,0,0.0343308118811438,0.0719186130933401
"2633001","2643000",2638000.5,"Fst",0.00302154944680477,0,0.0346310149023253,0.072126896694284
"2634001","2644000",2639000.5,"Fst",0.00928790625760312,0,0.0299074320404799,0.068345937383384
"2635001","2645000",2640000.5,"Fst",0.0144985589370327,0,0.0325032775378365,0.0758623887113908
"2636001","2646000",2641000.5,"Fst",0.0284110498496958,0,0.0301471204975552,0.0707520030944739
"2637001","2647000",2642000.5,"Fst",0.0228439362607955,0,0.0282988877338401,0.0664579811310466
"2638001","2648000",2643000.5,"Fst",0.0235005913161009,0,0.0292112398181305,0.0687260959105619
"2639001","2649000",2644000.5,"Fst",0,0,0.0259857796456585,0.0700187815084518
"2640001","2650000",2645000.5,"Fst",0,0,0.026468722070881,0.0713673920111211
"2641001","2651000",2646000.5,"Fst",0,0,0.0294040548851736,0.0783846529814273
"2642001","2652000",2647000.5,"Fst",0,0,0.0321017901055919,0.0871073508977281
"2643001","2653000",2648000.5,"Fst",0,0,0.0376069017822962,0.105039219005699
"2644001","2654000",2649000.5,"Fst",0.00721822689368312,0,0.0359705316534719,0.106786450896398
"2645001","2655000",2650000.5,"Fst",0.00906494785372181,0,0.0306050075074456,0.0930179648054322
"2646001","2656000",2651000.5,"Fst",0.0127793633712316,0,0.0291663568907438,0.0884792840416405
"2647001","2657000",2652000.5,"Fst",0.023187551187551,0,0.0129473972736711,0.0230223604814067
"2648001","2658000",2653000.5,"Fst",0.0230230951737393,0,0.0117160979109594,0.0214491168368172
"2649001","2659000",2654000.5,"Fst",0.0224822217951181,0,0.0108149301076203,0.0172000241550757
"2650001","2660000",2655000.5,"Fst",0.0227315738025415,0,0.0103185534595366,0.0167082907468845
"2651001","2661000",2656000.5,"Fst",0.020952628088689,0,0.00954820947338051,0.0155171331972386
"2652001","2662000",2657000.5,"Fst",0.019636050898145,0,0.0089552390329726,0.0132598031176936
"2653001","2663000",2658000.5,"Fst",0.0211425157708391,0,0.0100640090906916,0.0198643410852712
"2654001","2664000",2659000.5,"Fst",0.018542139588513,0,0.0112688656036888,0.0205761316872428
"2655001","2665000",2660000.5,"Fst",0.0192403134299159,0,0.0129157553045692,0.0237477220985466
"2656001","2666000",2661000.5,"Fst",0.0144954802675094,0,0.0171159298789508,0.0403341513177069
"2657001","2667000",2662000.5,"Fst",0.00949148166288871,0,0.024300688950362,0.0495361244710768
"2658001","2668000",2663000.5,"Fst",0.00898724286521069,0,0.0245069025573543,0.0507743426423076
"2659001","2669000",2664000.5,"Fst",0.0108588585640422,0,0.0264705019850684,0.0561510628674808
"2660001","2670000",2665000.5,"Fst",0.0232620525791369,0,0.02796992898898,0.0532260403073801
"2661001","2671000",2666000.5,"Fst",0.0185941880468132,0,0.027143322624473,0.0540435000419275
"2662001","2672000",2667000.5,"Fst",0.0194225036068124,0,0.0258395534843888,0.0502648318092884
"2663001","2673000",2668000.5,"Fst",0.018851785239711,0,0.026105612471048,0.054458108503007
"2664001","2674000",2669000.5,"Fst",0.0188429039634358,0,0.0244015768685937,0.0494062933386368
"2665001","2675000",2670000.5,"Fst",0.0151735887073952,0,0.02384865839484,0.0501003374477291
"2666001","2676000",2671000.5,"Fst",0.0176433746812824,0,0.0229021862926386,0.0475802716661683
"2667001","2677000",2672000.5,"Fst",0.0232645335475862,0,0.017375017034244,0.0393509156878774
"2668001","2678000",2673000.5,"Fst",0.0207197689978168,0,0.0160080755880833,0.0346097302050619
"2669001","2679000",2674000.5,"Fst",0.0182623146633429,0,0.0160777332556662,0.0352011520233562
"2670001","2680000",2675000.5,"Fst",0.0130083332465649,0,0.01552611489606,0.0456164841513071
"2671001","2681000",2676000.5,"Fst",0.0139813770752221,0,0.0183594561422683,0.0420961378971457
"2672001","2682000",2677000.5,"Fst",0.0137812944165278,0,0.0156221053437714,0.0382247203546338
"2673001","2683000",2678000.5,"Fst",0.0134358457272498,0,0.0158240700352696,0.0405191530919807
"2674001","2684000",2679000.5,"Fst",0.0125734701435636,0,0.0166770038320457,0.0417371148673766
"2675001","2685000",2680000.5,"Fst",0.0173819572880606,0,0.0159400548430342,0.0355851156000103
"2676001","2686000",2681000.5,"Fst",0.0146688120139448,0,0.0167019533652213,0.0385156546315442
"2677001","2687000",2682000.5,"Fst",0.0219903295145639,0,0.0185256334580432,0.0390303774163854
"2678001","2688000",2683000.5,"Fst",0.0260361367968369,0,0.0186651724868902,0.0443488732152073
"2679001","2689000",2684000.5,"Fst",0.0276419012459621,0,0.0190093123555077,0.0468013468013466
"2680001","2690000",2685000.5,"Fst",0.0177522851680154,0,0.0206100858854487,0.0586865876829498
"2681001","2691000",2686000.5,"Fst",0.0286311389759665,0,0.0280597464207214,0.0576570544283105
"2682001","2692000",2687000.5,"Fst",0.0286112318477159,0,0.0335498394800722,0.0723967738052246
"2683001","2693000",2688000.5,"Fst",0.0285554248585672,0,0.03367218776777,0.0712434919481776
"2684001","2694000",2689000.5,"Fst",0.0414488743124592,0,0.0272034172431939,0.0644061135744248
"2685001","2695000",2690000.5,"Fst",0.0414488743124592,0,0.0272034172431939,0.0644061135744248
"2686001","2696000",2691000.5,"Fst",0.0414488743124592,0,0.0272034172431939,0.0644061135744248
"2687001","2697000",2692000.5,"Fst",0.0405858381591446,0,0.0345717192084994,0.0757529727656309
"2688001","2698000",2693000.5,"Fst",0.0496758104738155,0,0.0322376705869645,0.0760085705540251
"2689001","2699000",2694000.5,"Fst",0.0476808062450953,0,0.0286155435929733,0.0678660752532161
"2690001","2700000",2695000.5,"Fst",0.0456483055874095,0,0.0272179970942514,0.0647651449218027
"2691001","2701000",2696000.5,"Fst",0.0387392302621109,0,0.024072527580559,0.0566882545774366
"2692001","2702000",2697000.5,"Fst",0.0396971878613347,0,0.0236754807284343,0.0570681433625595
"2693001","2703000",2698000.5,"Fst",0.0429520861824899,0,0.0261381529984384,0.0639109620665353
"2694001","2704000",2699000.5,"Fst",0.0143395810970742,0,0.0162693129980976,0.029230243506965
"2695001","2705000",2700000.5,"Fst",0.0136869343631372,0,0.0155926136140055,0.0277883362115112
"2696001","2706000",2701000.5,"Fst",0.0132147665273152,0,0.01393392982405,0.0241532783326096
"2697001","2707000",2702000.5,"Fst",0.0118650118650118,0,0.0126873306135391,0.0222787460093158
"2698001","2708000",2703000.5,"Fst",0.00256046933651533,0,0.0138692990444732,0.0222839986106493
"2699001","2709000",2704000.5,"Fst",0.000398830456633914,0,0.0151881601672265,0.0219027328807807
"2700001","2710000",2705000.5,"Fst",0.00814518376936235,0,0.0141095658390309,0.0256181202791096
"2701001","2711000",2706000.5,"Fst",0.0094596259751093,0,0.0192199686691818,0.0338818900616651
"2702001","2712000",2707000.5,"Fst",0.00598286357019973,0,0.0165942422822544,0.0280866249282123
"2703001","2713000",2708000.5,"Fst",0.0105217239574246,0,0.0148436817709884,0.0288346146969426
"2704001","2714000",2709000.5,"Fst",0.0141548821548819,0,0.0120295453630425,0.0241352923171104
"2705001","2715000",2710000.5,"Fst",0.0156135710553814,0,0.0115815846734919,0.0228649386084584
"2706001","2716000",2711000.5,"Fst",0.0156028730502784,0,0.0122279065369877,0.0233206244773073
"2707001","2717000",2712000.5,"Fst",0.0172622257542643,0,0.0144426414779416,0.0259252637225105
"2708001","2718000",2713000.5,"Fst",0.0160767985195468,0,0.0131172562069894,0.0224336387127084
"2709001","2719000",2714000.5,"Fst",0.0160767985195468,0,0.0131166314574631,0.0224771991762283
"2710001","2720000",2715000.5,"Fst",0.0135837135837136,0,0.015753264922816,0.041625059732727
"2711001","2721000",2716000.5,"Fst",0.0137109911385171,0,0.0163389587599129,0.0425416960300682
"2712001","2722000",2717000.5,"Fst",0.016593664340012,0,0.0171083101570972,0.0439251044057859
"2713001","2723000",2718000.5,"Fst",0.00575398960014351,0,0.0160687832351184,0.0464879408090709
"2714001","2724000",2719000.5,"Fst",0.00500961379514342,0,0.0156585950432805,0.044587532661441
"2715001","2725000",2720000.5,"Fst",0.00442779349423583,0,0.0160185686822697,0.0433292796929161
"2716001","2726000",2721000.5,"Fst",0.00565068758024345,0,0.0157050859379651,0.0380104909619229
"2717001","2727000",2722000.5,"Fst",0.00029466810018719,0,0.0185926549335524,0.0433660782783543
"2718001","2728000",2723000.5,"Fst",0.000484266533649191,0,0.0184390214517523,0.0398054304622297
"2719001","2729000",2724000.5,"Fst",0.00972886762360436,0,0.0189496598686041,0.0357457122873065
"2720001","2730000",2725000.5,"Fst",0.00836088677933822,0,0.0206892411535848,0.0413467508669908
"2721001","2731000",2726000.5,"Fst",0.0130830375996375,0,0.0194368074208329,0.0435594266013428
"2722001","2732000",2727000.5,"Fst",0.0171860119296252,0,0.0245027795035402,0.0455463893854656
"2723001","2733000",2728000.5,"Fst",0.0202254074219516,0,0.0239886116045403,0.0501915796836192
"2724001","2734000",2729000.5,"Fst",0.0211830782707271,0,0.0229138732378667,0.0496163261947375
"2725001","2735000",2730000.5,"Fst",0.0207151991621324,0,0.0230138184882049,0.0487454725346566
"2726001","2736000",2731000.5,"Fst",0.0221030144789937,0,0.0228958114299709,0.0492086019223457
"2727001","2737000",2732000.5,"Fst",0.0245309552558711,0,0.0237936997341896,0.0493013375817317
"2728001","2738000",2733000.5,"Fst",0.026279654785402,0,0.0261341981329878,0.0518572743875749
"2729001","2739000",2734000.5,"Fst",0.0217052803415583,0,0.0248773956832488,0.0560644600070471
"2730001","2740000",2735000.5,"Fst",0.0257675467969152,0,0.0248624227998888,0.059928131475773
"2731001","2741000",2736000.5,"Fst",0.0228531284358292,0,0.0245181172573643,0.0599293496765407
"2732001","2742000",2737000.5,"Fst",0.0196098480519113,0,0.0182359513900886,0.0341185060983853
"2733001","2743000",2738000.5,"Fst",0.0191969088297937,0,0.0161910830208432,0.0313240411649797
"2734001","2744000",2739000.5,"Fst",0.0119683404871548,0,0.0207021090758534,0.0419519359256603
"2735001","2745000",2740000.5,"Fst",0.0114968811995989,0,0.0219651258158478,0.0482714838880325
"2736001","2746000",2741000.5,"Fst",0.00730151605120655,0,0.0211551766939393,0.0479946933237091
"2737001","2747000",2742000.5,"Fst",0.0105133197802176,0,0.021276070840033,0.0497398598261222
"2738001","2748000",2743000.5,"Fst",0.0101537259914084,0,0.0210568821357283,0.0493061324963845
"2739001","2749000",2744000.5,"Fst",0.0186327877491324,0,0.0219026620135865,0.0643233784699536
"2740001","2750000",2745000.5,"Fst",0.0106280180134061,0,0.0222478619062681,0.0603799247855457
"2741001","2751000",2746000.5,"Fst",0.0106237395007589,0,0.0228088608604767,0.0625749203817942
"2742001","2752000",2747000.5,"Fst",0.0239965459960629,0,0.0222781525868333,0.0464151233382003
"2743001","2753000",2748000.5,"Fst",0.0260116459891711,0,0.023473290272327,0.0467950686947057
"2744001","2754000",2749000.5,"Fst",0.0343605129493605,0,0.0235919533773813,0.0573567938255658
"2745001","2755000",2750000.5,"Fst",0.0292453985583315,0,0.022390260316936,0.0511411333425936
"2746001","2756000",2751000.5,"Fst",0.0315490619439329,0,0.0210690636849194,0.0501055012678394
"2747001","2757000",2752000.5,"Fst",0.0306262035991766,0,0.0215521925291599,0.0503873026669379
"2748001","2758000",2753000.5,"Fst",0.0271085165332002,0,0.0229069496973462,0.0684048904042379
"2749001","2759000",2754000.5,"Fst",0.024049895646265,0,0.0245814467636615,0.0711982091213959
"2750001","2760000",2755000.5,"Fst",0.0319244053437602,0,0.0271723126746145,0.0772766982721976
"2751001","2761000",2756000.5,"Fst",0.0314820765266121,0,0.0267739928209935,0.0761528681726712
"2752001","2762000",2757000.5,"Fst",0.0192478213407979,0,0.0239132936562711,0.0971793502153185
"2753001","2763000",2758000.5,"Fst",0.0149938844521189,0,0.0240392086294455,0.104598048552382
"2754001","2764000",2759000.5,"Fst",0.0285512003604299,0,0.0233752802671145,0.0942506390178925
"2755001","2765000",2760000.5,"Fst",0.0277742905480133,0,0.0239039827251855,0.0930945648466449
"2756001","2766000",2761000.5,"Fst",0.0257431133343542,0,0.0245160295699775,0.0952392110654366
"2757001","2767000",2762000.5,"Fst",0.0273985674497386,0,0.0256569832945055,0.101226723770547
"2758001","2768000",2763000.5,"Fst",0.0353118564283613,0,0.0286203163185568,0.0632308242445914
"2759001","2769000",2764000.5,"Fst",0.0352959841718697,0,0.028460993648017,0.0634544828078922
"2760001","2770000",2765000.5,"Fst",0.0296165831188187,0,0.0280556529742122,0.0746720397931119
"2761001","2771000",2766000.5,"Fst",0.0198600589225588,0,0.0297765971424338,0.0716737751840295
"2762001","2772000",2767000.5,"Fst",0.0102437153854741,0,0.0291496621922227,0.0785183946177506
"2763001","2773000",2768000.5,"Fst",0.00600718250081611,0,0.0292254026912674,0.0668318745396763
"2764001","2774000",2769000.5,"Fst",0,0,0.0333580767879033,0.0743297188641319
"2765001","2775000",2770000.5,"Fst",0,0,0.0347347931508275,0.0752969586889441
"2766001","2776000",2771000.5,"Fst",0,0,0.0357306519537844,0.0775421074298807
"2767001","2777000",2772000.5,"Fst",0,0,0.0362125396726834,0.0783024788771228
"2768001","2778000",2773000.5,"Fst",0,0,0.0364722573011051,0.078830975781681
"2769001","2779000",2774000.5,"Fst",0,0,0.0383781020635311,0.0774573142593445
"2770001","2780000",2775000.5,"Fst",0,0,0.0374554766757679,0.075751651937897
"2771001","2781000",2776000.5,"Fst",0.000521388142820212,0,0.0385376737868473,0.0728135220398831
"2772001","2782000",2777000.5,"Fst",0.00114212548015358,0,0.0469974290102485,0.105442193675889
"2773001","2783000",2778000.5,"Fst",0.00436881451067006,0,0.0469459396270343,0.100540545702853
"2774001","2784000",2779000.5,"Fst",0.00349029687487001,0,0.0540189690590213,0.100806230195517
"2775001","2785000",2780000.5,"Fst",0.00358678463050821,0,0.0554779292234586,0.103444561193001
"2776001","2786000",2781000.5,"Fst",0.0371246316260678,0,0.0479246500844602,0.103130656526442
"2777001","2787000",2782000.5,"Fst",0.0363928910992467,0,0.0469329871441757,0.101009042314985
"2778001","2788000",2783000.5,"Fst",0.0349902229627316,0,0.0449857035024539,0.0962780081580999
"2779001","2789000",2784000.5,"Fst",0.0653525696737934,0,0.0364111897555473,0.056945477224208
"2780001","2790000",2785000.5,"Fst",0.0610400073239953,0,0.0397186196004084,0.0708163213552103
"2781001","2791000",2786000.5,"Fst",0.0600521974102699,0,0.0359616901770054,0.065185648727576
"2782001","2792000",2787000.5,"Fst",0.0582687308423545,0,0.0333630430047326,0.0604466962753933
"2783001","2793000",2788000.5,"Fst",0.0567429910073303,0,0.0325046317964288,0.0587639311043566
"2784001","2794000",2789000.5,"Fst",0.0598943216491777,0,0.0291965669568614,0.0578559403164659
"2785001","2795000",2790000.5,"Fst",0.0586119000801106,0,0.0285254190113845,0.0565472643722115
"2786001","2796000",2791000.5,"Fst",0.0320978020548836,0,0.021733865191191,0.0476750806604669
"2787001","2797000",2792000.5,"Fst",0.0290120861797162,0,0.022241182486525,0.0510130545218265
"2788001","2798000",2793000.5,"Fst",0.0185318395413893,0,0.0304324201575907,0.0871796295136844
"2789001","2799000",2794000.5,"Fst",0.0127980023953178,0,0.0316061964054592,0.111680535770217
"2790001","2800000",2795000.5,"Fst",0.00884132280730321,0,0.0323472054275119,0.109427507065976
"2791001","2801000",2796000.5,"Fst",0.00390574850034298,0,0.0310443757393363,0.0989491494222443
"2792001","2802000",2797000.5,"Fst",0.00280108435998594,0,0.0324324408464224,0.10012592342592
"2793001","2803000",2798000.5,"Fst",0.00375267395487333,0,0.0335667694034908,0.101026454619046
"2794001","2804000",2799000.5,"Fst",0,0,0.0396685239513743,0.0816677760243079
"2795001","2805000",2800000.5,"Fst",0,0,0.0397017900000055,0.0816677760243079
"2796001","2806000",2801000.5,"Fst",0,0,0.0389975171297615,0.0791144722891455
"2797001","2807000",2802000.5,"Fst",0,0,0.0359472585145107,0.0706531852862726
"2798001","2808000",2803000.5,"Fst",0,0,0.033394509424849,0.0731344776426266
"2799001","2809000",2804000.5,"Fst",0.00147859498475522,0,0.0340137420065318,0.081272267025511
"2800001","2810000",2805000.5,"Fst",0.00247388510194746,0,0.0326801606618847,0.0794675911127642
"2801001","2811000",2806000.5,"Fst",0.0179679289838408,0,0.0270454229226786,0.0694696625985251
"2802001","2812000",2807000.5,"Fst",0.0173315742078699,0,0.025301818515981,0.0661180992539162
"2803001","2813000",2808000.5,"Fst",0.0178988371426935,0,0.0244684748420627,0.0632836840901857
"2804001","2814000",2809000.5,"Fst",0.0293372927740209,0,0.0212485521545591,0.0480358840795403
"2805001","2815000",2810000.5,"Fst",0.0271389432190328,0,0.0196528691076853,0.0430527274977218
"2806001","2816000",2811000.5,"Fst",0.0282304956360238,0,0.020935263642888,0.0458806503239122
"2807001","2817000",2812000.5,"Fst",0.0285461667874202,0,0.0212263792983377,0.0495907806364002
"2808001","2818000",2813000.5,"Fst",0.0277855262743946,0,0.0218125069582158,0.0457691785046045
"2809001","2819000",2814000.5,"Fst",0.0187195680290202,0,0.0268833878165062,0.0660031238899729
"2810001","2820000",2815000.5,"Fst",0.0190741679131062,0,0.0269816455885766,0.066417094982796
"2811001","2821000",2816000.5,"Fst",0.00788343168051364,0,0.0329859618896548,0.0810112205914008
"2812001","2822000",2817000.5,"Fst",0.0102677510856169,0,0.0313374959788211,0.0721000466571541
"2813001","2823000",2818000.5,"Fst",0.00931480626232961,0,0.0311022917423784,0.070203162418655
"2814001","2824000",2819000.5,"Fst",0.00926020126765936,0,0.0309441239291144,0.0698029398808072
"2815001","2825000",2820000.5,"Fst",0.0109291047626774,0,0.0333068580237711,0.0743363574516108
"2816001","2826000",2821000.5,"Fst",0.0108109362915975,0,0.0328914371275231,0.0735014728558885
"2817001","2827000",2822000.5,"Fst",0.0109428717636968,0,0.0333351158702664,0.0712789514632832
"2818001","2828000",2823000.5,"Fst",0.00948090967920856,0,0.0310194147955437,0.0626399249926762
"2819001","2829000",2824000.5,"Fst",0.0438166980539861,0,0.0195443888050653,0.0542552473510157
"2820001","2830000",2825000.5,"Fst",0.0330544461136963,0,0.0214565758527834,0.0435095172165472
"2821001","2831000",2826000.5,"Fst",0.0277820839331193,0,0.0328865280927516,0.0880124470669247
"2822001","2832000",2827000.5,"Fst",0.0199065047756068,0,0.0402914218176315,0.110235782367778
"2823001","2833000",2828000.5,"Fst",0.0274909433514173,0,0.0356412384049413,0.102795999747324
"2824001","2834000",2829000.5,"Fst",0.0342447079490559,0,0.0335799513624495,0.0927506049768164
"2825001","2835000",2830000.5,"Fst",0.0338801189050091,0,0.0334874266407415,0.092931937172775
"2826001","2836000",2831000.5,"Fst",0.0335582655970439,0,0.033333219488328,0.0924950406810398
"2827001","2837000",2832000.5,"Fst",0.0341516050714864,0,0.0348099562610319,0.0963044954574865
"2828001","2838000",2833000.5,"Fst",0.0349193552965487,0,0.0364689465980933,0.0994920131548039
"2829001","2839000",2834000.5,"Fst",0.0257059228650138,0,0.038937648680009,0.106955802266782
"2830001","2840000",2835000.5,"Fst",0.0226462048942347,0,0.032125679547712,0.0792338970915079
"2831001","2841000",2836000.5,"Fst",0.02401379810209,0,0.0290176831679327,0.0562588115439724
"2832001","2842000",2837000.5,"Fst",0.0327770985092446,0,0.0267079647530297,0.0620108293668943
"2833001","2843000",2838000.5,"Fst",0.0155555343638842,0,0.0253096722888741,0.0752245123297756
"2834001","2844000",2839000.5,"Fst",0,0,0.0289084999140284,0.0919404649252143
"2835001","2845000",2840000.5,"Fst",0,0,0.0286263858030484,0.0921602276394144
"2836001","2846000",2841000.5,"Fst",0,0,0.0284369285972706,0.08924407348449
"2837001","2847000",2842000.5,"Fst",0,0,0.0274786051861108,0.0880386102827276
"2838001","2848000",2843000.5,"Fst",0,0,0.0284991271379642,0.0907977469216663
"2839001","2849000",2844000.5,"Fst",0,0,0.0242447850561459,0.0751379813487282
"2840001","2850000",2845000.5,"Fst",0,0,0.0213583626214624,0.0463314050866305
"2841001","2851000",2846000.5,"Fst",0.0385529131583651,0,0.0210620891033274,0.0756913739532142
"2842001","2852000",2847000.5,"Fst",0.0607958266357086,0,0.0247958590512768,0.106634468074057
"2843001","2853000",2848000.5,"Fst",0.128858702650579,0,0.0311968197778398,0.115387722132472
"2844001","2854000",2849000.5,"Fst",0.128668192592851,0,0.030441635393374,0.112331156245614
"2845001","2855000",2850000.5,"Fst",0.128938290124984,0,0.029496154909665,0.105905484051179
"2846001","2856000",2851000.5,"Fst",0.0921739598471393,0,0.0309971889131756,0.0776184823303809
"2847001","2857000",2852000.5,"Fst",0.0753877147517159,0,0.0353246672563105,0.100516731416622
"2848001","2858000",2853000.5,"Fst",0.060999987251565,0,0.0422860577588457,0.111220169361047
"2849001","2859000",2854000.5,"Fst",0.0636348090828972,0,0.0437324286565487,0.119842381642868
"2850001","2860000",2855000.5,"Fst",0.0629677642381815,0,0.0438054792683419,0.115897036190577
"2851001","2861000",2856000.5,"Fst",0.0587142469075272,0,0.0453025836528443,0.116592904130271
"2852001","2862000",2857000.5,"Fst",0.0464528241379347,0,0.0433337929650357,0.11849032667301
"2853001","2863000",2858000.5,"Fst",0.0219549600452016,0,0.0487909535493311,0.133693162205416
"2854001","2864000",2859000.5,"Fst",0.0215580636281409,0,0.0471155599149184,0.129980599707294
"2855001","2865000",2860000.5,"Fst",0.0178910749606237,0,0.0455054738946568,0.128558167343214
"2856001","2866000",2861000.5,"Fst",0.0226292046680397,0,0.0410930371775682,0.114411942157607
"2857001","2867000",2862000.5,"Fst",0.0255221618424458,0,0.0389485016963557,0.0880342428683994
"2858001","2868000",2863000.5,"Fst",0.0342224511485073,0,0.0347164380767012,0.0812312477249573
"2859001","2869000",2864000.5,"Fst",0.0231044933570257,0,0.0326854437273714,0.084293319529629
"2860001","2870000",2865000.5,"Fst",0.0191247425713446,0,0.0347597128388167,0.0894900349874879
"2861001","2871000",2866000.5,"Fst",0.0160377877504186,0,0.0375725283395093,0.0911033477093672
"2862001","2872000",2867000.5,"Fst",0.0214567459063404,0,0.0498987458188864,0.116778793628888
"2863001","2873000",2868000.5,"Fst",0.0190897702684516,0,0.0503481683364076,0.119661366942334
"2864001","2874000",2869000.5,"Fst",0.0174785774603042,0,0.0511546865861008,0.119420720588315
"2865001","2875000",2870000.5,"Fst",0.0153073559783163,0,0.0502791125629031,0.118464448927029
"2866001","2876000",2871000.5,"Fst",0.0153073559783163,0,0.0502791125629031,0.118464448927029
"2867001","2877000",2872000.5,"Fst",0.0163238873629441,0,0.0471593030995166,0.112655824269327
"2868001","2878000",2873000.5,"Fst",0.0183226601527255,0,0.048481929843578,0.110983569450775
"2869001","2879000",2874000.5,"Fst",0.0246551510784035,0,0.0368751797915058,0.080860771446663
"2870001","2880000",2875000.5,"Fst",0.0241386092008499,0,0.0376961962530523,0.0706216613312834
"2871001","2881000",2876000.5,"Fst",0.00969356610914418,0,0.0339484533842631,0.0740631850419083
"2872001","2882000",2877000.5,"Fst",0.0078112148628382,0,0.0313733376152909,0.0668857537236776
"2873001","2883000",2878000.5,"Fst",0.00522348788445515,0,0.0278675481310438,0.0622074435094375
"2874001","2884000",2879000.5,"Fst",0,0,0.0323304613148668,0.0797889250183561
"2875001","2885000",2880000.5,"Fst",0,0,0.0323830621816332,0.0823159660712018
"2876001","2886000",2881000.5,"Fst",0,0,0.0293265193493344,0.0745383522727272
"2877001","2887000",2882000.5,"Fst",0,0,0.0294901146308724,0.0747315210231436
"2878001","2888000",2883000.5,"Fst",0.00511764870070053,0,0.0285662642751485,0.0660681711867177
"2879001","2889000",2884000.5,"Fst",0.0047658054686347,0,0.031370693546836,0.0747573802541543
"2880001","2890000",2885000.5,"Fst",0.0023215448036451,0,0.0311842662175351,0.0796405316915005
"2881001","2891000",2886000.5,"Fst",0.00631434421059784,0,0.0290742190849341,0.074213364638978
"2882001","2892000",2887000.5,"Fst",0.0101220085628728,0,0.0280867741146917,0.0598887562989383
"2883001","2893000",2888000.5,"Fst",0.0152350996048068,0,0.029436310752291,0.0894757724544958
"2884001","2894000",2889000.5,"Fst",0.0230882376128789,0,0.029236051297945,0.0934776397095549
"2885001","2895000",2890000.5,"Fst",0.0240686335360892,0,0.0279355375240572,0.095375572305416
"2886001","2896000",2891000.5,"Fst",0.0274430487545241,0,0.0298101928168435,0.103603689404318
"2887001","2897000",2892000.5,"Fst",0.0275643028220347,0,0.0289002298296632,0.10209164585546
"2888001","2898000",2893000.5,"Fst",0.0185564138856205,0,0.0330261779964988,0.110892710892711
"2889001","2899000",2894000.5,"Fst",0.0181100464051106,0,0.0317655624319582,0.109054184504323
"2890001","2900000",2895000.5,"Fst",0.0203528515327355,0,0.0309170664714989,0.107744170067169
"2891001","2901000",2896000.5,"Fst",0.0177830584667045,0,0.0299757323895831,0.108932067789577
"2892001","2902000",2897000.5,"Fst",0.017992614971467,0,0.0329716520668927,0.112545824504759
"2893001","2903000",2898000.5,"Fst",0.0609746437433821,0,0.0219982245443882,0.077387364857066
"2894001","2904000",2899000.5,"Fst",0.0662585104011251,0,0.0227587458774521,0.0777655743148323
"2895001","2905000",2900000.5,"Fst",0.0713484145941642,0,0.0238344640163327,0.0851268448211078
"2896001","2906000",2901000.5,"Fst",0.0735773417953844,0,0.0246772423569987,0.0882037187303043
"2897001","2907000",2902000.5,"Fst",0.0726276819156076,0,0.0374987984797734,0.12839214224667
"2898001","2908000",2903000.5,"Fst",0.0685204342009075,0,0.0356792963187038,0.12541690626797
"2899001","2909000",2904000.5,"Fst",0.0388232059389607,0,0.0345035969386871,0.0698326915565413
"2900001","2910000",2905000.5,"Fst",0.0433560761596655,0,0.0370258798179507,0.0839521372782887
"2901001","2911000",2906000.5,"Fst",0.0400107515881661,0,0.0382797894998569,0.0774456413118035
"2902001","2912000",2907000.5,"Fst",0.0372354016073999,0,0.0387179916421262,0.0785452141701256
"2903001","2913000",2908000.5,"Fst",0.0264230143700863,0,0.037618384309446,0.0747775530450431
"2904001","2914000",2909000.5,"Fst",0.0306360254381797,0,0.0355257942292822,0.0787923381053983
"2905001","2915000",2910000.5,"Fst",0.0349400310742988,0,0.0346078751011705,0.0826776592081035
"2906001","2916000",2911000.5,"Fst",0.0462298876241213,0,0.0333540326094575,0.0871690222984921
"2907001","2917000",2912000.5,"Fst",0.0423173486252741,0,0.0311140730084179,0.0780651989390546
"2908001","2918000",2913000.5,"Fst",0.0413274465572017,0,0.0301444914004876,0.0751458111952343
"2909001","2919000",2914000.5,"Fst",0.0457113783667523,0,0.0304903628529462,0.082866543636177
"2910001","2920000",2915000.5,"Fst",0.0447775465682894,0,0.0345891907847983,0.0918806113808932
"2911001","2921000",2916000.5,"Fst",0.0467475707852951,0,0.03428770989274,0.0909384369609628
"2912001","2922000",2917000.5,"Fst",0.0510068766598076,0,0.0333172272705198,0.0901696667455363
"2913001","2923000",2918000.5,"Fst",0.0577602376144009,0,0.0330745589455339,0.0897155488177884
"2914001","2924000",2919000.5,"Fst",0.0540115046927035,0,0.0318330598349325,0.0748412008427517
"2915001","2925000",2920000.5,"Fst",0.0457383490073145,0,0.0304796970271411,0.0620500738463203
"2916001","2926000",2921000.5,"Fst",0.00394861359879461,0,0.0286381413468727,0.0517954176808523
"2917001","2927000",2922000.5,"Fst",0.00477130202166387,0,0.0246125326872788,0.044118079013071
"2918001","2928000",2923000.5,"Fst",0.0114465620959127,0,0.0186783271847388,0.0458570787191805
"2919001","2929000",2924000.5,"Fst",0.0190108186292702,0,0.0180124040186197,0.0403523046255237
"2920001","2930000",2925000.5,"Fst",0.0179874621291515,0,0.0240703512434301,0.0788332676389437
"2921001","2931000",2926000.5,"Fst",0.0167606957468798,0,0.0241389327403871,0.0843714245455827
"2922001","2932000",2927000.5,"Fst",0.0167471498358641,0,0.0245790886476695,0.0898254932258318
"2923001","2933000",2928000.5,"Fst",0.0168163157779193,0,0.0253930239491125,0.0859284168566291
"2924001","2934000",2929000.5,"Fst",0.0201792040852858,0,0.0244176388045682,0.0839356196062294
"2925001","2935000",2930000.5,"Fst",0.0243880665261049,0,0.0254306081017613,0.0919152783780127
"2926001","2936000",2931000.5,"Fst",0.0125800418783485,0,0.0304517651425925,0.0989666072910449
"2927001","2937000",2932000.5,"Fst",0.00837425998189822,0,0.0312715470706314,0.108276652618981
"2928001","2938000",2933000.5,"Fst",0.00506297965272762,0,0.0313159942568618,0.111839026672906
"2929001","2939000",2934000.5,"Fst",0,0,0.0310565246823915,0.102124258513189
"2930001","2940000",2935000.5,"Fst",0,0,0.0278925558357532,0.0781304063153749
"2931001","2941000",2936000.5,"Fst",0,0,0.0281214067078843,0.0787858048672477
"2932001","2942000",2937000.5,"Fst",0,0,0.0275205758078602,0.0761601519453019
"2933001","2943000",2938000.5,"Fst",0,0,0.0290041197146117,0.0779036674886735
"2934001","2944000",2939000.5,"Fst",0,0,0.03168871246676,0.101775068533486
"2935001","2945000",2940000.5,"Fst",0.0116430787538782,0,0.0301045172535335,0.0935011327793481
"2936001","2946000",2941000.5,"Fst",0.0187888040712466,0,0.0274871609652216,0.0994786352637006
"2937001","2947000",2942000.5,"Fst",0.0253991811129706,0,0.0265303056350447,0.0739682160798179
"2938001","2948000",2943000.5,"Fst",0.0254331254331255,0,0.0264105401505357,0.0738631183525125
"2939001","2949000",2944000.5,"Fst",0.0303295916481892,0,0.0245050397569889,0.0680721698677921
"2940001","2950000",2945000.5,"Fst",0.0269472361809046,0,0.0225065822083422,0.0660642252629914
"2941001","2951000",2946000.5,"Fst",0.0290260046728059,0,0.0231259171420146,0.0545379575613028
"2942001","2952000",2947000.5,"Fst",0.0290904447952456,0,0.0232016559779492,0.0548721278319475
"2943001","2953000",2948000.5,"Fst",0.0301741320252545,0,0.0235813878133016,0.0561151895323497
"2944001","2954000",2949000.5,"Fst",0.0397072866431536,0,0.0193360964437789,0.0498076113065354
"2945001","2955000",2950000.5,"Fst",0.0169465507070334,0,0.019660881714223,0.0528189098501123
"2946001","2956000",2951000.5,"Fst",0.0175143765170592,0,0.0191471611443254,0.0512618056316693
"2947001","2957000",2952000.5,"Fst",0.0167019645807228,0,0.0184150428854793,0.0500628734236496
"2948001","2958000",2953000.5,"Fst",0.016640672433612,0,0.0173185524714566,0.0478658582565594
"2949001","2959000",2954000.5,"Fst",0.020486113921044,0,0.0201407353182699,0.0505940392907218
"2950001","2960000",2955000.5,"Fst",0.024273158970318,0,0.0225303968453503,0.0631769229854419
"2951001","2961000",2956000.5,"Fst",0.0485677058444991,0,0.0138700366206667,0.026375003036039
"2952001","2962000",2957000.5,"Fst",0.0389007217301224,0,0.0122060021983904,0.0258924594174463
"2953001","2963000",2958000.5,"Fst",0.0265369248399649,0,0.0122203044371495,0.0189571393669993
"2954001","2964000",2959000.5,"Fst",0.0272457581797512,0,0.0124071051889292,0.0198037881497848
"2955001","2965000",2960000.5,"Fst",0.0246742323466267,0,0.0203386537646171,0.0440359945081531
"2956001","2966000",2961000.5,"Fst",0.0243888942432998,0,0.0210349471600103,0.0451221076467643
"2957001","2967000",2962000.5,"Fst",0.0246663294781386,0,0.0215701526981589,0.0463209076509242
"2958001","2968000",2963000.5,"Fst",0.0242331700635584,0,0.020607727770377,0.0441095410007305
"2959001","2969000",2964000.5,"Fst",0.024302668603425,0,0.0206504067309512,0.044989209792892
"2960001","2970000",2965000.5,"Fst",0.0238391179607258,0,0.0202344328852817,0.0440840210950373
"2961001","2971000",2966000.5,"Fst",0.0112956163832607,0,0.0191154030944687,0.0421434671716026
"2962001","2972000",2967000.5,"Fst",0.0142678041769868,0,0.0196351851404549,0.040597539543058
"2963001","2973000",2968000.5,"Fst",0.0178881619222528,0,0.0250484459028349,0.0482297452299022
"2964001","2974000",2969000.5,"Fst",0.0172285861293903,0,0.0236212401322154,0.0458252549188568
"2965001","2975000",2970000.5,"Fst",0.0106218640116945,0,0.00847491823362727,0.0125722170728478
"2966001","2976000",2971000.5,"Fst",0.0111994129123484,0,0.00877503031031918,0.0124592512327937
"2967001","2977000",2972000.5,"Fst",0.00987109905020345,0,0.00938210924535503,0.0146203131640024
"2968001","2978000",2973000.5,"Fst",0.0536548278483762,0,0.0157748491028123,0.0310252400432259
"2969001","2979000",2974000.5,"Fst",0.0468535271145385,0,0.015398752418796,0.0274962254525593
"2970001","2980000",2975000.5,"Fst",0.0315224122835117,0,0.0215834529620795,0.0548962086668155
"2971001","2981000",2976000.5,"Fst",0.0319422541022989,0,0.0208927331602667,0.0584015922406304
"2972001","2982000",2977000.5,"Fst",0.0292273333217915,0,0.0233258048586464,0.0614070714591936
"2973001","2983000",2978000.5,"Fst",0.0270535322866096,0,0.0213108780732666,0.0577504102491043
"2974001","2984000",2979000.5,"Fst",0.028192292913502,0,0.0208960069610245,0.0558357047417968
"2975001","2985000",2980000.5,"Fst",0.0175850361654121,0,0.0298167968322181,0.0984252573103515
"2976001","2986000",2981000.5,"Fst",0.016678266073584,0,0.0287219227205889,0.0983017543859649
"2977001","2987000",2982000.5,"Fst",0.0166464913246029,0,0.0284271633723734,0.0971194042159083
"2978001","2988000",2983000.5,"Fst",0,0,0.0286611062487515,0.0974883058775676
"2979001","2989000",2984000.5,"Fst",0.0318012150961992,0,0.027375071226286,0.0813983164732214
"2980001","2990000",2985000.5,"Fst",0.0318021416545489,0,0.0305406383640453,0.0900220513413242
"2981001","2991000",2986000.5,"Fst",0.0327483481872988,0,0.0313203623149833,0.0905903748664439
"2982001","2992000",2987000.5,"Fst",0.0294809115782794,0,0.0344074985286764,0.0997519314787846
"2983001","2993000",2988000.5,"Fst",0.0301777374636466,0,0.0346717398148133,0.101478847967418
"2984001","2994000",2989000.5,"Fst",0.0224838257853665,0,0.0409929242637484,0.126751735180455
"2985001","2995000",2990000.5,"Fst",0.0455004833231348,0,0.038407394164819,0.114200791585172
"2986001","2996000",2991000.5,"Fst",0.111401157704692,0,0.0461780783937062,0.109939346573728
"2987001","2997000",2992000.5,"Fst",0.111968711450039,0,0.0459201432174966,0.110372944044383
"2988001","2998000",2993000.5,"Fst",0.111815102052244,0,0.0458427780377702,0.110210819355651
"2989001","2999000",2994000.5,"Fst",0.112230890621982,0,0.04831352684427,0.113653831636567
"2990001","3e+06",2995000.5,"Fst",0.11486389773204,0,0.0488682795857475,0.114509718551048
"2991001","3001000",2996000.5,"Fst",0.116351294662966,0,0.0489637810159667,0.114687156407881
"2992001","3002000",2997000.5,"Fst",0.116652513835612,0,0.0488477853476469,0.112344170281574
"2993001","3003000",2998000.5,"Fst",0.116332554544626,0,0.0489782116379334,0.110358280755445
"2994001","3004000",2999000.5,"Fst",0.12073439719721,0,0.0473979404903783,0.108046442789841
"2995001","3005000",3000000.5,"Fst",0.119415074643022,0,0.0454241151921321,0.103806697894152
"2996001","3006000",3001000.5,"Fst",0.0634785353535353,0,0.0303413501140737,0.107573275077371
"2997001","3007000",3002000.5,"Fst",0.0573764627727529,0,0.032743562947032,0.122485436893204
"2998001","3008000",3003000.5,"Fst",0.0611393119007331,0,0.0337267837055781,0.129160188377386
"2999001","3009000",3004000.5,"Fst",0.0596303072361364,0,0.0375021515738838,0.146273774258055
"3000001","3010000",3005000.5,"Fst",0.0608298749258912,0,0.0401829760667572,0.152828081390014
"3001001","3011000",3006000.5,"Fst",0.0474102729421878,0,0.0428383546751843,0.164977308390697
"3002001","3012000",3007000.5,"Fst",0.0527871551844477,0,0.0469695132108436,0.174256799493991
"3003001","3013000",3008000.5,"Fst",0.0471308070490953,0,0.0459498899091065,0.168440517158971
"3004001","3014000",3009000.5,"Fst",0.0433560558324263,0,0.0441977193949517,0.157095472503327
"3005001","3015000",3010000.5,"Fst",0.0437959291567539,0,0.0443243635820947,0.146852329196673
"3006001","3016000",3011000.5,"Fst",0.0438236691650956,0,0.0448265338254169,0.156073864299276
"3007001","3017000",3012000.5,"Fst",0.0558920389461626,0,0.0485213609980167,0.154078001351091
"3008001","3018000",3013000.5,"Fst",0.049518750178505,0,0.0489431169477373,0.152270447706757
"3009001","3019000",3014000.5,"Fst",0.0542017125104189,0,0.0489405510007784,0.162030676668679
"3010001","3020000",3015000.5,"Fst",0.0507742170660581,0,0.0441048006487169,0.152584409786407
"3011001","3021000",3016000.5,"Fst",0.051101620229137,0,0.0443875822946185,0.153631942819144
"3012001","3022000",3017000.5,"Fst",0.0551612792709457,0,0.0473448942925048,0.164419145608562
"3013001","3023000",3018000.5,"Fst",0.0596679368535655,0,0.040695432776063,0.141667526571045
"3014001","3024000",3019000.5,"Fst",0.0607994842037396,0,0.0414357324631383,0.143919331484098
"3015001","3025000",3020000.5,"Fst",0.0696086719645306,0,0.0417295498672328,0.13626137036439
"3016001","3026000",3021000.5,"Fst",0.0855032906314959,0,0.0516647718458943,0.137714452405696
"3017001","3027000",3022000.5,"Fst",0.0901967692767255,0,0.0572773370890947,0.151227381014615
"3018001","3028000",3023000.5,"Fst",0.0866078884939142,0,0.055055877853809,0.145652802838515
"3019001","3029000",3024000.5,"Fst",0.0860372210854525,0,0.0562042609066695,0.147465505901133
"3020001","3030000",3025000.5,"Fst",0.0793887845649692,0,0.0554862838002313,0.155968214976729
"3021001","3031000",3026000.5,"Fst",0.0795326974407284,0,0.0556588873690928,0.156102489725244
"3022001","3032000",3027000.5,"Fst",0.0732588140977821,0,0.0509574792461739,0.124712664562178
"3023001","3033000",3028000.5,"Fst",0.0741732669225116,0,0.0523283313228445,0.13409445441262
"3024001","3034000",3029000.5,"Fst",0.0647855416197334,0,0.0461009126604578,0.113150519293536
"3025001","3035000",3030000.5,"Fst",0.0579783984469904,0,0.0440540353153217,0.104211631807082
"3026001","3036000",3031000.5,"Fst",0.0331679684385324,0,0.0390053585002635,0.106368124470154
"3027001","3037000",3032000.5,"Fst",0.0244951594078776,0,0.0450296747832594,0.10457494312916
"3028001","3038000",3033000.5,"Fst",0.0384990825058737,0,0.0402752838128267,0.0845646141405193
"3029001","3039000",3034000.5,"Fst",0.0382113385899034,0,0.039426906260583,0.0944053272201298
"3030001","3040000",3035000.5,"Fst",0.0405511449053885,0,0.0462862525023248,0.103565402456303
"3031001","3041000",3036000.5,"Fst",0.0405693932400164,0,0.0466554564116687,0.10375335338051
"3032001","3042000",3037000.5,"Fst",0.0381253199085142,0,0.0441827048645467,0.103834886565098
"3033001","3043000",3038000.5,"Fst",0.0375354428401475,0,0.0434339697573383,0.102340705855969
"3034001","3044000",3039000.5,"Fst",0.0397063304149918,0,0.0383533548068438,0.097863321303775
"3035001","3045000",3040000.5,"Fst",0.0392404833683416,0,0.0378406097459756,0.0966641558542597
"3036001","3046000",3041000.5,"Fst",0.0353356684907487,0,0.0315505729680629,0.0637462636640633
"3037001","3047000",3042000.5,"Fst",0.024039361019032,0,0.0344546604361365,0.0775147293292631
"3038001","3048000",3043000.5,"Fst",0.00928557382544581,0,0.0336485846494112,0.0850584806993733
"3039001","3049000",3044000.5,"Fst",0.000824589098337825,0,0.0410339647319092,0.0921614683494067
"3040001","3050000",3045000.5,"Fst",0,0,0.0449014486763165,0.117483419921867
"3041001","3051000",3046000.5,"Fst",0,0,0.0450063658854018,0.123955869091267
"3042001","3052000",3047000.5,"Fst",0.0105800730852146,0,0.0409627275719614,0.116751662414678
"3043001","3053000",3048000.5,"Fst",0.0218066454303936,0,0.0378789542006172,0.109434818456341
"3044001","3054000",3049000.5,"Fst",0.0215356295881984,0,0.0371072046415878,0.106842217324228
"3045001","3055000",3050000.5,"Fst",0.0240064358686188,0,0.0358513364641388,0.104046628145159
"3046001","3056000",3051000.5,"Fst",0.0239230811788627,0,0.0303088490552608,0.0910852601380511
"3047001","3057000",3052000.5,"Fst",0.0272035000409432,0,0.0267898777213824,0.0850046312952769
"3048001","3058000",3053000.5,"Fst",0.0374186945984143,0,0.0264927658020113,0.0749885712413426
"3049001","3059000",3054000.5,"Fst",0.0400139944658015,0,0.0258606142090541,0.0652651093220123
"3050001","3060000",3055000.5,"Fst",0.0521035160005926,0,0.0250813856782206,0.0620082035827891
"3051001","3061000",3056000.5,"Fst",0.0589432789432789,0,0.0296173280489334,0.0719587504951976
"3052001","3062000",3057000.5,"Fst",0.0518557690743121,0,0.0302751107825696,0.0654505404103546
"3053001","3063000",3058000.5,"Fst",0.034936301657802,0,0.0309994129327198,0.0663414087588955
"3054001","3064000",3059000.5,"Fst",0.0382142363912571,0,0.0323806651222923,0.073117224549354
"3055001","3065000",3060000.5,"Fst",0.0322678914745071,0,0.0345165930093071,0.0732925962222094
"3056001","3066000",3061000.5,"Fst",0.0352166971977604,0,0.0256034434963571,0.0532447129909366
"3057001","3067000",3062000.5,"Fst",0.0404612305147882,0,0.0266557250672693,0.0479846300741823
"3058001","3068000",3063000.5,"Fst",0.0313992508028629,0,0.0276843429685519,0.056794039772763
"3059001","3069000",3064000.5,"Fst",0.0662732250967546,0,0.0268587495330922,0.0596210351556075
"3060001","3070000",3065000.5,"Fst",0.0671450071181615,0,0.0272247342017034,0.0604260449129828
"3061001","3071000",3066000.5,"Fst",0.0599560825647782,0,0.0230589722528224,0.0480069022289767
"3062001","3072000",3067000.5,"Fst",0.0343888640445211,0,0.0173803628037882,0.0400135738185852
"3063001","3073000",3068000.5,"Fst",0.0335097148153528,0,0.0169762267861627,0.0390296334787839
"3064001","3074000",3069000.5,"Fst",0.0345011351740827,0,0.0171802038143812,0.038022396638606
"3065001","3075000",3070000.5,"Fst",0.03539025784769,0,0.0176049749332759,0.0389689001111173
"3066001","3076000",3071000.5,"Fst",0.0337072234508132,0,0.0167387523350005,0.036895807108573
"3067001","3077000",3072000.5,"Fst",0.0506958814242576,0,0.021753318334194,0.0586562696458131
"3068001","3078000",3073000.5,"Fst",0.049940215771635,0,0.0216055354277423,0.0507088648450764
"3069001","3079000",3074000.5,"Fst",0.050275429561877,0,0.0217989345511647,0.0509448607554535
"3070001","3080000",3075000.5,"Fst",0.0518771519640819,0,0.0222081198159086,0.0452015380113061
"3071001","3081000",3076000.5,"Fst",0.0483140686779485,0,0.0237104658647297,0.0436736396686334
"3072001","3082000",3077000.5,"Fst",0.0527174678147347,0,0.0263909226073925,0.0452539225159192
"3073001","3083000",3078000.5,"Fst",0.0548118070397319,0,0.0254936206028069,0.0466048223987271
"3074001","3084000",3079000.5,"Fst",0.0513698071044643,0,0.0242213844890507,0.0421547973243039
"3075001","3085000",3080000.5,"Fst",0.0510234526918252,0,0.0240716597337476,0.0418709991632407
"3076001","3086000",3081000.5,"Fst",0.0451398322616618,0,0.0224412532610336,0.037518154896635
"3077001","3087000",3082000.5,"Fst",0.0296990900869868,0,0.0237300264243377,0.040943253937992
"3078001","3088000",3083000.5,"Fst",0.0162774983881367,0,0.0237526758262808,0.0395556557498116
"3079001","3089000",3084000.5,"Fst",0.0165536269742605,0,0.0241437394897262,0.040276722391084
"3080001","3090000",3085000.5,"Fst",0.00532089617732978,0,0.0241552264430277,0.0469802822565132
"3081001","3091000",3086000.5,"Fst",0.00947379936549619,0,0.027614209119706,0.0550624513885712
"3082001","3092000",3087000.5,"Fst",0.00869114101742496,0,0.0267003046540257,0.0531533742331288
"3083001","3093000",3088000.5,"Fst",0.00512700820788103,0,0.0262087971233036,0.0524689122298683
"3084001","3094000",3089000.5,"Fst",0.00353096179183121,0,0.0325686810839511,0.0567519854016963
"3085001","3095000",3090000.5,"Fst",0.000143658810325409,0,0.0299100882972785,0.0687639187936491
"3086001","3096000",3091000.5,"Fst",0.00607486631016041,0,0.0261750070379706,0.0733326743227111
"3087001","3097000",3092000.5,"Fst",0.0236406619385343,0,0.024856025282277,0.0653894365818444
"3088001","3098000",3093000.5,"Fst",0.0250285975749257,0,0.0269454707911225,0.0775420379676656
"3089001","3099000",3094000.5,"Fst",0.0270180655967458,0,0.0222915362318093,0.0623547949559293
"3090001","3100000",3095000.5,"Fst",0.0227057654370432,0,0.0206794501517413,0.0556592803840118
"3091001","3101000",3096000.5,"Fst",0.022609152156794,0,0.0205501627003904,0.0545253869446741
"3092001","3102000",3097000.5,"Fst",0.0232358856276779,0,0.0199666220181444,0.0549629559270516
"3093001","3103000",3098000.5,"Fst",0.0214771593554433,0,0.020185671877702,0.0575975358840316
"3094001","3104000",3099000.5,"Fst",0.0220679371883882,0,0.0207148410631171,0.0591405821570947
"3095001","3105000",3100000.5,"Fst",0.0231867057673509,0,0.0196420722841438,0.036731712407388
"3096001","3106000",3101000.5,"Fst",0.0235487926475052,0,0.0213959726243421,0.0402223025316557
"3097001","3107000",3102000.5,"Fst",0.00649237393049029,0,0.025458570754071,0.0657804349100288
"3098001","3108000",3103000.5,"Fst",0.0494801125235907,0,0.0211239432255458,0.056447474851855
"3099001","3109000",3104000.5,"Fst",0.0494634071961289,0,0.0207903345424109,0.0585722864805649
"3100001","3110000",3105000.5,"Fst",0.0417591219016179,0,0.0263954613503277,0.055951481602423
"3101001","3111000",3106000.5,"Fst",0.0373957523957524,0,0.0253867676968805,0.0545696867666565
"3102001","3112000",3107000.5,"Fst",0.032991687418047,0,0.0241011967577152,0.0499046262922915
"3103001","3113000",3108000.5,"Fst",0.0327769311005102,0,0.0239273709546599,0.0497185702120589
"3104001","3114000",3109000.5,"Fst",0.0271083845663448,0,0.0263733552633903,0.0544170500365475
"3105001","3115000",3110000.5,"Fst",0.0244806205752246,0,0.032133401735958,0.0772268654166426
"3106001","3116000",3111000.5,"Fst",0.0225330850766859,0,0.0294371979840114,0.0710707218993238
"3107001","3117000",3112000.5,"Fst",0.0226983030023805,0,0.0307274082083413,0.0733260842103297
"3108001","3118000",3113000.5,"Fst",0.00993142336269304,0,0.031964528436836,0.0793828101438705
"3109001","3119000",3114000.5,"Fst",0.00766878028389584,0,0.0309199720455406,0.0765676515422045
"3110001","3120000",3115000.5,"Fst",0.006473742508601,0,0.0308333752426411,0.076042828264438
"3111001","3121000",3116000.5,"Fst",0.00603627442034937,0,0.0285878010024345,0.0746111637003192
"3112001","3122000",3117000.5,"Fst",0.00796626356371144,0,0.0312452582399935,0.075387733558654
"3113001","3123000",3118000.5,"Fst",0.0070858756117721,0,0.0277743481139169,0.0689299401936169
"3114001","3124000",3119000.5,"Fst",0.00624888446624194,0,0.0227268413010918,0.053500828620477
"3115001","3125000",3120000.5,"Fst",0.00160019204347539,0,0.0201911485529449,0.0557531212492423
"3116001","3126000",3121000.5,"Fst",0.00136703978218122,0,0.0239007495428386,0.0599479721587304
"3117001","3127000",3122000.5,"Fst",0.00350623531538041,0,0.02319706555139,0.053498142769608
"3118001","3128000",3123000.5,"Fst",0.000417990692326065,0,0.0227428878798408,0.0508333250537092
"3119001","3129000",3124000.5,"Fst",0.00150627945032633,0,0.0227096603821198,0.0572509164258423
"3120001","3130000",3125000.5,"Fst",0.00594093688210162,0,0.022318110062887,0.0380731142570538
"3121001","3131000",3126000.5,"Fst",0.00875008694442514,0,0.0231136394956364,0.040238751147842
"3122001","3132000",3127000.5,"Fst",0.00716124372673566,0,0.0223467723341984,0.0349307398267297
"3123001","3133000",3128000.5,"Fst",0.00995327514766819,0,0.0266051337308171,0.0480191313157492
"3124001","3134000",3129000.5,"Fst",0.0098891954627075,0,0.026435684149666,0.0477161519911971
"3125001","3135000",3130000.5,"Fst",0.00926354161648291,0,0.0268800687091966,0.0472405972405974
"3126001","3136000",3131000.5,"Fst",0.00872798692703902,0,0.0260078147254302,0.0450045833000521
"3127001","3137000",3132000.5,"Fst",0.00601818712054925,0,0.0236023835520486,0.0439975873112963
"3128001","3138000",3133000.5,"Fst",0.0100707772541017,0,0.024264440134163,0.0535910407748519
"3129001","3139000",3134000.5,"Fst",0.0235194601530199,0,0.0267616293697062,0.0565453079818665
"3130001","3140000",3135000.5,"Fst",0.0384195418127956,0,0.0352016160397725,0.0717867955474779
"3131001","3141000",3136000.5,"Fst",0.0632198935238223,0,0.0315686945039377,0.0671936345076689
"3132001","3142000",3137000.5,"Fst",0.0623522303308827,0,0.0305597924482675,0.0684108981652035
"3133001","3143000",3138000.5,"Fst",0.0565693569929403,0,0.0268714480807345,0.0616317618298018
"3134001","3144000",3139000.5,"Fst",0.0490544030659001,0,0.0264371045191027,0.0618486957301755
"3135001","3145000",3140000.5,"Fst",0.0426400229368707,0,0.0258564314294434,0.0612884008253379
"3136001","3146000",3141000.5,"Fst",0.0414915757748473,0,0.0273644606593611,0.0551901629620246
"3137001","3147000",3142000.5,"Fst",0.037246029286223,0,0.026068017832149,0.0492805653357907
"3138001","3148000",3143000.5,"Fst",0.0303253680276334,0,0.0259609335606486,0.0596293978395145
"3139001","3149000",3144000.5,"Fst",0.0263843371684397,0,0.0270514248879943,0.0609024891442811
"3140001","3150000",3145000.5,"Fst",0.0226131490112871,0,0.0281109740429088,0.0624791138488607
"3141001","3151000",3146000.5,"Fst",0.00790817512550124,0,0.0306961367729467,0.0689819367463297
"3142001","3152000",3147000.5,"Fst",0.00731046699699622,0,0.0284008190614493,0.0669277767724034
"3143001","3153000",3148000.5,"Fst",0.00311706816478907,0,0.0261901557518587,0.0720467278680842
"3144001","3154000",3149000.5,"Fst",0.00809383225624105,0,0.024223685720889,0.0733413078428024
"3145001","3155000",3150000.5,"Fst",0.0095717862072664,0,0.0245885202264046,0.0760858704813432
"3146001","3156000",3151000.5,"Fst",0.00788349592659232,0,0.0261366554524244,0.078686341995828
"3147001","3157000",3152000.5,"Fst",0.00829066499943465,0,0.0249456430955365,0.0692981750944609
"3148001","3158000",3153000.5,"Fst",0.013122575233302,0,0.0280164632799632,0.0560328776715097
"3149001","3159000",3154000.5,"Fst",0.0183168914769432,0,0.0244086887404398,0.0554270581925448
"3150001","3160000",3155000.5,"Fst",0.0172897448065233,0,0.0248543490914726,0.0572414561218633
"3151001","3161000",3156000.5,"Fst",0.0203581007660153,0,0.0267012608898809,0.0570466623170288
"3152001","3162000",3157000.5,"Fst",0.0236414141414142,0,0.0250234886779079,0.0565354392031339
"3153001","3163000",3158000.5,"Fst",0.0264064068432768,0,0.0245907161188726,0.0636436983328772
"3154001","3164000",3159000.5,"Fst",0.0229267151734295,0,0.022925639274293,0.0586802101982626
"3155001","3165000",3160000.5,"Fst",0.0241775789777827,0,0.0244081748234917,0.0587290122613291
"3156001","3166000",3161000.5,"Fst",0.0248741604113506,0,0.0255339169406924,0.0592362399505257
"3157001","3167000",3162000.5,"Fst",0.0269082304575929,0,0.0247620204196327,0.0552362442117095
"3158001","3168000",3163000.5,"Fst",0.0206158703882529,0,0.0240548007586906,0.0652044010322265
"3159001","3169000",3164000.5,"Fst",0.0169945877517679,0,0.0230759954294495,0.0709868835181779
"3160001","3170000",3165000.5,"Fst",0.0134426520908325,0,0.0228190873666495,0.0708678390868768
"3161001","3171000",3166000.5,"Fst",0.0104684795256036,0,0.0220151684525055,0.0772594752186589
"3162001","3172000",3167000.5,"Fst",0.00640683249378893,0,0.0234682942315229,0.092840538558747
"3163001","3173000",3168000.5,"Fst",0.00195146838429894,0,0.0261409098150493,0.0769035605347929
"3164001","3174000",3169000.5,"Fst",0.000776346919404425,0,0.0307127160334107,0.0768173686778338
"3165001","3175000",3170000.5,"Fst",0.000580444368302957,0,0.0310554620721982,0.0772624785508894
"3166001","3176000",3171000.5,"Fst",0,0,0.031453135261385,0.0733536984664984
"3167001","3177000",3172000.5,"Fst",0,0,0.0334960690881714,0.0766852439235645
"3168001","3178000",3173000.5,"Fst",0,0,0.0420971718040302,0.090692446819798
"3169001","3179000",3174000.5,"Fst",0,0,0.0443465942869374,0.0957859602092039
"3170001","3180000",3175000.5,"Fst",0,0,0.0405303469762735,0.0897179458366111
"3171001","3181000",3176000.5,"Fst",0,0,0.041849087054732,0.0921020589643614
"3172001","3182000",3177000.5,"Fst",0,0,0.0408298708588232,0.0875385848077656
"3173001","3183000",3178000.5,"Fst",0,0,0.0405861313745524,0.0801940928270042
"3174001","3184000",3179000.5,"Fst",0,0,0.0358544044145693,0.091253637215871
"3175001","3185000",3180000.5,"Fst",0,0,0.0379344029892488,0.0957424434783724
"3176001","3186000",3181000.5,"Fst",0,0,0.0376611060166055,0.0952314710391681
"3177001","3187000",3182000.5,"Fst",0,0,0.0430722742213816,0.111193280503691
"3178001","3188000",3183000.5,"Fst",0,0,0.0485727609039345,0.130429417007564
"3179001","3189000",3184000.5,"Fst",0,0,0.049357528911647,0.133204696493553
"3180001","3190000",3185000.5,"Fst",0,0,0.0373935790190181,0.0925877330001041
"3181001","3191000",3186000.5,"Fst",0,0,0.0345125260404487,0.0998634314807719
"3182001","3192000",3187000.5,"Fst",0.000592973186948065,0,0.0337388410526794,0.107168296466381
"3183001","3193000",3188000.5,"Fst",0.0287059587595389,0,0.0275178924750487,0.0830109717250809
"3184001","3194000",3189000.5,"Fst",0.0322880631923923,0,0.0265770355266215,0.0790692606829966
"3185001","3195000",3190000.5,"Fst",0.0374613231177251,0,0.0249153156494948,0.0686510424783388
"3186001","3196000",3191000.5,"Fst",0.0365763560882443,0,0.0229464795651347,0.0640990437395197
"3187001","3197000",3192000.5,"Fst",0.0294644352288735,0,0.0236307009539293,0.0572663517248928
"3188001","3198000",3193000.5,"Fst",0.0358826241723381,0,0.022444605881342,0.0534790309036935
"3189001","3199000",3194000.5,"Fst",0.034272962179939,0,0.0218229333311682,0.0516342869125452
"3190001","3200000",3195000.5,"Fst",0.0315835302101941,0,0.0208260178383834,0.0446382002379196
"3191001","3201000",3196000.5,"Fst",0.034614162152658,0,0.0201915020072628,0.0359747310235911
"3192001","3202000",3197000.5,"Fst",0.0305877784788623,0,0.0219374314480381,0.0461182721821022
"3193001","3203000",3198000.5,"Fst",0.0437027016052336,0,0.0272581018279066,0.0796435775693497
"3194001","3204000",3199000.5,"Fst",0.042063643117199,0,0.0290760927045117,0.0917358203530346
"3195001","3205000",3200000.5,"Fst",0.104145790662255,0,0.0273230723852787,0.0797611277901056
"3196001","3206000",3201000.5,"Fst",0.15319779534709,0,0.0327154674127089,0.0755736801855388
"3197001","3207000",3202000.5,"Fst",0.150193487345265,0,0.0343370554539893,0.0802808922920656
"3198001","3208000",3203000.5,"Fst",0.15126606810398,0,0.0345674853449065,0.0808748938514148
"3199001","3209000",3204000.5,"Fst",0.152930690992975,0,0.0350710817669169,0.0818441384871127
"3200001","3210000",3205000.5,"Fst",0.15801516373322,0,0.0360042504735449,0.0858466428725636
"3201001","3211000",3206000.5,"Fst",0.152254916520845,0,0.0342264266789146,0.0831019412948185
"3202001","3212000",3207000.5,"Fst",0.157628534320947,0,0.0360187807841701,0.0872319253837731
"3203001","3213000",3208000.5,"Fst",0.149188090470091,0,0.03494023603291,0.0883163925853216
"3204001","3214000",3209000.5,"Fst",0.151000615820313,0,0.0356248449593254,0.0910752303545844
"3205001","3215000",3210000.5,"Fst",0.11537506341652,0,0.0333852499627221,0.0807533122799973
"3206001","3216000",3211000.5,"Fst",0.0186570547033792,0,0.0299108612742938,0.0700622292795622
"3207001","3217000",3212000.5,"Fst",0,0,0.030327763202483,0.0627410923511386
"3208001","3218000",3213000.5,"Fst",0,0,0.0273492274027389,0.0564146703352109
"3209001","3219000",3214000.5,"Fst",0.00277543220875132,0,0.0243171222647901,0.0493702525802688
"3210001","3220000",3215000.5,"Fst",0.00442568664979381,0,0.0231499555476878,0.0448849741381175
"3211001","3221000",3216000.5,"Fst",0.00879623521132977,0,0.0206322672677964,0.0402775241154181
"3212001","3222000",3217000.5,"Fst",0.0137888565848786,0,0.0250431607299044,0.0591711984382963
"3213001","3223000",3218000.5,"Fst",0.0172653752622022,0,0.0317744541622153,0.0734280035409165
"3214001","3224000",3219000.5,"Fst",0.0179603299457539,0,0.0319197418190284,0.0776769671286948
"3215001","3225000",3220000.5,"Fst",0.0178103376342154,0,0.0361914947221762,0.0829776451318465
"3216001","3226000",3221000.5,"Fst",0.0178613354511161,0,0.0362962558623741,0.0832918704376451
"3217001","3227000",3222000.5,"Fst",0.0180507210719475,0,0.036145315581689,0.0819921881128433
"3218001","3228000",3223000.5,"Fst",0.0159309027535961,0,0.0349723475781364,0.0807445485529791
"3219001","3229000",3224000.5,"Fst",0.0124056131165554,0,0.0338862040694528,0.083100927660078
"3220001","3230000",3225000.5,"Fst",0.0111465889676446,0,0.0329182157973635,0.0826682079040969
"3221001","3231000",3226000.5,"Fst",0.00936306014278698,0,0.0354482301465069,0.0784973474443371
"3222001","3232000",3227000.5,"Fst",0.00689763408796651,0,0.0329386909098672,0.0898815229477397
"3223001","3233000",3228000.5,"Fst",0.0055653916092292,0,0.0321982693927526,0.0921732664063952
"3224001","3234000",3229000.5,"Fst",0.0239698401336197,0,0.0295266533097804,0.0812344201257018
"3225001","3235000",3230000.5,"Fst",0.0211330505959786,0,0.0277282472481271,0.0788620683475799
"3226001","3236000",3231000.5,"Fst",0.0191445468298721,0,0.0260176260110139,0.0731492662232699
"3227001","3237000",3232000.5,"Fst",0.0168531656061824,0,0.024702980980148,0.0689404742214891
"3228001","3238000",3233000.5,"Fst",0.0152186926009674,0,0.0231791489304624,0.0549908798661709
"3229001","3239000",3234000.5,"Fst",0.0167571631998509,0,0.0222860127331555,0.0626758942259185
"3230001","3240000",3235000.5,"Fst",0.0178251918397905,0,0.0231108067498784,0.0643043121232151
"3231001","3241000",3236000.5,"Fst",0.0110756262003247,0,0.0221681354875868,0.0521727429931071
"3232001","3242000",3237000.5,"Fst",0.0119111330188016,0,0.019753682565978,0.0471830455877074
"3233001","3243000",3238000.5,"Fst",0.011129126818365,0,0.0202090158372776,0.047114510911789
"3234001","3244000",3239000.5,"Fst",0,0,0.0229295519136737,0.0472328025188065
"3235001","3245000",3240000.5,"Fst",0,0,0.0203124642350504,0.0439691034651362
"3236001","3246000",3241000.5,"Fst",0,0,0.0229315265665576,0.0480119990687967
"3237001","3247000",3242000.5,"Fst",0,0,0.0223963662958734,0.0497427573872858
"3238001","3248000",3243000.5,"Fst",0,0,0.0227372020200021,0.0431448662520634
"3239001","3249000",3244000.5,"Fst",0,0,0.0250367874417514,0.050740646710686
"3240001","3250000",3245000.5,"Fst",0,0,0.0234893580199058,0.0599578192982336
"3241001","3251000",3246000.5,"Fst",0.00791650802364741,0,0.0293286361965441,0.0597799214970745
"3242001","3252000",3247000.5,"Fst",0.011225240171076,0,0.0289578127150173,0.0588174550393274
"3243001","3253000",3248000.5,"Fst",0.0122315083290693,0,0.0247496198295409,0.0548019445273359
"3244001","3254000",3249000.5,"Fst",0.0102387982387984,0,0.0250699171994591,0.0595308626761397
"3245001","3255000",3250000.5,"Fst",0.0191511653870596,0,0.0217533070225491,0.0536653853893616
"3246001","3256000",3251000.5,"Fst",0.0191196495760436,0,0.0213924193551564,0.0528824538368314
"3247001","3257000",3252000.5,"Fst",0.0256717281013956,0,0.0219052406714949,0.048307506223048
"3248001","3258000",3253000.5,"Fst",0.0264779649373682,0,0.0231418561887282,0.0524109049699421
"3249001","3259000",3254000.5,"Fst",0.0436731647779857,0,0.0258742485234582,0.0656876225150033
"3250001","3260000",3255000.5,"Fst",0.0455996196374365,0,0.0289567768571784,0.079361963777591
"3251001","3261000",3256000.5,"Fst",0.0434401888153905,0,0.0293693431904328,0.0880837612998168
"3252001","3262000",3257000.5,"Fst",0.0433363112908983,0,0.0280663110956971,0.0869476109551722
"3253001","3263000",3258000.5,"Fst",0.0526495988553324,0,0.0304254650541523,0.0840707398222942
"3254001","3264000",3259000.5,"Fst",0.0554746501366971,0,0.0318682853696592,0.076240172613956
"3255001","3265000",3260000.5,"Fst",0.0514495692648489,0,0.0321339969848909,0.0780075505547486
"3256001","3266000",3261000.5,"Fst",0.048542385884158,0,0.0326430478399196,0.0880997127979783
"3257001","3267000",3262000.5,"Fst",0.044316204234643,0,0.0358825179446021,0.107794480018831
"3258001","3268000",3263000.5,"Fst",0.0500371152545067,0,0.0357928584285732,0.117701920585435
"3259001","3269000",3264000.5,"Fst",0.0392050744213388,0,0.0397269603855272,0.129613660213061
"3260001","3270000",3265000.5,"Fst",0.0375558892808221,0,0.0402883451940979,0.137870912650363
"3261001","3271000",3266000.5,"Fst",0.0372121794311995,0,0.0414276384934859,0.141546880483467
"3262001","3272000",3267000.5,"Fst",0.0362160843191971,0,0.0421984896035767,0.138953663591715
"3263001","3273000",3268000.5,"Fst",0.0301876853059481,0,0.0422288942061936,0.129870513780412
"3264001","3274000",3269000.5,"Fst",0.0240404803608432,0,0.0396942846403146,0.120279289958319
"3265001","3275000",3270000.5,"Fst",0.028662375176545,0,0.0365670423214127,0.102820420112582
"3266001","3276000",3271000.5,"Fst",0.0273621346666318,0,0.0313557119553357,0.0818769457641769
"3267001","3277000",3272000.5,"Fst",0.0264947644305255,0,0.0219888055604868,0.0381797427695411
"3268001","3278000",3273000.5,"Fst",0.0122546902739792,0,0.0197571944028606,0.0368164140463727
"3269001","3279000",3274000.5,"Fst",0.0127308238636362,0,0.01859170071843,0.0338248462116362
"3270001","3280000",3275000.5,"Fst",0.013277064307036,0,0.0171498239688041,0.0340168581297848
"3271001","3281000",3276000.5,"Fst",0.0131159666402506,0,0.019314925461979,0.0392093684327351
"3272001","3282000",3277000.5,"Fst",0.018264209694924,0,0.0205309367977703,0.0400911302262027
"3273001","3283000",3278000.5,"Fst",0.0149970211949554,0,0.0218759161925492,0.0428895413713352
"3274001","3284000",3279000.5,"Fst",0.0149730687473618,0,0.0206979263067724,0.0436853505063329
"3275001","3285000",3280000.5,"Fst",0.0124649089296917,0,0.0215081366455671,0.0489770244529868
"3276001","3286000",3281000.5,"Fst",0.0127929109708754,0,0.0217069406023618,0.0568490847936718
"3277001","3287000",3282000.5,"Fst",0.0106234317699286,0,0.024257417834574,0.0681840407771086
"3278001","3288000",3283000.5,"Fst",0.0125853328827307,0,0.026234511901066,0.07226921542801
"3279001","3289000",3284000.5,"Fst",0.0193832279465119,0,0.0269294465075582,0.0784864902077629
"3280001","3290000",3285000.5,"Fst",0.0221998165369773,0,0.0272377518083256,0.0770010131712259
"3281001","3291000",3286000.5,"Fst",0.0276143265672772,0,0.0246039302632307,0.0678272552932087
"3282001","3292000",3287000.5,"Fst",0.020703292812718,0,0.022692633776788,0.0574772378376717
"3283001","3293000",3288000.5,"Fst",0.0277085180186295,0,0.0271290400506914,0.0640370865916775
"3284001","3294000",3289000.5,"Fst",0.028295392379352,0,0.0263196495826094,0.0648664863839492
"3285001","3295000",3290000.5,"Fst",0.0268984718984719,0,0.0268335302799063,0.0670139996455785
"3286001","3296000",3291000.5,"Fst",0.0299630556034729,0,0.0238883162536368,0.049780310766129
"3287001","3297000",3292000.5,"Fst",0.0226596750623226,0,0.0293908298139644,0.0662193030785135
"3288001","3298000",3293000.5,"Fst",0.0222901357818435,0,0.0258729328017547,0.0579700784837686
"3289001","3299000",3294000.5,"Fst",0.0172578952613777,0,0.0228178131640343,0.0467932177299893
"3290001","3300000",3295000.5,"Fst",0.0147714987714986,0,0.0229223615466357,0.0492711641067977
"3291001","3301000",3296000.5,"Fst",0.0119491599082685,0,0.0245639248186362,0.0512217334070739
"3292001","3302000",3297000.5,"Fst",0.0109361659577414,0,0.0236450340945069,0.0491041711425824
"3293001","3303000",3298000.5,"Fst",0.0113210536739948,0,0.0246993552627121,0.0505680362176475
"3294001","3304000",3299000.5,"Fst",0.0140850452488779,0,0.0279454679190315,0.0560766946775955
"3295001","3305000",3300000.5,"Fst",0.014079802776179,0,0.0230066841729036,0.0464808150789628
"3296001","3306000",3301000.5,"Fst",0.0142469736802717,0,0.0225591328787437,0.0506248274686426
"3297001","3307000",3302000.5,"Fst",0.0202234561198245,0,0.0220049597331087,0.0491821240969458
"3298001","3308000",3303000.5,"Fst",0.0211918418947857,0,0.0245333912710163,0.0617514620341211
"3299001","3309000",3304000.5,"Fst",0.0178599577388231,0,0.0528147001028998,0.131427567950394
"3300001","3310000",3305000.5,"Fst",0.0058891967054483,0,0.049787373997365,0.118976544770261
"3301001","3311000",3306000.5,"Fst",0.00376725091442387,0,0.0402820574319748,0.0975796239749523
"3302001","3312000",3307000.5,"Fst",0.0115354443593989,0,0.0372135287824125,0.0864400515206251
"3303001","3313000",3308000.5,"Fst",0.00908436107451438,0,0.0321715063436884,0.0753789587713013
"3304001","3314000",3309000.5,"Fst",0.00867597128364328,0,0.0242114044040897,0.0490139754955268
"3305001","3315000",3310000.5,"Fst",0.00618725728424829,0,0.0223338935451882,0.0416535483634952
"3306001","3316000",3311000.5,"Fst",0.00359484069248484,0,0.0265600964351903,0.045440863618926
"3307001","3317000",3312000.5,"Fst",0.00304456168224942,0,0.0260309900724273,0.060550712605507
"3308001","3318000",3313000.5,"Fst",0.00407074038398159,0,0.0257175772450901,0.0587133837524967
"3309001","3319000",3314000.5,"Fst",0.00399170943052274,0,0.0254104880802782,0.0572503681081966
"3310001","3320000",3315000.5,"Fst",0.00566816299927475,0,0.024401647099275,0.060772159508383
"3311001","3321000",3316000.5,"Fst",0.00552761659144629,0,0.0228559570650675,0.0557471372352529
"3312001","3322000",3317000.5,"Fst",0.0023283286245388,0,0.0237717869497153,0.0600477991528576
"3313001","3323000",3318000.5,"Fst",0.0013264340340865,0,0.0240359034140587,0.0632711118211997
"3314001","3324000",3319000.5,"Fst",0,0,0.0264122276392667,0.0589597985586524
"3315001","3325000",3320000.5,"Fst",0.0503014915899715,0,0.0257054691765613,0.0518361605009379
"3316001","3326000",3321000.5,"Fst",0.0575927578732629,0,0.0243686381460627,0.0440822883615181
"3317001","3327000",3322000.5,"Fst",0.0707454825405197,0,0.0260169599722702,0.0572939034614455
"3318001","3328000",3323000.5,"Fst",0.071959140174137,0,0.02555284185132,0.0596291793313068
"3319001","3329000",3324000.5,"Fst",0.0711272462038326,0,0.0245544497115793,0.0584275827920367
"3320001","3330000",3325000.5,"Fst",0.0703194191782617,0,0.0244567222493528,0.0573122000599509
"3321001","3331000",3326000.5,"Fst",0.0820975390681494,0,0.0282606280995081,0.0684627277759846
"3322001","3332000",3327000.5,"Fst",0.0783604432430723,0,0.025066841755567,0.0558100435601547
"3323001","3333000",3328000.5,"Fst",0.0885886131316158,0,0.0226468718914259,0.0545115067303518
"3324001","3334000",3329000.5,"Fst",0.0595608837444306,0,0.0220036910676465,0.0432282003710576
"3325001","3335000",3330000.5,"Fst",0.00955701254173213,0,0.0353647203097902,0.0823739885264113
"3326001","3336000",3331000.5,"Fst",0.00455073421464081,0,0.0444333563639423,0.0979340483400536
"3327001","3337000",3332000.5,"Fst",0.00457237716693604,0,0.0436688808601619,0.0962173666502041
"3328001","3338000",3333000.5,"Fst",0.00231554834794523,0,0.0426176806482537,0.0955300767843841
"3329001","3339000",3334000.5,"Fst",0,0,0.0394881462932908,0.0964228098811728
"3330001","3340000",3335000.5,"Fst",0,0,0.041318886282674,0.122544224988462
"3331001","3341000",3336000.5,"Fst",0,0,0.0412655509467981,0.122060879219415
"3332001","3342000",3337000.5,"Fst",0,0,0.04251684516343,0.126159687230434
"3333001","3343000",3338000.5,"Fst",0,0,0.042178196012344,0.126455457475329
"3334001","3344000",3339000.5,"Fst",0,0,0.0467398232603205,0.139297057280821
"3335001","3345000",3340000.5,"Fst",0,0,0.0505433115075539,0.150444643590568
"3336001","3346000",3341000.5,"Fst",0,0,0.0573964428624991,0.154403923167428
"3337001","3347000",3342000.5,"Fst",0,0,0.0585366930459943,0.157309231667016
"3338001","3348000",3343000.5,"Fst",0,0,0.0584224799816222,0.154333337778839
"3339001","3349000",3344000.5,"Fst",0.00469562719717265,0,0.0521909387120812,0.140404986032863
"3340001","3350000",3345000.5,"Fst",0.0224993103047728,0,0.0202226473854037,0.0718847795663763
"3341001","3351000",3346000.5,"Fst",0.0236328043650298,0,0.0207860524588057,0.0724030035251436
"3342001","3352000",3347000.5,"Fst",0.0239286741443774,0,0.0208038196038365,0.070922262992958
"3343001","3353000",3348000.5,"Fst",0.023232208695413,0,0.0232140605424454,0.0629893404086952
"3344001","3354000",3349000.5,"Fst",0.0227755800138394,0,0.0224857518365631,0.0609152040948843
"3345001","3355000",3350000.5,"Fst",0.0236475001465331,0,0.0205302705055297,0.0540155811422351
"3346001","3356000",3351000.5,"Fst",0.0303693104388116,0,0.0216779779119301,0.0614317512463477
"3347001","3357000",3352000.5,"Fst",0.0295401946463243,0,0.0213353761725834,0.05973274073386
"3348001","3358000",3353000.5,"Fst",0.0263752644739373,0,0.0218056251277288,0.0631462044307827
"3349001","3359000",3354000.5,"Fst",0.0260500313935429,0,0.0223559723592937,0.0668823420370425
"3350001","3360000",3355000.5,"Fst",0.0201009776114313,0,0.020336486265184,0.0618196004963804
"3351001","3361000",3356000.5,"Fst",0.0326355506089813,0,0.0220459297364316,0.0497771618401252
"3352001","3362000",3357000.5,"Fst",0.0313525268283458,0,0.0258016432571939,0.0517658639937627
"3353001","3363000",3358000.5,"Fst",0.0320580249701228,0,0.0268632063844456,0.0568293332270127
"3354001","3364000",3359000.5,"Fst",0.0326922420754523,0,0.0278886143658495,0.0584850882140302
"3355001","3365000",3360000.5,"Fst",0.0338109583165472,0,0.0274013901887028,0.0631664718106913
"3356001","3366000",3361000.5,"Fst",0.0382252953807141,0,0.0305021045365774,0.0676118179254808
"3357001","3367000",3362000.5,"Fst",0.0372895801346088,0,0.0290216126471184,0.064753579775902
"3358001","3368000",3363000.5,"Fst",0.0441095850592254,0,0.0335976494577271,0.0828766216934993
"3359001","3369000",3364000.5,"Fst",0.0442943690784715,0,0.0324136450499895,0.0804278995009728
"3360001","3370000",3365000.5,"Fst",0.0404162159377736,0,0.0285232367806358,0.0612088249484628
"3361001","3371000",3366000.5,"Fst",0.0258156599709286,0,0.0261648288458672,0.0504928733394834
"3362001","3372000",3367000.5,"Fst",0.0263818797829743,0,0.0221657734314485,0.0482011272805798
"3363001","3373000",3368000.5,"Fst",0.0185677855124406,0,0.0210888823089925,0.0398025711662074
"3364001","3374000",3369000.5,"Fst",0.0179646936656283,0,0.0202339836905508,0.0382973241330771
"3365001","3375000",3370000.5,"Fst",0.00833291685408233,0,0.0213729725187959,0.0519994212251491
"3366001","3376000",3371000.5,"Fst",0.00606617903169626,0,0.019995273698463,0.0433132190508007
"3367001","3377000",3372000.5,"Fst",0.00586024924537898,0,0.0214179397017894,0.0473179660712414
"3368001","3378000",3373000.5,"Fst",0.00571579723440074,0,0.0215373933379847,0.0474352769977195
"3369001","3379000",3374000.5,"Fst",0.00543643129167082,0,0.0205780558301709,0.0488862525832056
"3370001","3380000",3375000.5,"Fst",0.00291953809749879,0,0.0225667701498142,0.0542194561754464
"3371001","3381000",3376000.5,"Fst",0.00935167507057655,0,0.0213430376897754,0.0499179687437841
"3372001","3382000",3377000.5,"Fst",0.0103175638986773,0,0.0215213714695521,0.0501849429171098
"3373001","3383000",3378000.5,"Fst",0.0130734798970094,0,0.0229164940844093,0.0599414222218131
"3374001","3384000",3379000.5,"Fst",0.0127837997328945,0,0.0236375297180873,0.057703261816348
"3375001","3385000",3380000.5,"Fst",0.0195520232782863,0,0.0244755214273774,0.0645266070861499
"3376001","3386000",3381000.5,"Fst",0.0212127896367446,0,0.0281494826810713,0.0752382844551324
"3377001","3387000",3382000.5,"Fst",0.0214064811079737,0,0.0288782911067763,0.0834657125863887
"3378001","3388000",3383000.5,"Fst",0.0214844804318489,0,0.0289614156064509,0.0837288511714231
"3379001","3389000",3384000.5,"Fst",0.019582716400661,0,0.0283044548553237,0.082951266143782
"3380001","3390000",3385000.5,"Fst",0.0206763545606521,0,0.0321877203088093,0.0861390250329381
"3381001","3391000",3386000.5,"Fst",0.014552137147557,0,0.0298086108622536,0.078974328003812
"3382001","3392000",3387000.5,"Fst",0.0230110298212001,0,0.0271697207219192,0.0699821115738579
"3383001","3393000",3388000.5,"Fst",0.0242138150575135,0,0.0252784036325953,0.0492829693504546
"3384001","3394000",3389000.5,"Fst",0.0256101501519698,0,0.0253960552316084,0.0505681661229852
"3385001","3395000",3390000.5,"Fst",0.0360219133261223,0,0.0242091766057936,0.0568481848184816
"3386001","3396000",3391000.5,"Fst",0.033082470994042,0,0.0290343925106106,0.0694537762846833
"3387001","3397000",3392000.5,"Fst",0.0342231250391503,0,0.0320307030962536,0.0785021459480839
"3388001","3398000",3393000.5,"Fst",0.0301665136738926,0,0.0310980340678922,0.0702688276523249
"3389001","3399000",3394000.5,"Fst",0.0347795819032048,0,0.0322489120713318,0.0767200296052725
"3390001","3400000",3395000.5,"Fst",0.0353061643539533,0,0.0278811301208193,0.0713708692629956
"3391001","3401000",3396000.5,"Fst",0.0312968098128856,0,0.0261260216453965,0.065648290209981
"3392001","3402000",3397000.5,"Fst",0.0219728812774285,0,0.0276262588186448,0.0715363987628618
"3393001","3403000",3398000.5,"Fst",0.0205443691047863,0,0.0218624340623202,0.0464831771173069
"3394001","3404000",3399000.5,"Fst",0.0185523240673898,0,0.0213557712014985,0.0526194757873245
"3395001","3405000",3400000.5,"Fst",0,0,0.0229419876672456,0.0514175947709767
"3396001","3406000",3401000.5,"Fst",0,0,0.0216345328578961,0.0378876176520317
"3397001","3407000",3402000.5,"Fst",0.00160534600305151,0,0.0194295509066488,0.037533934070948
"3398001","3408000",3403000.5,"Fst",0.00196873772393813,0,0.0190736299301854,0.0385675342356895
"3399001","3409000",3404000.5,"Fst",0.00198549803292891,0,0.0192089389201847,0.0388877132993994
"3400001","3410000",3405000.5,"Fst",0,0,0.024742001915531,0.0641460475989818
"3401001","3411000",3406000.5,"Fst",0.00788528411479217,0,0.025522288097889,0.0707249367199421
"3402001","3412000",3407000.5,"Fst",0.0270084981789616,0,0.0302860613937726,0.091247043183563
"3403001","3413000",3408000.5,"Fst",0.0290092519758776,0,0.0269309559875901,0.085094551761391
"3404001","3414000",3409000.5,"Fst",0.0330374179360304,0,0.0277085728969073,0.084778775487485
"3405001","3415000",3410000.5,"Fst",0.041533141317823,0,0.0308130874929462,0.0844741203406555
"3406001","3416000",3411000.5,"Fst",0.038087916574372,0,0.0292334376070065,0.0794827709721326
"3407001","3417000",3412000.5,"Fst",0.0366265731586807,0,0.0282465246474564,0.0795957373939054
"3408001","3418000",3413000.5,"Fst",0.0380515502973705,0,0.0299342873146088,0.0832697943317957
"3409001","3419000",3414000.5,"Fst",0.052682232467229,0,0.0310187591882416,0.0673217530178839
"3410001","3420000",3415000.5,"Fst",0.0586085804334255,0,0.0230568693287606,0.0534813374385568
"3411001","3421000",3416000.5,"Fst",0.0497503787420264,0,0.0259570128225321,0.0590155476693237
"3412001","3422000",3417000.5,"Fst",0.0373186520218759,0,0.0238099396120073,0.0499194141201073
"3413001","3423000",3418000.5,"Fst",0.0375694486842909,0,0.0245134233294469,0.0507110893152701
"3414001","3424000",3419000.5,"Fst",0.0421576468497291,0,0.0248807827611293,0.0485866068088291
"3415001","3425000",3420000.5,"Fst",0.0363627596666799,0,0.0238161592741232,0.0468060606060606
"3416001","3426000",3421000.5,"Fst",0.035887274873789,0,0.023309155973593,0.0508818320560845
"3417001","3427000",3422000.5,"Fst",0.0353906108392241,0,0.0222278609275871,0.0506835269993166
"3418001","3428000",3423000.5,"Fst",0.0323654109522984,0,0.0219153418991568,0.0482587517640097
"3419001","3429000",3424000.5,"Fst",0.0072237617369314,0,0.0193317202023997,0.0378174509957456
"3420001","3430000",3425000.5,"Fst",0,0,0.020222254537385,0.0363996628465001
"3421001","3431000",3426000.5,"Fst",0.00145470271970427,0,0.0251636139758952,0.0444141064927581
"3422001","3432000",3427000.5,"Fst",0,0,0.0248095564555402,0.0528166403246891
"3423001","3433000",3428000.5,"Fst",0.00403303621146234,0,0.0247952591186899,0.0525634029646979
"3424001","3434000",3429000.5,"Fst",0.00290819377990414,0,0.0246849091496414,0.0515187362584838
"3425001","3435000",3430000.5,"Fst",0.00272323523313811,0,0.0243716117025725,0.0511681352926113
"3426001","3436000",3431000.5,"Fst",0.00275326394626785,0,0.0235392138295089,0.0554396206728039
"3427001","3437000",3432000.5,"Fst",0.00315414360451904,0,0.0243197012231573,0.0556366691764604
"3428001","3438000",3433000.5,"Fst",0.00353000929196179,0,0.0242317472216416,0.0568951048951049
"3429001","3439000",3434000.5,"Fst",0.00694066085069023,0,0.0238464045188457,0.0529937757517314
"3430001","3440000",3435000.5,"Fst",0.0089043453060188,0,0.0236521316142158,0.0515496629548247
"3431001","3441000",3436000.5,"Fst",0.0106538695147546,0,0.0205137329420339,0.0433856160143683
"3432001","3442000",3437000.5,"Fst",0.0134262845339529,0,0.0197740735658842,0.0400535634578186
"3433001","3443000",3438000.5,"Fst",0.01244396629012,0,0.0176659163514026,0.0517970856006322
"3434001","3444000",3439000.5,"Fst",0.00984514161919292,0,0.0195153908198633,0.0523495267920747
"3435001","3445000",3440000.5,"Fst",0.0124007285974498,0,0.0203357324061072,0.0540550765096468
"3436001","3446000",3441000.5,"Fst",0.047648691479954,0,0.0291811503018855,0.0694525662363367
"3437001","3447000",3442000.5,"Fst",0.0486051693404633,0,0.0293129842883249,0.0711796327106771
"3438001","3448000",3443000.5,"Fst",0.0512034418717511,0,0.0307279961330545,0.0742528522316549
"3439001","3449000",3444000.5,"Fst",0.0405837572808375,0,0.035782106338024,0.0929061862811988
"3440001","3450000",3445000.5,"Fst",0.0343826876698849,0,0.0352488450566533,0.0838245261680431
"3441001","3451000",3446000.5,"Fst",0.0343826876698849,0,0.0352488450566533,0.0838245261680431
"3442001","3452000",3447000.5,"Fst",0.033873086040105,0,0.0347255052488507,0.0834352407636831
"3443001","3453000",3448000.5,"Fst",0.0279896327448774,0,0.0284592306066272,0.0740016956797367
"3444001","3454000",3449000.5,"Fst",0.0222090709355742,0,0.0330799159908252,0.072550018113517
"3445001","3455000",3450000.5,"Fst",0.035547829765904,0,0.0320072553774135,0.0686442186603723
"3446001","3456000",3451000.5,"Fst",0.0174133719137635,0,0.0347343370722479,0.0699034754188388
"3447001","3457000",3452000.5,"Fst",0.0192665614731261,0,0.0344562538721702,0.0685061366215903
"3448001","3458000",3453000.5,"Fst",0.0164097808687972,0,0.0288140819649476,0.0568650865956997
"3449001","3459000",3454000.5,"Fst",0.0255907139376388,0,0.0287764178768543,0.0605314562875795
"3450001","3460000",3455000.5,"Fst",0.0314088765711431,0,0.0286227128734687,0.0614530466937202
"3451001","3461000",3456000.5,"Fst",0.0286261124394441,0,0.0281472534627423,0.0525300929759928
"3452001","3462000",3457000.5,"Fst",0.0267624069314538,0,0.0291926884954761,0.051447750037635
"3453001","3463000",3458000.5,"Fst",0.0291083150478201,0,0.0319445076984711,0.0560352509073523
"3454001","3464000",3459000.5,"Fst",0.0355223588144589,0,0.0280241549019096,0.0594090952147217
"3455001","3465000",3460000.5,"Fst",0.0232937019796982,0,0.0295496130205333,0.0595692488838738
"3456001","3466000",3461000.5,"Fst",0.0240984942515767,0,0.0312714105660976,0.0621831475271155
"3457001","3467000",3462000.5,"Fst",0.0219896197306853,0,0.03159632233122,0.0642175949438518
"3458001","3468000",3463000.5,"Fst",0.0264298635701056,0,0.0311659944259133,0.0793154803372439
"3459001","3469000",3464000.5,"Fst",0.0197495459325112,0,0.0352084955959541,0.0886257770550672
"3460001","3470000",3465000.5,"Fst",0.0175762198645493,0,0.0373338761889295,0.0847067298754415
"3461001","3471000",3466000.5,"Fst",0.0174883159957786,0,0.0352168118005366,0.0840517854602363
"3462001","3472000",3467000.5,"Fst",0.0238315153911123,0,0.0314030014669904,0.072237785712106
"3463001","3473000",3468000.5,"Fst",0.0153798793252063,0,0.0253685207667948,0.0514266589519304
"3464001","3474000",3469000.5,"Fst",0.0153453303197087,0,0.0222435744212467,0.0431567008616772
"3465001","3475000",3470000.5,"Fst",0.0153722028428371,0,0.023301427423129,0.044824345629665
"3466001","3476000",3471000.5,"Fst",0.0192586431561729,0,0.0214317906448749,0.0432345769731788
"3467001","3477000",3472000.5,"Fst",0.0202759627375595,0,0.0222783276830487,0.0452098832623805
"3468001","3478000",3473000.5,"Fst",0.0229155697300658,0,0.0193380702483072,0.0391483297834442
"3469001","3479000",3474000.5,"Fst",0.0193407172277247,0,0.0201142216970461,0.0438609103980488
"3470001","3480000",3475000.5,"Fst",0.015899943452084,0,0.0205028511075152,0.0445470746453506
"3471001","3481000",3476000.5,"Fst",0.0202189966895849,0,0.0212581216289926,0.0411238708168754
"3472001","3482000",3477000.5,"Fst",0.0185298679680702,0,0.0222602795525404,0.0432935052893328
"3473001","3483000",3478000.5,"Fst",0.0276635795497326,0,0.0226900242679392,0.0434680288494815
"3474001","3484000",3479000.5,"Fst",0.0255033966872757,0,0.0239246761520983,0.0450231855925807
"3475001","3485000",3480000.5,"Fst",0.0255064974753261,0,0.0218058656742868,0.0409381007304883
"3476001","3486000",3481000.5,"Fst",0.0210738086256759,0,0.0190970099410115,0.0371716190560289
"3477001","3487000",3482000.5,"Fst",0.0213627180899908,0,0.0188780671988699,0.0372944709877755
"3478001","3488000",3483000.5,"Fst",0.0164125292389947,0,0.0212399763028611,0.0446608946608946
"3479001","3489000",3484000.5,"Fst",0.0139314403881332,0,0.019272152483994,0.0395985014490706
"3480001","3490000",3485000.5,"Fst",0.0161174292942764,0,0.0186855800905497,0.0401365747368641
"3481001","3491000",3486000.5,"Fst",0.00993424814179522,0,0.0205485170857512,0.04205873353889
"3482001","3492000",3487000.5,"Fst",0.00394001278957024,0,0.0215713978662504,0.0422561706087936
"3483001","3493000",3488000.5,"Fst",0.0153335629431607,0,0.018204921017596,0.0334027004172675
"3484001","3494000",3489000.5,"Fst",0.011836236763773,0,0.018979895653585,0.0295539557161872
"3485001","3495000",3490000.5,"Fst",0.0107387236419496,0,0.0193241637539995,0.028826192964124
"3486001","3496000",3491000.5,"Fst",0.0113122014157688,0,0.0193680749496368,0.0286037303632611
"3487001","3497000",3492000.5,"Fst",0.0113861564515547,0,0.0201955327953958,0.0299442996576218
"3488001","3498000",3493000.5,"Fst",0.0134758528239319,0,0.0195520917218509,0.0292047397807169
"3489001","3499000",3494000.5,"Fst",0.0224792239390779,0,0.0207664388299867,0.0423997124287074
"3490001","3500000",3495000.5,"Fst",0.0205259406009874,0,0.0197012711233575,0.0409716700622691
"3491001","3501000",3496000.5,"Fst",0.0187635783326985,0,0.021882228575644,0.0610043992115895
"3492001","3502000",3497000.5,"Fst",0.0225753759255019,0,0.0237025222578697,0.0650189997617093
"3493001","3503000",3498000.5,"Fst",0.017248302407959,0,0.0235522357242094,0.0727818816664038
"3494001","3504000",3499000.5,"Fst",0.0189090501106658,0,0.0250201459246537,0.0785313307525519
"3495001","3505000",3500000.5,"Fst",0.0196740008553913,0,0.0258471686913428,0.0805908851450872
"3496001","3506000",3501000.5,"Fst",0.0194298476090383,0,0.027040451008364,0.0823890736228938
"3497001","3507000",3502000.5,"Fst",0.0142235661334373,0,0.0275383988266135,0.077797527457951
"3498001","3508000",3503000.5,"Fst",0.0128273976375243,0,0.0275976113742928,0.0781521129768546
"3499001","3509000",3504000.5,"Fst",0.00783158893565161,0,0.0299784633044204,0.0748200788656286
"3500001","3510000",3505000.5,"Fst",0.00793284075470591,0,0.0270807530057641,0.0789132682237014
"3501001","3511000",3506000.5,"Fst",0.0101110040332656,0,0.029415659736806,0.0748492831186679
"3502001","3512000",3507000.5,"Fst",0.00994288769167628,0,0.0316002433197484,0.0795446335723278
"3503001","3513000",3508000.5,"Fst",0.0102720175276183,0,0.0326465944431672,0.0817912856374393
"3504001","3514000",3509000.5,"Fst",0.0137571200729095,0,0.0299007289209172,0.073065309455533
"3505001","3515000",3510000.5,"Fst",0.0137467841449809,0,0.0299138181968562,0.0730119270146408
"3506001","3516000",3511000.5,"Fst",0.0135834964342759,0,0.0295613018983895,0.0722204493833648
"3507001","3517000",3512000.5,"Fst",0.0204874395255156,0,0.0306280948148841,0.0743106743106743
"3508001","3518000",3513000.5,"Fst",0.0209779049040334,0,0.0313944358270437,0.076233686215202
"3509001","3519000",3514000.5,"Fst",0.0246604297589597,0,0.0287679524751082,0.0701172854257747
"3510001","3520000",3515000.5,"Fst",0.0295101615124433,0,0.0292563415859502,0.0748916935653738
"3511001","3521000",3516000.5,"Fst",0.0297878787878788,0,0.0269260351322316,0.0811198566438324
"3512001","3522000",3517000.5,"Fst",0.0283483152419719,0,0.0271099170572619,0.0820821986154711
"3513001","3523000",3518000.5,"Fst",0.0253317916384871,0,0.0277119818293172,0.0818798511430091
"3514001","3524000",3519000.5,"Fst",0.0227337856880646,0,0.0208897512965225,0.0351887736118024
"3515001","3525000",3520000.5,"Fst",0.0227961432506888,0,0.0210481655266433,0.0367673336475012
"3516001","3526000",3521000.5,"Fst",0.0219531160663236,0,0.0201609521658332,0.0352904514619665
"3517001","3527000",3522000.5,"Fst",0.0167211779695524,0,0.0227594295436511,0.0404201073100194
"3518001","3528000",3523000.5,"Fst",0.0160866378547779,0,0.0217103386457621,0.0387183786542247
"3519001","3529000",3524000.5,"Fst",0.00188098767793665,0,0.0236544190626901,0.0416151515151514
"3520001","3530000",3525000.5,"Fst",0,0,0.0259748930257753,0.0508722902650796
"3521001","3531000",3526000.5,"Fst",0.00162614672764716,0,0.0235734636948361,0.0479003095399413
"3522001","3532000",3527000.5,"Fst",0,0,0.0321841900353741,0.0926385501288819
"3523001","3533000",3528000.5,"Fst",0.0113477005937416,0,0.0270657623570495,0.0745934916147681
"3524001","3534000",3529000.5,"Fst",0.0129730453708354,0,0.0250712575502563,0.0695868907888318
"3525001","3535000",3530000.5,"Fst",0.00553498866669777,0,0.0328601611915465,0.121685035015769
"3526001","3536000",3531000.5,"Fst",0.00944631500187054,0,0.0315581279656402,0.117898360828606
"3527001","3537000",3532000.5,"Fst",0.0125754636976582,0,0.0298627940729013,0.104674781825568
"3528001","3538000",3533000.5,"Fst",0.010264145014631,0,0.0283171274103369,0.0990658016127044
"3529001","3539000",3534000.5,"Fst",0.0104732017971007,0,0.0288851223302765,0.101018025678488
"3530001","3540000",3535000.5,"Fst",0.0128765817758248,0,0.0299780687703053,0.103466910219102
"3531001","3541000",3536000.5,"Fst",0.0111377579475739,0,0.031682137418974,0.1087381707192
"3532001","3542000",3537000.5,"Fst",0.0347005512473139,0,0.0303585400416897,0.0688172890079304
"3533001","3543000",3538000.5,"Fst",0.039098074195388,0,0.0345443044585404,0.0759417378201908
"3534001","3544000",3539000.5,"Fst",0.039233803508664,0,0.0360731943075741,0.0797591812161349
"3535001","3545000",3540000.5,"Fst",0.0500858916574538,0,0.0275988264017908,0.0636091818069291
"3536001","3546000",3541000.5,"Fst",0.0560711314267386,0,0.0292529598952542,0.0690561265922643
"3537001","3547000",3542000.5,"Fst",0.0614742934967655,0,0.0323824761356896,0.0721989229043415
"3538001","3548000",3543000.5,"Fst",0.0716470700697829,0,0.0323164485963499,0.0823552617959366
"3539001","3549000",3544000.5,"Fst",0.0692442719881746,0,0.0312931222911249,0.0798912772335816
"3540001","3550000",3545000.5,"Fst",0.0581653476681101,0,0.0273016556601829,0.0818155754795663
"3541001","3551000",3546000.5,"Fst",0.0557791848836626,0,0.0266593989800143,0.0865488392885653
"3542001","3552000",3547000.5,"Fst",0.0458779916551628,0,0.0252230034095748,0.0722319678051802
"3543001","3553000",3548000.5,"Fst",0.0429534985253893,0,0.0271547488230603,0.0820431388116978
"3544001","3554000",3549000.5,"Fst",0.0420025441302035,0,0.0265916324752649,0.0803011502032597
"3545001","3555000",3550000.5,"Fst",0.0317327392615259,0,0.0375159488957895,0.091904591363316
"3546001","3556000",3551000.5,"Fst",0.0251559441339649,0,0.0419562378938303,0.10411415674139
"3547001","3557000",3552000.5,"Fst",0.0226057754756135,0,0.0404759320005805,0.101160967463701
"3548001","3558000",3553000.5,"Fst",0.0188082907180006,0,0.042717627461438,0.0980256923445935
"3549001","3559000",3554000.5,"Fst",0.0134846987169888,0,0.038382918386252,0.0796551762294773
"3550001","3560000",3555000.5,"Fst",0.00778763892220358,0,0.0432698557507555,0.0922821921233186
"3551001","3561000",3556000.5,"Fst",0.00485286073733737,0,0.0428796873964401,0.0871228912966765
"3552001","3562000",3557000.5,"Fst",0.00183604819984562,0,0.0384427662118598,0.0809077033173665
"3553001","3563000",3558000.5,"Fst",0,0,0.0394831815333633,0.0817502679340092
"3554001","3564000",3559000.5,"Fst",0,0,0.0397451026906313,0.0822064424121345
"3555001","3565000",3560000.5,"Fst",0,0,0.0395167218768062,0.0696985118359165
"3556001","3566000",3561000.5,"Fst",0,0,0.0390511532578159,0.0688921407231265
"3557001","3567000",3562000.5,"Fst",0,0,0.0396358028784792,0.0714092590461102
"3558001","3568000",3563000.5,"Fst",0.0140248916892638,0,0.0355430413702807,0.0721870365589616
"3559001","3569000",3564000.5,"Fst",0.03478209493602,0,0.0258232207081655,0.0406973830909342
"3560001","3570000",3565000.5,"Fst",0.0432784853951419,0,0.0265840066695723,0.0440225144032467
"3561001","3571000",3566000.5,"Fst",0.0464434617814276,0,0.0229440423628662,0.0368950914295948
"3562001","3572000",3567000.5,"Fst",0.0663287931580614,0,0.0265110520899777,0.051202415615227
"3563001","3573000",3568000.5,"Fst",0.0801410063053078,0,0.0289472803799551,0.0553326752466273
"3564001","3574000",3569000.5,"Fst",0.0896298823128092,0,0.0304791228363604,0.0712868552035083
"3565001","3575000",3570000.5,"Fst",0.0975926832252538,0,0.0303067928954121,0.0731796841655997
"3566001","3576000",3571000.5,"Fst",0.100188412623646,0,0.0311917616258148,0.0753144783585081
"3567001","3577000",3572000.5,"Fst",0.0879709000676742,0,0.0290443947804957,0.0651706322363068
"3568001","3578000",3573000.5,"Fst",0.0613858868404323,0,0.029010243566044,0.0705937233383049
"3569001","3579000",3574000.5,"Fst",0.0355400747118977,0,0.0326442152206874,0.0741967699594818
"3570001","3580000",3575000.5,"Fst",0.0179289055017806,0,0.0315068511601403,0.070163626782407
"3571001","3581000",3576000.5,"Fst",0.0235817742099816,0,0.0326344760464367,0.0759303746786362
"3572001","3582000",3577000.5,"Fst",0.0189130520895227,0,0.0292188252472287,0.072683211458644
"3573001","3583000",3578000.5,"Fst",0.0210474266957259,0,0.0281209389056365,0.0718992360851665
"3574001","3584000",3579000.5,"Fst",0,0,0.0303658106263866,0.0825886509777087
"3575001","3585000",3580000.5,"Fst",0.0138097822240049,0,0.0305576757405107,0.0777179437537937
"3576001","3586000",3581000.5,"Fst",0.0150918889357289,0,0.0294455930879521,0.0760418238844742
"3577001","3587000",3582000.5,"Fst",0.0183092083078343,0,0.0318230515448273,0.0839435432904994
"3578001","3588000",3583000.5,"Fst",0.0191216812576036,0,0.0307071119942966,0.0794667202389899
"3579001","3589000",3584000.5,"Fst",0.0206583170032091,0,0.0317386216274894,0.0807047619571154
"3580001","3590000",3585000.5,"Fst",0.0349310069947343,0,0.0344080617934815,0.0771081270989979
"3581001","3591000",3586000.5,"Fst",0.035623951588433,0,0.0350434959729485,0.0786152665899501
"3582001","3592000",3587000.5,"Fst",0.0754949797828359,0,0.0314604145836409,0.0690787692020357
"3583001","3593000",3588000.5,"Fst",0.0757251048142948,0,0.0308075921707211,0.0732565747712379
"3584001","3594000",3589000.5,"Fst",0.0738839653705113,0,0.0288202930106974,0.067642156460912
"3585001","3595000",3590000.5,"Fst",0.0728458147751728,0,0.0324557336712548,0.0686750130412102
"3586001","3596000",3591000.5,"Fst",0.0729715288909243,0,0.0314902158780577,0.0713589043408021
"3587001","3597000",3592000.5,"Fst",0.0519021056334489,0,0.0328135266051156,0.0980718777328946
"3588001","3598000",3593000.5,"Fst",0.0716669690921189,0,0.0343718109607403,0.109992584517299
"3589001","3599000",3594000.5,"Fst",0.0583514429707538,0,0.0328122651464122,0.0921035427157875
"3590001","3600000",3595000.5,"Fst",0.0591867284314729,0,0.0334688798473862,0.0936567096994904
"3591001","3601000",3596000.5,"Fst",0.0591867284314729,0,0.0334688798473862,0.0936567096994904
"3592001","3602000",3597000.5,"Fst",0.0355688239684401,0,0.0321210084831444,0.106143329850226
"3593001","3603000",3598000.5,"Fst",0.0347687400318979,0,0.0313878929064168,0.105162580864828
"3594001","3604000",3599000.5,"Fst",0.0336848392951502,0,0.0315917358653165,0.10824162804144
"3595001","3605000",3600000.5,"Fst",0.0297194540483131,0,0.0297800984797862,0.0918826975949238
"3596001","3606000",3601000.5,"Fst",0.0264850999622784,0,0.0290971442189478,0.0810539289556027
"3597001","3607000",3602000.5,"Fst",0.029564322207499,0,0.0270315240455332,0.0649865460426219
"3598001","3608000",3603000.5,"Fst",0,0,0.0299358756666307,0.0746230759727173
"3599001","3609000",3604000.5,"Fst",0.00302201704545435,0,0.0307701304985846,0.0790592831065006
"3600001","3610000",3605000.5,"Fst",0.00564328405158854,0,0.0281659501200693,0.0705401844532278
"3601001","3611000",3606000.5,"Fst",0.00559584522528422,0,0.0278971465242349,0.0699668772649366
"3602001","3612000",3607000.5,"Fst",0.0124991909699299,0,0.0266052270456445,0.0727506632442647
"3603001","3613000",3608000.5,"Fst",0.0122203566003037,0,0.0301475067194876,0.0960405448210325
"3604001","3614000",3609000.5,"Fst",0.0181761602331074,0,0.0264493281083162,0.0875842190759318
"3605001","3615000",3610000.5,"Fst",0.0220724292889242,0,0.0311082246143808,0.107998126658688
"3606001","3616000",3611000.5,"Fst",0.0275837130252404,0,0.0261713428165479,0.0687806086171496
"3607001","3617000",3612000.5,"Fst",0.0261286565732685,0,0.0247798989055021,0.0651723328715584
"3608001","3618000",3613000.5,"Fst",0.0291683896663547,0,0.0249380705503864,0.067127581912655
"3609001","3619000",3614000.5,"Fst",0.0246220595213884,0,0.0261530820187253,0.0705130483722859
"3610001","3620000",3615000.5,"Fst",0.0247160805398583,0,0.0255525926708412,0.0757838788967194
"3611001","3621000",3616000.5,"Fst",0.018105343657394,0,0.0352078831188921,0.0963823254572154
"3612001","3622000",3617000.5,"Fst",0.0181036168132942,0,0.035648973000528,0.0982624440572579
"3613001","3623000",3618000.5,"Fst",0.0216945431435424,0,0.0262734675412944,0.0698322510822511
"3614001","3624000",3619000.5,"Fst",0.00836087603966151,0,0.0338773431204417,0.0824020233536614
"3615001","3625000",3620000.5,"Fst",0.0076204669647294,0,0.0339185059552234,0.0830677913152139
"3616001","3626000",3621000.5,"Fst",0.00509540454999968,0,0.0418789021439152,0.096247375513146
"3617001","3627000",3622000.5,"Fst",0.00540493158369948,0,0.0443914572023991,0.101967912485579
"3618001","3628000",3623000.5,"Fst",0,0,0.0379721481825928,0.110586635586636
"3619001","3629000",3624000.5,"Fst",0,0,0.0395806787931409,0.115950577668719
"3620001","3630000",3625000.5,"Fst",0.000360659008417863,0,0.0364452572593984,0.110122408485432
"3621001","3631000",3626000.5,"Fst",0.00180972131942514,0,0.035895725951621,0.0943952980485694
"3622001","3632000",3627000.5,"Fst",0.0451215853292648,0,0.0280786313293235,0.0790666460172422
"3623001","3633000",3628000.5,"Fst",0.0451215853292648,0,0.0280801948286725,0.078932178932179
"3624001","3634000",3629000.5,"Fst",0.0489920586438607,0,0.0306777945918901,0.0755804592934473
"3625001","3635000",3630000.5,"Fst",0.0483715319662242,0,0.0304276082093405,0.0747557053525683
"3626001","3636000",3631000.5,"Fst",0.0642546964976872,0,0.0301944204042128,0.0945669992037843
"3627001","3637000",3632000.5,"Fst",0.0847344411860541,0,0.0337610657288608,0.0897812931925619
"3628001","3638000",3633000.5,"Fst",0.0976697022033809,0,0.0348506120868384,0.0859253422633703
"3629001","3639000",3634000.5,"Fst",0.100805956763901,0,0.0317770241925443,0.077543815407893
"3630001","3640000",3635000.5,"Fst",0.0998199597159866,0,0.0311967107831061,0.071955799099191
"3631001","3641000",3636000.5,"Fst",0.0979345163602134,0,0.0295009925612245,0.068208549859926
"3632001","3642000",3637000.5,"Fst",0.0831555931157525,0,0.0257521915717142,0.0631843590360801
"3633001","3643000",3638000.5,"Fst",0.0841992312185051,0,0.0260868084109321,0.0638749754966573
"3634001","3644000",3639000.5,"Fst",0.0904394680903653,0,0.023909407961132,0.0507376131073589
"3635001","3645000",3640000.5,"Fst",0.093279967368582,0,0.0246378126772124,0.0524146464196926
"3636001","3646000",3641000.5,"Fst",0.0937703930525576,0,0.0253302376480714,0.0509687039451185
"3637001","3647000",3642000.5,"Fst",0.0643638503303111,0,0.021865634733439,0.0356399819086387
"3638001","3648000",3643000.5,"Fst",0.0616956365687331,0,0.0209239909149522,0.0339216530348688
"3639001","3649000",3644000.5,"Fst",0.0420311387624972,0,0.0234768131537313,0.0398734922035894
"3640001","3650000",3645000.5,"Fst",0.0331083763398173,0,0.0213106038551011,0.0312142443915921
"3641001","3651000",3646000.5,"Fst",0.116971389876418,0,0.0280302750234446,0.0802945581185144
"3642001","3652000",3647000.5,"Fst",0.122259927367982,0,0.028743514500805,0.0833495998438415
"3643001","3653000",3648000.5,"Fst",0.112747170749907,0,0.0259154220109511,0.0763837994352927
"3644001","3654000",3649000.5,"Fst",0.108684657795465,0,0.0257429113484845,0.0770460004623164
"3645001","3655000",3650000.5,"Fst",0.103915906203073,0,0.0254188666457419,0.0710030395136778
"3646001","3656000",3651000.5,"Fst",0.0730215376909592,0,0.0236780731064648,0.0559104769379642
"3647001","3657000",3652000.5,"Fst",0.0611679264858455,0,0.0225730020202189,0.0490297980894485
"3648001","3658000",3653000.5,"Fst",0.0540128420068202,0,0.0231485313223163,0.0444873753205715
"3649001","3659000",3654000.5,"Fst",0.0659062067374249,0,0.0241433078506531,0.0480073520830903
"3650001","3660000",3655000.5,"Fst",0.0663031058481355,0,0.0233252112981985,0.04934315618816
"3651001","3661000",3656000.5,"Fst",0.0325532645091875,0,0.0262193387722961,0.0614227260344545
"3652001","3662000",3657000.5,"Fst",0.0325532645091875,0,0.0262193387722961,0.0614227260344545
"3653001","3663000",3658000.5,"Fst",0.0314773692265076,0,0.0251921233494418,0.0611914412215823
"3654001","3664000",3659000.5,"Fst",0.0316755386565271,0,0.0252361176366791,0.0622608312577917
"3655001","3665000",3660000.5,"Fst",0.0175066761951329,0,0.0281045993396536,0.0644790997767788
"3656001","3666000",3661000.5,"Fst",0.0124441999703809,0,0.0282977957711044,0.0655662983899477
"3657001","3667000",3662000.5,"Fst",0.0142761110607571,0,0.0294396565629209,0.0712462644374445
"3658001","3668000",3663000.5,"Fst",0.0365178698808931,0,0.0324728538122282,0.0661415623651274
"3659001","3669000",3664000.5,"Fst",0.0229623020892978,0,0.035707499866362,0.0710607127838062
"3660001","3670000",3665000.5,"Fst",0.0217097288676235,0,0.0377160771484998,0.0740873611299205
"3661001","3671000",3666000.5,"Fst",0.0272387473056929,0,0.0386060149825207,0.0747635587493859
"3662001","3672000",3667000.5,"Fst",0.0310588212896993,0,0.0359476087487669,0.0716886060418744
"3663001","3673000",3668000.5,"Fst",0.033798330560414,0,0.0363757762995862,0.072195427439104
"3664001","3674000",3669000.5,"Fst",0.0355268235365532,0,0.0340322831129188,0.0660849375862098
"3665001","3675000",3670000.5,"Fst",0.0589038174450842,0,0.0225227794859547,0.0403715626830986
"3666001","3676000",3671000.5,"Fst",0.074113358677117,0,0.0205392116692405,0.037145656375576
"3667001","3677000",3672000.5,"Fst",0.08240592822626,0,0.0291871420861754,0.0664679690103717
"3668001","3678000",3673000.5,"Fst",0.0559385246121566,0,0.0311876653216916,0.0656213942646251
"3669001","3679000",3674000.5,"Fst",0.0464959021936112,0,0.0284592840577748,0.054189137634266
"3670001","3680000",3675000.5,"Fst",0.0430530084708759,0,0.0298389441354829,0.0530145060605489
"3671001","3681000",3676000.5,"Fst",0.04422916126056,0,0.0302458984218063,0.0542175554941512
"3672001","3682000",3677000.5,"Fst",0.0416933150601493,0,0.0314995536034217,0.0557718607053901
"3673001","3683000",3678000.5,"Fst",0.0416067950314527,0,0.0330897596944146,0.0582797422233529
"3674001","3684000",3679000.5,"Fst",0.0406610652738879,0,0.0370667370462615,0.0644967308827711
"3675001","3685000",3680000.5,"Fst",0.0487279736285881,0,0.0346233909235057,0.0650144816921376
"3676001","3686000",3681000.5,"Fst",0.0491083759850516,0,0.0314882320960584,0.0600581606435022
"3677001","3687000",3682000.5,"Fst",0.0183388588378992,0,0.0232734165939094,0.0627209154481881
"3678001","3688000",3683000.5,"Fst",0.0204961573686935,0,0.0254029170306176,0.0678448176027794
"3679001","3689000",3684000.5,"Fst",0.02986679130638,0,0.0191829310071111,0.0435883962952216
"3680001","3690000",3685000.5,"Fst",0.0821473790833123,0,0.0202650020523313,0.049104511448651
"3681001","3691000",3686000.5,"Fst",0.0673612351411961,0,0.0203062815614143,0.0404154350405179
"3682001","3692000",3687000.5,"Fst",0.0648244393324056,0,0.0198632679464455,0.0377598869247151
"3683001","3693000",3688000.5,"Fst",0.0685617840834125,0,0.0181518344166721,0.0368447757015887
"3684001","3694000",3689000.5,"Fst",0.0642526006331976,0,0.0187689728834683,0.0323237175987595
"3685001","3695000",3690000.5,"Fst",0.0546041231768382,0,0.0220877268151438,0.0544880677444187
"3686001","3696000",3691000.5,"Fst",0.0531222515391381,0,0.0225988446714164,0.052912832023943
"3687001","3697000",3692000.5,"Fst",0.0604257829785141,0,0.0245136270821959,0.0584234302827267
"3688001","3698000",3693000.5,"Fst",0.0587574402983291,0,0.0238646152711456,0.0568675889328063
"3689001","3699000",3694000.5,"Fst",0.0631293168842575,0,0.024701606770621,0.0801363434842438
"3690001","3700000",3695000.5,"Fst",0.040148206960434,0,0.0203755366622544,0.0650537123902488
"3691001","3701000",3696000.5,"Fst",0.044934493449345,0,0.0227195564317061,0.0759272383652256
"3692001","3702000",3697000.5,"Fst",0.0454903163166233,0,0.0231995447188997,0.0784380305602715
"3693001","3703000",3698000.5,"Fst",0.0397391637897966,0,0.0235568474401746,0.0813145627884098
"3694001","3704000",3699000.5,"Fst",0.0387237762237762,0,0.028897446360049,0.0969982667657087
"3695001","3705000",3700000.5,"Fst",0.0331607030759574,0,0.0251084046062471,0.0603392860943787
"3696001","3706000",3701000.5,"Fst",0.0334945196647325,0,0.0253722614614631,0.0613293248807268
"3697001","3707000",3702000.5,"Fst",0.0330470737913486,0,0.025077607258143,0.0606175444640628
"3698001","3708000",3703000.5,"Fst",0.0331023496614895,0,0.0251292743661629,0.0605172080225284
"3699001","3709000",3704000.5,"Fst",0.0101225507166101,0,0.0368983640001151,0.0735467029849052
"3700001","3710000",3705000.5,"Fst",0.00468750000000018,0,0.0409906113489899,0.0837437667817413
"3701001","3711000",3706000.5,"Fst",0.00377807526401897,0,0.0411962290454458,0.0847440366613137
"3702001","3712000",3707000.5,"Fst",0.00470178493687401,0,0.0409906113489899,0.0839918439579888
"3703001","3713000",3708000.5,"Fst",0.00455904924790596,0,0.0500769525696138,0.113001031628211
"3704001","3714000",3709000.5,"Fst",0.00455904924790596,0,0.0500769525696138,0.113001031628211
"3705001","3715000",3710000.5,"Fst",0.00432848988998724,0,0.0417677130556235,0.12062817456204
"3706001","3716000",3711000.5,"Fst",0.00417230726509077,0,0.0406233444407835,0.11734987142641
"3707001","3717000",3712000.5,"Fst",0.00417230726509077,0,0.0408149514933538,0.116896032144651
"3708001","3718000",3713000.5,"Fst",0.00442041776993218,0,0.0433878357415038,0.124094908024527
"3709001","3719000",3714000.5,"Fst",0.00515720204728243,0,0.039771805561375,0.111825805222032
"3710001","3720000",3715000.5,"Fst",0.00851515151515148,0,0.0353680698272641,0.105615763546798
"3711001","3721000",3716000.5,"Fst",0.00866682088056137,0,0.0359984243918557,0.107393307954318
"3712001","3722000",3717000.5,"Fst",0.0277988816270675,0,0.0287379435782783,0.0799799799799801
"3713001","3723000",3718000.5,"Fst",0.0277230670745778,0,0.0277970753430013,0.0817622245179064
"3714001","3724000",3719000.5,"Fst",0.0330001158424815,0,0.0310810581058105,0.0848993266717509
"3715001","3725000",3720000.5,"Fst",0.0318471170033671,0,0.0300634284273801,0.0822971162837719
"3716001","3726000",3721000.5,"Fst",0.0326404615550523,0,0.0307062724692486,0.0840138292245572
"3717001","3727000",3722000.5,"Fst",0.0257750038123871,0,0.0341495433053061,0.0987169920822452
"3718001","3728000",3723000.5,"Fst",0.0278835986790344,0,0.0321815319940172,0.0930003330003331
"3719001","3729000",3724000.5,"Fst",0.0313564851423114,0,0.0289124461572433,0.0784672074389158
"3720001","3730000",3725000.5,"Fst",0.028966755541119,0,0.0291199061047114,0.0842703096818758
"3721001","3731000",3726000.5,"Fst",0.0285502123213055,0,0.0287114322033461,0.0831240931171535
"3722001","3732000",3727000.5,"Fst",0.0189117835768303,0,0.0269122590073214,0.0833713873700656
"3723001","3733000",3728000.5,"Fst",0.0224046207630338,0,0.0237320465649848,0.0587208033180528
"3724001","3734000",3729000.5,"Fst",0.0162811728820834,0,0.0270942072190831,0.0614775686553031
"3725001","3735000",3730000.5,"Fst",0.0180235466266507,0,0.0266143011018692,0.0600255593822426
"3726001","3736000",3731000.5,"Fst",0.0215459295553777,0,0.0250443911445284,0.0648890900291025
"3727001","3737000",3732000.5,"Fst",0.0293458216469822,0,0.0252773262741994,0.0626033758719345
"3728001","3738000",3733000.5,"Fst",0.0253239070276823,0,0.0231774582588508,0.0665767068149399
"3729001","3739000",3734000.5,"Fst",0.0126486236409901,0,0.0325493681372848,0.0654037136236421
"3730001","3740000",3735000.5,"Fst",0.0281625969957998,0,0.0385922162613113,0.071941031941032
"3731001","3741000",3736000.5,"Fst",0.0284656519950637,0,0.0383290391743254,0.0703217744454857
"3732001","3742000",3737000.5,"Fst",0.0583770922218575,0,0.034790223889902,0.0824443078137775
"3733001","3743000",3738000.5,"Fst",0.0691994572591588,0,0.029943477398744,0.0615139169100853
"3734001","3744000",3739000.5,"Fst",0.0543966265657945,0,0.0232939200983664,0.0466920695594912
"3735001","3745000",3740000.5,"Fst",0.0501795203217004,0,0.0212650665004844,0.0443130308523274
"3736001","3746000",3741000.5,"Fst",0.044167962674961,0,0.0195061155243678,0.043362130565763
"3737001","3747000",3742000.5,"Fst",0.0582688253249002,0,0.01975781005484,0.0451336526453898
"3738001","3748000",3743000.5,"Fst",0.0478289995231785,0,0.0171911255688644,0.0437177839008476
"3739001","3749000",3744000.5,"Fst",0.0256305556720877,0,0.0324066095586725,0.0819949793577583
"3740001","3750000",3745000.5,"Fst",0.0209551805777359,0,0.0355793703769457,0.0875651783446687
"3741001","3751000",3746000.5,"Fst",0.0192896095890613,0,0.0413236768126132,0.0924059917182438
"3742001","3752000",3747000.5,"Fst",0.0159519642110278,0,0.0456989756570559,0.0957724662265171
"3743001","3753000",3748000.5,"Fst",0.0139302168088034,0,0.0499766370301214,0.110946008570041
"3744001","3754000",3749000.5,"Fst",0.0143273149919106,0,0.0533957975662585,0.11910664006074
"3745001","3755000",3750000.5,"Fst",0.014413470464426,0,0.0537385186720507,0.119823209479904
"3746001","3756000",3751000.5,"Fst",0.0144512830323776,0,0.0543246223150264,0.120923545651675
"3747001","3757000",3752000.5,"Fst",0.0108469151431247,0,0.0581248414498728,0.127796376571504
"3748001","3758000",3753000.5,"Fst",0.0113541978463635,0,0.0593828861733211,0.129836703065332
"3749001","3759000",3754000.5,"Fst",0.0130251724135937,0,0.0594969584011085,0.134710261233666
"3750001","3760000",3755000.5,"Fst",0.013976815976816,0,0.0596074127095399,0.138148910048458
"3751001","3761000",3756000.5,"Fst",0.0141186053319647,0,0.0593267764835472,0.137676656449564
"3752001","3762000",3757000.5,"Fst",0.0142440070571993,0,0.0589195597088587,0.137025449799906
"3753001","3763000",3758000.5,"Fst",0.0149474117232896,0,0.0600352024368271,0.140118366020309
"3754001","3764000",3759000.5,"Fst",0,0,0,0
"3755001","3765000",3760000.5,"Fst",0,0,0.0595215466635264,0.123706518895237
"3756001","3766000",3761000.5,"Fst",0.00825727295759204,0,0.0620240331649578,0.131841379302508
"3757001","3767000",3762000.5,"Fst",0.0139682721208338,0,0.0611966070227274,0.137177877934013
"3758001","3768000",3763000.5,"Fst",0.0120147005875414,0,0.0585817918953461,0.134683484711151
"3759001","3769000",3764000.5,"Fst",0.0125169636625067,0,0.060529469767966,0.130585086154498
"3760001","3770000",3765000.5,"Fst",0.0183582077404274,0,0.0608701107467056,0.119144824451785
"3761001","3771000",3766000.5,"Fst",0.030915336275836,0,0.0569776096332199,0.108445439256327
"3762001","3772000",3767000.5,"Fst",0.0424578273331734,0,0.0517071793676696,0.102851994231282
"3763001","3773000",3768000.5,"Fst",0.053754112851318,0,0.051924921540146,0.0978216386136185
"3764001","3774000",3769000.5,"Fst",0.0719803521395529,0,0.0470385197908072,0.107340969079666
"3765001","3775000",3770000.5,"Fst",0.082486967042563,0,0.048981438715872,0.128432378294251
"3766001","3776000",3771000.5,"Fst",0.0899619270760362,0,0.0490490195505202,0.141116069125471
"3767001","3777000",3772000.5,"Fst",0.103818384965635,0,0.0518375758418253,0.161589695658681
"3768001","3778000",3773000.5,"Fst",0.1095675798066,0,0.0539535011909439,0.172907591617374
"3769001","3779000",3774000.5,"Fst",0.113875118510384,0,0.0547191190787279,0.175242900556455
"3770001","3780000",3775000.5,"Fst",0.122222388328174,0,0.0581689795203486,0.17553803022674
"3771001","3781000",3776000.5,"Fst",0.122312024624933,0,0.0604184022545038,0.170590309829864
"3772001","3782000",3777000.5,"Fst",0.120075179318926,0,0.0567228595890764,0.160638581972755
"3773001","3783000",3778000.5,"Fst",0.115377082106579,0,0.0562142805514866,0.155300610912155
"3774001","3784000",3779000.5,"Fst",0.109747805230937,0,0.0604360850230023,0.148837227986649
"3775001","3785000",3780000.5,"Fst",0.109636423825301,0,0.0670536671464725,0.12823550393369
"3776001","3786000",3781000.5,"Fst",0.111702432471286,0,0.0691570958823462,0.113186496432546
"3777001","3787000",3782000.5,"Fst",0.115315330956959,0,0.0658134440567104,0.127088031050832
"3778001","3788000",3783000.5,"Fst",0.124787679581857,0,0.0667027379488668,0.124153714246112
"3779001","3789000",3784000.5,"Fst",0.129510940379922,0,0.0667025944461524,0.122136015366435
"3780001","3790000",3785000.5,"Fst",0.127979118746351,0,0.0639872650666833,0.11842976773563
"3781001","3791000",3786000.5,"Fst",0.126745776347546,0,0.0614545380553057,0.115622844196527
"3782001","3792000",3787000.5,"Fst",0.124917083427722,0,0.0574158941137448,0.110874426682476
"3783001","3793000",3788000.5,"Fst",0.128078458662884,0,0.0582575740161189,0.110848010097604
"3784001","3794000",3789000.5,"Fst",0.128480412911551,0,0.0562255940355193,0.10923802237711
"3785001","3795000",3790000.5,"Fst",0.129975322853588,0,0.0540275480086835,0.10509450077152
"3786001","3796000",3791000.5,"Fst",0.132250437720793,0,0.0450319332625905,0.0945116461636235
