"start","end","position","variable","value","Q1Fst","Q3Fst","maxFst"
"1","10000",5000.5,"Fst",0.0151601113701011,0,0.00933382033104446,0.0192555919587883
"1001","11000",6000.5,"Fst",0.0139528092621887,0,0.0114963748689116,0.0235037501660149
"2001","12000",7000.5,"Fst",0.0228864144617343,0,0.0125225419411826,0.0256011702247519
"3001","13000",8000.5,"Fst",0.0199858179054665,0,0.016921713330959,0.0404927788785984
"4001","14000",9000.5,"Fst",0.0198662517086753,0,0.0160906040972797,0.0375020063680817
"5001","15000",10000.5,"Fst",0.0198662517086753,0,0.0160906040972797,0.0375020063680817
"6001","16000",11000.5,"Fst",0.0198662517086753,0,0.0160906040972797,0.0375020063680817
"7001","17000",12000.5,"Fst",0.0198280150901692,0,0.0145868785881621,0.0340936626604506
"8001","18000",13000.5,"Fst",0.0240879746774549,0,0.0166952682200108,0.0392692293068704
"9001","19000",14000.5,"Fst",0.0206433077332924,0,0.0241596711283419,0.0596797165387154
"10001","20000",15000.5,"Fst",0.0212467593265783,0,0.0262146413168346,0.0625085543784729
"11001","21000",16000.5,"Fst",0.0212467593265783,0,0.0262146413168346,0.0625085543784729
"12001","22000",17000.5,"Fst",0.00465112180023852,0,0.0374062463864019,0.0757300058883795
"13001","23000",18000.5,"Fst",0.00588478065596854,0,0.0324411866909314,0.0738233071182541
"14001","24000",19000.5,"Fst",0.00565766341697305,0,0.0356190213963877,0.0804054939526784
"15001","25000",20000.5,"Fst",0.00565766341697305,0,0.0356190213963877,0.0804054939526784
"16001","26000",21000.5,"Fst",0.00565766341697305,0,0.0356190213963877,0.0804054939526784
"17001","27000",22000.5,"Fst",0.00382931085575045,0,0.040013747258708,0.0916267672889624
"18001","28000",23000.5,"Fst",0.00228254927743821,0,0.0298278679699687,0.0634493120935411
"19001","29000",24000.5,"Fst",0.00254689242282147,0,0.0293540858319693,0.0623927808824424
"20001","30000",25000.5,"Fst",0.00268058374144142,0,0.0308876833836795,0.0655065059380756
"21001","31000",26000.5,"Fst",0.00268058374144142,0,0.0308876833836795,0.0655065059380756
"22001","32000",27000.5,"Fst",0,0,0.029041836087778,0.0650725419511432
"23001","33000",28000.5,"Fst",0.0685747931610002,0,0.113536353541172,0.35039144597177
"24001","34000",29000.5,"Fst",0.0685747931610002,0,0.113536353541172,0.35039144597177
"25001","35000",30000.5,"Fst",0.0685747931610002,0,0.113536353541172,0.35039144597177
"26001","36000",31000.5,"Fst",0.0685747931610002,0,0.113536353541172,0.35039144597177
"27001","37000",32000.5,"Fst",0.0685747931610002,0,0.113536353541172,0.35039144597177
"28001","38000",33000.5,"Fst",0.125242076394867,0,0.206149741181891,0.552485499801595
"29001","39000",34000.5,"Fst",0.129667189375768,0,0.212417639839607,0.567588733435021
"30001","40000",35000.5,"Fst",0.135032528434968,0,0.219732498909016,0.584369664184188
"31001","41000",36000.5,"Fst",0.135032528434968,0,0.219732498909016,0.584369664184188
"32001","42000",37000.5,"Fst",0.135032528434968,0,0.219732498909016,0.584369664184188
"33001","43000",38000.5,"Fst",0,0,0,0
"34001","44000",39000.5,"Fst",0,0,0,0
"35001","45000",40000.5,"Fst",0,0,0,0
"36001","46000",41000.5,"Fst",0,0,0,0
"37001","47000",42000.5,"Fst",0,0,0,0
"38001","48000",43000.5,"Fst",0,0,0,0
"39001","49000",44000.5,"Fst",0,0,0,0
"40001","50000",45000.5,"Fst",0.0333050127442651,0,0.0272436754613155,0.0401814497559178
"41001","51000",46000.5,"Fst",0.0268886043533931,0,0.0199085785547827,0.0324980561249735
"42001","52000",47000.5,"Fst",0.0254545454545454,0,0.0190147100097719,0.0310536980749747
"43001","53000",48000.5,"Fst",0.0239971974076019,0,0.0171823462924883,0.0275943795496868
"44001","54000",49000.5,"Fst",0.0235618214227841,0,0.0154923357810179,0.0269116030774061
"45001","55000",50000.5,"Fst",0.0227116526085598,0,0.0148842227281105,0.0259696969696971
"46001","56000",51000.5,"Fst",0.00715793027770739,0,0.0343708284024365,0.0985589621852954
"47001","57000",52000.5,"Fst",0.00715793027770739,0,0.0343708284024365,0.0985589621852954
"48001","58000",53000.5,"Fst",0.00685252525252522,0,0.0331337299256714,0.094894411537471
"49001","59000",54000.5,"Fst",0.00465648594171708,0,0.0273879196263394,0.0688358955735787
"50001","60000",55000.5,"Fst",0,0,0.0420109772739983,0.11443137254902
"51001","61000",56000.5,"Fst",0,0,0.0431581880176353,0.116380680012711
"52001","62000",57000.5,"Fst",0,0,0.0421401238535322,0.113354998452492
"53001","63000",58000.5,"Fst",0,0,0.0415412281581637,0.113951506700752
"54001","64000",59000.5,"Fst",0,0,0.0409955819299638,0.113429641519529
"55001","65000",60000.5,"Fst",0,0,0.0384650184153433,0.108217332138471
"56001","66000",61000.5,"Fst",0.012057587992985,0,0.0243475786164158,0.0581102349623309
"57001","67000",62000.5,"Fst",0.0119006215180497,0,0.023978943814839,0.0572647755812214
"58001","68000",63000.5,"Fst",0.0125205294174475,0,0.0244103397221834,0.0567746610897117
"59001","69000",64000.5,"Fst",0.0165341746832051,0,0.029583552849668,0.0752692045954927
"60001","70000",65000.5,"Fst",0.0393492885634339,0,0.0172462444147135,0.0373269882410426
"61001","71000",66000.5,"Fst",0.0413482872861007,0,0.0185058120889444,0.0394841377809217
"62001","72000",67000.5,"Fst",0.0395518607907989,0,0.0174486846165447,0.0374087011749763
"63001","73000",68000.5,"Fst",0.0417047614559278,0,0.0185719072798972,0.0394705980901324
"64001","74000",69000.5,"Fst",0.0429516737044767,0,0.0190813886233652,0.0406880353688863
"65001","75000",70000.5,"Fst",0.0519934237566789,0,0.0216463493878958,0.0494691312468852
"66001","76000",71000.5,"Fst",0.0168888888888887,0,0.015915630099223,0.0207310420076378
"67001","77000",72000.5,"Fst",0.0210642176589961,0,0.0172615808561181,0.0237414749958413
"68001","78000",73000.5,"Fst",0.00997466689872561,0,0.0281153088299646,0.0810932422298142
"69001","79000",74000.5,"Fst",0.0102966423124526,0,0.0290506025674611,0.0839665238273275
"70001","80000",75000.5,"Fst",0.00580578744049975,0,0.0300234431869654,0.0849945939627713
"71001","81000",76000.5,"Fst",0.00523029878320702,0,0.0318243953430867,0.0885698742746615
"72001","82000",77000.5,"Fst",0.00626471973622234,0,0.0328468768835357,0.0929876227059325
"73001","83000",78000.5,"Fst",0.0062809917355372,0,0.0328468768835357,0.0932173838633422
"74001","84000",79000.5,"Fst",0.00564999589389836,0,0.0343430890866619,0.0961968082144488
"75001","85000",80000.5,"Fst",0.00544346862884715,0,0.0331164926441724,0.0926226168264384
"76001","86000",81000.5,"Fst",0.00555959595959588,0,0.0338306379464193,0.0942569373970167
"77001","87000",82000.5,"Fst",0,0,0.0442008708987021,0.117406436874286
"78001","88000",83000.5,"Fst",1.11022302462516e-16,0,2.77555756156037e-18,1.11022302462516e-16
"79001","89000",84000.5,"Fst",0,0,0.0106151659789548,0.0135751700207269
"80001","90000",85000.5,"Fst",0,0,0.0119628801766619,0.0152720662733178
"81001","91000",86000.5,"Fst",0,0,0.0125166686543832,0.0160180026722716
"82001","92000",87000.5,"Fst",0,0,0.0131375870506305,0.0167051019826103
"83001","93000",88000.5,"Fst",0,0,0.0137347500983866,0.0174537900266488
"84001","94000",89000.5,"Fst",0,0,0.0137347500983866,0.0174537900266488
"85001","95000",90000.5,"Fst",0,0,0.0151082251082251,0.0191723170446574
"86001","96000",91000.5,"Fst",0,0,0.0159119605142332,0.020165058380303
"87001","97000",92000.5,"Fst",0,0,0.0190846310788101,0.023873574864037
"88001","98000",93000.5,"Fst",0,0,0.0190846310788101,0.023873574864037
"89001","99000",94000.5,"Fst",0,0,0,0
"90001","1e+05",95000.5,"Fst",0,0,0,0
"91001","101000",96000.5,"Fst",0,0,0,0
"92001","102000",97000.5,"Fst",0.0324074074074073,0,0.0277777777777779,0.0330969267139479
"93001","103000",98000.5,"Fst",0.029535864978903,0,0.0245398773006136,0.030265104107407
"94001","104000",99000.5,"Fst",0.0229885057471264,0,0.0185830429732868,0.0231831007397237
"95001","105000",100000.5,"Fst",0.0171644352900789,0,0.0131796077406275,0.0213318596297318
"96001","106000",101000.5,"Fst",0.0171644352900789,0,0.0131796077406275,0.0213318596297318
"97001","107000",102000.5,"Fst",0.0162284972411554,0,0.0125031570556281,0.0201705262974543
"98001","108000",103000.5,"Fst",0.00267892525957047,0,0.0395070086174978,0.112665690360858
"99001","109000",104000.5,"Fst",0.00251039809863329,0,0.0370207871558808,0.105927625772286
"100001","110000",105000.5,"Fst",0.00246113518039826,0,0.0362908478068731,0.103672989875955
"101001","111000",106000.5,"Fst",0.00230598669623061,0,0.0341821454751187,0.0976947121646261
"102001","112000",107000.5,"Fst",0.00303030303030305,0,0.0371934600404074,0.100984566858173
"103001","113000",108000.5,"Fst",0.00378845489111646,0,0.0359313285765444,0.0983208568969087
"104001","114000",109000.5,"Fst",0.00315301778111687,0,0.0386730596840745,0.105658687222281
"105001","115000",110000.5,"Fst",0.00399929527836507,0,0.0388568802623164,0.104751128555096
"106001","116000",111000.5,"Fst",0.00399929527836507,0,0.0388568802623164,0.104751128555096
"107001","117000",112000.5,"Fst",0.00409451659451654,0,0.0397921939936541,0.107083559250557
"108001","118000",113000.5,"Fst",0.0176612753299871,0,0.0173927017207651,0.0226610862680818
"109001","119000",114000.5,"Fst",0.0204169353105524,0,0.0202898550724638,0.0261526735782697
"110001","120000",115000.5,"Fst",0.0191164835973577,0,0.0409420367495801,0.0894285318942855
"111001","121000",116000.5,"Fst",0.0197243564121922,0,0.0331617382441456,0.0681241383191243
"112001","122000",117000.5,"Fst",0.0133476779630626,0,0.0366221875731711,0.0835418249345825
"113001","123000",118000.5,"Fst",0.0111668152109328,0,0.0380236204460809,0.0855165289256198
"114001","124000",119000.5,"Fst",0.0115124715251058,0,0.0391914650394679,0.0879655703735188
"115001","125000",120000.5,"Fst",0.012436524959211,0,0.0387879980445404,0.0844761609266728
"116001","126000",121000.5,"Fst",0.00917280917280894,0,0.0324540854530582,0.0674315975286849
"117001","127000",122000.5,"Fst",0.00875855327468222,0,0.0309788774559704,0.0645088657472558
"118001","128000",123000.5,"Fst",0.00829432536749608,0,0.0342787671702103,0.0638113448056087
"119001","129000",124000.5,"Fst",0.00797032828282818,0,0.0329790003220909,0.0613480392156862
"120001","130000",125000.5,"Fst",0,0,0.0350380366456811,0.0670441065458859
"121001","131000",126000.5,"Fst",0,0,0.0349262447494233,0.0790961496963531
"122001","132000",127000.5,"Fst",0,0,0.0336916265636606,0.0763767339405846
"123001","133000",128000.5,"Fst",0,0,0.0314877558890258,0.0751245363010069
"124001","134000",129000.5,"Fst",0,0,0.0305086068030853,0.0721577704905986
"125001","135000",130000.5,"Fst",0.00620895522388054,0,0.0297854461502951,0.0745456290518196
"126001","136000",131000.5,"Fst",0.0251678669589118,0,0.0295699345242386,0.0722371645448568
"127001","137000",132000.5,"Fst",0.0258962931142493,0,0.0305372004603913,0.0742885241871045
"128001","138000",133000.5,"Fst",0.029230945034853,0,0.0342964992964992,0.0891190127077224
"129001","139000",134000.5,"Fst",0.0285648942252714,0,0.0349946221677582,0.0896920935807963
"130001","140000",135000.5,"Fst",0.0602358425887837,0,0.0245024629433148,0.0415167132122188
"131001","141000",136000.5,"Fst",0.0230502892370054,0,0.0362963565244241,0.103839915659719
"132001","142000",137000.5,"Fst",0.0233540106951872,0,0.0367886863305868,0.105153157592182
"133001","143000",138000.5,"Fst",0.0222568264064043,0,0.0380664873543853,0.106260005055186
"134001","144000",139000.5,"Fst",0.0212176967466756,0,0.0353427131381925,0.100827777112362
"135001","145000",140000.5,"Fst",0.016361366473726,0,0.0382071857455316,0.105255774115423
"136001","146000",141000.5,"Fst",0.00255285978758624,0,0.0418370000966367,0.110628403505184
"137001","147000",142000.5,"Fst",0.00248300045016225,0,0.0406947458620119,0.107799377112577
"138001","148000",143000.5,"Fst",0.00244728300212504,0,0.0401902817847395,0.106348928982278
"139001","149000",144000.5,"Fst",0.00296483352038923,0,0.0401913988639347,0.106145349346892
"140001","150000",145000.5,"Fst",0,0,0.0452145401152061,0.11638183840631
"141001","151000",146000.5,"Fst",0.0105561105561105,0,0.00885749072987186,0.0109077583047705
"142001","152000",147000.5,"Fst",0.0113865932047749,0,0.00785342792763631,0.011396506229333
"143001","153000",148000.5,"Fst",0.0123876123876123,0,0.0085673755996279,0.0122586532726868
"144001","154000",149000.5,"Fst",0.0172852788237403,0,0.0114007333085366,0.015890613451589
"145001","155000",150000.5,"Fst",0.0153748006379585,0,0.00999796498601605,0.0140110785272075
"146001","156000",151000.5,"Fst",0.0105858585858585,0,0.00919504341475047,0.0114519920438794
"147001","157000",152000.5,"Fst",0.0117620650953983,0,0.010240634446147,0.0127124314197778
"148001","158000",153000.5,"Fst",0.0208543771043769,0,0.0209986234141254,0.0476719087264877
"149001","159000",154000.5,"Fst",0.0318981918981919,0,0.0197832069498472,0.0344311010552235
"150001","160000",155000.5,"Fst",0.0227439017397387,0,0.0181943678816511,0.0387441069113096
"151001","161000",156000.5,"Fst",0.0227172835457449,0,0.0181983150286936,0.0385308385308384
"152001","162000",157000.5,"Fst",0.0221569262739225,0,0.017685092926027,0.0382745855464349
"153001","163000",158000.5,"Fst",0.0217270317053397,0,0.0173722560782163,0.0376072431107422
"154001","164000",159000.5,"Fst",0.0215938827527612,0,0.017674274573874,0.0390174235932589
"155001","165000",160000.5,"Fst",0.0218608438363705,0,0.0179235963895717,0.0395598030697943
"156001","166000",161000.5,"Fst",0.0217074920569846,0,0.0177978098356542,0.039320667818077
"157001","167000",162000.5,"Fst",0.0214442406992833,0,0.0175524432078597,0.0388178459789713
"158001","168000",163000.5,"Fst",0.0211245118027069,0,0.0170007357716584,0.0400524195505509
"159001","169000",164000.5,"Fst",0.0105961694092259,0,0.0215528101288912,0.0506985957132299
"160001","170000",165000.5,"Fst",0.003964082347788,0,0.0290052565450607,0.0848159318301499
"161001","171000",166000.5,"Fst",0.0057603222557906,0,0.0280530310047627,0.0773740297329298
"162001","172000",167000.5,"Fst",0.0112146088430672,0,0.0297020899502462,0.0767090011353735
"163001","173000",168000.5,"Fst",0.0115844373382061,0,0.0305948029152855,0.0787914949012801
"164001","174000",169000.5,"Fst",0.0101174154538425,0,0.0278924585307327,0.0735013584117032
"165001","175000",170000.5,"Fst",0.00997565012434887,0,0.0274378192039314,0.0723831633367086
"166001","176000",171000.5,"Fst",0.00927902045283535,0,0.0264750913179851,0.0708011845361243
"167001","177000",172000.5,"Fst",0.00939030510703842,0,0.0268823760749939,0.0717423831368487
"168001","178000",173000.5,"Fst",0.00659974551109843,0,0.0306118051959187,0.0772603946441156
"169001","179000",174000.5,"Fst",0.00464520155583059,0,0.0335213227901533,0.091462306993642
"170001","180000",175000.5,"Fst",0.014514739483837,0,0.0135133465733234,0.0232841232841232
"171001","181000",176000.5,"Fst",0.0119522932022931,0,0.0181761363465947,0.0253160173160172
"172001","182000",177000.5,"Fst",0.0187028435203617,0,0.018761189912895,0.030675338140346
"173001","183000",178000.5,"Fst",0.0195926984372183,0,0.0195372342656552,0.0318904485436418
"174001","184000",179000.5,"Fst",0.0179239200515795,0,0.0207615691326527,0.0337767325641212
"175001","185000",180000.5,"Fst",0.0175104336780982,0,0.0194585664485058,0.0314766158696793
"176001","186000",181000.5,"Fst",0.0198080650498745,0,0.0194950683303625,0.0312114330282385
"177001","187000",182000.5,"Fst",0.017853763169516,0,0.0171792000504699,0.0279513358195268
"178001","188000",183000.5,"Fst",0.0128897917724733,0,0.0153027133645558,0.0272249652725246
"179001","189000",184000.5,"Fst",0.0118686868686868,0,0.0140175495153098,0.0250566052065715
"180001","190000",185000.5,"Fst",0.014208754208754,0,0.0144278738690605,0.0256987392428316
"181001","191000",186000.5,"Fst",0.0137998691955525,0,0.0140247779736865,0.0249397609335873
"182001","192000",187000.5,"Fst",7.24375226366369e-05,0,0.0104823930275975,0.0154442932873694
"183001","193000",188000.5,"Fst",0,0,0.0105438803379381,0.0151785516194365
"184001","194000",189000.5,"Fst",0.00216210780370063,0,0.0101276736599754,0.0169177606040463
"185001","195000",190000.5,"Fst",0.000956744126142883,0,0.011716182674089,0.0170168393494998
"186001","196000",191000.5,"Fst",0.000986081086206347,0,0.012124671702686,0.0176280301767974
"187001","197000",192000.5,"Fst",0.00086339419209458,0,0.0114245798774368,0.0170779977434847
"188001","198000",193000.5,"Fst",0.00150205222251321,0,0.00657894736842102,0.0071761299257207
"189001","199000",194000.5,"Fst",0.0039008705675373,0,0.00859277708592776,0.00942869549035408
"190001","2e+05",195000.5,"Fst",0.00234755995022373,0,0.00724670057743025,0.00795256365538877
"191001","201000",196000.5,"Fst",0.00236594129211587,0,0.00724670057743025,0.0078751036197845
"192001","202000",197000.5,"Fst",0,0,0.0120701453207325,0.0131312632670187
"193001","203000",198000.5,"Fst",0,0,0.0115882856299133,0.0125768321513001
"194001","204000",199000.5,"Fst",0,0,0.010888034345481,0.0117744267713281
"195001","205000",200000.5,"Fst",0,0,0.0119637937819757,0.0129707589031743
"196001","206000",201000.5,"Fst",0,0,0.0120393538185633,0.0154693948155287
"197001","207000",202000.5,"Fst",0.00380666165790133,0,0.0112562178275799,0.0192998490870829
"198001","208000",203000.5,"Fst",0.00393680393680385,0,0.0116323349011879,0.019962954209424
"199001","209000",204000.5,"Fst",0.00268437802684374,0,0.0120674371444244,0.0198660253194439
"200001","210000",205000.5,"Fst",0.000629627675477806,0,0.0334044457609941,0.114027630180659
"201001","211000",206000.5,"Fst",0.00124599621002508,0,0.032117346816812,0.109090909090909
"202001","212000",207000.5,"Fst",0,0,0.0290563115657264,0.0790305350522291
"203001","213000",208000.5,"Fst",0,0,0.0292500338931329,0.0803508162221128
"204001","214000",209000.5,"Fst",0.00118962244252252,0,0.0275767665020787,0.0782105522943219
"205001","215000",210000.5,"Fst",0.00118962244252252,0,0.0275767665020787,0.0782105522943219
"206001","216000",211000.5,"Fst",0.00184706062084494,0,0.0292353553922413,0.0808015939208599
"207001","217000",212000.5,"Fst",0,0,0.0295144977749944,0.0681090451192989
"208001","218000",213000.5,"Fst",0,0,0.0288550487009361,0.0669717957411086
"209001","219000",214000.5,"Fst",0.000159821672659932,0,0.0289487742809033,0.0667844494655706
"210001","220000",215000.5,"Fst",0.000573831702236349,0,0.0287697647968013,0.0812582535595197
"211001","221000",216000.5,"Fst",0.000579848286270446,0,0.0283343201755644,0.0814653763851935
"212001","222000",217000.5,"Fst",0.00792314403136463,0,0.0294257860619021,0.0543208128296809
"213001","223000",218000.5,"Fst",0.0197707078117937,0,0.0334254700790701,0.0828476077924203
"214001","224000",219000.5,"Fst",0.01843737571188,0,0.0377633407344796,0.0919895713125616
"215001","225000",220000.5,"Fst",0.01843737571188,0,0.0377633407344796,0.0919895713125616
"216001","226000",221000.5,"Fst",0.0184014053579271,0,0.0377633407344796,0.0919895713125616
"217001","227000",222000.5,"Fst",0.0470235786025258,0,0.0300835312391724,0.110215736729531
"218001","228000",223000.5,"Fst",0.0482350425907796,0,0.0318876770306743,0.114883903974813
"219001","229000",224000.5,"Fst",0.0482350425907796,0,0.0323814683348094,0.114883903974813
"220001","230000",225000.5,"Fst",0.0496250895827317,0,0.0317336233305462,0.107348059244127
"221001","231000",226000.5,"Fst",0.0424409792927742,0,0.0315546950116415,0.104854961832061
"222001","232000",227000.5,"Fst",0.043097643097643,0,0.0313704239165251,0.107830119085257
"223001","233000",228000.5,"Fst",0.0429522834809177,0,0.0242041782117451,0.0447621616761084
"224001","234000",229000.5,"Fst",0.0440077809185131,0,0.0248944008892759,0.0458738423259457
"225001","235000",230000.5,"Fst",0.0429522834809177,0,0.0242883556128708,0.0447621616761084
"226001","236000",231000.5,"Fst",0.0472982513305094,0,0.0219247048572347,0.0423574588863843
"227001","237000",232000.5,"Fst",0.022554015491235,0,0.023719841189046,0.0497385394500255
"228001","238000",233000.5,"Fst",0.022554015491235,0,0.023813173897491,0.0495497272069941
"229001","239000",234000.5,"Fst",0.0297697441110177,0,0.0205422304746356,0.0430728691598258
"230001","240000",235000.5,"Fst",0.0278948424643787,0,0.0238563620062442,0.0431616545684986
"231001","241000",236000.5,"Fst",0.0396270396270396,0,0.0207217296951819,0.0394112554112555
"232001","242000",237000.5,"Fst",0.0395332636711947,0,0.0211282372885872,0.0393042854581316
"233001","243000",238000.5,"Fst",0.0395676510326192,0,0.0220189241288774,0.0429447852760736
"234001","244000",239000.5,"Fst",0.0395676510326192,0,0.0220189241288774,0.0429447852760736
"235001","245000",240000.5,"Fst",0.0278795811518325,0,0.0188912291477916,0.0365879600085087
"236001","246000",241000.5,"Fst",0.0193155246935448,0,0.0197726684138701,0.0363558375672057
"237001","247000",242000.5,"Fst",0.0193155246935448,0,0.0197726684138701,0.0363558375672057
"238001","248000",243000.5,"Fst",0.0200825106821865,0,0.0207181123214037,0.0381179827554123
"239001","249000",244000.5,"Fst",0.00136778550376271,0,0.02092515137201,0.0270254252355834
"240001","250000",245000.5,"Fst",0,0,0.0298342800652323,0.103147208121827
"241001","251000",246000.5,"Fst",0,0,0.0298342800652323,0.103147208121827
"242001","252000",247000.5,"Fst",0,0,0.0304300111568125,0.106554798112218
"243001","253000",248000.5,"Fst",0,0,0.0313607043346416,0.107595182595183
"244001","254000",249000.5,"Fst",0,0,0.0314735615131705,0.107595182595183
"245001","255000",250000.5,"Fst",0,0,0.0366724570546226,0.12831205491756
"246001","256000",251000.5,"Fst",0,0,0.0366724570546226,0.12831205491756
"247001","257000",252000.5,"Fst",0,0,0.0353740813625477,0.114454583959031
"248001","258000",253000.5,"Fst",0,0,0.0309681094109544,0.103730207303485
"249001","259000",254000.5,"Fst",0,0,0.034896580008947,0.115916105499439
"250001","260000",255000.5,"Fst",0.0165824915824915,0,0.0218178705523655,0.0404040404040404
"251001","261000",256000.5,"Fst",0.0174893465909091,0,0.0228339459727352,0.0424628450106156
"252001","262000",257000.5,"Fst",0.0183682983682985,0,0.0241139956578906,0.0444444444444444
"253001","263000",258000.5,"Fst",0.0176155133210347,0,0.0425151197361882,0.101510216168197
"254001","264000",259000.5,"Fst",0.0180324989020642,0,0.0434883017422597,0.103878787878788
"255001","265000",260000.5,"Fst",0.0171619644723092,0,0.0415050775492543,0.0986191024165708
"256001","266000",261000.5,"Fst",0.0202522909397646,0,0.0374713804713805,0.0950317124735729
"257001","267000",262000.5,"Fst",0.0191873773708306,0,0.0391497303212694,0.0988460455952714
"258001","268000",263000.5,"Fst",0.0235625485625486,0,0.0450989987440826,0.113650732828815
"259001","269000",264000.5,"Fst",0.022311123373339,0,0.0428552741369795,0.107317955676165
"260001","270000",265000.5,"Fst",0.0171757506612041,0,0.0475969861113019,0.112585492486646
"261001","271000",266000.5,"Fst",0.0173463887890766,0,0.0440748031680527,0.100238834817422
"262001","272000",267000.5,"Fst",0.0156011074703448,0,0.0367898831864702,0.0852293426063918
"263001","273000",268000.5,"Fst",0.0142562534876386,0,0.0135388236173115,0.0212255727333028
"264001","274000",269000.5,"Fst",0.00246958361671556,0,0.0302392520177581,0.0837568044616501
"265001","275000",270000.5,"Fst",0,0,0.0266198755381144,0.0648301193755738
"266001","276000",271000.5,"Fst",0,0,0.0256369120250865,0.058897675248231
"267001","277000",272000.5,"Fst",0,0,0.0247046564299121,0.0569424884315813
"268001","278000",273000.5,"Fst",0,0,0.0243170028416273,0.0559518766415317
"269001","279000",274000.5,"Fst",0,0,0.0243215034890192,0.0734395199648753
"270001","280000",275000.5,"Fst",0,0,0.0281811547199934,0.085666828714957
"271001","281000",276000.5,"Fst",0.000687608050363719,0,0.0279156569618452,0.0849445845899007
"272001","282000",277000.5,"Fst",0.00148159196559527,0,0.033145475993814,0.0985539501630321
"273001","283000",278000.5,"Fst",0.00149880548220804,0,0.0335365295300896,0.0995166980812914
"274001","284000",279000.5,"Fst",0.00203930739205938,0,0.0443857223089158,0.115539086517347
"275001","285000",280000.5,"Fst",0.000500894074698999,0,0.0541238554586248,0.128285373419232
"276001","286000",281000.5,"Fst",0.00122288878634047,0,0.0562053952777029,0.132499051952977
"277001","287000",282000.5,"Fst",0,0,0.0579045883943822,0.138277745270139
"278001","288000",283000.5,"Fst",0,0,0.0584078931134275,0.139276066990816
"279001","289000",284000.5,"Fst",0.00581022865348502,0,0.0537074977349574,0.127430970113897
"280001","290000",285000.5,"Fst",0.0094077471213353,0,0.0543800535080358,0.129651304559864
"281001","291000",286000.5,"Fst",0,0,0.0608473303315737,0.143671441099094
"282001","292000",287000.5,"Fst",0,0,0.057931434023064,0.136692940151692
"283001","293000",288000.5,"Fst",0,0,0.0587431543994043,0.138505586291521
"284001","294000",289000.5,"Fst",2.60111848094935e-05,0,0.0490100834636271,0.121670968358666
"285001","295000",290000.5,"Fst",0.0228077880251794,0,0.0312344421124586,0.085016741540895
"286001","296000",291000.5,"Fst",0.0291972167688342,0,0.0286257575747997,0.0827988624105129
"287001","297000",292000.5,"Fst",0.0422327044025157,0,0.0364502938229481,0.0656584122763281
"288001","298000",293000.5,"Fst",0.0411589008363201,0,0.0352623958584677,0.0634756258234519
"289001","299000",294000.5,"Fst",0.0314541153338044,0,0.0340476239455618,0.0769137962236834
"290001","3e+05",295000.5,"Fst",0.0521577891234221,0,0.0377667972476864,0.0895482063341172
"291001","301000",296000.5,"Fst",0.0528817924285345,0,0.0383834150269646,0.0907721567135793
"292001","302000",297000.5,"Fst",0.0505363798411926,0,0.0363725400408625,0.0854247706862604
"293001","303000",298000.5,"Fst",0.0505363798411926,0,0.0363725400408625,0.0854247706862604
"294001","304000",299000.5,"Fst",0.0418354376189629,0,0.0360788506225502,0.095145819579822
"295001","305000",300000.5,"Fst",0.0302840612699768,0,0.0450714654441399,0.119578252645982
"296001","306000",301000.5,"Fst",0.0430229525299948,0,0.0447049183062198,0.131932874562357
"297001","307000",302000.5,"Fst",0.044571481688046,0,0.0503512917823765,0.144484848484848
"298001","308000",303000.5,"Fst",0.0451686678101771,0,0.0519584438556839,0.147159950488241
"299001","309000",304000.5,"Fst",0.0389324142905807,0,0.0571105573363238,0.185191040843215
"300001","310000",305000.5,"Fst",0.020432176091625,0,0.0598102388746832,0.183224142592708
"301001","311000",306000.5,"Fst",0.0377105814765933,0,0.0553016055210968,0.179217136299885
"302001","312000",307000.5,"Fst",0.0385370396425007,0,0.0567293691063358,0.185259914708148
"303001","313000",308000.5,"Fst",0.0338526106131739,0,0.0547567765831553,0.157683359506776
"304001","314000",309000.5,"Fst",0.0378415346121768,0,0.0494465828531953,0.129855707527159
"305001","315000",310000.5,"Fst",0.0478769733260752,0,0.0407099976080195,0.114805267015442
"306001","316000",311000.5,"Fst",0.0317904786259215,0,0.0397204149934409,0.103619931371128
"307001","317000",312000.5,"Fst",0.0313785705271128,0,0.0392100740879514,0.102314483416846
"308001","318000",313000.5,"Fst",0.0313785705271128,0,0.0392100740879514,0.102314483416846
"309001","319000",314000.5,"Fst",0.0350427905031759,0,0.0350691206802769,0.0918460925039873
"310001","320000",315000.5,"Fst",0.0364645782606621,0,0.0379908537946093,0.0954569091854583
"311001","321000",316000.5,"Fst",0.0197152937963941,0,0.0367656267118683,0.087375753306723
"312001","322000",317000.5,"Fst",0.0184650240725006,0,0.0406487575273594,0.0888209251845616
"313001","323000",318000.5,"Fst",0.0197666904737611,0,0.039714685256836,0.0873062483239474
"314001","324000",319000.5,"Fst",0.0190780846986268,0,0.0374495288206383,0.0860577706893497
"315001","325000",320000.5,"Fst",0.0198174972508065,0,0.037392877863301,0.0856488341959638
"316001","326000",321000.5,"Fst",0.0190126113203036,0,0.0386035484264755,0.0859494852276373
"317001","327000",322000.5,"Fst",0.0192787878787879,0,0.039123831383277,0.0869749356235843
"318001","328000",323000.5,"Fst",0.0191251763757305,0,0.035375826068321,0.0769925325144035
"319001","329000",324000.5,"Fst",0.0193021419405784,0,0.034542748931773,0.0584299004406724
"320001","330000",325000.5,"Fst",0.017582471567881,0,0.0295068818712301,0.0563443350704497
"321001","331000",326000.5,"Fst",0.0175940945529774,0,0.0228228290550134,0.0473800738007381
"322001","332000",327000.5,"Fst",0.0162887343913481,0,0.0150344800352804,0.0309607112130772
"323001","333000",328000.5,"Fst",0.0125581134823279,0,0.0128107589924426,0.0232308635487825
"324001","334000",329000.5,"Fst",0.0132797877129386,0,0.0135869643329962,0.0247319347319347
"325001","335000",330000.5,"Fst",0.0328399846472135,0,0.0141124277773357,0.0248896761883951
"326001","336000",331000.5,"Fst",0.034274367607701,0,0.0138997156872936,0.0234064212433849
"327001","337000",332000.5,"Fst",0.0329667644183774,0,0.0129328186166653,0.0225685380952665
"328001","338000",333000.5,"Fst",0.033738694915865,0,0.0133748626915199,0.0260144995245607
"329001","339000",334000.5,"Fst",0.0342515547745791,0,0.01254222600531,0.0244423540055916
"330001","340000",335000.5,"Fst",0.0337069823955564,0,0.0128988888039968,0.0226542813839531
"331001","341000",336000.5,"Fst",0.0294117063196657,0,0.0131469170438373,0.0266368603468335
"332001","342000",337000.5,"Fst",0.0348131077283846,0,0.0139930332970517,0.0309794195709873
"333001","343000",338000.5,"Fst",0.0365984087648362,0,0.0145372780233138,0.032417059726278
"334001","344000",339000.5,"Fst",0.0346826524936655,0,0.0137929641484635,0.0308046049419657
"335001","345000",340000.5,"Fst",0.0140373489144755,0,0.0130380353606465,0.0252525252525253
"336001","346000",341000.5,"Fst",0.00899887123382814,0,0.0121423793386148,0.0245232245232245
"337001","347000",342000.5,"Fst",0.00112339144873397,0,0.0171994260478632,0.0345135053918115
"338001","348000",343000.5,"Fst",0.000261189298846221,0,0.0174384175440948,0.0346603976949648
"339001","349000",344000.5,"Fst",0,0,0.0187663017554074,0.0377248956937077
"340001","350000",345000.5,"Fst",0,0,0.0191530413319558,0.0381694152816145
"341001","351000",346000.5,"Fst",0,0,0.0180277646444453,0.0308216450372166
"342001","352000",347000.5,"Fst",0.00168879287315471,0,0.0153472602557082,0.0284894641576449
"343001","353000",348000.5,"Fst",0.00168427393198034,0,0.0153072246272246,0.0285858208571634
"344001","354000",349000.5,"Fst",0,0,0.0158665590759041,0.0294331908971306
"345001","355000",350000.5,"Fst",0,0,0.0155516235974225,0.0289246484592042
"346001","356000",351000.5,"Fst",0,0,0.015059834405367,0.0279585218235525
"347001","357000",352000.5,"Fst",0.00395178359403225,0,0.0123731532430531,0.027268912371724
"348001","358000",353000.5,"Fst",0.0188164488782726,0,0.0158538643142459,0.0273310258797897
"349001","359000",354000.5,"Fst",0.0216382792653979,0,0.0152812078454238,0.0271807469708957
"350001","360000",355000.5,"Fst",0.0232806129306868,0,0.0164910656442517,0.0290937614204601
"351001","361000",356000.5,"Fst",0.0246407739365486,0,0.0174589271879061,0.03081047405086
"352001","362000",357000.5,"Fst",0.010229039364842,0,0.0349046491504978,0.0996014224683167
"353001","363000",358000.5,"Fst",0.0101125165405067,0,0.0345184331195562,0.0981582970716218
"354001","364000",359000.5,"Fst",0.0137093597200657,0,0.0333072083861996,0.0973469252955812
"355001","365000",360000.5,"Fst",0.0139642212524846,0,0.0324337179217856,0.0969565976770587
"356001","366000",361000.5,"Fst",0.014526440879382,0,0.0336501352236516,0.100856176049781
"357001","367000",362000.5,"Fst",0.0151293241610571,0,0.0342389199120787,0.104893652180071
"358001","368000",363000.5,"Fst",0.00479081160346362,0,0.0337888043835407,0.104837465564738
"359001","369000",364000.5,"Fst",0.00479081160346362,0,0.0337888043835407,0.104837465564738
"360001","370000",365000.5,"Fst",0.00472138188202331,0,0.0307447144165665,0.0935616631430586
"361001","371000",366000.5,"Fst",0.0172754965887062,0,0.0311422216992208,0.0760619764868086
"362001","372000",367000.5,"Fst",0.0236150176605519,0,0.0304016659234895,0.0831024709592432
"363001","373000",368000.5,"Fst",0.0200335916218543,0,0.0269789830198881,0.0657830302027861
"364001","374000",369000.5,"Fst",0.0311688311688312,0,0.0273067307625171,0.0608417602284343
"365001","375000",370000.5,"Fst",0.0325919291436533,0,0.0262081811941846,0.079658467023173
"366001","376000",371000.5,"Fst",0.0325919291436533,0,0.0262081811941846,0.079658467023173
"367001","377000",372000.5,"Fst",0.0323940668961706,0,0.0257689719610081,0.0693730481355394
"368001","378000",373000.5,"Fst",0.0334607043271713,0,0.0254276936325264,0.0718676838048783
"369001","379000",374000.5,"Fst",0.0331017572537802,0,0.025132230901774,0.0710914950783291
"370001","380000",375000.5,"Fst",0.0338229294165645,0,0.0262052919915257,0.0711374120497648
"371001","381000",376000.5,"Fst",0.0286337603930099,0,0.0338359344895663,0.0805383351201874
"372001","382000",377000.5,"Fst",0.0273827543235768,0,0.0323005752583314,0.0792439437234953
"373001","383000",378000.5,"Fst",0.0326804355439856,0,0.0347695107187042,0.084209180411712
"374001","384000",379000.5,"Fst",0.0259646641890785,0,0.034234840745354,0.0808306651760984
"375001","385000",380000.5,"Fst",0.0237848164332612,0,0.0350050086338028,0.0887460234544852
"376001","386000",381000.5,"Fst",0.0238145384340711,0,0.033053163701183,0.0839686227145666
"377001","387000",382000.5,"Fst",0.0234773732562096,0,0.0314304453792134,0.0787556486648
"378001","388000",383000.5,"Fst",0.0184905754338788,0,0.0315645930247401,0.0861003354509848
"379001","389000",384000.5,"Fst",0.0179729072777201,0,0.0368921954292177,0.0932031450267478
"380001","390000",385000.5,"Fst",0.016979028955077,0,0.0402004860670877,0.112070189582323
"381001","391000",386000.5,"Fst",0.0156027834142685,0,0.0426611002431077,0.120951142090451
"382001","392000",387000.5,"Fst",0.0218962775345626,0,0.0443485115244191,0.117424242424243
"383001","393000",388000.5,"Fst",0.0180004992839217,0,0.0491492704111525,0.123019640216008
"384001","394000",389000.5,"Fst",0.0201218136702008,0,0.0483693264904944,0.121288432147563
"385001","395000",390000.5,"Fst",0.0201001955034215,0,0.0494276016122553,0.12321238187416
"386001","396000",391000.5,"Fst",0.053858022009427,0,0.0505639328240827,0.092036722242921
"387001","397000",392000.5,"Fst",0.0610658870366428,0,0.0560289402794175,0.110036466281227
"388001","398000",393000.5,"Fst",0.0638181763542383,0,0.0583153813755787,0.118181089600294
"389001","399000",394000.5,"Fst",0.0668836574369185,0,0.0610737613020097,0.125410577841956
"390001","4e+05",395000.5,"Fst",0.0702549044012459,0,0.0625408751189963,0.131198600097067
"391001","401000",396000.5,"Fst",0.0717568305882611,0,0.0639294540965159,0.132766971020246
"392001","402000",397000.5,"Fst",0.0717595119377195,0,0.0633941926946207,0.138488988524254
"393001","403000",398000.5,"Fst",0.0703486055217858,0,0.0621423212748243,0.139313398243649
"394001","404000",399000.5,"Fst",0.0695297280620564,0,0.06169099406468,0.139365151938497
"395001","405000",400000.5,"Fst",0.0674851549085391,0,0.0604778033027732,0.13637275266275
"396001","406000",401000.5,"Fst",0.0569752720768435,0,0.0565742750200106,0.130138277856463
"397001","407000",402000.5,"Fst",0.0131507779724261,0,0.0252209573376206,0.0649156461764292
"398001","408000",403000.5,"Fst",0.00675633684023613,0,0.0289375230003183,0.0548229842865345
"399001","409000",404000.5,"Fst",0.00705280036464573,0,0.0289111726382067,0.0554863760169094
"400001","410000",405000.5,"Fst",0.00411236374297053,0,0.0306509276786437,0.0593614336733603
"401001","411000",406000.5,"Fst",0.00670163170163163,0,0.0288063314295282,0.0553205733372688
"402001","412000",407000.5,"Fst",0.00671430945653984,0,0.029718641970927,0.0558875614645415
"403001","413000",408000.5,"Fst",0.0030242320167907,0,0.0236908401742288,0.0539663381398449
"404001","414000",409000.5,"Fst",0.00169767205448812,0,0.0253000825373714,0.0583658780767183
"405001","415000",410000.5,"Fst",0.00646093209933862,0,0.025967019877684,0.0622261148387863
"406001","416000",411000.5,"Fst",0.0184401943438088,0,0.0253685134355335,0.0942142487493531
"407001","417000",412000.5,"Fst",0.0210683044853899,0,0.0264064106722164,0.09963808203744
"408001","418000",413000.5,"Fst",0.0229114958299289,0,0.022590694954048,0.0893072954682002
"409001","419000",414000.5,"Fst",0.0138127749266863,0,0.0259357855330145,0.066956782379911
"410001","420000",415000.5,"Fst",0.0191359495365485,0,0.0280378276346283,0.065217628006744
"411001","421000",416000.5,"Fst",0.0189663025661111,0,0.0286877129086192,0.0615847602997383
"412001","422000",417000.5,"Fst",0.0190475365432484,0,0.0283572383503191,0.0614681938132929
"413001","423000",418000.5,"Fst",0.0230155871164217,0,0.0295385248870524,0.0703053386976755
"414001","424000",419000.5,"Fst",0.023959357359158,0,0.027167786366887,0.0662900167494693
"415001","425000",420000.5,"Fst",0.0233513628610246,0,0.0271811132026727,0.0657770294204839
"416001","426000",421000.5,"Fst",0.0178323406797628,0,0.0288258153768548,0.0747813055067947
"417001","427000",422000.5,"Fst",0.0179894263105057,0,0.0285250652449727,0.0737921636544275
"418001","428000",423000.5,"Fst",0.0154437634774712,0,0.0288102691527885,0.0659204160150476
"419001","429000",424000.5,"Fst",0.0204674686002486,0,0.027363332321173,0.0519538822569126
"420001","430000",425000.5,"Fst",0.0111353801530124,0,0.026744755083668,0.0492374955061522
"421001","431000",426000.5,"Fst",0.0162200096032586,0,0.0281694426114185,0.0578456040549903
"422001","432000",427000.5,"Fst",0.0130337850254862,0,0.0316074515341741,0.0735498614400282
"423001","433000",428000.5,"Fst",0.00945304194401664,0,0.0359500781062955,0.100044814914404
"424001","434000",429000.5,"Fst",0.00958878738853575,0,0.0421380728419194,0.125089092005608
"425001","435000",430000.5,"Fst",0.00662656447074816,0,0.0445071493866179,0.133109519151973
"426001","436000",431000.5,"Fst",0.0186019713921423,0,0.0439529412342948,0.125258121380005
"427001","437000",432000.5,"Fst",0.01876889135407,0,0.044193338239434,0.126047719668956
"428001","438000",433000.5,"Fst",0.0223365417285201,0,0.0436554539203876,0.127442519255554
"429001","439000",434000.5,"Fst",0.0225096393635719,0,0.0441050679808479,0.127964027598904
"430001","440000",435000.5,"Fst",0.0287133261740274,0,0.0461733242374362,0.145393038369091
"431001","441000",436000.5,"Fst",0.0238392036555215,0,0.0444473259398455,0.146540675572934
"432001","442000",437000.5,"Fst",0.0276581851883057,0,0.043528264426054,0.130560262403963
"433001","443000",438000.5,"Fst",0.0321337981676877,0,0.0349897659592925,0.105000094993825
"434001","444000",439000.5,"Fst",0.0333535863611609,0,0.0307612418713323,0.0788365911663338
"435001","445000",440000.5,"Fst",0.0325270554585332,0,0.02380071303551,0.055212249265977
"436001","446000",441000.5,"Fst",0.00512720916682852,0,0.0216861942840921,0.0436986195616853
"437001","447000",442000.5,"Fst",0.0253973268743035,0,0.0243634777636271,0.0683183403561488
"438001","448000",443000.5,"Fst",0.0232985593641331,0,0.0243783115047599,0.0697165764402065
"439001","449000",444000.5,"Fst",0.0209181929709057,0,0.0289418803701174,0.0676514105293383
"440001","450000",445000.5,"Fst",0.0377017542289715,0,0.0349006290158927,0.0830726906705865
"441001","451000",446000.5,"Fst",0.0398247393880582,0,0.0333658870227811,0.0821495213016409
"442001","452000",447000.5,"Fst",0.0416152474976004,0,0.0344131822556832,0.0846139531586456
"443001","453000",448000.5,"Fst",0.0413126327440246,0,0.0352081141186743,0.0845932826498198
"444001","454000",449000.5,"Fst",0.0418865826887383,0,0.0363271978991905,0.0886284252012626
"445001","455000",450000.5,"Fst",0.057931438241085,0,0.0410350993624751,0.106699529111612
"446001","456000",451000.5,"Fst",0.0602937374668987,0,0.0429058554224574,0.109514391054832
"447001","457000",452000.5,"Fst",0.053620811668637,0,0.0401431963222964,0.108368838539359
"448001","458000",453000.5,"Fst",0.0609841158197058,0,0.0400756850575221,0.119675469488621
"449001","459000",454000.5,"Fst",0.0633728166382321,0,0.0415988332960783,0.107019871967141
"450001","460000",455000.5,"Fst",0.0506171212720165,0,0.041939584853225,0.0938263952507552
"451001","461000",456000.5,"Fst",0.0546856298724404,0,0.046513021730229,0.121471718835805
"452001","462000",457000.5,"Fst",0.0542154681139755,0,0.046088636959998,0.121442905879992
"453001","463000",458000.5,"Fst",0.055051884627251,0,0.0473980980649024,0.126914603928212
"454001","464000",459000.5,"Fst",0.0547189780066493,0,0.0471153511596896,0.126049241963037
"455001","465000",460000.5,"Fst",0.0522163546167387,0,0.046279468403725,0.123448337728977
"456001","466000",461000.5,"Fst",0.0535893024975994,0,0.0417479630212791,0.088335344073049
"457001","467000",462000.5,"Fst",0.0525859101096754,0,0.041400720148445,0.0911840450278097
"458001","468000",463000.5,"Fst",0.0491727829857327,0,0.0402882956420467,0.0885182052178206
"459001","469000",464000.5,"Fst",0.0591837919424127,0,0.0442329641570623,0.115561250799898
"460001","470000",465000.5,"Fst",0.0536730079198936,0,0.0396214252727594,0.105871988018149
"461001","471000",466000.5,"Fst",0.0477517616203749,0,0.0441011694550899,0.125838939063768
"462001","472000",467000.5,"Fst",0.0450625724368741,0,0.0424181043508426,0.120422598005517
"463001","473000",468000.5,"Fst",0.0454576335490589,0,0.0427779095385806,0.122397307025885
"464001","474000",469000.5,"Fst",0.0458312762143673,0,0.0430856707750799,0.123514936005369
"465001","475000",470000.5,"Fst",0.039824285186697,0,0.0393154159327399,0.110519704344264
"466001","476000",471000.5,"Fst",0.0273537332739572,0,0.0330720788338921,0.0781685593363248
"467001","477000",472000.5,"Fst",0.0257187576546392,0,0.0329193377359624,0.0795070238283659
"468001","478000",473000.5,"Fst",0.0152603183166979,0,0.0300029974383591,0.057099090557955
"469001","479000",474000.5,"Fst",0,0,0.0308863822500185,0.0638470940734893
"470001","480000",475000.5,"Fst",0.00239212964852853,0,0.0328788208567839,0.0817221954386924
"471001","481000",476000.5,"Fst",0.00243291493101216,0,0.0334265621297486,0.0830932571096955
"472001","482000",477000.5,"Fst",0.00507951578447663,0,0.0341338749432559,0.0859179545839417
"473001","483000",478000.5,"Fst",0.00795422179643201,0,0.0338115871687312,0.080610311950981
"474001","484000",479000.5,"Fst",0.0060134324778125,0,0.0328425518406029,0.0891235134284075
"475001","485000",480000.5,"Fst",0.00745397730183339,0,0.0266489061163173,0.071167836772239
"476001","486000",481000.5,"Fst",0.00706202425400126,0,0.0302606569370878,0.0885382020133793
"477001","487000",482000.5,"Fst",0.0101887904494982,0,0.030283275685225,0.0868967842542252
"478001","488000",483000.5,"Fst",0.0120383162936355,0,0.0249962173019132,0.0726689373137664
"479001","489000",484000.5,"Fst",0.0129141034404192,0,0.0257183815659692,0.0725182386868787
"480001","490000",485000.5,"Fst",0.0237729997066098,0,0.0171077045192128,0.0447929234766818
"481001","491000",486000.5,"Fst",0.0243300173100586,0,0.0146632839559628,0.0391435944682131
"482001","492000",487000.5,"Fst",0.0241453189062547,0,0.0150762812312964,0.0408020570367278
"483001","493000",488000.5,"Fst",0.0217217013181138,0,0.0160683348263829,0.0451460444047411
"484001","494000",489000.5,"Fst",0.0286287532862873,0,0.013756785556309,0.0233644025957802
"485001","495000",490000.5,"Fst",0.0304660294880345,0,0.0133670637256308,0.0209632557458643
"486001","496000",491000.5,"Fst",0.0192694357983614,0,0.0229651625591556,0.0433245607439157
"487001","497000",492000.5,"Fst",0.0190786143053446,0,0.0234583053342332,0.0439974941141997
"488001","498000",493000.5,"Fst",0.0182226028793996,0,0.0258537848824432,0.0499599672412421
"489001","499000",494000.5,"Fst",0.0176115083418454,0,0.0269671379371727,0.0523314627109799
"490001","5e+05",495000.5,"Fst",0.0110756253517497,0,0.0276139773877035,0.0598643726658757
"491001","501000",496000.5,"Fst",0.00749466082476502,0,0.030058898684732,0.0627624138198156
"492001","502000",497000.5,"Fst",0.00784692003744114,0,0.0288882181913215,0.0616987542468858
"493001","503000",498000.5,"Fst",0.0050425200622829,0,0.0317078277202068,0.0752881881183062
"494001","504000",499000.5,"Fst",0.00509895114211678,0,0.0320676054830492,0.0760862457625662
"495001","505000",500000.5,"Fst",0.0010117441186982,0,0.0337725135818887,0.0826205948803951
"496001","506000",501000.5,"Fst",0.0468018600640553,0,0.0339738803927342,0.0753844701617926
"497001","507000",502000.5,"Fst",0.032300533424129,0,0.0356560668663104,0.0770507487073646
"498001","508000",503000.5,"Fst",0.0345362372151824,0,0.0370687825525011,0.0869458956789374
"499001","509000",504000.5,"Fst",0.0312616277236464,0,0.0347614516366538,0.0915557332166804
"500001","510000",505000.5,"Fst",0.0321779750275371,0,0.0353676807580756,0.093462742930828
"501001","511000",506000.5,"Fst",0.0349050454000982,0,0.0347728827259896,0.0912374102130896
"502001","512000",507000.5,"Fst",0.0340598738621802,0,0.0342523325461597,0.086979893671659
"503001","513000",508000.5,"Fst",0.0338774607387746,0,0.0317885417383399,0.0930130439608398
"504001","514000",509000.5,"Fst",0.036826945818713,0,0.0309724526773873,0.0879037305500138
"505001","515000",510000.5,"Fst",0.0375846714555653,0,0.0327341436951279,0.0929698331330066
"506001","516000",511000.5,"Fst",0.0155056738089447,0,0.0351342497396967,0.107960438925333
"507001","517000",512000.5,"Fst",0.0185053844022487,0,0.0342124704784517,0.0898150009873832
"508001","518000",513000.5,"Fst",0.00758529280888964,0,0.0369722890082822,0.0890828092570303
"509001","519000",514000.5,"Fst",0.00936573858337497,0,0.0321018042266168,0.0878465266680171
"510001","520000",515000.5,"Fst",0.020206246762572,0,0.0273275154083838,0.0673680886555901
"511001","521000",516000.5,"Fst",0.0170698429590821,0,0.0258136276714219,0.0585403251175495
"512001","522000",517000.5,"Fst",0.0160508198128594,0,0.0251096572436121,0.0589194275728059
"513001","523000",518000.5,"Fst",0.0214397100349814,0,0.0228323436079112,0.0519069180705907
"514001","524000",519000.5,"Fst",0.0164958896391049,0,0.0208295691722998,0.0435884674889213
"515001","525000",520000.5,"Fst",0.0199089940942976,0,0.0196680783649783,0.0568682132956514
"516001","526000",521000.5,"Fst",0.0327098919368245,0,0.0203785402323117,0.0586777884762337
"517001","527000",522000.5,"Fst",0.0446474642345654,0,0.0205298839213419,0.0566565769475156
"518001","528000",523000.5,"Fst",0.0516035068518138,0,0.0226742118023575,0.0548781947145033
"519001","529000",524000.5,"Fst",0.0515037357945627,0,0.0225822242694578,0.0551072854575611
"520001","530000",525000.5,"Fst",0.0487279921661106,0,0.0262768017876932,0.0639927448438087
"521001","531000",526000.5,"Fst",0.0536786803836518,0,0.0269329139254239,0.0710404630242187
"522001","532000",527000.5,"Fst",0.0500414361978916,0,0.0255579640303134,0.0630892113993344
"523001","533000",528000.5,"Fst",0.048944372678831,0,0.0263361501306557,0.0639179677245838
"524001","534000",529000.5,"Fst",0.055220401489058,0,0.0273748202620548,0.062896093628836
"525001","535000",530000.5,"Fst",0.061063986222755,0,0.0209544679297542,0.0459407433867159
"526001","536000",531000.5,"Fst",0.0357351290684623,0,0.0186052233599732,0.0359183446279727
"527001","537000",532000.5,"Fst",0.0121184643777964,0,0.021112033696535,0.0406585683257836
"528001","538000",533000.5,"Fst",0.0499288945369823,0,0.0223439295113332,0.0364930443222258
"529001","539000",534000.5,"Fst",0.0511927788523534,0,0.0213896030901415,0.0341828535683085
"530001","540000",535000.5,"Fst",0.0478566183348271,0,0.0253515701222118,0.0701699777228478
"531001","541000",536000.5,"Fst",0.0477949644600975,0,0.0253676792135422,0.070214974960303
"532001","542000",537000.5,"Fst",0.0241544769073578,0,0.0395098740316516,0.0679839698613164
"533001","543000",538000.5,"Fst",0.0203663965396818,0,0.0429596384016463,0.073220005562444
"534001","544000",539000.5,"Fst",0.0154706387523726,0,0.0401721282052837,0.0674260351006032
"535001","545000",540000.5,"Fst",0.0150685323489858,0,0.0400533282946072,0.0665425710858419
"536001","546000",541000.5,"Fst",0.0157710324236567,0,0.0426278279681779,0.0700738680378559
"537001","547000",542000.5,"Fst",0.0164468342462032,0,0.0434453122988939,0.0720748519370095
"538001","548000",543000.5,"Fst",0,0,0.0449419243626013,0.0786344966433089
"539001","549000",544000.5,"Fst",0,0,0.0464224280654745,0.0797385566202552
"540001","550000",545000.5,"Fst",0,0,0.0504139203058655,0.0878016341886373
"541001","551000",546000.5,"Fst",0,0,0.0493856701971538,0.0869026884783376
"542001","552000",547000.5,"Fst",0.00169468005758788,0,0.0225449468663309,0.0479628633474788
"543001","553000",548000.5,"Fst",0.00696310246818654,0,0.0166156296844261,0.0359259671377175
"544001","554000",549000.5,"Fst",0.01545887796225,0,0.0199085556425921,0.0357282437989281
"545001","555000",550000.5,"Fst",0.0145840731534091,0,0.0187317667996455,0.0531211222012409
"546001","556000",551000.5,"Fst",0.0146810190445014,0,0.0224664207121581,0.0662076717718141
"547001","557000",552000.5,"Fst",0.0171812851109198,0,0.0248594993472057,0.070033988185741
"548001","558000",553000.5,"Fst",0.0140633679609181,0,0.023777120628099,0.0605210155500046
"549001","559000",554000.5,"Fst",0.0145806115837662,0,0.0239353351207497,0.0620739572024047
"550001","560000",555000.5,"Fst",0.00823084172441579,0,0.0261514010668311,0.0696888455601592
"551001","561000",556000.5,"Fst",0.00744314266023438,0,0.0266850304413815,0.0689539080027191
"552001","562000",557000.5,"Fst",0.00963743948359341,0,0.0292306585227846,0.0674843994002616
"553001","563000",558000.5,"Fst",0.00351635910789072,0,0.0321602744706591,0.0755339518112164
"554001","564000",559000.5,"Fst",0.00595006026094203,0,0.02564656767961,0.0608389811933527
"555001","565000",560000.5,"Fst",0.00220962980333805,0,0.0309444072217394,0.0499254400707613
"556001","566000",561000.5,"Fst",0.00028115185718447,0,0.0331660009053579,0.0576534734946148
"557001","567000",562000.5,"Fst",0,0,0.0372153864808009,0.0660787461426655
"558001","568000",563000.5,"Fst",0,0,0.0381646383723798,0.0669667313354397
"559001","569000",564000.5,"Fst",0,0,0.0381533432792897,0.0667780138999288
"560001","570000",565000.5,"Fst",0,0,0.0362649485594363,0.0606250163838137
"561001","571000",566000.5,"Fst",0.00550584577852198,0,0.0344707524862356,0.0561035987175171
"562001","572000",567000.5,"Fst",0.00445875803430373,0,0.0316311680147628,0.0511246303439185
"563001","573000",568000.5,"Fst",0.00722391703799907,0,0.0357467718560484,0.058866580178104
"564001","574000",569000.5,"Fst",0.00269442970493816,0,0.0331878268086527,0.0641401524426121
"565001","575000",570000.5,"Fst",0.0108203624332656,0,0.0237472729926692,0.0756984956749622
"566001","576000",571000.5,"Fst",0.0108203624332656,0,0.0237472729926692,0.0756984956749622
"567001","577000",572000.5,"Fst",0.0199123244251881,0,0.0220707313518562,0.0703606002725774
"568001","578000",573000.5,"Fst",0.0456580447239371,0,0.023212106757466,0.0642636772406423
"569001","579000",574000.5,"Fst",0.04144341998812,0,0.0219567197190647,0.0584530701417926
"570001","580000",575000.5,"Fst",0.0490939105443525,0,0.0207015781671911,0.0451698487201033
"571001","581000",576000.5,"Fst",0.0481414787539979,0,0.0231496342388439,0.0526049860705468
"572001","582000",577000.5,"Fst",0.0590714884396017,0,0.0252054912846595,0.0449985859963734
"573001","583000",578000.5,"Fst",0.0590714884396017,0,0.0252054912846595,0.0449985859963734
"574001","584000",579000.5,"Fst",0.0925499168234867,0,0.0273928974301465,0.0628484276638961
"575001","585000",580000.5,"Fst",0.103179657346096,0,0.0302176914886869,0.0730998762766552
"576001","586000",581000.5,"Fst",0.103179657346096,0,0.0302176914886869,0.0730998762766552
"577001","587000",582000.5,"Fst",0.105806210799245,0,0.03738801068077,0.097648290290571
"578001","588000",583000.5,"Fst",0,0,0.0116161259159775,0.0122501611863314
"579001","589000",584000.5,"Fst",0,0,0,0
"580001","590000",585000.5,"Fst",0,0,0,0
"581001","591000",586000.5,"Fst",0,0,0,0
"582001","592000",587000.5,"Fst",0,0,0,0
"583001","593000",588000.5,"Fst",0,0,0,0
"584001","594000",589000.5,"Fst",0,0,0,0
"585001","595000",590000.5,"Fst",0.0586690305000165,0,0.0585374037152771,0.140389954910013
"586001","596000",591000.5,"Fst",0.0528159827052818,0,0.052915221456577,0.130775789817265
"587001","597000",592000.5,"Fst",0.0251453888749702,0,0.0535254912192581,0.13084024675194
"588001","598000",593000.5,"Fst",0.0247232033752081,0,0.052053798542246,0.127606094054116
"589001","599000",594000.5,"Fst",0.025610752410141,0,0.050181781994854,0.124906042419362
"590001","6e+05",595000.5,"Fst",0.0254321516013039,0,0.0498721074345734,0.124017801345176
"591001","601000",596000.5,"Fst",0.0256286646066937,0,0.0486884171357326,0.121474532887272
"592001","602000",597000.5,"Fst",0.0254760056724661,0,0.048343636107115,0.120632338932929
"593001","603000",598000.5,"Fst",0.0259729067658463,0,0.0441624636750681,0.106964147334649
"594001","604000",599000.5,"Fst",0.0258345458969551,0,0.0439149761394446,0.106404335767336
"595001","605000",600000.5,"Fst",0.00381851297109514,0,0.0481459998092303,0.148525706024493
"596001","606000",601000.5,"Fst",0,0,0.0643050091443916,0.204694086325167
"597001","607000",602000.5,"Fst",0.0347447006762744,0,0.0249691890303504,0.0447382245115783
"598001","608000",603000.5,"Fst",0.0428444151130176,0,0.0254654387620813,0.0402644243481939
"599001","609000",604000.5,"Fst",0.0401322314049586,0,0.0266127700698212,0.0839047614587257
"600001","610000",605000.5,"Fst",0.0395442483623745,0,0.0271251015449609,0.0737412448790802
"601001","611000",606000.5,"Fst",0.0391809106035396,0,0.0278658754358555,0.0755691082943747
"602001","612000",607000.5,"Fst",0.0391239497781554,0,0.027864840191179,0.0755691082943747
"603001","613000",608000.5,"Fst",0.0411925005450184,0,0.0337901867384826,0.093063973063973
"604001","614000",609000.5,"Fst",0.0400650099612038,0,0.0320113788811724,0.0899104846473268
"605001","615000",610000.5,"Fst",0.0678392314755949,0,0.0268672096535836,0.0903427164039209
"606001","616000",611000.5,"Fst",0.0576987427697309,0,0.0249343900835818,0.0835570772141634
"607001","617000",612000.5,"Fst",0.0567579324685267,0,0.0245743615144726,0.079590527702656
"608001","618000",613000.5,"Fst",0.0506442222898572,0,0.0283546591531032,0.0800026492749559
"609001","619000",614000.5,"Fst",0.0550115083846802,0,0.0247047134440111,0.0758112556827089
"610001","620000",615000.5,"Fst",0.0562327125207449,0,0.0260813353676075,0.0833399809775105
"611001","621000",616000.5,"Fst",0.0592165558019216,0,0.0231710987155107,0.077423202274461
"612001","622000",617000.5,"Fst",0.062199326402627,0,0.0233133255435253,0.0763057223314382
"613001","623000",618000.5,"Fst",0.0491629582538674,0,0.0224309432395902,0.0686597518812284
"614001","624000",619000.5,"Fst",0.0410426917626076,0,0.0224111859266566,0.0663086748303958
"615001","625000",620000.5,"Fst",0.0333164406905238,0,0.0245030247890053,0.0673418209876544
"616001","626000",621000.5,"Fst",0.0369328142431072,0,0.0265154646645179,0.0627188676945187
"617001","627000",622000.5,"Fst",0.0292875837758514,0,0.0260156432626893,0.0564886719863209
"618001","628000",623000.5,"Fst",0.0297730809173368,0,0.027051408874746,0.0535487375705614
"619001","629000",624000.5,"Fst",0.0224663836472108,0,0.024838181376716,0.0516452348964664
"620001","630000",625000.5,"Fst",0.0216128578333303,0,0.0243019021356771,0.0509175764746659
"621001","631000",626000.5,"Fst",0.0171037296037296,0,0.0258194668669839,0.0515693095802432
"622001","632000",627000.5,"Fst",0.0136046054422455,0,0.0268016527314812,0.0541688141775365
"623001","633000",628000.5,"Fst",0.0183277713348007,0,0.027135439650043,0.0582969227155272
"624001","634000",629000.5,"Fst",0.0341933845222047,0,0.0239626113845508,0.0641938384334501
"625001","635000",630000.5,"Fst",0.0142823499772712,0,0.0205855782276408,0.0510258774806327
"626001","636000",631000.5,"Fst",0.0145944451029197,0,0.0213444851674739,0.0510317450836165
"627001","637000",632000.5,"Fst",0.037958027181482,0,0.0304204836546403,0.0920345872788365
"628001","638000",633000.5,"Fst",0.0374388669816571,0,0.0300685700559409,0.0908835676829551
"629001","639000",634000.5,"Fst",0.0369368185997636,0,0.0295355969103279,0.0861106535194032
"630001","640000",635000.5,"Fst",0.0379597284939367,0,0.0309718689220219,0.08798799879988
"631001","641000",636000.5,"Fst",0.034433260048703,0,0.0252367837792163,0.0919129673273319
"632001","642000",637000.5,"Fst",0.0299393586314647,0,0.0249967338634473,0.0910045740423099
"633001","643000",638000.5,"Fst",0.0215617359413204,0,0.0262430053390814,0.0824894246330712
"634001","644000",639000.5,"Fst",0.0121795807189067,0,0.041108890861954,0.091655883104559
"635001","645000",640000.5,"Fst",0.00956613100466774,0,0.0434312055723255,0.0976211098392361
"636001","646000",641000.5,"Fst",0.0023501532974215,0,0.0430229432206208,0.102277548047051
"637001","647000",642000.5,"Fst",0,0,0.0498053086893567,0.112834064812551
"638001","648000",643000.5,"Fst",0,0,0.049170290938887,0.112629626426011
"639001","649000",644000.5,"Fst",0,0,0.0517597593471209,0.117702727593055
"640001","650000",645000.5,"Fst",0,0,0.0518281102090748,0.11776101505242
"641001","651000",646000.5,"Fst",0,0,0.0514185064380801,0.120184637447343
"642001","652000",647000.5,"Fst",0,0,0.0498766628408303,0.114846262430067
"643001","653000",648000.5,"Fst",0,0,0.050231127035796,0.111874922696957
"644001","654000",649000.5,"Fst",0,0,0.0494904990886984,0.0991722805832548
"645001","655000",650000.5,"Fst",0.0112767082672262,0,0.0438335758709719,0.0766716507274875
"646001","656000",651000.5,"Fst",0.0591433597732118,0,0.0250891638866005,0.0561862146964264
"647001","657000",652000.5,"Fst",0.0963486454652532,0,0.0375968514905542,0.111619062031047
"648001","658000",653000.5,"Fst",0.101516122890658,0,0.0357320163645134,0.117693139538761
"649001","659000",654000.5,"Fst",0.103214213926507,0,0.0344444204923807,0.116047864384245
"650001","660000",655000.5,"Fst",0.101958755239049,0,0.0339043581594631,0.114732145301251
"651001","661000",656000.5,"Fst",0.100438899173687,0,0.0340849502725323,0.114440534530774
"652001","662000",657000.5,"Fst",0.0995023364340715,0,0.0329609640590459,0.112321825129836
"653001","663000",658000.5,"Fst",0.0960000736465151,0,0.0322432663104292,0.106380769525638
"654001","664000",659000.5,"Fst",0.0942250184854373,0,0.031455946522458,0.103021279388361
"655001","665000",660000.5,"Fst",0.0923289830518992,0,0.0316204203990945,0.112298274309644
"656001","666000",661000.5,"Fst",0.0818972332015809,0,0.0271956286395955,0.0965568189954242
"657001","667000",662000.5,"Fst",0.0600034128236849,0,0.0205448920174686,0.0569445297982237
"658001","668000",663000.5,"Fst",0.0212034856335374,0,0.018438145652461,0.0289949942996631
"659001","669000",664000.5,"Fst",0.011399857363847,0,0.0187153687630125,0.0289644815265986
"660001","670000",665000.5,"Fst",0.00973105134474317,0,0.0191085433575241,0.0294828049140557
"661001","671000",666000.5,"Fst",0.0141625261625261,0,0.0201232850497962,0.0305120483795996
"662001","672000",667000.5,"Fst",0.0114981661393733,0,0.0175567104254841,0.0270435353411733
"663001","673000",668000.5,"Fst",0.00705895083622898,0,0.0164644285426859,0.0292892054182377
"664001","674000",669000.5,"Fst",0.00312009134436442,0,0.0172428588152609,0.0315405602415914
"665001","675000",670000.5,"Fst",0.00614915176255859,0,0.0167889024906459,0.032234436963543
"666001","676000",671000.5,"Fst",0.00687471732247857,0,0.0174316790887436,0.0332844681768432
"667001","677000",672000.5,"Fst",0.00633188121339767,0,0.0180920899450827,0.0339599735533908
"668001","678000",673000.5,"Fst",0.0111333643729384,0,0.0161322580889227,0.0304387625621573
"669001","679000",674000.5,"Fst",0.0118753639200346,0,0.0162802893359878,0.0312865798059213
"670001","680000",675000.5,"Fst",0.0149784118267375,0,0.0167547166591389,0.0271891090072909
"671001","681000",676000.5,"Fst",0.012329316051952,0,0.0148605510586305,0.0300984020944299
"672001","682000",677000.5,"Fst",0.0136059420805184,0,0.0162154716430077,0.0359297727966751
"673001","683000",678000.5,"Fst",0.0156346987341314,0,0.0167356429933349,0.0431146221330821
"674001","684000",679000.5,"Fst",0.0202361789855808,0,0.0153315668976212,0.0432653256597375
"675001","685000",680000.5,"Fst",0.0225843681077978,0,0.0132538105750363,0.0267609913819299
"676001","686000",681000.5,"Fst",0.0235164479014747,0,0.0137839919831671,0.0258523936684856
"677001","687000",682000.5,"Fst",0.0339743672981782,0,0.0211128622405345,0.0408471001833187
"678001","688000",683000.5,"Fst",0.0460593003645068,0,0.0389966084076865,0.103972191853783
"679001","689000",684000.5,"Fst",0.044171504506505,0,0.0402562733750038,0.104358835436137
"680001","690000",685000.5,"Fst",0.0548912596417295,0,0.0406388152042455,0.110384461580444
"681001","691000",686000.5,"Fst",0.0618484391909484,0,0.042906105275711,0.121395057597692
"682001","692000",687000.5,"Fst",0.0618642393682912,0,0.0473586144091121,0.127823136608181
"683001","693000",688000.5,"Fst",0.0518561288939877,0,0.0411025894319378,0.118011201662824
"684001","694000",689000.5,"Fst",0.0538249505892929,0,0.0411179790174563,0.116259547071738
"685001","695000",690000.5,"Fst",0.0429233963092356,0,0.0387988656999634,0.09933100990952
"686001","696000",691000.5,"Fst",0.0415982599496894,0,0.0338780029684888,0.0850705742992179
"687001","697000",692000.5,"Fst",0.041295912214143,0,0.0295914882686564,0.0715629447909751
"688001","698000",693000.5,"Fst",0.0428938980344155,0,0.0291492084280283,0.0566630835599122
"689001","699000",694000.5,"Fst",0.0240973113912696,0,0.0270953072942937,0.0497936420148103
"690001","7e+05",695000.5,"Fst",0.0120902144615355,0,0.0327513291750099,0.0816157725871851
"691001","701000",696000.5,"Fst",0.014321074446739,0,0.0368462440525956,0.101812944162184
"692001","702000",697000.5,"Fst",0.0161458256231094,0,0.0383732077582151,0.100851442349548
"693001","703000",698000.5,"Fst",0.0219482736387023,0,0.0394218189533972,0.0971598131012782
"694001","704000",699000.5,"Fst",0.020719115672429,0,0.0407891529698114,0.0990234457730711
"695001","705000",700000.5,"Fst",0.0219174537134769,0,0.0415154717125393,0.101173034423037
"696001","706000",701000.5,"Fst",0.0214450068581167,0,0.0436740444714646,0.104423889843498
"697001","707000",702000.5,"Fst",0.0201324929494823,0,0.0456566458445719,0.105595980916521
"698001","708000",703000.5,"Fst",0.0173514289207642,0,0.0485287565355748,0.108820983629365
"699001","709000",704000.5,"Fst",0.025342614067177,0,0.0483393604728561,0.115110121418006
"700001","710000",705000.5,"Fst",0.0450090045074587,0,0.0490352175584028,0.0981820227639191
"701001","711000",706000.5,"Fst",0.0474603657540863,0,0.0519042281986905,0.118650265709492
"702001","712000",707000.5,"Fst",0.0528843287971209,0,0.0485209319330395,0.140468665275917
"703001","713000",708000.5,"Fst",0.020492846199787,0,0.0210852731037855,0.0467569934573181
"704001","714000",709000.5,"Fst",0.0183783296524992,0,0.0281824571349616,0.0602544153457992
"705001","715000",710000.5,"Fst",0.0191833915345947,0,0.0304782803246466,0.0645487297057034
"706001","716000",711000.5,"Fst",0.019333373179527,0,0.0317644880426004,0.0672195140898411
"707001","717000",712000.5,"Fst",0.0194884450566269,0,0.0306066743111378,0.0651549480385732
"708001","718000",713000.5,"Fst",0.0213504570691492,0,0.0303451704470774,0.0637610135347236
"709001","719000",714000.5,"Fst",0.0215157480314961,0,0.0297117105274559,0.0628014011078527
"710001","720000",715000.5,"Fst",0.0213866573417135,0,0.0285874830444501,0.0737707064754797
"711001","721000",716000.5,"Fst",0.0231136893634244,0,0.029387495910628,0.0749272191156577
"712001","722000",717000.5,"Fst",0.0267238606647929,0,0.0289762648834573,0.0672715705386638
"713001","723000",718000.5,"Fst",0.0267238606647929,0,0.0289762648834573,0.0672715705386638
"714001","724000",719000.5,"Fst",0.0352091800697074,0,0.0233275868445034,0.0465864253362601
"715001","725000",720000.5,"Fst",0.0352091800697074,0,0.0233283694271106,0.0465864253362601
"716001","726000",721000.5,"Fst",0.0352407179019333,0,0.022442209626222,0.0448971006089045
"717001","727000",722000.5,"Fst",0.0353564975265854,0,0.023692714899379,0.0479203450714449
"718001","728000",723000.5,"Fst",0.0320710255136485,0,0.0242366798959828,0.053129720825027
"719001","729000",724000.5,"Fst",0.0348983031801327,0,0.0266684021300068,0.0633860787763392
"720001","730000",725000.5,"Fst",0.0397738999906183,0,0.0283725529214273,0.0504156198629075
"721001","731000",726000.5,"Fst",0.0290704462700492,0,0.0378102625063846,0.0881884900751418
"722001","732000",727000.5,"Fst",0.0112068604310116,0,0.0314877875641742,0.0675664620933377
"723001","733000",728000.5,"Fst",0.00257176286165428,0,0.0452907580653467,0.143055891240487
"724001","734000",729000.5,"Fst",0,0,0.0514081726576988,0.113383648702882
"725001","735000",730000.5,"Fst",0.00182672426524877,0,0.0499458333194947,0.111035717651494
"726001","736000",731000.5,"Fst",0.00354585355832049,0,0.0451231512433455,0.106464536532499
"727001","737000",732000.5,"Fst",0.00247303767380025,0,0.0415356621244063,0.0951357867969644
"728001","738000",733000.5,"Fst",0.000487616035319327,0,0.0412119924112273,0.0876473177920484
"729001","739000",734000.5,"Fst",0,0,0.0392104561342003,0.0766402898246165
"730001","740000",735000.5,"Fst",0,0,0.0377345173487675,0.0675265604249667
"731001","741000",736000.5,"Fst",0,0,0.0381209482758168,0.0750475282437126
"732001","742000",737000.5,"Fst",0,0,0.0370746367273387,0.0799008998890439
"733001","743000",738000.5,"Fst",0,0,0.0379727363378391,0.0952058673748637
"734001","744000",739000.5,"Fst",0.000231289845953997,0,0.0389338549502548,0.108142744611485
"735001","745000",740000.5,"Fst",0.00201251277886705,0,0.042373423596574,0.119690533396999
"736001","746000",741000.5,"Fst",0.00534447254374537,0,0.0427403003097171,0.122145380489548
"737001","747000",742000.5,"Fst",0.0198102790517176,0,0.041186197034994,0.122963246998396
"738001","748000",743000.5,"Fst",0.0326242569874796,0,0.0393597447424541,0.120702569967558
"739001","749000",744000.5,"Fst",0.0499326164049273,0,0.0391946053879937,0.111349225364308
"740001","750000",745000.5,"Fst",0.0630183281774941,0,0.0426447238790524,0.113180383523521
"741001","751000",746000.5,"Fst",0.0876572490845462,0,0.0416390089441449,0.103226438657905
"742001","752000",747000.5,"Fst",0.109027514682598,0,0.0442004300282018,0.111401718219299
"743001","753000",748000.5,"Fst",0.140975151342964,0,0.0518553537673147,0.124996487904343
"744001","754000",749000.5,"Fst",0.157644818057712,0,0.0550254135542824,0.115992803333923
"745001","755000",750000.5,"Fst",0.16030603060306,0,0.0583536858319103,0.108058179966791
"746001","756000",751000.5,"Fst",0.14916905405156,0,0.056805872540114,0.0995152717284135
"747001","757000",752000.5,"Fst",0.119463288400246,0,0.0450116929432583,0.0798241728541507
"748001","758000",753000.5,"Fst",0.0802019073730885,0,0.0309316747426358,0.0558999081726356
"749001","759000",754000.5,"Fst",0.00302144865940612,0,0.015864291443146,0.0292613840504452
"750001","760000",755000.5,"Fst",0.00384668205688288,0,0.0156884708430048,0.0317559046472381
"751001","761000",756000.5,"Fst",0.00107985827845358,0,0.0163711398489346,0.0303365600814181
"752001","762000",757000.5,"Fst",0.00073348257978878,0,0.0167090425894507,0.0306430372966094
"753001","763000",758000.5,"Fst",0.000839005945755478,0,0.0167167544744638,0.030581589563461
"754001","764000",759000.5,"Fst",0.000414384242045762,0,0.0172089503070573,0.03109468386285
"755001","765000",760000.5,"Fst",0,0,0.0176145058574924,0.0292664937784015
"756001","766000",761000.5,"Fst",0.00222720238413698,0,0.0168869420317868,0.0283955456159363
"757001","767000",762000.5,"Fst",0.0100366065298321,0,0.0197486471451497,0.0362952138389989
"758001","768000",763000.5,"Fst",0.0137531660098341,0,0.0247842150275553,0.042005470761719
"759001","769000",764000.5,"Fst",0.0170583562175113,0,0.0278693615061763,0.0440092989985693
"760001","770000",765000.5,"Fst",0.0168280334840966,0,0.0276381463951391,0.0394444534702939
"761001","771000",766000.5,"Fst",0.0374810024502962,0,0.0272960431801236,0.0427988591053499
"762001","772000",767000.5,"Fst",0.0464373464373464,0,0.0278687238079197,0.0491098849061652
"763001","773000",768000.5,"Fst",0.04194171862167,0,0.0259544199442915,0.04753668117274
"764001","774000",769000.5,"Fst",0.0382034653735778,0,0.0270053641482241,0.048299264647607
"765001","775000",770000.5,"Fst",0.0385666453446364,0,0.0272347026437693,0.0489385322965108
"766001","776000",771000.5,"Fst",0.0450930407727768,0,0.0273624318867376,0.0518899365788112
"767001","777000",772000.5,"Fst",0.0485326495240527,0,0.0318765517413388,0.0569850580296313
"768001","778000",773000.5,"Fst",0.04956825699664,0,0.0340156909269703,0.0578993044144813
"769001","779000",774000.5,"Fst",0.0503130708318559,0,0.0302340051207253,0.0497514622950752
"770001","780000",775000.5,"Fst",0.0534550667730634,0,0.0322157895529097,0.0532256974396826
"771001","781000",776000.5,"Fst",0.0426377783145757,0,0.0315475105517056,0.0573192091317779
"772001","782000",777000.5,"Fst",0.035452597488048,0,0.0292514373409346,0.0561414516735518
"773001","783000",778000.5,"Fst",0.0305166919895331,0,0.0255389116462989,0.0511779828886922
"774001","784000",779000.5,"Fst",0.0381578207315473,0,0.0268657118337489,0.0447780670815406
"775001","785000",780000.5,"Fst",0.0369431581227827,0,0.0271385118403157,0.045798481000669
"776001","786000",781000.5,"Fst",0.0180812272098578,0,0.0287155700422252,0.0532505687650638
"777001","787000",782000.5,"Fst",0.0172833106546576,0,0.0281746397777443,0.0531665199714993
"778001","788000",783000.5,"Fst",0.011716300940439,0,0.0304141362301447,0.0792062554807196
"779001","789000",784000.5,"Fst",0,0,0.0317293758793962,0.0742210683322041
"780001","790000",785000.5,"Fst",0,0,0.032310601274633,0.0763602086613751
"781001","791000",786000.5,"Fst",0,0,0.0355121216274657,0.0820211489349826
"782001","792000",787000.5,"Fst",0,0,0.036982111626466,0.0907428679405643
"783001","793000",788000.5,"Fst",0,0,0.0362837007457504,0.0867975850934031
"784001","794000",789000.5,"Fst",0,0,0.0400808265017644,0.0830414754657045
"785001","795000",790000.5,"Fst",0,0,0.0385678416000569,0.0808761062066049
"786001","796000",791000.5,"Fst",0,0,0.0390831455056367,0.0814849755980374
"787001","797000",792000.5,"Fst",0,0,0.0369044392692355,0.0690227501858375
"788001","798000",793000.5,"Fst",0,0,0.029910125095195,0.0440918540359567
"789001","799000",794000.5,"Fst",0,0,0.0316825103262153,0.0666330719513182
"790001","8e+05",795000.5,"Fst",0,0,0.030520424667151,0.0637872078398491
"791001","801000",796000.5,"Fst",0.000345558328912365,0,0.0291063839707641,0.054747989667276
"792001","802000",797000.5,"Fst",0.00278303030303029,0,0.0275849322861029,0.0609894082684933
"793001","803000",798000.5,"Fst",0.0027003841706762,0,0.0269475243695571,0.0595376014699077
"794001","804000",799000.5,"Fst",0.00114974569047366,0,0.0281596803830519,0.0706321717207419
"795001","805000",800000.5,"Fst",0.00332799272094297,0,0.0313713434530735,0.0867300814873885
"796001","806000",801000.5,"Fst",0.0030165512499386,0,0.0310518745459569,0.0862422763531544
"797001","807000",802000.5,"Fst",0.0056775539245788,0,0.0304683344794688,0.0765599689944051
"798001","808000",803000.5,"Fst",0.00264911269139589,0,0.0286423917126569,0.0644343849169311
"799001","809000",804000.5,"Fst",0.00268386678025223,0,0.0290710180328842,0.065374053030303
"800001","810000",805000.5,"Fst",0.00272991351422736,0,0.0294486767734704,0.0662190355147358
"801001","811000",806000.5,"Fst",0.000885257065032286,0,0.033767709855085,0.0797562769198445
"802001","812000",807000.5,"Fst",0.00107343022703532,0,0.044630262540081,0.111934692626092
"803001","813000",808000.5,"Fst",0.0016241268840923,0,0.0429500857239495,0.108176030172333
"804001","814000",809000.5,"Fst",0.0016241268840923,0,0.0429500857239495,0.108176030172333
"805001","815000",810000.5,"Fst",0.0026592995985214,0,0.0452587843271274,0.110704537538393
"806001","816000",811000.5,"Fst",0.00268394447564801,0,0.0454709611367898,0.112181535815589
"807001","817000",812000.5,"Fst",0.00613171425445802,0,0.0326744559944937,0.0853891613227713
"808001","818000",813000.5,"Fst",0.00634552247254627,0,0.0337154323901718,0.0877560250694579
"809001","819000",814000.5,"Fst",0.0083751836288477,0,0.0316462561879412,0.082367534999114
"810001","820000",815000.5,"Fst",0.00937959072119154,0,0.0318134230203453,0.083531993121034
"811001","821000",816000.5,"Fst",0.0079057725267111,0,0.0330913910822079,0.0867933998368781
"812001","822000",817000.5,"Fst",0.0128257093225245,0,0.0149471130167072,0.0330229913071737
"813001","823000",818000.5,"Fst",0.0098235674692686,0,0.0162645758409579,0.0308904146765089
"814001","824000",819000.5,"Fst",0.00820389618334183,0,0.0329869159260614,0.0692201324738524
"815001","825000",820000.5,"Fst",0.00330498430392712,0,0.0408976901931086,0.107972012765127
"816001","826000",821000.5,"Fst",0.00839077598987137,0,0.0405919782821702,0.113083871125162
"817001","827000",822000.5,"Fst",0.00855472197705209,0,0.0414266654619212,0.115163987750832
"818001","828000",823000.5,"Fst",0.00459594386719908,0,0.039478930639753,0.123272133173957
"819001","829000",824000.5,"Fst",0.00160129725347113,0,0.0430726844746792,0.121353525028916
"820001","830000",825000.5,"Fst",0.00154807725058748,0,0.0425410654147638,0.119867765432937
"821001","831000",826000.5,"Fst",0.00201054575537529,0,0.0415396526603191,0.117624428874368
"822001","832000",827000.5,"Fst",0.00234949301662368,0,0.0393493026876176,0.111530828437544
"823001","833000",828000.5,"Fst",0.0028543957694851,0,0.0387114393974993,0.115132199768539
"824001","834000",829000.5,"Fst",0.000838468247939095,0,0.0425101175127318,0.124997633211226
"825001","835000",830000.5,"Fst",0.000272543829765048,0,0.0342245072430071,0.0925342799724757
"826001","836000",831000.5,"Fst",0,0,0.0388830767508286,0.0840725671980258
"827001","837000",832000.5,"Fst",0,0,0.0389951301631646,0.0839541365978093
"828001","838000",833000.5,"Fst",0,0,0.0300964307468693,0.0684849634214322
"829001","839000",834000.5,"Fst",0,0,0.0257495834257639,0.0735432905728967
"830001","840000",835000.5,"Fst",0,0,0.0286233030056994,0.0802033145520058
"831001","841000",836000.5,"Fst",0,0,0.029612845614631,0.0832939702620554
"832001","842000",837000.5,"Fst",0,0,0.0344858257011002,0.0983973207898649
"833001","843000",838000.5,"Fst",0,0,0.0344858257011002,0.0983973207898649
"834001","844000",839000.5,"Fst",0,0,0.0387248869304709,0.117460966149378
"835001","845000",840000.5,"Fst",0,0,0.0288417519461207,0.0872383898909905
"836001","846000",841000.5,"Fst",0,0,0.0303890404933514,0.090615443121477
"837001","847000",842000.5,"Fst",0,0,0.0375386834571299,0.127532663667341
"838001","848000",843000.5,"Fst",0,0,0.0383540189906863,0.128919458191071
"839001","849000",844000.5,"Fst",0,0,0.0380924691147673,0.120108392865958
"840001","850000",845000.5,"Fst",0,0,0.0378031824365686,0.118704485543183
"841001","851000",846000.5,"Fst",0,0,0.0364394666573472,0.114698675675543
"842001","852000",847000.5,"Fst",0,0,0.0363664497712539,0.116116674314421
"843001","853000",848000.5,"Fst",0,0,0.0359596848529907,0.112000057995226
"844001","854000",849000.5,"Fst",0,0,0.0339555004469733,0.0972142496416259
"845001","855000",850000.5,"Fst",0,0,0.0335701480714012,0.0982266713680403
"846001","856000",851000.5,"Fst",0,0,0.0330038031698554,0.0953145213028892
"847001","857000",852000.5,"Fst",0.00240024002400241,0,0.0274053389941953,0.0676994091310794
"848001","858000",853000.5,"Fst",0.00130620335648413,0,0.0277872348996355,0.0655293964054136
"849001","859000",854000.5,"Fst",0.00755555555555554,0,0.019205128640589,0.0354772372713091
"850001","860000",855000.5,"Fst",0.00713085174749128,0,0.0200482908830845,0.036146126847595
"851001","861000",856000.5,"Fst",0.00529548882490061,0,0.0146251192692082,0.0298636963848495
"852001","862000",857000.5,"Fst",0.00584265532272465,0,0.0147045823861351,0.029448191515164
"853001","863000",858000.5,"Fst",0.00639242133904039,0,0.0247066634622217,0.0547795214980283
"854001","864000",859000.5,"Fst",0.00539620365090776,0,0.0245919780712557,0.0546647825404302
"855001","865000",860000.5,"Fst",0.00497679950416252,0,0.0244818561843816,0.0549572629109106
"856001","866000",861000.5,"Fst",0.00438610705990383,0,0.0227686055513157,0.0502651144879883
"857001","867000",862000.5,"Fst",0.00602887513882289,0,0.0236686950879301,0.0553535353535352
"858001","868000",863000.5,"Fst",0.00121934099432441,0,0.0330887210175037,0.0576806035033882
"859001","869000",864000.5,"Fst",0.00270946282182227,0,0.032509038368932,0.0564628144595168
"860001","870000",865000.5,"Fst",0.00239043824701191,0,0.0289666928899,0.056386442134488
"861001","871000",866000.5,"Fst",0.00109739368998629,0,0.0297421403919885,0.0582785432346261
"862001","872000",867000.5,"Fst",0.000780335544284028,0,0.0305175871682045,0.0603696414111863
"863001","873000",868000.5,"Fst",0.0094791890536573,0,0.0246047780173356,0.0646639715282817
"864001","874000",869000.5,"Fst",0.00976928901457208,0,0.0260754267594848,0.0692308837763382
"865001","875000",870000.5,"Fst",0.00938406845827866,0,0.0250933284063672,0.0665964776576924
"866001","876000",871000.5,"Fst",0.0099058007738656,0,0.0266922466968926,0.0690998694567392
"867001","877000",872000.5,"Fst",0.00968474607068237,0,0.0269162324402427,0.0714865936855466
"868001","878000",873000.5,"Fst",0.0212910151450485,0,0.0273785333445126,0.0691131963175424
"869001","879000",874000.5,"Fst",0.0222310633689188,0,0.0253777628743625,0.0570435694849686
"870001","880000",875000.5,"Fst",0.00524005399487681,0,0.0341271633201278,0.0718025483201487
"871001","881000",876000.5,"Fst",0.00259821814042938,0,0.0403094836482823,0.0828986903592175
"872001","882000",877000.5,"Fst",0.00123168224918768,0,0.0369554716432525,0.0780835548921746
"873001","883000",878000.5,"Fst",0.000494592004381289,0,0.0379402124834762,0.0821330982811811
"874001","884000",879000.5,"Fst",0.00459264283329508,0,0.0372442589820791,0.077694893469771
"875001","885000",880000.5,"Fst",0.00210859933378615,0,0.0337154917186588,0.0755686833265019
"876001","886000",881000.5,"Fst",0.00223370186195471,0,0.0337684264652026,0.0751726970129253
"877001","887000",882000.5,"Fst",0.00481945350802326,0,0.0302587203564704,0.0680616182703866
"878001","888000",883000.5,"Fst",0.00481712607273155,0,0.0302775804600747,0.0680305500390272
"879001","889000",884000.5,"Fst",0.00379627954265438,0,0.0312466306428845,0.0701280111908131
"880001","890000",885000.5,"Fst",0.0116337707545389,0,0.0286877299639818,0.0577623916485522
"881001","891000",886000.5,"Fst",0.0160562722938961,0,0.0251121076493552,0.0398125585754452
"882001","892000",887000.5,"Fst",0.0221806400194051,0,0.0257690284504735,0.042043759745102
"883001","893000",888000.5,"Fst",0.0189969386668148,0,0.0269448874323864,0.0461650299006968
"884001","894000",889000.5,"Fst",0.0134667114101108,0,0.0307227942436571,0.0499314387397289
"885001","895000",890000.5,"Fst",0.0258803426697761,0,0.040731488991789,0.0761328850681048
"886001","896000",891000.5,"Fst",0.0268605019879503,0,0.0425490401337088,0.0797066324510129
"887001","897000",892000.5,"Fst",0.0202522368461232,0,0.0318819835369832,0.0655643804068617
"888001","898000",893000.5,"Fst",0.0202999693908785,0,0.0318094887333792,0.0655643804068617
"889001","899000",894000.5,"Fst",0.0206068982848528,0,0.0336439042189854,0.0656676214885171
"890001","9e+05",895000.5,"Fst",0.00471999405822943,0,0.0146828352494564,0.0239395742072718
"891001","901000",896000.5,"Fst",0.00434708256378669,0,0.0134409639128899,0.0217644263074225
"892001","902000",897000.5,"Fst",0.00488636363636352,0,0.0129063143602288,0.0208022207776235
"893001","903000",898000.5,"Fst",0.00121560682308353,0,0.0131005066237147,0.0187989878417576
"894001","904000",899000.5,"Fst",0.00116856191493364,0,0.0126093507837877,0.0181104703014446
"895001","905000",900000.5,"Fst",0.0178236263342646,0,0.0382480136104018,0.094680127635089
"896001","906000",901000.5,"Fst",0.0168102187408589,0,0.0354338999966397,0.0870570248453377
"897001","907000",902000.5,"Fst",0.0198693522046816,0,0.0395627832577978,0.102673317267276
"898001","908000",903000.5,"Fst",0.0266569437692433,0,0.0376805322657353,0.0941204076159828
"899001","909000",904000.5,"Fst",0.0140615315963012,0,0.0298221247223414,0.0622900099103236
"900001","910000",905000.5,"Fst",0.0135239929860957,0,0.0300274296522114,0.062671810947673
"901001","911000",906000.5,"Fst",0.014284596321899,0,0.0318319360705974,0.0662384993755895
"902001","912000",907000.5,"Fst",0.0140309521369272,0,0.0314054316663697,0.0652146638897949
"903001","913000",908000.5,"Fst",0.0131354494990858,0,0.0302857284822876,0.0628503075871498
"904001","914000",909000.5,"Fst",0.0132669422220073,0,0.0290440687141062,0.0616235346162353
"905001","915000",910000.5,"Fst",0,0,0.024010881811096,0.0676734525257625
"906001","916000",911000.5,"Fst",0,0,0.0247438770285266,0.0699429280989566
"907001","917000",912000.5,"Fst",0.00117623604465722,0,0.0217927119705182,0.0649067303595997
"908001","918000",913000.5,"Fst",0,0,0.0219559705709198,0.0622853926259498
"909001","919000",914000.5,"Fst",0.00304261418596874,0,0.0250675239825933,0.0601334052591469
"910001","920000",915000.5,"Fst",0.00314482558033846,0,0.0257408623643983,0.0619720795608975
"911001","921000",916000.5,"Fst",0.00299995664802533,0,0.0246697630953673,0.0591966957474608
"912001","922000",917000.5,"Fst",0.0034875569575884,0,0.0223508943861517,0.0539557319018167
"913001","923000",918000.5,"Fst",0.00410256410256404,0,0.0238956984190823,0.0566678016116219
"914001","924000",919000.5,"Fst",0.00361305361305364,0,0.0240226090885841,0.0569590416686848
"915001","925000",920000.5,"Fst",0.00982858355888139,0,0.00911021513978208,0.0158253399901077
"916001","926000",921000.5,"Fst",0.0023757695443698,0,0.0176150165498639,0.0352771875084057
"917001","927000",922000.5,"Fst",0,0,0.0190792139042466,0.0394013534661349
"918001","928000",923000.5,"Fst",0,0,0.0213270328167208,0.0450376971123171
"919001","929000",924000.5,"Fst",0,0,0.0214977048171719,0.0458923755297743
"920001","930000",925000.5,"Fst",0,0,0.0208994508334181,0.0438860573537977
"921001","931000",926000.5,"Fst",0,0,0.0219621711311606,0.0462678132302853
"922001","932000",927000.5,"Fst",0,0,0.0241684052548445,0.0519973947025618
"923001","933000",928000.5,"Fst",0,0,0.0246184527261698,0.0531004283825194
"924001","934000",929000.5,"Fst",0,0,0.0256398353093909,0.0550678699590234
"925001","935000",930000.5,"Fst",0,0,0.0310324631842283,0.0623189822931456
"926001","936000",931000.5,"Fst",0,0,0.0258757590582334,0.0933557450292193
"927001","937000",932000.5,"Fst",0,0,0.0266382643808344,0.0959963318067105
"928001","938000",933000.5,"Fst",0.0288944885959811,0,0.0336036578820564,0.118480083302448
"929001","939000",934000.5,"Fst",0.0296219336219337,0,0.0313631084206899,0.111169199987091
"930001","940000",935000.5,"Fst",0.0309240411707203,0,0.0308468409383406,0.113275651745393
"931001","941000",936000.5,"Fst",0.0275426789855899,0,0.0287857951123007,0.105551191998983
"932001","942000",937000.5,"Fst",0.0292100302555086,0,0.0294945528086404,0.10931993456415
"933001","943000",938000.5,"Fst",0.0263776979220139,0,0.0299736065781363,0.103518494084532
"934001","944000",939000.5,"Fst",0.0267454228619277,0,0.0303908827676073,0.104940032993
"935001","945000",940000.5,"Fst",0.0271556769410847,0,0.0260443908763173,0.107066180514534
"936001","946000",941000.5,"Fst",0.0318925188177692,0,0.0252494429520205,0.111351525916357
"937001","947000",942000.5,"Fst",0.0318570318570319,0,0.024197511355659,0.106894447834045
"938001","948000",943000.5,"Fst",0.00668256107252696,0,0.0219230112097219,0.0503199693704534
"939001","949000",944000.5,"Fst",0.00360887452520897,0,0.0229482646674213,0.0494223457419311
"940001","950000",945000.5,"Fst",0.00154305575953384,0,0.0243878987020566,0.0500446536372592
"941001","951000",946000.5,"Fst",0.00325007849123604,0,0.0222367554828088,0.0566967520082124
"942001","952000",947000.5,"Fst",0.00307877996418648,0,0.0204452183505743,0.0508216003447111
"943001","953000",948000.5,"Fst",0.00155897085123513,0,0.0284664838033233,0.0579098567086408
"944001","954000",949000.5,"Fst",0.0015771415390825,0,0.0288460256391112,0.058674299004239
"945001","955000",950000.5,"Fst",0,0,0.0302948632867763,0.0654893708710981
"946001","956000",951000.5,"Fst",0,0,0.0302635977456776,0.0670324649896508
"947001","957000",952000.5,"Fst",0,0,0.0338476810323339,0.0713960564864775
"948001","958000",953000.5,"Fst",0,0,0.0331220987516215,0.0716767486850114
"949001","959000",954000.5,"Fst",0,0,0.0358162708143933,0.0770795970890272
"950001","960000",955000.5,"Fst",0,0,0.0358162708143933,0.0770795970890272
"951001","961000",956000.5,"Fst",0,0,0.032523819753486,0.0706183513456241
"952001","962000",957000.5,"Fst",0,0,0.0279576241186895,0.058976104658924
"953001","963000",958000.5,"Fst",0,0,0.0170298746136896,0.0461966368451272
"954001","964000",959000.5,"Fst",0,0,0.0245765793012208,0.0541082907914795
"955001","965000",960000.5,"Fst",0,0,0.0253176877016162,0.0612582910600857
"956001","966000",961000.5,"Fst",0,0,0.0254414718996522,0.0623794296958731
"957001","967000",962000.5,"Fst",0,0,0.0252337561354911,0.0619497206508955
"958001","968000",963000.5,"Fst",0,0,0.0271478177138827,0.0671670450708959
"959001","969000",964000.5,"Fst",0,0,0.0265886883493002,0.067564130896561
"960001","970000",965000.5,"Fst",0,0,0.0238860209717657,0.0664220088422215
"961001","971000",966000.5,"Fst",0,0,0.0231289782499506,0.0704957494687869
"962001","972000",967000.5,"Fst",0.00649547087437063,0,0.0239654928510135,0.0805146991370718
"963001","973000",968000.5,"Fst",0.0107026535108729,0,0.0232974468744461,0.0780378702352992
"964001","974000",969000.5,"Fst",0.0564720426764999,0,0.0299685089923009,0.0828804333910191
"965001","975000",970000.5,"Fst",0.0633458889002003,0,0.0348379987466639,0.0925597712180201
"966001","976000",971000.5,"Fst",0.052448416898611,0,0.0351997066715123,0.0849376382915443
"967001","977000",972000.5,"Fst",0.0524167724478016,0,0.0351476553590727,0.0849376382915443
"968001","978000",973000.5,"Fst",0.0519253782807999,0,0.033632004990125,0.0825834867348163
"969001","979000",974000.5,"Fst",0.0525180814227467,0,0.033624602466814,0.0833725413477869
"970001","980000",975000.5,"Fst",0.0544901494281659,0,0.0340969162829903,0.0848916375832793
"971001","981000",976000.5,"Fst",0.0509475197277715,0,0.0321565655878369,0.0795740996592059
"972001","982000",977000.5,"Fst",0.0492081767543509,0,0.0314369020191939,0.0805429648731334
"973001","983000",978000.5,"Fst",0.046030332233352,0,0.0295606637117231,0.0719153197514021
"974001","984000",979000.5,"Fst",0.0208976890706913,0,0.0249773150115711,0.0623333166375369
"975001","985000",980000.5,"Fst",0.0186680808274,0,0.0212145662834515,0.0524292575202907
"976001","986000",981000.5,"Fst",0.0179994749650567,0,0.0203221626730936,0.0365381073031034
"977001","987000",982000.5,"Fst",0.0216929345334015,0,0.0214787740882154,0.0429575807772309
"978001","988000",983000.5,"Fst",0.0211281067493886,0,0.0219919723321427,0.0448019350127784
"979001","989000",984000.5,"Fst",0.0160859999940459,0,0.0206748472814437,0.0431986182481606
"980001","990000",985000.5,"Fst",0.0163479385013158,0,0.020454397111556,0.0447910186913121
"981001","991000",986000.5,"Fst",0.0155735383996872,0,0.0202371819433445,0.0485478890407492
"982001","992000",987000.5,"Fst",0.0119059523205992,0,0.0221216921076335,0.0532214642888921
"983001","993000",988000.5,"Fst",0.00457190878705505,0,0.0251921485913477,0.0564433800483555
"984001","994000",989000.5,"Fst",0.00305923617767401,0,0.026199219129534,0.0601216650716112
"985001","995000",990000.5,"Fst",0,0,0.027561931225772,0.0664876513509327
"986001","996000",991000.5,"Fst",0,0,0.025592352339589,0.0612533806814756
"987001","997000",992000.5,"Fst",0,0,0.0286479478236564,0.0991301672642833
"988001","998000",993000.5,"Fst",0,0,0.0282287299070082,0.0984042934471919
"989001","999000",994000.5,"Fst",0,0,0.0283320338132824,0.0866080303340837
"990001","1e+06",995000.5,"Fst",0,0,0.0282975228782663,0.0867501542295146
"991001","1001000",996000.5,"Fst",0,0,0.0305083453596664,0.0950670493129541
"992001","1002000",997000.5,"Fst",0,0,0.0329784253925223,0.0837174230642349
"993001","1003000",998000.5,"Fst",0,0,0.034094600590464,0.0919840080613021
"994001","1004000",999000.5,"Fst",0,0,0.0351330104053368,0.0952227601830054
"995001","1005000",1000000.5,"Fst",0.00207168344250941,0,0.0311771276737617,0.0867437183140558
"996001","1006000",1001000.5,"Fst",0.00592043785876384,0,0.029912170451543,0.0940412675965804
"997001","1007000",1002000.5,"Fst",0.0208626094476274,0,0.0223072082009769,0.0531029657139782
"998001","1008000",1003000.5,"Fst",0.0130732099758647,0,0.0188588865419853,0.0483143673017091
"999001","1009000",1004000.5,"Fst",0.00481709221965687,0,0.0185364207673588,0.0622704790547165
"1000001","1010000",1005000.5,"Fst",0.00501113674014531,0,0.0192808193925687,0.0646939447545969
"1001001","1011000",1006000.5,"Fst",0.00523145159955651,0,0.0199930130294426,0.0673136837743726
"1002001","1012000",1007000.5,"Fst",0.00501320183951459,0,0.0206878014670553,0.0717646562987314
"1003001","1013000",1008000.5,"Fst",0.00516981778511105,0,0.0213422842155866,0.0740723340206544
"1004001","1014000",1009000.5,"Fst",0.00524630361586886,0,0.0216568715067884,0.074976442718378
"1005001","1015000",1010000.5,"Fst",0,0,0.025513819980215,0.0846692328012378
"1006001","1016000",1011000.5,"Fst",0,0,0.0246816066242437,0.0814351661410485
"1007001","1017000",1012000.5,"Fst",0,0,0.0251486598507873,0.0820948455139632
"1008001","1018000",1013000.5,"Fst",0,0,0.0141522242991465,0.0370004284331156
"1009001","1019000",1014000.5,"Fst",0.00069383276930457,0,0.0233981585198556,0.0497282881891347
"1010001","1020000",1015000.5,"Fst",0.000172580072077544,0,0.0222572855380267,0.0471305754902539
"1011001","1021000",1016000.5,"Fst",0,0,0.0265677698192558,0.0563373580300818
"1012001","1022000",1017000.5,"Fst",0,0,0.0300742876693046,0.0661614848373976
"1013001","1023000",1018000.5,"Fst",0,0,0.0301007898434375,0.0660858813123167
"1014001","1024000",1019000.5,"Fst",0.00180039478536265,0,0.027778129603565,0.0608115066241863
"1015001","1025000",1020000.5,"Fst",0.0018949002967269,0,0.0288464481535542,0.0645918251992323
"1016001","1026000",1021000.5,"Fst",0.0021328876780905,0,0.0289239297773442,0.0640546730792186
"1017001","1027000",1022000.5,"Fst",0.00286178568204398,0,0.0283874163715151,0.0634980692979501
"1018001","1028000",1023000.5,"Fst",0.00319497893835075,0,0.0327482507790628,0.074498789464355
"1019001","1029000",1024000.5,"Fst",0.0030147857507038,0,0.0284117271285165,0.0761189539546592
"1020001","1030000",1025000.5,"Fst",0.00303812172592111,0,0.0287320430916729,0.077673525522174
"1021001","1031000",1026000.5,"Fst",0,0,0.027486830235396,0.0636094328134513
"1022001","1032000",1027000.5,"Fst",0,0,0.0284718306180228,0.0906131842840704
"1023001","1033000",1028000.5,"Fst",0.000256241168158144,0,0.0233976832243736,0.0673699696790282
"1024001","1034000",1029000.5,"Fst",0,0,0.0238953645952117,0.0716353918051764
"1025001","1035000",1030000.5,"Fst",0,0,0.0246790053663944,0.0716924947578694
"1026001","1036000",1031000.5,"Fst",0,0,0.0264523315098635,0.0702277007361753
"1027001","1037000",1032000.5,"Fst",0,0,0.0277578107960116,0.0731957623371764
"1028001","1038000",1033000.5,"Fst",0,0,0.0279852266198495,0.0737753667900726
"1029001","1039000",1034000.5,"Fst",0,0,0.0277578107960116,0.0732677143574489
"1030001","1040000",1035000.5,"Fst",0,0,0.0273906771714064,0.0726358174450951
"1031001","1041000",1036000.5,"Fst",0,0,0.0266187516714331,0.0778570992739032
"1032001","1042000",1037000.5,"Fst",0,0,0.0263803550628813,0.0772630941568271
"1033001","1043000",1038000.5,"Fst",0,0,0.0287763357907534,0.0836516930825874
"1034001","1044000",1039000.5,"Fst",0,0,0.0271525003992516,0.0652056715539224
"1035001","1045000",1040000.5,"Fst",0,0,0.0223890493603473,0.0622523688852475
"1036001","1046000",1041000.5,"Fst",0.00717182890855483,0,0.0228309368950635,0.060401390886846
"1037001","1047000",1042000.5,"Fst",0.0146586345381526,0,0.0222857117262067,0.05507404529561
"1038001","1048000",1043000.5,"Fst",0.0144653482505632,0,0.0206188795024159,0.0501722565543192
"1039001","1049000",1044000.5,"Fst",0.0139068427708304,0,0.0188100532242282,0.0484243275792853
"1040001","1050000",1045000.5,"Fst",0.0160339824703102,0,0.0185320026844738,0.0498106562491987
"1041001","1051000",1046000.5,"Fst",0.0168846491145055,0,0.0190391425805071,0.0524592779803835
"1042001","1052000",1047000.5,"Fst",0.021188140817556,0,0.0199169741717887,0.0519530799122773
"1043001","1053000",1048000.5,"Fst",0.0302270352427092,0,0.0158769443381758,0.0328393175451999
"1044001","1054000",1049000.5,"Fst",0.0284295468653011,0,0.0152563194928032,0.0341952958775389
"1045001","1055000",1050000.5,"Fst",0.0320877312450345,0,0.0172816971499617,0.0392216479173001
"1046001","1056000",1051000.5,"Fst",0.0301176799734215,0,0.0172645968380496,0.0416107382550335
"1047001","1057000",1052000.5,"Fst",0.0247433747064744,0,0.0185408020430896,0.0408336963442012
"1048001","1058000",1053000.5,"Fst",0.0262728941254989,0,0.0172245967641733,0.0401537574476264
"1049001","1059000",1054000.5,"Fst",0.0291114740216537,0,0.0175819150713196,0.0475086836746915
"1050001","1060000",1055000.5,"Fst",0.0334157205015317,0,0.0183175663051031,0.050891916155978
"1051001","1061000",1056000.5,"Fst",0.0387220726628471,0,0.0185419742255709,0.0443346508563899
"1052001","1062000",1057000.5,"Fst",0.0519111050077817,0,0.0180269873567886,0.036547079995356
"1053001","1063000",1058000.5,"Fst",0.0545552022029705,0,0.0190468729882186,0.037996956085972
"1054001","1064000",1059000.5,"Fst",0.0638020072103674,0,0.0209865844322687,0.0361432945636447
"1055001","1065000",1060000.5,"Fst",0.0627261205207973,0,0.0198043138103765,0.0356611532609831
"1056001","1066000",1061000.5,"Fst",0.0553022883091444,0,0.0180067392913487,0.0309758199882049
"1057001","1067000",1062000.5,"Fst",0.0425884079803772,0,0.0205046541452192,0.0371361971361971
"1058001","1068000",1063000.5,"Fst",0.0372599356005471,0,0.018275854953146,0.037691629802197
"1059001","1069000",1064000.5,"Fst",0.0378774426717606,0,0.0185767273752455,0.0383093445428828
"1060001","1070000",1065000.5,"Fst",0.035196784327499,0,0.0194712572185291,0.0384062993338724
"1061001","1071000",1066000.5,"Fst",0.0282280295512184,0,0.0204093684023728,0.039103897498999
"1062001","1072000",1067000.5,"Fst",0.0171676859818252,0,0.018529907162902,0.0406099102039449
"1063001","1073000",1068000.5,"Fst",0.0171676859818252,0,0.0185767256286442,0.0406099102039449
"1064001","1074000",1069000.5,"Fst",0.0168979355848041,0,0.018239092561767,0.0400677070431839
"1065001","1075000",1070000.5,"Fst",0.0168979355848041,0,0.0182835413686692,0.0399914291129957
"1066001","1076000",1071000.5,"Fst",0.0183158861340679,0,0.0189636643883632,0.0442308886818404
"1067001","1077000",1072000.5,"Fst",0.0176330549166768,0,0.0157735494231681,0.0289644590823115
"1068001","1078000",1073000.5,"Fst",0.023040369498601,0,0.0142705937144718,0.0246160232461602
"1069001","1079000",1074000.5,"Fst",0.0248011280495914,0,0.0129818990744189,0.0240216562853163
"1070001","1080000",1075000.5,"Fst",0.0385054611794252,0,0.015644546648852,0.029209245311929
"1071001","1081000",1076000.5,"Fst",0.040093617125562,0,0.0151177015154071,0.0252346848091528
"1072001","1082000",1077000.5,"Fst",0.0354001002937171,0,0.0164763653727332,0.0266774251389634
"1073001","1083000",1078000.5,"Fst",0.0352542493802058,0,0.0165618124117228,0.0267883829381154
"1074001","1084000",1079000.5,"Fst",0.0340521647376923,0,0.0188179731070594,0.0264227844326258
"1075001","1085000",1080000.5,"Fst",0.0349848400155836,0,0.0192700713629113,0.0271501532175688
"1076001","1086000",1081000.5,"Fst",0.0349848400155836,0,0.0192726527522073,0.0272573450238425
"1077001","1087000",1082000.5,"Fst",0.0562907402446647,0,0.032872023327223,0.0906066207360108
"1078001","1088000",1083000.5,"Fst",0.0581013706501714,0,0.0338890787178883,0.0949456046017255
"1079001","1089000",1084000.5,"Fst",0.0529271206690561,0,0.0307098042010117,0.0831590642740817
"1080001","1090000",1085000.5,"Fst",0.0425941659586518,0,0.0316407004865472,0.0837921495795816
"1081001","1091000",1086000.5,"Fst",0.0426711560044892,0,0.0309249336728849,0.082274972515136
"1082001","1092000",1087000.5,"Fst",0.0417255829108791,0,0.0289972461657564,0.0793970292877794
"1083001","1093000",1088000.5,"Fst",0.0456900612341026,0,0.0228450153743033,0.0587246147594098
"1084001","1094000",1089000.5,"Fst",0.0424390798799155,0,0.0200397592465783,0.053138130061207
"1085001","1095000",1090000.5,"Fst",0.0482902711323763,0,0.0263549309504166,0.0494878094392671
"1086001","1096000",1091000.5,"Fst",0.0463004728481194,0,0.0280407387828332,0.0579868420265629
"1087001","1097000",1092000.5,"Fst",0.0472256053356531,0,0.0379306814594767,0.0762544659521142
"1088001","1098000",1093000.5,"Fst",0.0468723804589886,0,0.0376494023748318,0.0759011843921081
"1089001","1099000",1094000.5,"Fst",0.0494368977127597,0,0.0392266444434669,0.0801586824453837
"1090001","1100000",1095000.5,"Fst",0.0489430110119764,0,0.0374013280383817,0.0755549974701496
"1091001","1101000",1096000.5,"Fst",0.0492687449898227,0,0.0376198155632061,0.0761517061850725
"1092001","1102000",1097000.5,"Fst",0.0488868689332048,0,0.0394242999027664,0.076186054899027
"1093001","1103000",1098000.5,"Fst",0.0476072295656865,0,0.0397136291024337,0.078397362209395
"1094001","1104000",1099000.5,"Fst",0.0519616192585023,0,0.046581957762861,0.0900052595940679
"1095001","1105000",1100000.5,"Fst",0.0606082517145424,0,0.0324540763504596,0.0572866951996799
"1096001","1106000",1101000.5,"Fst",0.0686729797979797,0,0.0325164655534033,0.0536627464636791
"1097001","1107000",1102000.5,"Fst",0.0575692963752666,0,0.0302458427252774,0.0719244920812672
"1098001","1108000",1103000.5,"Fst",0.056795131845842,0,0.0294493722813994,0.0683757847652674
"1099001","1109000",1104000.5,"Fst",0.0262362528681066,0,0.0239782175506649,0.0544158159131422
"1100001","1110000",1105000.5,"Fst",0.0167627199047206,0,0.0230951837984525,0.0560466629485035
"1101001","1111000",1106000.5,"Fst",0.0166720205589463,0,0.022971341574636,0.055747405404156
"1102001","1112000",1107000.5,"Fst",0.017136717700779,0,0.0234996564484225,0.0588316887433133
"1103001","1113000",1108000.5,"Fst",0.0137840607668193,0,0.0224786758165529,0.0441691171284238
"1104001","1114000",1109000.5,"Fst",0.0113573219489056,0,0.021063926277805,0.0397503259551337
"1105001","1115000",1110000.5,"Fst",0.00403337365466327,0,0.0213986988155726,0.0387385441009852
"1106001","1116000",1111000.5,"Fst",0.00357975870188998,0,0.0194629891995542,0.0446730867071488
"1107001","1117000",1112000.5,"Fst",0.00346906546049353,0,0.0197702881489324,0.0452281827975467
"1108001","1118000",1113000.5,"Fst",0.0075358896319595,0,0.0179009282011866,0.0402074536718597
"1109001","1119000",1114000.5,"Fst",0.0100723023987336,0,0.0184037159242478,0.0461638590504569
"1110001","1120000",1115000.5,"Fst",0.0134435896093925,0,0.02198032341176,0.0559648421893726
"1111001","1121000",1116000.5,"Fst",0.0131767164149957,0,0.0215414698969835,0.0545089448703907
"1112001","1122000",1117000.5,"Fst",0.0130408182774112,0,0.020915200513104,0.0535342697359865
"1113001","1123000",1118000.5,"Fst",0.0157948561052236,0,0.0204291232011426,0.0632231028514166
"1114001","1124000",1119000.5,"Fst",0.0205407011289365,0,0.0217005330102005,0.0460564213719894
"1115001","1125000",1120000.5,"Fst",0.0124897624897625,0,0.0251120665721608,0.0503594969536271
"1116001","1126000",1121000.5,"Fst",0.0121603781548072,0,0.0279724936992624,0.0638011695906433
"1117001","1127000",1122000.5,"Fst",0.0127695531670385,0,0.0250608735821912,0.0607707476854172
"1118001","1128000",1123000.5,"Fst",0.00902556137476429,0,0.0261985284961284,0.0522755877996208
"1119001","1129000",1124000.5,"Fst",0.00688885119855265,0,0.0241500659028391,0.0448024765741624
"1120001","1130000",1125000.5,"Fst",0.00648334566562836,0,0.0247108497866226,0.0456811128646889
"1121001","1131000",1126000.5,"Fst",0.0064217707663401,0,0.0214591009424359,0.0421065138236962
"1122001","1132000",1127000.5,"Fst",0.00398797903919701,0,0.0220564162462664,0.0397292268066554
"1123001","1133000",1128000.5,"Fst",0.00286659673837797,0,0.0193594159408934,0.0423258784075851
"1124001","1134000",1129000.5,"Fst",0.00326572399364955,0,0.0203121496884884,0.043146563653501
"1125001","1135000",1130000.5,"Fst",0.00676036786395962,0,0.0251413558978091,0.0536056323445669
"1126001","1136000",1131000.5,"Fst",0.00680500244532933,0,0.0252663692926222,0.0539171976595095
"1127001","1137000",1132000.5,"Fst",0.00556653491436088,0,0.0281871234954636,0.0563057785349902
"1128001","1138000",1133000.5,"Fst",0.000240997398620157,0,0.0328895713786312,0.0563771742437017
"1129001","1139000",1134000.5,"Fst",0.0027286731517091,0,0.0267550310957472,0.0505389556339484
"1130001","1140000",1135000.5,"Fst",0.00188405489380084,0,0.0262815734000726,0.0497400965864211
"1131001","1141000",1136000.5,"Fst",0,0,0.0219331695044427,0.0495695348698072
"1132001","1142000",1137000.5,"Fst",0.00195332240132817,0,0.0168473194031741,0.0407202459376372
"1133001","1143000",1138000.5,"Fst",0.000184460453174551,0,0.0202339777247469,0.053204876864766
"1134001","1144000",1139000.5,"Fst",0,0,0.0263585090182502,0.0562079136290279
"1135001","1145000",1140000.5,"Fst",0,0,0.0260707786593857,0.0555907202025484
"1136001","1146000",1141000.5,"Fst",0,0,0.025088813988065,0.0508561750836788
"1137001","1147000",1142000.5,"Fst",0,0,0.0232317506114284,0.0489473827756851
"1138001","1148000",1143000.5,"Fst",0,0,0.0218922732125482,0.0466288377806671
"1139001","1149000",1144000.5,"Fst",0,0,0.0224408521384578,0.0476410412057179
"1140001","1150000",1145000.5,"Fst",0,0,0.023929677616989,0.0502980058537237
"1141001","1151000",1146000.5,"Fst",0,0,0.02386862212804,0.0509964599346137
"1142001","1152000",1147000.5,"Fst",0.00117681671079728,0,0.02309027481262,0.0511650467347016
"1143001","1153000",1148000.5,"Fst",0.00199425837320577,0,0.0228452961522585,0.0546500563196659
"1144001","1154000",1149000.5,"Fst",0.0143692894235192,0,0.00922734973585214,0.0151253918495298
"1145001","1155000",1150000.5,"Fst",0.0139430375903321,0,0.00907977087511076,0.01461533827339
"1146001","1156000",1151000.5,"Fst",0.00875991778988627,0,0.0185684483979333,0.0442775140957228
"1147001","1157000",1152000.5,"Fst",0.00816462127726103,0,0.0197147314154938,0.0475852893108115
"1148001","1158000",1153000.5,"Fst",0.00694043746035644,0,0.0240908295294142,0.0656784391664772
"1149001","1159000",1154000.5,"Fst",0.00682749111842429,0,0.0237039594493421,0.0644625667947691
"1150001","1160000",1155000.5,"Fst",0.00665724603548434,0,0.0231134422006014,0.0628997759978114
"1151001","1161000",1156000.5,"Fst",0.00478713515523321,0,0.0242182967263318,0.0664356649812075
"1152001","1162000",1157000.5,"Fst",0.00426671082408792,0,0.0255072532924448,0.0701988611057399
"1153001","1163000",1158000.5,"Fst",0.00429960396920748,0,0.026009100833172,0.0701476060741967
"1154001","1164000",1159000.5,"Fst",0.00287863311356662,0,0.0285638769605947,0.0759689402554167
"1155001","1165000",1160000.5,"Fst",0.00259893363341634,0,0.0303498633115961,0.0817288521412596
"1156001","1166000",1161000.5,"Fst",0.000893369600479144,0,0.0328873717214855,0.0604381496868787
"1157001","1167000",1162000.5,"Fst",0.00209143968871595,0,0.0287425040497983,0.0533193465336177
"1158001","1168000",1163000.5,"Fst",0.0078824360991403,0,0.0252801817693057,0.0604912683481605
"1159001","1169000",1164000.5,"Fst",0.0116482698747363,0,0.0221494153182308,0.0530825496342739
"1160001","1170000",1165000.5,"Fst",0.0116451236639767,0,0.0213728314934008,0.050252260828177
"1161001","1171000",1166000.5,"Fst",0.0116080818025195,0,0.0197168303022075,0.0469344856630168
"1162001","1172000",1167000.5,"Fst",0.0144364699627857,0,0.0183131761047526,0.0420854723665861
"1163001","1173000",1168000.5,"Fst",0.0135336641058472,0,0.0182506181461797,0.0429446639795223
"1164001","1174000",1169000.5,"Fst",0.0154138364342836,0,0.0164359343476894,0.0358214808919034
"1165001","1175000",1170000.5,"Fst",0.0149537645644431,0,0.0159815983056334,0.0348014165321858
"1166001","1176000",1171000.5,"Fst",0.0139845342313299,0,0.0268894533811787,0.0661677058371675
"1167001","1177000",1172000.5,"Fst",0.0115154342491897,0,0.0287924622478655,0.0824849282103176
"1168001","1178000",1173000.5,"Fst",0.00670184608842306,0,0.024719457216466,0.086331380518727
"1169001","1179000",1174000.5,"Fst",0.00737624144050775,0,0.0269193573054892,0.082327867030305
"1170001","1180000",1175000.5,"Fst",0.00752812358677379,0,0.0273692361574385,0.0835270942188527
"1171001","1181000",1176000.5,"Fst",0.00897757133828725,0,0.0276778483339954,0.083580027556209
"1172001","1182000",1177000.5,"Fst",0.0232312518788501,0,0.0263699304993817,0.0776839227753466
"1173001","1183000",1178000.5,"Fst",0.0236294990613816,0,0.0267005934556911,0.0781859565879425
"1174001","1184000",1179000.5,"Fst",0.0228375762499532,0,0.0272532394520209,0.0789871960166233
"1175001","1185000",1180000.5,"Fst",0.0229438340167165,0,0.0273762218978212,0.0794381925239155
"1176001","1186000",1181000.5,"Fst",0.0310443981725129,0,0.0242575958476866,0.0557511592597152
"1177001","1187000",1182000.5,"Fst",0.0358744895766173,0,0.0262189398766335,0.0633869870777602
"1178001","1188000",1183000.5,"Fst",0.0376443056284953,0,0.0260481948947649,0.058509130627093
"1179001","1189000",1184000.5,"Fst",0.0447985004686036,0,0.0233838325609953,0.0534192012721674
"1180001","1190000",1185000.5,"Fst",0.0459310663890817,0,0.0237466489610441,0.0556767081650497
"1181001","1191000",1186000.5,"Fst",0.024292899248283,0,0.0227483813008062,0.0556889818874865
"1182001","1192000",1187000.5,"Fst",0.0222230213527682,0,0.0224556316915881,0.0500445921682795
"1183001","1193000",1188000.5,"Fst",0.016173892878822,0,0.0205158008542507,0.0442061298661967
"1184001","1194000",1189000.5,"Fst",0.016698034074168,0,0.0203944643724748,0.0463764879134837
"1185001","1195000",1190000.5,"Fst",0.0179122919573239,0,0.0200904087618786,0.0444806550814352
"1186001","1196000",1191000.5,"Fst",0.018823858178325,0,0.0211248854204873,0.0460405137491714
"1187001","1197000",1192000.5,"Fst",0.019046747533494,0,0.0203060424747407,0.0453883258108978
"1188001","1198000",1193000.5,"Fst",0.0231074964964275,0,0.0206788341326911,0.0425434002931483
"1189001","1199000",1194000.5,"Fst",0.0230572588595012,0,0.0175766833556129,0.0350987986474288
"1190001","1200000",1195000.5,"Fst",0.0218498171239813,0,0.0166915285619436,0.0302835540439814
"1191001","1201000",1196000.5,"Fst",0.0245524674270106,0,0.01583948813238,0.0308134739247461
"1192001","1202000",1197000.5,"Fst",0.00868686868686874,0,0.0150121855447554,0.0361530710794664
"1193001","1203000",1198000.5,"Fst",0.0172776990074944,0,0.0157516421327683,0.0337951466597374
"1194001","1204000",1199000.5,"Fst",0.0171681594042468,0,0.0156555630939595,0.0335728101685548
"1195001","1205000",1200000.5,"Fst",0.0157822001105584,0,0.0158069481845086,0.0345664338204814
"1196001","1206000",1201000.5,"Fst",0.0280068637336588,0,0.0151933841545853,0.0319653955830747
"1197001","1207000",1202000.5,"Fst",0.0288373347720529,0,0.0154159670615757,0.0323317599637623
"1198001","1208000",1203000.5,"Fst",0.034078174706148,0,0.0184601684345195,0.0338223754009956
"1199001","1209000",1204000.5,"Fst",0.0389054239033518,0,0.0220317137943198,0.0456631781828886
"1200001","1210000",1205000.5,"Fst",0.0426201671891328,0,0.0234202439539674,0.0551165714592263
"1201001","1211000",1206000.5,"Fst",0.0575952681679553,0,0.0251945465768645,0.063385579937304
"1202001","1212000",1207000.5,"Fst",0.0715662666075888,0,0.0291828030985276,0.0755715915290384
"1203001","1213000",1208000.5,"Fst",0.0566684597453829,0,0.0289612068978492,0.0486984107237273
"1204001","1214000",1209000.5,"Fst",0.055055673939794,0,0.028323420167844,0.047110194675238
"1205001","1215000",1210000.5,"Fst",0.0466445293736818,0,0.0273800647961762,0.0581049511417016
"1206001","1216000",1211000.5,"Fst",0.0244212834176115,0,0.0247660053136502,0.0539332486271413
"1207001","1217000",1212000.5,"Fst",0.0242596186124963,0,0.0247133221272323,0.0534298625999529
"1208001","1218000",1213000.5,"Fst",0.0183042725941701,0,0.0257535284689416,0.0557045775099373
"1209001","1219000",1214000.5,"Fst",0.0180271350855343,0,0.0253179095827191,0.054838302491732
"1210001","1220000",1215000.5,"Fst",0.0209646130175931,0,0.0283078676223579,0.0611828694181634
"1211001","1221000",1216000.5,"Fst",0.0163445517336854,0,0.029415017000127,0.0601606914544793
"1212001","1222000",1217000.5,"Fst",0.0209790209790209,0,0.0279153276013647,0.0521618418825123
"1213001","1223000",1218000.5,"Fst",0.0181984087482777,0,0.024077760622526,0.0434380905367707
"1214001","1224000",1219000.5,"Fst",0.0256124378765888,0,0.0247158482051026,0.0711687039894329
"1215001","1225000",1220000.5,"Fst",0.0420237312626516,0,0.0373695218692727,0.113538130813165
"1216001","1226000",1221000.5,"Fst",0.0428673941553459,0,0.0377295995879087,0.10879140135151
"1217001","1227000",1222000.5,"Fst",0.0427174975562074,0,0.0385237680263517,0.110481575037743
"1218001","1228000",1223000.5,"Fst",0.0426485750347263,0,0.0380067589311883,0.110296421688572
"1219001","1229000",1224000.5,"Fst",0.0410712402446741,0,0.0368667000255574,0.108026755636998
"1220001","1230000",1225000.5,"Fst",0.0507786841461354,0,0.0341571672845426,0.0891328361740278
"1221001","1231000",1226000.5,"Fst",0.0647982296616412,0,0.0335654782783573,0.0857170346284646
"1222001","1232000",1227000.5,"Fst",0.0675720850240507,0,0.0362487265024169,0.0918144487610459
"1223001","1233000",1228000.5,"Fst",0.0719067221872911,0,0.0384957806081924,0.0953189742058308
"1224001","1234000",1229000.5,"Fst",0.0757263261139813,0,0.0314140061369232,0.0717801030367028
"1225001","1235000",1230000.5,"Fst",0.0708791964200111,0,0.0278287608469644,0.0817096064154772
"1226001","1236000",1231000.5,"Fst",0.0692925879816529,0,0.0267976923888484,0.0758672048545229
"1227001","1237000",1232000.5,"Fst",0.0678463319875606,0,0.0250898266253008,0.0728684191332064
"1228001","1238000",1233000.5,"Fst",0.0688303655747836,0,0.0258008315402701,0.0745825770765288
"1229001","1239000",1234000.5,"Fst",0.0714774651361044,0,0.0269558846865928,0.0768231920294323
"1230001","1240000",1235000.5,"Fst",0.0598429196929121,0,0.0204818253451253,0.0332223458733489
"1231001","1241000",1236000.5,"Fst",0.0201137817515192,0,0.0205194307388102,0.0415469147896141
"1232001","1242000",1237000.5,"Fst",0.0201867617516023,0,0.0195006937307107,0.0395637250921079
"1233001","1243000",1238000.5,"Fst",0.0221618006895612,0,0.0187699530583895,0.0441502788628252
"1234001","1244000",1239000.5,"Fst",0.0202604330263906,0,0.0206356461161871,0.0496403137704005
"1235001","1245000",1240000.5,"Fst",0.0147373719137576,0,0.0201468532292434,0.0638809033832362
"1236001","1246000",1241000.5,"Fst",0.0130958087021357,0,0.0235477467363301,0.0710535138620244
"1237001","1247000",1242000.5,"Fst",0.00949227373068429,0,0.0261483291362151,0.0828880053898376
"1238001","1248000",1243000.5,"Fst",0.00888994910941476,0,0.0245968540966759,0.07770513194242
"1239001","1249000",1244000.5,"Fst",0.00923746502642453,0,0.0251265736303084,0.0804669647292597
"1240001","1250000",1245000.5,"Fst",0.00438214746584775,0,0.029810072891461,0.0930995095074918
"1241001","1251000",1246000.5,"Fst",0.0184145206329506,0,0.0112594077280062,0.020614394916071
"1242001","1252000",1247000.5,"Fst",0.0354669808233523,0,0.0215475891262704,0.0630947833985422
"1243001","1253000",1248000.5,"Fst",0.0342044434775515,0,0.0182910897792051,0.0518915209897988
"1244001","1254000",1249000.5,"Fst",0.0332323520019332,0,0.0173500365377082,0.0502676932096957
"1245001","1255000",1250000.5,"Fst",0.0317571213541221,0,0.0194871077049549,0.0553309802220339
"1246001","1256000",1251000.5,"Fst",0.0321890861038533,0,0.0206964934190565,0.0526888005611411
"1247001","1257000",1252000.5,"Fst",0.0283886852035219,0,0.0178647588662671,0.0482189286891377
"1248001","1258000",1253000.5,"Fst",0.0180431768667063,0,0.0217147481068767,0.045604986030518
"1249001","1259000",1254000.5,"Fst",0.0177009767092411,0,0.0219897124821826,0.0467144765520635
"1250001","1260000",1255000.5,"Fst",0.0230002341429749,0,0.0196804679889371,0.0435866505830317
"1251001","1261000",1256000.5,"Fst",0.0234127565982404,0,0.0201658024247254,0.0425087697054225
"1252001","1262000",1257000.5,"Fst",0.0092564783797312,0,0.0214937249702968,0.0398653198653198
"1253001","1263000",1258000.5,"Fst",0.00339207381636664,0,0.021293294141155,0.0375787508922516
"1254001","1264000",1259000.5,"Fst",0.00291100970126179,0,0.021089354569052,0.0372830875140447
"1255001","1265000",1260000.5,"Fst",0.00340054439671289,0,0.0213854886543638,0.0385339245270981
"1256001","1266000",1261000.5,"Fst",0.00824457645881027,0,0.0198014992298349,0.0527887823185988
"1257001","1267000",1262000.5,"Fst",0.00893497905277196,0,0.0216636276763181,0.0563986671657862
"1258001","1268000",1263000.5,"Fst",0.0144910131700091,0,0.0235932266713974,0.0626785351655047
"1259001","1269000",1264000.5,"Fst",0.00632611705222608,0,0.0273721830828092,0.0485613090088296
"1260001","1270000",1265000.5,"Fst",0.00218931498949604,0,0.0268901447748289,0.0491477690781496
"1261001","1271000",1266000.5,"Fst",0.00198540694579274,0,0.028873502570024,0.0515247259323089
"1262001","1272000",1267000.5,"Fst",0.00320025492784637,0,0.0297460064162391,0.0567529551485461
"1263001","1273000",1268000.5,"Fst",0.00533497133497141,0,0.0323455671388587,0.0623771417585851
"1264001","1274000",1269000.5,"Fst",0.0220199724517905,0,0.0291762461414993,0.0537798211650174
"1265001","1275000",1270000.5,"Fst",0.0196108993258344,0,0.0261390096237231,0.0488632819984897
"1266001","1276000",1271000.5,"Fst",0.0178542577325291,0,0.0289160520879874,0.0531848206570295
"1267001","1277000",1272000.5,"Fst",0.018592999930139,0,0.0259216459184243,0.0526707242257815
"1268001","1278000",1273000.5,"Fst",0.0183811196400735,0,0.0256238344589569,0.0521236143441893
"1269001","1279000",1274000.5,"Fst",0.043950883713495,0,0.0199086663765332,0.0468483078713953
"1270001","1280000",1275000.5,"Fst",0.0465666804359569,0,0.0204818193460119,0.0504246984488035
"1271001","1281000",1276000.5,"Fst",0.0458746630874827,0,0.0201660442066693,0.0522456947428951
"1272001","1282000",1277000.5,"Fst",0.0438699202223158,0,0.0191826513569002,0.0492458973785097
"1273001","1283000",1278000.5,"Fst",0.0432094933631295,0,0.019319578097911,0.048412925072928
"1274001","1284000",1279000.5,"Fst",0.0227391261905758,0,0.0178808053386164,0.0269189685850544
"1275001","1285000",1280000.5,"Fst",0.0296556791937855,0,0.0178045601373282,0.035278551235998
"1276001","1286000",1281000.5,"Fst",0.0202817153748649,0,0.0347505445634514,0.0999022382064366
"1277001","1287000",1282000.5,"Fst",0.0258672998595939,0,0.0374124653170025,0.114965770658412
"1278001","1288000",1283000.5,"Fst",0.0265851051565378,0,0.0384946482944037,0.118221013689589
"1279001","1289000",1284000.5,"Fst",0.00746265043797745,0,0.0482085215467051,0.148184487769046
"1280001","1290000",1285000.5,"Fst",0.00758448168571091,0,0.0332755402569847,0.101039391177851
"1281001","1291000",1286000.5,"Fst",0.00827499666341613,0,0.0327566706287281,0.0980216404069871
"1282001","1292000",1287000.5,"Fst",0.00628560351007879,0,0.0272255167454437,0.0553652690439023
"1283001","1293000",1288000.5,"Fst",0.00693166979413573,0,0.0273894848575519,0.0561628635555336
"1284001","1294000",1289000.5,"Fst",0.002980688419713,0,0.022884447620884,0.0445151274293994
"1285001","1295000",1290000.5,"Fst",0.00563355402018606,0,0.0222826974743082,0.0412827416858809
"1286001","1296000",1291000.5,"Fst",0.0162766729480354,0,0.0212144309862753,0.052559472952496
"1287001","1297000",1292000.5,"Fst",0.0127363558061233,0,0.0209975328710599,0.0547180013577865
"1288001","1298000",1293000.5,"Fst",0.0136342868671044,0,0.019963365258688,0.0512876197521646
"1289001","1299000",1294000.5,"Fst",0.0141261855193152,0,0.0197912864380466,0.0500857883814781
"1290001","1300000",1295000.5,"Fst",0.0137833738934153,0,0.0202374336234584,0.0560499828359081
"1291001","1301000",1296000.5,"Fst",0.0104999450870741,0,0.0191106227579406,0.0511291071551765
"1292001","1302000",1297000.5,"Fst",0.0197473270326234,0,0.0198258419121965,0.0391827055211352
"1293001","1303000",1298000.5,"Fst",0.0208213610689274,0,0.02246570752244,0.0392654343361121
"1294001","1304000",1299000.5,"Fst",0.0338177312155006,0,0.0265000558166244,0.0521703958970375
"1295001","1305000",1300000.5,"Fst",0.0351935844343653,0,0.0341154101840996,0.0670825339851889
"1296001","1306000",1301000.5,"Fst",0.0197463907904067,0,0.0344467902930334,0.0748354049294488
"1297001","1307000",1302000.5,"Fst",0.0197588261899061,0,0.0345511855976205,0.0834825971504058
"1298001","1308000",1303000.5,"Fst",0.0183959738730058,0,0.035497305977286,0.0843399381970825
"1299001","1309000",1304000.5,"Fst",0.0182647266094598,0,0.0360422810343651,0.0854646502192148
"1300001","1310000",1305000.5,"Fst",0.0195351759997393,0,0.0335369823711472,0.0667061858938807
"1301001","1311000",1306000.5,"Fst",0.0175355947535053,0,0.0369037672430821,0.0785636921043453
"1302001","1312000",1307000.5,"Fst",0.0126520809320556,0,0.032651173140022,0.0728691149475366
"1303001","1313000",1308000.5,"Fst",0.00454440860350014,0,0.0297267372503045,0.0660007521816456
"1304001","1314000",1309000.5,"Fst",0.000449397967861698,0,0.0332228476105136,0.0561016792873257
"1305001","1315000",1310000.5,"Fst",0,0,0.0330290539610403,0.0547983886659974
"1306001","1316000",1311000.5,"Fst",0,0,0.0335235455610432,0.0586380058194247
"1307001","1317000",1312000.5,"Fst",0,0,0.034381420289644,0.061388464287111
"1308001","1318000",1313000.5,"Fst",0,0,0.0352766072760686,0.0649916249879957
"1309001","1319000",1314000.5,"Fst",0.00462370180680038,0,0.0337266240001017,0.0601664632412069
"1310001","1320000",1315000.5,"Fst",0,0,0.0368266231412255,0.0758430442660118
"1311001","1321000",1316000.5,"Fst",0,0,0.0370076843214321,0.0656411697926742
"1312001","1322000",1317000.5,"Fst",0,0,0.0348379924795451,0.057962892523562
"1313001","1323000",1318000.5,"Fst",0.00857360793287576,0,0.0387548488794342,0.0783993987819662
"1314001","1324000",1319000.5,"Fst",0.0129459961017286,0,0.036339999652498,0.0706079708351965
"1315001","1325000",1320000.5,"Fst",0.0121908742598397,0,0.0356049525587851,0.0700033706452763
"1316001","1326000",1321000.5,"Fst",0.011611078765699,0,0.0370429293557541,0.0713075050776878
"1317001","1327000",1322000.5,"Fst",0.0122177983351398,0,0.0336693168408783,0.067923284095718
"1318001","1328000",1323000.5,"Fst",0.011970483538756,0,0.0346861830156626,0.0674111364895138
"1319001","1329000",1324000.5,"Fst",0,0,0.0373163255080215,0.0832710771289824
"1320001","1330000",1325000.5,"Fst",0,0,0.0373138681521342,0.0833755723456806
"1321001","1331000",1326000.5,"Fst",0,0,0.0312217538802321,0.0861619705071737
"1322001","1332000",1327000.5,"Fst",0.0109020488105456,0,0.0281798480560363,0.0663581748388461
"1323001","1333000",1328000.5,"Fst",0.0122239987817877,0,0.0285711366920352,0.0501642335198279
"1324001","1334000",1329000.5,"Fst",0.0160493321034469,0,0.0364900233413881,0.0872576287349014
"1325001","1335000",1330000.5,"Fst",0.0167117224426099,0,0.0367743414974483,0.0885086654156089
"1326001","1336000",1331000.5,"Fst",0.00839186025571759,0,0.0376140142898138,0.094904428558916
"1327001","1337000",1332000.5,"Fst",0.0127996581059605,0,0.0396177880108119,0.0937947047631335
"1328001","1338000",1333000.5,"Fst",0.0124201896181724,0,0.0398987771359265,0.0930054490792934
"1329001","1339000",1334000.5,"Fst",0.0123929360393764,0,0.0390199730081671,0.0902702366127024
"1330001","1340000",1335000.5,"Fst",0.0107637750899554,0,0.0320223705354615,0.0718620496719601
"1331001","1341000",1336000.5,"Fst",0.00868288518992733,0,0.0306770031070552,0.0638765752044071
"1332001","1342000",1337000.5,"Fst",0.00520808858449773,0,0.03158606101977,0.0698641320193597
"1333001","1343000",1338000.5,"Fst",0.00307490462323134,0,0.0274810077914638,0.0550046782056288
"1334001","1344000",1339000.5,"Fst",0.00328556605130548,0,0.0254798117130178,0.0565638135100962
"1335001","1345000",1340000.5,"Fst",0.00391130073003199,0,0.024182676693421,0.0546077034871141
"1336001","1346000",1341000.5,"Fst",0.0132739100339414,0,0.0223046092275947,0.0675203626370228
"1337001","1347000",1342000.5,"Fst",0.00756825110470349,0,0.023250778093448,0.0703940504690745
"1338001","1348000",1343000.5,"Fst",0.00466173289833294,0,0.0214328811738407,0.0637396680044685
"1339001","1349000",1344000.5,"Fst",0.0024584788035461,0,0.0230633245455685,0.0628998867243348
"1340001","1350000",1345000.5,"Fst",0,0,0.0286090479905423,0.0496814720110975
"1341001","1351000",1346000.5,"Fst",0,0,0.0468120577028366,0.0806780195445372
"1342001","1352000",1347000.5,"Fst",0,0,0.054745493156066,0.0851461416344952
"1343001","1353000",1348000.5,"Fst",0,0,0.0564249615289545,0.0894286629814248
"1344001","1354000",1349000.5,"Fst",0,0,0.0575347086871885,0.0883801784107827
"1345001","1355000",1350000.5,"Fst",0,0,0.0606006364798177,0.0903520368867679
"1346001","1356000",1351000.5,"Fst",0,0,0.0612880932677581,0.0933583882257347
"1347001","1357000",1352000.5,"Fst",0,0,0.0615785060059754,0.0936857700663862
"1348001","1358000",1353000.5,"Fst",0,0,0.0650442747314449,0.0975707751029269
"1349001","1359000",1354000.5,"Fst",0,0,0.0649848260103957,0.101605745834945
"1350001","1360000",1355000.5,"Fst",0,0,0.0632202008346494,0.09928576012069
"1351001","1361000",1356000.5,"Fst",0.00205302295505982,0,0.0428934934275107,0.0747427502338633
"1352001","1362000",1357000.5,"Fst",0.0109580655035201,0,0.0293712974503411,0.0644927743324473
"1353001","1363000",1358000.5,"Fst",0.0311604793919906,0,0.0129257503611171,0.0298191442434936
"1354001","1364000",1359000.5,"Fst",0.00949494949494945,0,0.0113100149841772,0.016882444329363
"1355001","1365000",1360000.5,"Fst",0.00238714024448938,0,0.0312898097683651,0.0889908095870456
"1356001","1366000",1361000.5,"Fst",0.00268968757340859,0,0.0297668465339971,0.0882352704362003
"1357001","1367000",1362000.5,"Fst",0.00845713948826787,0,0.0266262329251802,0.0760282553531813
"1358001","1368000",1363000.5,"Fst",0.0127755928971518,0,0.0283179744943114,0.0715013882168343
"1359001","1369000",1364000.5,"Fst",0.0127915995465665,0,0.0283179744943114,0.0715013882168343
"1360001","1370000",1365000.5,"Fst",0.0132779083077295,0,0.0287031431679375,0.0726332760671335
"1361001","1371000",1366000.5,"Fst",0.0133816898422683,0,0.0305063696130554,0.0765514933443223
"1362001","1372000",1367000.5,"Fst",0.0131492165797482,0,0.0303780204112977,0.0767844886753604
"1363001","1373000",1368000.5,"Fst",0.0115780904473768,0,0.0315551907052795,0.0810696016049377
"1364001","1374000",1369000.5,"Fst",0.0118101257978558,0,0.0322412519591309,0.0828781993706839
"1365001","1375000",1370000.5,"Fst",0.0280916279448926,0,0.0312930147909749,0.103863915106916
"1366001","1376000",1371000.5,"Fst",0.0263598280833471,0,0.0295451432290373,0.0747244011274751
"1367001","1377000",1372000.5,"Fst",0.0175396498925912,0,0.0322608662022705,0.0712937292741769
"1368001","1378000",1373000.5,"Fst",0.0160411411369561,0,0.033230465821999,0.0892560596945281
"1369001","1379000",1374000.5,"Fst",0.0159215404194103,0,0.0329912054136689,0.0886444550028314
"1370001","1380000",1375000.5,"Fst",0.0393629016732868,0,0.0305384408712626,0.0894252346491717
"1371001","1381000",1376000.5,"Fst",0.0388690386129895,0,0.0300936879988409,0.088176064602608
"1372001","1382000",1377000.5,"Fst",0.0559421155697167,0,0.0282032053762229,0.0859252488721174
"1373001","1383000",1378000.5,"Fst",0.0539666396720466,0,0.0268558434245685,0.0814817436805048
"1374001","1384000",1379000.5,"Fst",0.0519133712387401,0,0.0262915521111317,0.0790650281317964
"1375001","1385000",1380000.5,"Fst",0.0559664784113683,0,0.0250356344971423,0.0778753049672097
"1376001","1386000",1381000.5,"Fst",0.0634125895442769,0,0.0258303073594246,0.0629719332243085
"1377001","1387000",1382000.5,"Fst",0.0906287097781944,0,0.0305553961219221,0.0639963195167449
"1378001","1388000",1383000.5,"Fst",0.0993626248770282,0,0.033476356658199,0.0673258501274158
"1379001","1389000",1384000.5,"Fst",0.098730604546143,0,0.0332305069736025,0.0668264942811682
"1380001","1390000",1385000.5,"Fst",0.0813254496181325,0,0.0315812730615075,0.0719104455482246
"1381001","1391000",1386000.5,"Fst",0.082825241500439,0,0.0321795344125832,0.0735157570611158
"1382001","1392000",1387000.5,"Fst",0.0671191919191919,0,0.0285845940278617,0.0683577794623077
"1383001","1393000",1388000.5,"Fst",0.0695850904118495,0,0.0302464558078775,0.0740685879479873
"1384001","1394000",1389000.5,"Fst",0.0733677300583774,0,0.0312448058976372,0.0761634095223463
"1385001","1395000",1390000.5,"Fst",0.0735731508634734,0,0.0349156984538604,0.0812447277158123
"1386001","1396000",1391000.5,"Fst",0.0744699937995539,0,0.0353591099173261,0.0821128815293384
"1387001","1397000",1392000.5,"Fst",0.0917178085026785,0,0.0279592647712188,0.0727805492323339
"1388001","1398000",1393000.5,"Fst",0.0625227859295757,0,0.0250980347186683,0.0631135265050625
"1389001","1399000",1394000.5,"Fst",0.0579582385115982,0,0.0230478132716835,0.0564825978619082
"1390001","1400000",1395000.5,"Fst",0.0881592478331129,0,0.0298430767351617,0.0983379630554834
"1391001","1401000",1396000.5,"Fst",0.08721749872829,0,0.0294566694693081,0.0972899943321864
"1392001","1402000",1397000.5,"Fst",0.112095928215225,0,0.0327780884701725,0.0932688379764138
"1393001","1403000",1398000.5,"Fst",0.125281933256617,0,0.0347685151447522,0.0959320213304012
"1394001","1404000",1399000.5,"Fst",0.123365984991694,0,0.0333657736253012,0.0958526838751486
"1395001","1405000",1400000.5,"Fst",0.137194193241314,0,0.0376346130105556,0.0932273877286459
"1396001","1406000",1401000.5,"Fst",0.140165892501659,0,0.037162775148136,0.0919097680886867
"1397001","1407000",1402000.5,"Fst",0.135335230392891,0,0.0361711199830519,0.0836827591982247
"1398001","1408000",1403000.5,"Fst",0.147337239154763,0,0.0407469155494379,0.0961985719794684
"1399001","1409000",1404000.5,"Fst",0.152588169349211,0,0.0432632133744084,0.0982425857130349
"1400001","1410000",1405000.5,"Fst",0.154078152276084,0,0.0424981943395865,0.0874149987327173
"1401001","1411000",1406000.5,"Fst",0.152565810508366,0,0.0424470695112572,0.0864491517738297
"1402001","1412000",1407000.5,"Fst",0.144196349459507,0,0.04154203772211,0.0879135864459412
"1403001","1413000",1408000.5,"Fst",0.132581682749281,0,0.0381153022971745,0.0744432040203815
"1404001","1414000",1409000.5,"Fst",0.124805978508979,0,0.0400946077688704,0.080302476414627
"1405001","1415000",1410000.5,"Fst",0.0920519930924282,0,0.0381281625834804,0.0825628052402203
"1406001","1416000",1411000.5,"Fst",0.0857101020376707,0,0.0351779952438202,0.0744123052352834
"1407001","1417000",1412000.5,"Fst",0.0826936026936027,0,0.0377704801158537,0.0892885814235878
"1408001","1418000",1413000.5,"Fst",0.0618410072203476,0,0.0396088508715593,0.107347560729806
"1409001","1419000",1414000.5,"Fst",0.0626980532659709,0,0.0405683984851279,0.109205080241131
"1410001","1420000",1415000.5,"Fst",0.0562678062678063,0,0.0404271403821204,0.108001537720868
"1411001","1421000",1416000.5,"Fst",0.0566568398224391,0,0.0404288405357848,0.108442178083444
"1412001","1422000",1417000.5,"Fst",0.0444201699684669,0,0.0404902434529395,0.108884198934958
"1413001","1423000",1418000.5,"Fst",0.0452808849389635,0,0.0416738273464192,0.112025681993516
"1414001","1424000",1419000.5,"Fst",0.033141577011367,0,0.0460936944868782,0.116684308988101
"1415001","1425000",1420000.5,"Fst",0.0230342789758327,0,0.0462359440745159,0.115460083867395
"1416001","1426000",1421000.5,"Fst",0.0145548548822999,0,0.0441892502828944,0.106383639723947
"1417001","1427000",1422000.5,"Fst",0.00905189231369496,0,0.0464553518806645,0.103310151828415
"1418001","1428000",1423000.5,"Fst",0,0,0.0432210295980424,0.0862334257884833
"1419001","1429000",1424000.5,"Fst",0.0130878238108132,0,0.0446513598258637,0.107162034381327
"1420001","1430000",1425000.5,"Fst",0.0145070253392577,0,0.0452622139431905,0.108857219476689
"1421001","1431000",1426000.5,"Fst",0.0144394546263704,0,0.0457037214378662,0.110061512030339
"1422001","1432000",1427000.5,"Fst",0.0128611570247935,0,0.0439034516191879,0.104270392211185
"1423001","1433000",1428000.5,"Fst",0.0127385499972201,0,0.0420719755653452,0.100350325520337
"1424001","1434000",1429000.5,"Fst",0.0126439782980821,0,0.0419671996544878,0.100056314019147
"1425001","1435000",1430000.5,"Fst",0.0158736231329603,0,0.0455313311745826,0.110885468645565
"1426001","1436000",1431000.5,"Fst",0.0246648032299569,0,0.0411671969086915,0.106847980723633
"1427001","1437000",1432000.5,"Fst",0.0305679937982344,0,0.0450924758125091,0.125925556331703
"1428001","1438000",1433000.5,"Fst",0.0351021757652055,0,0.0468109690580354,0.139426614386678
"1429001","1439000",1434000.5,"Fst",0,0,0.0355784033757286,0.10643793946043
"1430001","1440000",1435000.5,"Fst",0,0,0.0318630069819395,0.0714435473532747
"1431001","1441000",1436000.5,"Fst",0,0,0.0336385491998956,0.0832499743575941
"1432001","1442000",1437000.5,"Fst",0.000880033208800368,0,0.0285273721306842,0.0833777918361935
"1433001","1443000",1438000.5,"Fst",0,0,0.0284238238175629,0.0738148114034639
"1434001","1444000",1439000.5,"Fst",0,0,0.0267841854953488,0.0671689712744553
"1435001","1445000",1440000.5,"Fst",0,0,0.0263243079696449,0.0659091386444309
"1436001","1446000",1441000.5,"Fst",0,0,0.0244873258635666,0.0623114132494035
"1437001","1447000",1442000.5,"Fst",0,0,0.0244873258635666,0.0623114132494035
"1438001","1448000",1443000.5,"Fst",0.00168270944741511,0,0.0228972528976959,0.0572106491685634
"1439001","1449000",1444000.5,"Fst",0.00161297212326228,0,0.0218966463693844,0.0547145206564956
"1440001","1450000",1445000.5,"Fst",0.00355293253220501,0,0.0145741221682807,0.0334743870042551
"1441001","1451000",1446000.5,"Fst",0.00212174845803148,0,0.0213799799059992,0.0477262391996361
"1442001","1452000",1447000.5,"Fst",0.0216582652529116,0,0.0198392213834677,0.0434389140271493
"1443001","1453000",1448000.5,"Fst",0.0315951946783589,0,0.0241413725414602,0.0426566708987458
"1444001","1454000",1449000.5,"Fst",0.0351536195286196,0,0.0271414310487309,0.0474572512142651
"1445001","1455000",1450000.5,"Fst",0.0404710552936461,0,0.0287973506201748,0.0683879998486739
"1446001","1456000",1451000.5,"Fst",0.0410598060862053,0,0.0282117528607091,0.0693382184566064
"1447001","1457000",1452000.5,"Fst",0.0401690458302029,0,0.0275392109747535,0.0678429395619784
"1448001","1458000",1453000.5,"Fst",0.0401152005634264,0,0.0279075241601378,0.0702244370479183
"1449001","1459000",1454000.5,"Fst",0.0409390109627077,0,0.0275790339587819,0.0697904829545454
"1450001","1460000",1455000.5,"Fst",0.040491240530303,0,0.0273150814095694,0.0691288977998206
"1451001","1461000",1456000.5,"Fst",0.0464929650178734,0,0.026808606030951,0.0719184104097064
"1452001","1462000",1457000.5,"Fst",0.0390506628787878,0,0.0321685002131087,0.0850315232865569
"1453001","1463000",1458000.5,"Fst",0.0308145218122713,0,0.0218360350303209,0.0611489709690609
"1454001","1464000",1459000.5,"Fst",0.031952834995269,0,0.0224309427188024,0.0643248484848485
"1455001","1465000",1460000.5,"Fst",0.00557310709594971,0,0.022258113441078,0.0602062047401518
"1456001","1466000",1461000.5,"Fst",0.00304808351748842,0,0.0217197314392127,0.061806816637636
"1457001","1467000",1462000.5,"Fst",0.00126604536662556,0,0.0215671984698174,0.0586852376563229
"1458001","1468000",1463000.5,"Fst",0.0174297721742978,0,0.0308738232890871,0.0869239911619487
"1459001","1469000",1464000.5,"Fst",0.039580203889523,0,0.0306645986449917,0.0714516308219133
"1460001","1470000",1465000.5,"Fst",0.0405174888260138,0,0.0313873070592764,0.0729943185990773
"1461001","1471000",1466000.5,"Fst",0.04219584450132,0,0.0309313960123728,0.0705225853190531
"1462001","1472000",1467000.5,"Fst",0.0416854687884779,0,0.0302596363318635,0.0704693493988312
"1463001","1473000",1468000.5,"Fst",0.0436228311826398,0,0.0316988647711912,0.0706494645955054
"1464001","1474000",1469000.5,"Fst",0.0536220014480885,0,0.0284640264054685,0.0612890609037788
"1465001","1475000",1470000.5,"Fst",0.0607243987997126,0,0.0309335920878084,0.0638578892371997
"1466001","1476000",1471000.5,"Fst",0.0613230900554844,0,0.0312374021807541,0.0644804591879802
"1467001","1477000",1472000.5,"Fst",0.0647192952370065,0,0.0317849525080019,0.0663592446201142
"1468001","1478000",1473000.5,"Fst",0.0701303714621607,0,0.0272316748773839,0.066325014138102
"1469001","1479000",1474000.5,"Fst",0.0485812139443423,0,0.0234802209871745,0.0545064536020533
"1470001","1480000",1475000.5,"Fst",0.0423443120107201,0,0.0218512013569821,0.0543165128977594
"1471001","1481000",1476000.5,"Fst",0.0370185595795353,0,0.0187579112449622,0.048630443428117
"1472001","1482000",1477000.5,"Fst",0.0377579802237336,0,0.01929637843289,0.0496710864425943
"1473001","1483000",1478000.5,"Fst",0.039526675927355,0,0.01873404282474,0.0485018439163206
"1474001","1484000",1479000.5,"Fst",0.014963867928295,0,0.0180290276866483,0.0404623824451411
"1475001","1485000",1480000.5,"Fst",0.016005745809074,0,0.0116662872876222,0.0215679412022047
"1476001","1486000",1481000.5,"Fst",0.0158921302578019,0,0.0110144683899023,0.0191408948673142
"1477001","1487000",1482000.5,"Fst",0.0152072072072071,0,0.00972047744510804,0.0154493654493654
"1478001","1488000",1483000.5,"Fst",0.0206198211134047,0,0.0280078248745651,0.067729812087354
"1479001","1489000",1484000.5,"Fst",0.0236915413542241,0,0.026077940929715,0.0649277181421579
"1480001","1490000",1485000.5,"Fst",0.025010254637631,0,0.0271240979367176,0.0675159063949099
"1481001","1491000",1486000.5,"Fst",0.0236637589214909,0,0.0287637256370704,0.0679772703869089
"1482001","1492000",1487000.5,"Fst",0.0230246913580247,0,0.0280206471645256,0.0662578814340332
"1483001","1493000",1488000.5,"Fst",0.0222147699934389,0,0.0291266331306765,0.0689840967192665
"1484001","1494000",1489000.5,"Fst",0.0227003261948659,0,0.0281060093568479,0.0671399460987313
"1485001","1495000",1490000.5,"Fst",0.0207816941033891,0,0.0283941757384944,0.0684171492141371
"1486001","1496000",1491000.5,"Fst",0.0210732323232322,0,0.0270978101009958,0.0657874719170691
"1487001","1497000",1492000.5,"Fst",0.0220627412602622,0,0.0289919235612509,0.0714705584270803
"1488001","1498000",1493000.5,"Fst",0.0250739957716701,0,0.0164612179975286,0.0322100348002291
"1489001","1499000",1494000.5,"Fst",0.0182422594027307,0,0.0154044039322397,0.0275074008132645
"1490001","1500000",1495000.5,"Fst",0.0186566639974151,0,0.0157699657260872,0.0282054960253555
"1491001","1501000",1496000.5,"Fst",0.0168829346092504,0,0.0189238743364986,0.0422234208716681
"1492001","1502000",1497000.5,"Fst",0.0173956484585552,0,0.0193430345440902,0.0430932595849043
"1493001","1503000",1498000.5,"Fst",0.0173956484585552,0,0.0193430345440902,0.0430932595849043
"1494001","1504000",1499000.5,"Fst",0.0192305133016596,0,0.0199780742115322,0.041908556992356
"1495001","1505000",1500000.5,"Fst",0.0306353692364055,0,0.0212456778731026,0.0469834976154232
"1496001","1506000",1501000.5,"Fst",0.0315984270182744,0,0.0240543804319115,0.0568863396640933
"1497001","1507000",1502000.5,"Fst",0.0323449549256001,0,0.0229905649291397,0.0520202398965948
"1498001","1508000",1503000.5,"Fst",0.0230401177769598,0,0.0252295313909409,0.0546684593269625
"1499001","1509000",1504000.5,"Fst",0.0240680183126225,0,0.0229709200631226,0.0520429139380858
"1500001","1510000",1505000.5,"Fst",0.0184010262925183,0,0.0196170169047052,0.0444670951562105
"1501001","1511000",1506000.5,"Fst",0.0264477573159245,0,0.0184564307762024,0.0311451466466665
"1502001","1512000",1507000.5,"Fst",0.0274026438013576,0,0.0183447480075243,0.0322297535167622
"1503001","1513000",1508000.5,"Fst",0.0274026438013576,0,0.0183447480075243,0.0322297535167622
"1504001","1514000",1509000.5,"Fst",0.0238164780333454,0,0.0174965486565992,0.0288590551854415
"1505001","1515000",1510000.5,"Fst",0.0121496489824936,0,0.0181377305519324,0.0292631867943305
"1506001","1516000",1511000.5,"Fst",0.0151947102604997,0,0.0183751920065749,0.029291259704483
"1507001","1517000",1512000.5,"Fst",0.0104261000812724,0,0.0168808503329795,0.0313622596893575
"1508001","1518000",1513000.5,"Fst",0.0107557791352259,0,0.0174116666945514,0.0322057013604763
"1509001","1519000",1514000.5,"Fst",0.0113131313131312,0,0.0171326733930434,0.0294435261707988
"1510001","1520000",1515000.5,"Fst",0.0159837682466325,0,0.0132190670924191,0.0197129152977142
"1511001","1521000",1516000.5,"Fst",0.0159837682466325,0,0.0132190670924191,0.0197129152977142
"1512001","1522000",1517000.5,"Fst",0.081651376146789,0,0.0212589262632893,0.0455462660720464
"1513001","1523000",1518000.5,"Fst",0.0796064400715563,0,0.0206871884299436,0.0443017132599147
"1514001","1524000",1519000.5,"Fst",0.0854947166186358,0,0.0220874582708056,0.0436491024302059
"1515001","1525000",1520000.5,"Fst",0.0846153846153845,0,0.0228713561764433,0.0428640508427742
"1516001","1526000",1521000.5,"Fst",0.0783341080638378,0,0.0265245837016548,0.052963050874278
"1517001","1527000",1522000.5,"Fst",0.0517067091324518,0,0.0318345269082143,0.0888641661368934
"1518001","1528000",1523000.5,"Fst",0.0517067091324518,0,0.0318345269082143,0.0888641661368934
"1519001","1529000",1524000.5,"Fst",0.0301969780695145,0,0.0318186530368575,0.105919267955267
"1520001","1530000",1525000.5,"Fst",0.029844147849688,0,0.0318650791793554,0.105263795012204
"1521001","1531000",1526000.5,"Fst",0.0274478114478115,0,0.0300237060277375,0.0930118710113755
"1522001","1532000",1527000.5,"Fst",0.0199523323118829,0,0.0296407097996466,0.0888416776083201
"1523001","1533000",1528000.5,"Fst",0.0246700626184765,0,0.0298810822240981,0.0873314793825358
"1524001","1534000",1529000.5,"Fst",0.0201306349716245,0,0.0305671458334927,0.0942750834743287
"1525001","1535000",1530000.5,"Fst",0.0206514705939331,0,0.0312228157609996,0.095189355944325
"1526001","1536000",1531000.5,"Fst",0.0191904013842408,0,0.0297154374448471,0.0832321460569238
"1527001","1537000",1532000.5,"Fst",0.0253247710849834,0,0.0290563980327613,0.0688832280776238
"1528001","1538000",1533000.5,"Fst",0.0249386106197026,0,0.0285723275275436,0.0678435933287161
"1529001","1539000",1534000.5,"Fst",0.0399461013295006,0,0.0265734626217928,0.0591642566746301
"1530001","1540000",1535000.5,"Fst",0.044261150530127,0,0.0252479036631471,0.0544865819555511
"1531001","1541000",1536000.5,"Fst",0.0485329771809819,0,0.0278662444027212,0.0620750055870646
"1532001","1542000",1537000.5,"Fst",0.0308492348184154,0,0.0295934126002387,0.0720906368453016
"1533001","1543000",1538000.5,"Fst",0.0242219689664241,0,0.0305721041790546,0.0714733542319749
"1534001","1544000",1539000.5,"Fst",0.0339978823173498,0,0.0194105562775908,0.0371227303091031
"1535001","1545000",1540000.5,"Fst",0.0317017772982793,0,0.0189960770968516,0.0350647195788806
"1536001","1546000",1541000.5,"Fst",0.0229988193624557,0,0.0205546876603069,0.0437363323961262
"1537001","1547000",1542000.5,"Fst",0.0242424242424243,0,0.0215905004716941,0.0466276400367309
"1538001","1548000",1543000.5,"Fst",0.0311698784030201,0,0.0187856932926225,0.0440295228102272
"1539001","1549000",1544000.5,"Fst",0.0303344233703945,0,0.0176957963989787,0.0414855165561778
"1540001","1550000",1545000.5,"Fst",0.0220978416701035,0,0.0187969853659295,0.0452953550514527
"1541001","1551000",1546000.5,"Fst",0.0218173854179111,0,0.0185367454580311,0.0467094610224381
"1542001","1552000",1547000.5,"Fst",0.0226967804344627,0,0.0203549506841837,0.045557232071755
"1543001","1553000",1548000.5,"Fst",0.0220181353173682,0,0.0181438853418685,0.044003087022418
"1544001","1554000",1549000.5,"Fst",0.022859480547989,0,0.0187746055387068,0.0467411491863697
"1545001","1555000",1550000.5,"Fst",0.022227339896751,0,0.0183636910599102,0.0465050380768622
"1546001","1556000",1551000.5,"Fst",0.0468693855551564,0,0.0238634871345977,0.0728595185179429
"1547001","1557000",1552000.5,"Fst",0.045853769818638,0,0.0228133126321536,0.0743655156089735
"1548001","1558000",1553000.5,"Fst",0.0449795972974779,0,0.0257989321562628,0.0820904606830742
"1549001","1559000",1554000.5,"Fst",0.0447442163571198,0,0.0256225299050549,0.0794607880789614
"1550001","1560000",1555000.5,"Fst",0.0471535568819861,0,0.0287658985211431,0.0832326265548516
"1551001","1561000",1556000.5,"Fst",0.0471535568819861,0,0.0287658985211431,0.0834840846411201
"1552001","1562000",1557000.5,"Fst",0.0738891232510722,0,0.0267043130503675,0.0712542592608814
"1553001","1563000",1558000.5,"Fst",0.0881326985566387,0,0.0289278755113331,0.0653197149251289
"1554001","1564000",1559000.5,"Fst",0.0900663899124649,0,0.0294615067610906,0.0675744115506232
"1555001","1565000",1560000.5,"Fst",0.0904119867751542,0,0.0304124391118819,0.0678900978750226
"1556001","1566000",1561000.5,"Fst",0.0891178825810259,0,0.0236832739275082,0.0427946951174335
"1557001","1567000",1562000.5,"Fst",0.0924947781678204,0,0.024665600075303,0.0444239347792647
"1558001","1568000",1563000.5,"Fst",0.0887986301915342,0,0.0240311232758514,0.0397081814540251
"1559001","1569000",1564000.5,"Fst",0.0878053433294227,0,0.0214733617811211,0.0392943942596441
"1560001","1570000",1565000.5,"Fst",0.0848153164358698,0,0.0207547468594165,0.0380735975447811
"1561001","1571000",1566000.5,"Fst",0.09940425931138,0,0.0221085824457426,0.0462490069231641
"1562001","1572000",1567000.5,"Fst",0.0865075277937657,0,0.0325740566725655,0.0908185885702665
"1563001","1573000",1568000.5,"Fst",0.0780609327779139,0,0.0373767624256455,0.102596829219346
"1564001","1574000",1569000.5,"Fst",0.0759124667381548,0,0.0361739458469396,0.0995637610033496
"1565001","1575000",1570000.5,"Fst",0.0804688438709057,0,0.0384157447353518,0.105752309267248
"1566001","1576000",1571000.5,"Fst",0.0840796019900497,0,0.0379708433848326,0.107186306487134
"1567001","1577000",1572000.5,"Fst",0.0742072336265884,0,0.0338947564873327,0.0946481799733963
"1568001","1578000",1573000.5,"Fst",0.0643091061409968,0,0.0296823250139737,0.0821481649411824
"1569001","1579000",1574000.5,"Fst",0.0658966826297505,0,0.0307211355191656,0.0846411483253589
"1570001","1580000",1575000.5,"Fst",0.060037342550488,0,0.0274977751749979,0.0777444540233374
"1571001","1581000",1576000.5,"Fst",0.0490538667771893,0,0.0246792923461237,0.0666368156658053
"1572001","1582000",1577000.5,"Fst",0.0215521064301551,0,0.0210184474822439,0.0461760461760462
"1573001","1583000",1578000.5,"Fst",0.0229003221327018,0,0.0215766771500555,0.0435305435305435
"1574001","1584000",1579000.5,"Fst",0.0238301660674543,0,0.0210830441345664,0.0440003752697251
"1575001","1585000",1580000.5,"Fst",0.0232418965943322,0,0.0205948271506139,0.0430018796130747
"1576001","1586000",1581000.5,"Fst",0.0310816411106508,0,0.0208964949471705,0.0403397500092725
"1577001","1587000",1582000.5,"Fst",0.051251485442662,0,0.0232254750821052,0.0470788577416821
"1578001","1588000",1583000.5,"Fst",0.0635754251842002,0,0.0244780377130614,0.0529161234245981
"1579001","1589000",1584000.5,"Fst",0.0626747360692314,0,0.0222931625155337,0.0480333132651014
"1580001","1590000",1585000.5,"Fst",0.0754552287246761,0,0.0232706892042851,0.0604306401128196
"1581001","1591000",1586000.5,"Fst",0.0737730243612598,0,0.0232997371073287,0.0589454787119269
"1582001","1592000",1587000.5,"Fst",0.0470658028997888,0,0.0246235035607299,0.0455832325885124
"1583001","1593000",1588000.5,"Fst",0.0479054170673373,0,0.0254023351819972,0.0478283499015539
"1584001","1594000",1589000.5,"Fst",0.0481261647647494,0,0.0267287118058024,0.0497061845810294
"1585001","1595000",1590000.5,"Fst",0.0460705211625457,0,0.0266153504767946,0.0518274782419522
"1586001","1596000",1591000.5,"Fst",0.0518412242945958,0,0.0269672773508031,0.0543582946432092
"1587001","1597000",1592000.5,"Fst",0.0389691925828589,0,0.0299709416069053,0.0578563171362143
"1588001","1598000",1593000.5,"Fst",0.0428335831278571,0,0.0370270133082557,0.0786089525533398
"1589001","1599000",1594000.5,"Fst",0.0436674169480221,0,0.0382872329100076,0.0895169655877446
"1590001","1600000",1595000.5,"Fst",0.0444485149072872,0,0.0363721413573684,0.0812630948817719
"1591001","1601000",1596000.5,"Fst",0.0445626758887194,0,0.0340024874923835,0.078125
"1592001","1602000",1597000.5,"Fst",0.0549869490640615,0,0.0338839060609876,0.102490987502032
"1593001","1603000",1598000.5,"Fst",0.0550143145662834,0,0.0370984174582939,0.106721409714462
"1594001","1604000",1599000.5,"Fst",0.0533804163907895,0,0.034604785155226,0.103186992813549
"1595001","1605000",1600000.5,"Fst",0.05188246097337,0,0.0360620361477864,0.106333439553269
"1596001","1606000",1601000.5,"Fst",0.0416803055100928,0,0.0395663922062117,0.114648649557135
"1597001","1607000",1602000.5,"Fst",0.0380023284756512,0,0.0373609083206382,0.107529161513385
"1598001","1608000",1603000.5,"Fst",0.032180025103102,0,0.0297034232132324,0.081707375825023
"1599001","1609000",1604000.5,"Fst",0.0286567864436718,0,0.0255019214582695,0.0670587490039576
"1600001","1610000",1605000.5,"Fst",0.0270291506246563,0,0.0281010228560929,0.0723750965237033
"1601001","1611000",1606000.5,"Fst",0.0639720692896469,0,0.0258025485324005,0.061585520476734
"1602001","1612000",1607000.5,"Fst",0.0847053505847789,0,0.0244134953295049,0.0901262314117692
"1603001","1613000",1608000.5,"Fst",0.083067374490005,0,0.028432658196761,0.107131083700122
"1604001","1614000",1609000.5,"Fst",0.0889705462057928,0,0.0324612460285228,0.118938725293536
"1605001","1615000",1610000.5,"Fst",0.0977515161564241,0,0.0383901034486847,0.133351603043635
"1606001","1616000",1611000.5,"Fst",0.105719486638215,0,0.038175585834087,0.135069374753158
"1607001","1617000",1612000.5,"Fst",0.10743543338754,0,0.0382291874998373,0.135334391294491
"1608001","1618000",1613000.5,"Fst",0.117274844088385,0,0.0414325841897271,0.144524628275294
"1609001","1619000",1614000.5,"Fst",0.111078469511404,0,0.0398995229211644,0.146223698195755
"1610001","1620000",1615000.5,"Fst",0.10811663840211,0,0.0386244765344054,0.140545864588551
"1611001","1621000",1616000.5,"Fst",0.0894945420697825,0,0.0402838181939143,0.130149096186832
"1612001","1622000",1617000.5,"Fst",0.0962749102175903,0,0.0357696340374862,0.122396990938622
"1613001","1623000",1618000.5,"Fst",0.103485902839034,0,0.033472027888052,0.113798233711824
"1614001","1624000",1619000.5,"Fst",0.105455896007428,0,0.0308330081957789,0.103237323396356
"1615001","1625000",1620000.5,"Fst",0.100828296395791,0,0.0306294574375612,0.0802537419932275
"1616001","1626000",1621000.5,"Fst",0.0810491276400368,0,0.0264018060187168,0.0654838726670285
"1617001","1627000",1622000.5,"Fst",0.0814614293355659,0,0.0253587077164538,0.0602524584301806
"1618001","1628000",1623000.5,"Fst",0.0760935053610006,0,0.0250088423462447,0.0630445669260365
"1619001","1629000",1624000.5,"Fst",0.100366314515454,0,0.0213373913454109,0.0524818168521547
"1620001","1630000",1625000.5,"Fst",0.10524322169059,0,0.0236511816984169,0.0568399321683993
"1621001","1631000",1626000.5,"Fst",0.110307298335467,0,0.0245058436652454,0.0615996025832092
"1622001","1632000",1627000.5,"Fst",0.037885462555066,0,0.0184034895572159,0.0508139909735655
"1623001","1633000",1628000.5,"Fst",0.0583973686052207,0,0.0201177727564455,0.041278546459297
"1624001","1634000",1629000.5,"Fst",0.0569409115846924,0,0.0195114658813232,0.0430066087155112
"1625001","1635000",1630000.5,"Fst",0.0557109019640725,0,0.0191711877424519,0.0420363859590379
"1626001","1636000",1631000.5,"Fst",0.0510217607422954,0,0.0176031620023042,0.0458333333333334
"1627001","1637000",1632000.5,"Fst",0.0382896015549077,0,0.0186906332694015,0.0438842411848547
"1628001","1638000",1633000.5,"Fst",0.032066687637622,0,0.0227803112318346,0.0414650098103334
"1629001","1639000",1634000.5,"Fst",0.0348532760217749,0,0.021611211659112,0.0402373247033443
"1630001","1640000",1635000.5,"Fst",0.0361856386211687,0,0.0211543436860228,0.0402490986561782
"1631001","1641000",1636000.5,"Fst",0.0602314737018987,0,0.0231902619129981,0.0553058495245461
"1632001","1642000",1637000.5,"Fst",0.0703435207559863,0,0.0221943878196127,0.0513767880611556
"1633001","1643000",1638000.5,"Fst",0.0643760159571823,0,0.0235865022222729,0.0592223796228802
"1634001","1644000",1639000.5,"Fst",0.0624517815407903,0,0.0235865033578046,0.0542348418240038
"1635001","1645000",1640000.5,"Fst",0.0635778004766767,0,0.0243413369502886,0.0557373700624236
"1636001","1646000",1641000.5,"Fst",0.0660941259808592,0,0.0257819221572779,0.0603089429444955
"1637001","1647000",1642000.5,"Fst",0.0729570587390492,0,0.026509251921919,0.0606402055169081
"1638001","1648000",1643000.5,"Fst",0.085928209005132,0,0.0312718926037681,0.0744168234669754
"1639001","1649000",1644000.5,"Fst",0.0882318895986322,0,0.0338124303989932,0.0777540088817028
"1640001","1650000",1645000.5,"Fst",0.0892370466464868,0,0.037346291490469,0.0802664366494154
"1641001","1651000",1646000.5,"Fst",0.0525349053676698,0,0.0263793180008955,0.072023136806194
"1642001","1652000",1647000.5,"Fst",0.0483045058338116,0,0.0252642474046888,0.0588842471057404
"1643001","1653000",1648000.5,"Fst",0.0421195916383084,0,0.0230247863592599,0.0560240417939254
"1644001","1654000",1649000.5,"Fst",0.046747541310968,0,0.0228645549529469,0.0433588218634948
"1645001","1655000",1650000.5,"Fst",0.0473231070005263,0,0.0218739545784282,0.0394053101370174
"1646001","1656000",1651000.5,"Fst",0.0494943228814196,0,0.0224638482676985,0.0387601753287412
"1647001","1657000",1652000.5,"Fst",0.0470707070707072,0,0.0214190121864811,0.036640049140049
"1648001","1658000",1653000.5,"Fst",0.0508015306650119,0,0.0199831651833365,0.0374853438683227
"1649001","1659000",1654000.5,"Fst",0.0524458063783908,0,0.0217986026256434,0.0399605924952902
"1650001","1660000",1655000.5,"Fst",0.0529454664523425,0,0.0223538398354156,0.0402914788008759
"1651001","1661000",1656000.5,"Fst",0.0577911987002897,0,0.0220792504182053,0.0435582138850635
"1652001","1662000",1657000.5,"Fst",0.0328226081035069,0,0.0250603947314525,0.0463380521917106
"1653001","1663000",1658000.5,"Fst",0.0402461316649932,0,0.0193533638668494,0.0323508118729962
"1654001","1664000",1659000.5,"Fst",0.0393049920191053,0,0.0185160787073325,0.0288012441981967
"1655001","1665000",1660000.5,"Fst",0.0378853812274178,0,0.019089441500277,0.0314604377104376
"1656001","1666000",1661000.5,"Fst",0.0411748326250924,0,0.0199502050668863,0.035031639792736
"1657001","1667000",1662000.5,"Fst",0.0379869261986343,0,0.0202979853437259,0.0388006750088818
"1658001","1668000",1663000.5,"Fst",0.0851271996847638,0,0.0206516272955056,0.0398917563983103
"1659001","1669000",1664000.5,"Fst",0.0536482471776588,0,0.0263701527736705,0.0613583731364886
"1660001","1670000",1665000.5,"Fst",0.0494707957663661,0,0.0362373799424672,0.076637058458996
"1661001","1671000",1666000.5,"Fst",0.0525795828759605,0,0.0330515802019783,0.0726581651836419
"1662001","1672000",1667000.5,"Fst",0.0697842582948967,0,0.0292425377864356,0.0664285013013606
"1663001","1673000",1668000.5,"Fst",0.0708497365392771,0,0.0298345949648163,0.0674704006603976
"1664001","1674000",1669000.5,"Fst",0.072935642235868,0,0.0306485365910844,0.0709697769111659
"1665001","1675000",1670000.5,"Fst",0.0708290451686678,0,0.0295239180137129,0.0663149210336262
"1666001","1676000",1671000.5,"Fst",0.0698684962835905,0,0.0309540569622809,0.0692081086297115
"1667001","1677000",1672000.5,"Fst",0.072929084875532,0,0.0292239171410532,0.0700348918939648
"1668001","1678000",1673000.5,"Fst",0.0454957340394233,0,0.03682119208358,0.0824587763563878
"1669001","1679000",1674000.5,"Fst",0.0736386420596946,0,0.0235998141289772,0.0662218833822431
"1670001","1680000",1675000.5,"Fst",0.0871738533369952,0,0.0233050942384305,0.0670406919914841
"1671001","1681000",1676000.5,"Fst",0.0880241529688025,0,0.0246594396930538,0.0741898376388616
"1672001","1682000",1677000.5,"Fst",0.0090718984069047,0,0.0337099620256813,0.0838972246739237
"1673001","1683000",1678000.5,"Fst",0.00948858665394081,0,0.0352570528936481,0.0878787878787878
"1674001","1684000",1679000.5,"Fst",0.0092894685614171,0,0.0345151387259119,0.0858418623319286
"1675001","1685000",1680000.5,"Fst",0.0507106462858675,0,0.0332493627167081,0.106370511481083
"1676001","1686000",1681000.5,"Fst",0.0530134176777287,0,0.0330476404103163,0.10465984809827
"1677001","1687000",1682000.5,"Fst",0.0482418331239789,0,0.0353756539776182,0.102887456853673
"1678001","1688000",1683000.5,"Fst",0.0476097877167397,0,0.0348438577271933,0.10158577052553
"1679001","1689000",1684000.5,"Fst",0.0482418331239789,0,0.0353739282520519,0.103135245751635
"1680001","1690000",1685000.5,"Fst",0.0496543798272744,0,0.0363976539709322,0.106116853902495
"1681001","1691000",1686000.5,"Fst",0.046380669439493,0,0.0339182174761727,0.102433892741283
"1682001","1692000",1687000.5,"Fst",0.0801417977698881,0,0.0492949051930289,0.14730326824744
"1683001","1693000",1688000.5,"Fst",0.0801417977698881,0,0.0492949051930289,0.14730326824744
"1684001","1694000",1689000.5,"Fst",0.0801374874329538,0,0.047382076550636,0.142785758771449
"1685001","1695000",1690000.5,"Fst",0.0691943264869862,0,0.0508501110287129,0.121005834055915
"1686001","1696000",1691000.5,"Fst",0.0676151359896121,0,0.0505119971442331,0.118075572852993
"1687001","1697000",1692000.5,"Fst",0.071540280857354,0,0.0523119438394814,0.124622256441859
"1688001","1698000",1693000.5,"Fst",0.0714183470940228,0,0.0523142259554573,0.124352770543739
"1689001","1699000",1694000.5,"Fst",0.0883198431803373,0,0.043310289582749,0.112876803952716
"1690001","1700000",1695000.5,"Fst",0.085759405966481,0,0.0421336197434476,0.109552323505607
"1691001","1701000",1696000.5,"Fst",0.0861513465458836,0,0.0423968079117903,0.105714716850978
"1692001","1702000",1697000.5,"Fst",0.069158840259448,0,0.0327024546248431,0.0858608415553481
"1693001","1703000",1698000.5,"Fst",0.0684044361693514,0,0.0323347893123696,0.0849314885100174
"1694001","1704000",1699000.5,"Fst",0.0679343820414009,0,0.0338474832704422,0.0879514487187472
"1695001","1705000",1700000.5,"Fst",0.0691889165135301,0,0.0348570140455591,0.0905377441392409
"1696001","1706000",1701000.5,"Fst",0.0665066129343421,0,0.0361394422148193,0.0915505879222079
"1697001","1707000",1702000.5,"Fst",0.0661906447113683,0,0.0362607822430249,0.0890859817689087
"1698001","1708000",1703000.5,"Fst",0.0662969140950792,0,0.0363362288606161,0.0892270362525962
"1699001","1709000",1704000.5,"Fst",0.136191344886997,0,0.0368270586914977,0.0768264202306754
"1700001","1710000",1705000.5,"Fst",0.146330860790064,0,0.039716805787337,0.0852791817944519
"1701001","1711000",1706000.5,"Fst",0.141798803555585,0,0.0398484645532214,0.076902106567534
"1702001","1712000",1707000.5,"Fst",0.168585086444711,0,0.0381350549584437,0.0982056029746045
"1703001","1713000",1708000.5,"Fst",0.170520575956377,0,0.038610304731679,0.0994155789730342
"1704001","1714000",1709000.5,"Fst",0.177211545382567,0,0.0326613576772511,0.0966519219035997
"1705001","1715000",1710000.5,"Fst",0.166748414376321,0,0.0313110221791231,0.0901640716557842
"1706001","1716000",1711000.5,"Fst",0.177627581374841,0,0.0335661417800561,0.096554639611076
"1707001","1717000",1712000.5,"Fst",0.182601729813626,0,0.0350383392668472,0.0986354698393151
"1708001","1718000",1713000.5,"Fst",0.184468511528808,0,0.0354781252586394,0.0998572319076632
"1709001","1719000",1714000.5,"Fst",0.101655807218947,0,0.0385486634173196,0.0825042434768879
"1710001","1720000",1715000.5,"Fst",0.0877206479463178,0,0.0454136904412872,0.0745559670932805
"1711001","1721000",1716000.5,"Fst",0.111155084778644,0,0.0500700457230137,0.0930786463860394
"1712001","1722000",1717000.5,"Fst",0.107214780209012,0,0.0479854925905729,0.0894994723352932
"1713001","1723000",1718000.5,"Fst",0.106304290741032,0,0.0475695864615258,0.0887269738071217
"1714001","1724000",1719000.5,"Fst",0.0894273663226732,0,0.0517509334140473,0.096259042621039
"1715001","1725000",1720000.5,"Fst",0.0912582662490037,0,0.0458670930614865,0.0894607221555334
"1716001","1726000",1721000.5,"Fst",0.0861846233344405,0,0.0457213656978917,0.0847451371202893
"1717001","1727000",1722000.5,"Fst",0.082441414141414,0,0.0430751698526865,0.0811573097907153
"1718001","1728000",1723000.5,"Fst",0.0790195489581992,0,0.0403193118775654,0.0759183712419423
"1719001","1729000",1724000.5,"Fst",0.0957629391257709,0,0.0213036383676727,0.0468661434488773
"1720001","1730000",1725000.5,"Fst",0.0840875640645269,0,0.0193508612535797,0.0415929668482162
"1721001","1731000",1726000.5,"Fst",0.0573545350615415,0,0.0153130412387315,0.0274626777075356
"1722001","1732000",1727000.5,"Fst",0.0567245488593803,0,0.0242665870381793,0.0841879442573888
"1723001","1733000",1728000.5,"Fst",0.0546351713472867,0,0.0240369343254484,0.0814011676396997
"1724001","1734000",1729000.5,"Fst",0.0546351713472867,0,0.0240361114729451,0.0814011676396997
"1725001","1735000",1730000.5,"Fst",0.0522490902288882,0,0.0265614146877129,0.0951909705378221
"1726001","1736000",1731000.5,"Fst",0.0986825513656618,0,0.0323678990207879,0.108745869041618
"1727001","1737000",1732000.5,"Fst",0.108770891879899,0,0.027571367295136,0.0867518156774355
"1728001","1738000",1733000.5,"Fst",0.113635417258153,0,0.0287099532629996,0.0905046084477156
"1729001","1739000",1734000.5,"Fst",0.0904497527735861,0,0.0282567354602173,0.0941687756514158
"1730001","1740000",1735000.5,"Fst",0.0931671379155502,0,0.0305161773190635,0.0968439500378725
"1731001","1741000",1736000.5,"Fst",0.0997537984182393,0,0.0345867434350512,0.101514725072282
"1732001","1742000",1737000.5,"Fst",0.10841697354803,0,0.0301952953076283,0.0903926462230349
"1733001","1743000",1738000.5,"Fst",0.110422892550895,0,0.0307894102776535,0.0921889600854359
"1734001","1744000",1739000.5,"Fst",0.105182932510445,0,0.0273708351109808,0.0939416632626817
"1735001","1745000",1740000.5,"Fst",0.103310913779966,0,0.0276189205518084,0.0917842311321105
"1736001","1746000",1741000.5,"Fst",0.0793213013108302,0,0.0248291541447703,0.0701326995444643
"1737001","1747000",1742000.5,"Fst",0.056978345591467,0,0.0276212615445001,0.0982202111613876
"1738001","1748000",1743000.5,"Fst",0.0728663166586999,0,0.0263027695284257,0.098064224332881
"1739001","1749000",1744000.5,"Fst",0.0806321187286956,0,0.0321490066749002,0.114158947036219
"1740001","1750000",1745000.5,"Fst",0.0843267816235331,0,0.033360582573948,0.119555946659446
"1741001","1751000",1746000.5,"Fst",0.0773698583604856,0,0.0285346371552871,0.108629555594183
"1742001","1752000",1747000.5,"Fst",0.0729173936631037,0,0.029589161170483,0.102007665305538
"1743001","1753000",1748000.5,"Fst",0.0749049135866134,0,0.0290434260592496,0.0972301136363635
"1744001","1754000",1749000.5,"Fst",0.120510712285269,0,0.026053046881356,0.0943266237476971
"1745001","1755000",1750000.5,"Fst",0.160571731355887,0,0.0272089369873814,0.0894912885028206
"1746001","1756000",1751000.5,"Fst",0.158789575241613,0,0.0270977312935367,0.0886783140854802
"1747001","1757000",1752000.5,"Fst",0.197035730438715,0,0.0298412327792751,0.10011269327374
"1748001","1758000",1753000.5,"Fst",0.216195292957695,0,0.0344802024089568,0.126400357633234
"1749001","1759000",1754000.5,"Fst",0.260865895437168,0,0.0461282782398436,0.140194564271893
"1750001","1760000",1755000.5,"Fst",0.249668610394162,0,0.0431124677054581,0.133914743508011
"1751001","1761000",1756000.5,"Fst",0.143534679403064,0,0.0377290520302107,0.0945649987066366
"1752001","1762000",1757000.5,"Fst",0.0955985339354669,0,0.045815118785569,0.107028273997034
"1753001","1763000",1758000.5,"Fst",0.0939775709854449,0,0.047973699316596,0.109609702845353
"1754001","1764000",1759000.5,"Fst",0.0543994803011196,0,0.0491921864114638,0.115258899676375
"1755001","1765000",1760000.5,"Fst",0.00981515511836573,0,0.0538664323716941,0.122473335667521
"1756001","1766000",1761000.5,"Fst",0.0095866740950673,0,0.0539315479980935,0.123039477724827
"1757001","1767000",1762000.5,"Fst",0.00964966819868263,0,0.054271437173229,0.123907590456664
"1758001","1768000",1763000.5,"Fst",0.00964966819868263,0,0.054271437173229,0.123907590456664
"1759001","1769000",1764000.5,"Fst",0.00957774201485107,0,0.0539302777590591,0.123147326002322
"1760001","1770000",1765000.5,"Fst",0.0102867758040173,0,0.0550878695504246,0.125685295802307
"1761001","1771000",1766000.5,"Fst",0.0223873204556712,0,0.0457929082237444,0.1113260003885
"1762001","1772000",1767000.5,"Fst",0.0810610295238579,0,0.0365351664908848,0.0928096757044126
"1763001","1773000",1768000.5,"Fst",0.0867578221236757,0,0.0387568460976288,0.0939774862152708
"1764001","1774000",1769000.5,"Fst",0.110370950888192,0,0.045760217343205,0.0960846090561107
"1765001","1775000",1770000.5,"Fst",0.12435927397367,0,0.04453639624112,0.0960846090561107
"1766001","1776000",1771000.5,"Fst",0.126124512798905,0,0.0452801209901062,0.097700190978293
"1767001","1777000",1772000.5,"Fst",0.126124512798905,0,0.0452801209901062,0.097700190978293
"1768001","1778000",1773000.5,"Fst",0.136404494382022,0,0.0481071535739489,0.101699126532407
"1769001","1779000",1774000.5,"Fst",0.134918870860191,0,0.0475726634985805,0.100385243891349
"1770001","1780000",1775000.5,"Fst",0.133205450194791,0,0.0470823786478613,0.0976321696793525
"1771001","1781000",1776000.5,"Fst",0.122874020135974,0,0.0445217643415047,0.0920197618879318
"1772001","1782000",1777000.5,"Fst",0.122874020135974,0,0.0445217643415047,0.0920197618879318
"1773001","1783000",1778000.5,"Fst",0.138685868586859,0,0.0578058389161581,0.112932187201528
"1774001","1784000",1779000.5,"Fst",0.130093806042213,0,0.0538096738006055,0.105463125899856
"1775001","1785000",1780000.5,"Fst",0.0955965909090909,0,0.0390049666630464,0.0759007168912466
"1776001","1786000",1781000.5,"Fst",0.0883491959304233,0,0.0358956652670976,0.0701001126533041
"1777001","1787000",1782000.5,"Fst",0.0790008713331397,0,0.0325667990518173,0.0612667960725929
"1778001","1788000",1783000.5,"Fst",0.0171400667372019,0,0.0292150815804921,0.0628346824408469
"1779001","1789000",1784000.5,"Fst",0.017580766341097,0,0.0300747898754064,0.0639850994689705
"1780001","1790000",1785000.5,"Fst",0.0289562289562291,0,0.0277106256686505,0.0561150390601635
"1781001","1791000",1786000.5,"Fst",0.0382770301199304,0,0.0288987631904713,0.0624863266814486
"1782001","1792000",1787000.5,"Fst",0.0364770546152504,0,0.027429683037538,0.0594947162152705
"1783001","1793000",1788000.5,"Fst",0.0145274212368729,0,0.0430898824799847,0.106917858059915
"1784001","1794000",1789000.5,"Fst",0.0139598790876615,0,0.0399917052853667,0.101224820977796
"1785001","1795000",1790000.5,"Fst",0.0143462298785654,0,0.0411561645726856,0.104120110055069
"1786001","1796000",1791000.5,"Fst",0.0147545744989833,0,0.0423936067638149,0.106916062660744
"1787001","1797000",1792000.5,"Fst",0.0151290684624017,0,0.0455808855880071,0.11380406011129
"1788001","1798000",1793000.5,"Fst",0.00466446946809473,0,0.0494154280222898,0.123165076962114
"1789001","1799000",1794000.5,"Fst",0.00475241060081377,0,0.0503118351581565,0.125283286813128
"1790001","1800000",1795000.5,"Fst",0,0,0.0540738947851828,0.143013588414089
"1791001","1801000",1796000.5,"Fst",0,0,0.0540738947851828,0.143013588414089
"1792001","1802000",1797000.5,"Fst",0,0,0.0552368814956114,0.146422946230736
"1793001","1803000",1798000.5,"Fst",0.00134522798074188,0,0.0285870698644422,0.0556433637284701
"1794001","1804000",1799000.5,"Fst",0.000218321543969724,0,0.0325106382978724,0.0668453677332888
"1795001","1805000",1800000.5,"Fst",0.000218321543969724,0,0.0325106382978724,0.0668453677332888
"1796001","1806000",1801000.5,"Fst",0.00779032151581149,0,0.0236476983361552,0.0502587354618302
"1797001","1807000",1802000.5,"Fst",0.00739556892607562,0,0.0227176400779859,0.0478843070148147
"1798001","1808000",1803000.5,"Fst",0.0764078553778124,0,0.0484955664867383,0.10857424037397
"1799001","1809000",1804000.5,"Fst",0.120712962070332,0,0.0350988392454861,0.0958600392413342
"1800001","1810000",1805000.5,"Fst",0.113886940522298,0,0.0325102937956304,0.0902083591715243
"1801001","1811000",1806000.5,"Fst",0.199917651199703,0,0.038713601225338,0.0755205562568836
"1802001","1812000",1807000.5,"Fst",0.199917651199703,0,0.0387761999903105,0.0753601396870672
"1803001","1813000",1808000.5,"Fst",0.193390765830876,0,0.0373158955008103,0.0728831115850499
"1804001","1814000",1809000.5,"Fst",0.191754630385032,0,0.0326027333354178,0.0815056108309482
"1805001","1815000",1810000.5,"Fst",0.191754630385032,0,0.0326027333354178,0.0815056108309482
"1806001","1816000",1811000.5,"Fst",0.196876875321098,0,0.034000228515809,0.0844462571257126
"1807001","1817000",1812000.5,"Fst",0.196680726996696,0,0.0339639367506127,0.0844462571257126
"1808001","1818000",1813000.5,"Fst",0.204011190885496,0,0.0389239398259446,0.0977527617485994
"1809001","1819000",1814000.5,"Fst",0.196671288292452,0,0.0414002744797508,0.0933607646478933
"1810001","1820000",1815000.5,"Fst",0.192260611056984,0,0.0354382504916857,0.0835273452881863
"1811001","1821000",1816000.5,"Fst",0.148708567247116,0,0.0337408213919921,0.0822553262904643
"1812001","1822000",1817000.5,"Fst",0.14877836558541,0,0.0387797820080268,0.0754696338509074
"1813001","1823000",1818000.5,"Fst",0.149751557141857,0,0.0392361102213611,0.0756539575799869
"1814001","1824000",1819000.5,"Fst",0.132345827000878,0,0.0433110841961474,0.0873143020984535
"1815001","1825000",1820000.5,"Fst",0.132345827000878,0,0.0433110841961474,0.0873143020984535
"1816001","1826000",1821000.5,"Fst",0.131479000531632,0,0.043054677664537,0.0868111975825991
"1817001","1827000",1822000.5,"Fst",0.131043676993398,0,0.0430042024196691,0.086593054344049
"1818001","1828000",1823000.5,"Fst",0.128721200282731,0,0.0424585098600792,0.0866419867345366
"1819001","1829000",1824000.5,"Fst",0.134461275436652,0,0.0433740343565678,0.0905264695144212
"1820001","1830000",1825000.5,"Fst",0.120455827703096,0,0.0394669051103109,0.0832813109637143
"1821001","1831000",1826000.5,"Fst",0.100614057635735,0,0.0444111032560206,0.0947861769872639
"1822001","1832000",1827000.5,"Fst",0.029913758999921,0,0.0206427104521194,0.0436388454609665
"1823001","1833000",1828000.5,"Fst",0.0263209523052041,0,0.0180554865098192,0.0376011897562941
"1824001","1834000",1829000.5,"Fst",0.0138091370881703,0,0.0148618139863593,0.0244548296207697
"1825001","1835000",1830000.5,"Fst",0.0134143889120919,0,0.0144925035327116,0.0238737247584941
"1826001","1836000",1831000.5,"Fst",0.0175544619989063,0,0.0196440090838549,0.0285355070461455
"1827001","1837000",1832000.5,"Fst",0.0181174370454912,0,0.0200359363922141,0.0292038576421432
"1828001","1838000",1833000.5,"Fst",0.0310409534677317,0,0.0195532902433864,0.0319421205310733
"1829001","1839000",1834000.5,"Fst",0.0344753239983888,0,0.0200547616803537,0.0354027558103075
"1830001","1840000",1835000.5,"Fst",0.0284751972109787,0,0.0254028419842418,0.04423063919398
"1831001","1841000",1836000.5,"Fst",0.0280288489501542,0,0.0250190239213572,0.0435503814034887
"1832001","1842000",1837000.5,"Fst",0.0432698710697121,0,0.0215581180706376,0.038239924688773
"1833001","1843000",1838000.5,"Fst",0.0391149942244834,0,0.0272462454118907,0.066089750745239
"1834001","1844000",1839000.5,"Fst",0.0384764025389025,0,0.0284357083511799,0.0696894813499992
"1835001","1845000",1840000.5,"Fst",0.0389368039368041,0,0.0287322010569771,0.070396241355239
"1836001","1846000",1841000.5,"Fst",0.0378995433789953,0,0.0299909327366742,0.0736068121216787
"1837001","1847000",1842000.5,"Fst",0.0769819771011666,0,0.032662252418576,0.0704390894579169
"1838001","1848000",1843000.5,"Fst",0.0750481371394387,0,0.0310462284783131,0.0679932975795345
"1839001","1849000",1844000.5,"Fst",0.0761786139929272,0,0.0321212495605322,0.0687777063457198
"1840001","1850000",1845000.5,"Fst",0.0859009860867216,0,0.0366354063509009,0.0784958964646465
"1841001","1851000",1846000.5,"Fst",0.0866899548436568,0,0.0370339119019673,0.079322169059011
"1842001","1852000",1847000.5,"Fst",0.0860410688483222,0,0.0423175543141143,0.0932395751244384
"1843001","1853000",1848000.5,"Fst",0.123177607947218,0,0.0387569641367805,0.0917451106812809
"1844001","1854000",1849000.5,"Fst",0.118631763076207,0,0.0373143851771262,0.08656869061864
"1845001","1855000",1850000.5,"Fst",0.0998626426329643,0,0.0348817327483788,0.0642523673028672
"1846001","1856000",1851000.5,"Fst",0.0982945104081694,0,0.0342981246128036,0.0632312020303948
"1847001","1857000",1852000.5,"Fst",0.0258579169175196,0,0.0383345602444228,0.108523506671655
"1848001","1858000",1853000.5,"Fst",0.028040404040404,0,0.044498805324838,0.114155741815316
"1849001","1859000",1854000.5,"Fst",0.0252875903491805,0,0.0409566038686053,0.102023917578305
"1850001","1860000",1855000.5,"Fst",0.0281809008347859,0,0.0377106228597912,0.0978615492014645
"1851001","1861000",1856000.5,"Fst",0.0251715502128724,0,0.0333720789723322,0.0904215919444347
"1852001","1862000",1857000.5,"Fst",0.0236655600291964,0,0.0314733478268505,0.0850733640594037
"1853001","1863000",1858000.5,"Fst",0.0232234660751626,0,0.0308200711830734,0.0833584222353121
"1854001","1864000",1859000.5,"Fst",0.0303293807641634,0,0.0288448085886431,0.0726409448973385
"1855001","1865000",1860000.5,"Fst",0.021065210717888,0,0.0178479689256731,0.0324811996618164
"1856001","1866000",1861000.5,"Fst",0.0282983061797186,0,0.0172218538316621,0.0278681838574167
"1857001","1867000",1862000.5,"Fst",0.0286998361998361,0,0.0175556343019497,0.0282676595304582
"1858001","1868000",1863000.5,"Fst",0.029248653274852,0,0.0176591949758103,0.0285205106436455
"1859001","1869000",1864000.5,"Fst",0.0392864476558845,0,0.0208447220014192,0.0408064404498615
"1860001","1870000",1865000.5,"Fst",0.0605496744959716,0,0.02421351262523,0.0457783860416595
"1861001","1871000",1866000.5,"Fst",0.0648722119934642,0,0.0253254506501718,0.0518068336500525
"1862001","1872000",1867000.5,"Fst",0.06562380684501,0,0.0256778228166927,0.0524166251347261
"1863001","1873000",1868000.5,"Fst",0.0910054213351932,0,0.0251858074471171,0.0445425722792967
"1864001","1874000",1869000.5,"Fst",0.0951122491221049,0,0.0261977357994221,0.0455441045281322
"1865001","1875000",1870000.5,"Fst",0.109231469369516,0,0.029983606353553,0.0551219338985409
"1866001","1876000",1871000.5,"Fst",0.113402400034425,0,0.0324283128024687,0.0576713311640411
"1867001","1877000",1872000.5,"Fst",0.0935046993394508,0,0.0292003481968853,0.0639623347003891
"1868001","1878000",1873000.5,"Fst",0.0934919139582351,0,0.0290075090184392,0.0646175550364794
"1869001","1879000",1874000.5,"Fst",0.115752265829572,0,0.033830155051779,0.0720061275388348
"1870001","1880000",1875000.5,"Fst",0.113810895843683,0,0.0317652890592863,0.069019001722482
"1871001","1881000",1876000.5,"Fst",0.112416882932435,0,0.031486434138718,0.068829803916335
"1872001","1882000",1877000.5,"Fst",0.10811000175162,0,0.0298548514884256,0.0657992680354818
"1873001","1883000",1878000.5,"Fst",0.0848204178244313,0,0.0329762168447006,0.0819531345847135
"1874001","1884000",1879000.5,"Fst",0.0666575096965772,0,0.0334931228663623,0.0622666087711681
"1875001","1885000",1880000.5,"Fst",0.0954946874186778,0,0.0289364904890826,0.0571085933305379
"1876001","1886000",1881000.5,"Fst",0.0954946874186778,0,0.0289364904890826,0.0571085933305379
"1877001","1887000",1882000.5,"Fst",0.111898031046967,0,0.0321490047557922,0.0677056771587687
"1878001","1888000",1883000.5,"Fst",0.116077583989299,0,0.033512169061509,0.0704409189791478
"1879001","1889000",1884000.5,"Fst",0.0867796402789673,0,0.0401113683288493,0.0927777285077358
"1880001","1890000",1885000.5,"Fst",0.0849782836603264,0,0.0393553475541758,0.0913242915076147
"1881001","1891000",1886000.5,"Fst",0.0875162507530836,0,0.0421547561173229,0.0942070630607157
"1882001","1892000",1887000.5,"Fst",0.0923918415763286,0,0.0442773613870327,0.0966389781967014
"1883001","1893000",1888000.5,"Fst",0.0954689869304644,0,0.0389557200594464,0.10130444290772
"1884001","1894000",1889000.5,"Fst",0.121021649713061,0,0.0349286671652136,0.0915131922675027
"1885001","1895000",1890000.5,"Fst",0.0816810688434679,0,0.0388426236717249,0.104239510489511
"1886001","1896000",1891000.5,"Fst",0.0812773951158422,0,0.0367287955559225,0.101466275659824
"1887001","1897000",1892000.5,"Fst",0.0846514745308311,0,0.0398045392047451,0.106463719766472
"1888001","1898000",1893000.5,"Fst",0.0846514745308311,0,0.0398045392047451,0.106463719766472
"1889001","1899000",1894000.5,"Fst",0.0823843674690051,0,0.0373338857922682,0.100783601158367
"1890001","1900000",1895000.5,"Fst",0.0823903369357916,0,0.0330900583000172,0.0927516801595077
"1891001","1901000",1896000.5,"Fst",0.0812305763756497,0,0.032548054007327,0.0913016259749927
"1892001","1902000",1897000.5,"Fst",0.0822226334293794,0,0.0329212777437084,0.0923848656052046
"1893001","1903000",1898000.5,"Fst",0.0136890494551938,0,0.0384998767501411,0.0983387580285671
"1894001","1904000",1899000.5,"Fst",0.0145450951854746,0,0.0349816369430537,0.0839658104320112
"1895001","1905000",1900000.5,"Fst",0.0234696515535805,0,0.0314617992965561,0.0683251295248598
"1896001","1906000",1901000.5,"Fst",0.0216601650836724,0,0.0314003229596953,0.0713087744642795
"1897001","1907000",1902000.5,"Fst",0.0509345892864669,0,0.0291408369492043,0.0561428235846841
"1898001","1908000",1903000.5,"Fst",0.0504434844310877,0,0.0288640867169844,0.0556728887784577
"1899001","1909000",1904000.5,"Fst",0.0499444874162707,0,0.0293697388878867,0.0559012243434309
"1900001","1910000",1905000.5,"Fst",0.0487140169067879,0,0.0308742708507071,0.0597431303270316
"1901001","1911000",1906000.5,"Fst",0.0487140169067879,0,0.0308229762841378,0.0596661984079203
"1902001","1912000",1907000.5,"Fst",0.0492249711953777,0,0.0311514451795689,0.0602089204650927
"1903001","1913000",1908000.5,"Fst",0.0730892862715727,0,0.027634997239294,0.0558351791633285
"1904001","1914000",1909000.5,"Fst",0.0780544856575036,0,0.0297507764399354,0.0620315634375388
"1905001","1915000",1910000.5,"Fst",0.0842447112635792,0,0.0266122373348858,0.0605314685314685
"1906001","1916000",1911000.5,"Fst",0.0854180054180053,0,0.0295356847485517,0.0682532936676582
"1907001","1917000",1912000.5,"Fst",0.014180745508179,0,0.0147949159883921,0.0240747584604825
"1908001","1918000",1913000.5,"Fst",0.0136725617954288,0,0.0141112823030902,0.0229908238378542
"1909001","1919000",1914000.5,"Fst",0.0125998360686986,0,0.0131962280350311,0.0213703252413535
"1910001","1920000",1915000.5,"Fst",0.0137532407974972,0,0.0121088346093926,0.0200899632971824
"1911001","1921000",1916000.5,"Fst",0.0142324720478252,0,0.0119454100046111,0.0200584459438135
"1912001","1922000",1917000.5,"Fst",0.0961166287680474,0,0.0263836601606328,0.0724466485362342
"1913001","1923000",1918000.5,"Fst",0.0960211681256535,0,0.0231134896150444,0.059770155288326
"1914001","1924000",1919000.5,"Fst",0.104929792972892,0,0.0242683428528616,0.0664124953880212
"1915001","1925000",1920000.5,"Fst",0.106875172121203,0,0.0246972380366575,0.0669057896714917
"1916001","1926000",1921000.5,"Fst",0.106875172121203,0,0.0246953741701776,0.0671476178269308
"1917001","1927000",1922000.5,"Fst",0.111094080252989,0,0.0271077647615814,0.0729404128672745
"1918001","1928000",1923000.5,"Fst",0.113563081896374,0,0.0278129447893546,0.0747907037143749
"1919001","1929000",1924000.5,"Fst",0.114101192924722,0,0.0272738080902525,0.0761752650407034
"1920001","1930000",1925000.5,"Fst",0.106476432359752,0,0.0258570021950056,0.0734892376403448
"1921001","1931000",1926000.5,"Fst",0.115386661860749,0,0.0305229115201006,0.0832751231852592
"1922001","1932000",1927000.5,"Fst",0.0767275001421343,0,0.0360369251610703,0.0978143504005573
"1923001","1933000",1928000.5,"Fst",0.0717306165996592,0,0.0384819438274459,0.110140148392415
"1924001","1934000",1929000.5,"Fst",0.0760654522648878,0,0.0431665732931679,0.121111111111111
"1925001","1935000",1930000.5,"Fst",0.0771899517742749,0,0.0396495619049869,0.111223817808313
"1926001","1936000",1931000.5,"Fst",0.0784950958864004,0,0.04042905039274,0.11302011545914
"1927001","1937000",1932000.5,"Fst",0.0779797979797979,0,0.0400860858520033,0.11205619261536
"1928001","1938000",1933000.5,"Fst",0.0777945728064493,0,0.0399886944729963,0.111801767267223
"1929001","1939000",1934000.5,"Fst",0.0814460393407761,0,0.0429942337255141,0.118565269659661
"1930001","1940000",1935000.5,"Fst",0.086806786528235,0,0.0475424956241195,0.130191471438654
"1931001","1941000",1936000.5,"Fst",0.0526450950179763,0,0.0465399982316117,0.108837714010128
"1932001","1942000",1937000.5,"Fst",0.0596821877309681,0,0.0389959552701641,0.0983597770154374
"1933001","1943000",1938000.5,"Fst",0.0495168487038407,0,0.0306203174019986,0.0703597656353563
"1934001","1944000",1939000.5,"Fst",0.0867810214001151,0,0.0313850621920187,0.062204547891264
"1935001","1945000",1940000.5,"Fst",0.0914109763706897,0,0.0374938466442226,0.0784321711741066
"1936001","1946000",1941000.5,"Fst",0.0914109763706897,0,0.0374938466442226,0.0784321711741066
"1937001","1947000",1942000.5,"Fst",0.0926454476111226,0,0.0381900848458583,0.0793783422459893
"1938001","1948000",1943000.5,"Fst",0.0834414696596815,0,0.033910006534857,0.0695683659836935
"1939001","1949000",1944000.5,"Fst",0.0764139979338844,0,0.0344491233626315,0.0718890571171527
"1940001","1950000",1945000.5,"Fst",0.0713382221704886,0,0.0308166298838065,0.0632821211134464
"1941001","1951000",1946000.5,"Fst",0.0694085550034104,0,0.0309830502765283,0.0635970345898962
"1942001","1952000",1947000.5,"Fst",0.0640649821658723,0,0.031035105094602,0.0636534612638163
"1943001","1953000",1948000.5,"Fst",0.0761767333195904,0,0.0278437922722598,0.0518303649126878
"1944001","1954000",1949000.5,"Fst",0.0321013995783483,0,0.0243423176595225,0.0569921899406436
"1945001","1955000",1950000.5,"Fst",0.0324841267156116,0,0.0220099447741626,0.0492921879343897
"1946001","1956000",1951000.5,"Fst",0.0324841267156116,0,0.0220099447741626,0.0492921879343897
"1947001","1957000",1952000.5,"Fst",0.0336011576923907,0,0.0214904243621971,0.046824760132208
"1948001","1958000",1953000.5,"Fst",0.036950939014314,0,0.0219388279688867,0.0469129270147823
"1949001","1959000",1954000.5,"Fst",0.0377863138426517,0,0.0230036013924873,0.0569604870997864
"1950001","1960000",1955000.5,"Fst",0.0513836514474676,0,0.0413366083163396,0.102843189536614
"1951001","1961000",1956000.5,"Fst",0.054039048200122,0,0.0435931923231884,0.108222576643629
"1952001","1962000",1957000.5,"Fst",0.054097046798754,0,0.0432661308202019,0.109380165289256
"1953001","1963000",1958000.5,"Fst",0.047324306898775,0,0.0408530220850014,0.103892470657053
"1954001","1964000",1959000.5,"Fst",0.0472763892703469,0,0.0414541995396895,0.102461004314416
"1955001","1965000",1960000.5,"Fst",0.047264152133066,0,0.043577323183691,0.104103759488375
"1956001","1966000",1961000.5,"Fst",0.0463196401206188,0,0.0427084118621954,0.102129655690027
"1957001","1967000",1962000.5,"Fst",0.0466618903571618,0,0.0465352827744555,0.10609666629363
"1958001","1968000",1963000.5,"Fst",0.048174048174048,0,0.0491453178268577,0.11700730324831
"1959001","1969000",1964000.5,"Fst",0.0449657869012706,0,0.0479094351864257,0.110635922204046
"1960001","1970000",1965000.5,"Fst",0.0243222816399287,0,0.0369865860676618,0.0684383587483548
"1961001","1971000",1966000.5,"Fst",0.0241476002763441,0,0.0353841645839915,0.0662540147422567
"1962001","1972000",1967000.5,"Fst",0.0254981985618393,0,0.0388942276841136,0.0719922794548719
"1963001","1973000",1968000.5,"Fst",0.154331868115847,0,0.0403852049796163,0.118432956264339
"1964001","1974000",1969000.5,"Fst",0.159686295884147,0,0.0418401388084558,0.123819643839539
"1965001","1975000",1970000.5,"Fst",0.167382890480497,0,0.0440039414380529,0.132032186269474
"1966001","1976000",1971000.5,"Fst",0.13911112932754,0,0.0389101147870256,0.109588441929443
"1967001","1977000",1972000.5,"Fst",0.133913796669769,0,0.0370984176946258,0.103731391460407
"1968001","1978000",1973000.5,"Fst",0.117370317042627,0,0.0359882710459888,0.0993598104430243
"1969001","1979000",1974000.5,"Fst",0.120140284509595,0,0.0362795246361597,0.101725265830644
"1970001","1980000",1975000.5,"Fst",0.139493656861116,0,0.032719309463052,0.0978350990327037
"1971001","1981000",1976000.5,"Fst",0.142610438342146,0,0.0333030608423007,0.10068412361406
"1972001","1982000",1977000.5,"Fst",0.154494317150822,0,0.027624821460978,0.0763042625889206
"1973001","1983000",1978000.5,"Fst",0.176830060964676,0,0.0261277935806313,0.065407835581246
"1974001","1984000",1979000.5,"Fst",0.140267677514461,0,0.0244238507778805,0.0509296988431456
"1975001","1985000",1980000.5,"Fst",0.142737282737283,0,0.0249310454495584,0.0520442072166211
"1976001","1986000",1981000.5,"Fst",0.160677361853832,0,0.0289275110796593,0.0604970797359065
"1977001","1987000",1982000.5,"Fst",0.161254597254597,0,0.0285414260069064,0.0618538006961872
"1978001","1988000",1983000.5,"Fst",0.165405742418868,0,0.0301666297639459,0.066117536309844
"1979001","1989000",1984000.5,"Fst",0.151689985926791,0,0.0276269642361997,0.0633619820037931
"1980001","1990000",1985000.5,"Fst",0.154529829392865,0,0.0283599032908237,0.0648058912580505
"1981001","1991000",1986000.5,"Fst",0.154529829392865,0,0.0283599032908237,0.0648058912580505
"1982001","1992000",1987000.5,"Fst",0.141875947531475,0,0.03446212194563,0.0796666604430005
"1983001","1993000",1988000.5,"Fst",0.00724566236527946,0,0.0328973602200203,0.0598400106217015
"1984001","1994000",1989000.5,"Fst",0.0171358252576524,0,0.0411050011771431,0.0741154481657044
"1985001","1995000",1990000.5,"Fst",0.070881083707239,0,0.0428650067334631,0.0967322161083845
"1986001","1996000",1991000.5,"Fst",0.0721512727272727,0,0.0436255719696472,0.0981955461976385
"1987001","1997000",1992000.5,"Fst",0.075272245953914,0,0.0446713348923612,0.102141520548895
"1988001","1998000",1993000.5,"Fst",0.0871024292511896,0,0.0456965387194871,0.0960562132350329
"1989001","1999000",1994000.5,"Fst",0.0647496001756094,0,0.0427691169845972,0.0780491452081707
"1990001","2e+06",1995000.5,"Fst",0.0509457713309158,0,0.0405345088649899,0.0722133911528203
"1991001","2001000",1996000.5,"Fst",0.0423329470838162,0,0.0413548089574719,0.0780800506771876
"1992001","2002000",1997000.5,"Fst",0.0478209658421673,0,0.0352709615717145,0.0766558909131192
"1993001","2003000",1998000.5,"Fst",0.0485740759806444,0,0.0342314284929059,0.0733155963925194
"1994001","2004000",1999000.5,"Fst",0.0826450433988124,0,0.0348070498507904,0.0704039634732704
"1995001","2005000",2000000.5,"Fst",0.0700308166409862,0,0.0354359826645906,0.0736723258342393
"1996001","2006000",2001000.5,"Fst",0.0603027472105279,0,0.0312221352636445,0.0628599508599508
"1997001","2007000",2002000.5,"Fst",0.0606996889909304,0,0.0314632752729694,0.0632789601909449
"1998001","2008000",2003000.5,"Fst",0.0616269073715883,0,0.0319561340768533,0.0641339633756566
"1999001","2009000",2004000.5,"Fst",0.0680510965714364,0,0.0332999478745152,0.0640593822332189
"2000001","2010000",2005000.5,"Fst",0.0768555851401039,0,0.0309730540021811,0.0656648127788915
"2001001","2011000",2006000.5,"Fst",0.0825784201851147,0,0.0292383629514634,0.0727405935437061
"2002001","2012000",2007000.5,"Fst",0.0918076980679947,0,0.0352195585196705,0.0869902071273978
"2003001","2013000",2008000.5,"Fst",0.0936798717655141,0,0.0353866856640155,0.0819060130092526
"2004001","2014000",2009000.5,"Fst",0.0431475378286703,0,0.0377830977524198,0.0782373015263405
"2005001","2015000",2010000.5,"Fst",0.0420568855957042,0,0.0367757528600871,0.0761748067585108
"2006001","2016000",2011000.5,"Fst",0.0561736186534378,0,0.038241503594684,0.0811953338865521
"2007001","2017000",2012000.5,"Fst",0.0541774091095916,0,0.0358235374765992,0.0768872261212302
"2008001","2018000",2013000.5,"Fst",0.0541774091095916,0,0.0358235374765992,0.0768872261212302
"2009001","2019000",2014000.5,"Fst",0.0624168898692297,0,0.0414710999361637,0.0872645648403224
"2010001","2020000",2015000.5,"Fst",0.0708483402039488,0,0.0421834450293116,0.0922345465360759
"2011001","2021000",2016000.5,"Fst",0.169264069264069,0,0.049886097586966,0.129387751482064
"2012001","2022000",2017000.5,"Fst",0.168887871154874,0,0.0467598827172019,0.118860864528048
"2013001","2023000",2018000.5,"Fst",0.18869109947644,0,0.0510244924426751,0.123538152544864
"2014001","2024000",2019000.5,"Fst",0.175471745839025,0,0.0459717681669095,0.114526622283556
"2015001","2025000",2020000.5,"Fst",0.174433664926623,0,0.0446312180455961,0.110850027919057
"2016001","2026000",2021000.5,"Fst",0.174433664926623,0,0.0445745879043108,0.11057428158095
"2017001","2027000",2022000.5,"Fst",0.173862714738627,0,0.0445222843018733,0.110337370896278
"2018001","2028000",2023000.5,"Fst",0.209340107113846,0,0.0547168041724557,0.109874027523302
"2019001","2029000",2024000.5,"Fst",0.228606272700761,0,0.0564747913334272,0.121273069793681
"2020001","2030000",2025000.5,"Fst",0.243658641732336,0,0.061056752360265,0.131066084542814
"2021001","2031000",2026000.5,"Fst",0.23610457421688,0,0.0584651961591011,0.118836697029231
"2022001","2032000",2027000.5,"Fst",0.244829186481954,0,0.0651642454667607,0.136478280723231
"2023001","2033000",2028000.5,"Fst",0.24276777700323,0,0.0646386123660695,0.135263983977044
"2024001","2034000",2029000.5,"Fst",0.256769723837488,0,0.0643614710828206,0.138932595998635
"2025001","2035000",2030000.5,"Fst",0.265175445225321,0,0.0665108652438898,0.147230708214083
"2026001","2036000",2031000.5,"Fst",0.263032701687055,0,0.0659089159854057,0.146324911977927
"2027001","2037000",2032000.5,"Fst",0.259647386448539,0,0.0650845338248985,0.140753809803861
"2028001","2038000",2033000.5,"Fst",0.228952656538863,0,0.0549341542623657,0.114590347923681
"2029001","2039000",2034000.5,"Fst",0.0317994762439207,0,0.0190614823256444,0.0307196969696969
"2030001","2040000",2035000.5,"Fst",0.0332355816226783,0,0.020069878882681,0.0323365231259968
"2031001","2041000",2036000.5,"Fst",0.027854180309976,0,0.0160416509848841,0.0238283945505804
"2032001","2042000",2037000.5,"Fst",0.0269881556683587,0,0.0156403136669037,0.02309220833811
"2033001","2043000",2038000.5,"Fst",0.0285165995010555,0,0.0146584101542312,0.0212986827641395
"2034001","2044000",2039000.5,"Fst",0.0279824561403507,0,0.0167736186676348,0.0252579858365335
"2035001","2045000",2040000.5,"Fst",0.0261743589743589,0,0.0157054914062836,0.0236545465905624
"2036001","2046000",2041000.5,"Fst",0.0277504371496042,0,0.015122245347616,0.0231422773409502
"2037001","2047000",2042000.5,"Fst",0.0142906830137819,0,0.0138356997663577,0.0205189420116856
"2038001","2048000",2043000.5,"Fst",0.0138054138054139,0,0.0133833581944479,0.0197544305328736
"2039001","2049000",2044000.5,"Fst",0.0132896678593811,0,0.0121516941523684,0.0181736392262709
"2040001","2050000",2045000.5,"Fst",0.0132896678593811,0,0.0121516941523684,0.0181736392262709
"2041001","2051000",2046000.5,"Fst",0.0135815991237678,0,0.00999109174927138,0.0139754958794222
"2042001","2052000",2047000.5,"Fst",0.0158927403531719,0,0.0355711222421623,0.101817103758811
"2043001","2053000",2048000.5,"Fst",0.0129968890425164,0,0.0375097494071377,0.1083313054409
"2044001","2054000",2049000.5,"Fst",0.0148899880607197,0,0.0327016304350553,0.0916107807161837
"2045001","2055000",2050000.5,"Fst",0.0135632855890091,0,0.031730464729351,0.0884839115396709
"2046001","2056000",2051000.5,"Fst",0.0125616021809793,0,0.0327813879508456,0.0932079968224546
"2047001","2057000",2052000.5,"Fst",0.0113102034841167,0,0.0324235893111083,0.089987734813763
"2048001","2058000",2053000.5,"Fst",0.0113102034841167,0,0.032559347768889,0.0903551983406793
"2049001","2059000",2054000.5,"Fst",0.0208214351674268,0,0.0333627349987122,0.0973447772585462
"2050001","2060000",2055000.5,"Fst",0.0293116579890375,0,0.0301914319446788,0.0861850002609557
"2051001","2061000",2056000.5,"Fst",0.0303645457220038,0,0.0324154356591029,0.0911880614583569
"2052001","2062000",2057000.5,"Fst",0.0317261106641639,0,0.0192799953447703,0.0331644788205603
"2053001","2063000",2058000.5,"Fst",0.030485642450708,0,0.0176367921326318,0.026427436092532
"2054001","2064000",2059000.5,"Fst",0.0293670958758595,0,0.0165639197542605,0.0275104542590364
"2055001","2065000",2060000.5,"Fst",0.134439559400558,0,0.0310910787396032,0.0727126883811376
"2056001","2066000",2061000.5,"Fst",0.149647266313933,0,0.0409153193447992,0.101991740289613
"2057001","2067000",2062000.5,"Fst",0.150167076476893,0,0.0410865426969881,0.101378147755513
"2058001","2068000",2063000.5,"Fst",0.147242828882295,0,0.0403060395251316,0.0995138095156861
"2059001","2069000",2064000.5,"Fst",0.14594696969697,0,0.0418394801816282,0.100211982207395
"2060001","2070000",2065000.5,"Fst",0.149192283849324,0,0.04457069258845,0.107388781431335
"2061001","2071000",2066000.5,"Fst",0.129670462076029,0,0.0429008590235554,0.0968462569058693
"2062001","2072000",2067000.5,"Fst",0.134182767731814,0,0.044515361414762,0.0984215988475658
"2063001","2073000",2068000.5,"Fst",0.1494452756021,0,0.0491298745911881,0.106205633157774
"2064001","2074000",2069000.5,"Fst",0.151838753669417,0,0.0490830986763586,0.0972470404288588
"2065001","2075000",2070000.5,"Fst",0.115984735099552,0,0.0421754008643761,0.0956978683844424
"2066001","2076000",2071000.5,"Fst",0.0803790382042109,0,0.0428457798879694,0.106179257967519
"2067001","2077000",2072000.5,"Fst",0.0828170282209278,0,0.0442598759985786,0.109607555042116
"2068001","2078000",2073000.5,"Fst",0.106370189591666,0,0.0401102530142184,0.0939959616572572
"2069001","2079000",2074000.5,"Fst",0.109792780748663,0,0.0383886669624701,0.0879092452525809
"2070001","2080000",2075000.5,"Fst",0.105146166790592,0,0.036233656815007,0.0811796814080429
"2071001","2081000",2076000.5,"Fst",0.15002759090322,0,0.0403658791677626,0.0777856663640787
"2072001","2082000",2077000.5,"Fst",0.140660540345745,0,0.0370959031034294,0.0715722986591159
"2073001","2083000",2078000.5,"Fst",0.140660540345745,0,0.0370959031034294,0.0715722986591159
"2074001","2084000",2079000.5,"Fst",0.135973499035297,0,0.0355346077383607,0.0601515877510128
"2075001","2085000",2080000.5,"Fst",0.136196667732424,0,0.0355364346741485,0.0601515877510128
"2076001","2086000",2081000.5,"Fst",0.134661550570641,0,0.034771236627119,0.0584649141677064
"2077001","2087000",2082000.5,"Fst",0.134661550570641,0,0.034771236627119,0.0584649141677064
"2078001","2088000",2083000.5,"Fst",0.122827338256912,0,0.0339209678309124,0.0738154350007922
"2079001","2089000",2084000.5,"Fst",0.126640766640767,0,0.0360200469134418,0.0822395736506165
"2080001","2090000",2085000.5,"Fst",0.132471656839557,0,0.0396622730281906,0.0890490583585212
"2081001","2091000",2086000.5,"Fst",0.0301588485345664,0,0.0210958513581996,0.0389972277984897
"2082001","2092000",2087000.5,"Fst",0.00569732411837676,0,0.0120518708273051,0.0133333333333333
"2083001","2093000",2088000.5,"Fst",0.00737313968083186,0,0.00843290887691983,0.0131677201543945
"2084001","2094000",2089000.5,"Fst",0.0123672623672623,0,0.0135128022337187,0.0176915283298262
"2085001","2095000",2090000.5,"Fst",0.0480583789418816,0,0.0236618828195642,0.0429452251218811
"2086001","2096000",2091000.5,"Fst",0.0572215663124754,0,0.0280143321389884,0.0475797674285386
"2087001","2097000",2092000.5,"Fst",0.0469201822142998,0,0.0354382185791394,0.079718774460472
"2088001","2098000",2093000.5,"Fst",0.21332504092589,0,0.0346334529244943,0.125025919014189
"2089001","2099000",2094000.5,"Fst",0.21332504092589,0,0.0346334529244943,0.125025919014189
"2090001","2100000",2095000.5,"Fst",0.215035270503462,0,0.0351204085175629,0.126401768992983
"2091001","2101000",2096000.5,"Fst",0.19874271196378,0,0.0392528482033597,0.114160871856776
"2092001","2102000",2097000.5,"Fst",0.193519643580397,0,0.0378242850781393,0.115410880199613
"2093001","2103000",2098000.5,"Fst",0.188247694334651,0,0.0371935474526404,0.104394599537411
"2094001","2104000",2099000.5,"Fst",0.190103905649661,0,0.0381501468485231,0.105286826807064
"2095001","2105000",2100000.5,"Fst",0.194238507281985,0,0.0401965785977429,0.111459397344229
"2096001","2106000",2101000.5,"Fst",0.185174341669975,0,0.038975165035185,0.0985317444880988
"2097001","2107000",2102000.5,"Fst",0.203818579116553,0,0.0406360073188036,0.102792316152767
"2098001","2108000",2103000.5,"Fst",0.116623508154082,0,0.0388162442707748,0.0833425580000922
"2099001","2109000",2104000.5,"Fst",0.10844955308106,0,0.0370425410683887,0.0873108265424912
"2100001","2110000",2105000.5,"Fst",0.105804024177518,0,0.0364400422265428,0.08710407239819
"2101001","2111000",2106000.5,"Fst",0.0911002652385564,0,0.0385903750905802,0.0758815592750611
"2102001","2112000",2107000.5,"Fst",0.092381101785761,0,0.0399552549575411,0.0784288794983982
"2103001","2113000",2108000.5,"Fst",0.0848173569282968,0,0.0341663032062235,0.0863665956439393
"2104001","2114000",2109000.5,"Fst",0.0860549212816017,0,0.0345946668002918,0.087412299421195
"2105001","2115000",2110000.5,"Fst",0.0860549212816017,0,0.0345946668002918,0.087412299421195
"2106001","2116000",2111000.5,"Fst",0.052857721929469,0,0.0371643075627546,0.0717664747515494
"2107001","2117000",2112000.5,"Fst",0.0378697234656737,0,0.0294477495598786,0.0592153284671532
"2108001","2118000",2113000.5,"Fst",0.021287779237845,0,0.0296251109449132,0.0701934392468373
"2109001","2119000",2114000.5,"Fst",0.014229986431479,0,0.0155725905592775,0.0280067758328628
"2110001","2120000",2115000.5,"Fst",0.048959766858253,0,0.0259664863438448,0.04869957323456
"2111001","2121000",2116000.5,"Fst",0.0669948283382142,0,0.0365115072565676,0.0661327822268147
"2112001","2122000",2117000.5,"Fst",0.0994597823130703,0,0.0376506084514831,0.0801882384920533
"2113001","2123000",2118000.5,"Fst",0.102363448569172,0,0.0397996736553853,0.0823931984817097
"2114001","2124000",2119000.5,"Fst",0.100315570110152,0,0.0389967653275724,0.0809538317268321
"2115001","2125000",2120000.5,"Fst",0.0966886657101867,0,0.0375751049722601,0.0778454435710916
"2116001","2126000",2121000.5,"Fst",0.0950843727072633,0,0.0368576631494166,0.0765593454468176
"2117001","2127000",2122000.5,"Fst",0.09589986851703,0,0.0332687109944036,0.0680705136728271
"2118001","2128000",2123000.5,"Fst",0.0819553256432892,0,0.0264660382756047,0.06070391074384
"2119001","2129000",2124000.5,"Fst",0.0798158387515433,0,0.0254337831645432,0.0591774103696628
"2120001","2130000",2125000.5,"Fst",0.0712140779295322,0,0.0243649844872407,0.0554873054873054
"2121001","2131000",2126000.5,"Fst",0.108203129060762,0,0.0306295454545455,0.0675626561671842
"2122001","2132000",2127000.5,"Fst",0.100737665321896,0,0.0260132910101741,0.0549769736909343
"2123001","2133000",2128000.5,"Fst",0.17111074743838,0,0.0282034335719827,0.0642694838728716
"2124001","2134000",2129000.5,"Fst",0.170305017979437,0,0.0278461410962092,0.0640494052743467
"2125001","2135000",2130000.5,"Fst",0.169509315375982,0,0.0277324194184024,0.0633519067914814
"2126001","2136000",2131000.5,"Fst",0.168114586950908,0,0.0275149656650875,0.0628702195546701
"2127001","2137000",2132000.5,"Fst",0.17504107913944,0,0.0304742995378296,0.0653883001977078
"2128001","2138000",2133000.5,"Fst",0.240732596779488,0,0.0373399885501531,0.0708016361110302
"2129001","2139000",2134000.5,"Fst",0.249809642595214,0,0.0392531635755781,0.0735706285129266
"2130001","2140000",2135000.5,"Fst",0.288346998899656,0,0.0404549495116129,0.0969587155913572
"2131001","2141000",2136000.5,"Fst",0.304529971817515,0,0.0426383383511796,0.0905350049845184
"2132001","2142000",2137000.5,"Fst",0.309727816136044,0,0.0439431384084557,0.0917120116305471
"2133001","2143000",2138000.5,"Fst",0.298428731762065,0,0.0494929988718562,0.0942424376017978
"2134001","2144000",2139000.5,"Fst",0.303405933199337,0,0.0509341065537932,0.0966170767646749
"2135001","2145000",2140000.5,"Fst",0.288119206924068,0,0.0468358734500689,0.0897801908500039
"2136001","2146000",2141000.5,"Fst",0.290868810807461,0,0.0473925658725422,0.0907499598245065
"2137001","2147000",2142000.5,"Fst",0.284056525353284,0,0.0461118382431068,0.0883467455779762
"2138001","2148000",2143000.5,"Fst",0.247643691994972,0,0.0403713200829989,0.0982313585889025
"2139001","2149000",2144000.5,"Fst",0.244621013975853,0,0.039835532798771,0.0971229652620884
"2140001","2150000",2145000.5,"Fst",0.0268117366891699,0,0.0171537052313707,0.0325428194993412
"2141001","2151000",2146000.5,"Fst",0.0236767676767676,0,0.0181345772527784,0.0324442300181496
"2142001","2152000",2147000.5,"Fst",0.0236767676767676,0,0.0181345772527784,0.0324442300181496
"2143001","2153000",2148000.5,"Fst",0.0247644616799662,0,0.0188177472244451,0.0338827706998728
"2144001","2154000",2149000.5,"Fst",0.0235660957400087,0,0.0170514895133069,0.0300437757660759
"2145001","2155000",2150000.5,"Fst",0,0,0.0130324353582878,0.0137035701406418
"2146001","2156000",2151000.5,"Fst",0,0,0.0139287612971822,0.0146469318532223
"2147001","2157000",2152000.5,"Fst",0.300285530072764,0,0.0548846020454015,0.102160633143751
"2148001","2158000",2153000.5,"Fst",0.292398905442384,0,0.046943663759273,0.0888348312192336
"2149001","2159000",2154000.5,"Fst",0.263937621832359,0,0.0398116349520239,0.0752626073695369
"2150001","2160000",2155000.5,"Fst",0.259008422332205,0,0.0390444570551904,0.0738749173300253
"2151001","2161000",2156000.5,"Fst",0.259008422332205,0,0.0390444570551904,0.0738749173300253
"2152001","2162000",2157000.5,"Fst",0.259008422332205,0,0.0390444570551904,0.0738749173300253
"2153001","2163000",2158000.5,"Fst",0.232111049689822,0,0.0351054388040753,0.0643570435765453
"2154001","2164000",2159000.5,"Fst",0.231681100669492,0,0.0354811283412978,0.0644997581167794
"2155001","2165000",2160000.5,"Fst",0.225506712150852,0,0.0346086877015862,0.0640952392672117
"2156001","2166000",2161000.5,"Fst",0.218829643748015,0,0.0338325325555898,0.0626586605831264
"2157001","2167000",2162000.5,"Fst",0.13941293815902,0,0.0260375837610208,0.0563381967826413
"2158001","2168000",2163000.5,"Fst",0.0247492345053321,0,0.0172730707136414,0.0394348894348893
"2159001","2169000",2164000.5,"Fst",0.0279739544202353,0,0.0199040765460351,0.0453102453102453
"2160001","2170000",2165000.5,"Fst",0.0277240490006447,0,0.021182215988092,0.0456166604314752
"2161001","2171000",2166000.5,"Fst",0.0277240490006447,0,0.0211844523973271,0.0456166604314752
"2162001","2172000",2167000.5,"Fst",0.0277240490006447,0,0.0211844523973271,0.0456166604314752
"2163001","2173000",2168000.5,"Fst",0.0454036770583534,0,0.0191726713389455,0.0405697352069593
"2164001","2174000",2169000.5,"Fst",0.0475313807531381,0,0.0199329396204133,0.0424442444244424
"2165001","2175000",2170000.5,"Fst",0.0213157213157212,0,0.0209637407152503,0.0373056809227019
"2166001","2176000",2171000.5,"Fst",0.0194533992406332,0,0.0194603712476579,0.0350064216043596
"2167001","2177000",2172000.5,"Fst",0.0194533992406332,0,0.0194603712476579,0.0350064216043596
"2168001","2178000",2173000.5,"Fst",0.021973034307836,0,0.020688139411731,0.0359778939950297
"2169001","2179000",2174000.5,"Fst",0.00296048037983521,0,0.0193077913863492,0.0356374807987713
"2170001","2180000",2175000.5,"Fst",0.00285521885521867,0,0.0186955052259502,0.0345238095238095
"2171001","2181000",2176000.5,"Fst",0.00510574890906046,0,0.0166249761668516,0.0266397578203834
"2172001","2182000",2177000.5,"Fst",0.135978749932238,0,0.029797296123059,0.0600149783779865
"2173001","2183000",2178000.5,"Fst",0.135646214798158,0,0.0303373647185445,0.0598992012171927
"2174001","2184000",2179000.5,"Fst",0.103905911258852,0,0.0330435028239877,0.0599171589597338
"2175001","2185000",2180000.5,"Fst",0.114627277280207,0,0.0335543762618364,0.0552386305091096
"2176001","2186000",2181000.5,"Fst",0.119045094280626,0,0.0351061767596664,0.0565185449507777
"2177001","2187000",2182000.5,"Fst",0.119045094280626,0,0.0351061767596664,0.0565185449507777
"2178001","2188000",2183000.5,"Fst",0.11663815396857,0,0.0347280081060768,0.0556702723783329
"2179001","2189000",2184000.5,"Fst",0.12241944697146,0,0.0367898941370534,0.0592265177170838
"2180001","2190000",2185000.5,"Fst",0.124035926346702,0,0.0373118742302167,0.0599369459589778
"2181001","2191000",2186000.5,"Fst",0.132267817238473,0,0.0401980006314729,0.066700168305854
"2182001","2192000",2187000.5,"Fst",0,0,0.0395225508595068,0.0821473101165817
"2183001","2193000",2188000.5,"Fst",0,0,0.0407357458192616,0.0871015818430875
"2184001","2194000",2189000.5,"Fst",0.00315581854043367,0,0.00774127832951377,0.00875643290575301
"2185001","2195000",2190000.5,"Fst",0.0420640834575259,0,0.0360935594627169,0.0917494532958451
"2186001","2196000",2191000.5,"Fst",0.0360781020365315,0,0.0327224539546676,0.0824825498276006
"2187001","2197000",2192000.5,"Fst",0.0351684335475421,0,0.0319776895361962,0.0806545783479298
"2188001","2198000",2193000.5,"Fst",0.0351935844343653,0,0.0303598795068097,0.0787748340051397
"2189001","2199000",2194000.5,"Fst",0.145731382695543,0,0.0370268692752347,0.10341548447026
"2190001","2200000",2195000.5,"Fst",0.142461019630701,0,0.0360750347980309,0.100855091669181
"2191001","2201000",2196000.5,"Fst",0.135624924702137,0,0.033212189268558,0.0912694400861305
"2192001","2202000",2197000.5,"Fst",0.133695740772091,0,0.032519902005938,0.0906994000241705
"2193001","2203000",2198000.5,"Fst",0.133053977272727,0,0.0310269328026677,0.0867298150433973
"2194001","2204000",2199000.5,"Fst",0.125181250208814,0,0.0290748521199525,0.0812979872439894
"2195001","2205000",2200000.5,"Fst",0.1384251794893,0,0.0271856199075508,0.0756866031542984
"2196001","2206000",2201000.5,"Fst",0.138008348725027,0,0.0270295101509752,0.0731263867346442
"2197001","2207000",2202000.5,"Fst",0.138224372526698,0,0.0270309789636574,0.0731263867346442
"2198001","2208000",2203000.5,"Fst",0.143310088726366,0,0.0287128323339583,0.0752314416491723
"2199001","2209000",2204000.5,"Fst",0.0310501205829925,0,0.0142882864439892,0.0223556811639712
"2200001","2210000",2205000.5,"Fst",0.0331583735740779,0,0.0153039253221186,0.0241041701935557
"2201001","2211000",2206000.5,"Fst",0.0220259232954546,0,0.0136228563914849,0.0273636656986125
"2202001","2212000",2207000.5,"Fst",0.0229800443458981,0,0.0136337979433858,0.0283043197936816
"2203001","2213000",2208000.5,"Fst",0.00554082852539106,0,0.0107616385854892,0.0158821415738413
"2204001","2214000",2209000.5,"Fst",0.00304258567142168,0,0.0120683608194423,0.0201820182018201
"2205001","2215000",2210000.5,"Fst",0,0,0.0141022577010381,0.0191307403936269
"2206001","2216000",2211000.5,"Fst",0,0,0.0163197354168828,0.0240771304601092
"2207001","2217000",2212000.5,"Fst",0.012162106898949,0,0.0159232506823849,0.0316596427854705
"2208001","2218000",2213000.5,"Fst",0.0114377606914919,0,0.0140160959103358,0.0294631458711282
"2209001","2219000",2214000.5,"Fst",0.00783124299805982,0,0.0164707873691634,0.0277103459664768
"2210001","2220000",2215000.5,"Fst",0.00177738927738924,0,0.0228712173376658,0.0388198973841097
"2211001","2221000",2216000.5,"Fst",0.00304681051762756,0,0.0207633667782136,0.0398940453631139
"2212001","2222000",2217000.5,"Fst",0.00929629751666727,0,0.020340033175856,0.0359654589156949
"2213001","2223000",2218000.5,"Fst",0.00888267288267297,0,0.019307478648827,0.0356204361883772
"2214001","2224000",2219000.5,"Fst",0.0117853598961911,0,0.0211375823296945,0.0394901322830601
"2215001","2225000",2220000.5,"Fst",0.0119171243634763,0,0.0196277266361606,0.0374577104700285
"2216001","2226000",2221000.5,"Fst",0.0118896474627701,0,0.0196845422569777,0.0374577104700285
"2217001","2227000",2222000.5,"Fst",0.00468335229427363,0,0.0186317930558895,0.0322908286403863
"2218001","2228000",2223000.5,"Fst",0.00307342962004586,0,0.0239382677464709,0.0395879372021621
"2219001","2229000",2224000.5,"Fst",0.00242320167906884,0,0.0214016023605694,0.0356416053553416
"2220001","2230000",2225000.5,"Fst",0.00515452396303462,0,0.0180026860397628,0.040662408002556
"2221001","2231000",2226000.5,"Fst",0.00531277689172416,0,0.0185150272205406,0.0418252293216642
"2222001","2232000",2227000.5,"Fst",0.000661703887510301,0,0.0198458045905851,0.0460359675785209
"2223001","2233000",2228000.5,"Fst",0.00310729802562826,0,0.0195934993765854,0.0442030280333338
"2224001","2234000",2229000.5,"Fst",0.0001809136137495,0,0.0210040650059068,0.0552233858393391
"2225001","2235000",2230000.5,"Fst",0.00164862722257275,0,0.020373151054167,0.0513859384427234
"2226001","2236000",2231000.5,"Fst",0.0094669149945531,0,0.0276283315404421,0.0539330784585715
"2227001","2237000",2232000.5,"Fst",0.0092428992115513,0,0.0316694790513402,0.0622201395397272
"2228001","2238000",2233000.5,"Fst",0.00791452764780542,0,0.0291100062800295,0.0569414230785636
"2229001","2239000",2234000.5,"Fst",0.0114405415815829,0,0.0290322755982393,0.0685690039248965
"2230001","2240000",2235000.5,"Fst",0.0121698417275951,0,0.0314441831575836,0.0777883914838502
"2231001","2241000",2236000.5,"Fst",0.0826037551636578,0,0.031381004176062,0.0662150408545774
"2232001","2242000",2237000.5,"Fst",0.0821745460980926,0,0.0307355336138869,0.0663477294709161
"2233001","2243000",2238000.5,"Fst",0.0843761645751421,0,0.0316465551207898,0.0693898247320273
"2234001","2244000",2239000.5,"Fst",0.0902233017870339,0,0.0326091997631409,0.0686074026983118
"2235001","2245000",2240000.5,"Fst",0.0935296917434275,0,0.0351094617129953,0.0735636996306325
"2236001","2246000",2241000.5,"Fst",0.112689771971209,0,0.0328464915328366,0.0759778139642254
"2237001","2247000",2242000.5,"Fst",0.116624267365008,0,0.0332262899517369,0.0772141800167279
"2238001","2248000",2243000.5,"Fst",0.132434532434532,0,0.037101200539182,0.0805010155721055
"2239001","2249000",2244000.5,"Fst",0.244391513387147,0,0.042067015345166,0.0995545267675763
"2240001","2250000",2245000.5,"Fst",0.248934910727499,0,0.0430000994127543,0.0877646359127842
"2241001","2251000",2246000.5,"Fst",0.230554102590926,0,0.041553658086677,0.0759717112411599
"2242001","2252000",2247000.5,"Fst",0.239770211676028,0,0.044795512093526,0.0803728158466865
"2243001","2253000",2248000.5,"Fst",0.235484507598184,0,0.0435999956456933,0.0789321477051406
"2244001","2254000",2249000.5,"Fst",0.231016456921588,0,0.0425404512182436,0.0772929549789054
"2245001","2255000",2250000.5,"Fst",0.235059169841779,0,0.0421258892289349,0.0781039517227954
"2246001","2256000",2251000.5,"Fst",0.227873955043121,0,0.0407563240256392,0.0756105834464043
"2247001","2257000",2252000.5,"Fst",0.223018547748721,0,0.0356649306094611,0.065947855375168
"2248001","2258000",2253000.5,"Fst",0.206736273122474,0,0.033180070124936,0.0577698208786603
"2249001","2259000",2254000.5,"Fst",0.149580010632642,0,0.0296896794653156,0.0623121208447088
"2250001","2260000",2255000.5,"Fst",0.107210866382679,0,0.0301459903301335,0.0765876122027833
"2251001","2261000",2256000.5,"Fst",0.103597669666536,0,0.0301584859529026,0.0750352909605241
"2252001","2262000",2257000.5,"Fst",0.103597669666536,0,0.0301584859529026,0.0750352909605241
"2253001","2263000",2258000.5,"Fst",0.103064483395819,0,0.0297132517146285,0.0723921060238431
"2254001","2264000",2259000.5,"Fst",0.120082787788801,0,0.0326378801759358,0.0816213833267593
"2255001","2265000",2260000.5,"Fst",0.119797576362728,0,0.0326090174085987,0.0809305588028992
"2256001","2266000",2261000.5,"Fst",0.123243218004389,0,0.0334784650961122,0.0827771254474974
"2257001","2267000",2262000.5,"Fst",0.0898884937393495,0,0.0241826461978758,0.0671519191602411
"2258001","2268000",2263000.5,"Fst",0.0968451395932313,0,0.0308083416992586,0.085160286344051
"2259001","2269000",2264000.5,"Fst",0.087872168323977,0,0.0278678107687988,0.077212389850641
"2260001","2270000",2265000.5,"Fst",0.086358400213254,0,0.027395497196069,0.0757040547930936
"2261001","2271000",2266000.5,"Fst",0.0940773215283018,0,0.030896655523315,0.0830619750666539
"2262001","2272000",2267000.5,"Fst",0.0940773215283018,0,0.030896655523315,0.0830619750666539
"2263001","2273000",2268000.5,"Fst",0.0935168099170254,0,0.0310596513265854,0.086021298264791
"2264001","2274000",2269000.5,"Fst",0.0320219592445148,0,0.0196209092990103,0.0363495746326372
"2265001","2275000",2270000.5,"Fst",0.0335347443526862,0,0.020529408411692,0.0382113821138212
"2266001","2276000",2271000.5,"Fst",0.286946353749557,0,0.0394038182340044,0.10187863886494
"2267001","2277000",2272000.5,"Fst",0.307172956159399,0,0.0457608032288877,0.115512614063339
"2268001","2278000",2273000.5,"Fst",0.308205261786924,0,0.0458059597804624,0.115839052617413
"2269001","2279000",2274000.5,"Fst",0.309411495305702,0,0.0454960389305911,0.115855438235042
"2270001","2280000",2275000.5,"Fst",0.297659453662229,0,0.0429551426064297,0.112129469077698
"2271001","2281000",2276000.5,"Fst",0.279039058435151,0,0.0408094724004649,0.157718951971826
"2272001","2282000",2277000.5,"Fst",0.279039058435151,0,0.0408094724004649,0.157718951971826
"2273001","2283000",2278000.5,"Fst",0.262199364695205,0,0.0407987193490025,0.146353619830322
"2274001","2284000",2279000.5,"Fst",0.257263644620593,0,0.0402279306703486,0.143900331439394
"2275001","2285000",2280000.5,"Fst",0.316742687472361,0,0.0482606544207822,0.15719296289586
"2276001","2286000",2281000.5,"Fst",0.262482336316533,0,0.039760197312114,0.14712818562191
"2277001","2287000",2282000.5,"Fst",0.238694638694639,0,0.0359274297794678,0.124862002928917
"2278001","2288000",2283000.5,"Fst",0.238694638694639,0,0.0359274297794678,0.124714486638537
"2279001","2289000",2284000.5,"Fst",0.23007399577167,0,0.0359359998544216,0.11915090485823
"2280001","2290000",2285000.5,"Fst",0.225193725193725,0,0.0357864881779942,0.116748618258052
"2281001","2291000",2286000.5,"Fst",0.189132255707437,0,0.0341122033154991,0.0616140133792197
"2282001","2292000",2287000.5,"Fst",0.187332744924978,0,0.0337639270409013,0.0608888379380182
"2283001","2293000",2288000.5,"Fst",0.204213944677479,0,0.0312347840852473,0.0660474758992434
"2284001","2294000",2289000.5,"Fst",0.202115127679193,0,0.0325704902327827,0.063946073966114
"2285001","2295000",2290000.5,"Fst",0.0303740982224757,0,0.030932096489279,0.0729961787045339
"2286001","2296000",2291000.5,"Fst",0.0322192126646855,0,0.0327719122779563,0.0770548542117976
"2287001","2297000",2292000.5,"Fst",0.195560527555346,0,0.0425941823579939,0.091992309150486
"2288001","2298000",2293000.5,"Fst",0.180175120351636,0,0.0383926163591858,0.083716995734418
"2289001","2299000",2294000.5,"Fst",0.196453819404639,0,0.0349104736409097,0.0746375650780936
"2290001","2300000",2295000.5,"Fst",0.174046463534631,0,0.0467827758334072,0.0896554885210586
"2291001","2301000",2296000.5,"Fst",0.152358457007072,0,0.0512021197488852,0.0960678096335782
"2292001","2302000",2297000.5,"Fst",0.122814601344861,0,0.0597880864344636,0.108986414025608
"2293001","2303000",2298000.5,"Fst",0.122814601344861,0,0.059786722678953,0.108859093448475
"2294001","2304000",2299000.5,"Fst",0.123839921433833,0,0.0601105272778916,0.109702654170486
"2295001","2305000",2300000.5,"Fst",0.131735783461634,0,0.0550658811303733,0.103984132901181
"2296001","2306000",2301000.5,"Fst",0.129023203993744,0,0.0529140658570414,0.0973036572212963
"2297001","2307000",2302000.5,"Fst",0.0358591950871806,0,0.0577398570692275,0.107461920795254
"2298001","2308000",2303000.5,"Fst",0.232475128700989,0,0.0454997171152257,0.078062478062478
"2299001","2309000",2304000.5,"Fst",0.212742963790061,0,0.0449961601934347,0.0779393107464489
"2300001","2310000",2305000.5,"Fst",0.228090392013137,0,0.0396281936856628,0.0695182336074375
"2301001","2311000",2306000.5,"Fst",0.240981099870206,0,0.0361422247426371,0.0771492297183997
"2302001","2312000",2307000.5,"Fst",0.293140435675031,0,0.0345848813192388,0.10153972373514
"2303001","2313000",2308000.5,"Fst",0.293140435675031,0,0.0345999594725331,0.10153972373514
"2304001","2314000",2309000.5,"Fst",0.294894481510674,0,0.0348309846313966,0.102114554358792
"2305001","2315000",2310000.5,"Fst",0.303321790432217,0,0.0363762218496334,0.108681013028839
"2306001","2316000",2311000.5,"Fst",0.316511757082022,0,0.0388242894103656,0.116973640169282
"2307001","2317000",2312000.5,"Fst",0.330441105816052,0,0.0396433288442331,0.120958827668195
"2308001","2318000",2313000.5,"Fst",0.0575710153174942,0,0.0240292576369254,0.053522959657929
"2309001","2319000",2314000.5,"Fst",0.0708562131380924,0,0.0323093584555462,0.0542522453278677
"2310001","2320000",2315000.5,"Fst",0.0527876263582435,0,0.0291173658979935,0.0846428599151244
"2311001","2321000",2316000.5,"Fst",0.0739707383463764,0,0.0346995480913283,0.105676045709036
"2312001","2322000",2317000.5,"Fst",0.0625787714395309,0,0.0348024564091003,0.114629253138482
"2313001","2323000",2318000.5,"Fst",0.0633810633810632,0,0.0353290416864704,0.115994903213103
"2314001","2324000",2319000.5,"Fst",0.0599172694770099,0,0.0324857421742386,0.108826815960148
"2315001","2325000",2320000.5,"Fst",0.061391178412455,0,0.0333725239347985,0.111566402552288
"2316001","2326000",2321000.5,"Fst",0.0603625565554118,0,0.0314309820793805,0.104172298572183
"2317001","2327000",2322000.5,"Fst",0.0596482087204872,0,0.0298933689386538,0.101882173097034
"2318001","2328000",2323000.5,"Fst",0.0549157924353874,0,0.032555003993525,0.105676163000361
"2319001","2329000",2324000.5,"Fst",0.0552426516168536,0,0.0293171713809283,0.0921181130874656
"2320001","2330000",2325000.5,"Fst",0.0674696736052577,0,0.027072163946021,0.0763149022039316
"2321001","2331000",2326000.5,"Fst",0.052327837658517,0,0.025612666452662,0.060733726971293
"2322001","2332000",2327000.5,"Fst",0.0587880165347956,0,0.0230374354456595,0.071047519339266
"2323001","2333000",2328000.5,"Fst",0.0558563675765115,0,0.0208343293435252,0.0611934952360484
"2324001","2334000",2329000.5,"Fst",0.0603938829637153,0,0.0224821688737412,0.0681018362059256
"2325001","2335000",2330000.5,"Fst",0.0588097637078687,0,0.0223992508754613,0.066347115342811
"2326001","2336000",2331000.5,"Fst",0.0580377358490566,0,0.0222061202907214,0.0698730564283166
"2327001","2337000",2332000.5,"Fst",0.0591458501208703,0,0.0237010249509495,0.074987490694297
"2328001","2338000",2333000.5,"Fst",0.0617218543046356,0,0.0250224263362585,0.0790794083821446
"2329001","2339000",2334000.5,"Fst",0.052308659719727,0,0.0197417747557838,0.044894942455918
"2330001","2340000",2335000.5,"Fst",0.0108409678177118,0,0.0109395066414686,0.0164773636218204
"2331001","2341000",2336000.5,"Fst",0.0158161930182654,0,0.0119931644919333,0.0174425456688275
"2332001","2342000",2337000.5,"Fst",0.0236054236054234,0,0.0154430262599192,0.0240157770026638
"2333001","2343000",2338000.5,"Fst",0.0199540531670497,0,0.0168565423096463,0.0245445553457423
"2334001","2344000",2339000.5,"Fst",0.0199138824138823,0,0.0160232257791477,0.023970764205556
"2335001","2345000",2340000.5,"Fst",0.0170340878370074,0,0.0173454679857357,0.0383263763190621
"2336001","2346000",2341000.5,"Fst",0.0149842798849422,0,0.0225082770845551,0.0491131992083165
"2337001","2347000",2342000.5,"Fst",0.0185706117781589,0,0.0227467979690757,0.0476445536445537
"2338001","2348000",2343000.5,"Fst",0.0437036125804732,0,0.0296434948192243,0.053765107535401
"2339001","2349000",2344000.5,"Fst",0.0437648824085853,0,0.0296503156639765,0.0553999561633995
"2340001","2350000",2345000.5,"Fst",0.0455623022321046,0,0.0314961737777175,0.0569038999256025
"2341001","2351000",2346000.5,"Fst",0.0452183487541955,0,0.0327065373592291,0.0599067207535969
"2342001","2352000",2347000.5,"Fst",0.026288914380397,0,0.0413018867104787,0.107221529152789
"2343001","2353000",2348000.5,"Fst",0.0259545887108825,0,0.0407845702639583,0.105730677350789
"2344001","2354000",2349000.5,"Fst",0.025863237900396,0,0.0408379295499419,0.106600974782793
"2345001","2355000",2350000.5,"Fst",0.0272848727758547,0,0.04371769789478,0.111109468002514
"2346001","2356000",2351000.5,"Fst",0.029937413925769,0,0.04934876750069,0.12172846677639
"2347001","2357000",2352000.5,"Fst",0.0290080106522346,0,0.0533343538862454,0.134312703090758
"2348001","2358000",2353000.5,"Fst",0.00154595601404117,0,0.0528492578561167,0.14142775286005
"2349001","2359000",2354000.5,"Fst",0.0166323024054982,0,0.0486232313142904,0.121720588838315
"2350001","2360000",2355000.5,"Fst",0.0178405295439363,0,0.0485837282775384,0.117928627638827
"2351001","2361000",2356000.5,"Fst",0.0167365407893439,0,0.0411379339333647,0.0995966490847037
"2352001","2362000",2357000.5,"Fst",0.0356251998720819,0,0.0362125406690886,0.100874717044407
"2353001","2363000",2358000.5,"Fst",0.0373825503355706,0,0.0379448867349954,0.106368056578753
"2354001","2364000",2359000.5,"Fst",0.0373995843801372,0,0.0385192063187293,0.108671973188102
"2355001","2365000",2360000.5,"Fst",0.0977443887274948,0,0.038236220809547,0.0817485196795542
"2356001","2366000",2361000.5,"Fst",0.0966428218591632,0,0.0378566650336055,0.0809345230397861
"2357001","2367000",2362000.5,"Fst",0.0966428218591632,0,0.0378566650336055,0.0809345230397861
"2358001","2368000",2363000.5,"Fst",0.0947736691964045,0,0.0370655469565286,0.0793542115717848
"2359001","2369000",2364000.5,"Fst",0.101250563584158,0,0.0386576509068945,0.0787423257311942
"2360001","2370000",2365000.5,"Fst",0.105392567756356,0,0.0385418919907195,0.0811786606363633
"2361001","2371000",2366000.5,"Fst",0.13202005730659,0,0.0484829689404901,0.0846830339572219
"2362001","2372000",2367000.5,"Fst",0.0951948990994544,0,0.039852248072456,0.0879131487662805
"2363001","2373000",2368000.5,"Fst",0.0527500835742237,0,0.0323229953920104,0.0748886270226772
"2364001","2374000",2369000.5,"Fst",0.0581278760732598,0,0.0317933520704819,0.0854975026371644
"2365001","2375000",2370000.5,"Fst",0.00648323728078326,0,0.0344994295095272,0.108728239845261
"2366001","2376000",2371000.5,"Fst",0.00648323728078326,0,0.0344518630647286,0.108728239845261
"2367001","2377000",2372000.5,"Fst",0.00748607936228829,0,0.0325833664286895,0.103171782976343
"2368001","2378000",2373000.5,"Fst",0.00799150216871736,0,0.0331143503178144,0.104687734012281
"2369001","2379000",2374000.5,"Fst",0.062473047475178,0,0.0331923135842315,0.0810841647545036
"2370001","2380000",2375000.5,"Fst",0.0620253262835893,0,0.0306581150745179,0.0775370486328533
"2371001","2381000",2376000.5,"Fst",0.0624735092864125,0,0.030895356766734,0.078084668096019
"2372001","2382000",2377000.5,"Fst",0.0742585715054631,0,0.0343157158405965,0.0920587875290703
"2373001","2383000",2378000.5,"Fst",0.123275276125743,0,0.038158693636638,0.0944251242772718
"2374001","2384000",2379000.5,"Fst",0.131254856254856,0,0.0379282406122124,0.0972317352116667
"2375001","2385000",2380000.5,"Fst",0.127358401658656,0,0.0368276825137107,0.0945198681052402
"2376001","2386000",2381000.5,"Fst",0.129407258450637,0,0.0373705600736231,0.0958566252263514
"2377001","2387000",2382000.5,"Fst",0.134139947570075,0,0.0376840287001074,0.0985213935001168
"2378001","2388000",2383000.5,"Fst",0.126966519340209,0,0.0395637122890647,0.0929317111744692
"2379001","2389000",2384000.5,"Fst",0.0637799866331074,0,0.0437868108294887,0.0791766214483364
"2380001","2390000",2385000.5,"Fst",0.0637978142076503,0,0.0582536330236747,0.109009061677872
"2381001","2391000",2386000.5,"Fst",0.0650779296771106,0,0.0499379845977232,0.105091239369168
"2382001","2392000",2387000.5,"Fst",0.0589571729758644,0,0.045567650552861,0.0934128361441136
"2383001","2393000",2388000.5,"Fst",0.0589571729758644,0,0.045567650552861,0.0934128361441136
"2384001","2394000",2389000.5,"Fst",0.0601367009885887,0,0.0435742805203711,0.0854077550285864
"2385001","2395000",2390000.5,"Fst",0.0618121513643902,0,0.0446240960010274,0.0873633531577457
"2386001","2396000",2391000.5,"Fst",0.0591541880549565,0,0.0336866995225256,0.0626807739291483
"2387001","2397000",2392000.5,"Fst",0.059292861637135,0,0.0337876088004416,0.0628237408296058
"2388001","2398000",2393000.5,"Fst",0.038949740994108,0,0.0222918350495449,0.059360872148596
"2389001","2399000",2394000.5,"Fst",0.0412477344271679,0,0.0193382805569136,0.0489838597798967
"2390001","2400000",2395000.5,"Fst",0.0413329019734714,0,0.0196396315720631,0.0492466565092263
"2391001","2401000",2396000.5,"Fst",0.0376020194473686,0,0.0204181137785377,0.0508640306409823
"2392001","2402000",2397000.5,"Fst",0.039970436067997,0,0.0213670053810417,0.0557751074424437
"2393001","2403000",2398000.5,"Fst",0.039970436067997,0,0.0213670053810417,0.0557751074424437
"2394001","2404000",2399000.5,"Fst",0.0371026094988838,0,0.0212290029992161,0.0594869074235477
"2395001","2405000",2400000.5,"Fst",0.0362433265659073,0,0.0207253453510777,0.0579646998006056
"2396001","2406000",2401000.5,"Fst",0.02347055460263,0,0.0140629398695838,0.0199025124029101
"2397001","2407000",2402000.5,"Fst",0.0241541629891143,0,0.0145304797445503,0.020837434693723
"2398001","2408000",2403000.5,"Fst",0.0308593178158395,0,0.0156492190580363,0.0240452616690239
"2399001","2409000",2404000.5,"Fst",0.00548554182470729,0,0.023967435754079,0.0431824903874595
"2400001","2410000",2405000.5,"Fst",0.00196018480771842,0,0.0206954796159005,0.0355051916525571
"2401001","2411000",2406000.5,"Fst",0.000716966336190006,0,0.0233481191224949,0.0398262980240451
"2402001","2412000",2407000.5,"Fst",0.000739286126833716,0,0.0240674468491149,0.0412726486656447
"2403001","2413000",2408000.5,"Fst",0.000716966336190006,0,0.0232188055715248,0.0398262980240451
"2404001","2414000",2409000.5,"Fst",0.000739286126833716,0,0.0240647071915071,0.04108613572784
"2405001","2415000",2410000.5,"Fst",0,0,0.0328702636148846,0.071019488565957
"2406001","2416000",2411000.5,"Fst",0,0,0.0311337574662755,0.066353957263048
"2407001","2417000",2412000.5,"Fst",0,0,0.0316911535076109,0.0676843624212045
"2408001","2418000",2413000.5,"Fst",0,0,0.0334436207694364,0.0708429015264083
"2409001","2419000",2414000.5,"Fst",0,0,0.0427146091142702,0.0932597669439774
"2410001","2420000",2415000.5,"Fst",0,0,0.0412380988520753,0.085581815524823
"2411001","2421000",2416000.5,"Fst",0.0136659481847765,0,0.0324225778526236,0.0636461262105591
"2412001","2422000",2417000.5,"Fst",0.013935326418548,0,0.0319844939456041,0.0621551334237901
"2413001","2423000",2418000.5,"Fst",0.013935326418548,0,0.0319844939456041,0.0621551334237901
"2414001","2424000",2419000.5,"Fst",0.013935326418548,0,0.0319820496827242,0.0622907164508909
"2415001","2425000",2420000.5,"Fst",0.0311981351981353,0,0.0205729201633645,0.0311584311584311
"2416001","2426000",2421000.5,"Fst",0.0318866080156401,0,0.0210486519602089,0.0324045827401532
"2417001","2427000",2422000.5,"Fst",0.0306852306852308,0,0.0194724188719415,0.0303911205073997
"2418001","2428000",2423000.5,"Fst",0.0309985096870342,0,0.0205650798046817,0.0305888452411811
"2419001","2429000",2424000.5,"Fst",0.0338827838827839,0,0.0185388211883053,0.0260627145049256
"2420001","2430000",2425000.5,"Fst",0.0405239527124438,0,0.019689617588706,0.0300291921775298
"2421001","2431000",2426000.5,"Fst",0.0312796208530804,0,0.0161160932818015,0.029142914291429
"2422001","2432000",2427000.5,"Fst",0.0253770260747005,0,0.0170589655719925,0.0338689057047094
"2423001","2433000",2428000.5,"Fst",0.0252741660964012,0,0.0170589655719925,0.0337342763237143
"2424001","2434000",2429000.5,"Fst",0.0272356680635136,0,0.0158120756763413,0.0275329472005372
"2425001","2435000",2430000.5,"Fst",0.0220894061724513,0,0.016362082116067,0.0295635948999687
"2426001","2436000",2431000.5,"Fst",0.020979020979021,0,0.0201260598933927,0.0310060048928757
"2427001","2437000",2432000.5,"Fst",0.0209124888023972,0,0.0203577378410838,0.0317264027584336
"2428001","2438000",2433000.5,"Fst",0.0194548615601247,0,0.0188236958605158,0.0292660498398764
"2429001","2439000",2434000.5,"Fst",0.0126664878877268,0,0.0194881673973446,0.0498330586196696
"2430001","2440000",2435000.5,"Fst",0.105477454961991,0,0.0296940000440668,0.0728305117292484
"2431001","2441000",2436000.5,"Fst",0.0984216195962718,0,0.0276748457365676,0.0642355141729358
"2432001","2442000",2437000.5,"Fst",0.0999061804485534,0,0.0271983111568852,0.0663467524528791
"2433001","2443000",2438000.5,"Fst",0.10006447453256,0,0.0271983111568852,0.0664853920563331
"2434001","2444000",2439000.5,"Fst",0.103336233144846,0,0.0290248325750125,0.0724282934789432
"2435001","2445000",2440000.5,"Fst",0.101970126191089,0,0.0286277882005598,0.0715836486570313
"2436001","2446000",2441000.5,"Fst",0.108224453307661,0,0.0307516554720861,0.0704787234042554
"2437001","2447000",2442000.5,"Fst",0.109774471053243,0,0.0312161815441629,0.0713708591435498
"2438001","2448000",2443000.5,"Fst",0.109757757212847,0,0.0307760422778206,0.0720872497197985
"2439001","2449000",2444000.5,"Fst",0.138134567322712,0,0.0330421289282047,0.0929854812462308
"2440001","2450000",2445000.5,"Fst",0.019914510342722,0,0.0149745905486491,0.0261160500908135
"2441001","2451000",2446000.5,"Fst",0.0137580571825938,0,0.017065812308103,0.0286740615008091
"2442001","2452000",2447000.5,"Fst",0.0209159261790839,0,0.0194620190327962,0.0237818918669981
"2443001","2453000",2448000.5,"Fst",0.00682903533906387,0,0.0315150935905543,0.0682648401826483
"2444001","2454000",2449000.5,"Fst",0.00404341926729979,0,0.0325661425606005,0.0710030974505599
"2445001","2455000",2450000.5,"Fst",0.00390077884678308,0,0.0311701118541541,0.0689336109183437
"2446001","2456000",2451000.5,"Fst",0.00846696839321281,0,0.0273563464660272,0.0596085185783233
"2447001","2457000",2452000.5,"Fst",0.0116208494322807,0,0.02307009552637,0.0488921628101799
"2448001","2458000",2453000.5,"Fst",0.00226149468324099,0,0.035664778177498,0.0815873483620647
"2449001","2459000",2454000.5,"Fst",0.00136337467943681,0,0.0375305144343018,0.0844754848999332
"2450001","2460000",2455000.5,"Fst",0.00133512717022222,0,0.0367734079156827,0.0825141966933011
"2451001","2461000",2456000.5,"Fst",0.00999945595995855,0,0.0329321355683473,0.0745314103602873
"2452001","2462000",2457000.5,"Fst",0.00788711791058438,0,0.0310305420943506,0.0683375814216935
"2453001","2463000",2458000.5,"Fst",0.013554745511003,0,0.0219139108714233,0.0434429767763099
"2454001","2464000",2459000.5,"Fst",0.0141150007029383,0,0.0227938047765893,0.0452477295207265
"2455001","2465000",2460000.5,"Fst",0.013554745511003,0,0.0219139108714233,0.0429534784464362
"2456001","2466000",2461000.5,"Fst",0.0365709524916686,0,0.0293711502078926,0.060299000134339
"2457001","2467000",2462000.5,"Fst",0.0385457231099772,0,0.0328938850989961,0.0701332984270349
"2458001","2468000",2463000.5,"Fst",0.0513705865999443,0,0.0377327904543077,0.0886278972108208
"2459001","2469000",2464000.5,"Fst",0.0465839762012807,0,0.0344308610081499,0.0807907930157319
"2460001","2470000",2465000.5,"Fst",0.0464487261666855,0,0.0343056602140947,0.0807907930157319
"2461001","2471000",2466000.5,"Fst",0.0424788166020394,0,0.037845798431642,0.086243895797018
"2462001","2472000",2467000.5,"Fst",0.0488186299507054,0,0.0405806978864104,0.093016997802395
"2463001","2473000",2468000.5,"Fst",0.0488186299507054,0,0.0405806978864104,0.093016997802395
"2464001","2474000",2469000.5,"Fst",0.0502537182852143,0,0.0418034069926796,0.0956597942899314
"2465001","2475000",2470000.5,"Fst",0.0546735198933943,0,0.0455095613627147,0.104573186103968
"2466001","2476000",2471000.5,"Fst",0.0956129982698666,0,0.0430698985142773,0.119363601086535
"2467001","2477000",2472000.5,"Fst",0.0956129982698666,0,0.0430698985142773,0.119363601086535
"2468001","2478000",2473000.5,"Fst",0.091191837236462,0,0.0385414452709882,0.10682564368412
"2469001","2479000",2474000.5,"Fst",0.0924444844286507,0,0.0369589252019927,0.10354609929078
"2470001","2480000",2475000.5,"Fst",0.107702265372168,0,0.0430771793731546,0.133262310606061
"2471001","2481000",2476000.5,"Fst",0.100814317261686,0,0.0379303835154561,0.121649087985722
"2472001","2482000",2477000.5,"Fst",0.0961644615165742,0,0.0351270949774381,0.112535016993018
"2473001","2483000",2478000.5,"Fst",0.0950709227339536,0,0.0347106654419719,0.111075554058416
"2474001","2484000",2479000.5,"Fst",0.0928696041448595,0,0.0324442484040136,0.104841157690899
"2475001","2485000",2480000.5,"Fst",0.0938688598767651,0,0.0328634997492837,0.105962086498853
"2476001","2486000",2481000.5,"Fst",0.0932951077406826,0,0.0454045510088648,0.110799381373544
"2477001","2487000",2482000.5,"Fst",0.089420294947933,0,0.0430640001286042,0.105528944339237
"2478001","2488000",2483000.5,"Fst",0.0899084338511433,0,0.0441546045562004,0.107803816200763
"2479001","2489000",2484000.5,"Fst",0.0909212828343788,0,0.0450064704557971,0.110451845184518
"2480001","2490000",2485000.5,"Fst",0.0713964775085318,0,0.0317412434393718,0.0874750362522642
"2481001","2491000",2486000.5,"Fst",0.0517478367022102,0,0.0320199118415154,0.0908615981319507
"2482001","2492000",2487000.5,"Fst",0.0438785952492746,0,0.0296919760892116,0.0813322455928778
"2483001","2493000",2488000.5,"Fst",0.0446971159188878,0,0.0287240501686071,0.0790306712463539
"2484001","2494000",2489000.5,"Fst",0.0368983648234819,0,0.0286261986020844,0.0749079726014631
"2485001","2495000",2490000.5,"Fst",0.0314307981478934,0,0.0271678535851349,0.066831568790008
"2486001","2496000",2491000.5,"Fst",0.00408955108058828,0,0.027139505040963,0.0691506280224596
"2487001","2497000",2492000.5,"Fst",0.00379766658836433,0,0.0270276591920151,0.0693525179856115
"2488001","2498000",2493000.5,"Fst",0.00773031001876134,0,0.0265315690794081,0.0661363636363635
"2489001","2499000",2494000.5,"Fst",0.00760589433428971,0,0.0251883506468443,0.0644206773618538
"2490001","2500000",2495000.5,"Fst",0.00743421644416919,0,0.0258539099429355,0.0654137529137531
"2491001","2501000",2496000.5,"Fst",0.00823214476924738,0,0.0260878436980351,0.0701288155612151
"2492001","2502000",2497000.5,"Fst",0.00856716774039612,0,0.0262505343033315,0.0585858585858586
"2493001","2503000",2498000.5,"Fst",0.0100306682667503,0,0.023982388922489,0.0538286943017562
"2494001","2504000",2499000.5,"Fst",0.0118517919807095,0,0.0255539328495683,0.0648509865107736
"2495001","2505000",2500000.5,"Fst",0.0165243871998404,0,0.0235997277570729,0.07445507094062
"2496001","2506000",2501000.5,"Fst",0.0127893205633222,0,0.0230127885797003,0.0658499622718078
"2497001","2507000",2502000.5,"Fst",0.0128825444527925,0,0.0229493872525087,0.0632737632737632
"2498001","2508000",2503000.5,"Fst",0.00880938328889957,0,0.0229197844299567,0.0598357232354171
"2499001","2509000",2504000.5,"Fst",0.00760166071988855,0,0.0250553615059079,0.0653198653198653
"2500001","2510000",2505000.5,"Fst",0.0113983875451764,0,0.021912123054338,0.0576409793297211
"2501001","2511000",2506000.5,"Fst",0.0303980196167326,0,0.0169198014433278,0.0362812165169372
"2502001","2512000",2507000.5,"Fst",0.0330198537095088,0,0.0179051544828613,0.0354553175956929
"2503001","2513000",2508000.5,"Fst",0.0300255415760098,0,0.0177662314721407,0.0367687730785904
"2504001","2514000",2509000.5,"Fst",0.0312786400591277,0,0.0185258389181744,0.038289392771797
"2505001","2515000",2510000.5,"Fst",0.0329213353355664,0,0.0200300322584786,0.0387635576776917
"2506001","2516000",2511000.5,"Fst",0.0411781818181819,0,0.0247865207585436,0.0477976546740263
"2507001","2517000",2512000.5,"Fst",0.0452242570457286,0,0.0223627893132633,0.0458186341022162
"2508001","2518000",2513000.5,"Fst",0.038071320944249,0,0.0202939824154928,0.0388602094088139
"2509001","2519000",2514000.5,"Fst",0.0387265702334194,0,0.0206406136757099,0.0393909830007391
"2510001","2520000",2515000.5,"Fst",0.0379888268156425,0,0.0186413519882086,0.0361436143614361
"2511001","2521000",2516000.5,"Fst",0.0154266449662867,0,0.0134963035419224,0.0208677722675483
"2512001","2522000",2517000.5,"Fst",0.0187604883976623,0,0.014525974904386,0.0239295816715568
"2513001","2523000",2518000.5,"Fst",0.0192099234508575,0,0.0149416447709168,0.0245872927989516
"2514001","2524000",2519000.5,"Fst",0.0180526577247889,0,0.0130485558443111,0.0223076923076924
"2515001","2525000",2520000.5,"Fst",0.0287423701412359,0,0.0288921851535244,0.0781825247676246
"2516001","2526000",2521000.5,"Fst",0.0253787183891752,0,0.0267058549198151,0.0678439926860001
"2517001","2527000",2522000.5,"Fst",0.0235357550519391,0,0.0271253369548761,0.0676371310606826
"2518001","2528000",2523000.5,"Fst",0.0303849303849304,0,0.0317409037794625,0.0841365770581763
"2519001","2529000",2524000.5,"Fst",0.0301136363636364,0,0.0314949723243927,0.0835126691794815
"2520001","2530000",2525000.5,"Fst",0.0304191862252742,0,0.0317427145048569,0.0843729526453542
"2521001","2531000",2526000.5,"Fst",0.0301063941851892,0,0.0328427396978901,0.0854917212926595
"2522001","2532000",2527000.5,"Fst",0.0249238703241093,0,0.0317330933817485,0.0907174933977776
"2523001","2533000",2528000.5,"Fst",0.0252025609120068,0,0.0321538046496438,0.092198317162782
"2524001","2534000",2529000.5,"Fst",0.0287662680689622,0,0.0340826563815,0.0923423393490097
"2525001","2535000",2530000.5,"Fst",0.0358122092367682,0,0.0343086931217913,0.0862427567798687
"2526001","2536000",2531000.5,"Fst",0.0388858456188819,0,0.0377793160501136,0.092439380102771
"2527001","2537000",2532000.5,"Fst",0.0536355288421404,0,0.0389419115100632,0.115422430887651
"2528001","2538000",2533000.5,"Fst",0.0522539283859312,0,0.0361513122821121,0.113261086440941
"2529001","2539000",2534000.5,"Fst",0.0542932714018449,0,0.0290858745816456,0.0843301659631619
"2530001","2540000",2535000.5,"Fst",0.0542565193566064,0,0.0291113168220583,0.0843301659631619
"2531001","2541000",2536000.5,"Fst",0.0532472873366866,0,0.0285732870979174,0.0826172228413325
"2532001","2542000",2537000.5,"Fst",0.0606395890750836,0,0.0316708818376334,0.08167483689174
"2533001","2543000",2538000.5,"Fst",0.0575186819652839,0,0.0341441790547064,0.0847296547985438
"2534001","2544000",2539000.5,"Fst",0.0589180988148209,0,0.0341128622601519,0.0898626250124677
"2535001","2545000",2540000.5,"Fst",0.055056408621575,0,0.0268017673628783,0.0609152808114093
"2536001","2546000",2541000.5,"Fst",0.0597895187525564,0,0.0342687774292006,0.0789652971240874
"2537001","2547000",2542000.5,"Fst",0.0438241022045649,0,0.0264422613726523,0.0587985324695968
"2538001","2548000",2543000.5,"Fst",0.043150224516684,0,0.0259035994986055,0.0600117775027122
"2539001","2549000",2544000.5,"Fst",0.0350105603180521,0,0.0352212946262885,0.0916407557404266
"2540001","2550000",2545000.5,"Fst",0.0327953330092368,0,0.0334119502552767,0.0894558125929977
"2541001","2551000",2546000.5,"Fst",0.0258540358540358,0,0.0277931468926955,0.0759675695107991
"2542001","2552000",2547000.5,"Fst",0.0229072266383574,0,0.0266406754482367,0.0758864961939517
"2543001","2553000",2548000.5,"Fst",0.0202209595959595,0,0.0222652490579565,0.0689719565036204
"2544001","2554000",2549000.5,"Fst",0.0188925282739015,0,0.0221075842336839,0.0667067656096005
"2545001","2555000",2550000.5,"Fst",0.0176459928197443,0,0.0225528384718688,0.0665882920507408
"2546001","2556000",2551000.5,"Fst",0.00237988190510452,0,0.0221680037624363,0.0433158831475264
"2547001","2557000",2552000.5,"Fst",0,0,0.0243272582917971,0.0548325874880069
"2548001","2558000",2553000.5,"Fst",0,0,0.0286797615465325,0.0677564982754197
"2549001","2559000",2554000.5,"Fst",0,0,0.0263674302661022,0.0654255444562108
"2550001","2560000",2555000.5,"Fst",0,0,0.0249396554808996,0.0647398785705471
"2551001","2561000",2556000.5,"Fst",0,0,0.0283060999947395,0.0828511988631954
"2552001","2562000",2557000.5,"Fst",0.0012280964505017,0,0.0286620292087022,0.086259509780484
"2553001","2563000",2558000.5,"Fst",0.00175791733762742,0,0.0247701512036797,0.0718564809391273
"2554001","2564000",2559000.5,"Fst",0.00299412030755308,0,0.0269587042829349,0.0766111904853845
"2555001","2565000",2560000.5,"Fst",0.00437429302851688,0,0.0296525501170695,0.0882300937113221
"2556001","2566000",2561000.5,"Fst",0.033764721450311,0,0.0292022164285311,0.0622682022252586
"2557001","2567000",2562000.5,"Fst",0.0328957314533421,0,0.0283337345948065,0.0606906173700732
"2558001","2568000",2563000.5,"Fst",0.046166892808684,0,0.0256805625111276,0.0798040936107351
"2559001","2569000",2564000.5,"Fst",0.0500005162356097,0,0.0257444368106055,0.0775452149958079
"2560001","2570000",2565000.5,"Fst",0.0480911988330385,0,0.0252600375024228,0.0752591738158749
"2561001","2571000",2566000.5,"Fst",0.0812876952619398,0,0.0280902529729585,0.0668735883093062
"2562001","2572000",2567000.5,"Fst",0.0820882773904612,0,0.0280799999665172,0.0668198418447422
"2563001","2573000",2568000.5,"Fst",0.0871420591164114,0,0.0280775547513883,0.0695358045325215
"2564001","2574000",2569000.5,"Fst",0.0724114254325734,0,0.0245349516201344,0.0638247206363149
"2565001","2575000",2570000.5,"Fst",0.0804804957191226,0,0.0243064372023,0.0641648358173504
"2566001","2576000",2571000.5,"Fst",0.0762234928035748,0,0.0260855832701058,0.0584681311954038
"2567001","2577000",2572000.5,"Fst",0.0771185349355781,0,0.0263950418926223,0.0592507754712479
"2568001","2578000",2573000.5,"Fst",0.0835662572425053,0,0.0258011224836001,0.0679112428122906
"2569001","2579000",2574000.5,"Fst",0.0838724816220279,0,0.0260697144662982,0.0691352854524148
"2570001","2580000",2575000.5,"Fst",0.0758551934699981,0,0.0258913465398321,0.0633500659215273
"2571001","2581000",2576000.5,"Fst",0.0442140020898643,0,0.021521911388248,0.049980407523511
"2572001","2582000",2577000.5,"Fst",0.0453381972146406,0,0.0225832362849874,0.051338504731915
"2573001","2583000",2578000.5,"Fst",0.0461842244233517,0,0.0234852758485204,0.0532647715145047
"2574001","2584000",2579000.5,"Fst",0.0540204389268131,0,0.0244641657578374,0.0642724348895839
"2575001","2585000",2580000.5,"Fst",0.0242424242424242,0,0.0206948079744248,0.0637466094478686
"2576001","2586000",2581000.5,"Fst",0.021143489578503,0,0.0184927776209372,0.0560935012302793
"2577001","2587000",2582000.5,"Fst",0.0235353535353535,0,0.0171496682821312,0.0566939125247617
"2578001","2588000",2583000.5,"Fst",0.00575795407256086,0,0.0154103725317528,0.0297777874507583
"2579001","2589000",2584000.5,"Fst",0.00650418013511711,0,0.0160841589595147,0.0303905589762163
"2580001","2590000",2585000.5,"Fst",0.0133219181701915,0,0.0168264989653606,0.0310629040659373
"2581001","2591000",2586000.5,"Fst",0.0319636363636364,0,0.0172540084156883,0.0380420310664403
"2582001","2592000",2587000.5,"Fst",0.0270630319476995,0,0.0161263132881548,0.0338632564167324
"2583001","2593000",2588000.5,"Fst",0.026766434192066,0,0.01592068277217,0.0335049940609901
"2584001","2594000",2589000.5,"Fst",0.0114858485081047,0,0.0291495542220603,0.0636678181958452
"2585001","2595000",2590000.5,"Fst",0.0106465041035354,0,0.0305306191218251,0.0681356851167286
"2586001","2596000",2591000.5,"Fst",0.0120280214659854,0,0.0337067998851556,0.0755191440463142
"2587001","2597000",2592000.5,"Fst",0.00501444065917356,0,0.0293626540190513,0.0653808613289305
"2588001","2598000",2593000.5,"Fst",0.0103709437134319,0,0.0270509904137447,0.0620459177049052
"2589001","2599000",2594000.5,"Fst",0.0104311066465761,0,0.0272293305308997,0.0624435417436013
"2590001","2600000",2595000.5,"Fst",0.0123090325648678,0,0.0260196608617953,0.0591509852805573
"2591001","2601000",2596000.5,"Fst",0.00105684869545253,0,0.0304303260965173,0.065700150378863
"2592001","2602000",2597000.5,"Fst",0.00410516749710133,0,0.0280978891538719,0.0664241784320043
"2593001","2603000",2598000.5,"Fst",0.00551460551460559,0,0.0268756840724154,0.0636200392045538
"2594001","2604000",2599000.5,"Fst",0.0155107376955783,0,0.0234579384690584,0.0597819220846691
"2595001","2605000",2600000.5,"Fst",0.015335187328347,0,0.0230024115005622,0.0569586201439988
"2596001","2606000",2601000.5,"Fst",0.0174170729375777,0,0.0228176454993286,0.0580737309399729
"2597001","2607000",2602000.5,"Fst",0.0275500402801016,0,0.015061102958874,0.0311263073775583
"2598001","2608000",2603000.5,"Fst",0.018818870523416,0,0.0156277137800158,0.0264447095023249
"2599001","2609000",2604000.5,"Fst",0.0380179942559054,0,0.0152208194159669,0.0287998799879988
"2600001","2610000",2605000.5,"Fst",0.0362894956856435,0,0.0149173107458218,0.0294350325382268
"2601001","2611000",2606000.5,"Fst",0.0362865461106325,0,0.0149821374412779,0.0313017180821298
"2602001","2612000",2607000.5,"Fst",0.0435997252118159,0,0.0160555748216751,0.0373958619426896
"2603001","2613000",2608000.5,"Fst",0.0427170042166436,0,0.0170506060626274,0.0382709650668602
"2604001","2614000",2609000.5,"Fst",0.053168044077135,0,0.0192341625336959,0.0380848930481283
"2605001","2615000",2610000.5,"Fst",0.0540852422983138,0,0.0267938249111408,0.0467126546960852
"2606001","2616000",2611000.5,"Fst",0.0552542016069612,0,0.0272303069120178,0.0475757640702
"2607001","2617000",2612000.5,"Fst",0.0534259795406291,0,0.0257668376290961,0.0419963864959896
"2608001","2618000",2613000.5,"Fst",0.038299046426961,0,0.0264414113442828,0.0633944029614306
"2609001","2619000",2614000.5,"Fst",0.0209571921946503,0,0.0267141999526948,0.0747876872965684
"2610001","2620000",2615000.5,"Fst",0.0206352068027823,0,0.0262393601141449,0.0720978867119988
"2611001","2621000",2616000.5,"Fst",0.0189093200435355,0,0.025852243555177,0.0693909086278039
"2612001","2622000",2617000.5,"Fst",0.0212027716312941,0,0.0237450265713847,0.063114728762042
"2613001","2623000",2618000.5,"Fst",0.0219572618616443,0,0.0252668356501756,0.062773128147374
"2614001","2624000",2619000.5,"Fst",0.0304069576632752,0,0.0232914124110015,0.0541124655145597
"2615001","2625000",2620000.5,"Fst",0.0290381592225828,0,0.0228797785465587,0.0553344300732778
"2616001","2626000",2621000.5,"Fst",0.027543831242968,0,0.0231723102319261,0.0576531891427237
"2617001","2627000",2622000.5,"Fst",0.0281417542803134,0,0.0231809855495741,0.0574490907393385
"2618001","2628000",2623000.5,"Fst",0.0361220611720945,0,0.0237134950389157,0.0659780076540656
"2619001","2629000",2624000.5,"Fst",0.036419687033442,0,0.0239087102108062,0.0665835053897414
"2620001","2630000",2625000.5,"Fst",0.0372599090708806,0,0.0232288351501481,0.0679790332645875
"2621001","2631000",2626000.5,"Fst",0.0384097599894968,0,0.0240697440481612,0.0692319176475874
"2622001","2632000",2627000.5,"Fst",0.039914732838069,0,0.021873715376581,0.0464331815040009
"2623001","2633000",2628000.5,"Fst",0.0439694038496433,0,0.0240095550751663,0.0436722923462393
"2624001","2634000",2629000.5,"Fst",0.0324311399273461,0,0.0157279392849654,0.0286359554842044
"2625001","2635000",2630000.5,"Fst",0.034614445682747,0,0.0157400479173076,0.0271465103772238
"2626001","2636000",2631000.5,"Fst",0.0332981497018414,0,0.0137558062273096,0.0255240842973524
"2627001","2637000",2632000.5,"Fst",0.0313569670668243,0,0.0142985938771424,0.0238709799685408
"2628001","2638000",2633000.5,"Fst",0.0258810585577678,0,0.0126595878805815,0.0234300105613778
"2629001","2639000",2634000.5,"Fst",0,0,0.0441830766346144,0.120416222730157
"2630001","2640000",2635000.5,"Fst",0,0,0.0454656635768692,0.12401028277635
"2631001","2641000",2636000.5,"Fst",0,0,0.0460722719672559,0.125087585106283
"2632001","2642000",2637000.5,"Fst",0,0,0.0453677142357483,0.125521107023997
"2633001","2643000",2638000.5,"Fst",0,0,0.0445161912941478,0.127366385449499
"2634001","2644000",2639000.5,"Fst",0,0,0.0446374402383932,0.125235895443273
"2635001","2645000",2640000.5,"Fst",0,0,0.043567342554232,0.120504750771813
"2636001","2646000",2641000.5,"Fst",0,0,0.0435091983889826,0.117097967556141
"2637001","2647000",2642000.5,"Fst",0,0,0.0357698943422186,0.0859909296607927
"2638001","2648000",2643000.5,"Fst",0,0,0.0413037778711058,0.10574926840487
"2639001","2649000",2644000.5,"Fst",0,0,0.0529156772967798,0.164070349895628
"2640001","2650000",2645000.5,"Fst",0,0,0.0537593337944464,0.16744167802236
"2641001","2651000",2646000.5,"Fst",0,0,0.0588216343316411,0.175669961569231
"2642001","2652000",2647000.5,"Fst",0,0,0.0608074865455289,0.181865776227111
"2643001","2653000",2648000.5,"Fst",0,0,0.0642227736289143,0.189354051870374
"2644001","2654000",2649000.5,"Fst",0,0,0.0646982048746553,0.191255337729697
"2645001","2655000",2650000.5,"Fst",0,0,0.0654826570756741,0.190352023270551
"2646001","2656000",2651000.5,"Fst",0,0,0.0656083774105608,0.187245227682461
"2647001","2657000",2652000.5,"Fst",0,0,0.0667793928285393,0.187244959625505
"2648001","2658000",2653000.5,"Fst",0,0,0.0655944756800877,0.17140183685925
"2649001","2659000",2654000.5,"Fst",0,0,0.0608553434927748,0.151010517340559
"2650001","2660000",2655000.5,"Fst",0,0,0.0578345043693322,0.146524811621927
"2651001","2661000",2656000.5,"Fst",0,0,0.0551722242193016,0.134820770930139
"2652001","2662000",2657000.5,"Fst",0,0,0.0496112041124326,0.111554838369791
"2653001","2663000",2658000.5,"Fst",0,0,0.0467806501519815,0.0882230843431306
"2654001","2664000",2659000.5,"Fst",0.00351787286854999,0,0.045139763027425,0.083868971215888
"2655001","2665000",2660000.5,"Fst",0.00856840160538064,0,0.0450821938740943,0.0774260754954763
"2656001","2666000",2661000.5,"Fst",0.0158898797403562,0,0.0486370342219943,0.0862353510258018
"2657001","2667000",2662000.5,"Fst",0.0327993857069613,0,0.0524012278143875,0.0914865584681209
"2658001","2668000",2663000.5,"Fst",0.0379278341205048,0,0.0552913989332417,0.0946927351943884
"2659001","2669000",2664000.5,"Fst",0.0500288161529442,0,0.0609382508168012,0.104363920769475
"2660001","2670000",2665000.5,"Fst",0.0524965071578763,0,0.0625384552238118,0.106648346390792
"2661001","2671000",2666000.5,"Fst",0.0527830147471177,0,0.0630480086593873,0.10735427090401
"2662001","2672000",2667000.5,"Fst",0.0533958949436357,0,0.0604409704580122,0.106282071026547
"2663001","2673000",2668000.5,"Fst",0.0536905770595246,0,0.055407598903899,0.104628835855168
"2664001","2674000",2669000.5,"Fst",0.0503345895136788,0,0.0471120981816164,0.0978312506162292
"2665001","2675000",2670000.5,"Fst",0.0516938813610097,0,0.0463859187674575,0.0971273480070068
"2666001","2676000",2671000.5,"Fst",0.0487326749388032,0,0.0437267347502779,0.0903800801830126
"2667001","2677000",2672000.5,"Fst",0.00736177530683879,0,0.0305508309543025,0.054877839207826
"2668001","2678000",2673000.5,"Fst",0,0,0.028634066169522,0.0580113599423137
"2669001","2679000",2674000.5,"Fst",0.0106034132825048,0,0.0275917035634244,0.0512245016274234
"2670001","2680000",2675000.5,"Fst",0.0347852330557483,0,0.0346880280790414,0.0721625538192719
"2671001","2681000",2676000.5,"Fst",0.0461800315692702,0,0.038437868348005,0.0884089976935819
"2672001","2682000",2677000.5,"Fst",0.0462258813900021,0,0.0387820304978798,0.0892034641245606
"2673001","2683000",2678000.5,"Fst",0.0452909365377523,0,0.0376332577840639,0.0874294754438053
"2674001","2684000",2679000.5,"Fst",0.0459141543974447,0,0.0335600433563077,0.0797705038936249
"2675001","2685000",2680000.5,"Fst",0.0431182273977035,0,0.0324448088171638,0.0753862589518667
"2676001","2686000",2681000.5,"Fst",0.0403371990126216,0,0.0312278922262545,0.071898032449464
"2677001","2687000",2682000.5,"Fst",0.0381576298672541,0,0.030114220756338,0.0692635099900875
"2678001","2688000",2683000.5,"Fst",0.038105442021622,0,0.029864501947452,0.0690332587398212
"2679001","2689000",2684000.5,"Fst",0.0368875767392541,0,0.0293956516712452,0.0691515796947106
"2680001","2690000",2685000.5,"Fst",0.0328392828314482,0,0.0298411616881808,0.0762557231349312
"2681001","2691000",2686000.5,"Fst",0.0089733790303359,0,0.0245413470999296,0.0396070122858778
"2682001","2692000",2687000.5,"Fst",0.00909275047415614,0,0.0243012037430857,0.0395937045357559
"2683001","2693000",2688000.5,"Fst",0.00793576210392144,0,0.0231832751931938,0.0373465755381592
"2684001","2694000",2689000.5,"Fst",0.00895171422064955,0,0.0364939853996693,0.0800598878279286
"2685001","2695000",2690000.5,"Fst",0.00833782647487369,0,0.0493044779495042,0.102114120330439
"2686001","2696000",2691000.5,"Fst",0.0112411995704528,0,0.0455387371083711,0.101220066254346
"2687001","2697000",2692000.5,"Fst",0.0122816135609484,0,0.0462792718088942,0.104490154562178
"2688001","2698000",2693000.5,"Fst",0.0127467982300544,0,0.0451300688868884,0.104524505852766
"2689001","2699000",2694000.5,"Fst",0.0147366049171154,0,0.0446917696800861,0.100503112348892
"2690001","2700000",2695000.5,"Fst",0.014580362297995,0,0.0439766484347853,0.0973227382573
"2691001","2701000",2696000.5,"Fst",0.0145793193020427,0,0.0439624363562462,0.0974987776775585
"2692001","2702000",2697000.5,"Fst",0.014524540149802,0,0.0437732510637241,0.0968173465637633
"2693001","2703000",2698000.5,"Fst",0.0162635327321237,0,0.0397541473056708,0.0952757695090087
"2694001","2704000",2699000.5,"Fst",0.0206097910248112,0,0.0370197706321794,0.0828769119505544
"2695001","2705000",2700000.5,"Fst",0.0656820626583235,0,0.0392852745509368,0.0858861097484233
"2696001","2706000",2701000.5,"Fst",0.171940284436869,0,0.040308488210439,0.113338318764936
"2697001","2707000",2702000.5,"Fst",0.169334824519359,0,0.0435981409421911,0.119612591634921
"2698001","2708000",2703000.5,"Fst",0.12564084587683,0,0.0473621177873695,0.118717748288328
"2699001","2709000",2704000.5,"Fst",0.114015545194988,0,0.0480579378449529,0.121193394856775
"2700001","2710000",2705000.5,"Fst",0.109842353610563,0,0.0474925468181331,0.120685795965224
"2701001","2711000",2706000.5,"Fst",0.0975833448840201,0,0.0443877340608963,0.117946057620063
"2702001","2712000",2707000.5,"Fst",0.0923170116811758,0,0.0444301519240606,0.111703524809471
"2703001","2713000",2708000.5,"Fst",0.0905141727876214,0,0.0434107345641013,0.109509295783861
"2704001","2714000",2709000.5,"Fst",0.0874772937001822,0,0.0430911797521845,0.106440988893784
"2705001","2715000",2710000.5,"Fst",0.0734024528615668,0,0.0432548378612176,0.105568229612906
"2706001","2716000",2711000.5,"Fst",0.0247944059174457,0,0.0445537236297109,0.100849160765618
"2707001","2717000",2712000.5,"Fst",0.0177242902869995,0,0.0451606385837736,0.0959339227337906
"2708001","2718000",2713000.5,"Fst",0.0101552633404,0,0.040435996730402,0.0834651227953803
"2709001","2719000",2714000.5,"Fst",0.0143340434681155,0,0.0413437682328319,0.0911133826328376
"2710001","2720000",2715000.5,"Fst",0.0169133618350858,0,0.0401219070309041,0.086240474405711
"2711001","2721000",2716000.5,"Fst",0.025003800442134,0,0.0336186896096416,0.0615804476759776
"2712001","2722000",2717000.5,"Fst",0.0201701543935794,0,0.033221756196406,0.0529714912368716
"2713001","2723000",2718000.5,"Fst",0.0230426614887431,0,0.0379397562318488,0.0797106999224617
"2714001","2724000",2719000.5,"Fst",0.0227198364008179,0,0.0327810033724724,0.101532205945713
"2715001","2725000",2720000.5,"Fst",0.0104778448727493,0,0.0488132309476599,0.127847216830991
"2716001","2726000",2721000.5,"Fst",0.0103119103119101,0,0.0494120034387628,0.128829894032348
"2717001","2727000",2722000.5,"Fst",0.0125148842069452,0,0.0443505904726347,0.113160636155289
"2718001","2728000",2723000.5,"Fst",0.0206864047573859,0,0.0457577159675195,0.105796700254678
"2719001","2729000",2724000.5,"Fst",0.0166069224892753,0,0.0419435237916682,0.104610836318153
"2720001","2730000",2725000.5,"Fst",0.0172735130975318,0,0.0401131043786744,0.100984014685375
"2721001","2731000",2726000.5,"Fst",0.0205660456004334,0,0.0360768201459357,0.0914707206226133
"2722001","2732000",2727000.5,"Fst",0.0185395092339855,0,0.0386661868010731,0.0700164259623604
"2723001","2733000",2728000.5,"Fst",0.0202017694134783,0,0.03495288926115,0.0761633218510747
"2724001","2734000",2729000.5,"Fst",0.0230893447658145,0,0.0356512157105563,0.0706787225046812
"2725001","2735000",2730000.5,"Fst",0.0362863800492531,0,0.0364710720282047,0.0890447383961448
"2726001","2736000",2731000.5,"Fst",0.0474747099844528,0,0.0380073142747862,0.0884064455475507
"2727001","2737000",2732000.5,"Fst",0.0500902322460122,0,0.0353641785692696,0.0902993551272427
"2728001","2738000",2733000.5,"Fst",0.0383398806817193,0,0.0374681933639067,0.0780659120501022
"2729001","2739000",2734000.5,"Fst",0.0485255670385096,0,0.0404774545388626,0.0953399217278944
"2730001","2740000",2735000.5,"Fst",0.0495897707330466,0,0.0432678445904975,0.100861300873344
"2731001","2741000",2736000.5,"Fst",0.0494235748004882,0,0.0426926740191401,0.100710130663832
"2732001","2742000",2737000.5,"Fst",0.0493736417924889,0,0.0419547721044882,0.0993624849021812
"2733001","2743000",2738000.5,"Fst",0.0530685758026026,0,0.0314176555767183,0.0700602478989985
"2734001","2744000",2739000.5,"Fst",0.0480149686277819,0,0.0238149606790958,0.0572592731560511
"2735001","2745000",2740000.5,"Fst",0.0468525854118148,0,0.0229899579835933,0.0530066449872222
"2736001","2746000",2741000.5,"Fst",0.0138408545890559,0,0.0131643916529486,0.024395793305693
"2737001","2747000",2742000.5,"Fst",0.00949277723471265,0,0.0144623265288028,0.0286193476951134
"2738001","2748000",2743000.5,"Fst",0.00939331861193138,0,0.0153723397986092,0.0297048763299471
"2739001","2749000",2744000.5,"Fst",0.0143556402495983,0,0.0151031794963368,0.0308162148572105
"2740001","2750000",2745000.5,"Fst",0.00196435667085537,0,0.0513585064706324,0.099652823524171
"2741001","2751000",2746000.5,"Fst",0,0,0.0570812846501721,0.110089156963657
"2742001","2752000",2747000.5,"Fst",0.00128328157455715,0,0.0547327130253077,0.101982504592285
"2743001","2753000",2748000.5,"Fst",0,0,0.0493413830322949,0.095419685864366
"2744001","2754000",2749000.5,"Fst",0,0,0.0501807472634256,0.0970186632921284
"2745001","2755000",2750000.5,"Fst",0,0,0.0502138195885373,0.0972811425013587
"2746001","2756000",2751000.5,"Fst",0,0,0.0504317543551149,0.0978472226251312
"2747001","2757000",2752000.5,"Fst",0,0,0.0507917346870887,0.0983974859855293
"2748001","2758000",2753000.5,"Fst",0,0,0.0507917346870887,0.0983974859855293
"2749001","2759000",2754000.5,"Fst",0,0,0.0516721943109781,0.099376882509052
"2750001","2760000",2755000.5,"Fst",0,0,0.0452869722120688,0.101272781344156
"2751001","2761000",2756000.5,"Fst",0.00748348134835208,0,0.0442087280816151,0.102594969988467
"2752001","2762000",2757000.5,"Fst",0,0,0.0444147756588082,0.0877717160386818
"2753001","2763000",2758000.5,"Fst",0.0305983814755745,0,0.0167476958092149,0.0341092557360398
"2754001","2764000",2759000.5,"Fst",0.0289967637540454,0,0.0160763203045958,0.0326842468297343
"2755001","2765000",2760000.5,"Fst",0.0320201710455035,0,0.0187168795487667,0.0407625760386593
"2756001","2766000",2761000.5,"Fst",0.0336795699972811,0,0.0196834730122016,0.0392989725360324
"2757001","2767000",2762000.5,"Fst",0.0335951681880435,0,0.0193646197381015,0.0409622759933582
"2758001","2768000",2763000.5,"Fst",0.0301948656017645,0,0.0224505808743744,0.0454042467378253
"2759001","2769000",2764000.5,"Fst",0.0304470616245981,0,0.0226141694543204,0.0457248721203902
"2760001","2770000",2765000.5,"Fst",0.0315939855326084,0,0.0228684975189008,0.0496999674038245
"2761001","2771000",2766000.5,"Fst",0.0226132029956336,0,0.02433591080743,0.0533753269079003
"2762001","2772000",2767000.5,"Fst",0.0250718648323965,0,0.0258143590414682,0.057717213734911
"2763001","2773000",2768000.5,"Fst",0.0230745521001529,0,0.0293900874871577,0.0662083318327171
"2764001","2774000",2769000.5,"Fst",0.0238090831442651,0,0.0303443608367282,0.0681234230602856
"2765001","2775000",2770000.5,"Fst",0.0174583674583675,0,0.0290541547726227,0.0870982770532968
"2766001","2776000",2771000.5,"Fst",0.0151955744847506,0,0.0288153274171345,0.0851660445204099
"2767001","2777000",2772000.5,"Fst",0.0151955744847506,0,0.0288153274171345,0.0851660445204099
"2768001","2778000",2773000.5,"Fst",0.0275202673432761,0,0.0204561826279779,0.0376683795385819
"2769001","2779000",2774000.5,"Fst",0.021164388515224,0,0.0183919769559911,0.0311005679380805
"2770001","2780000",2775000.5,"Fst",0.0180247428412565,0,0.0190811718410509,0.0323607683475875
"2771001","2781000",2776000.5,"Fst",0.0180565484092781,0,0.0188165111924045,0.0321419679961917
"2772001","2782000",2777000.5,"Fst",0.0187460906828496,0,0.0189417623965326,0.0321639009708581
"2773001","2783000",2778000.5,"Fst",0.017613347841857,0,0.0186867768451146,0.0338881480561689
"2774001","2784000",2779000.5,"Fst",0.0183393170501827,0,0.0180474096059182,0.0343556383232438
"2775001","2785000",2780000.5,"Fst",0.0173609575069429,0,0.018210186530261,0.0347233037755282
"2776001","2786000",2781000.5,"Fst",0.0178196305686347,0,0.018973617925868,0.037871971502766
"2777001","2787000",2782000.5,"Fst",0.027339814118485,0,0.0183543529038969,0.0432938880510395
"2778001","2788000",2783000.5,"Fst",0.0205033836928411,0,0.0175985089834408,0.0470195075177735
"2779001","2789000",2784000.5,"Fst",0.0179221564887925,0,0.0201829959000138,0.0315826391587158
"2780001","2790000",2785000.5,"Fst",0.0198957583463472,0,0.018875564917992,0.0302843461191133
"2781001","2791000",2786000.5,"Fst",0.0233235900559868,0,0.0193846565965609,0.041908221201911
"2782001","2792000",2787000.5,"Fst",0.0244474264619389,0,0.0198780668643295,0.041800290975789
"2783001","2793000",2788000.5,"Fst",0.0197951541501983,0,0.0232379249002795,0.0467243988631934
"2784001","2794000",2789000.5,"Fst",0.0157498081627875,0,0.0242997708666772,0.0606875930831523
"2785001","2795000",2790000.5,"Fst",0.0145740400534929,0,0.0226908879677454,0.0572840648050416
"2786001","2796000",2791000.5,"Fst",0.0253312473846597,0,0.0221069819760617,0.0500737657197639
"2787001","2797000",2792000.5,"Fst",0.0246823576239409,0,0.0225028683457222,0.0532435806127995
"2788001","2798000",2793000.5,"Fst",0.0258335916397289,0,0.0207110133407298,0.0486843053853363
"2789001","2799000",2794000.5,"Fst",0.0649757150566648,0,0.0205103125652509,0.0464938594467091
"2790001","2800000",2795000.5,"Fst",0.0654698481070051,0,0.0205884011449278,0.0473433298691873
"2791001","2801000",2796000.5,"Fst",0.0693275115688909,0,0.0222574295379211,0.0521220628072107
"2792001","2802000",2797000.5,"Fst",0.0693611126923587,0,0.0205993420493303,0.0532094535302233
"2793001","2803000",2798000.5,"Fst",0.0688580480195553,0,0.0209919686275424,0.0582579556451289
"2794001","2804000",2799000.5,"Fst",0.0773163394271676,0,0.020002458515606,0.0523529925804479
"2795001","2805000",2800000.5,"Fst",0.0810017592110807,0,0.0209538480327662,0.0574685060003817
"2796001","2806000",2801000.5,"Fst",0.0704093773410303,0,0.0191355916427647,0.0527166670760388
"2797001","2807000",2802000.5,"Fst",0.0514601027576806,0,0.0186032139480045,0.0380835886329036
"2798001","2808000",2803000.5,"Fst",0.0518645045615743,0,0.0192829608604474,0.0348093966873639
"2799001","2809000",2804000.5,"Fst",0.0212973656712313,0,0.0196477683918735,0.0342513827218198
"2800001","2810000",2805000.5,"Fst",0.02149243086652,0,0.0195850207851802,0.0343404302362189
"2801001","2811000",2806000.5,"Fst",0.0210437071168879,0,0.0198214628761194,0.0360992979734619
"2802001","2812000",2807000.5,"Fst",0.0210421226795364,0,0.0201924896770917,0.0370477995811307
"2803001","2813000",2808000.5,"Fst",0.0268027441087798,0,0.0204205428510683,0.0393069747192005
"2804001","2814000",2809000.5,"Fst",0.0269929901675949,0,0.0209780823234834,0.0402035794271811
"2805001","2815000",2810000.5,"Fst",0.0281601175562675,0,0.0210811868268615,0.0399935466009109
"2806001","2816000",2811000.5,"Fst",0.0256101061307746,0,0.0186810783302762,0.0377532020792666
"2807001","2817000",2812000.5,"Fst",0.0263004896111343,0,0.0214631355133788,0.0500016588995104
"2808001","2818000",2813000.5,"Fst",0.0305017323745381,0,0.0224349969600924,0.050814934771681
"2809001","2819000",2814000.5,"Fst",0.0131151799322581,0,0.0294790445607339,0.099369926497337
"2810001","2820000",2815000.5,"Fst",0.0121028163768353,0,0.0305034870468617,0.0929630373762889
"2811001","2821000",2816000.5,"Fst",0.0120603653489647,0,0.0309028599311957,0.0916993433965222
"2812001","2822000",2817000.5,"Fst",0.0126680738771873,0,0.030984340756569,0.0906807720105502
"2813001","2823000",2818000.5,"Fst",0.00740258207569999,0,0.0328266865698013,0.101095939313141
"2814001","2824000",2819000.5,"Fst",0.00734073830389226,0,0.0325738241594905,0.100295123637031
"2815001","2825000",2820000.5,"Fst",0.00584907027587933,0,0.0325503785416186,0.0919589922356315
"2816001","2826000",2821000.5,"Fst",0.00419610060137854,0,0.0316915898707179,0.0978669850213117
"2817001","2827000",2822000.5,"Fst",0.00354094056859877,0,0.032206882419477,0.0982971144758645
"2818001","2828000",2823000.5,"Fst",0,0,0.0352955508393995,0.102105138751004
"2819001","2829000",2824000.5,"Fst",0.0071925143487197,0,0.0216007691474042,0.0459025090604037
"2820001","2830000",2825000.5,"Fst",0.00754128825345435,0,0.0235052519838074,0.0461147802937411
"2821001","2831000",2826000.5,"Fst",0.00828519455166621,0,0.0248289178984534,0.0484174874743731
"2822001","2832000",2827000.5,"Fst",0.00667001506780518,0,0.0267512169494048,0.0501886523812914
"2823001","2833000",2828000.5,"Fst",0.00710117866728899,0,0.026891877131529,0.0507127709423263
"2824001","2834000",2829000.5,"Fst",0.00932931207812726,0,0.0239992099637357,0.044098155113738
"2825001","2835000",2830000.5,"Fst",0.0113609068080079,0,0.0275790858716702,0.0520022870801807
"2826001","2836000",2831000.5,"Fst",0.0146890791419915,0,0.0275104447883146,0.0568998284893154
"2827001","2837000",2832000.5,"Fst",0.0155094616810662,0,0.028745747893863,0.0601745577603804
"2828001","2838000",2833000.5,"Fst",0.0178192290071338,0,0.0321808302504443,0.0670182390417791
"2829001","2839000",2834000.5,"Fst",0.00143767774835746,0,0.0358434301831593,0.0855279837512782
"2830001","2840000",2835000.5,"Fst",0.00667484439598376,0,0.0330615444814547,0.0799944335768056
"2831001","2841000",2836000.5,"Fst",0.00848871658271133,0,0.031789537389144,0.0792792916313543
"2832001","2842000",2837000.5,"Fst",0.00871445460767839,0,0.0282133323370636,0.068867739298918
"2833001","2843000",2838000.5,"Fst",0.00873014017781304,0,0.0281633238479361,0.068867739298918
"2834001","2844000",2839000.5,"Fst",0,0,0.0353145876697014,0.091679464263236
"2835001","2845000",2840000.5,"Fst",0,0,0.040205120008906,0.132300699096517
"2836001","2846000",2841000.5,"Fst",0,0,0.0384998688155915,0.127103571847036
"2837001","2847000",2842000.5,"Fst",0,0,0.0365536797904594,0.121135187845956
"2838001","2848000",2843000.5,"Fst",0,0,0.0456513900694406,0.149686346986204
"2839001","2849000",2844000.5,"Fst",0,0,0.042803773765347,0.137015123243111
"2840001","2850000",2845000.5,"Fst",0,0,0.0417687529808897,0.134232729769465
"2841001","2851000",2846000.5,"Fst",0,0,0.041163265867473,0.133138968158596
"2842001","2852000",2847000.5,"Fst",0,0,0.0418622553177202,0.12955790049318
"2843001","2853000",2848000.5,"Fst",0,0,0.0405829022297589,0.126941402975688
"2844001","2854000",2849000.5,"Fst",0,0,0.0448710415150769,0.135593626662039
"2845001","2855000",2850000.5,"Fst",0,0,0.0478400479874229,0.126340302156821
"2846001","2856000",2851000.5,"Fst",0,0,0.0453601147129088,0.120828875945957
"2847001","2857000",2852000.5,"Fst",0,0,0.0449470641217788,0.11920354893438
"2848001","2858000",2853000.5,"Fst",0.0128326527885635,0,0.020496448809707,0.0491711743151282
"2849001","2859000",2854000.5,"Fst",0.0171622769753611,0,0.0198567010013006,0.0515242576010522
"2850001","2860000",2855000.5,"Fst",0.0118606547827099,0,0.018942176568244,0.0464832394743898
"2851001","2861000",2856000.5,"Fst",0.0244099670897977,0,0.0194940631236572,0.0395213340172876
"2852001","2862000",2857000.5,"Fst",0.0279659908436887,0,0.0257683633773332,0.0568414729822496
"2853001","2863000",2858000.5,"Fst",0.0200237475179853,0,0.0224909176929491,0.0483449125400347
"2854001","2864000",2859000.5,"Fst",0.0198635052138237,0,0.0223160283843929,0.047962770143767
"2855001","2865000",2860000.5,"Fst",0.0197058072625148,0,0.0221438402411793,0.0475866216583246
"2856001","2866000",2861000.5,"Fst",0.0199250404143372,0,0.0233464062809872,0.0508972931191424
"2857001","2867000",2862000.5,"Fst",0.0165922738511929,0,0.0246174424903284,0.0488397345240554
"2858001","2868000",2863000.5,"Fst",0.0172636049589497,0,0.022931432456889,0.0446197936201109
"2859001","2869000",2864000.5,"Fst",0.0172437486929764,0,0.0229070247061425,0.0446694105470913
"2860001","2870000",2865000.5,"Fst",0.0184609733700644,0,0.0242375191516592,0.0459594266500066
"2861001","2871000",2866000.5,"Fst",0.0259261495727786,0,0.0217026482677432,0.0430970408551731
"2862001","2872000",2867000.5,"Fst",0.0258496328546364,0,0.0271296683487134,0.0627600885529004
"2863001","2873000",2868000.5,"Fst",0.0456435724936307,0,0.0258125886857844,0.0613976942119079
"2864001","2874000",2869000.5,"Fst",0.0445226652225907,0,0.0243081861287101,0.0600073861696885
"2865001","2875000",2870000.5,"Fst",0.0321927019098783,0,0.0276762391759567,0.0648674459820568
"2866001","2876000",2871000.5,"Fst",0.0314010603461718,0,0.0261527246692041,0.0597666031466053
"2867001","2877000",2872000.5,"Fst",0.0307921934577564,0,0.0255594064827111,0.0572869338826786
"2868001","2878000",2873000.5,"Fst",0.0295688571504987,0,0.0233805110326394,0.0607720679291256
"2869001","2879000",2874000.5,"Fst",0.0296145990289638,0,0.0233805110326394,0.0607720679291256
"2870001","2880000",2875000.5,"Fst",0.028719940521971,0,0.0225503717606157,0.0584840819663753
"2871001","2881000",2876000.5,"Fst",0.010722954359318,0,0.0252376697286593,0.0652832534262949
"2872001","2882000",2877000.5,"Fst",0.0125454698616185,0,0.0258924547392568,0.0665481251726873
"2873001","2883000",2878000.5,"Fst",0.0123920180335558,0,0.0255366234975693,0.065758359057462
"2874001","2884000",2879000.5,"Fst",0.0125676921304299,0,0.0245239863124011,0.0661409038675493
"2875001","2885000",2880000.5,"Fst",0.0375749872413362,0,0.0154972806387839,0.0280806789118812
"2876001","2886000",2881000.5,"Fst",0.0255296462843632,0,0.0238704625992322,0.0469704541668559
"2877001","2887000",2882000.5,"Fst",0.0270914563239621,0,0.02657361975095,0.0516023963240855
"2878001","2888000",2883000.5,"Fst",0.0287587082604069,0,0.0263495616791192,0.0530955329865413
"2879001","2889000",2884000.5,"Fst",0.0257561983471074,0,0.0251052375183287,0.0751496809862569
"2880001","2890000",2885000.5,"Fst",0.0264648706824067,0,0.0250585582410225,0.0724125528279831
"2881001","2891000",2886000.5,"Fst",0.0258162914590138,0,0.0258388415428438,0.0779472669865092
"2882001","2892000",2887000.5,"Fst",0.0250927531777568,0,0.0266330829108509,0.0784761824890977
"2883001","2893000",2888000.5,"Fst",0.0250504076444289,0,0.0266330829108509,0.0784761824890977
"2884001","2894000",2889000.5,"Fst",0.0260772279759621,0,0.0289503757555799,0.0868285773035711
"2885001","2895000",2890000.5,"Fst",0.00474527010032688,0,0.0296882818578797,0.102199846019429
"2886001","2896000",2891000.5,"Fst",0.0135410044500953,0,0.022143618778603,0.0727988434176435
"2887001","2897000",2892000.5,"Fst",0.00533804789723624,0,0.025510958009006,0.0612403100775194
"2888001","2898000",2893000.5,"Fst",0.00458703984956965,0,0.0268318812934288,0.0659984726995039
"2889001","2899000",2894000.5,"Fst",0.00221142381498729,0,0.0305563181550977,0.0810520699957321
"2890001","2900000",2895000.5,"Fst",0,0,0.0352993809483817,0.0810138572466786
"2891001","2901000",2896000.5,"Fst",0.0104557942434946,0,0.0394758611466474,0.0846651653431315
"2892001","2902000",2897000.5,"Fst",0.012499013461532,0,0.0453764178061727,0.0826360649711673
"2893001","2903000",2898000.5,"Fst",0.00479414663734923,0,0.0466027985662643,0.0783049483247281
"2894001","2904000",2899000.5,"Fst",0.00281218353197776,0,0.047461425849325,0.0761867679245136
"2895001","2905000",2900000.5,"Fst",0.00591372261882983,0,0.0461437603898418,0.0733916344654599
"2896001","2906000",2901000.5,"Fst",0.00653293922095122,0,0.0448121296083819,0.073365308003562
"2897001","2907000",2902000.5,"Fst",0.00721829845137034,0,0.0447937594744048,0.0728934359021204
"2898001","2908000",2903000.5,"Fst",0.00882580855662951,0,0.0417885859006593,0.0652494992737711
"2899001","2909000",2904000.5,"Fst",0.0130910589899614,0,0.0394773390421786,0.0731078132134012
"2900001","2910000",2905000.5,"Fst",0.0143597284913842,0,0.0407957810257269,0.075954227642731
"2901001","2911000",2906000.5,"Fst",0.0176022301105028,0,0.0383419845024141,0.0985643822432529
"2902001","2912000",2907000.5,"Fst",0.020492530647608,0,0.0351834049203886,0.10206181889525
"2903001","2913000",2908000.5,"Fst",0.0304412017065796,0,0.03739916175487,0.100114706385893
"2904001","2914000",2909000.5,"Fst",0.0394369604191258,0,0.0397534149511887,0.106183832459492
"2905001","2915000",2910000.5,"Fst",0.0350821707605629,0,0.040701045235385,0.101881030617012
"2906001","2916000",2911000.5,"Fst",0.0346903096903097,0,0.0415653994103204,0.102248548940824
"2907001","2917000",2912000.5,"Fst",0.034092117813048,0,0.0410263946991027,0.10085987238593
"2908001","2918000",2913000.5,"Fst",0.0355083991549865,0,0.0362831998358621,0.103002526713813
"2909001","2919000",2914000.5,"Fst",0.0317360487826965,0,0.0364746042767683,0.094673291059438
"2910001","2920000",2915000.5,"Fst",0.0313453288889816,0,0.0354124700586694,0.0912038986906994
"2911001","2921000",2916000.5,"Fst",0.0292234333485727,0,0.0279521356830826,0.0608255937928639
"2912001","2922000",2917000.5,"Fst",0.0252198734877143,0,0.027220728711162,0.0645216334267265
"2913001","2923000",2918000.5,"Fst",0.0293655075441036,0,0.0270094236451197,0.0678651416689711
"2914001","2924000",2919000.5,"Fst",0.0172324813178144,0,0.0242664665848442,0.0507966093880864
"2915001","2925000",2920000.5,"Fst",0.0182599897605622,0,0.0230880091964819,0.0440614899193951
"2916001","2926000",2921000.5,"Fst",0.0226062918767137,0,0.0215348692131619,0.0422377885945349
"2917001","2927000",2922000.5,"Fst",0.0233316594445615,0,0.0216852581730814,0.0426561893963222
"2918001","2928000",2923000.5,"Fst",0.040810756572346,0,0.0199470937849649,0.0515733505105126
"2919001","2929000",2924000.5,"Fst",0.0387791707485601,0,0.0237660819100378,0.0477612080021719
"2920001","2930000",2925000.5,"Fst",0.0399669384609145,0,0.0248545715024641,0.049318646434509
"2921001","2931000",2926000.5,"Fst",0.0350802139037434,0,0.0231229354829555,0.0462870831030034
"2922001","2932000",2927000.5,"Fst",0.0335664335664336,0,0.022141447631198,0.0443150745347095
"2923001","2933000",2928000.5,"Fst",0.03475717256046,0,0.0208209741654638,0.0439260411266632
"2924001","2934000",2929000.5,"Fst",0.0357264419548157,0,0.0215886475069301,0.0446774621714893
"2925001","2935000",2930000.5,"Fst",0.0352311325872329,0,0.0226598067177532,0.0576487178672218
"2926001","2936000",2931000.5,"Fst",0.0671809313905554,0,0.0222853658788905,0.0481202527775489
"2927001","2937000",2932000.5,"Fst",0.057236546958562,0,0.0198368451097924,0.0399521358249888
"2928001","2938000",2933000.5,"Fst",0.0490726494327501,0,0.0171831598584381,0.0377553310886645
"2929001","2939000",2934000.5,"Fst",0.0525134087948157,0,0.0186353809562936,0.0434513775440469
"2930001","2940000",2935000.5,"Fst",0.0524172569993528,0,0.0190643809113772,0.0438182219969752
"2931001","2941000",2936000.5,"Fst",0.0617985506338367,0,0.0208678348974253,0.0520360855209356
"2932001","2942000",2937000.5,"Fst",0.064766845048535,0,0.0218554571895374,0.0544435521308787
"2933001","2943000",2938000.5,"Fst",0.0668000238137763,0,0.0235531199459014,0.0595513214879607
"2934001","2944000",2939000.5,"Fst",0.0522342484125925,0,0.020447680996151,0.0643845751848331
"2935001","2945000",2940000.5,"Fst",0.0548365374171825,0,0.0222165408648277,0.0720481007191853
"2936001","2946000",2941000.5,"Fst",0,0,0.0214887770761143,0.0739789391301731
"2937001","2947000",2942000.5,"Fst",0.000234475906606968,0,0.0296975439001212,0.104030743616053
"2938001","2948000",2943000.5,"Fst",0,0,0.0352832219979795,0.128622707605029
"2939001","2949000",2944000.5,"Fst",0,0,0.0250361737355416,0.0910943125180663
"2940001","2950000",2945000.5,"Fst",0,0,0.0236545461336145,0.0864574607965269
"2941001","2951000",2946000.5,"Fst",0.00544387320547157,0,0.0261652006922318,0.0737179776260527
"2942001","2952000",2947000.5,"Fst",0.00549598549598551,0,0.0264163599005205,0.0744172495056805
"2943001","2953000",2948000.5,"Fst",0.002723884999981,0,0.0269352360629576,0.0537679231381859
"2944001","2954000",2949000.5,"Fst",0.00801277890759078,0,0.0273468704170544,0.0662427200191552
"2945001","2955000",2950000.5,"Fst",0.0076497375149398,0,0.028360626359258,0.0542720437457279
"2946001","2956000",2951000.5,"Fst",0.0118516461744486,0,0.0264681511743775,0.0513513707145732
"2947001","2957000",2952000.5,"Fst",0.0132835816704993,0,0.0257495487058664,0.0491736480380067
"2948001","2958000",2953000.5,"Fst",0.0125202354074964,0,0.0246041508739904,0.0471520525808067
"2949001","2959000",2954000.5,"Fst",0.0138988492816801,0,0.0263471626202962,0.0521965929511103
"2950001","2960000",2955000.5,"Fst",0.0132601422756863,0,0.0269904983695843,0.0541565941116515
"2951001","2961000",2956000.5,"Fst",0.0126265942418274,0,0.0311747156599156,0.0553842199293659
"2952001","2962000",2957000.5,"Fst",0.0157761038750969,0,0.03008231747252,0.050472844714702
"2953001","2963000",2958000.5,"Fst",0.0274791154791155,0,0.0298141747802732,0.0524356578041411
"2954001","2964000",2959000.5,"Fst",0.0334041267374601,0,0.0308809114235032,0.0603507479207367
"2955001","2965000",2960000.5,"Fst",0.0420577471827693,0,0.030596707734391,0.0864226334153289
"2956001","2966000",2961000.5,"Fst",0.0460810638025828,0,0.0352040235118301,0.0911240563597482
"2957001","2967000",2962000.5,"Fst",0.0455769701633496,0,0.0346496074957833,0.0884230614618162
"2958001","2968000",2963000.5,"Fst",0.0472036708918269,0,0.0395583236125324,0.100216746114693
"2959001","2969000",2964000.5,"Fst",0.0454916295825388,0,0.0372311826056041,0.0948569198495469
"2960001","2970000",2965000.5,"Fst",0.0386190386190387,0,0.0324774028826117,0.0847765852844178
"2961001","2971000",2966000.5,"Fst",0.0612443101192343,0,0.0274425180292193,0.067429401721285
"2962001","2972000",2967000.5,"Fst",0.0604216122237455,0,0.0275464832650164,0.0801168525774846
"2963001","2973000",2968000.5,"Fst",0.0571356928824864,0,0.0294157192638223,0.0868668181913739
"2964001","2974000",2969000.5,"Fst",0.0563935171652215,0,0.0318971281114787,0.0937245525900285
"2965001","2975000",2970000.5,"Fst",0.0591007737057359,0,0.0354712770640979,0.101563090498075
"2966001","2976000",2971000.5,"Fst",0.0558531889494741,0,0.0369620872109891,0.108860028860029
"2967001","2977000",2972000.5,"Fst",0.0563701039100037,0,0.0372928172799092,0.109977258149163
"2968001","2978000",2973000.5,"Fst",0.0578768746228679,0,0.0380678160519256,0.112321100183897
"2969001","2979000",2974000.5,"Fst",0.0593203847848437,0,0.0394153222956101,0.116660465500847
"2970001","2980000",2975000.5,"Fst",0.0675191296758612,0,0.0386343578509018,0.104257798360745
"2971001","2981000",2976000.5,"Fst",0.0442740389466248,0,0.040618093091623,0.102970467477944
"2972001","2982000",2977000.5,"Fst",0.0412157557584845,0,0.0389512643369334,0.0977777888802636
"2973001","2983000",2978000.5,"Fst",0.0372035521833092,0,0.027807817718394,0.0626728820883375
"2974001","2984000",2979000.5,"Fst",0.0268939393939392,0,0.0166105103489116,0.0335802469135802
"2975001","2985000",2980000.5,"Fst",0.0314539419802577,0,0.0196975015257196,0.0365475503090182
"2976001","2986000",2981000.5,"Fst",0.0242337944128017,0,0.0286210163384797,0.067000174698495
"2977001","2987000",2982000.5,"Fst",0.0233037973918979,0,0.0291993166406632,0.0669303612600272
"2978001","2988000",2983000.5,"Fst",0.0206117861022003,0,0.0255927071416258,0.0753838207602803
"2979001","2989000",2984000.5,"Fst",0.0219388935015107,0,0.0238155106897286,0.0681873412128576
"2980001","2990000",2985000.5,"Fst",0.0177506162857981,0,0.0248040431507979,0.0713786824602766
"2981001","2991000",2986000.5,"Fst",0.0253848637410282,0,0.0244298804762427,0.0642081319699389
"2982001","2992000",2987000.5,"Fst",0.0256989460571961,0,0.0238118743848385,0.0637488992924874
"2983001","2993000",2988000.5,"Fst",0.0254534006239328,0,0.0221528490686056,0.0591554035107398
"2984001","2994000",2989000.5,"Fst",0.0254534006239328,0,0.0221528490686056,0.0591554035107398
"2985001","2995000",2990000.5,"Fst",0.0254347162904209,0,0.0221523087595055,0.059198009522117
"2986001","2996000",2991000.5,"Fst",0.0245256387268221,0,0.0223110090624715,0.0587049956115347
"2987001","2997000",2992000.5,"Fst",0.0257146983688539,0,0.0219835475698094,0.0581206413754972
"2988001","2998000",2993000.5,"Fst",0.0297084204209175,0,0.0186337704444981,0.0514776349752997
"2989001","2999000",2994000.5,"Fst",0.0275530498786312,0,0.0220582917400715,0.0599517343556689
"2990001","3e+06",2995000.5,"Fst",0.0212243352509375,0,0.0239711595500774,0.049980107572835
"2991001","3001000",2996000.5,"Fst",0.00588538445681308,0,0.0256691165295995,0.0606800397429642
"2992001","3002000",2997000.5,"Fst",0,0,0.0404759619065792,0.0981595240038747
"2993001","3003000",2998000.5,"Fst",0,0,0.0453572547142708,0.110436855242826
"2994001","3004000",2999000.5,"Fst",0.00342336434862245,0,0.0447152672908553,0.109999528729682
"2995001","3005000",3000000.5,"Fst",0.00426420559803276,0,0.0444204244629556,0.109244265883902
"2996001","3006000",3001000.5,"Fst",0.0121640811295983,0,0.0475177477980478,0.118710742793073
"2997001","3007000",3002000.5,"Fst",0.0211698272807288,0,0.0480818896815004,0.138160105545573
"2998001","3008000",3003000.5,"Fst",0.0222022838171743,0,0.0482963770698702,0.14044304351633
"2999001","3009000",3004000.5,"Fst",0.0229688156780564,0,0.0488891431185806,0.141903911271987
"3000001","3010000",3005000.5,"Fst",0.0255180138137017,0,0.0503189248377379,0.142909996669371
"3001001","3011000",3006000.5,"Fst",0.0303421309872923,0,0.0459059460685497,0.130336024529676
"3002001","3012000",3007000.5,"Fst",0.0402359262730396,0,0.0466139520198434,0.138006058877474
"3003001","3013000",3008000.5,"Fst",0.0361286247407787,0,0.0430071461389422,0.132814950725202
"3004001","3014000",3009000.5,"Fst",0.0361935898245834,0,0.0410970750662293,0.129626691879612
"3005001","3015000",3010000.5,"Fst",0.0407293900559756,0,0.0407708842888709,0.128183538457555
"3006001","3016000",3011000.5,"Fst",0.0428212914266635,0,0.0352986966319172,0.112925215745897
"3007001","3017000",3012000.5,"Fst",0.0338632493068163,0,0.023977927096819,0.0514993507965624
"3008001","3018000",3013000.5,"Fst",0.0245823781058285,0,0.0300886363114072,0.0876406116283626
"3009001","3019000",3014000.5,"Fst",0.0221071386479761,0,0.0295626356356224,0.0834335834557122
"3010001","3020000",3015000.5,"Fst",0.0207011406616735,0,0.0303517941373556,0.0802553967771359
"3011001","3021000",3016000.5,"Fst",0.0123239730022497,0,0.0294811571700961,0.0893288715374605
"3012001","3022000",3017000.5,"Fst",0.0133200361517124,0,0.0290307839293911,0.0897276680853043
"3013001","3023000",3018000.5,"Fst",0.016920528031639,0,0.0330865736375675,0.0988190784438079
"3014001","3024000",3019000.5,"Fst",0.0171473447612859,0,0.0335557585599106,0.100083057398199
"3015001","3025000",3020000.5,"Fst",0.00667889563049706,0,0.0377679429693029,0.11150557402064
"3016001","3026000",3021000.5,"Fst",0.00567317005673162,0,0.0373053277021871,0.12259595087853
"3017001","3027000",3022000.5,"Fst",0.0113907807718884,0,0.0372920230544969,0.0989342705167174
"3018001","3028000",3023000.5,"Fst",0.0224872727272727,0,0.0453140355534651,0.119301047364288
"3019001","3029000",3024000.5,"Fst",0.0267355929026163,0,0.047913508312219,0.125083751222456
"3020001","3030000",3025000.5,"Fst",0.0418853787610431,0,0.0468373078169963,0.160146984515015
"3021001","3031000",3026000.5,"Fst",0.0398494207691187,0,0.0453443206710279,0.155812216676772
"3022001","3032000",3027000.5,"Fst",0.0407322903085615,0,0.0425789579225896,0.147011049391381
"3023001","3033000",3028000.5,"Fst",0.0401131719585038,0,0.0410681808373534,0.140892831296652
"3024001","3034000",3029000.5,"Fst",0.0391442221145193,0,0.0397486535522934,0.136989490132283
"3025001","3035000",3030000.5,"Fst",0.0392049931943547,0,0.0378954916324136,0.133304323668116
"3026001","3036000",3031000.5,"Fst",0.0264958495273739,0,0.0400982113948144,0.13433868830676
"3027001","3037000",3032000.5,"Fst",0.0252484629963482,0,0.0384645093073019,0.129324050749906
"3028001","3038000",3033000.5,"Fst",0.0210965481953793,0,0.03587185501196,0.129253734633646
"3029001","3039000",3034000.5,"Fst",0.0339551779337519,0,0.030858516135318,0.0992025675855961
"3030001","3040000",3035000.5,"Fst",0.0206246540488139,0,0.0265049724648926,0.0414625494565465
"3031001","3041000",3036000.5,"Fst",0.020634741713477,0,0.0270307568749381,0.0426142747049701
"3032001","3042000",3037000.5,"Fst",0.0218808612124809,0,0.0264271355858383,0.0457105111056064
"3033001","3043000",3038000.5,"Fst",0.0222260041916829,0,0.0273817299876448,0.0481275028925762
"3034001","3044000",3039000.5,"Fst",0.0223811287427709,0,0.0276924760302149,0.0479365839848428
"3035001","3045000",3040000.5,"Fst",0.0221048578959319,0,0.0290765841496334,0.0501061765601375
"3036001","3046000",3041000.5,"Fst",0.0283324740791661,0,0.0282807250225964,0.0519816079802045
"3037001","3047000",3042000.5,"Fst",0.032771470127293,0,0.0289657642889216,0.050543111530446
"3038001","3048000",3043000.5,"Fst",0.039518283789191,0,0.0313354074944848,0.0598711907114114
"3039001","3049000",3044000.5,"Fst",0.0162103107714975,0,0.0296771240249778,0.063475807566486
"3040001","3050000",3045000.5,"Fst",0.0351687650542215,0,0.0238164515905343,0.043210329322515
"3041001","3051000",3046000.5,"Fst",0.0351887475436963,0,0.0232993534528876,0.0419118352981465
"3042001","3052000",3047000.5,"Fst",0.0323934680750781,0,0.0168374778525203,0.0231648031113272
"3043001","3053000",3048000.5,"Fst",0.0133323187937123,0,0.0342780950683079,0.0844915456937315
"3044001","3054000",3049000.5,"Fst",0.0221167302362596,0,0.0291780815572075,0.0804785341106989
"3045001","3055000",3050000.5,"Fst",0.0231432587471033,0,0.0268560357905933,0.0736985879727599
"3046001","3056000",3051000.5,"Fst",0.0239725259698628,0,0.0283655910157897,0.078036126766874
"3047001","3057000",3052000.5,"Fst",0.0194009218764007,0,0.0293780132244927,0.079729295120186
"3048001","3058000",3053000.5,"Fst",0.0181324291338397,0,0.029482008263818,0.0782921419989431
"3049001","3059000",3054000.5,"Fst",0.0197289025817099,0,0.0319245376515195,0.0851401821776825
"3050001","3060000",3055000.5,"Fst",0.0197289025817099,0,0.0319245376515195,0.0851401821776825
"3051001","3061000",3056000.5,"Fst",0.0423056597450472,0,0.030352713353789,0.0730924752775451
"3052001","3062000",3057000.5,"Fst",0.0409713035847598,0,0.0308859431224751,0.074512105649303
"3053001","3063000",3058000.5,"Fst",0.0670374397145327,0,0.0265348193771008,0.071498321963102
"3054001","3064000",3059000.5,"Fst",0.080671397994818,0,0.0287818244397701,0.076816967931316
"3055001","3065000",3060000.5,"Fst",0.0859034206292691,0,0.0346580922636173,0.0812901060025049
"3056001","3066000",3061000.5,"Fst",0.0703682069255284,0,0.0316084830498163,0.0884952433584653
"3057001","3067000",3062000.5,"Fst",0.0686303731626779,0,0.0342820344677037,0.107676077669497
"3058001","3068000",3063000.5,"Fst",0.0707065657827967,0,0.0357059840202064,0.111770324183603
"3059001","3069000",3064000.5,"Fst",0.067292333419831,0,0.0338163247092074,0.106475542302584
"3060001","3070000",3065000.5,"Fst",0.0657594071820015,0,0.0329105721219998,0.103806043331286
"3061001","3071000",3066000.5,"Fst",0.0313588291849161,0,0.0267125825362481,0.105276629423503
"3062001","3072000",3067000.5,"Fst",0.0552385774971407,0,0.0317601809654018,0.0814800952670208
"3063001","3073000",3068000.5,"Fst",0.0534170709761222,0,0.0278424176906683,0.0720208859285825
"3064001","3074000",3069000.5,"Fst",0.0519748246243579,0,0.0272420907482501,0.0729141792034811
"3065001","3075000",3070000.5,"Fst",0.0391134184062731,0,0.0254183561115941,0.0609760657191234
"3066001","3076000",3071000.5,"Fst",0.0391159904552995,0,0.0258494202772786,0.0605968550392122
"3067001","3077000",3072000.5,"Fst",0.0290453131178172,0,0.0222688074701912,0.0521494964112771
"3068001","3078000",3073000.5,"Fst",0.0276874277000505,0,0.0229872576382908,0.0533305569227377
"3069001","3079000",3074000.5,"Fst",0.0310207814202202,0,0.0227721765808351,0.0521965722193422
"3070001","3080000",3075000.5,"Fst",0.0309615938981426,0,0.0219167500855286,0.0504537846496409
"3071001","3081000",3076000.5,"Fst",0.0319984448340008,0,0.0203043153160143,0.0418672052684842
"3072001","3082000",3077000.5,"Fst",0.0186270220718834,0,0.0204243690748341,0.0523713985958049
"3073001","3083000",3078000.5,"Fst",0.0169016100624234,0,0.0220856993386211,0.0554502676540208
"3074001","3084000",3079000.5,"Fst",0.0148468053456178,0,0.0222276307942218,0.0419749224687354
"3075001","3085000",3080000.5,"Fst",0.0221620337372298,0,0.0229830349239248,0.0501221431043269
"3076001","3086000",3081000.5,"Fst",0.018503095104108,0,0.0218810242445441,0.0436921080769369
"3077001","3087000",3082000.5,"Fst",0.0199066278386392,0,0.0234942996940904,0.0437665904491578
"3078001","3088000",3083000.5,"Fst",0.0178778587451387,0,0.0295088797329244,0.0567180991888837
"3079001","3089000",3084000.5,"Fst",0.0111247226258194,0,0.0299419784753965,0.0527807392466664
"3080001","3090000",3085000.5,"Fst",0.00634523064078485,0,0.0304124585027255,0.0648802286389655
"3081001","3091000",3086000.5,"Fst",0.0031896262858081,0,0.0364020960631847,0.0742881178471353
"3082001","3092000",3087000.5,"Fst",0.000629989519966956,0,0.0390695554107843,0.0842898932650861
"3083001","3093000",3088000.5,"Fst",0.00154580147693684,0,0.0377108219155655,0.0763948051948051
"3084001","3094000",3089000.5,"Fst",0.00425801949640914,0,0.0355437188311505,0.069181554210345
"3085001","3095000",3090000.5,"Fst",0.00620584734038387,0,0.034460538971665,0.067780987937714
"3086001","3096000",3091000.5,"Fst",0.00742722906605175,0,0.0353296021304473,0.0702795929025436
"3087001","3097000",3092000.5,"Fst",0.00824316713996431,0,0.0350914655283474,0.0760581414783527
"3088001","3098000",3093000.5,"Fst",0.0107849540986269,0,0.0346680302540986,0.0783283882817635
"3089001","3099000",3094000.5,"Fst",0.0135143958652009,0,0.0321698011905733,0.0694861538676328
"3090001","3100000",3095000.5,"Fst",0.0217814971913333,0,0.0255581344528157,0.0567362998355309
"3091001","3101000",3096000.5,"Fst",0.0183692707922425,0,0.0243496565774046,0.056364806886642
"3092001","3102000",3097000.5,"Fst",0.0244917171533124,0,0.0241964753632323,0.062663767762052
"3093001","3103000",3098000.5,"Fst",0.0236503904017394,0,0.0207642493179412,0.0484673325654029
"3094001","3104000",3099000.5,"Fst",0.0250831954157992,0,0.0200718235477788,0.0376153435522002
"3095001","3105000",3100000.5,"Fst",0.0168470047193865,0,0.0212923556576938,0.0412916797519528
"3096001","3106000",3101000.5,"Fst",0.0138535593980844,0,0.021889370578005,0.0425959098372892
"3097001","3107000",3102000.5,"Fst",0.0162086872561683,0,0.0225786161530002,0.0415614624965637
"3098001","3108000",3103000.5,"Fst",0.0286473826722659,0,0.0222683111680905,0.0428937193266413
"3099001","3109000",3104000.5,"Fst",0.0283935808818666,0,0.022102045690866,0.0425679610738506
"3100001","3110000",3105000.5,"Fst",0.029177892397987,0,0.0218297367646177,0.04323077280867
"3101001","3111000",3106000.5,"Fst",0.0290738258987084,0,0.0229258152856905,0.0437742443445865
"3102001","3112000",3107000.5,"Fst",0.0298872151994549,0,0.0235428002401619,0.0449711963383839
"3103001","3113000",3108000.5,"Fst",0.038339744887629,0,0.023150711764666,0.0482957850758897
"3104001","3114000",3109000.5,"Fst",0.0374498648266957,0,0.0250272286060829,0.058179608010293
"3105001","3115000",3110000.5,"Fst",0.0685649418219657,0,0.0311246918317236,0.0558740463177322
"3106001","3116000",3111000.5,"Fst",0.0654402147016937,0,0.032248560487215,0.0651006554681134
"3107001","3117000",3112000.5,"Fst",0.0624995786393759,0,0.0309243991423548,0.0616504166744888
"3108001","3118000",3113000.5,"Fst",0.0514134157627103,0,0.0360907221428478,0.076400032710888
"3109001","3119000",3114000.5,"Fst",0.0513293071346885,0,0.0352711211493455,0.0759707379438578
"3110001","3120000",3115000.5,"Fst",0.0474816623547766,0,0.0377115175763107,0.0688851092497574
"3111001","3121000",3116000.5,"Fst",0.0495777853883648,0,0.0333217287431098,0.0858125752765849
"3112001","3122000",3117000.5,"Fst",0.0475617625138179,0,0.0321815222671501,0.0825844621196992
"3113001","3123000",3118000.5,"Fst",0.0483406921363013,0,0.032594279576639,0.0840852276922796
"3114001","3124000",3119000.5,"Fst",0.0486319614845974,0,0.031899536692705,0.0831094411452705
"3115001","3125000",3120000.5,"Fst",0.0374905481324359,0,0.0289224359297833,0.0577310471486351
"3116001","3126000",3121000.5,"Fst",0.0448498669707335,0,0.0312234942519191,0.07240741481363
"3117001","3127000",3122000.5,"Fst",0.0523062200956939,0,0.03582653651146,0.0859521380688678
"3118001","3128000",3123000.5,"Fst",0.058119290018224,0,0.0343199569007919,0.0918520835816905
"3119001","3129000",3124000.5,"Fst",0.0720620085764464,0,0.038036823636819,0.106692989797738
"3120001","3130000",3125000.5,"Fst",0.0786279521081104,0,0.038818855399718,0.115138894873196
"3121001","3131000",3126000.5,"Fst",0.0980637502606797,0,0.0532902004745092,0.133089337447149
"3122001","3132000",3127000.5,"Fst",0.102975638539998,0,0.0545945100429115,0.135887620142939
"3123001","3133000",3128000.5,"Fst",0.103198927959945,0,0.0530991630772734,0.133702179691192
"3124001","3134000",3129000.5,"Fst",0.108455501650209,0,0.0517770105885692,0.129932111876817
"3125001","3135000",3130000.5,"Fst",0.115334413441344,0,0.0516362255004142,0.133088136101827
"3126001","3136000",3131000.5,"Fst",0.115643316335008,0,0.0531182101585566,0.126991324418729
"3127001","3137000",3132000.5,"Fst",0.11658410196809,0,0.0553936593759359,0.121089572407445
"3128001","3138000",3133000.5,"Fst",0.118371738006804,0,0.055395154694086,0.119225388886129
"3129001","3139000",3134000.5,"Fst",0.115287944378854,0,0.0528108954432459,0.106947884576241
"3130001","3140000",3135000.5,"Fst",0.115783674061186,0,0.0516026416979173,0.101858569860854
"3131001","3141000",3136000.5,"Fst",0.0866262107597151,0,0.0344685739007,0.0727208906090595
"3132001","3142000",3137000.5,"Fst",0.0851444128787879,0,0.0302524118402424,0.0673651593928889
"3133001","3143000",3138000.5,"Fst",0.0759853515232001,0,0.0269477908041621,0.0647031008311092
"3134001","3144000",3139000.5,"Fst",0.0352657283494846,0,0.0211104198905094,0.0477532320288399
"3135001","3145000",3140000.5,"Fst",0.0350720023026345,0,0.0202144929057371,0.0468251800832051
"3136001","3146000",3141000.5,"Fst",0.0308767105058884,0,0.0185608968493841,0.0400605420307865
"3137001","3147000",3142000.5,"Fst",0.0341112780865819,0,0.0213832001970409,0.0386147875890954
"3138001","3148000",3143000.5,"Fst",0.0321333486406552,0,0.019856619563124,0.0343587389041934
"3139001","3149000",3144000.5,"Fst",0.0333936712255295,0,0.020526017184384,0.0350962261942582
"3140001","3150000",3145000.5,"Fst",0.0295454545454545,0,0.0192439166971263,0.0399586811390072
"3141001","3151000",3146000.5,"Fst",0.0285572448029788,0,0.0194431746481204,0.0458729733559063
"3142001","3152000",3147000.5,"Fst",0.0171409079905811,0,0.0191141250468816,0.0428807443058747
"3143001","3153000",3148000.5,"Fst",0.0176570265966189,0,0.019720549118574,0.044104993956705
"3144001","3154000",3149000.5,"Fst",0.0203397423931305,0,0.0208130295265353,0.0505591698829106
"3145001","3155000",3150000.5,"Fst",0.019548639935134,0,0.0205654571991005,0.0525787721905361
"3146001","3156000",3151000.5,"Fst",0.0207667539345793,0,0.0230306394918394,0.0587419219540525
"3147001","3157000",3152000.5,"Fst",0.0118283506202969,0,0.020971153694305,0.0452332977756706
"3148001","3158000",3153000.5,"Fst",0.0105913723363388,0,0.0227029852676457,0.0482843874244095
"3149001","3159000",3154000.5,"Fst",0.00892438315038924,0,0.0220917593907691,0.0509923664122137
"3150001","3160000",3155000.5,"Fst",0.012996473043979,0,0.0177319702365855,0.0356224002240255
"3151001","3161000",3156000.5,"Fst",0.0236632536973835,0,0.0185053380782918,0.0352367900106593
"3152001","3162000",3157000.5,"Fst",0.0555218599949455,0,0.0371674395255845,0.104011743261336
"3153001","3163000",3158000.5,"Fst",0.0620924507029291,0,0.028619367939687,0.0695669565096058
"3154001","3164000",3159000.5,"Fst",0.0597152964241572,0,0.0283045261435337,0.0672635774502495
"3155001","3165000",3160000.5,"Fst",0.0583817977757372,0,0.026722697146896,0.0635043443554083
"3156001","3166000",3161000.5,"Fst",0.0591250077496952,0,0.0270215583458548,0.0643273883818426
"3157001","3167000",3162000.5,"Fst",0.0584640584640583,0,0.0266839658790968,0.0655024272827418
"3158001","3168000",3163000.5,"Fst",0.0527284424775309,0,0.0259442853396382,0.0603590174613391
"3159001","3169000",3164000.5,"Fst",0.0507435306527247,0,0.0233489660663191,0.0546249943936326
"3160001","3170000",3165000.5,"Fst",0.0518823355506282,0,0.0240041949947043,0.0566207829337374
"3161001","3171000",3166000.5,"Fst",0.0513909875718921,0,0.0237750923568734,0.0560964152739227
"3162001","3172000",3167000.5,"Fst",0.0367012793104619,0,0.0220680932867911,0.0443773446792937
"3163001","3173000",3168000.5,"Fst",0.0136363636363637,0,0.020030864595586,0.0371673088416689
"3164001","3174000",3169000.5,"Fst",0.00402761795166839,0,0.0317606237922123,0.0958766016882249
"3165001","3175000",3170000.5,"Fst",0.00303535955502576,0,0.0295152201534649,0.0770042811920401
"3166001","3176000",3171000.5,"Fst",0.00676442595791182,0,0.0238250520972856,0.0642813999339008
"3167001","3177000",3172000.5,"Fst",0.0209721130871244,0,0.0230504065571341,0.0599781599781599
"3168001","3178000",3173000.5,"Fst",0.0378438564317527,0,0.0244358575191033,0.0614138526591625
"3169001","3179000",3174000.5,"Fst",0.0359830131354545,0,0.0240427440819224,0.0618689677644072
"3170001","3180000",3175000.5,"Fst",0.0329284514481566,0,0.0225587073306652,0.0567539559745698
"3171001","3181000",3176000.5,"Fst",0.0331889865879854,0,0.0227713863183958,0.0572640220208828
"3172001","3182000",3177000.5,"Fst",0.0326719748751222,0,0.0224146453723794,0.056377329943454
"3173001","3183000",3178000.5,"Fst",0.0378447631289327,0,0.0203592395740178,0.049409547368731
"3174001","3184000",3179000.5,"Fst",0.0464885920979409,0,0.0181813262146623,0.0385932469662391
"3175001","3185000",3180000.5,"Fst",0.0639760016270082,0,0.0195917221334103,0.059541332030415
"3176001","3186000",3181000.5,"Fst",0.0563690597247645,0,0.0207026285595434,0.0672984448164591
"3177001","3187000",3182000.5,"Fst",0.0510974228263948,0,0.0215548540314041,0.0643109433504631
"3178001","3188000",3183000.5,"Fst",0.0436752849596888,0,0.0208427965683819,0.0572599147820386
"3179001","3189000",3184000.5,"Fst",0.0514677750960937,0,0.0262607811150257,0.0780269774124033
"3180001","3190000",3185000.5,"Fst",0.0560069384547562,0,0.0281456664537693,0.0781290966828995
"3181001","3191000",3186000.5,"Fst",0.0560069384547562,0,0.0281456664537693,0.0781290966828995
"3182001","3192000",3187000.5,"Fst",0.0591103487707261,0,0.02872812803099,0.0747206888837142
"3183001","3193000",3188000.5,"Fst",0.0570969645652117,0,0.0311435027414913,0.0822771955479731
"3184001","3194000",3189000.5,"Fst",0.0650898007506485,0,0.0328008632777687,0.0987321913161465
"3185001","3195000",3190000.5,"Fst",0.0724014462943102,0,0.0298109563549837,0.0841653462415768
"3186001","3196000",3191000.5,"Fst",0.0866057199858886,0,0.0267733102933616,0.0918630695987305
"3187001","3197000",3192000.5,"Fst",0.0833200258545302,0,0.0256211245200571,0.0900753653297841
"3188001","3198000",3193000.5,"Fst",0.0828658098007943,0,0.0258093613459183,0.0941202144905849
"3189001","3199000",3194000.5,"Fst",0.0832802007302164,0,0.0243269358444636,0.0795138524044693
"3190001","3200000",3195000.5,"Fst",0.0834157700286225,0,0.0240850317031555,0.0781772929632852
"3191001","3201000",3196000.5,"Fst",0.0768478389374763,0,0.0227869628510033,0.0742917279358765
"3192001","3202000",3197000.5,"Fst",0.0740945903306103,0,0.0227961345888233,0.0756475474187118
"3193001","3203000",3198000.5,"Fst",0.0719449118215243,0,0.0224654891959857,0.0786620511040955
"3194001","3204000",3199000.5,"Fst",0.0663533488548378,0,0.0224702949640012,0.0553975684993649
"3195001","3205000",3200000.5,"Fst",0.0457588016984856,0,0.0246483504143535,0.0638308805842864
"3196001","3206000",3201000.5,"Fst",0.0354142208156808,0,0.0292603509809905,0.0765414244022606
"3197001","3207000",3202000.5,"Fst",0.0235397596827575,0,0.026834726158822,0.0638750630087865
"3198001","3208000",3203000.5,"Fst",0.0285492496118682,0,0.0262429692952196,0.0611848935700429
"3199001","3209000",3204000.5,"Fst",0.032692910809005,0,0.0268588679221628,0.0581949448794594
"3200001","3210000",3205000.5,"Fst",0.0331279156376182,0,0.0288101357638595,0.0804530866052888
"3201001","3211000",3206000.5,"Fst",0.0306265473845739,0,0.0272347527926762,0.0782449144304341
"3202001","3212000",3207000.5,"Fst",0.0253337535968114,0,0.0247243628715094,0.0656475189642767
"3203001","3213000",3208000.5,"Fst",0.0255600424614508,0,0.0253803957465063,0.0625878629427716
"3204001","3214000",3209000.5,"Fst",0.0188310901734843,0,0.0325833303176406,0.0812216639343155
"3205001","3215000",3210000.5,"Fst",0.0187547571260926,0,0.0324705438724844,0.0809430702606806
"3206001","3216000",3211000.5,"Fst",0.0216568837986161,0,0.0345522332246839,0.073818789320735
"3207001","3217000",3212000.5,"Fst",0.0194056928648864,0,0.0336345010945804,0.078441870125075
"3208001","3218000",3213000.5,"Fst",0.0215779043844438,0,0.031730183368647,0.0741766905116253
"3209001","3219000",3214000.5,"Fst",0.0197411550875872,0,0.0315721198048461,0.0754161135726333
"3210001","3220000",3215000.5,"Fst",0.0356423580440201,0,0.0345033777165678,0.0619907879229558
"3211001","3221000",3216000.5,"Fst",0.0379091353199804,0,0.0356686363358338,0.0651596141028871
"3212001","3222000",3217000.5,"Fst",0.043050505050505,0,0.038518813416175,0.0743918620079611
"3213001","3223000",3218000.5,"Fst",0.0598278918992553,0,0.0397031442352306,0.0722701589378786
"3214001","3224000",3219000.5,"Fst",0.0888563592616897,0,0.0380585601218244,0.0665000917861588
"3215001","3225000",3220000.5,"Fst",0.0737528604779343,0,0.0363103850556757,0.0753855242870936
"3216001","3226000",3221000.5,"Fst",0.0709220703538885,0,0.0389006799222517,0.0723472870676011
"3217001","3227000",3222000.5,"Fst",0.0846039245732771,0,0.0343817597565677,0.0581445269656232
"3218001","3228000",3223000.5,"Fst",0.0895404756174109,0,0.0368993188998455,0.0672139901214791
"3219001","3229000",3224000.5,"Fst",0.0893267370146893,0,0.0362885787865548,0.0668886422493526
"3220001","3230000",3225000.5,"Fst",0.0407534421343785,0,0.0451822302059245,0.100741160787123
"3221001","3231000",3226000.5,"Fst",0.0426664513698262,0,0.0473155336426062,0.105797602581835
"3222001","3232000",3227000.5,"Fst",0.0408707259903929,0,0.0460321921042819,0.102300747895906
"3223001","3233000",3228000.5,"Fst",0,0,0.0497177155618193,0.12924125193192
"3224001","3234000",3229000.5,"Fst",0,0,0.0484876948348913,0.131068346298231
"3225001","3235000",3230000.5,"Fst",0,0,0.0370422299650251,0.113945059037668
"3226001","3236000",3231000.5,"Fst",0.000749287182547742,0,0.034728133919658,0.0994382022471911
"3227001","3237000",3232000.5,"Fst",0.0155088236096338,0,0.0331978298156857,0.0985656516007954
"3228001","3238000",3233000.5,"Fst",0.0156071585419411,0,0.0334347646005408,0.0991627237887591
"3229001","3239000",3234000.5,"Fst",0.00577359989644588,0,0.0414832628426274,0.138084698428577
"3230001","3240000",3235000.5,"Fst",0.0113876324797174,0,0.041763472812304,0.133130728292019
"3231001","3241000",3236000.5,"Fst",0.00565782461804321,0,0.0458427238190246,0.125088696550581
"3232001","3242000",3237000.5,"Fst",0.00543426048675133,0,0.0464950981546479,0.125630716335384
"3233001","3243000",3238000.5,"Fst",0.00660528754528877,0,0.046397983357287,0.126686704493793
"3234001","3244000",3239000.5,"Fst",0.00675297477911896,0,0.0474507582060545,0.129175955439268
"3235001","3245000",3240000.5,"Fst",0.00616931036420376,0,0.0500632572140907,0.135857126983466
"3236001","3246000",3241000.5,"Fst",0.00450874453977201,0,0.0518482210072113,0.14352958134456
"3237001","3247000",3242000.5,"Fst",0.000188112331630408,0,0.0551261438271335,0.148728791181145
"3238001","3248000",3243000.5,"Fst",0.000188112331630408,0,0.0551261438271335,0.148768771358161
"3239001","3249000",3244000.5,"Fst",0.00260305846730435,0,0.0540566246044894,0.164372912982454
"3240001","3250000",3245000.5,"Fst",0.000933614978549713,0,0.0536168099581043,0.1575255613369
"3241001","3251000",3246000.5,"Fst",0.00381311836346476,0,0.0499475790943575,0.132372925652196
"3242001","3252000",3247000.5,"Fst",0.00257471436178658,0,0.0526389658739151,0.11930126706852
"3243001","3253000",3248000.5,"Fst",0.00166901739539249,0,0.0518886200516078,0.122354645023082
"3244001","3254000",3249000.5,"Fst",0.014521204266871,0,0.0482115067520831,0.11467132363599
"3245001","3255000",3250000.5,"Fst",0.0145127154556592,0,0.0474795880096845,0.113460774256748
"3246001","3256000",3251000.5,"Fst",0.0186653305735345,0,0.0476202765981597,0.122130205278592
"3247001","3257000",3252000.5,"Fst",0.0205398154417351,0,0.0453725443383657,0.121830934596466
"3248001","3258000",3253000.5,"Fst",0.0178768364416938,0,0.0494229272786045,0.115393725521648
"3249001","3259000",3254000.5,"Fst",0.0174377742425618,0,0.0489272040302959,0.113911258986457
"3250001","3260000",3255000.5,"Fst",0.0212174562526676,0,0.0439182938024224,0.10877165881414
"3251001","3261000",3256000.5,"Fst",0.0262429169746243,0,0.0409063918180149,0.0913135337438127
"3252001","3262000",3257000.5,"Fst",0.0361448024203033,0,0.0348367467002647,0.0826744099471373
"3253001","3263000",3258000.5,"Fst",0.050401814218719,0,0.0337127056964624,0.0820183969960598
"3254001","3264000",3259000.5,"Fst",0.0163424757874175,0,0.0365297217400107,0.100976205003051
"3255001","3265000",3260000.5,"Fst",0.0116874178814991,0,0.0477331219383053,0.134459821087239
"3256001","3266000",3261000.5,"Fst",0.00702584806719564,0,0.0503476525358324,0.135032355540352
"3257001","3267000",3262000.5,"Fst",0.00627205718114821,0,0.0488419461595009,0.130221574224285
"3258001","3268000",3263000.5,"Fst",0.010514035140653,0,0.0355428416542635,0.093020515598126
"3259001","3269000",3264000.5,"Fst",0.00777851507778504,0,0.0389045450895543,0.0995599833955998
"3260001","3270000",3265000.5,"Fst",0.00219104603128606,0,0.0430578785314149,0.0965083322678257
"3261001","3271000",3266000.5,"Fst",0.000191658193972155,0,0.0436770218970508,0.0971557199308741
"3262001","3272000",3267000.5,"Fst",0,0,0.0442773994116382,0.100326823954082
"3263001","3273000",3268000.5,"Fst",0.00366477438368285,0,0.0416998718733026,0.0919222309072013
"3264001","3274000",3269000.5,"Fst",0.00253987168241665,0,0.0435413494590501,0.0956499129470043
"3265001","3275000",3270000.5,"Fst",0.00352992536848029,0,0.0348075799018711,0.0817032071760859
"3266001","3276000",3271000.5,"Fst",0.00339300788868535,0,0.0374147492555656,0.0829975885650908
"3267001","3277000",3272000.5,"Fst",0.00342990989718517,0,0.0372919511714819,0.083080040526849
"3268001","3278000",3273000.5,"Fst",0,0,0.0402441342396427,0.106320665231148
"3269001","3279000",3274000.5,"Fst",0,0,0.0332505220285489,0.0852573857068911
"3270001","3280000",3275000.5,"Fst",0,0,0.0359807150098309,0.0947014931576307
"3271001","3281000",3276000.5,"Fst",0,0,0.0342476614948244,0.0916202643769712
"3272001","3282000",3277000.5,"Fst",0,0,0.0356397793397862,0.0933719922480727
"3273001","3283000",3278000.5,"Fst",0,0,0.0381938956700754,0.103281229296575
"3274001","3284000",3279000.5,"Fst",0,0,0.0319410009083404,0.0824127864224836
"3275001","3285000",3280000.5,"Fst",0,0,0.0341276375115505,0.0808660876155795
"3276001","3286000",3281000.5,"Fst",0,0,0.0320895582579007,0.0781225562672098
"3277001","3287000",3282000.5,"Fst",0,0,0.0323917069473888,0.0789296853616885
"3278001","3288000",3283000.5,"Fst",0,0,0.0338653820387002,0.0791306743622937
"3279001","3289000",3284000.5,"Fst",0.00589597160055566,0,0.0353950284929051,0.0872069066020764
"3280001","3290000",3285000.5,"Fst",0.00568367802410363,0,0.0341479925603136,0.0841654986444477
"3281001","3291000",3286000.5,"Fst",0,0,0.0322078309567967,0.0772912888068644
"3282001","3292000",3287000.5,"Fst",0,0,0.0324913006419723,0.0779598277568267
"3283001","3293000",3288000.5,"Fst",0,0,0.0317922169967688,0.0764063997640638
"3284001","3294000",3289000.5,"Fst",0.00478615996254927,0,0.0361087076798965,0.100167317345231
"3285001","3295000",3290000.5,"Fst",0.00836612476483867,0,0.028942106568681,0.0756623829922259
"3286001","3296000",3291000.5,"Fst",0.00819989978868485,0,0.0287972075339048,0.0872092378496768
"3287001","3297000",3292000.5,"Fst",0.00472097808981986,0,0.0295092561614108,0.0681596018839419
"3288001","3298000",3293000.5,"Fst",0.00666742519057928,0,0.0270953457803952,0.0657439266790183
"3289001","3299000",3294000.5,"Fst",0.00525869380831212,0,0.0279849401067321,0.0671526933981369
"3290001","3300000",3295000.5,"Fst",0.00536100302637277,0,0.028572031324677,0.068314791924186
"3291001","3301000",3296000.5,"Fst",0.00708972073677971,0,0.0329991496038977,0.0790645603528362
"3292001","3302000",3297000.5,"Fst",0.0070994651006433,0,0.0333068235310829,0.079854319366647
"3293001","3303000",3298000.5,"Fst",0.0069699427363662,0,0.0342106392528552,0.0819955355511751
"3294001","3304000",3299000.5,"Fst",0.00888538380651949,0,0.033098820805769,0.0798661934760829
"3295001","3305000",3300000.5,"Fst",0.00428811623220771,0,0.0352208277237908,0.0835884346564844
"3296001","3306000",3301000.5,"Fst",0.00271568140420597,0,0.041581744743616,0.104109862917643
"3297001","3307000",3302000.5,"Fst",0.00706423206423212,0,0.0305157103751807,0.0820408048696376
"3298001","3308000",3303000.5,"Fst",0.00304786273329316,0,0.0341537403211355,0.094415328994267
"3299001","3309000",3304000.5,"Fst",0.00223073305113208,0,0.036777797677023,0.100021985857008
"3300001","3310000",3305000.5,"Fst",0.00228028242534128,0,0.0377631839965615,0.10202325943814
"3301001","3311000",3306000.5,"Fst",0.0219992129083038,0,0.0142950550990959,0.0265909090909091
"3302001","3312000",3307000.5,"Fst",0.0162514029180696,0,0.0155455377802453,0.0199711635881847
"3303001","3313000",3308000.5,"Fst",0.0108399913625566,0,0.012222072208859,0.0203205045878105
"3304001","3314000",3309000.5,"Fst",0.00296735905044521,0,0.0104816301123119,0.0122131516359195
"3305001","3315000",3310000.5,"Fst",0.0033112582781456,0,0.0117006639799156,0.0136572742955723
"3306001","3316000",3311000.5,"Fst",0.000735835172921306,0,0.00995837418825391,0.0110376878948515
"3307001","3317000",3312000.5,"Fst",0.00272356490376491,0,0.0109882881346295,0.0131251726996408
"3308001","3318000",3313000.5,"Fst",0.00234080769453615,0,0.00932079414838027,0.0111856823266218
"3309001","3319000",3314000.5,"Fst",0.00627792835689689,0,0.0435690451125319,0.0796407913079773
"3310001","3320000",3315000.5,"Fst",0.00626027247160232,0,0.0435690451125319,0.0796407913079773
"3311001","3321000",3316000.5,"Fst",0.00638599105812221,0,0.0444517189886718,0.0811828477754168
"3312001","3322000",3317000.5,"Fst",0.0056909299177339,0,0.0462018416596882,0.083733946253031
"3313001","3323000",3318000.5,"Fst",0.00760589062475847,0,0.0550716342190232,0.0991582885199905
"3314001","3324000",3319000.5,"Fst",0.0100620530372597,0,0.0496452254523124,0.08922288969198
"3315001","3325000",3320000.5,"Fst",0.0106075273548653,0,0.0519332453018183,0.0939058590404541
"3316001","3326000",3321000.5,"Fst",0.0136263673492701,0,0.0516239379637815,0.0910098427572887
"3317001","3327000",3322000.5,"Fst",0.000355705326219202,0,0.0537693682443448,0.0928009062588501
"3318001","3328000",3323000.5,"Fst",0.000359236150501041,0,0.0545981943738176,0.0943887544648001
"3319001","3329000",3324000.5,"Fst",0,0,0.0474315946321934,0.100322048941296
"3320001","3330000",3325000.5,"Fst",0,0,0.0421839671176038,0.0933161721537281
"3321001","3331000",3326000.5,"Fst",0,0,0.0391465858805249,0.087609522588366
"3322001","3332000",3327000.5,"Fst",0,0,0.0383713705956822,0.0861215272307126
"3323001","3333000",3328000.5,"Fst",0,0,0.0322160128249115,0.0765304288435962
"3324001","3334000",3329000.5,"Fst",0,0,0.0329021498915734,0.0781876692807867
"3325001","3335000",3330000.5,"Fst",0,0,0.0323293662868676,0.0770124558468116
"3326001","3336000",3331000.5,"Fst",0,0,0.0324924184029674,0.0740507511273581
"3327001","3337000",3332000.5,"Fst",0,0,0.0174283357431633,0.0316988994434055
"3328001","3338000",3333000.5,"Fst",0,0,0.0314323420563297,0.0619982856227806
"3329001","3339000",3334000.5,"Fst",0,0,0.0336218050007727,0.0632257427697168
"3330001","3340000",3335000.5,"Fst",0,0,0.0346601415056396,0.0669099905942012
"3331001","3341000",3336000.5,"Fst",0,0,0.0341381289557752,0.0705932846249052
"3332001","3342000",3337000.5,"Fst",0,0,0.0334899371814191,0.0693147516562782
"3333001","3343000",3338000.5,"Fst",0,0,0.0369523118444009,0.0774524910118131
"3334001","3344000",3339000.5,"Fst",0,0,0.0377292832787064,0.0788765705838875
"3335001","3345000",3340000.5,"Fst",0,0,0.0385391836281692,0.0803539987026225
"3336001","3346000",3341000.5,"Fst",0,0,0.0405747635419123,0.0834746135201999
"3337001","3347000",3342000.5,"Fst",0,0,0.0405747635419123,0.0832331580265466
"3338001","3348000",3343000.5,"Fst",0.00909416818214415,0,0.0477163042940271,0.10538112784636
"3339001","3349000",3344000.5,"Fst",0.0091078819213245,0,0.0477379161014567,0.10538112784636
"3340001","3350000",3345000.5,"Fst",0.00870619444594489,0,0.0432507749035212,0.0979398851739278
"3341001","3351000",3346000.5,"Fst",0.00919458392665318,0,0.0448331179952533,0.101837317969424
"3342001","3352000",3347000.5,"Fst",0.00930194353880753,0,0.045287186195514,0.102819474140316
"3343001","3353000",3348000.5,"Fst",0.00851380001665358,0,0.0461332952602432,0.104010675365112
"3344001","3354000",3349000.5,"Fst",0.00904973649538876,0,0.0422179732558727,0.0957922177291491
"3345001","3355000",3350000.5,"Fst",0.0089644765284066,0,0.0417676438932001,0.0947803281052497
"3346001","3356000",3351000.5,"Fst",0.0090620490620491,0,0.042216544181454,0.0956310116783707
"3347001","3357000",3352000.5,"Fst",0.0090620490620491,0,0.0421597265150218,0.0956310116783707
"3348001","3358000",3353000.5,"Fst",0.00134233582509435,0,0.0195965682527831,0.0288637787419661
"3349001","3359000",3354000.5,"Fst",0.00452579944965736,0,0.0183887252791878,0.0343309815075387
"3350001","3360000",3355000.5,"Fst",0.0235022944025037,0,0.0216255631295342,0.0362565989441692
"3351001","3361000",3356000.5,"Fst",0.0226183934713149,0,0.0207963097789826,0.0350751211781676
"3352001","3362000",3357000.5,"Fst",0.0226183934713149,0,0.0208971572926473,0.0352907469231153
"3353001","3363000",3358000.5,"Fst",0.0239294351970408,0,0.0194660201076781,0.0337053763705498
"3354001","3364000",3359000.5,"Fst",0.0198643410852712,0,0.0189629629629628,0.035175879396985
"3355001","3365000",3360000.5,"Fst",0.0171286905566824,0,0.0184490670709898,0.0339506172839505
"3356001","3366000",3361000.5,"Fst",0.0163320469607412,0,0.0207017646334897,0.0412652897369304
"3357001","3367000",3362000.5,"Fst",0.01683874758667,0,0.0213582753764489,0.0425734774538408
"3358001","3368000",3363000.5,"Fst",0.019417936268765,0,0.0202003684341865,0.0367619989560152
"3359001","3369000",3364000.5,"Fst",0.0194702678018073,0,0.0176273211849741,0.0361742121260598
"3360001","3370000",3365000.5,"Fst",0.00839923102840046,0,0.0200772098406565,0.0396454779376729
"3361001","3371000",3366000.5,"Fst",0.00839923102840046,0,0.0200772098406565,0.0398849472674974
"3362001","3372000",3367000.5,"Fst",0.0194702678018073,0,0.0175778448029362,0.0321445464005298
"3363001","3373000",3368000.5,"Fst",0.0161773086548229,0,0.0246301200237596,0.0483534532315019
"3364001","3374000",3369000.5,"Fst",0.0176414163930882,0,0.0269392212491308,0.0529448790576386
"3365001","3375000",3370000.5,"Fst",0.019880295059635,0,0.0286416012402646,0.0576804407713499
"3366001","3376000",3371000.5,"Fst",0.0189714628417211,0,0.0187329028544504,0.0331887689708029
"3367001","3377000",3372000.5,"Fst",0.0189714628417211,0,0.0187329028544504,0.0331887689708029
"3368001","3378000",3373000.5,"Fst",0.0126490126490126,0,0.0224759059601909,0.0381797905140933
"3369001","3379000",3374000.5,"Fst",0.0166238299222592,0,0.0197631541177661,0.033675731634105
"3370001","3380000",3375000.5,"Fst",0.0265142883448998,0,0.0188198541396536,0.0311987000343534
"3371001","3381000",3376000.5,"Fst",0.0250492002913963,0,0.0178133431823418,0.0293398587671356
"3372001","3382000",3377000.5,"Fst",0.0183377815853351,0,0.0143122917777323,0.0303303236188092
"3373001","3383000",3378000.5,"Fst",0.0228460793804452,0,0.0158237287035359,0.0249549235153842
"3374001","3384000",3379000.5,"Fst",0.0250636780438105,0,0.0158533997797722,0.0253529679672083
"3375001","3385000",3380000.5,"Fst",0.0214307183648934,0,0.0146340029192579,0.0214217137911917
"3376001","3386000",3381000.5,"Fst",0.0234977862112586,0,0.0153982394771968,0.0233293514159231
"3377001","3387000",3382000.5,"Fst",0.0229639932004326,0,0.0150030616398143,0.0227912404750463
"3378001","3388000",3383000.5,"Fst",0.0271186440677966,0,0.0167880839210993,0.027077497665733
"3379001","3389000",3384000.5,"Fst",0.0238429022419604,0,0.0175185549630508,0.0306493506493505
"3380001","3390000",3385000.5,"Fst",0.00374363100026809,0,0.0108372189245531,0.0120373792302413
"3381001","3391000",3386000.5,"Fst",0.0103987809003872,0,0.021269240675005,0.0369668881781795
"3382001","3392000",3387000.5,"Fst",0.00942240910029468,0,0.0276225265576393,0.0438180421918055
"3383001","3393000",3388000.5,"Fst",0.024230293893157,0,0.0210585093741378,0.0377544384970998
"3384001","3394000",3389000.5,"Fst",0.0215066708895009,0,0.018675840535082,0.033452522010724
"3385001","3395000",3390000.5,"Fst",0.0253174206714665,0,0.0201010922705499,0.0334678493972835
"3386001","3396000",3391000.5,"Fst",0.0261172833023571,0,0.0208056338421097,0.0346563082217908
"3387001","3397000",3392000.5,"Fst",0.0253174206714665,0,0.0201038784382237,0.0337572563716887
"3388001","3398000",3393000.5,"Fst",0.0253174206714665,0,0.0201038784382237,0.0337572563716887
"3389001","3399000",3394000.5,"Fst",0.0249055795619071,0,0.0193887962926911,0.0328682680533388
"3390001","3400000",3395000.5,"Fst",0.0245650950439327,0,0.019422504986348,0.0326286555616502
"3391001","3401000",3396000.5,"Fst",0.0207969525766134,0,0.0161962792404082,0.0298619654356382
"3392001","3402000",3397000.5,"Fst",0.0193736371155725,0,0.0141507703471165,0.0247267003883506
"3393001","3403000",3398000.5,"Fst",0,0,0.0427698079177792,0.0805984966671394
"3394001","3404000",3399000.5,"Fst",0,0,0.0426106311179189,0.0801608011848508
"3395001","3405000",3400000.5,"Fst",0,0,0.0413741371474022,0.0791321010177504
"3396001","3406000",3401000.5,"Fst",0,0,0.0355771448259938,0.0656133024848107
"3397001","3407000",3402000.5,"Fst",0,0,0.0492442641427141,0.0966280489837479
"3398001","3408000",3403000.5,"Fst",0.000282187996613725,0,0.046075032654165,0.0903218796375459
"3399001","3409000",3404000.5,"Fst",0.0011043813874152,0,0.0460541053257678,0.0880677935213451
"3400001","3410000",3405000.5,"Fst",0.00111305361305358,0,0.0464055963468738,0.0888423443978634
"3401001","3411000",3406000.5,"Fst",0.00111305361305358,0,0.0464055963468738,0.0888423443978634
"3402001","3412000",3407000.5,"Fst",0.000854340894049677,0,0.0476584733823666,0.0911516272353554
"3403001","3413000",3408000.5,"Fst",0.0154047210650983,0,0.0440864582725629,0.0839144837949523
"3404001","3414000",3409000.5,"Fst",0.0154463554463554,0,0.0439372728777713,0.0839144837949523
"3405001","3415000",3410000.5,"Fst",0.0148405918444773,0,0.0413736657656004,0.0808296932550088
"3406001","3416000",3411000.5,"Fst",0.0129253243378593,0,0.0445156206728152,0.0845811609541038
"3407001","3417000",3412000.5,"Fst",0.0245917866560195,0,0.0323897239518366,0.0706838170013292
"3408001","3418000",3413000.5,"Fst",0.0233450119859857,0,0.0337593117409653,0.0713737257219286
"3409001","3419000",3414000.5,"Fst",0.0233284369729612,0,0.0304092967332901,0.0673261603296849
"3410001","3420000",3415000.5,"Fst",0.0227166772621317,0,0.0295960390968382,0.0654197563859229
"3411001","3421000",3416000.5,"Fst",0.0240770060889635,0,0.0303444962030166,0.0685235113478051
"3412001","3422000",3417000.5,"Fst",0.0229428461833524,0,0.0297900713705247,0.0663977974050468
"3413001","3423000",3418000.5,"Fst",0.0138270279939182,0,0.0315265591099533,0.0668756647196068
"3414001","3424000",3419000.5,"Fst",0.0139846223428314,0,0.0319890838184124,0.0677264550473408
"3415001","3425000",3420000.5,"Fst",0.0140241120886284,0,0.0160415674819512,0.0277589926899172
"3416001","3426000",3421000.5,"Fst",0.0131808228826924,0,0.0151839396890402,0.026292110841683
"3417001","3427000",3422000.5,"Fst",0.0113935049418921,0,0.013456506420499,0.0265278406518787
"3418001","3428000",3423000.5,"Fst",0.00684676958261854,0,0.0251670924120596,0.0616734102767058
"3419001","3429000",3424000.5,"Fst",0.00121918897429107,0,0.025893343659312,0.0593977869944751
"3420001","3430000",3425000.5,"Fst",0.000387655822438493,0,0.0251676404909146,0.0584089271872865
"3421001","3431000",3426000.5,"Fst",0.00127716649455789,0,0.0236206602710232,0.0556268470080226
"3422001","3432000",3427000.5,"Fst",0.00478556052326551,0,0.0245114445406731,0.0585361730303916
"3423001","3433000",3428000.5,"Fst",0.000781853041507907,0,0.0260425552959213,0.0619905751320018
"3424001","3434000",3429000.5,"Fst",0.000817101890524086,0,0.0271287249283889,0.064788945892475
"3425001","3435000",3430000.5,"Fst",0.00155413263806348,0,0.0257477479203877,0.0626893288979329
"3426001","3436000",3431000.5,"Fst",0.00159655480279397,0,0.0262909617780043,0.0637372859605216
"3427001","3437000",3432000.5,"Fst",0.00206244959096669,0,0.0299382139850072,0.0695389115100076
"3428001","3438000",3433000.5,"Fst",0.00748098562825406,0,0.0102860813015546,0.0143739112053822
"3429001","3439000",3434000.5,"Fst",0.00806184714034541,0,0.0112303594100154,0.0155686259029725
"3430001","3440000",3435000.5,"Fst",0,0,0.0410493423443065,0.118877833171864
"3431001","3441000",3436000.5,"Fst",0,0,0.0439698231373235,0.12639570640879
"3432001","3442000",3437000.5,"Fst",0,0,0.0425963459612598,0.125332587735517
"3433001","3443000",3438000.5,"Fst",0,0,0.0448277516385023,0.129799543599504
"3434001","3444000",3439000.5,"Fst",0,0,0.0425760272956629,0.123089079750194
"3435001","3445000",3440000.5,"Fst",0,0,0.0416268589104569,0.116160794554561
"3436001","3446000",3441000.5,"Fst",0,0,0.0377950853576145,0.105739408225296
"3437001","3447000",3442000.5,"Fst",0,0,0.0345227278931495,0.0980189773851641
"3438001","3448000",3443000.5,"Fst",0,0,0.031074871950035,0.0892982932627542
"3439001","3449000",3444000.5,"Fst",0,0,0.0311516705761951,0.0890130964425394
"3440001","3450000",3445000.5,"Fst",0.00369840133619659,0,0.0117619407370101,0.0191573326168365
"3441001","3451000",3446000.5,"Fst",0.00830527497194156,0,0.0109909200808527,0.0214831239221482
"3442001","3452000",3447000.5,"Fst",0.00978500084645317,0,0.0111656886529939,0.0216454560659277
"3443001","3453000",3448000.5,"Fst",0.0131971699372579,0,0.010394352612263,0.0184462518530389
"3444001","3454000",3449000.5,"Fst",0.00140422310964949,0,0.0318337653673542,0.0543872053872055
"3445001","3455000",3450000.5,"Fst",0.00163872770255735,0,0.0319513218358295,0.0571004159239453
"3446001","3456000",3451000.5,"Fst",0.00142938822184113,0,0.0345874763744697,0.060984271943176
"3447001","3457000",3452000.5,"Fst",0.0163992869875221,0,0.0364019278361205,0.0844719213857823
"3448001","3458000",3453000.5,"Fst",0.0167220593027045,0,0.0398893546097606,0.0926255115734637
"3449001","3459000",3454000.5,"Fst",0.0151837802485284,0,0.0370126924755636,0.0866430636131627
"3450001","3460000",3455000.5,"Fst",0.0175139330761073,0,0.0327344031371299,0.0754578044197984
"3451001","3461000",3456000.5,"Fst",0.0185217446727145,0,0.0316031639522619,0.0707201752868593
"3452001","3462000",3457000.5,"Fst",0.0176299738600058,0,0.030575427566183,0.0685350079670073
"3453001","3463000",3458000.5,"Fst",0.0123301234970894,0,0.0398458169113677,0.0682517621364043
"3454001","3464000",3459000.5,"Fst",0.0220473787736253,0,0.0296444323109266,0.06121813011368
"3455001","3465000",3460000.5,"Fst",0.0111957598801705,0,0.0338101821804014,0.0620572550715239
"3456001","3466000",3461000.5,"Fst",0.0111012096534642,0,0.0336340389119986,0.0615449899942824
"3457001","3467000",3462000.5,"Fst",0.00289523925582924,0,0.0347476782693029,0.0666749307060301
"3458001","3468000",3463000.5,"Fst",0.00286832468107379,0,0.0344674448014828,0.0661568995189322
"3459001","3469000",3464000.5,"Fst",0.00323301272106735,0,0.034674765302543,0.0668288212890432
"3460001","3470000",3465000.5,"Fst",0,0,0.0385411034810392,0.0723812176958397
"3461001","3471000",3466000.5,"Fst",0.00537443776880409,0,0.0370921165168466,0.0656167837302336
"3462001","3472000",3467000.5,"Fst",0.00577679522799479,0,0.0348189777371024,0.0594033110042198
"3463001","3473000",3468000.5,"Fst",0.00768370060290124,0,0.0271755139084075,0.0502020128683867
"3464001","3474000",3469000.5,"Fst",0.011126754706445,0,0.0259725146929046,0.0455469187502423
"3465001","3475000",3470000.5,"Fst",0.0276089440182798,0,0.0163797693326827,0.0347165848476891
"3466001","3476000",3471000.5,"Fst",0.0274969655825053,0,0.0152840040289151,0.0342364582690448
"3467001","3477000",3472000.5,"Fst",0.0238322279341909,0,0.0132070458010588,0.0295284328549575
"3468001","3478000",3473000.5,"Fst",0.0209315375982041,0,0.0118175329300715,0.0283123555512607
"3469001","3479000",3474000.5,"Fst",0.0215295815295815,0,0.01215268012596,0.0292369357682202
"3470001","3480000",3475000.5,"Fst",0.023389791450628,0,0.0125611259375532,0.0286596736596737
"3471001","3481000",3476000.5,"Fst",0.0114816410551006,0,0.0124286074581977,0.0229824309445161
"3472001","3482000",3477000.5,"Fst",0.00446965340582361,0,0.0233785003088592,0.0556084054541095
"3473001","3483000",3478000.5,"Fst",0.007477911847244,0,0.0223936433245518,0.0530116802057214
"3474001","3484000",3479000.5,"Fst",0.011036982956119,0,0.0205281880607439,0.0521614880489554
"3475001","3485000",3480000.5,"Fst",0.0112108426032477,0,0.0208519700115746,0.0531323448485129
"3476001","3486000",3481000.5,"Fst",0.0107068286217477,0,0.0221946225154349,0.0563767580276489
"3477001","3487000",3482000.5,"Fst",0.012332309510993,0,0.025724337810962,0.0670469760328954
"3478001","3488000",3483000.5,"Fst",0.0172677453592393,0,0.0263355337407412,0.0665351471882891
"3479001","3489000",3484000.5,"Fst",0.0166834086723587,0,0.0253180134165161,0.0643581280573842
"3480001","3490000",3485000.5,"Fst",0.0148402124695229,0,0.0258885347747696,0.064723005841264
"3481001","3491000",3486000.5,"Fst",0.0157091830856089,0,0.0273417714937373,0.0684111324311015
"3482001","3492000",3487000.5,"Fst",0.0363111635838909,0,0.0159290949667091,0.026659982174688
"3483001","3493000",3488000.5,"Fst",0.0323135198135198,0,0.0158586023680327,0.0305050505050505
"3484001","3494000",3489000.5,"Fst",0.0267728834739144,0,0.0158954464947544,0.0259232086084618
"3485001","3495000",3490000.5,"Fst",0.0263217953594521,0,0.0136951188444863,0.02489898989899
"3486001","3496000",3491000.5,"Fst",0.0236662036322478,0,0.0129916324588752,0.0233408177118689
"3487001","3497000",3492000.5,"Fst",0.0254774822460412,0,0.0159508237887055,0.0255783021050197
"3488001","3498000",3493000.5,"Fst",0.0229836101777799,0,0.0126803006194898,0.0227146201050168
"3489001","3499000",3494000.5,"Fst",0.0261284066853191,0,0.0122873789949751,0.0232935719019218
"3490001","3500000",3495000.5,"Fst",0.0275411166245358,0,0.013007897538574,0.0245761230554098
"3491001","3501000",3496000.5,"Fst",0.0247879567210899,0,0.017620645502597,0.0354076479076478
"3492001","3502000",3497000.5,"Fst",0.0238171185539606,0,0.015172247483859,0.0286613019638261
"3493001","3503000",3498000.5,"Fst",0.0225854605164949,0,0.0145442065210882,0.0273553141477668
"3494001","3504000",3499000.5,"Fst",0.0165336080350246,0,0.0169807731040123,0.0306748930121429
"3495001","3505000",3500000.5,"Fst",0.0135815047021944,0,0.0172588886534839,0.0353268700621496
"3496001","3506000",3501000.5,"Fst",0.0132614018977655,0,0.0168917797154737,0.0313279394152592
"3497001","3507000",3502000.5,"Fst",0.00973722255293819,0,0.0184201332226856,0.0370120265443965
"3498001","3508000",3503000.5,"Fst",0.00958757701496282,0,0.0207694523697144,0.0401023975445757
"3499001","3509000",3504000.5,"Fst",0.00537060748328366,0,0.0196692575236055,0.0406264236051469
"3500001","3510000",3505000.5,"Fst",0.00522048782174289,0,0.0191064610855745,0.0392521172873467
"3501001","3511000",3506000.5,"Fst",0.00999159877303002,0,0.0128884487930959,0.0206289159475114
"3502001","3512000",3507000.5,"Fst",0.00623836902480357,0,0.014541054831436,0.0252659574468084
"3503001","3513000",3508000.5,"Fst",0.00731834473769966,0,0.0169063528381652,0.0291355184972206
"3504001","3514000",3509000.5,"Fst",0.00778725469800989,0,0.0179643973365947,0.0308984957311289
"3505001","3515000",3510000.5,"Fst",0.0103074541030747,0,0.0209075119409468,0.0250000000000001
"3506001","3516000",3511000.5,"Fst",0.015044427078811,0,0.0262847269245444,0.0552594288205799
"3507001","3517000",3512000.5,"Fst",0.0104254985084,0,0.0217906986158832,0.0475063580326738
"3508001","3518000",3513000.5,"Fst",0,0,0.0354003023469151,0.078607117879777
"3509001","3519000",3514000.5,"Fst",0,0,0.0299732919778973,0.0672562436093175
"3510001","3520000",3515000.5,"Fst",0,0,0.0288126547151056,0.0657945370123936
"3511001","3521000",3516000.5,"Fst",0,0,0.0293636805339269,0.0696888672180367
"3512001","3522000",3517000.5,"Fst",0,0,0.0285246908842647,0.0674541187334079
"3513001","3523000",3518000.5,"Fst",0,0,0.0412798798953868,0.0843980993575378
"3514001","3524000",3519000.5,"Fst",0,0,0.0374626629019857,0.0776881019381597
"3515001","3525000",3520000.5,"Fst",0,0,0.0364261291018639,0.0742717059025044
"3516001","3526000",3521000.5,"Fst",0,0,0.0387331288427518,0.0763382186621894
"3517001","3527000",3522000.5,"Fst",0,0,0.0389818235306392,0.0737616995644519
"3518001","3528000",3523000.5,"Fst",0,0,0.0279990283071191,0.0504237420646088
"3519001","3529000",3524000.5,"Fst",0.00107485107485117,0,0.0327447274671388,0.0564923572003219
"3520001","3530000",3525000.5,"Fst",0.00115752115752121,0,0.0318072008041261,0.0544272418508227
"3521001","3531000",3526000.5,"Fst",0,0,0.0282608606391729,0.050315541091606
"3522001","3532000",3527000.5,"Fst",0,0,0.028685102732296,0.0510627355496089
"3523001","3533000",3528000.5,"Fst",0.00877488085225675,0,0.0127286842030515,0.0225426794519191
"3524001","3534000",3529000.5,"Fst",0.00443581411323346,0,0.0126339464208069,0.0251273914109164
"3525001","3535000",3530000.5,"Fst",0.00320512820512819,0,0.0286598072597343,0.063901564926532
"3526001","3536000",3531000.5,"Fst",0.00270343336036771,0,0.0278649301905383,0.0624649397789143
"3527001","3537000",3532000.5,"Fst",0,0,0.0296800316620693,0.0643864063912438
"3528001","3538000",3533000.5,"Fst",0,0,0.043583710658385,0.0895027225848329
"3529001","3539000",3534000.5,"Fst",0.00202993207207536,0,0.0420497435126145,0.0856176700822996
"3530001","3540000",3535000.5,"Fst",0.00246636344605788,0,0.0440407183635145,0.0896295416736546
"3531001","3541000",3536000.5,"Fst",0.00494999522464634,0,0.0480265638710043,0.0959365910278525
"3532001","3542000",3537000.5,"Fst",0.00444570257737509,0,0.0471095422536542,0.0952833377488284
"3533001","3543000",3538000.5,"Fst",0.00444570257737509,0,0.0471080312165585,0.0952833377488284
"3534001","3544000",3539000.5,"Fst",0.00442470631574632,0,0.0481005587728131,0.0959212746262973
"3535001","3545000",3540000.5,"Fst",0.0026870648229872,0,0.0395763718324307,0.0853731158116743
"3536001","3546000",3541000.5,"Fst",0.00180061484409311,0,0.0297488993883025,0.0674223530017849
"3537001","3547000",3542000.5,"Fst",0.001189787989191,0,0.0233995071860978,0.0493089758082974
"3538001","3548000",3543000.5,"Fst",0.00283446936541953,0,0.0133919150347496,0.0280225697218808
"3539001","3549000",3544000.5,"Fst",0.000535005119566057,0,0.0143959682825173,0.0294656388730977
"3540001","3550000",3545000.5,"Fst",0.000535005119566057,0,0.0143959682825173,0.0294656388730977
"3541001","3551000",3546000.5,"Fst",0,0,0.0149953273334099,0.0310085176469922
"3542001","3552000",3547000.5,"Fst",0.000487862196778099,0,0.0154718078582746,0.0322364330063777
"3543001","3553000",3548000.5,"Fst",0.000494660531669466,0,0.015660345841657,0.032614248884547
"3544001","3554000",3549000.5,"Fst",0.00104842847264053,0,0.0160793932219307,0.0337514557510539
"3545001","3555000",3550000.5,"Fst",0.00107615514951687,0,0.0165020301028289,0.0346681799210544
"3546001","3556000",3551000.5,"Fst",0.0025529716539896,0,0.0144190262146199,0.0195412581643082
"3547001","3557000",3552000.5,"Fst",0.0141545750666272,0,0.0211432506887052,0.0265808451039989
"3548001","3558000",3553000.5,"Fst",0,0,0,0
"3549001","3559000",3554000.5,"Fst",0,0,0,0
"3550001","3560000",3555000.5,"Fst",0,0,0,0
"3551001","3561000",3556000.5,"Fst",0,0,0,0
"3552001","3562000",3557000.5,"Fst",0,0,0,0
"3553001","3563000",3558000.5,"Fst",0,0,0,0
"3554001","3564000",3559000.5,"Fst",0,0,0,0
"3555001","3565000",3560000.5,"Fst",0,0,0,0
"3556001","3566000",3561000.5,"Fst",0,0,0,0
"3557001","3567000",3562000.5,"Fst",0,0,0,0
"3558001","3568000",3563000.5,"Fst",0,0,0,0
"3559001","3569000",3564000.5,"Fst",0,0,0,0
"3560001","3570000",3565000.5,"Fst",0,0,0,0
"3561001","3571000",3566000.5,"Fst",0,0,0,0
"3562001","3572000",3567000.5,"Fst",0,0,0,0
"3563001","3573000",3568000.5,"Fst",0,0,0,0
"3564001","3574000",3569000.5,"Fst",0,0,0,0
"3565001","3575000",3570000.5,"Fst",0,0,0,0
"3566001","3576000",3571000.5,"Fst",0.0363636363636364,0,0.0425531914893618,0.0449172576832151
"3567001","3577000",3572000.5,"Fst",0.0202492696502964,0,0.0167984443445532,0.0276755999299353
"3568001","3578000",3573000.5,"Fst",0.0202492696502964,0,0.0167984443445532,0.0276755999299353
"3569001","3579000",3574000.5,"Fst",0.00316307636724922,0,0.0343275749044922,0.0560364733132657
"3570001","3580000",3575000.5,"Fst",0.00316307636724922,0,0.0343275749044922,0.0560364733132657
"3571001","3581000",3576000.5,"Fst",0.000304619622801483,0,0.025340182922926,0.0409640707169547
"3572001","3582000",3577000.5,"Fst",0.00077878661246833,0,0.0241277377828041,0.0396651593735007
"3573001","3583000",3578000.5,"Fst",0.000396118043176852,0,0.0218644605906671,0.0360445241469073
"3574001","3584000",3579000.5,"Fst",0.000396118043176852,0,0.0218644605906671,0.0360445241469073
"3575001","3585000",3580000.5,"Fst",0.000391899212743518,0,0.0216267636571527,0.0356529196604716
"3576001","3586000",3581000.5,"Fst",0.000386750386750401,0,0.0212564219132224,0.0343685551376927
"3577001","3587000",3582000.5,"Fst",0,0,0.0263149750700037,0.046128517775377
"3578001","3588000",3583000.5,"Fst",0,0,0.0251671344112023,0.0430700335183327
"3579001","3589000",3584000.5,"Fst",0.00505519983532154,0,0.0118202948077571,0.0180127095497766
"3580001","3590000",3585000.5,"Fst",0.00495597404114745,0,0.0115965969035543,0.0176653738108263
"3581001","3591000",3586000.5,"Fst",0.0121245998272271,0,0.0143605345694189,0.0223886129438803
"3582001","3592000",3587000.5,"Fst",0.0147310138421249,0,0.0171328133520165,0.0273363000635728
"3583001","3593000",3588000.5,"Fst",0.0194027655192703,0,0.0163830555997748,0.026791958041958
"3584001","3594000",3589000.5,"Fst",0.0184496310877221,0,0.0158062234805774,0.0251901405646479
"3585001","3595000",3590000.5,"Fst",0.0162652162652163,0,0.0143631816886919,0.0222144342421906
"3586001","3596000",3591000.5,"Fst",0.0134668499247332,0,0.0131716823382251,0.0220460928783041
"3587001","3597000",3592000.5,"Fst",0.00649314158726921,0,0.0304758381420024,0.0565072078094061
"3588001","3598000",3593000.5,"Fst",0.00263725851450225,0,0.0304796926515352,0.0547061031994609
"3589001","3599000",3594000.5,"Fst",0.00259518259518254,0,0.0300078950265923,0.0538406444477626
"3590001","3600000",3595000.5,"Fst",0.0054246575342467,0,0.028895038767874,0.0515015197568389
"3591001","3601000",3596000.5,"Fst",0.00721477979161189,0,0.0287166579620377,0.0508231690641581
"3592001","3602000",3597000.5,"Fst",0.0067265206355176,0,0.0278177512942395,0.0490082253337825
"3593001","3603000",3598000.5,"Fst",0.00555583786439018,0,0.0302056850245025,0.0551395563434551
"3594001","3604000",3599000.5,"Fst",0.00527454669104344,0,0.0321286204167764,0.0569022433194383
"3595001","3605000",3600000.5,"Fst",0.00532417195207879,0,0.0306523470022665,0.0568945224083295
"3596001","3606000",3601000.5,"Fst",0.00540110631529089,0,0.0311564098635128,0.057679951535623
"3597001","3607000",3602000.5,"Fst",0.0124979671491299,0,0.0117335222022214,0.0186115702479338
"3598001","3608000",3603000.5,"Fst",0.012901871904642,0,0.0120407129168697,0.0190355437217361
"3599001","3609000",3604000.5,"Fst",0.0103745708167343,0,0.0113654354442779,0.0187922043592146
"3600001","3610000",3605000.5,"Fst",0.0104044077134985,0,0.0100694989598619,0.0189181121687506
"3601001","3611000",3606000.5,"Fst",0.00991735537190075,0,0.00918953824880427,0.0169436719912047
"3602001","3612000",3607000.5,"Fst",0.00809096448950208,0,0.00949202606702911,0.0171838682281423
"3603001","3613000",3608000.5,"Fst",0.00740351491796576,0,0.00988296702048593,0.0170788949498094
"3604001","3614000",3609000.5,"Fst",0.007069777814948,0,0.00942921282589169,0.0161951028371093
"3605001","3615000",3610000.5,"Fst",0.00787244169443124,0,0.00955431602252198,0.0161481130017624
"3606001","3616000",3611000.5,"Fst",0.00622241835834059,0,0.0107086465945579,0.0183189151274257
"3607001","3617000",3612000.5,"Fst",0.0170334631228487,0,0.0107583762438804,0.0176493550353732
"3608001","3618000",3613000.5,"Fst",0.0207371978398284,0,0.00944215305044011,0.0171089680497101
"3609001","3619000",3614000.5,"Fst",0.0223911845730027,0,0.0111611761695309,0.0184388959304973
"3610001","3620000",3615000.5,"Fst",0.0214486326681449,0,0.0165136451822135,0.0240522466039708
"3611001","3621000",3616000.5,"Fst",0.0211496407372695,0,0.0166644954011089,0.0241033790196209
"3612001","3622000",3617000.5,"Fst",0.0262671255989743,0,0.0152213957680925,0.027331242146057
"3613001","3623000",3618000.5,"Fst",0.0261100803957948,0,0.0145190465288988,0.0257884972170686
"3614001","3624000",3619000.5,"Fst",0.0242904154668859,0,0.0142696468399515,0.0247412039972885
"3615001","3625000",3620000.5,"Fst",0.0246092726427454,0,0.0140333349198049,0.0239626270953558
"3616001","3626000",3621000.5,"Fst",0.0267660326257546,0,0.0150277825831101,0.0256929316543577
"3617001","3627000",3622000.5,"Fst",0.0216550793511103,0,0.0149637271309331,0.0212759781725298
"3618001","3628000",3623000.5,"Fst",0.0185280261229629,0,0.0129741307688028,0.0201926294297858
"3619001","3629000",3624000.5,"Fst",0.0239787472368433,0,0.0126955560810713,0.0215650322351688
"3620001","3630000",3625000.5,"Fst",0.0170232046344542,0,0.0136730203246711,0.0270565858297669
"3621001","3631000",3626000.5,"Fst",0.0173254281949934,0,0.0139709278244327,0.0276079573022805
"3622001","3632000",3627000.5,"Fst",0.0098452078790261,0,0.014438743572919,0.0265039946549728
"3623001","3633000",3628000.5,"Fst",0.00878324271926501,0,0.0185473199343988,0.0380768009760408
"3624001","3634000",3629000.5,"Fst",0.0106400973657609,0,0.017126815265113,0.0365285795851044
"3625001","3635000",3630000.5,"Fst",0.00880906692252326,0,0.0163952743135949,0.0366043567475369
"3626001","3636000",3631000.5,"Fst",0.0270808572782425,0,0.0178844462699403,0.0416040555366398
"3627001","3637000",3632000.5,"Fst",0.0267449175297276,0,0.0176605697049073,0.0410303478020789
"3628001","3638000",3633000.5,"Fst",0.0266855791962176,0,0.018286015502125,0.0437984496124032
"3629001","3639000",3634000.5,"Fst",0.0238506603117863,0,0.0192403510909259,0.046858874959482
"3630001","3640000",3635000.5,"Fst",0.0303541387167527,0,0.0234220768783613,0.0538252803829923
"3631001","3641000",3636000.5,"Fst",0.0213317075839645,0,0.0237788512144809,0.0528263826136167
"3632001","3642000",3637000.5,"Fst",0.0216280131780671,0,0.0248001680692063,0.0556817938134341
"3633001","3643000",3638000.5,"Fst",0.0232576961988729,0,0.0277140191550967,0.0649444936028187
"3634001","3644000",3639000.5,"Fst",0.0245960823939289,0,0.0297822744781131,0.0713736404584905
"3635001","3645000",3640000.5,"Fst",0.0278316703621582,0,0.0313712152438678,0.0759542190063749
"3636001","3646000",3641000.5,"Fst",0,0,0.036726775705247,0.103256493267935
"3637001","3647000",3642000.5,"Fst",0,0,0.0356316041345914,0.100432299354176
"3638001","3648000",3643000.5,"Fst",0,0,0.0419733682442842,0.110714780212173
"3639001","3649000",3644000.5,"Fst",0,0,0.0379305383411508,0.10175017158545
"3640001","3650000",3645000.5,"Fst",0,0,0.0346370367251514,0.0915585618073899
"3641001","3651000",3646000.5,"Fst",0.00286770140428683,0,0.0174405258374635,0.023889379229185
"3642001","3652000",3647000.5,"Fst",0.0117552887364207,0,0.0138266550420891,0.0216889064565813
"3643001","3653000",3648000.5,"Fst",0.0113691661136917,0,0.0134917138598473,0.0213302145085673
"3644001","3654000",3649000.5,"Fst",0.0116110600959086,0,0.0126990785583575,0.0191285025036908
"3645001","3655000",3650000.5,"Fst",0.0113228089275994,0,0.0119439694929471,0.0179636363636363
"3646001","3656000",3651000.5,"Fst",0.0121555498326036,0,0.0111504247639063,0.0168452345590401
"3647001","3657000",3652000.5,"Fst",0.0127326679255463,0,0.0116485329584689,0.0176477237941972
"3648001","3658000",3653000.5,"Fst",0.0122248122248122,0,0.0111422859519316,0.0168452345590401
"3649001","3659000",3654000.5,"Fst",0.0155957669664463,0,0.0120926421226049,0.0198222999104777
"3650001","3660000",3655000.5,"Fst",0.011764705882353,0,0.0209676188505644,0.042577637980068
"3651001","3661000",3656000.5,"Fst",0.0152084757347917,0,0.0236657496980385,0.042040969436018
"3652001","3662000",3657000.5,"Fst",0.0114898152058072,0,0.0238015985688223,0.0511355252391109
"3653001","3663000",3658000.5,"Fst",0.0117630105401845,0,0.0242647050142243,0.0522692993281229
"3654001","3664000",3659000.5,"Fst",0.0118152229607338,0,0.0259072338308638,0.0554174323496559
"3655001","3665000",3660000.5,"Fst",0.0116838785569435,0,0.0269239762976309,0.0563838383838384
"3656001","3666000",3661000.5,"Fst",0.0113657181356406,0,0.0272902552520291,0.0601879833072034
"3657001","3667000",3662000.5,"Fst",0.0111896137965986,0,0.0269736100696207,0.0593571903406758
"3658001","3668000",3663000.5,"Fst",0.0117231134878194,0,0.026561081068677,0.0588932481410903
"3659001","3669000",3664000.5,"Fst",0.0105504658993031,0,0.0278977238565767,0.0624782509427873
"3660001","3670000",3665000.5,"Fst",0.0132528676596473,0,0.0266545112430713,0.0584359176482309
"3661001","3671000",3666000.5,"Fst",0.0125228331216355,0,0.0294325124650474,0.065109666471755
"3662001","3672000",3667000.5,"Fst",0.0207365131131947,0,0.0121144414567278,0.0227006911217438
"3663001","3673000",3668000.5,"Fst",0.0628628202398693,0,0.03584106603555,0.0837352650322455
"3664001","3674000",3669000.5,"Fst",0.0579470595280873,0,0.0340463529409139,0.0824263816714056
"3665001","3675000",3670000.5,"Fst",0.0463424003247013,0,0.0392843230830197,0.105090359455531
"3666001","3676000",3671000.5,"Fst",0.0452792386676685,0,0.0387460706973611,0.103350263331609
"3667001","3677000",3672000.5,"Fst",0.0437863936838179,0,0.0371440285821968,0.0998714228612646
"3668001","3678000",3673000.5,"Fst",0.0423755193741796,0,0.0359550905340808,0.0980381087527474
"3669001","3679000",3674000.5,"Fst",0.0428858546958675,0,0.0364796040406921,0.0940781973369416
"3670001","3680000",3675000.5,"Fst",0.045022832948742,0,0.0390233092490232,0.10144270244336
"3671001","3681000",3676000.5,"Fst",0.0430605780282005,0,0.0372991788217152,0.102494981244917
"3672001","3682000",3677000.5,"Fst",0.0418556002415994,0,0.0399542942563837,0.107433424586304
"3673001","3683000",3678000.5,"Fst",0.00811769143719354,0,0.0260639906671275,0.0990031323721414
"3674001","3684000",3679000.5,"Fst",0.00709687549065785,0,0.0269300651728516,0.103153807377683
"3675001","3685000",3680000.5,"Fst",0.00864048721690014,0,0.0141255780910294,0.0307394356725933
"3676001","3686000",3681000.5,"Fst",0.0124227348107945,0,0.0145173310439836,0.0344870237706597
"3677001","3687000",3682000.5,"Fst",0.0137808401867081,0,0.0154766856501155,0.0343490623547918
"3678001","3688000",3683000.5,"Fst",0.0150749923477195,0,0.0166686010922433,0.0362860617219337
"3679001","3689000",3684000.5,"Fst",0.0118464646464647,0,0.0165689087112711,0.0382437682881739
"3680001","3690000",3685000.5,"Fst",0.0104514977359805,0,0.0153463728680155,0.0367261560967561
"3681001","3691000",3686000.5,"Fst",0.00964434441291273,0,0.0154895402815612,0.0360596340707861
"3682001","3692000",3687000.5,"Fst",0.0076620843482561,0,0.0133292496848411,0.0314279997332089
"3683001","3693000",3688000.5,"Fst",0.00586257899690734,0,0.012791649181868,0.0270526493990181
"3684001","3694000",3689000.5,"Fst",0.00683760683760692,0,0.0130207419536776,0.0283024896163582
"3685001","3695000",3690000.5,"Fst",0.00662161180146792,0,0.00958177311830166,0.0138198851356587
"3686001","3696000",3691000.5,"Fst",0.000561789176398819,0,0.00831613863351469,0.01134268591541
"3687001","3697000",3692000.5,"Fst",0.0180716253443527,0,0.0262582793338993,0.0617523401554815
"3688001","3698000",3693000.5,"Fst",0.01796339885913,0,0.0270030487112792,0.06458352574167
"3689001","3699000",3694000.5,"Fst",0.0154726264931676,0,0.0246016496390668,0.0590861173403868
"3690001","3700000",3695000.5,"Fst",0.0143389733295096,0,0.0241252917462339,0.0567312163997247
"3691001","3701000",3696000.5,"Fst",0.0146956619213092,0,0.0241924045413014,0.0563264783137932
"3692001","3702000",3697000.5,"Fst",0.0163619838466462,0,0.0265112784587145,0.0624015708184044
"3693001","3703000",3698000.5,"Fst",0.0162515566625157,0,0.0254499030148363,0.0608943728704207
"3694001","3704000",3699000.5,"Fst",0.0166514644775514,0,0.025662150781392,0.0606398631989183
"3695001","3705000",3700000.5,"Fst",0.0170699803793329,0,0.0267876821059709,0.0644991137591562
"3696001","3706000",3701000.5,"Fst",0.0181417995064364,0,0.0267676484357844,0.0663018577027892
"3697001","3707000",3702000.5,"Fst",0.00166689314671375,0,0.011136958851194,0.0169647981198133
"3698001","3708000",3703000.5,"Fst",0.00385919586630057,0,0.0102612070645914,0.0142998047464723
"3699001","3709000",3704000.5,"Fst",0.00491210291488964,0,0.00784749115589315,0.0107339125520943
"3700001","3710000",3705000.5,"Fst",0.00656220795787077,0,0.00687963905845161,0.0103273499617276
"3701001","3711000",3706000.5,"Fst",0.0112688619638741,0,0.00827318780672846,0.0123220358620312
"3702001","3712000",3707000.5,"Fst",0.0114403617936556,0,0.0117096855720333,0.0239929746859607
"3703001","3713000",3708000.5,"Fst",0.0143926640997545,0,0.0116641895063362,0.026058171761734
"3704001","3714000",3709000.5,"Fst",0.0138414146313807,0,0.0119099017538455,0.025632542439096
"3705001","3715000",3710000.5,"Fst",0.0127120100046746,0,0.0222635180232992,0.0561916390990443
"3706001","3716000",3711000.5,"Fst",0.0114310132204825,0,0.0203682151476607,0.0532593648164134
"3707001","3717000",3712000.5,"Fst",0.00991064371035233,0,0.0210189161192185,0.0565340291367689
"3708001","3718000",3713000.5,"Fst",0.00507289806692024,0,0.0233565526823245,0.0471891815349759
"3709001","3719000",3714000.5,"Fst",0.00592203120135604,0,0.0233395230221857,0.0476008112622285
"3710001","3720000",3715000.5,"Fst",0.00642787414582868,0,0.0251356475274017,0.0512748348626212
"3711001","3721000",3716000.5,"Fst",0.0112721040741607,0,0.0307946495364557,0.0503399632786745
"3712001","3722000",3717000.5,"Fst",0.0151033153107842,0,0.0293021707048914,0.0517815849269067
"3713001","3723000",3718000.5,"Fst",0.0133333333333333,0,0.0298736379201382,0.0539189976689978
"3714001","3724000",3719000.5,"Fst",0.013570822731128,0,0.0304381683207214,0.0548418167000073
"3715001","3725000",3720000.5,"Fst",0.0145204168047425,0,0.0350850578377642,0.0744796204860102
"3716001","3726000",3721000.5,"Fst",0.0163927568759,0,0.0378927134413405,0.0818264881559173
"3717001","3727000",3722000.5,"Fst",0.0168950793848194,0,0.0389748260166787,0.0841757746653927
"3718001","3728000",3723000.5,"Fst",0.0293203683696043,0,0.039498786812819,0.101681890677106
"3719001","3729000",3724000.5,"Fst",0.0287193543474951,0,0.0378819935189811,0.092729287705276
"3720001","3730000",3725000.5,"Fst",0.02696804707694,0,0.0356750215109108,0.087310671936759
"3721001","3731000",3726000.5,"Fst",0.0428297932596998,0,0.0266808992379075,0.045928833438471
"3722001","3732000",3727000.5,"Fst",0.0283734079929733,0,0.028297055093232,0.0606494786447248
"3723001","3733000",3728000.5,"Fst",0.0299061365391119,0,0.0285679885177596,0.0666048853619424
"3724001","3734000",3729000.5,"Fst",0.016145264657014,0,0.0341568959617026,0.077944610507769
"3725001","3735000",3730000.5,"Fst",0.0105956112852664,0,0.0337963662551409,0.101541397761891
"3726001","3736000",3731000.5,"Fst",0.0147205723785517,0,0.037238975945874,0.122739949236988
"3727001","3737000",3732000.5,"Fst",0.0144647179129938,0,0.0367900314466054,0.121586692717202
"3728001","3738000",3733000.5,"Fst",0.0144587520265106,0,0.0368047367538672,0.121586692717202
"3729001","3739000",3734000.5,"Fst",0.0125873338993627,0,0.0344220235360996,0.116507183592893
"3730001","3740000",3735000.5,"Fst",0.0116728675224496,0,0.034004281929263,0.113713753108805
"3731001","3741000",3736000.5,"Fst",0.00727979667065026,0,0.0407503254766527,0.127484975433703
"3732001","3742000",3737000.5,"Fst",0.00626914777838594,0,0.0448311140450918,0.137862301556025
"3733001","3743000",3738000.5,"Fst",0.00580927084225857,0,0.0430592734692181,0.13480700104323
"3734001","3744000",3739000.5,"Fst",0.00851793781642485,0,0.0382526760636973,0.134559619019055
"3735001","3745000",3740000.5,"Fst",0.0111960087281977,0,0.038328181714183,0.135919188928878
"3736001","3746000",3741000.5,"Fst",0.00519345593856169,0,0.0345141224248152,0.120705412903343
"3737001","3747000",3742000.5,"Fst",0.00570383374749439,0,0.0334153326747783,0.118746055595488
"3738001","3748000",3743000.5,"Fst",0.00388908081103334,0,0.0333457842753368,0.0939327365858155
"3739001","3749000",3744000.5,"Fst",0.00548076798255293,0,0.035294137646704,0.0905019816732334
"3740001","3750000",3745000.5,"Fst",0.00630155041448432,0,0.0363548652563669,0.0948174502284606
"3741001","3751000",3746000.5,"Fst",0.00811022849857801,0,0.0376788692620289,0.0728853430546873
"3742001","3752000",3747000.5,"Fst",0.0080124142363257,0,0.0372338423100145,0.0720169731258841
"3743001","3753000",3748000.5,"Fst",0.00730987158279384,0,0.0350391320330937,0.0744903863704325
"3744001","3754000",3749000.5,"Fst",0.00506671881816678,0,0.0365925146364124,0.0805851218519165
"3745001","3755000",3750000.5,"Fst",0.00281310074908636,0,0.0364848709039616,0.077687203945234
"3746001","3756000",3751000.5,"Fst",0.00208720388320904,0,0.0361665008303514,0.0783826970267647
"3747001","3757000",3752000.5,"Fst",0.00137737614375444,0,0.0393507536288835,0.0852862633850787
"3748001","3758000",3753000.5,"Fst",0.00511093699237497,0,0.0305309382562559,0.0586312904153984
"3749001","3759000",3754000.5,"Fst",0.0043505707517939,0,0.0179672228566006,0.0409146439335842
"3750001","3760000",3755000.5,"Fst",0.0045324821856314,0,0.018645455318888,0.0426997661784722
"3751001","3761000",3756000.5,"Fst",0,0,0.020376097438777,0.0447726479823236
"3752001","3762000",3757000.5,"Fst",0,0,0.0222576127670517,0.048780487804878
"3753001","3763000",3758000.5,"Fst",0,0,0.0167639353439971,0.0344096584886638
"3754001","3764000",3759000.5,"Fst",0.0114527629233513,0,0.0151007458002306,0.0303107058426206
"3755001","3765000",3760000.5,"Fst",0.00606230133502872,0,0.034165864934885,0.0753867655493888
"3756001","3766000",3761000.5,"Fst",0.00607419486343241,0,0.034229537323536,0.075527713027713
"3757001","3767000",3762000.5,"Fst",0.00583249468858327,0,0.0295441297224133,0.0673792574431324
"3758001","3768000",3763000.5,"Fst",0.00423262904483035,0,0.0285501886836776,0.0651744972254974
"3759001","3769000",3764000.5,"Fst",0.00135536998008678,0,0.029728741144886,0.0622318276339521
"3760001","3770000",3765000.5,"Fst",0,0,0.0395359657776406,0.0876444913262943
"3761001","3771000",3766000.5,"Fst",0,0,0.0482338278589802,0.111404774290521
"3762001","3772000",3767000.5,"Fst",0,0,0.0495513476380139,0.122353521904065
"3763001","3773000",3768000.5,"Fst",0,0,0.0481349295773472,0.121254737636381
"3764001","3774000",3769000.5,"Fst",0,0,0.0495120366656464,0.124214969945748
"3765001","3775000",3770000.5,"Fst",0,0,0.0541720667699827,0.140932575829679
"3766001","3776000",3771000.5,"Fst",0,0,0.0535642336773214,0.136490754959505
"3767001","3777000",3772000.5,"Fst",0,0,0.0547143544106232,0.140244147243255
"3768001","3778000",3773000.5,"Fst",0,0,0.0561515664239251,0.145129620340715
"3769001","3779000",3774000.5,"Fst",0,0,0.0534580574515829,0.143271933203525
"3770001","3780000",3775000.5,"Fst",0,0,0.0481443334931924,0.132651548985609
"3771001","3781000",3776000.5,"Fst",0,0,0.0362111926278145,0.103561452145679
"3772001","3782000",3777000.5,"Fst",0,0,0.0242360447274108,0.0568545902649414
"3773001","3783000",3778000.5,"Fst",0,0,0.0253335779767714,0.0520879188630968
"3774001","3784000",3779000.5,"Fst",0,0,0.0254520892236137,0.0602010033218088
"3775001","3785000",3780000.5,"Fst",0,0,0.0234756882790608,0.0563693605743029
"3776001","3786000",3781000.5,"Fst",0,0,0.0238922171951676,0.0574390674243438
"3777001","3787000",3782000.5,"Fst",0,0,0.0262211141347363,0.0513002466358011
"3778001","3788000",3783000.5,"Fst",0,0,0.0316996008597104,0.065373231833358
"3779001","3789000",3784000.5,"Fst",0,0,0.0337873440667021,0.0672927641550397
"3780001","3790000",3785000.5,"Fst",0,0,0.0384311374518924,0.0709797930493837
"3781001","3791000",3786000.5,"Fst",0,0,0.0388264038715441,0.0716689770305118
"3782001","3792000",3787000.5,"Fst",0,0,0.0377488166742826,0.0694224691757923
"3783001","3793000",3788000.5,"Fst",0,0,0.0400077484863339,0.0780759936243509
"3784001","3794000",3789000.5,"Fst",0,0,0.0493456637650503,0.0880789572314997
"3785001","3795000",3790000.5,"Fst",0,0,0.0503367480826426,0.0905904404873478
"3786001","3796000",3791000.5,"Fst",0,0,0.0503403670447995,0.0905039626606798
"3787001","3797000",3792000.5,"Fst",0.00124468306566117,0,0.0441433810125344,0.0878266593984671
"3788001","3798000",3793000.5,"Fst",0.00695155269140124,0,0.0359001063413343,0.0967862107311649
"3789001","3799000",3794000.5,"Fst",0.0120024950702242,0,0.0326687304111203,0.0845270234503201
"3790001","3800000",3795000.5,"Fst",0.0305554793330223,0,0.0127224081010552,0.0303411473222794
"3791001","3801000",3796000.5,"Fst",0.0321162128903245,0,0.0133381058922596,0.0318782539046857
"3792001","3802000",3797000.5,"Fst",0.0324322984445684,0,0.0157573763759914,0.031047619047619
"3793001","3803000",3798000.5,"Fst",0.0311845730027548,0,0.0166025186261189,0.0328616481557658
"3794001","3804000",3799000.5,"Fst",0.0288997762051655,0,0.0178290485141083,0.0363471396815316
"3795001","3805000",3800000.5,"Fst",0.0221348167882199,0,0.036932219202867,0.0928789191191041
"3796001","3806000",3801000.5,"Fst",0.0240322501512749,0,0.0358183433786415,0.0959203688903776
"3797001","3807000",3802000.5,"Fst",0.0182819366585033,0,0.0435158884113504,0.113912296642975
"3798001","3808000",3803000.5,"Fst",0.0194831601085615,0,0.0355107533924855,0.0945753265277467
"3799001","3809000",3804000.5,"Fst",0.0229982114617658,0,0.0353659731986782,0.0835726711679526
"3800001","3810000",3805000.5,"Fst",0.0231196354522298,0,0.0323922787179458,0.0788324851966323
"3801001","3811000",3806000.5,"Fst",0.0264481817700626,0,0.0333407815448759,0.0634447648946769
"3802001","3812000",3807000.5,"Fst",0.0310632862593634,0,0.0373426472638135,0.0717353644052167
"3803001","3813000",3808000.5,"Fst",0.0310632862593634,0,0.0373426472638135,0.0717353644052167
"3804001","3814000",3809000.5,"Fst",0.0314947843900617,0,0.034738204662447,0.0680969923335047
"3805001","3815000",3810000.5,"Fst",0.0336035661492978,0,0.0346189229272791,0.0701749847757317
"3806001","3816000",3811000.5,"Fst",0.0363193388005854,0,0.0346761243185242,0.0709911729259634
"3807001","3817000",3812000.5,"Fst",0.0366151332992518,0,0.0350933026902331,0.0715293731539218
"3808001","3818000",3813000.5,"Fst",0.0373874644416147,0,0.0372389527871823,0.0765065410413126
"3809001","3819000",3814000.5,"Fst",0.0347237076648841,0,0.036523779271504,0.0738437330236218
"3810001","3820000",3815000.5,"Fst",0.0321976370805971,0,0.0378997592074819,0.0752766428328225
"3811001","3821000",3816000.5,"Fst",0.0280771789753824,0,0.0305980651785898,0.0602321708463949
"3812001","3822000",3817000.5,"Fst",0.0124391455538996,0,0.0213700549817989,0.039415329768271
"3813001","3823000",3818000.5,"Fst",0.0142253394478913,0,0.0192392416341406,0.0352170352170353
"3814001","3824000",3819000.5,"Fst",0.0119939856581078,0,0.0257574174653246,0.0700841249650779
"3815001","3825000",3820000.5,"Fst",0.0124984710070752,0,0.0320604379154638,0.0921235851097733
"3816001","3826000",3821000.5,"Fst",0.00973788412181453,0,0.0303601834374749,0.0908100267506359
"3817001","3827000",3822000.5,"Fst",0.0122008164295528,0,0.0303647633461373,0.0736431015558812
"3818001","3828000",3823000.5,"Fst",0.0142008848520891,0,0.0280782470560865,0.0678302253942328
"3819001","3829000",3824000.5,"Fst",0.0101884520776772,0,0.0300267698993582,0.0704303093538192
"3820001","3830000",3825000.5,"Fst",0.00998612820663125,0,0.029435832641541,0.0689938608941291
"3821001","3831000",3826000.5,"Fst",0.0102640721328592,0,0.030252898610254,0.0707850990806079
"3822001","3832000",3827000.5,"Fst",0.00737412411620564,0,0.0257668641874182,0.0691525719521241
"3823001","3833000",3828000.5,"Fst",0.00673705488476184,0,0.0263525866075019,0.0710727250590741
"3824001","3834000",3829000.5,"Fst",0.00428608040156597,0,0.0265584010922656,0.0626902962937796
"3825001","3835000",3830000.5,"Fst",0.0169090503427853,0,0.0262936371340742,0.0497399274469338
"3826001","3836000",3831000.5,"Fst",0.0158685104533481,0,0.0286867419576627,0.0777076571185862
"3827001","3837000",3832000.5,"Fst",0.0151928682801166,0,0.0303765675286559,0.0905571090557108
"3828001","3838000",3833000.5,"Fst",0.0131841491841491,0,0.0317764328269193,0.0876724966365559
"3829001","3839000",3834000.5,"Fst",0.0170936165781527,0,0.0325882789605523,0.0915991138502062
"3830001","3840000",3835000.5,"Fst",0.0171083144427943,0,0.0324968587939335,0.0916749050791605
"3831001","3841000",3836000.5,"Fst",0.0160818185359496,0,0.0308806021149518,0.0871218091076246
"3832001","3842000",3837000.5,"Fst",0.0226870402365753,0,0.034551392214891,0.0926546643820074
"3833001","3843000",3838000.5,"Fst",0.0204135409104352,0,0.0330625803253851,0.0897940219916368
"3834001","3844000",3839000.5,"Fst",0.0219227954424718,0,0.0316137773715361,0.0870213031910145
"3835001","3845000",3840000.5,"Fst",0.0129239977590083,0,0.0296615462095394,0.0817536055105116
"3836001","3846000",3841000.5,"Fst",0.0120154423819345,0,0.0140815129660237,0.0348873591989987
"3837001","3847000",3842000.5,"Fst",0.0155115635410575,0,0.0177341439386665,0.0487141953189594
"3838001","3848000",3843000.5,"Fst",0.0163299838624746,0,0.0199973177232797,0.04940666736521
"3839001","3849000",3844000.5,"Fst",0.0135395224076088,0,0.01891078127757,0.0463344980442658
"3840001","3850000",3845000.5,"Fst",0.0137935700795738,0,0.0187642153582271,0.0454443209422878
"3841001","3851000",3846000.5,"Fst",0.0143527647102932,0,0.0185996121183195,0.0437107793669879
"3842001","3852000",3847000.5,"Fst",0.0146681018328734,0,0.0192773328966831,0.0422255691769015
"3843001","3853000",3848000.5,"Fst",0.0169283418472106,0,0.0192880088619749,0.0429778546741328
"3844001","3854000",3849000.5,"Fst",0.0119194541041761,0,0.0196032663870888,0.0421346800559134
"3845001","3855000",3850000.5,"Fst",0.0117027204927028,0,0.0242827641335429,0.053576413563554
"3846001","3856000",3851000.5,"Fst",0.0200311188673087,0,0.0274494750353407,0.0606392918535745
"3847001","3857000",3852000.5,"Fst",0.0192673630060201,0,0.0326029267740307,0.077344309234073
"3848001","3858000",3853000.5,"Fst",0.0194411212834819,0,0.032244133234067,0.0764823789105118
"3849001","3859000",3854000.5,"Fst",0.0424446637849858,0,0.0319167277655964,0.0701386178021693
"3850001","3860000",3855000.5,"Fst",0.041735605311273,0,0.0322717981239529,0.0689284474037837
"3851001","3861000",3856000.5,"Fst",0.0434173471709066,0,0.0340816814239382,0.0719731589296806
"3852001","3862000",3857000.5,"Fst",0.0433663666700375,0,0.0364966796724141,0.0768070953436808
"3853001","3863000",3858000.5,"Fst",0.0430503182418637,0,0.0345465106571563,0.0747362201401199
"3854001","3864000",3859000.5,"Fst",0.0543455759003462,0,0.0324119978298766,0.0683083379621059
"3855001","3865000",3860000.5,"Fst",0.0571239587887757,0,0.0259567738790716,0.0532500492389072
"3856001","3866000",3861000.5,"Fst",0.063731575574476,0,0.0240219447099221,0.0543491224690136
"3857001","3867000",3862000.5,"Fst",0.0628018800689237,0,0.0236640870994097,0.0534430340920367
"3858001","3868000",3863000.5,"Fst",0.0653770547847639,0,0.0245998413290233,0.0565996730636581
"3859001","3869000",3864000.5,"Fst",0.00852100376872889,0,0.0157160086333111,0.0376288133863891
"3860001","3870000",3865000.5,"Fst",0.00956991439054222,0,0.0174153046182759,0.040910772542293
"3861001","3871000",3866000.5,"Fst",0.00823196464922293,0,0.017179886498649,0.0409452441990404
"3862001","3872000",3867000.5,"Fst",0.0134161178000588,0,0.0145109529132329,0.0359476324483055
"3863001","3873000",3868000.5,"Fst",0.0108146630439625,0,0.0152268009927584,0.0385692995529061
"3864001","3874000",3869000.5,"Fst",0.00906186465291881,0,0.0156858398869672,0.0349595430747264
"3865001","3875000",3870000.5,"Fst",0.0129474972072982,0,0.0122229694912359,0.0184774575018476
"3866001","3876000",3871000.5,"Fst",0.0198040412015935,0,0.0189885667336469,0.0374759807607384
"3867001","3877000",3872000.5,"Fst",0.0198040412015935,0,0.019039191043102,0.0374759807607384
"3868001","3878000",3873000.5,"Fst",0.0194290105213384,0,0.0168732269203619,0.031636088778946
"3869001","3879000",3874000.5,"Fst",0.0188497458328408,0,0.0164872567260793,0.0322630644417631
"3870001","3880000",3875000.5,"Fst",0.0188069471883939,0,0.0165340170691839,0.0321175011474721
"3871001","3881000",3876000.5,"Fst",0.020153671253283,0,0.0165340170691839,0.0315948601662888
"3872001","3882000",3877000.5,"Fst",0.0173347522762209,0,0.0179267324751156,0.0374474203794317
"3873001","3883000",3878000.5,"Fst",0.0085163007318696,0,0.025976029697085,0.0558686684266996
"3874001","3884000",3879000.5,"Fst",0.0279926784624771,0,0.0240563369280435,0.0606333503894477
"3875001","3885000",3880000.5,"Fst",0.026124345689563,0,0.0241858937047977,0.0646000847325351
"3876001","3886000",3881000.5,"Fst",0.0248336318494897,0,0.0263668557559795,0.0629073007348377
"3877001","3887000",3882000.5,"Fst",0.0272948059833305,0,0.0253766884551115,0.0511003049534328
"3878001","3888000",3883000.5,"Fst",0.0219011960699045,0,0.0271888274454914,0.0560683228588893
"3879001","3889000",3884000.5,"Fst",0.0225338677832602,0,0.0267921002155392,0.0564794617915169
"3880001","3890000",3885000.5,"Fst",0.0174779543072474,0,0.0258551467320391,0.0522933094275417
"3881001","3891000",3886000.5,"Fst",0.0172937727333553,0,0.0255867425808965,0.0513969857143288
"3882001","3892000",3887000.5,"Fst",0.017184231697506,0,0.025435589095531,0.0505862765450938
"3883001","3893000",3888000.5,"Fst",0.0212118106347891,0,0.0279060824364462,0.0496866212690992
"3884001","3894000",3889000.5,"Fst",0.0117820821200998,0,0.0292760892607907,0.0518285568825438
"3885001","3895000",3890000.5,"Fst",0.00594210259014727,0,0.0333779999631999,0.0581303004111159
"3886001","3896000",3891000.5,"Fst",0.00526596690980252,0,0.0349968513091301,0.0603281301737348
"3887001","3897000",3892000.5,"Fst",0.0114500458755954,0,0.0298114406956788,0.0558332477054488
"3888001","3898000",3893000.5,"Fst",0.0152516299172223,0,0.033055560869751,0.0565162889072807
"3889001","3899000",3894000.5,"Fst",0.0142846558494479,0,0.0335693567416408,0.0573468620819241
"3890001","3900000",3895000.5,"Fst",0.0331362740639685,0,0.0253919228518158,0.0561005084707115
"3891001","3901000",3896000.5,"Fst",0.0331731731731733,0,0.0255054899820299,0.0559798854083289
"3892001","3902000",3897000.5,"Fst",0.0346563275856205,0,0.0267039135400825,0.0590340788687898
"3893001","3903000",3898000.5,"Fst",0.0437734134490561,0,0.0330213517119876,0.0587957855251545
"3894001","3904000",3899000.5,"Fst",0.0428346971021017,0,0.0320713166979162,0.0554068604830026
"3895001","3905000",3900000.5,"Fst",0.0548709136944432,0,0.032779996659348,0.0578873733018491
"3896001","3906000",3901000.5,"Fst",0.0506156148035981,0,0.0299117123423357,0.0515257134884042
"3897001","3907000",3902000.5,"Fst",0.0447671850813214,0,0.030326884664677,0.0557655328756967
"3898001","3908000",3903000.5,"Fst",0.0514629955323752,0,0.0292324683819372,0.0579172408336576
"3899001","3909000",3904000.5,"Fst",0.0498932937926488,0,0.0271072719027263,0.0621188182034008
"3900001","3910000",3905000.5,"Fst",0.0286618081751689,0,0.0349821928070172,0.0678213366198465
"3901001","3911000",3906000.5,"Fst",0.0278402239032161,0,0.0341997364378504,0.0661429635830122
"3902001","3912000",3907000.5,"Fst",0.0274545769709575,0,0.0335661217057687,0.0649979433690918
"3903001","3913000",3908000.5,"Fst",0.0204436678828992,0,0.0355250377516345,0.0620952341629076
"3904001","3914000",3909000.5,"Fst",0.0210100621899239,0,0.0299976505366425,0.0532246795903162
"3905001","3915000",3910000.5,"Fst",0.0210242022183181,0,0.0299981771628987,0.0532246795903162
"3906001","3916000",3911000.5,"Fst",0.0200893007016485,0,0.0313689328125906,0.0553501522401044
"3907001","3917000",3912000.5,"Fst",0.0199941246921114,0,0.0275985073051773,0.0589650073295676
"3908001","3918000",3913000.5,"Fst",0.0138124131623841,0,0.0296165995133919,0.0643621639266837
"3909001","3919000",3914000.5,"Fst",0.014718101316773,0,0.0289933533544508,0.0569664694266467
"3910001","3920000",3915000.5,"Fst",0.0286408041109041,0,0.0223843415338508,0.0556923260302484
"3911001","3921000",3916000.5,"Fst",0.0298051722504658,0,0.0228899863451788,0.0561211789045618
"3912001","3922000",3917000.5,"Fst",0.0272180458278056,0,0.0224416467291019,0.05421422477225
"3913001","3923000",3918000.5,"Fst",0.0233252773130074,0,0.0239968169933575,0.0541314520275393
"3914001","3924000",3919000.5,"Fst",0.0226419557027251,0,0.0276634785339265,0.0495122537348637
"3915001","3925000",3920000.5,"Fst",0.0206955473904626,0,0.0286584524533977,0.055546152361439
"3916001","3926000",3921000.5,"Fst",0.0217222425053749,0,0.0277466551724725,0.051053684048608
"3917001","3927000",3922000.5,"Fst",0.0133865993832352,0,0.0243811325702024,0.0505456284509369
"3918001","3928000",3923000.5,"Fst",0.0135460992907802,0,0.0246350118221245,0.0511325152834586
"3919001","3929000",3924000.5,"Fst",0.0113627697704569,0,0.0267280484431928,0.0554687709692138
"3920001","3930000",3925000.5,"Fst",0.0182352775667539,0,0.0269920327713938,0.0456125500818239
"3921001","3931000",3926000.5,"Fst",0.017940872135994,0,0.0278679729396651,0.0488497556086978
"3922001","3932000",3927000.5,"Fst",0.0212306665183043,0,0.0247865655591442,0.0459244953326895
"3923001","3933000",3928000.5,"Fst",0.0397336594646012,0,0.0213738134619489,0.0482237339380196
"3924001","3934000",3929000.5,"Fst",0.0429938801007983,0,0.0231013709537493,0.0487392442947999
"3925001","3935000",3930000.5,"Fst",0.0572871572871573,0,0.0289411430381673,0.0592258603552342
"3926001","3936000",3931000.5,"Fst",0.0565886460623302,0,0.0284547032571181,0.0601938512500366
"3927001","3937000",3932000.5,"Fst",0.0688707208234259,0,0.0239497997206979,0.0614484443526175
"3928001","3938000",3933000.5,"Fst",0.0657284664195515,0,0.0226005512683616,0.0599054555583775
"3929001","3939000",3934000.5,"Fst",0.0705745984434509,0,0.0251345267220718,0.0758365463526425
"3930001","3940000",3935000.5,"Fst",0.0573266915732669,0,0.0228902094951346,0.0759894497340696
"3931001","3941000",3936000.5,"Fst",0.0425328250741211,0,0.0183113396755858,0.0561811445288403
"3932001","3942000",3937000.5,"Fst",0.0486477950175688,0,0.0204231374450979,0.0695751151333591
"3933001","3943000",3938000.5,"Fst",0.0289397532937664,0,0.0300833884000804,0.0791420821565393
"3934001","3944000",3939000.5,"Fst",0.0341663523198792,0,0.0297150010641003,0.0739549772714343
"3935001","3945000",3940000.5,"Fst",0.0331657723806835,0,0.0291763731623537,0.0721838054873968
"3936001","3946000",3941000.5,"Fst",0.0332356837843686,0,0.0297336587107003,0.0738182650206445
"3937001","3947000",3942000.5,"Fst",0.0299711085294972,0,0.029404264211497,0.0747834430836227
"3938001","3948000",3943000.5,"Fst",0.0338703703703704,0,0.0277592108198074,0.0705011385724336
"3939001","3949000",3944000.5,"Fst",0.0307275016952436,0,0.0273479582192805,0.0739707772947339
"3940001","3950000",3945000.5,"Fst",0.0311997939320343,0,0.028160493694434,0.0771793629449777
"3941001","3951000",3946000.5,"Fst",0.037366672690239,0,0.0357881069010103,0.0932106871135689
"3942001","3952000",3947000.5,"Fst",0.0326438362444414,0,0.0354498158625443,0.0964413920158221
"3943001","3953000",3948000.5,"Fst",0.0587307032590051,0,0.021923778403372,0.0398695179412831
"3944001","3954000",3949000.5,"Fst",0.0493853843036607,0,0.0190170956986435,0.0385420568841081
"3945001","3955000",3950000.5,"Fst",0.0472958345251516,0,0.0195391507412377,0.0395708962664091
"3946001","3956000",3951000.5,"Fst",0.0408803114948367,0,0.0192562067515318,0.0399756599691713
"3947001","3957000",3952000.5,"Fst",0.0434675309544236,0,0.0206807098036665,0.045498677046205
"3948001","3958000",3953000.5,"Fst",0.0312036292124788,0,0.0206888820284024,0.0405386700039925
"3949001","3959000",3954000.5,"Fst",0.0336988095773775,0,0.0201095858206918,0.0352268941434866
"3950001","3960000",3955000.5,"Fst",0.0328637948267876,0,0.0196317624768667,0.0343892665416597
"3951001","3961000",3956000.5,"Fst",0.0168860551213491,0,0.0206672408186632,0.038242632578858
"3952001","3962000",3957000.5,"Fst",0.0161613030490898,0,0.0222219277878981,0.0410649077526049
"3953001","3963000",3958000.5,"Fst",0.0179276604935481,0,0.0238975383948392,0.0445742853637592
"3954001","3964000",3959000.5,"Fst",0.0123890591306322,0,0.0251453594177653,0.049890936571458
"3955001","3965000",3960000.5,"Fst",0.0109800881344867,0,0.020258932617518,0.0412959598227957
"3956001","3966000",3961000.5,"Fst",0.0126891557080235,0,0.0174046752535146,0.0443280062876604
"3957001","3967000",3962000.5,"Fst",0.0162977812986707,0,0.0174216195810268,0.040818950660038
"3958001","3968000",3963000.5,"Fst",0.0145064002348051,0,0.0182839368947941,0.043119269362928
"3959001","3969000",3964000.5,"Fst",0.00840861111662583,0,0.0187219521974818,0.0499665034114487
"3960001","3970000",3965000.5,"Fst",0.00805629308303113,0,0.0170977892526476,0.0466005621968925
"3961001","3971000",3966000.5,"Fst",0.0115753665689149,0,0.0141929309926058,0.0273736827269094
"3962001","3972000",3967000.5,"Fst",0.0132059034539305,0,0.0147338862723911,0.0317695255715607
"3963001","3973000",3968000.5,"Fst",0.0151435406698563,0,0.0137385394686343,0.0299359525371915
"3964001","3974000",3969000.5,"Fst",0.0152199263025328,0,0.0133341422231791,0.028642136525145
"3965001","3975000",3970000.5,"Fst",0.0154136847823519,0,0.0135331801691756,0.0289963809346289
"3966001","3976000",3971000.5,"Fst",0.0184420159321083,0,0.0121028986694547,0.0292573412757803
"3967001","3977000",3972000.5,"Fst",0.0116308902762338,0,0.0136047209731566,0.0225312934631432
"3968001","3978000",3973000.5,"Fst",0.0119955878297638,0,0.0126886958166248,0.0188602442333785
"3969001","3979000",3974000.5,"Fst",0.0131327665140616,0,0.0229154769034488,0.0658508158508158
"3970001","3980000",3975000.5,"Fst",0.0150282701226098,0,0.0269921279232621,0.0723955495829247
"3971001","3981000",3976000.5,"Fst",0.0143945478885239,0,0.025889149782342,0.0696678433702654
"3972001","3982000",3977000.5,"Fst",0.014537177149213,0,0.0268164779087696,0.0735194111273025
"3973001","3983000",3978000.5,"Fst",0.0282671190913805,0,0.0261661428072021,0.0675644478645633
"3974001","3984000",3979000.5,"Fst",0.0250434782608696,0,0.0385670588262976,0.0860878621307022
"3975001","3985000",3980000.5,"Fst",0.0257602862254025,0,0.0396706528853927,0.088319218715181
"3976001","3986000",3981000.5,"Fst",0.0258370521484127,0,0.042156565222851,0.0972347597696005
"3977001","3987000",3982000.5,"Fst",0.0250500655178381,0,0.0409869911340585,0.0945423415797777
"3978001","3988000",3983000.5,"Fst",0.0231660995790611,0,0.0389031414528791,0.0872189632538172
"3979001","3989000",3984000.5,"Fst",0.0252284148012791,0,0.04050724582507,0.0997111449448524
"3980001","3990000",3985000.5,"Fst",0.0323059656392991,0,0.0495086413020996,0.121291748745421
"3981001","3991000",3986000.5,"Fst",0.0314537495025299,0,0.0457032824245013,0.11172251598555
"3982001","3992000",3987000.5,"Fst",0.0312129391076761,0,0.0402790855881309,0.10000237307509
"3983001","3993000",3988000.5,"Fst",0.0238482736964065,0,0.0401428520796621,0.103776346604215
"3984001","3994000",3989000.5,"Fst",0.0253090111642744,0,0.0271582887398185,0.0649508564284981
"3985001","3995000",3990000.5,"Fst",0.0256461326883861,0,0.0267262264483428,0.0632149492325195
"3986001","3996000",3991000.5,"Fst",0.0253708253708255,0,0.0254672083277472,0.0595293816471453
"3987001","3997000",3992000.5,"Fst",0.0253708253708255,0,0.0254165983333722,0.0595293816471453
"3988001","3998000",3993000.5,"Fst",0.0286144157838407,0,0.0388742621689803,0.106648104548944
"3989001","3999000",3994000.5,"Fst",0.0278265056925672,0,0.0363796433717373,0.102378675591681
"3990001","4e+06",3995000.5,"Fst",0.0212017788809598,0,0.0300916100705795,0.0805655683299989
"3991001","4001000",3996000.5,"Fst",0.021717301851288,0,0.0338468316469442,0.0915246417716025
"3992001","4002000",3997000.5,"Fst",0.0139503336615249,0,0.0316009867600753,0.0998502289235969
"3993001","4003000",3998000.5,"Fst",0.0130992960138687,0,0.028461811261226,0.0844381697124627
"3994001","4004000",3999000.5,"Fst",0.0125358670813215,0,0.0275693089526883,0.0824663482414243
"3995001","4005000",4000000.5,"Fst",0.0131637867678477,0,0.0269423067789145,0.0807353098975172
"3996001","4006000",4001000.5,"Fst",0.0125310320368838,0,0.0277173682934703,0.0806317424909458
"3997001","4007000",4002000.5,"Fst",0.0126794258373205,0,0.0280061160150409,0.0814741195660894
"3998001","4008000",4003000.5,"Fst",0.00142441362780343,0,0.0246711212478774,0.0469593169261676
"3999001","4009000",4004000.5,"Fst",0,0,0.026605395648658,0.0539133667968024
"4000001","4010000",4005000.5,"Fst",0,0,0.0256733240192903,0.0518642515809654
"4001001","4011000",4006000.5,"Fst",0,0,0.0249828503228533,0.050528281899027
"4002001","4012000",4007000.5,"Fst",0.00238237354994419,0,0.0230288861074581,0.0520484449760764
"4003001","4013000",4008000.5,"Fst",0.0162191866855079,0,0.0165154593528741,0.0487909555360893
"4004001","4014000",4009000.5,"Fst",0.0171742780942346,0,0.0178896491166439,0.0534993640888378
"4005001","4015000",4010000.5,"Fst",0.0138927274237518,0,0.0281651541388347,0.0753965277624584
"4006001","4016000",4011000.5,"Fst",0.0225416325416324,0,0.0283838530331415,0.0724951586675033
"4007001","4017000",4012000.5,"Fst",0.0221738499492091,0,0.0278494961631963,0.0696910957518323
"4008001","4018000",4013000.5,"Fst",0.0288734674994217,0,0.0317369784149764,0.0724112806117363
"4009001","4019000",4014000.5,"Fst",0.0297917253025612,0,0.0316783846268993,0.0739278854752295
"4010001","4020000",4015000.5,"Fst",0.0265582101260211,0,0.034542608435094,0.099542741997985
"4011001","4021000",4016000.5,"Fst",0.0337843127791811,0,0.0360240981578434,0.0946657785108588
"4012001","4022000",4017000.5,"Fst",0.0335218357074444,0,0.0340074762884289,0.0906638640742687
"4013001","4023000",4018000.5,"Fst",0.0283175213162004,0,0.0358412946317995,0.100683547806836
"4014001","4024000",4019000.5,"Fst",0.0281863864778439,0,0.0343791283754853,0.0958157491141783
"4015001","4025000",4020000.5,"Fst",0.031482056055435,0,0.0244079598480873,0.0667933566201533
"4016001","4026000",4021000.5,"Fst",0.0254632657510355,0,0.0226845687996724,0.0641777777777778
"4017001","4027000",4022000.5,"Fst",0.0256273075583421,0,0.0236235322675337,0.0654930650815425
"4018001","4028000",4023000.5,"Fst",0.0245854003770015,0,0.0227757738333031,0.0643780650913953
"4019001","4029000",4024000.5,"Fst",0.0244368686868688,0,0.0220891024108332,0.0610710178710179
"4020001","4030000",4025000.5,"Fst",0.0278519164079382,0,0.0143867132709423,0.0320783083308819
"4021001","4031000",4026000.5,"Fst",0.015084085625434,0,0.0119107326490207,0.0260348515896831
"4022001","4032000",4027000.5,"Fst",0.017982864294195,0,0.0129442137146733,0.0286148970027534
"4023001","4033000",4028000.5,"Fst",0.0186767643638748,0,0.0148775656947184,0.0345036790128193
"4024001","4034000",4029000.5,"Fst",0.0173783766685646,0,0.0159034162453557,0.0340190076629994
"4025001","4035000",4030000.5,"Fst",0.00918903957929706,0,0.0315352525831733,0.0803076499959695
"4026001","4036000",4031000.5,"Fst",0.00866230543649893,0,0.0313981198933231,0.079489890313202
"4027001","4037000",4032000.5,"Fst",0.00856314576674344,0,0.0308532680040153,0.0786956024007719
"4028001","4038000",4033000.5,"Fst",0.00935672514619879,0,0.0296799974633436,0.0764622693976135
"4029001","4039000",4034000.5,"Fst",0.00185027848579256,0,0.0265350836556737,0.0674219397623653
"4030001","4040000",4035000.5,"Fst",0.003716927583997,0,0.0267825199513509,0.0676086376966142
"4031001","4041000",4036000.5,"Fst",0.00356855265946177,0,0.0257630113630526,0.0686121328895895
"4032001","4042000",4037000.5,"Fst",0.00125332646579102,0,0.0260535293481987,0.0695515481215889
"4033001","4043000",4038000.5,"Fst",0.00362344019555838,0,0.0259387214323978,0.0730861780659896
"4034001","4044000",4039000.5,"Fst",0.00548815110956602,0,0.0254849263821625,0.0719068075389914
"4035001","4045000",4040000.5,"Fst",0.00840615896795671,0,0.0229105149283125,0.0576421672657975
"4036001","4046000",4041000.5,"Fst",0.0113089509143408,0,0.0239260236743571,0.0557572962093258
"4037001","4047000",4042000.5,"Fst",0.0108416728115454,0,0.0223901953132073,0.052714688749518
"4038001","4048000",4043000.5,"Fst",0.0105215004574566,0,0.0217768010541047,0.0515947730785443
"4039001","4049000",4044000.5,"Fst",0.0200025388535262,0,0.0176062182677698,0.0391515859116559
"4040001","4050000",4045000.5,"Fst",0.0215042676290312,0,0.0172755933109147,0.035191341073694
"4041001","4051000",4046000.5,"Fst",0.0765235037182772,0,0.0242714369721048,0.0669853868635594
"4042001","4052000",4047000.5,"Fst",0.0764877252005169,0,0.0238510063170678,0.065667253489174
"4043001","4053000",4048000.5,"Fst",0.0765692412080244,0,0.0246779786687482,0.0652083611211677
"4044001","4054000",4049000.5,"Fst",0.0803719165610872,0,0.026609199446794,0.0676323903731143
"4045001","4055000",4050000.5,"Fst",0.080692357288102,0,0.0263167647817188,0.0696088179914105
"4046001","4056000",4051000.5,"Fst",0.083873506188647,0,0.0261768018431371,0.0669472502805837
"4047001","4057000",4052000.5,"Fst",0.0812484462911384,0,0.027019585624212,0.0567839093159822
"4048001","4058000",4053000.5,"Fst",0.0831411106775913,0,0.0267136605557773,0.0583522202635776
"4049001","4059000",4054000.5,"Fst",0.0778448806942482,0,0.0259495884472022,0.0550713952173806
"4050001","4060000",4055000.5,"Fst",0.0816530862225062,0,0.0254624668383258,0.0587069193810766
"4051001","4061000",4056000.5,"Fst",0.034525260734119,0,0.0176016098266009,0.0393139295067825
"4052001","4062000",4057000.5,"Fst",0.0326845063538611,0,0.0175793332746915,0.0394199154897218
"4053001","4063000",4058000.5,"Fst",0.0327012953878625,0,0.0167941324054357,0.037502486687001
"4054001","4064000",4059000.5,"Fst",0.0327012953878625,0,0.0167941324054357,0.037502486687001
"4055001","4065000",4060000.5,"Fst",0.0384610216095803,0,0.0202708671210945,0.0490821296475525
"4056001","4066000",4061000.5,"Fst",0.0272819117521815,0,0.0204353290873471,0.0391661081629224
"4057001","4067000",4062000.5,"Fst",0.015492055242309,0,0.0189238995042515,0.0393163937965348
"4058001","4068000",4063000.5,"Fst",0.0151806411080381,0,0.0181028757995464,0.0378045780156836
"4059001","4069000",4064000.5,"Fst",0.0171466154455563,0,0.018972340054106,0.0357511864931481
"4060001","4070000",4065000.5,"Fst",0.0167848537938372,0,0.0188140087775188,0.0361809221236845
"4061001","4071000",4066000.5,"Fst",0.0193946615169593,0,0.0139360031108274,0.0332175675961742
"4062001","4072000",4067000.5,"Fst",0.0201158508008026,0,0.0144263320346583,0.0343834931147473
"4063001","4073000",4068000.5,"Fst",0.0220214654300682,0,0.0148737924853182,0.0339477674274462
"4064001","4074000",4069000.5,"Fst",0.0187055128524317,0,0.0138966669601911,0.0306182483047284
"4065001","4075000",4070000.5,"Fst",0.0106178846984226,0,0.0124870286766504,0.0359204762259127
"4066001","4076000",4071000.5,"Fst",0.0124212421242125,0,0.0107777839442194,0.0154573650206822
"4067001","4077000",4072000.5,"Fst",0.0126356402218472,0,0.0114912866801032,0.0174044026753333
"4068001","4078000",4073000.5,"Fst",0.0133810010214503,0,0.012453614896726,0.0178679713600223
"4069001","4079000",4074000.5,"Fst",0.009423422225178,0,0.0152720493153247,0.0264050483139421
"4070001","4080000",4075000.5,"Fst",0.0105912866476245,0,0.0151678439411782,0.0252034951688589
"4071001","4081000",4076000.5,"Fst",0.00956841138659326,0,0.016178788734653,0.0305730218025166
"4072001","4082000",4077000.5,"Fst",0.00991389562818135,0,0.0166924677653366,0.0315359516230683
"4073001","4083000",4078000.5,"Fst",0.00638468150695082,0,0.0129901924718887,0.0258003382121406
"4074001","4084000",4079000.5,"Fst",0.0365906472285439,0,0.015241465834488,0.0430139638938501
