"start","end","position","variable","value","Q1Fst","Q3Fst","maxFst"
"1","10000",5000.5,"Fst",0.118424698844279,0,0.0422595147396957,0.11026298997578
"1001","11000",6000.5,"Fst",0.0398835237272407,0,0.0264458502232329,0.0488593411769985
"2001","12000",7000.5,"Fst",0.0271616601345571,0,0.0153013059430749,0.0265277223941003
"3001","13000",8000.5,"Fst",0.0271616601345571,0,0.0153013059430749,0.0265277223941003
"4001","14000",9000.5,"Fst",0.0347590576932904,0,0.0155722572277344,0.024337961311231
"5001","15000",10000.5,"Fst",0.0346401337982254,0,0.0161954735456768,0.0350832143474142
"6001","16000",11000.5,"Fst",0.0369903252536967,0,0.0152228683821895,0.0356539047572063
"7001","17000",12000.5,"Fst",0.0414607987493412,0,0.0156388001501715,0.0362432885907132
"8001","18000",13000.5,"Fst",0.0411432047076622,0,0.0155163034512503,0.0359656700506108
"9001","19000",14000.5,"Fst",0.0407475974007721,0,0.0152574234470487,0.0356062632317516
"10001","20000",15000.5,"Fst",0.0396845378518684,0,0.0154637783091766,0.0352579654949509
"11001","21000",16000.5,"Fst",0.0429424371213206,0,0.0141679012196669,0.0325552769314499
"12001","22000",17000.5,"Fst",0.0510497133728033,0,0.0158028654708767,0.039646986054929
"13001","23000",18000.5,"Fst",0.0523697662922743,0,0.0164713608502262,0.040801168418956
"14001","24000",19000.5,"Fst",0.0559892232324591,0,0.0172176044950303,0.0445157426874596
"15001","25000",20000.5,"Fst",0.0676736773793426,0,0.0198549353870918,0.0410556453749442
"16001","26000",21000.5,"Fst",0.103640999816151,0,0.0261979986674352,0.0645266026129327
"17001","27000",22000.5,"Fst",0.0879264226301711,0,0.0227091003323504,0.057947329175595
"18001","28000",23000.5,"Fst",0.0889275180748049,0,0.0219460906322637,0.0576697858862876
"19001","29000",24000.5,"Fst",0.0951233754316889,0,0.0236042827270383,0.0620361766872627
"20001","30000",25000.5,"Fst",0.0810027686122804,0,0.0214975653772661,0.0410561470658521
"21001","31000",26000.5,"Fst",0.0838176716441339,0,0.0222423394573295,0.042635229645308
"22001","32000",27000.5,"Fst",0.0739104330013423,0,0.0254944608055514,0.0586477786709632
"23001","33000",28000.5,"Fst",0.0845344813032837,0,0.0216034872412442,0.0500432321753476
"24001","34000",29000.5,"Fst",0.0818773096821879,0,0.0239766680434854,0.0619832304966369
"25001","35000",30000.5,"Fst",0.0784346966165148,0,0.0226691594434171,0.0609679486772722
"26001","36000",31000.5,"Fst",0.0813048154431251,0,0.0226751331237561,0.0565673850867175
"27001","37000",32000.5,"Fst",0.0706336088154269,0,0.0208156007503316,0.0575606016244951
"28001","38000",33000.5,"Fst",0.0723047785547786,0,0.0221221048706541,0.0609606545997624
"29001","39000",34000.5,"Fst",0.0697883709484638,0,0.0213426699430616,0.0584720517070406
"30001","40000",35000.5,"Fst",0.0694126620900077,0,0.0211484410787469,0.0579448135203906
"31001","41000",36000.5,"Fst",0.0684725357411587,0,0.0208135165997254,0.0568885761137189
"32001","42000",37000.5,"Fst",0.0672579453067258,0,0.0204838459618272,0.0558701562523864
"33001","43000",38000.5,"Fst",0.0242710023781091,0,0.0224699301132555,0.0650898387903505
"34001","44000",39000.5,"Fst",0,0,0.0239978566676582,0.069174790954609
"35001","45000",40000.5,"Fst",0.0358690834441412,0,0.0266676849264593,0.0727272727272729
"36001","46000",41000.5,"Fst",0.0289472417213122,0,0.0232926259838591,0.0589421887710898
"37001","47000",42000.5,"Fst",0.0336022091417774,0,0.022003049625438,0.0494573837549044
"38001","48000",43000.5,"Fst",0.0317492416582408,0,0.0226832027931103,0.0476717325227962
"39001","49000",44000.5,"Fst",0.0310952782385626,0,0.0238683006905608,0.0451522747415869
"40001","50000",45000.5,"Fst",0.0338772903453137,0,0.0345488592653104,0.0852713178294574
"41001","51000",46000.5,"Fst",0.0311849378221757,0,0.0305813447612423,0.0762467539104057
"42001","52000",47000.5,"Fst",0.031489246710649,0,0.0295302042976523,0.0742004186931504
"43001","53000",48000.5,"Fst",0.0330180057323591,0,0.025925070163509,0.0597239162293762
"44001","54000",49000.5,"Fst",0.0272985588869848,0,0.0206610493498226,0.0468504790393202
"45001","55000",50000.5,"Fst",0.0070816461348373,0,0.0268082751953595,0.0743536454465309
"46001","56000",51000.5,"Fst",0.0142104758586981,0,0.0286453485098289,0.0818351157040315
"47001","57000",52000.5,"Fst",0.0144239971918713,0,0.0299414425795985,0.0828170700469997
"48001","58000",53000.5,"Fst",0.0147190978130366,0,0.0302848782797232,0.0830051763630788
"49001","59000",54000.5,"Fst",0.0116956575402518,0,0.0336467672636998,0.0946146625476877
"50001","60000",55000.5,"Fst",0.00921693389968403,0,0.0322688608391971,0.0891965657230633
"51001","61000",56000.5,"Fst",0.0100176944478503,0,0.032065157790674,0.087233063400629
"52001","62000",57000.5,"Fst",0.00785401044706879,0,0.0332780939022244,0.0912083862744427
"53001","63000",58000.5,"Fst",0.00687343158700315,0,0.0353829912871956,0.0955002877106818
"54001","64000",59000.5,"Fst",0.00202793115240396,0,0.0403434911526445,0.115227560941398
"55001","65000",60000.5,"Fst",0.00102761079619618,0,0.0469308460791899,0.123880908778854
"56001","66000",61000.5,"Fst",0,0,0.0469858964229894,0.125958352025558
"57001","67000",62000.5,"Fst",0,0,0.04782042992811,0.125179569501084
"58001","68000",63000.5,"Fst",0,0,0.0511377937041636,0.130977837098287
"59001","69000",64000.5,"Fst",0,0,0.0497858293939688,0.129639549144945
"60001","70000",65000.5,"Fst",0,0,0.0497740785939022,0.129398069562847
"61001","71000",66000.5,"Fst",0,0,0.0510669263864962,0.133109910880795
"62001","72000",67000.5,"Fst",0,0,0.052244091785061,0.13331138724485
"63001","73000",68000.5,"Fst",0,0,0.0530574512187712,0.134200313791869
"64001","74000",69000.5,"Fst",0,0,0.0572166590018044,0.128666629579383
"65001","75000",70000.5,"Fst",0,0,0.0467105502712481,0.112330067552321
"66001","76000",71000.5,"Fst",0,0,0.043490164021094,0.111634762407239
"67001","77000",72000.5,"Fst",0,0,0.0501488084432388,0.123185968584434
"68001","78000",73000.5,"Fst",0.0431412527291417,0,0.0275831974352992,0.061602945341263
"69001","79000",74000.5,"Fst",0.0431412527291417,0,0.0275831974352992,0.061602945341263
"70001","80000",75000.5,"Fst",0,0,0.211060724112933,0.302763599385545
"71001","81000",76000.5,"Fst",0,0,0.217135588293502,0.311176307346744
"72001","82000",77000.5,"Fst",0,0,0.273589049070689,0.377327377875636
"73001","83000",78000.5,"Fst",0,0,0.285829790871076,0.393006896777272
"74001","84000",79000.5,"Fst",0,0,0.299244600597306,0.410406808301499
"75001","85000",80000.5,"Fst",0,0,0.315009048445348,0.430324669622272
"76001","86000",81000.5,"Fst",0,0,0.264371094563867,0.367345352198925
"77001","87000",82000.5,"Fst",0,0,0.262575252310667,0.364619270991755
"78001","88000",83000.5,"Fst",0,0,0.257901707391537,0.3589154631912
"79001","89000",84000.5,"Fst",0,0,0.256203799435212,0.356754285379341
"80001","90000",85000.5,"Fst",0,0,0.0375891847908443,0.0953186020070195
"81001","91000",86000.5,"Fst",0,0,0.03880024014541,0.106674218823752
"82001","92000",87000.5,"Fst",0,0,0.0360701258944215,0.0980452511100497
"83001","93000",88000.5,"Fst",0,0,0.0338198487255321,0.0936710566202971
"84001","94000",89000.5,"Fst",0,0,0.0331705175187052,0.091883765879768
"85001","95000",90000.5,"Fst",0,0,0.0328123787575498,0.0909581514006769
"86001","96000",91000.5,"Fst",0,0,0.0372110204484274,0.119391722921696
"87001","97000",92000.5,"Fst",0,0,0.0362386686196806,0.116285356272967
"88001","98000",93000.5,"Fst",0,0,0.0353003204097457,0.115733348016813
"89001","99000",94000.5,"Fst",0,0,0.0336913950456316,0.112213039485767
"90001","1e+05",95000.5,"Fst",0,0,0.034666605625154,0.114729481889042
"91001","101000",96000.5,"Fst",0,0,0.0354456873033115,0.105546227445964
"92001","102000",97000.5,"Fst",0,0,0.0341703402550028,0.115274199484726
"93001","103000",98000.5,"Fst",0,0,0.0357558781934675,0.116654371881102
"94001","104000",99000.5,"Fst",0,0,0.0347289506219435,0.111929597190577
"95001","105000",100000.5,"Fst",0,0,0.0335298586441439,0.108101669594008
"96001","106000",101000.5,"Fst",0,0,0.0291956349462977,0.0484558183158036
"97001","107000",102000.5,"Fst",0,0,0.027438666022413,0.0458539368581209
"98001","108000",103000.5,"Fst",0.0185223016683691,0,0.0200411575180567,0.0384911686019639
"99001","109000",104000.5,"Fst",0.0227990178884601,0,0.0214576433895551,0.0335447011551983
"100001","110000",105000.5,"Fst",0.022359821121431,0,0.0210345655977781,0.033065164923572
"101001","111000",106000.5,"Fst",0.0236707938820103,0,0.0221390605099987,0.0350705612077452
"102001","112000",107000.5,"Fst",0.0231977159172021,0,0.0216907215704303,0.0344609629462415
"103001","113000",108000.5,"Fst",0.0287681374000593,0,0.0178288721885387,0.0303125595578426
"104001","114000",109000.5,"Fst",0.030380559008702,0,0.0199851689251029,0.0339695798691075
"105001","115000",110000.5,"Fst",0.030380559008702,0,0.0198471663876581,0.033666021921341
"106001","116000",111000.5,"Fst",0.0237483778430435,0,0.0227809421225691,0.0373710721995683
"107001","117000",112000.5,"Fst",0.0260050110317491,0,0.0245719108538509,0.0404675324675323
"108001","118000",113000.5,"Fst",0,0,0.034221798593056,0.0456785671354729
"109001","119000",114000.5,"Fst",0,0,0.0354441635778026,0.0646570140042724
"110001","120000",115000.5,"Fst",0,0,0.0324054121717823,0.0619318181818181
"111001","121000",116000.5,"Fst",0,0,0.0312825281453713,0.0599154334038056
"112001","122000",117000.5,"Fst",0.00790439167564372,0,0.0300468019102731,0.052455209650928
"113001","123000",118000.5,"Fst",0.00737625363959893,0,0.0305420574994842,0.0512797379236108
"114001","124000",119000.5,"Fst",0.00561503393361806,0,0.0344976439048917,0.0633528417219404
"115001","125000",120000.5,"Fst",0.00138436122906405,0,0.0377428838989397,0.0912017831425095
"116001","126000",121000.5,"Fst",0.00407483674089582,0,0.0341473144354994,0.0867835446792917
"117001","127000",122000.5,"Fst",0.00411014546806876,0,0.0343849912809881,0.0875905430190987
"118001","128000",123000.5,"Fst",0.00399636523547808,0,0.0335305608303988,0.0853098221221351
"119001","129000",124000.5,"Fst",0.0107790204831872,0,0.0290491744629426,0.0820659300905899
"120001","130000",125000.5,"Fst",0.00918268685989387,0,0.0306394635706122,0.0764893066683489
"121001","131000",126000.5,"Fst",0.0103296539379474,0,0.030017143121541,0.0677255640294702
"122001","132000",127000.5,"Fst",0.00530168763060657,0,0.0314017919651039,0.0729092221661489
"123001","133000",128000.5,"Fst",0.00570587260838074,0,0.0319570502210411,0.0749190357909261
"124001","134000",129000.5,"Fst",0.00718604263999589,0,0.0299795379580097,0.0688382203156994
"125001","135000",130000.5,"Fst",0.0139596252803801,0,0.0229582340168497,0.0402267444825752
"126001","136000",131000.5,"Fst",0.0143165495256748,0,0.0242247411233033,0.0407706506691279
"127001","137000",132000.5,"Fst",0.0142923834807026,0,0.022010292126429,0.0358687664918669
"128001","138000",133000.5,"Fst",0.0148418280223438,0,0.0228142396792565,0.0371707644214649
"129001","139000",134000.5,"Fst",0.0111323509247384,0,0.024715341265459,0.04285326953748
"130001","140000",135000.5,"Fst",0.0130303030303029,0,0.0246883110004097,0.0521324354657687
"131001","141000",136000.5,"Fst",0.0118460243460242,0,0.0205640346089942,0.0346675712347355
"132001","142000",137000.5,"Fst",0.00711251953082004,0,0.00942886309907578,0.0118395030594231
"133001","143000",138000.5,"Fst",0.00683457040749436,0,0.00909207459207454,0.0114398573865313
"134001","144000",139000.5,"Fst",0.00600158892293723,0,0.00949594893660872,0.0105825269791695
"135001","145000",140000.5,"Fst",0.00690700104493192,0,0.0107555296342143,0.012078486290361
"136001","146000",141000.5,"Fst",0.00725735617039958,0,0.0100511961722488,0.0121595703874183
"137001","147000",142000.5,"Fst",0.0261904761904763,0,0.0215384615384615,0.028505182760502
"138001","148000",143000.5,"Fst",0.0683829444891393,0,0.0294317450868418,0.0693028944150021
"139001","149000",144000.5,"Fst",0.0425760023498309,0,0.0274395340993003,0.0576884349827388
"140001","150000",145000.5,"Fst",0.0285125138541639,0,0.0250273135947551,0.0573089112844029
"141001","151000",146000.5,"Fst",0.0157702208372849,0,0.0276424413067476,0.06186569840416
"142001","152000",147000.5,"Fst",0.0149352876968657,0,0.0295887872503175,0.070320704501783
"143001","153000",148000.5,"Fst",0.0140307298335468,0,0.0286903983949809,0.0637483787289235
"144001","154000",149000.5,"Fst",0.0140872464573493,0,0.0284224900898553,0.0630906768837803
"145001","155000",150000.5,"Fst",0.0140872464573493,0,0.0284224900898553,0.0630906768837803
"146001","156000",151000.5,"Fst",0.0132843011488355,0,0.027349393361219,0.0612395929694727
"147001","157000",152000.5,"Fst",0.0107022607022607,0,0.028780472340476,0.064826224826225
"148001","158000",153000.5,"Fst",0,0,0.031107798111285,0.0711191501896241
"149001","159000",154000.5,"Fst",0,0,0.0331329097333792,0.079977961432507
"150001","160000",155000.5,"Fst",0.000142405394651379,0,0.0363105306472744,0.0913257474808471
"151001","161000",156000.5,"Fst",0.00661090909090911,0,0.0373433559417453,0.078066393530464
"152001","162000",157000.5,"Fst",0.00751683053228069,0,0.0447857725052196,0.106745859438
"153001","163000",158000.5,"Fst",0.00240930102255221,0,0.00955654955469121,0.0104548789435071
"154001","164000",159000.5,"Fst",0.0897080900750625,0,0.0426091184651868,0.0760164430149687
"155001","165000",160000.5,"Fst",0.0813492663742248,0,0.0390464027882937,0.0692620591461407
"156001","166000",161000.5,"Fst",0.109375,0,0.0531389388775349,0.0927668430491287
"157001","167000",162000.5,"Fst",0.0815217391304347,0,0.0368717131004726,0.0687593423019431
"158001","168000",163000.5,"Fst",0.0633098663401692,0,0.02611925623991,0.052068569885942
"159001","169000",164000.5,"Fst",0.0633098663401692,0,0.02611925623991,0.052068569885942
"160001","170000",165000.5,"Fst",0.0597870597870598,0,0.0247801529370873,0.049192609950106
"161001","171000",166000.5,"Fst",0.0566356334428624,0,0.0235692679824307,0.0466177225898063
"162001","172000",167000.5,"Fst",0.0510320729083593,0,0.0211522153229547,0.0485572422824738
"163001","173000",168000.5,"Fst",0.0482377073795213,0,0.0185227366017487,0.0409849875622016
"164001","174000",169000.5,"Fst",0.0124842291895447,0,0.0121780952450256,0.0254503011008861
"165001","175000",170000.5,"Fst",0.0124842291895447,0,0.0120966811964584,0.0253377444866807
"166001","176000",171000.5,"Fst",0.0187988824734057,0,0.0174442982464119,0.0329290608823075
"167001","177000",172000.5,"Fst",0.0184775537943039,0,0.0195813666707203,0.0383774493516935
"168001","178000",173000.5,"Fst",0.0192794256733878,0,0.0253044708247904,0.0457671034929494
"169001","179000",174000.5,"Fst",0.0176875528307873,0,0.0229373996018041,0.0422085382105603
"170001","180000",175000.5,"Fst",0.0127811934436285,0,0.0224873168225354,0.0473170584628992
"171001","181000",176000.5,"Fst",0.0103611058246553,0,0.025588438882146,0.0519207970696102
"172001","182000",177000.5,"Fst",0.0109927080016006,0,0.0276605023278888,0.0552108954000207
"173001","183000",178000.5,"Fst",0.00724029814938909,0,0.0308578103835513,0.0616411123184031
"174001","184000",179000.5,"Fst",0.00724029814938909,0,0.0309132028247035,0.0617559307820085
"175001","185000",180000.5,"Fst",0.0078619528619529,0,0.031439570275132,0.0619490543561625
"176001","186000",181000.5,"Fst",0.0039716693562849,0,0.0308161080181418,0.0701127230977977
"177001","187000",182000.5,"Fst",0.00623202685058355,0,0.0293498186448345,0.0609212620541147
"178001","188000",183000.5,"Fst",0.0060528260785,0,0.0285574706113167,0.0593176690444177
"179001","189000",184000.5,"Fst",0.0105529729109275,0,0.027197794703588,0.0550069580528812
"180001","190000",185000.5,"Fst",0.00942803671230064,0,0.0252090834803739,0.0467771226150707
"181001","191000",186000.5,"Fst",0.0109499973087895,0,0.0250211511843853,0.0560433651915333
"182001","192000",187000.5,"Fst",0.00881287201260716,0,0.0230270337670844,0.0521296572325982
"183001","193000",188000.5,"Fst",0.0103545313297913,0,0.0218608621246896,0.0471742316908533
"184001","194000",189000.5,"Fst",0.0103545313297913,0,0.0218622548199934,0.0470192798349345
"185001","195000",190000.5,"Fst",0.00952441817116689,0,0.0213442032956651,0.0454866120305242
"186001","196000",191000.5,"Fst",0.00892006748243546,0,0.0209846989453918,0.0476815436670917
"187001","197000",192000.5,"Fst",0.00588879082082971,0,0.0220252406730081,0.0514831230821684
"188001","198000",193000.5,"Fst",0.00846506226208155,0,0.0210800147733418,0.0477187217612749
"189001","199000",194000.5,"Fst",0.0283400558485883,0,0.0182548099683447,0.0548392899061927
"190001","2e+05",195000.5,"Fst",0.0401822700911351,0,0.0164190591230353,0.0336813107148036
"191001","201000",196000.5,"Fst",0.0459911837986329,0,0.0185656002614166,0.0342135000362848
"192001","202000",197000.5,"Fst",0.0479173211032232,0,0.0182329852368796,0.0307868946569892
"193001","203000",198000.5,"Fst",0.022791185729276,0,0.0279905392102273,0.068071724876221
"194001","204000",199000.5,"Fst",0.0205889764452132,0,0.0313819658385848,0.0669362501936062
"195001","205000",200000.5,"Fst",0.0201485442661914,0,0.0309774170331523,0.0673490472500645
"196001","206000",201000.5,"Fst",0.0192376728962094,0,0.0336252607463705,0.0762642986152919
"197001","207000",202000.5,"Fst",0.0175111343987423,0,0.0399276021401777,0.0900751476113794
"198001","208000",203000.5,"Fst",0.0479761495241371,0,0.0460057048368139,0.115411999652687
"199001","209000",204000.5,"Fst",0.0609056281657928,0,0.0573454350957423,0.151381047806023
"200001","210000",205000.5,"Fst",0.0711397354699054,0,0.0639561460338901,0.173612791015918
"201001","211000",206000.5,"Fst",0.0744431459298524,0,0.0665885280050774,0.181363291118143
"202001","212000",207000.5,"Fst",0.0760732449270274,0,0.0684115920600802,0.184805211417555
"203001","213000",208000.5,"Fst",0.0777288878103812,0,0.0698065142148605,0.187574082957803
"204001","214000",209000.5,"Fst",0.0799400202882108,0,0.0723564989554987,0.192860569830896
"205001","215000",210000.5,"Fst",0.08019777655702,0,0.0724154029421589,0.1929276962506
"206001","216000",211000.5,"Fst",0.0800628726716381,0,0.0725832076914836,0.192601469893136
"207001","217000",212000.5,"Fst",0.0810883057897533,0,0.0739868046393447,0.194824938653978
"208001","218000",213000.5,"Fst",0.0785268711365926,0,0.0726680798709817,0.191892449884616
"209001","219000",214000.5,"Fst",0.0764909104097593,0,0.0704814809324892,0.18528888794018
"210001","220000",215000.5,"Fst",0.0740497450190264,0,0.0682986607480809,0.179442730366749
"211001","221000",216000.5,"Fst",0.0715170914993609,0,0.0657352720030026,0.173282771611274
"212001","222000",217000.5,"Fst",0.0689174273683844,0,0.0643132202078701,0.16752814536978
"213001","223000",218000.5,"Fst",0.0685718701309372,0,0.06448170845794,0.165681598777837
"214001","224000",219000.5,"Fst",0.0480712800782889,0,0.0611918745441397,0.158109732612831
"215001","225000",220000.5,"Fst",0.0360996682956326,0,0.0599290454956566,0.166054988287087
"216001","226000",221000.5,"Fst",0.0363289679902189,0,0.0595405743181454,0.169157392504923
"217001","227000",222000.5,"Fst",0.0394316234457959,0,0.0572728720024844,0.165006545067147
"218001","228000",223000.5,"Fst",0.0454418631135407,0,0.0545703819393957,0.15990408974938
"219001","229000",224000.5,"Fst",0.0446623330594622,0,0.0533352300522718,0.141180209210904
"220001","230000",225000.5,"Fst",0.0475740379064254,0,0.0462869049750123,0.113019633806756
"221001","231000",226000.5,"Fst",0.049299818972513,0,0.0521680471478712,0.125225844936472
"222001","232000",227000.5,"Fst",0.0504191895668373,0,0.0532612110057088,0.127592883011059
"223001","233000",228000.5,"Fst",0.0388761028001533,0,0.0412784440149361,0.0716565814870723
"224001","234000",229000.5,"Fst",0.0513601211400142,0,0.0275234740924941,0.0727428845353547
"225001","235000",230000.5,"Fst",0.0573659673659673,0,0.0307707873162738,0.0780289134561236
"226001","236000",231000.5,"Fst",0.0278744511302652,0,0.0343340351323102,0.0802676609525851
"227001","237000",232000.5,"Fst",0.0199938869967689,0,0.0451591828588631,0.11191946614644
"228001","238000",233000.5,"Fst",0.0318104316825544,0,0.0446009170563783,0.10455385662467
"229001","239000",234000.5,"Fst",0.0322766448552612,0,0.0489527403878419,0.113580484777994
"230001","240000",235000.5,"Fst",0.0323609379152441,0,0.0467634722239708,0.109192940457915
"231001","241000",236000.5,"Fst",0.0330563672276726,0,0.0485901419986292,0.0984184301414577
"232001","242000",237000.5,"Fst",0.0257664583971181,0,0.048625082282817,0.0999421199051513
"233001","243000",238000.5,"Fst",0.024376615262276,0,0.0446188938554323,0.0920466803961949
"234001","244000",239000.5,"Fst",0.0158211326750652,0,0.0523360359550729,0.112416556714165
"235001","245000",240000.5,"Fst",0.0136678262901935,0,0.0479349671407677,0.106230579423626
"236001","246000",241000.5,"Fst",0.0149150036954915,0,0.0462232691244556,0.109001262937091
"237001","247000",242000.5,"Fst",0.0105458468176916,0,0.0366310503448303,0.0813435332679299
"238001","248000",243000.5,"Fst",0.00645361739902339,0,0.0361668197091648,0.081261801492349
"239001","249000",244000.5,"Fst",0.00948900609060077,0,0.0318522258448503,0.0692789912895564
"240001","250000",245000.5,"Fst",0.0092988611507131,0,0.0323290835027175,0.0701686408187623
"241001","251000",246000.5,"Fst",0.00751290936268523,0,0.0294283600091613,0.0614546048625447
"242001","252000",247000.5,"Fst",0.00574799156013051,0,0.0300818569181568,0.0572675344792684
"243001","253000",248000.5,"Fst",0.00594544191454838,0,0.0315592673809153,0.0592854517572208
"244001","254000",249000.5,"Fst",0.00881757628831903,0,0.0340828782088321,0.0668537042524751
"245001","255000",250000.5,"Fst",0.0107251360958847,0,0.0325853783394618,0.0605492855361529
"246001","256000",251000.5,"Fst",0.0107318071419726,0,0.0325853783394618,0.0605492855361529
"247001","257000",252000.5,"Fst",0.0223099449153089,0,0.0331063546067975,0.0599537557045181
"248001","258000",253000.5,"Fst",0.0220323891863992,0,0.0328805209767921,0.0601134487323791
"249001","259000",254000.5,"Fst",0.0197650706217878,0,0.0270280896656763,0.0521355285134812
"250001","260000",255000.5,"Fst",0.019493984666652,0,0.0267124330793914,0.0515144147529267
"251001","261000",256000.5,"Fst",0.0237701176797445,0,0.0357868560767221,0.0662178048519825
"252001","262000",257000.5,"Fst",0.0475101086973233,0,0.0196474653062672,0.0496720995988216
"253001","263000",258000.5,"Fst",0.0236077530625401,0,0.0374392467847797,0.0733517949925726
"254001","264000",259000.5,"Fst",0.00378467878127231,0,0.0541877306943435,0.138826640483675
"255001","265000",260000.5,"Fst",0.000610818412711711,0,0.0538008602521983,0.146393885685414
"256001","266000",261000.5,"Fst",0,0,0.0545295930749581,0.150472138524009
"257001","267000",262000.5,"Fst",0.00489128496371583,0,0.0566474761662234,0.156284154928958
"258001","268000",263000.5,"Fst",0,0,0.0645674806958443,0.170860267224817
"259001","269000",264000.5,"Fst",0,0,0.0646610336042628,0.174285969182927
"260001","270000",265000.5,"Fst",0,0,0.0640950198665349,0.171759070227384
"261001","271000",266000.5,"Fst",0,0,0.0630818550612631,0.169372077479497
"262001","272000",267000.5,"Fst",0,0,0.0623086364512823,0.169510878259479
"263001","273000",268000.5,"Fst",0.0023495502320775,0,0.0599737411140143,0.159644813736124
"264001","274000",269000.5,"Fst",0.00352573937021072,0,0.0629888544772761,0.154425791935642
"265001","275000",270000.5,"Fst",0.00334868383648879,0,0.0585085924642744,0.152637233967206
"266001","276000",271000.5,"Fst",0.00513670944878941,0,0.056762520677956,0.144260219475374
"267001","277000",272000.5,"Fst",0,0,0.0580779562420286,0.143597315932899
"268001","278000",273000.5,"Fst",0.00297981195123809,0,0.0505339980705827,0.107692819640704
"269001","279000",274000.5,"Fst",0.00464506621993765,0,0.0463217103766584,0.10422605037475
"270001","280000",275000.5,"Fst",0.00443747573560416,0,0.0449573903879096,0.102210721431365
"271001","281000",276000.5,"Fst",0.00455098373321483,0,0.0443245875430736,0.101839139121748
"272001","282000",277000.5,"Fst",0.00755405534256071,0,0.0406996496265099,0.0939680799664731
"273001","283000",278000.5,"Fst",0,0,0.0323569237924283,0.0856729647651474
"274001","284000",279000.5,"Fst",0.000754537310427073,0,0.0307692582271253,0.0705557790934578
"275001","285000",280000.5,"Fst",0.00344074340041667,0,0.0297589951360103,0.07857116388209
"276001","286000",281000.5,"Fst",0.00106209842398985,0,0.0314064813646369,0.0788450521806271
"277001","287000",282000.5,"Fst",0.00183101249103734,0,0.0316625150766354,0.0814323112784652
"278001","288000",283000.5,"Fst",0.0160888606343152,0,0.0323362916182563,0.0711049686049686
"279001","289000",284000.5,"Fst",0.0371147846876002,0,0.0360873168836367,0.0747453990197376
"280001","290000",285000.5,"Fst",0.0348613970235593,0,0.0418253764282363,0.0872623215696383
"281001","291000",286000.5,"Fst",0.0368747659158838,0,0.041331337069878,0.0868447406794217
"282001","292000",287000.5,"Fst",0.0366298284705917,0,0.042407903576157,0.0852601962911984
"283001","293000",288000.5,"Fst",0.0322216113040719,0,0.0396387947537396,0.0843876072225923
"284001","294000",289000.5,"Fst",0.0414733691759013,0,0.040623736622664,0.0930104721149497
"285001","295000",290000.5,"Fst",0.0391640978494042,0,0.0491618610847842,0.117308599344869
"286001","296000",291000.5,"Fst",0.0394377208618695,0,0.0487964180896812,0.116686095814682
"287001","297000",292000.5,"Fst",0.0273391920833026,0,0.0421634533778686,0.102284069747757
"288001","298000",293000.5,"Fst",0.0197705505761844,0,0.0423829482988165,0.0953645372689886
"289001","299000",294000.5,"Fst",0.00475515191744869,0,0.0402081231111581,0.0940609877730727
"290001","3e+05",295000.5,"Fst",0.00898103989049903,0,0.0369613761285696,0.0858649527308959
"291001","301000",296000.5,"Fst",0.00717254962389091,0,0.040451866162486,0.107553936146099
"292001","302000",297000.5,"Fst",0.00564882388470089,0,0.0427098592269481,0.120480412739184
"293001","303000",298000.5,"Fst",0.00578461387395546,0,0.0428054366684682,0.123387621502684
"294001","304000",299000.5,"Fst",0.00237103576628084,0,0.0463577842396365,0.130785208048158
"295001","305000",300000.5,"Fst",0.0115524132098718,0,0.0425788026107429,0.124602681418122
"296001","306000",301000.5,"Fst",0.0115707291253144,0,0.043993024095619,0.127739151981576
"297001","307000",302000.5,"Fst",0.0205940742405513,0,0.0458531348132673,0.141061373130424
"298001","308000",303000.5,"Fst",0.029314481439327,0,0.0480832915781909,0.147635078311907
"299001","309000",304000.5,"Fst",0.0259412966765202,0,0.0485021604360888,0.157864681334755
"300001","310000",305000.5,"Fst",0.0196078710154406,0,0.0519686468119413,0.16996768525039
"301001","311000",306000.5,"Fst",0.0227179519045548,0,0.0487302025548768,0.153432631398733
"302001","312000",307000.5,"Fst",0.0347675578545429,0,0.0489021252483434,0.132454542340474
"303001","313000",308000.5,"Fst",0.0372794399693134,0,0.0500013243704265,0.137198891494351
"304001","314000",309000.5,"Fst",0.0271859130474866,0,0.0489265066728443,0.133064531724391
"305001","315000",310000.5,"Fst",0.012531885239435,0,0.0536485150321663,0.140477415666095
"306001","316000",311000.5,"Fst",0.0126213335098986,0,0.0540777952055882,0.141478442381055
"307001","317000",312000.5,"Fst",0.013218043115787,0,0.053847836246949,0.140601031057462
"308001","318000",313000.5,"Fst",0.00757724330973986,0,0.056095954129233,0.150584862763188
"309001","319000",314000.5,"Fst",0.00903777025266994,0,0.0588354445991472,0.154029147501208
"310001","320000",315000.5,"Fst",0.0114701076142818,0,0.0600476323045793,0.161403057946807
"311001","321000",316000.5,"Fst",0.0120497262614638,0,0.0620390023113507,0.166164685160722
"312001","322000",317000.5,"Fst",0.00055946963790432,0,0.0632816350437952,0.179956691506628
"313001","323000",318000.5,"Fst",0.000628270156167288,0,0.0672488236046077,0.190303574180332
"314001","324000",319000.5,"Fst",0.00389314557879461,0,0.0684314469373071,0.186825002005938
"315001","325000",320000.5,"Fst",0,0,0,0
"316001","326000",321000.5,"Fst",0,0,0,0
"317001","327000",322000.5,"Fst",0,0,0,0
"318001","328000",323000.5,"Fst",0,0,0,0
"319001","329000",324000.5,"Fst",0,0,0,0
"320001","330000",325000.5,"Fst",0,0,0,0
"321001","331000",326000.5,"Fst",0,0,0,0
"322001","332000",327000.5,"Fst",0,0,0,0
"323001","333000",328000.5,"Fst",0,0,0,0
"324001","334000",329000.5,"Fst",0.00330578512396695,0,0.0690131992457573,0.185917898894998
"325001","335000",330000.5,"Fst",0.00341977771444857,0,0.0713141372591469,0.19223933322294
"326001","336000",331000.5,"Fst",0.00329579785773138,0,0.0690131992457574,0.186428762601481
"327001","337000",332000.5,"Fst",0.0199480748604136,0,0.0554214666225768,0.146799154334038
"328001","338000",333000.5,"Fst",0.0181922088717598,0,0.0523789876290555,0.138983548766158
"329001","339000",334000.5,"Fst",0.0179195551297225,0,0.0542032078649023,0.139923342439066
"330001","340000",335000.5,"Fst",0.0178157611182452,0,0.0533239221484081,0.137772087067862
"331001","341000",336000.5,"Fst",0.017502456071663,0,0.0522704308663271,0.135384678335055
"332001","342000",337000.5,"Fst",0.0164375316587706,0,0.0517832906373109,0.141716540171855
"333001","343000",338000.5,"Fst",0.016358713863362,0,0.0515428844360278,0.140990586435153
"334001","344000",339000.5,"Fst",0.0162445921206449,0,0.0456498939336352,0.11988161341953
"335001","345000",340000.5,"Fst",0.0179624744345969,0,0.0425705946885583,0.109003616411024
"336001","346000",341000.5,"Fst",0.0255141637563058,0,0.0395430338768501,0.0966967779770161
"337001","347000",342000.5,"Fst",0.0174217311233885,0,0.0439502860810943,0.110133001384177
"338001","348000",343000.5,"Fst",0.0219886500129471,0,0.0409332594647746,0.102420143004399
"339001","349000",344000.5,"Fst",0.028906357020236,0,0.0355665212999372,0.0809836603525924
"340001","350000",345000.5,"Fst",0.0286364358208093,0,0.0351831036944086,0.0805844235921928
"341001","351000",346000.5,"Fst",0.0233073978328795,0,0.0327260212014153,0.0917810445565875
"342001","352000",347000.5,"Fst",0.0243175921717971,0,0.030720379785594,0.0810525536365488
"343001","353000",348000.5,"Fst",0.0235230441425331,0,0.032154605652221,0.0868531012614463
"344001","354000",349000.5,"Fst",0.0179801828677196,0,0.0517458063197981,0.159188151398793
"345001","355000",350000.5,"Fst",0.0171154559113348,0,0.0575832837281332,0.179223199929691
"346001","356000",351000.5,"Fst",0.0158162470620694,0,0.0573838750097056,0.179412839597193
"347001","357000",352000.5,"Fst",0.015481619440018,0,0.0562627187720401,0.176310153539709
"348001","358000",353000.5,"Fst",0.0178365147066339,0,0.057884804681377,0.168080869541168
"349001","359000",354000.5,"Fst",0.0172545025728991,0,0.0587509486960949,0.167174570564401
"350001","360000",355000.5,"Fst",0.0172559418581811,0,0.0587402254924854,0.167218324230256
"351001","361000",356000.5,"Fst",0.018043696156481,0,0.0581026237775481,0.169410072615295
"352001","362000",357000.5,"Fst",0.0198149706557917,0,0.0615299502060878,0.168026802058509
"353001","363000",358000.5,"Fst",0.0199429342239205,0,0.0627716470923311,0.169522464728626
"354001","364000",359000.5,"Fst",0.0265121070044044,0,0.0585793489100405,0.152493000950377
"355001","365000",360000.5,"Fst",0.0384466361803473,0,0.0476825596410765,0.146741746754045
"356001","366000",361000.5,"Fst",0.0389133233895541,0,0.051928669192616,0.158433813848671
"357001","367000",362000.5,"Fst",0.0436084324486534,0,0.0597704533661156,0.176120416478044
"358001","368000",363000.5,"Fst",0.0396108894954161,0,0.0515873107475696,0.155235944371806
"359001","369000",364000.5,"Fst",0.0381283506107533,0,0.0491521330899329,0.149009021406109
"360001","370000",365000.5,"Fst",0.0401528445649779,0,0.0518935006153115,0.158455211871983
"361001","371000",366000.5,"Fst",0.0419163431250458,0,0.0565991330416464,0.168885600637649
"362001","372000",367000.5,"Fst",0,0,0,0
"363001","373000",368000.5,"Fst",0,0,0,0
"364001","374000",369000.5,"Fst",0,0,0,0
"365001","375000",370000.5,"Fst",0,0,0,0
"366001","376000",371000.5,"Fst",0,0,0,0
"367001","377000",372000.5,"Fst",0,0,0,0
"368001","378000",373000.5,"Fst",0,0,0,0
"369001","379000",374000.5,"Fst",0,0,0,0
"370001","380000",375000.5,"Fst",0.0320663985282038,0,0.0544773440426084,0.163408910203296
"371001","381000",376000.5,"Fst",0.0278019010931075,0,0.0473933203861754,0.133185306468207
"372001","382000",377000.5,"Fst",0.0283399314610778,0,0.0479688811486202,0.133390994786453
"373001","383000",378000.5,"Fst",0.026454500809813,0,0.0458462050810623,0.126989798634167
"374001","384000",379000.5,"Fst",0.0256176274208761,0,0.0449378917422732,0.124592186934291
"375001","385000",380000.5,"Fst",0.0254489044357737,0,0.0443627722878602,0.123314558179228
"376001","386000",381000.5,"Fst",0.0254641768741005,0,0.0437883335543679,0.122272360984869
"377001","387000",382000.5,"Fst",0.0252427550482676,0,0.0431583865353901,0.120750377827476
"378001","388000",383000.5,"Fst",0.0232768994781188,0,0.0405225108557936,0.115582996955374
"379001","389000",384000.5,"Fst",0.0232499227865927,0,0.0404690223941325,0.115458735983146
"380001","390000",385000.5,"Fst",0.0155192955192955,0,0.0317973532466333,0.083461622310543
"381001","391000",386000.5,"Fst",0.007462517954263,0,0.0356978014288531,0.096679188059415
"382001","392000",387000.5,"Fst",0.00824182664774287,0,0.032434929042867,0.07493244231398
"383001","393000",388000.5,"Fst",0.0102149648289498,0,0.0280059549196671,0.0619463110999265
"384001","394000",389000.5,"Fst",0.0102707213621819,0,0.02581833254441,0.0774817958274241
"385001","395000",390000.5,"Fst",0.00631250385033988,0,0.0287466953350182,0.0899696775736887
"386001","396000",391000.5,"Fst",0.00364037645229442,0,0.0308267162069439,0.100606060606061
"387001","397000",392000.5,"Fst",0.00212809387174284,0,0.0312058722498847,0.10412750040657
"388001","398000",393000.5,"Fst",0.0147290485192185,0,0.0269842527544837,0.0834340480499517
"389001","399000",394000.5,"Fst",0.0130005200208008,0,0.0255819361686446,0.0794778811285001
"390001","4e+05",395000.5,"Fst",0.0128681312389058,0,0.0288023384586652,0.0922405513134513
"391001","401000",396000.5,"Fst",0.0235759830633746,0,0.0260294498592675,0.0890227183002549
"392001","402000",397000.5,"Fst",0.0153879111708952,0,0.0282982327537291,0.0951393788866621
"393001","403000",398000.5,"Fst",0.00863162035215992,0,0.0314891257996829,0.105130275045028
"394001","404000",399000.5,"Fst",0.00802969423009603,0,0.0286566979318234,0.0945441016521319
"395001","405000",400000.5,"Fst",0.00675812342294213,0,0.0303765962938747,0.0892505618848329
"396001","406000",401000.5,"Fst",0.00813363763154562,0,0.0292612630426865,0.0830264787795653
"397001","407000",402000.5,"Fst",0.00827397661865292,0,0.0277520115725439,0.0818310959585198
"398001","408000",403000.5,"Fst",0.00240263750001912,0,0.0305881970492768,0.0863654926419981
"399001","409000",404000.5,"Fst",0.00286017260729921,0,0.0309554864207751,0.0878083089283551
"400001","410000",405000.5,"Fst",0.00342418026753555,0,0.0292204744034925,0.0842204827438292
"401001","411000",406000.5,"Fst",0,0,0.0323855939501552,0.0835244447775363
"402001","412000",407000.5,"Fst",0.00104586255213868,0,0.0306594760538876,0.0810696668693829
"403001","413000",408000.5,"Fst",0.00480527387109275,0,0.0291375575417723,0.0709616093032164
"404001","414000",409000.5,"Fst",0.00596514580098095,0,0.0314992988240973,0.0786246566093804
"405001","415000",410000.5,"Fst",0.00964205714748001,0,0.028655016074258,0.0672328689694827
"406001","416000",411000.5,"Fst",0.00922321773601231,0,0.0290088079369715,0.0684644505523001
"407001","417000",412000.5,"Fst",0.0159865423705053,0,0.0258930238489619,0.0566755893145301
"408001","418000",413000.5,"Fst",0.0209292461247282,0,0.0241056013003331,0.0556988264196903
"409001","419000",414000.5,"Fst",0.0207371355612561,0,0.0239154543603536,0.055501380116088
"410001","420000",415000.5,"Fst",0.0208612940501971,0,0.024453726517599,0.0561888574037165
"411001","421000",416000.5,"Fst",0.0236621450103125,0,0.0275767677289278,0.0848136537791709
"412001","422000",417000.5,"Fst",0.0525372821228033,0,0.043484338754362,0.140637111024218
"413001","423000",418000.5,"Fst",0.0551935299322733,0,0.0472805071315303,0.147180971398961
"414001","424000",419000.5,"Fst",0.060719677094039,0,0.0538191043178624,0.143425365287213
"415001","425000",420000.5,"Fst",0.0641786322284623,0,0.0577874380337751,0.142943075284586
"416001","426000",421000.5,"Fst",0.064535049636137,0,0.0562988199547688,0.141062403233109
"417001","427000",422000.5,"Fst",0.0651850239640155,0,0.0588864728342366,0.144010179310333
"418001","428000",423000.5,"Fst",0.0655596102635444,0,0.0566211018186764,0.139538544345049
"419001","429000",424000.5,"Fst",0.0621974956139545,0,0.0548142863634938,0.13165213938554
"420001","430000",425000.5,"Fst",0.0621351406578267,0,0.0547147752868589,0.131467927201952
"421001","431000",426000.5,"Fst",0.0646543114763454,0,0.0577731330044702,0.129187371442638
"422001","432000",427000.5,"Fst",0.0616884792930668,0,0.0503486208318022,0.107133243444826
"423001","433000",428000.5,"Fst",0.0616030970013272,0,0.048112263397315,0.0942172870255061
"424001","434000",429000.5,"Fst",0.0520344989731734,0,0.0357317972475623,0.0595572759617852
"425001","435000",430000.5,"Fst",0.0350796930342384,0,0.0304760702190501,0.0592900194415172
"426001","436000",431000.5,"Fst",0.030229772405532,0,0.0311910578191203,0.0644511962864738
"427001","437000",432000.5,"Fst",0.0304538073164249,0,0.0311625586142033,0.0679073845764543
"428001","438000",433000.5,"Fst",0.0204410424105559,0,0.0342742691571828,0.0798142126904656
"429001","439000",434000.5,"Fst",0.0291075896580485,0,0.0335019236155436,0.0785395098321805
"430001","440000",435000.5,"Fst",0.0284383296651236,0,0.0345794140061642,0.089868211324309
"431001","441000",436000.5,"Fst",0.0288344750111915,0,0.0360109048483001,0.0908759836301481
"432001","442000",437000.5,"Fst",0.0250455474995352,0,0.0379127248073867,0.0953090600475027
"433001","443000",438000.5,"Fst",0.0137256804793277,0,0.0461426247968825,0.107220401094455
"434001","444000",439000.5,"Fst",0.0100595896943244,0,0.0466867624892479,0.109283806089672
"435001","445000",440000.5,"Fst",0.010673302917185,0,0.0471505112215966,0.0979515828677839
"436001","446000",441000.5,"Fst",0.00437727718089764,0,0.0510399332480479,0.11747659806181
"437001","447000",442000.5,"Fst",0.00401234567901243,0,0.049399030820216,0.120422985590906
"438001","448000",443000.5,"Fst",0.0022068873554022,0,0.046759739426069,0.10098556750526
"439001","449000",444000.5,"Fst",0.00193611974207353,0,0.0469223281505802,0.100988152164535
"440001","450000",445000.5,"Fst",0.00106575110876106,0,0.0473325414265867,0.103495940430526
"441001","451000",446000.5,"Fst",0.000757731900812852,0,0.0461017863658898,0.104164606647378
"442001","452000",447000.5,"Fst",0.00181347218804673,0,0.0452555329197161,0.106762016816543
"443001","453000",448000.5,"Fst",0.00434287627657792,0,0.0378131122739849,0.100251227800083
"444001","454000",449000.5,"Fst",0.00110467685295002,0,0.0407207037285442,0.1048749399152
"445001","455000",450000.5,"Fst",0,0,0.0385221343198213,0.107777038771501
"446001","456000",451000.5,"Fst",0.0048673473571984,0,0.0348318080630945,0.117883069842945
"447001","457000",452000.5,"Fst",0.00695416583010833,0,0.0340869442300725,0.10874453889211
"448001","458000",453000.5,"Fst",0.0123954302134265,0,0.0281600710175332,0.0577632360761733
"449001","459000",454000.5,"Fst",0.00911272431928078,0,0.0296260511396466,0.0586419753086421
"450001","460000",455000.5,"Fst",0.00876896013807293,0,0.0290888842614984,0.0586429613167582
"451001","461000",456000.5,"Fst",0.0117993925573466,0,0.0297507829775079,0.0713799624402086
"452001","462000",457000.5,"Fst",0.0105848827083314,0,0.0306837275762814,0.0734447276503352
"453001","463000",458000.5,"Fst",0.0164440187940998,0,0.0294756380144027,0.0844750089895719
"454001","464000",459000.5,"Fst",0.0130055198828432,0,0.029534180217676,0.0701831671690238
"455001","465000",460000.5,"Fst",0.0181429930308854,0,0.0331918767795961,0.087751791889045
"456001","466000",461000.5,"Fst",0.0173864297424506,0,0.0322511374626705,0.0877307795449388
"457001","467000",462000.5,"Fst",0.0195856027851086,0,0.0320300379225286,0.100419995742936
"458001","468000",463000.5,"Fst",0.021458924826959,0,0.0313467021747109,0.0991758439501909
"459001","469000",464000.5,"Fst",0.0202117322452638,0,0.0319151903395183,0.110655936140637
"460001","470000",465000.5,"Fst",0.0217187363368919,0,0.0337151645898199,0.106331923858871
"461001","471000",466000.5,"Fst",0.0270006117581234,0,0.0346552982052503,0.111978145525046
"462001","472000",467000.5,"Fst",0.0258160633452471,0,0.0379624060182354,0.114955122337677
"463001","473000",468000.5,"Fst",0.0261672522221801,0,0.0389749198010243,0.116024599221322
"464001","474000",469000.5,"Fst",0.0284336945022559,0,0.0369203183991337,0.108780201981352
"465001","475000",470000.5,"Fst",0.0276597710005878,0,0.0363031611472247,0.100433097916078
"466001","476000",471000.5,"Fst",0.0288705017469771,0,0.0364337029019592,0.101618446994929
"467001","477000",472000.5,"Fst",0.0265280326010161,0,0.039728799384741,0.106331749342672
"468001","478000",473000.5,"Fst",0.0251691582714844,0,0.0404855848270049,0.107618334350219
"469001","479000",474000.5,"Fst",0.0303498467824312,0,0.0414792699081403,0.113897549707045
"470001","480000",475000.5,"Fst",0.0415731040266356,0,0.0425931494316856,0.12231835399449
"471001","481000",476000.5,"Fst",0.0369053574260929,0,0.0407882013559465,0.128222985730646
"472001","482000",477000.5,"Fst",0.0625613475474971,0,0.0306370091430896,0.0746920298955664
"473001","483000",478000.5,"Fst",0.0553521399226388,0,0.0348122580696851,0.103316636450583
"474001","484000",479000.5,"Fst",0.0536476562864173,0,0.0337771251538387,0.100268567680121
"475001","485000",480000.5,"Fst",0.0560006918364179,0,0.0351757394308898,0.10562957259009
"476001","486000",481000.5,"Fst",0.050613091342007,0,0.0418686783107334,0.122879491177698
"477001","487000",482000.5,"Fst",0.0571248436402743,0,0.0364836265466436,0.107291162402501
"478001","488000",483000.5,"Fst",0.0487177258870374,0,0.0434550393110553,0.117141154203948
"479001","489000",484000.5,"Fst",0.0490795911454747,0,0.0437348111292397,0.11807795630034
"480001","490000",485000.5,"Fst",0.041353857608481,0,0.0437342313848824,0.137438087124599
"481001","491000",486000.5,"Fst",0.0406504869182852,0,0.0429592850580612,0.135130912813199
"482001","492000",487000.5,"Fst",0.0141458514158722,0,0.0517115776012592,0.171265074118375
"483001","493000",488000.5,"Fst",0.00844839496308869,0,0.0527564129270005,0.178704548761292
"484001","494000",489000.5,"Fst",0.00363286096888404,0,0.0557591243049165,0.191765606990147
"485001","495000",490000.5,"Fst",0.00129805928973525,0,0.0561336322920041,0.197297153249279
"486001","496000",491000.5,"Fst",0,0,0.0581396940593789,0.212015571581863
"487001","497000",492000.5,"Fst",0,0,0.0611442346195624,0.21625238925974
"488001","498000",493000.5,"Fst",0,0,0.0622573689856892,0.218347916728883
"489001","499000",494000.5,"Fst",0,0,0.0620832869025964,0.218650834505874
"490001","5e+05",495000.5,"Fst",0,0,0.0629530810117841,0.219966661462571
"491001","501000",496000.5,"Fst",0,0,0.063069401939919,0.220181871534358
"492001","502000",497000.5,"Fst",0,0,0.0610880204313532,0.220261549686843
"493001","503000",498000.5,"Fst",0,0,0.0611170866508707,0.220861500335337
"494001","504000",499000.5,"Fst",0,0,0.0607635847936997,0.220005297097472
"495001","505000",500000.5,"Fst",0,0,0.0605822093953168,0.219679751154539
"496001","506000",501000.5,"Fst",0,0,0.0617420356657202,0.218240946978486
"497001","507000",502000.5,"Fst",0,0,0.0609126813376532,0.215440176084341
"498001","508000",503000.5,"Fst",0,0,0.059557364668029,0.212451109175747
"499001","509000",504000.5,"Fst",0,0,0.0594324083423417,0.206784367332363
"500001","510000",505000.5,"Fst",0,0,0.0580591594249118,0.203616368620984
"501001","511000",506000.5,"Fst",0,0,0.0564933580064012,0.198835379489449
"502001","512000",507000.5,"Fst",0,0,0.0504100631267236,0.181758694991209
"503001","513000",508000.5,"Fst",0.0574999425643852,0,0.0193866110671524,0.0455324902568996
"504001","514000",509000.5,"Fst",0.0796904710328064,0,0.023568114240222,0.0488231304478887
"505001","515000",510000.5,"Fst",0.0899219346129013,0,0.0271321368569828,0.0627393004783616
"506001","516000",511000.5,"Fst",0.0956842795340368,0,0.0374910457036992,0.0932070424429775
"507001","517000",512000.5,"Fst",0.0913448734579465,0,0.034005301696116,0.0856712557109862
"508001","518000",513000.5,"Fst",0.0961860607551857,0,0.037123233513576,0.0915727280105811
"509001","519000",514000.5,"Fst",0.100999963220183,0,0.0392700050549743,0.0995756571526368
"510001","520000",515000.5,"Fst",0.0972990744343878,0,0.0382088476755785,0.0902637023685282
"511001","521000",516000.5,"Fst",0.0992589351365512,0,0.0403711594437248,0.0935131185777509
"512001","522000",517000.5,"Fst",0.0994241030814942,0,0.0406440810864495,0.0949770108038359
"513001","523000",518000.5,"Fst",0.0978731034120097,0,0.0436357099645597,0.104571982067521
"514001","524000",519000.5,"Fst",0.09603107259639,0,0.0431957132724104,0.101387799902444
"515001","525000",520000.5,"Fst",0.0948229414258249,0,0.0435722749379922,0.100235969557785
"516001","526000",521000.5,"Fst",0.0910390109314427,0,0.0414894690299767,0.0857777194665431
"517001","527000",522000.5,"Fst",0.0980706453601047,0,0.0446055748146582,0.09652076318743
"518001","528000",523000.5,"Fst",0.0981237631655459,0,0.0445743316096647,0.0964684403079817
"519001","529000",524000.5,"Fst",0.098551011346601,0,0.0440408735511776,0.0969996150250235
"520001","530000",525000.5,"Fst",0.101130733136169,0,0.0448570133431375,0.104609661608502
"521001","531000",526000.5,"Fst",0.0992355992355992,0,0.0444253934425588,0.102795382228417
"522001","532000",527000.5,"Fst",0.0983336509751604,0,0.0448130433472139,0.102162502624396
"523001","533000",528000.5,"Fst",0.0952485433579561,0,0.0441485973328688,0.0989131824574863
"524001","534000",529000.5,"Fst",0.092090501707875,0,0.0428107034655682,0.0963865374391689
"525001","535000",530000.5,"Fst",0.0938494007087963,0,0.0463954595915614,0.101248049921997
"526001","536000",531000.5,"Fst",0.120010468386578,0,0.0473927130367944,0.103174731586672
"527001","537000",532000.5,"Fst",0.0982235880820786,0,0.0373735316443329,0.0941522161478886
"528001","538000",533000.5,"Fst",0.0943555805624772,0,0.0357712307888023,0.0910115671151133
"529001","539000",534000.5,"Fst",0.0749401025848688,0,0.0408308197579191,0.0980301138203178
"530001","540000",535000.5,"Fst",0.0952334367294999,0,0.0411744432475712,0.100029853241465
"531001","541000",536000.5,"Fst",0.0964741807868635,0,0.0417636254032845,0.10142877899937
"532001","542000",537000.5,"Fst",0.0970648848965407,0,0.0435360939752467,0.1021069394536
"533001","543000",538000.5,"Fst",0.0935503240877834,0,0.0440627902234301,0.107933311229272
"534001","544000",539000.5,"Fst",0.0914739190601259,0,0.0429097644168812,0.10596875438702
"535001","545000",540000.5,"Fst",0.0695557154660057,0,0.0450101484745364,0.112867486308425
"536001","546000",541000.5,"Fst",0.0335375583943114,0,0.0454714307202917,0.113593324087801
"537001","547000",542000.5,"Fst",0.0390943470360002,0,0.0363660918843359,0.0914965008148787
"538001","548000",543000.5,"Fst",0.0446601394263642,0,0.0344560316012893,0.0868128029953755
"539001","549000",544000.5,"Fst",0.0604417146299256,0,0.0267727365911616,0.0692348960767007
"540001","550000",545000.5,"Fst",0.0419835666212479,0,0.0273283326693796,0.069741951928988
"541001","551000",546000.5,"Fst",0.0419835666212479,0,0.0273283326693796,0.069741951928988
"542001","552000",547000.5,"Fst",0.0411263280383936,0,0.0287836082647161,0.0737598765559666
"543001","553000",548000.5,"Fst",0.0384277667329357,0,0.0277128931294423,0.0651324980888792
"544001","554000",549000.5,"Fst",0.0397055167055168,0,0.0281068535483877,0.066911956517507
"545001","555000",550000.5,"Fst",0.0500711328069959,0,0.0257170029369689,0.0601750126318519
"546001","556000",551000.5,"Fst",0.0669129215404609,0,0.0232306087366415,0.060178092917621
"547001","557000",552000.5,"Fst",0.0725307299469978,0,0.0254684899987625,0.0644581587951266
"548001","558000",553000.5,"Fst",0.0727864672267378,0,0.02505931194826,0.0676997774262214
"549001","559000",554000.5,"Fst",0.0453767503889753,0,0.0215445408078108,0.0585021961392242
"550001","560000",555000.5,"Fst",0.0441488930338172,0,0.020973015244498,0.0565727950886963
"551001","561000",556000.5,"Fst",0.0317020355132093,0,0.0229524445663916,0.0583999423921653
"552001","562000",557000.5,"Fst",0.0321196338383839,0,0.0247147920871907,0.072334904369983
"553001","563000",558000.5,"Fst",0.0326553862693656,0,0.0250483417232996,0.0732608213799436
"554001","564000",559000.5,"Fst",0.0474569394007019,0,0.0251708100052333,0.0740423353140115
"555001","565000",560000.5,"Fst",0.0419085752419085,0,0.0226150377206979,0.0671254908386892
"556001","566000",561000.5,"Fst",0.0163978258963794,0,0.0239783677513993,0.0663206786018011
"557001","567000",562000.5,"Fst",0.0187796972843702,0,0.025605063448508,0.0725050661534007
"558001","568000",563000.5,"Fst",0.019598860454997,0,0.0267076879269433,0.075649817136886
"559001","569000",564000.5,"Fst",0.0287816435964584,0,0.0228497990196339,0.061441472800758
"560001","570000",565000.5,"Fst",0.030186325405449,0,0.0241052389121202,0.0646166361602604
"561001","571000",566000.5,"Fst",0.0358862254384642,0,0.0294298103615942,0.0775881009689564
"562001","572000",567000.5,"Fst",0.0328889831806984,0,0.0283407057733861,0.0736913016713707
"563001","573000",568000.5,"Fst",0.0695301380837928,0,0.0326499468992215,0.0974774972960092
"564001","574000",569000.5,"Fst",0.0432986068047458,0,0.024617776990551,0.0653445019298677
"565001","575000",570000.5,"Fst",0.0521858125601007,0,0.0247542013512232,0.0671121554804915
"566001","576000",571000.5,"Fst",0.0521858125601007,0,0.0247542013512232,0.0671121554804915
"567001","577000",572000.5,"Fst",0.051165826594626,0,0.0242642318078523,0.0656278424050937
"568001","578000",573000.5,"Fst",0.051165826594626,0,0.0242642318078523,0.0656278424050937
"569001","579000",574000.5,"Fst",0.0478322802147632,0,0.0244141736850521,0.0686684449571049
"570001","580000",575000.5,"Fst",0.0487928464977646,0,0.024907575437785,0.070029040914605
"571001","581000",576000.5,"Fst",0.0575582918522399,0,0.0264117587403778,0.0687949059932023
"572001","582000",577000.5,"Fst",0.058145899255965,0,0.0256245684325624,0.0674541236026155
"573001","583000",578000.5,"Fst",0,0,0.0233376753282482,0.0700675567849355
"574001","584000",579000.5,"Fst",0.00325060695980572,0,0.0178578803535053,0.034817831494132
"575001","585000",580000.5,"Fst",0.0398305497394946,0,0.0344757905489349,0.0904777310471261
"576001","586000",581000.5,"Fst",0.0388119187701651,0,0.0336203068063212,0.0879731571773096
"577001","587000",582000.5,"Fst",0.0333847415002847,0,0.031161061975442,0.0839533799533799
"578001","588000",583000.5,"Fst",0.0318513216151013,0,0.0296659605170244,0.0804862787163672
"579001","589000",584000.5,"Fst",0.0334807242437766,0,0.0295500250763469,0.0796432796432798
"580001","590000",585000.5,"Fst",0.0312365957661545,0,0.0275885238139978,0.0747076397780622
"581001","591000",586000.5,"Fst",0.0356816573377082,0,0.0261007221304615,0.072642890824709
"582001","592000",587000.5,"Fst",0.0373468013468012,0,0.0272259558992516,0.0753677404926248
"583001","593000",588000.5,"Fst",0.0383081053967129,0,0.0305890428589816,0.0835157134236381
"584001","594000",589000.5,"Fst",0.038513226995466,0,0.0337827620051392,0.0898910282571221
"585001","595000",590000.5,"Fst",0.00316158936848598,0,0.0139239638411191,0.0219336219336219
"586001","596000",591000.5,"Fst",0.00330476670587565,0,0.0145428813387416,0.023030303030303
"587001","597000",592000.5,"Fst",0.0129564879564878,0,0.0130541148840395,0.0192112851687321
"588001","598000",593000.5,"Fst",0,0,0.03266225734718,0.081967213114754
"589001","599000",594000.5,"Fst",0,0,0.032642339000191,0.0818157825283716
"590001","6e+05",595000.5,"Fst",0,0,0.0335166550462329,0.0839880791113518
"591001","601000",596000.5,"Fst",0,0,0.0362797449100468,0.0881461936870909
"592001","602000",597000.5,"Fst",0,0,0.034517738836435,0.0837932303164091
"593001","603000",598000.5,"Fst",0,0,0.0320667470632371,0.0779231887776922
"594001","604000",599000.5,"Fst",0,0,0.0320083922514266,0.0779231887776922
"595001","605000",600000.5,"Fst",0,0,0.030202024058549,0.0745069393718042
"596001","606000",601000.5,"Fst",0,0,0.0247371891245859,0.0596639471639472
"597001","607000",602000.5,"Fst",0,0,0.028335551409837,0.0705961483998866
"598001","608000",603000.5,"Fst",0,0,0.0234780480596793,0.045194956306991
"599001","609000",604000.5,"Fst",0,0,0.0243328704558902,0.0469367497549278
"600001","610000",605000.5,"Fst",0.00224588789367697,0,0.0208429754424258,0.0404086562502404
"601001","611000",606000.5,"Fst",0.0022177856192156,0,0.0205879965643417,0.039912160724598
"602001","612000",607000.5,"Fst",0.00227640764587833,0,0.0214339350382714,0.0390198839973953
"603001","613000",608000.5,"Fst",0.00130681818181821,0,0.022028127555528,0.0386675285100883
"604001","614000",609000.5,"Fst",0.00335760247589778,0,0.020179602987372,0.035860388322915
"605001","615000",610000.5,"Fst",0.00303570189037228,0,0.0213162140859042,0.0372981286849526
"606001","616000",611000.5,"Fst",0.00592101436631198,0,0.0256195714330288,0.0499773294037632
"607001","617000",612000.5,"Fst",0.0113759403782606,0,0.0269069396465645,0.0519116030774063
"608001","618000",613000.5,"Fst",0.0102005099366577,0,0.0241013704738967,0.0452900545898391
"609001","619000",614000.5,"Fst",0.00321100050998246,0,0.0273641208116986,0.0733495887619187
"610001","620000",615000.5,"Fst",0,0,0.0401017769965015,0.107250938143082
"611001","621000",616000.5,"Fst",0,0,0.0464116477076023,0.114887691913085
"612001","622000",617000.5,"Fst",0.00280358527025992,0,0.0412999070849491,0.0995333194646696
"613001","623000",618000.5,"Fst",0.00356790204726487,0,0.0416815900441834,0.10073491472479
"614001","624000",619000.5,"Fst",0.00259514202072952,0,0.0431939341376977,0.104489417647312
"615001","625000",620000.5,"Fst",0.00257719808281609,0,0.0428968729468206,0.103800368261037
"616001","626000",621000.5,"Fst",0.00257942749292228,0,0.0428957030366577,0.103800368261037
"617001","627000",622000.5,"Fst",0.00809071103188752,0,0.0395156238188298,0.0993710011324864
"618001","628000",623000.5,"Fst",0.0209324575444794,0,0.0413364474529611,0.085663826217493
"619001","629000",624000.5,"Fst",0.0168930686172064,0,0.0437246655246739,0.100264462809917
"620001","630000",625000.5,"Fst",0.0211572614763779,0,0.0417728269050814,0.0864871129654889
"621001","631000",626000.5,"Fst",0.0277846726652188,0,0.0357186210154961,0.0786457639212191
"622001","632000",627000.5,"Fst",0.0231108610418956,0,0.0375364395247187,0.0856309674991769
"623001","633000",628000.5,"Fst",0.017006945252784,0,0.042346748232178,0.10678235053235
"624001","634000",629000.5,"Fst",0.017006945252784,0,0.042346748232178,0.10678235053235
"625001","635000",630000.5,"Fst",0.0151705149615171,0,0.0437321699044062,0.103335631163615
"626001","636000",631000.5,"Fst",0.0174186528342948,0,0.0442016653477075,0.107952399845798
"627001","637000",632000.5,"Fst",0.0103572531658601,0,0.0484314590154545,0.126607219636214
"628001","638000",633000.5,"Fst",0,0,0.0574522700753677,0.149853350172184
"629001","639000",634000.5,"Fst",0,0,0.0530413320889346,0.137372372899197
"630001","640000",635000.5,"Fst",0,0,0.0566170268354765,0.148046943422666
"631001","641000",636000.5,"Fst",0,0,0.0576203974839615,0.148494957153031
"632001","642000",637000.5,"Fst",0,0,0.0583030032564616,0.151633288328833
"633001","643000",638000.5,"Fst",0,0,0.0555694244055925,0.14550062176844
"634001","644000",639000.5,"Fst",0,0,0.0559796919456007,0.146328004288462
"635001","645000",640000.5,"Fst",0,0,0.053917410006487,0.145981933534994
"636001","646000",641000.5,"Fst",0,0,0.0545031908953098,0.145377403129198
"637001","647000",642000.5,"Fst",0,0,0.0527003662271149,0.137307340383516
"638001","648000",643000.5,"Fst",0.000294771333991251,0,0.0460806712564249,0.132610652639635
"639001","649000",644000.5,"Fst",7.23634637534998e-05,0,0.0457670466292403,0.131329668319334
"640001","650000",645000.5,"Fst",0.00511989419319991,0,0.037757168608705,0.10784606629677
"641001","651000",646000.5,"Fst",0.00452633746066289,0,0.0400739697916681,0.113566921133824
"642001","652000",647000.5,"Fst",0.00425586562046498,0,0.0402265386060129,0.10236066847716
"643001","653000",648000.5,"Fst",0.000823243245076544,0,0.0423791519066594,0.113454606610801
"644001","654000",649000.5,"Fst",0.00477813384266779,0,0.039603443339441,0.109429452653636
"645001","655000",650000.5,"Fst",0,0,0.0460380447225482,0.129764086711055
"646001","656000",651000.5,"Fst",0.00300728497672775,0,0.043715070124836,0.119607307323855
"647001","657000",652000.5,"Fst",0.00130746441943741,0,0.0451184299514778,0.121696025860699
"648001","658000",653000.5,"Fst",0,0,0.0474144160008712,0.125056250310559
"649001","659000",654000.5,"Fst",0,0,0.0447490208655396,0.117455508970631
"650001","660000",655000.5,"Fst",0,0,0.0468349594510341,0.124104777939244
"651001","661000",656000.5,"Fst",0,0,0.0465356324590491,0.127799008293577
"652001","662000",657000.5,"Fst",0,0,0.0475322810747359,0.132661555251566
"653001","663000",658000.5,"Fst",0,0,0.0441128029582528,0.125987978733865
"654001","664000",659000.5,"Fst",0.000236580759128135,0,0.0420107629504903,0.118081102055174
"655001","665000",660000.5,"Fst",0.000824767965578066,0,0.0403804892266583,0.11371008195079
"656001","666000",661000.5,"Fst",0,0,0.0411078136973669,0.117337222806568
"657001","667000",662000.5,"Fst",0,0,0.042264012991479,0.120844143782577
"658001","668000",663000.5,"Fst",0,0,0.0422028564210995,0.123814174969735
"659001","669000",664000.5,"Fst",0,0,0.046111174319331,0.132093799581012
"660001","670000",665000.5,"Fst",0,0,0.0430418576535342,0.125161736757974
"661001","671000",666000.5,"Fst",0,0,0.0437527710391103,0.119461950342886
"662001","672000",667000.5,"Fst",0,0,0.0377349565780322,0.108669536883154
"663001","673000",668000.5,"Fst",0,0,0.0462841676542958,0.12250616273909
"664001","674000",669000.5,"Fst",0,0,0.0557025672370273,0.147833596301563
"665001","675000",670000.5,"Fst",0,0,0.0583408759518838,0.153891211412646
"666001","676000",671000.5,"Fst",0,0,0.0583408759518838,0.153891211412646
"667001","677000",672000.5,"Fst",0,0,0.0583849624043203,0.153906147706636
"668001","678000",673000.5,"Fst",0,0,0,0
"669001","679000",674000.5,"Fst",0,0,0,0
"670001","680000",675000.5,"Fst",0,0,0,0
"671001","681000",676000.5,"Fst",0,0,0,0
"672001","682000",677000.5,"Fst",0,0,0,0
"673001","683000",678000.5,"Fst",0,0,0,0
"674001","684000",679000.5,"Fst",0,0,0,0
"675001","685000",680000.5,"Fst",0,0,0,0
"676001","686000",681000.5,"Fst",0,0,0,0
"677001","687000",682000.5,"Fst",0,0,0,0
"678001","688000",683000.5,"Fst",0,0,0,0
"679001","689000",684000.5,"Fst",0,0,0,0
"680001","690000",685000.5,"Fst",0,0,0,0
"681001","691000",686000.5,"Fst",0,0,0,0
"682001","692000",687000.5,"Fst",0,0,0,0
"683001","693000",688000.5,"Fst",0,0,0,0
"684001","694000",689000.5,"Fst",0,0,0,0
"685001","695000",690000.5,"Fst",0,0,0.0675255558000163,0.179181334989991
"686001","696000",691000.5,"Fst",0,0,0.0443730338195744,0.126702764174835
"687001","697000",692000.5,"Fst",0,0,0.0431408062202501,0.121216348484744
"688001","698000",693000.5,"Fst",0,0,0.042428317758146,0.119431451673509
"689001","699000",694000.5,"Fst",0,0,0.0476014544577568,0.132133279832269
"690001","7e+05",695000.5,"Fst",0,0,0.0467346273389694,0.129323372121517
"691001","701000",696000.5,"Fst",0,0,0.0447816573402097,0.121052454673158
"692001","702000",697000.5,"Fst",0,0,0.0471515955224035,0.126933166033872
"693001","703000",698000.5,"Fst",0,0,0.0471515955224035,0.126933166033872
"694001","704000",699000.5,"Fst",0,0,0.0470597872064801,0.12669761321172
"695001","705000",700000.5,"Fst",0,0,0.0430743428749474,0.116632613133457
"696001","706000",701000.5,"Fst",0.000344726165451226,0,0.0421553593527772,0.116655317217115
"697001","707000",702000.5,"Fst",0.000629252945050007,0,0.0428410689234498,0.119821250952615
"698001","708000",703000.5,"Fst",0.00187397243195642,0,0.0438969456544895,0.113919351623775
"699001","709000",704000.5,"Fst",0.00836692719045651,0,0.0367970540798382,0.0913526010953915
"700001","710000",705000.5,"Fst",0.0159141502902488,0,0.0387414231891461,0.088105607731776
"701001","711000",706000.5,"Fst",0.0135010895933557,0,0.0362784166498735,0.0876358588487688
"702001","712000",707000.5,"Fst",0.0306558042738947,0,0.0281683650204948,0.0712281329104991
"703001","713000",708000.5,"Fst",0.0198254364089776,0,0.0283364083957589,0.0735000351806351
"704001","714000",709000.5,"Fst",0.0199780116224281,0,0.0285536815735354,0.0740449003062985
"705001","715000",710000.5,"Fst",0.0205228909167919,0,0.0293005296333157,0.078327672605002
"706001","716000",711000.5,"Fst",0.0204030929408732,0,0.0312670420151112,0.0858346319411231
"707001","717000",712000.5,"Fst",0.020403003073093,0,0.0312452311457838,0.0968500235072873
"708001","718000",713000.5,"Fst",0.0255329341317365,0,0.0304747225760236,0.0954543902189132
"709001","719000",714000.5,"Fst",0.0156063878526082,0,0.0368737728612655,0.114018796780911
"710001","720000",715000.5,"Fst",0,0,0.0394599284841552,0.128338577543442
"711001","721000",716000.5,"Fst",0,0,0.0464673099127948,0.14727143148035
"712001","722000",717000.5,"Fst",0,0,0.0447186305436258,0.142757045072272
"713001","723000",718000.5,"Fst",0,0,0.0436808404733393,0.126337866179555
"714001","724000",719000.5,"Fst",0,0,0.0427356499656203,0.12370164281929
"715001","725000",720000.5,"Fst",0,0,0.0560009260699806,0.159384350873713
"716001","726000",721000.5,"Fst",0,0,0.0555993082191302,0.158176239930436
"717001","727000",722000.5,"Fst",0,0,0.0600450916510171,0.161415798772963
"718001","728000",723000.5,"Fst",0,0,0.0605805106803816,0.162750995926771
"719001","729000",724000.5,"Fst",0,0,0.0584235591922396,0.157804437789115
"720001","730000",725000.5,"Fst",0,0,0.0503692460364354,0.136757684939801
"721001","731000",726000.5,"Fst",0.000722913665765601,0,0.0447881616573987,0.12238912622945
"722001","732000",727000.5,"Fst",0,0,0.0518717540105571,0.146287461451277
"723001","733000",728000.5,"Fst",0,0,0.0510271934152923,0.147027691538349
"724001","734000",729000.5,"Fst",0,0,0.0507318356349195,0.158938954401035
"725001","735000",730000.5,"Fst",0.00138320138320147,0,0.0418844905015886,0.129551708832667
"726001","736000",731000.5,"Fst",0.00160113858744004,0,0.0406572996977332,0.127020925588261
"727001","737000",732000.5,"Fst",0.00149499250084684,0,0.0387336678839475,0.122396021972715
"728001","738000",733000.5,"Fst",0.00157100471728322,0,0.0390102654789757,0.110594981501252
"729001","739000",734000.5,"Fst",0.0024914159581424,0,0.0375506992870951,0.106766416967888
"730001","740000",735000.5,"Fst",0.00211784095591272,0,0.0353447650490159,0.115454051804994
"731001","741000",736000.5,"Fst",0,0,0.0352739497184159,0.110431937916535
"732001","742000",737000.5,"Fst",0,0,0.0295866542637329,0.0869733304265679
"733001","743000",738000.5,"Fst",0.00143843498273888,0,0.0277085436773554,0.0595165134490976
"734001","744000",739000.5,"Fst",0.00629312931293124,0,0.0290782008713594,0.0714384748700173
"735001","745000",740000.5,"Fst",0.0067033472409227,0,0.027249705348806,0.0693975798870905
"736001","746000",741000.5,"Fst",0.00649390949148909,0,0.0279514054922054,0.0704937758185699
"737001","747000",742000.5,"Fst",0.00744542196155096,0,0.0285597168207548,0.0718339266155531
"738001","748000",743000.5,"Fst",0.0055330441276954,0,0.0254628746606162,0.0587694195657443
"739001","749000",744000.5,"Fst",0.0103302938782195,0,0.0228946190603003,0.055867888388466
"740001","750000",745000.5,"Fst",0.00884367249522067,0,0.0263269945388674,0.0543463334248833
"741001","751000",746000.5,"Fst",0.00625937006057897,0,0.0326347127609346,0.0625798284277581
"742001","752000",747000.5,"Fst",0.00302068825321478,0,0.0373624548849077,0.0861538624945566
"743001","753000",748000.5,"Fst",0.00324952095840148,0,0.0357317925172189,0.0833024327209394
"744001","754000",749000.5,"Fst",0.00262669687078576,0,0.0404239341252483,0.109520587599311
"745001","755000",750000.5,"Fst",0.00392748286934497,0,0.0411257312363284,0.114247970408801
"746001","756000",751000.5,"Fst",0.00285352317861454,0,0.0421778540167128,0.118313936587175
"747001","757000",752000.5,"Fst",0.00261582006315941,0,0.0427546776002998,0.119336795844986
"748001","758000",753000.5,"Fst",0.00343382557359906,0,0.0430243419303857,0.1168151646844
"749001","759000",754000.5,"Fst",7.9906169586863e-05,0,0.0459308505809996,0.125198607953367
"750001","760000",755000.5,"Fst",0.00434717750456848,0,0.0432251771714903,0.12151871657754
"751001","761000",756000.5,"Fst",0.00462134764460331,0,0.0377105777778619,0.106369805486803
"752001","762000",757000.5,"Fst",0.00856925150929033,0,0.0346907454393538,0.0902729613859503
"753001","763000",758000.5,"Fst",0.00544007507959943,0,0.0403110870371637,0.0922405482546641
"754001","764000",759000.5,"Fst",0.005052711501915,0,0.0410554915091656,0.086816665689695
"755001","765000",760000.5,"Fst",0.00486126180541602,0,0.0423355179348109,0.0849119084752176
"756001","766000",761000.5,"Fst",0.00563404167251846,0,0.0443284000861583,0.0853247900048026
"757001","767000",762000.5,"Fst",0.00568951547091856,0,0.0447235828508395,0.0861502188435928
"758001","768000",763000.5,"Fst",0.00582234620940858,0,0.0475402834954063,0.0922015745888742
"759001","769000",764000.5,"Fst",0.00667732168092527,0,0.051579024288009,0.0991219967217588
"760001","770000",765000.5,"Fst",0.00308910207794788,0,0.0549674582802735,0.104866442555667
"761001","771000",766000.5,"Fst",0.00380535764322476,0,0.0580127323089424,0.112813375278501
"762001","772000",767000.5,"Fst",0.00153869007965124,0,0.0592653853931147,0.114288162098848
"763001","773000",768000.5,"Fst",0,0,0,0
"764001","774000",769000.5,"Fst",0,0,0,0
"765001","775000",770000.5,"Fst",0,0,0,0
"766001","776000",771000.5,"Fst",0,0,0,0
"767001","777000",772000.5,"Fst",0,0,0,0
"768001","778000",773000.5,"Fst",0,0,0.0539856270822238,0.141604687852152
"769001","779000",774000.5,"Fst",0,0,0.0479727658700615,0.129577034920689
"770001","780000",775000.5,"Fst",0.00335236147794715,0,0.0439617307311021,0.120671269993882
"771001","781000",776000.5,"Fst",0.00302166406263482,0,0.0455773772668247,0.125712971904171
"772001","782000",777000.5,"Fst",0.0022297572948643,0,0.0436041480018505,0.11698474399164
"773001","783000",778000.5,"Fst",0.00241482955213979,0,0.0427444163562844,0.113282280957303
"774001","784000",779000.5,"Fst",0.00227252067993811,0,0.0417334941748713,0.110183683704194
"775001","785000",780000.5,"Fst",0.00210531030930139,0,0.0412877264652893,0.108861792844257
"776001","786000",781000.5,"Fst",0.00147289751792334,0,0.0432686536556803,0.109575954725208
"777001","787000",782000.5,"Fst",0.00146872711338275,0,0.0431653098095358,0.109319703983953
"778001","788000",783000.5,"Fst",0.00491321164232661,0,0.0480220237199841,0.101935353535353
"779001","789000",784000.5,"Fst",0.0052785755012581,0,0.0525784333378472,0.114511341665986
"780001","790000",785000.5,"Fst",0.0163646274684704,0,0.0517376051305987,0.11486357395172
"781001","791000",786000.5,"Fst",0.0179999782227594,0,0.0520843531280731,0.116536913398732
"782001","792000",787000.5,"Fst",0.0196290433044787,0,0.045772721881326,0.110411397113525
"783001","793000",788000.5,"Fst",0.0193242363001687,0,0.0463642311302815,0.109939416496082
"784001","794000",789000.5,"Fst",0.0156425756934017,0,0.0539437122909289,0.122683339505769
"785001","795000",790000.5,"Fst",0.0130107571811265,0,0.0563549075627059,0.124134206942085
"786001","796000",791000.5,"Fst",0.0160691859091532,0,0.0470699609302241,0.105413560998433
"787001","797000",792000.5,"Fst",0.00623126572585053,0,0.0534662156779288,0.113330854873109
"788001","798000",793000.5,"Fst",0.00858658458083461,0,0.0486857368097783,0.113624071493156
"789001","799000",794000.5,"Fst",0.00395797209148707,0,0.0538567403907162,0.13365913232159
"790001","8e+05",795000.5,"Fst",0,0,0.0558937581510415,0.1348273981302
"791001","801000",796000.5,"Fst",0,0,0.0571561645442441,0.151573659456878
"792001","802000",797000.5,"Fst",0,0,0.0573270668334632,0.158088189527078
"793001","803000",798000.5,"Fst",0,0,0.0583763132704156,0.162343230771243
"794001","804000",799000.5,"Fst",0,0,0.0583228346809604,0.169078018400348
"795001","805000",800000.5,"Fst",0,0,0.057396931525647,0.170044452108588
"796001","806000",801000.5,"Fst",0,0,0.0598496423404575,0.174377135343152
"797001","807000",802000.5,"Fst",0,0,0.0604225584910278,0.16848729516258
"798001","808000",803000.5,"Fst",0,0,0.0604225584910278,0.16848729516258
"799001","809000",804000.5,"Fst",0,0,0.0626413799416538,0.158767568870324
"800001","810000",805000.5,"Fst",0,0,0.066871901331607,0.182017848364913
"801001","811000",806000.5,"Fst",0,0,0.0595417896835083,0.18375001501736
"802001","812000",807000.5,"Fst",0,0,0.0587072905059446,0.185060216714018
"803001","813000",808000.5,"Fst",0,0,0.0583612502328103,0.183942253262262
"804001","814000",809000.5,"Fst",0,0,0.0578890329828535,0.175306382521692
"805001","815000",810000.5,"Fst",0,0,0.0592743683198727,0.177870012643117
"806001","816000",811000.5,"Fst",0,0,0.0592743683198727,0.177870012643117
"807001","817000",812000.5,"Fst",0,0,0.05892364151005,0.173477099324611
"808001","818000",813000.5,"Fst",0,0,0.0581879347584874,0.172789869304726
"809001","819000",814000.5,"Fst",0,0,0.0569614290069941,0.170602331886561
"810001","820000",815000.5,"Fst",0,0,0.0572390731469768,0.172892296568367
"811001","821000",816000.5,"Fst",0,0,0.056107368904505,0.166858110715641
"812001","822000",817000.5,"Fst",0,0,0.0559924057432211,0.164228970596424
"813001","823000",818000.5,"Fst",0,0,0.0563292092334138,0.165113643380777
"814001","824000",819000.5,"Fst",0,0,0.0581399257131697,0.175581183462441
"815001","825000",820000.5,"Fst",0,0,0.0548920255127168,0.164609276511747
"816001","826000",821000.5,"Fst",0,0,0.0520409099087607,0.158483831776105
"817001","827000",822000.5,"Fst",0,0,0.0576300040532394,0.171105246922868
"818001","828000",823000.5,"Fst",0,0,0.0582285032450386,0.182416046885551
"819001","829000",824000.5,"Fst",0,0,0.0587836097699455,0.182622762090107
"820001","830000",825000.5,"Fst",0,0,0.060826045917707,0.174986450664223
"821001","831000",826000.5,"Fst",0,0,0.0587126822309655,0.173430077736235
"822001","832000",827000.5,"Fst",0,0,0.0539567936995594,0.159511713548855
"823001","833000",828000.5,"Fst",0,0,0.0537231616371637,0.158795282292005
"824001","834000",829000.5,"Fst",0,0,0.0545256682044899,0.137544199409656
"825001","835000",830000.5,"Fst",0,0,0.0490686259591876,0.119417379695277
"826001","836000",831000.5,"Fst",0,0,0.0473581819347426,0.112912994315278
"827001","837000",832000.5,"Fst",0.000186817479322698,0,0.044588319797499,0.10462498232716
"828001","838000",833000.5,"Fst",0.00693022391720466,0,0.0439974598557041,0.129949501971839
"829001","839000",834000.5,"Fst",0,0,0.0433016863337966,0.127020158762799
"830001","840000",835000.5,"Fst",0,0,0.0476003896370834,0.133807988989146
"831001","841000",836000.5,"Fst",0,0,0.0465019807060216,0.136186640494889
"832001","842000",837000.5,"Fst",0,0,0.0463181516835727,0.131689910006556
"833001","843000",838000.5,"Fst",0,0,0.0448810304155251,0.123798242112083
"834001","844000",839000.5,"Fst",0.00426423996346703,0,0.0410054083335046,0.108392961794776
"835001","845000",840000.5,"Fst",0.00558647938314794,0,0.0306153194311731,0.0675158633937428
"836001","846000",841000.5,"Fst",0.00519098524086048,0,0.0314926485581724,0.0746092298061309
"837001","847000",842000.5,"Fst",0.00205610566335535,0,0.0326194897962281,0.0797345772154097
"838001","848000",843000.5,"Fst",0.00225418268840116,0,0.0317974895967875,0.0781134730388462
"839001","849000",844000.5,"Fst",0.00225982452259843,0,0.0318934451664745,0.0787293952754399
"840001","850000",845000.5,"Fst",0.0043593932058692,0,0.0312395137686969,0.0691320439350525
"841001","851000",846000.5,"Fst",0.0037841355401218,0,0.0314974903290376,0.0705884628028853
"842001","852000",847000.5,"Fst",0.00541436193346445,0,0.0336617208648493,0.0741324772756672
"843001","853000",848000.5,"Fst",0.00852807738400962,0,0.0276897859897774,0.0836695969268857
"844001","854000",849000.5,"Fst",0.00271847765251454,0,0.0283686972687536,0.0728921368202592
"845001","855000",850000.5,"Fst",0.00119551681195518,0,0.0296036005654685,0.0754545266193409
"846001","856000",851000.5,"Fst",0,0,0.0304351055548522,0.0538637235518046
"847001","857000",852000.5,"Fst",0.00856156501726124,0,0.0248282346442004,0.0575040096905529
"848001","858000",853000.5,"Fst",0.0141447245912629,0,0.0244025419846023,0.0674278491678956
"849001","859000",854000.5,"Fst",0.0119262730396751,0,0.0243595126705361,0.0694095844891273
"850001","860000",855000.5,"Fst",0.0105356766552873,0,0.0245901498896956,0.0604139215793992
"851001","861000",856000.5,"Fst",0.0100142645281998,0,0.0239088382426123,0.057511803162653
"852001","862000",857000.5,"Fst",0.0147180382226437,0,0.0272718804506235,0.0608910441172652
"853001","863000",858000.5,"Fst",0.0145099925084811,0,0.0263118433286642,0.0590082070707071
"854001","864000",859000.5,"Fst",0.0144183672834318,0,0.0250480372403424,0.0576651585889691
"855001","865000",860000.5,"Fst",0.0114022381050921,0,0.0229207704821552,0.0492002140382048
"856001","866000",861000.5,"Fst",0.0107891770875662,0,0.0223154240303551,0.0469120008027295
"857001","867000",862000.5,"Fst",0.00840279563951363,0,0.021029568871405,0.0495897729379841
"858001","868000",863000.5,"Fst",0.000914978492298157,0,0.0257205348005533,0.045310849863335
"859001","869000",864000.5,"Fst",0.00630684591153108,0,0.0264337999754846,0.0500213287475412
"860001","870000",865000.5,"Fst",0.0186132750537559,0,0.0255352759830969,0.0540333542109399
"861001","871000",866000.5,"Fst",0.0188260040754616,0,0.02486369508765,0.0541491114078315
"862001","872000",867000.5,"Fst",0.0157992973210364,0,0.0237658585529222,0.0657796495825328
"863001","873000",868000.5,"Fst",0.0162753863725595,0,0.0230510051047567,0.0720519893839593
"864001","874000",869000.5,"Fst",0.0151460107138375,0,0.0248288168964754,0.070252415497318
"865001","875000",870000.5,"Fst",0.0171491476553036,0,0.0245220841507625,0.0744300995892859
"866001","876000",871000.5,"Fst",0.0168789044552792,0,0.02383413298997,0.0744690856046312
"867001","877000",872000.5,"Fst",0.0169087739686229,0,0.0233014648233255,0.0735598382246972
"868001","878000",873000.5,"Fst",0.0196920740225967,0,0.0239668292937789,0.0768331064889273
"869001","879000",874000.5,"Fst",0.0149262431949095,0,0.0251438107021457,0.06087352213201
"870001","880000",875000.5,"Fst",0.00281153204669993,0,0.029926810302716,0.0745782145782147
"871001","881000",876000.5,"Fst",0.00274302475059296,0,0.030133580803034,0.0769859670048857
"872001","882000",877000.5,"Fst",0,0,0.0370409428906342,0.0991400734836838
"873001","883000",878000.5,"Fst",0.000152937522673091,0,0.0439253295904595,0.112062688207908
"874001","884000",879000.5,"Fst",0.00186660016936036,0,0.0430842276057584,0.11355055001836
"875001","885000",880000.5,"Fst",0,0,0.0398103919481196,0.106590914495602
"876001","886000",881000.5,"Fst",0,0,0.0390934804348921,0.107976553544005
"877001","887000",882000.5,"Fst",0,0,0.038813460624856,0.106382352322672
"878001","888000",883000.5,"Fst",0,0,0.0374949545122183,0.103699983257994
"879001","889000",884000.5,"Fst",0,0,0.0357426102868275,0.0959577073063782
"880001","890000",885000.5,"Fst",0,0,0.0339067329542832,0.0923548348986946
"881001","891000",886000.5,"Fst",0,0,0.0329618453282882,0.0926019506847641
"882001","892000",887000.5,"Fst",0,0,0.0302130148732796,0.0819356223717941
"883001","893000",888000.5,"Fst",0.000343035750973497,0,0.0269795187153883,0.0760387469811554
"884001","894000",889000.5,"Fst",0,0,0.0263775849971864,0.07872514230073
"885001","895000",890000.5,"Fst",0.0019964992889181,0,0.0270747093382573,0.0796163069544364
"886001","896000",891000.5,"Fst",0.00389797792395197,0,0.0266190202655243,0.076610574529523
"887001","897000",892000.5,"Fst",0.011031956622058,0,0.0259846347858859,0.0778064412570656
"888001","898000",893000.5,"Fst",0.0107496470770241,0,0.0263613478404738,0.0778205942745598
"889001","899000",894000.5,"Fst",0.00969068214975177,0,0.0274509109711654,0.0739221577807281
"890001","9e+05",895000.5,"Fst",0.0214390376695937,0,0.0236237366293253,0.0718901302568695
"891001","901000",896000.5,"Fst",0.0231766850342559,0,0.0231431068061872,0.0693698290264814
"892001","902000",897000.5,"Fst",0.0280828637905419,0,0.0231519561858214,0.0637259993613934
"893001","903000",898000.5,"Fst",0.018924518679077,0,0.0238156146869904,0.0653998464768469
"894001","904000",899000.5,"Fst",0.0223206839032526,0,0.0216033078566292,0.0461838229911079
"895001","905000",900000.5,"Fst",0.0116084788914181,0,0.0250315621744192,0.0624709747329675
"896001","906000",901000.5,"Fst",0.00547070864376675,0,0.0271585701306444,0.0589138475259472
"897001","907000",902000.5,"Fst",0,0,0.0298802586306774,0.0644201596707329
"898001","908000",903000.5,"Fst",0,0,0.0301270502269829,0.0707558819988556
"899001","909000",904000.5,"Fst",0,0,0.0309925529151481,0.0749796678647322
"900001","910000",905000.5,"Fst",0.0126820012102287,0,0.0282406839603206,0.0716362864734169
"901001","911000",906000.5,"Fst",0.0114985367381002,0,0.0278533139039046,0.0727204657893035
"902001","912000",907000.5,"Fst",0.0192717936198962,0,0.0260702734562267,0.0711670998039874
"903001","913000",908000.5,"Fst",0.0182722233122131,0,0.0245371782437817,0.0740671747564166
"904001","914000",909000.5,"Fst",0.0188392063962097,0,0.0250889568182204,0.0764917884042434
"905001","915000",910000.5,"Fst",0.0232464197139296,0,0.027152931827472,0.0807887934684124
"906001","916000",911000.5,"Fst",0.0316884553071869,0,0.0291032315244314,0.0737795878671421
"907001","917000",912000.5,"Fst",0.0345660822160013,0,0.0292458650724169,0.0726270311236593
"908001","918000",913000.5,"Fst",0.036145058327074,0,0.0285993902231903,0.0685837365789453
"909001","919000",914000.5,"Fst",0.0395296635606712,0,0.0275096477323696,0.0657707408629854
"910001","920000",915000.5,"Fst",0.0344177194046645,0,0.0281907698895261,0.0667311918257241
"911001","921000",916000.5,"Fst",0.0363504450023292,0,0.0294829823714619,0.069208448494902
"912001","922000",917000.5,"Fst",0.0306903175975864,0,0.0307643455891132,0.0680867105831312
"913001","923000",918000.5,"Fst",0.0329578541807595,0,0.0305476382143562,0.0627803692551069
"914001","924000",919000.5,"Fst",0.0330889897759568,0,0.0307146547322985,0.0630274752595551
"915001","925000",920000.5,"Fst",0.0390328999804701,0,0.0288962956480022,0.0589790020778915
"916001","926000",921000.5,"Fst",0.0352174948134544,0,0.0234694613506594,0.0609814843204388
"917001","927000",922000.5,"Fst",0.0152607948393738,0,0.037656006760671,0.0953745163887744
"918001","928000",923000.5,"Fst",0.0157472409847561,0,0.0367536841308961,0.0929422183924554
"919001","929000",924000.5,"Fst",0.0126021884677179,0,0.0368434309463576,0.0951407653926485
"920001","930000",925000.5,"Fst",0.0133960584869677,0,0.0350488950588817,0.105950815441149
"921001","931000",926000.5,"Fst",0.00953791306732477,0,0.0366455548942154,0.109894037202371
"922001","932000",927000.5,"Fst",0.00605970020811963,0,0.0372366673368797,0.11351427542926
"923001","933000",928000.5,"Fst",0.00694707357988222,0,0.0361937542450677,0.111293495361695
"924001","934000",929000.5,"Fst",0.00692596854622185,0,0.036033770695579,0.11085969319421
"925001","935000",930000.5,"Fst",0.00327276731637482,0,0.039382621138005,0.121332796996514
"926001","936000",931000.5,"Fst",0.00324616081511298,0,0.0369433747358634,0.117463851896259
"927001","937000",932000.5,"Fst",0.00977180314176307,0,0.0365390333854927,0.102012104126455
"928001","938000",933000.5,"Fst",0.00683153957713145,0,0.0350192052385399,0.0999796865558428
"929001","939000",934000.5,"Fst",0.00489206110693707,0,0.0320629053742549,0.0938956478558507
"930001","940000",935000.5,"Fst",0.000171847617103094,0,0.029423699858373,0.0818037263090267
"931001","941000",936000.5,"Fst",0,0,0.0303909528965476,0.0816858322568375
"932001","942000",937000.5,"Fst",0.00177491000995633,0,0.0327498171428588,0.0715846199542938
"933001","943000",938000.5,"Fst",0,0,0.0350194502422543,0.072302338259785
"934001","944000",939000.5,"Fst",0,0,0.039430559694138,0.0746985082046158
"935001","945000",940000.5,"Fst",0,0,0.0527789592552638,0.0856356669287293
"936001","946000",941000.5,"Fst",0,0,0.0557301564303921,0.0883637726046296
"937001","947000",942000.5,"Fst",0,0,0.0624040168311609,0.0824017436127124
"938001","948000",943000.5,"Fst",0,0,0.0563974194636588,0.078394488799859
"939001","949000",944000.5,"Fst",0.000885574144997459,0,0.0510173528973035,0.0922674477771335
"940001","950000",945000.5,"Fst",0,0,0.038517284211412,0.0796897032198935
"941001","951000",946000.5,"Fst",0,0,0.0368568882086504,0.0856896516263929
"942001","952000",947000.5,"Fst",0,0,0.0346725148555675,0.0864269426991913
"943001","953000",948000.5,"Fst",0,0,0.033571445145665,0.0874588366980306
"944001","954000",949000.5,"Fst",0,0,0.0298885894365161,0.0838142739497125
"945001","955000",950000.5,"Fst",0,0,0.0300634445537096,0.0822004871552525
"946001","956000",951000.5,"Fst",0,0,0.0493237013122748,0.105260113602625
"947001","957000",952000.5,"Fst",0,0,0.0680632328344749,0.14435769226956
"948001","958000",953000.5,"Fst",0,0,0.0723863011550986,0.152103094949893
"949001","959000",954000.5,"Fst",0,0,0.0735271940776769,0.154197023972627
"950001","960000",955000.5,"Fst",0,0,0.0767795833751102,0.158997741962105
"951001","961000",956000.5,"Fst",0,0,0.0786219632469184,0.162635981054122
"952001","962000",957000.5,"Fst",0,0,0.0815331681888388,0.169683874842895
"953001","963000",958000.5,"Fst",0,0,0.0817537490374776,0.169210970866345
"954001","964000",959000.5,"Fst",0,0,0.081588953747885,0.16958838390875
"955001","965000",960000.5,"Fst",0,0,0.0798286684159956,0.168265150238772
"956001","966000",961000.5,"Fst",0,0,0.0813759351871158,0.16920311315705
"957001","967000",962000.5,"Fst",0,0,0.0810396235091139,0.166914322855358
"958001","968000",963000.5,"Fst",0,0,0.0782903785624952,0.162641318118673
"959001","969000",964000.5,"Fst",0,0,0.0696382900269668,0.147306019579379
"960001","970000",965000.5,"Fst",0,0,0.0627593889631633,0.134108972841343
"961001","971000",966000.5,"Fst",0,0,0.0600761202127421,0.128447295766232
"962001","972000",967000.5,"Fst",0.00101457897531365,0,0.0523913189845878,0.106208233057564
"963001","973000",968000.5,"Fst",0.0019518439633962,0,0.0451642611781163,0.0884758385090391
"964001","974000",969000.5,"Fst",0.00386221902986139,0,0.0410277359515964,0.0787264741044746
"965001","975000",970000.5,"Fst",0.00669076836906157,0,0.0376052409407503,0.065798763970467
"966001","976000",971000.5,"Fst",0.0114712506057755,0,0.0339415587762658,0.0814502294398275
"967001","977000",972000.5,"Fst",0.0135517808727089,0,0.0366533259531302,0.087158798208123
"968001","978000",973000.5,"Fst",0.0166316656067754,0,0.0370630210000806,0.0910681876313313
"969001","979000",974000.5,"Fst",0.0230932721171333,0,0.0271474867041879,0.0619875733277795
"970001","980000",975000.5,"Fst",0.0228014013617006,0,0.0215532009533511,0.0509065716824936
"971001","981000",976000.5,"Fst",0.0244608602406768,0,0.0205628098461734,0.0485782222077455
"972001","982000",977000.5,"Fst",0.0280793165774708,0,0.0207139378688693,0.0517645545695002
"973001","983000",978000.5,"Fst",0.0236780219041859,0,0.0210266733695616,0.0620222214144645
"974001","984000",979000.5,"Fst",0.0176104839140813,0,0.022296350720878,0.0582209442213765
"975001","985000",980000.5,"Fst",0.0177022217615147,0,0.0214602010066581,0.0547761035492632
"976001","986000",981000.5,"Fst",0.0195781014565545,0,0.0229985416926203,0.0586442640133915
"977001","987000",982000.5,"Fst",0.0140219720488779,0,0.0243784660376352,0.0570637278606265
"978001","988000",983000.5,"Fst",0.0140829657421959,0,0.0249079568987324,0.0551493175128658
"979001","989000",984000.5,"Fst",0.0129985209444825,0,0.0250028963883584,0.0524915971786527
"980001","990000",985000.5,"Fst",0.00981523552252761,0,0.0259665983076049,0.0579513140641558
"981001","991000",986000.5,"Fst",0.00572694798372453,0,0.0288338302529625,0.0585003304722382
"982001","992000",987000.5,"Fst",0.00464538486926536,0,0.0284375138893591,0.0638253805473445
"983001","993000",988000.5,"Fst",0.00761783451164011,0,0.0312913729304234,0.0686190361057382
"984001","994000",989000.5,"Fst",0.00780323497421143,0,0.0332192334220835,0.0703588328292928
"985001","995000",990000.5,"Fst",0.00340552318498577,0,0.0376356809628777,0.0786241033523641
"986001","996000",991000.5,"Fst",0.000338993143139898,0,0.0396234977422984,0.0851966004681275
"987001","997000",992000.5,"Fst",0.0256117606511307,0,0.0369563485372251,0.07770147586455
"988001","998000",993000.5,"Fst",0.0315224991408019,0,0.0351818988816258,0.0786488337391218
"989001","999000",994000.5,"Fst",0.0320154385450637,0,0.0356374166198705,0.0796588699787373
"990001","1e+06",995000.5,"Fst",0.0323865380270763,0,0.0363528641490714,0.0858205659458382
"991001","1001000",996000.5,"Fst",0.0351041672331378,0,0.036484070742503,0.0956353442048377
"992001","1002000",997000.5,"Fst",0.036115006769789,0,0.0371945846772369,0.0961451181785675
"993001","1003000",998000.5,"Fst",0.0363298935298936,0,0.0355217639141384,0.0962419970251569
"994001","1004000",999000.5,"Fst",0.0443458374365695,0,0.037316616524039,0.0915711832676622
"995001","1005000",1000000.5,"Fst",0.0547741835403767,0,0.0406818222640294,0.0916584813877256
"996001","1006000",1001000.5,"Fst",0.0594184107040675,0,0.0437142537921368,0.0977227471851128
"997001","1007000",1002000.5,"Fst",0.0477515950747167,0,0.0500549365430401,0.106473974856069
"998001","1008000",1003000.5,"Fst",0.0477304152247718,0,0.0519558913608931,0.109561151026073
"999001","1009000",1004000.5,"Fst",0.0477965139109862,0,0.0517819363822952,0.108220087834382
"1000001","1010000",1005000.5,"Fst",0.0509511028124636,0,0.0539230699023692,0.111124057282011
"1001001","1011000",1006000.5,"Fst",0.0534863911941625,0,0.0550365894560833,0.113751534869547
"1002001","1012000",1007000.5,"Fst",0.0548642070042136,0,0.0556890188631574,0.11372420242381
"1003001","1013000",1008000.5,"Fst",0.0561086019058289,0,0.0523978415511222,0.111261290025046
"1004001","1014000",1009000.5,"Fst",0.0559708045482433,0,0.0475731683091263,0.111459802948566
"1005001","1015000",1010000.5,"Fst",0.0554179910028344,0,0.0471381950156358,0.114414819320234
"1006001","1016000",1011000.5,"Fst",0.0566962375559802,0,0.0444610850996759,0.106004748890071
"1007001","1017000",1012000.5,"Fst",0.0547699649147522,0,0.0282572962704592,0.0510100766456596
"1008001","1018000",1013000.5,"Fst",0.0495235796165197,0,0.0308738848914895,0.0857308157037827
"1009001","1019000",1014000.5,"Fst",0.0534027221777422,0,0.0319946638409841,0.0895812069808246
"1010001","1020000",1015000.5,"Fst",0.0598134373140691,0,0.034028357695218,0.0970070988212142
"1011001","1021000",1016000.5,"Fst",0.0597707210821965,0,0.0340319268186947,0.0969123134094606
"1012001","1022000",1017000.5,"Fst",0.0585060619876385,0,0.0337773516375803,0.0961995264107105
"1013001","1023000",1018000.5,"Fst",0.059227000544366,0,0.0352355232900101,0.105697685566911
"1014001","1024000",1019000.5,"Fst",0.0523033195390025,0,0.0379906903181848,0.105069308665911
"1015001","1025000",1020000.5,"Fst",0.0486610714565849,0,0.0361287197894576,0.101429849804611
"1016001","1026000",1021000.5,"Fst",0.0600781677698307,0,0.0356434622638161,0.0930460355249065
"1017001","1027000",1022000.5,"Fst",0.0548782359151944,0,0.0375882804100365,0.0957869236194636
"1018001","1028000",1023000.5,"Fst",0.0600318922221725,0,0.0350701027558707,0.0891346639187804
"1019001","1029000",1024000.5,"Fst",0.0570981554677207,0,0.0351001633306618,0.0977378995065712
"1020001","1030000",1025000.5,"Fst",0.0483198110340423,0,0.0347786275220478,0.10986182657425
"1021001","1031000",1026000.5,"Fst",0.0526937036516016,0,0.0353219451087407,0.106699025208136
"1022001","1032000",1027000.5,"Fst",0.0484931563585763,0,0.0330602378582138,0.100670922920626
"1023001","1033000",1028000.5,"Fst",0.0489780896568821,0,0.0326788369540763,0.0861291609711214
"1024001","1034000",1029000.5,"Fst",0.0440122550696705,0,0.0336636336576667,0.0815522433148713
"1025001","1035000",1030000.5,"Fst",0.0393721348286789,0,0.0332551636104967,0.0691210944898127
"1026001","1036000",1031000.5,"Fst",0.0275681270495177,0,0.0282515231737735,0.0599777116336807
"1027001","1037000",1032000.5,"Fst",0.0384101945904437,0,0.0308325460669939,0.0521579664893791
"1028001","1038000",1033000.5,"Fst",0.029976814351719,0,0.0287874790669983,0.0488170733932731
"1029001","1039000",1034000.5,"Fst",0.0233831189282905,0,0.0263246370165546,0.0506050777226047
"1030001","1040000",1035000.5,"Fst",0.0217660046239146,0,0.0250118244298754,0.0495900966717429
"1031001","1041000",1036000.5,"Fst",0.0201618049948614,0,0.0227857249334686,0.04603743278355
"1032001","1042000",1037000.5,"Fst",0.0200485970547191,0,0.0238689888993933,0.0503805290006174
"1033001","1043000",1038000.5,"Fst",0.0182516768089548,0,0.0238820783408821,0.0537214407102419
"1034001","1044000",1039000.5,"Fst",0.016482830954835,0,0.0254095424633353,0.0578292856840374
"1035001","1045000",1040000.5,"Fst",0.017939889289424,0,0.0275899564861901,0.0654752700536498
"1036001","1046000",1041000.5,"Fst",0.019814672751471,0,0.0276207218103718,0.0722330585587836
"1037001","1047000",1042000.5,"Fst",0.00222954130752862,0,0.0280599037281508,0.0667929098145079
"1038001","1048000",1043000.5,"Fst",0.00197350193585055,0,0.0232113071676766,0.046233447733008
"1039001","1049000",1044000.5,"Fst",0.00745720732631727,0,0.0234032249072542,0.0686613715432849
"1040001","1050000",1045000.5,"Fst",0.0100662463085641,0,0.0263131987835106,0.0709666793708976
"1041001","1051000",1046000.5,"Fst",0,0,0.0286001590643563,0.0892942537053987
"1042001","1052000",1047000.5,"Fst",0.00269644437071448,0,0.0271124641807672,0.0854810173730278
"1043001","1053000",1048000.5,"Fst",0.00218475284623154,0,0.0240204270826738,0.068333371572204
"1044001","1054000",1049000.5,"Fst",0.0081307785633602,0,0.0230523032645278,0.0523397445698153
"1045001","1055000",1050000.5,"Fst",0.0127196855889895,0,0.0215589957298777,0.0433469107619772
"1046001","1056000",1051000.5,"Fst",0.0131476261321224,0,0.0223294194015708,0.0446380005929133
"1047001","1057000",1052000.5,"Fst",0.0120203170759554,0,0.0213386446467735,0.0546669691493716
"1048001","1058000",1053000.5,"Fst",0.0229622143021792,0,0.0224089839508602,0.0510012463647694
"1049001","1059000",1054000.5,"Fst",0.0223351712316892,0,0.0220876360938741,0.048845240824416
"1050001","1060000",1055000.5,"Fst",0.0251416952598805,0,0.0238076554090518,0.0451039318807913
"1051001","1061000",1056000.5,"Fst",0.0248469724829062,0,0.0238070270222044,0.045525844352708
"1052001","1062000",1057000.5,"Fst",0.0239408301019677,0,0.0266303824528603,0.061204804175811
"1053001","1063000",1058000.5,"Fst",0.0345261202834677,0,0.0338364172470337,0.10514252500871
"1054001","1064000",1059000.5,"Fst",0.03657768465707,0,0.0409976697991039,0.134881951215837
"1055001","1065000",1060000.5,"Fst",0.0320782041998552,0,0.0440524965976824,0.148101518032163
"1056001","1066000",1061000.5,"Fst",0.0270424356014966,0,0.0425314873201792,0.141859741172172
"1057001","1067000",1062000.5,"Fst",0.0327705871318701,0,0.0493621239755734,0.166979991104147
"1058001","1068000",1063000.5,"Fst",0.0323956289286734,0,0.0532947235116481,0.182591736499281
"1059001","1069000",1064000.5,"Fst",0.0328245586162982,0,0.0546404640545316,0.186449400539677
"1060001","1070000",1065000.5,"Fst",0.0301977101913476,0,0.0520174906430557,0.181496810651141
"1061001","1071000",1066000.5,"Fst",0.0297330649328613,0,0.052383300595429,0.171388594245414
"1062001","1072000",1067000.5,"Fst",0.0294714804813816,0,0.0512191216907005,0.163680444319971
"1063001","1073000",1068000.5,"Fst",0.022578841853651,0,0.0504570706754828,0.145596434794086
"1064001","1074000",1069000.5,"Fst",0.0167565326832452,0,0.0444932910474455,0.11566797692375
"1065001","1075000",1070000.5,"Fst",0.0220370490363363,0,0.0405400946537414,0.0950783612479312
"1066001","1076000",1071000.5,"Fst",0.0310254490458662,0,0.03316637306706,0.0857367984390783
"1067001","1077000",1072000.5,"Fst",0.0267859240832214,0,0.0319305411402642,0.0708788090208152
"1068001","1078000",1073000.5,"Fst",0.024096774540719,0,0.0298198824046085,0.0727125408979562
"1069001","1079000",1074000.5,"Fst",0.0233291131365814,0,0.0288504153339338,0.0684873915765719
"1070001","1080000",1075000.5,"Fst",0.0241985096484675,0,0.0284835144344915,0.0646981201462348
"1071001","1081000",1076000.5,"Fst",0.0264039550734375,0,0.0275563306206263,0.0631656095842142
"1072001","1082000",1077000.5,"Fst",0.0249826803988429,0,0.0273520392896099,0.0610329624186438
"1073001","1083000",1078000.5,"Fst",0.0268736545785727,0,0.0251103955010374,0.0550277430945526
"1074001","1084000",1079000.5,"Fst",0.0218965924180266,0,0.0201950751972316,0.0404609884607484
"1075001","1085000",1080000.5,"Fst",0.0158138425444873,0,0.0221015572572276,0.0562479069808903
"1076001","1086000",1081000.5,"Fst",0.00743540634299744,0,0.0248678162990431,0.0574512646677519
"1077001","1087000",1082000.5,"Fst",0.00623339129293654,0,0.0296896196829014,0.0826903387538714
"1078001","1088000",1083000.5,"Fst",0.011032196969697,0,0.0339819978398449,0.0883065886644936
"1079001","1089000",1084000.5,"Fst",0.0160696836941066,0,0.0377029139870693,0.0912549172125187
"1080001","1090000",1085000.5,"Fst",0.0180379565143445,0,0.0418832268237375,0.0955586381944905
"1081001","1091000",1086000.5,"Fst",0.015954142362593,0,0.0437969411034072,0.104892015818738
"1082001","1092000",1087000.5,"Fst",0.0184085793138541,0,0.0459041647289849,0.10881709265208
"1083001","1093000",1088000.5,"Fst",0.0199938806985994,0,0.0461727110466953,0.109157059939498
"1084001","1094000",1089000.5,"Fst",0.0247758897155805,0,0.0497525860724774,0.111628747171369
"1085001","1095000",1090000.5,"Fst",0.0273665955543322,0,0.048979072986044,0.10797588957409
"1086001","1096000",1091000.5,"Fst",0.0290819064766884,0,0.0505375958499958,0.112532775541597
"1087001","1097000",1092000.5,"Fst",0.0287037254994272,0,0.0453602589944873,0.0990277686665257
"1088001","1098000",1093000.5,"Fst",0.0270208726176573,0,0.0440629124794572,0.0958225295626425
"1089001","1099000",1094000.5,"Fst",0.0236472739067615,0,0.0409371478844317,0.0919890414400624
"1090001","1100000",1095000.5,"Fst",0.022309973739901,0,0.0344129184375462,0.0815815325950382
"1091001","1101000",1096000.5,"Fst",0.029558333294188,0,0.028712008539442,0.0513453115453233
"1092001","1102000",1097000.5,"Fst",0.0262817335477845,0,0.0278778197685349,0.0600860065686506
"1093001","1103000",1098000.5,"Fst",0.0254298223023435,0,0.02868533149225,0.0585250940686072
"1094001","1104000",1099000.5,"Fst",0.0206777316735823,0,0.0291077146510738,0.0586880255732199
"1095001","1105000",1100000.5,"Fst",0.0192158552348125,0,0.0287856102971633,0.0603503009565047
"1096001","1106000",1101000.5,"Fst",0.0189789900679335,0,0.0294639576275095,0.0616833322767881
"1097001","1107000",1102000.5,"Fst",0.018712750636978,0,0.035346243065111,0.0824176803457648
"1098001","1108000",1103000.5,"Fst",0.0255778564869474,0,0.0343182364350765,0.090825613567901
"1099001","1109000",1104000.5,"Fst",0.0333635196924326,0,0.0353780200721955,0.0942510672847752
"1100001","1110000",1105000.5,"Fst",0.0273119265445511,0,0.0283890708304815,0.0820751290176247
"1101001","1111000",1106000.5,"Fst",0.022801091334286,0,0.030410148283282,0.0775597888491647
"1102001","1112000",1107000.5,"Fst",0.0205106073299313,0,0.0285382183788816,0.0640729735507032
"1103001","1113000",1108000.5,"Fst",0.0165702337484006,0,0.0311612728559963,0.0868574005156023
"1104001","1114000",1109000.5,"Fst",0.0135667586446914,0,0.0345531064377323,0.111080081365998
"1105001","1115000",1110000.5,"Fst",0.00962075112176541,0,0.0348738687354228,0.123869705079194
"1106001","1116000",1111000.5,"Fst",0.00535442054429391,0,0.0414455400654073,0.127103649143638
"1107001","1117000",1112000.5,"Fst",0.00540916225185373,0,0.0465352808617949,0.13947426836308
"1108001","1118000",1113000.5,"Fst",0,0,0.0479123949993979,0.14167393579709
"1109001","1119000",1114000.5,"Fst",0,0,0.0489642445337738,0.144263858684709
"1110001","1120000",1115000.5,"Fst",0,0,0.0531377052186912,0.145522278734581
"1111001","1121000",1116000.5,"Fst",0,0,0.0514745118321857,0.144492105956647
"1112001","1122000",1117000.5,"Fst",0,0,0.0531821008496315,0.141906338564141
"1113001","1123000",1118000.5,"Fst",0.000102501793781351,0,0.0490350240740265,0.124353660523873
"1114001","1124000",1119000.5,"Fst",0.00717396262643932,0,0.0464418477615241,0.0991789200816562
"1115001","1125000",1120000.5,"Fst",0.0129973848745657,0,0.0422969601220794,0.0744915184453228
"1116001","1126000",1121000.5,"Fst",0.036434393327074,0,0.0211203323528103,0.0453522126850866
"1117001","1127000",1122000.5,"Fst",0.0348620072376977,0,0.0197026587726122,0.0431801805342662
"1118001","1128000",1123000.5,"Fst",0.0206689589112392,0,0.0251167696737449,0.0622688668837904
"1119001","1129000",1124000.5,"Fst",0.0211608785782498,0,0.0252970840612745,0.0659826805069679
"1120001","1130000",1125000.5,"Fst",0.0186129608575605,0,0.0274434951031278,0.0726451034766707
"1121001","1131000",1126000.5,"Fst",0.0120772945685828,0,0.0262701744064719,0.0622627208775154
"1122001","1132000",1127000.5,"Fst",0.0120772945685828,0,0.0262701744064719,0.0622627208775154
"1123001","1133000",1128000.5,"Fst",0.0131050086812903,0,0.0327640918534785,0.0890457501138411
"1124001","1134000",1129000.5,"Fst",0.0126688734492295,0,0.033659389525516,0.0814511181015556
"1125001","1135000",1130000.5,"Fst",0.0135402514893562,0,0.0342938761813563,0.0818267846993558
"1126001","1136000",1131000.5,"Fst",0.0138029227661238,0,0.0344389293983212,0.0820577835455192
"1127001","1137000",1132000.5,"Fst",0.0111435239581302,0,0.0311957428859123,0.0936118605323404
"1128001","1138000",1133000.5,"Fst",0.0180292166119048,0,0.0287516509593173,0.0839148788829513
"1129001","1139000",1134000.5,"Fst",0.0174324414176726,0,0.0285592035356362,0.0843838224701713
"1130001","1140000",1135000.5,"Fst",0.0170318287870382,0,0.0288789099251249,0.0775441647752663
"1131001","1141000",1136000.5,"Fst",0.0163294254483178,0,0.0315695639468862,0.0836978061530291
"1132001","1142000",1137000.5,"Fst",0.0177625111062961,0,0.0297379898597082,0.0797646043307685
"1133001","1143000",1138000.5,"Fst",0.0187186246617772,0,0.0280665027429614,0.0542471983108658
"1134001","1144000",1139000.5,"Fst",0.0112974307760338,0,0.0259214699279593,0.0631322022843488
"1135001","1145000",1140000.5,"Fst",0.0094464952345199,0,0.0257191759167336,0.0665889264845507
"1136001","1146000",1141000.5,"Fst",0.0145344398132501,0,0.0258129882940107,0.0528962296226043
"1137001","1147000",1142000.5,"Fst",0.0143817846217391,0,0.023688075367008,0.0488468451906326
"1138001","1148000",1143000.5,"Fst",0.00517325524646162,0,0.0245852419862666,0.0633598290569394
"1139001","1149000",1144000.5,"Fst",0.00544510268154064,0,0.0255281787022979,0.0640301947292831
"1140001","1150000",1145000.5,"Fst",0.00637436481258591,0,0.0253185119704311,0.0578141001766166
"1141001","1151000",1146000.5,"Fst",0.00698475257041631,0,0.0237605830914544,0.0593410836172822
"1142001","1152000",1147000.5,"Fst",0.0139146242040228,0,0.0312391582263872,0.0719346831369757
"1143001","1153000",1148000.5,"Fst",0.0137828279651085,0,0.0309676723421092,0.0712622676232207
"1144001","1154000",1149000.5,"Fst",0.0144182879708479,0,0.0321637147366174,0.0736096004762331
"1145001","1155000",1150000.5,"Fst",0.0143282163936724,0,0.0315549896187278,0.0725560525638791
"1146001","1156000",1151000.5,"Fst",0.0122102976582268,0,0.0319801275899003,0.0729308125808766
"1147001","1157000",1152000.5,"Fst",0.0135920785430053,0,0.032667112456209,0.0760764435989573
"1148001","1158000",1153000.5,"Fst",0.0160123472823761,0,0.0370891430058975,0.0857194861695063
"1149001","1159000",1154000.5,"Fst",0.0175393487883952,0,0.0396753452013764,0.0934826604724383
"1150001","1160000",1155000.5,"Fst",0.0201909772970867,0,0.0443986389041213,0.108179343287453
"1151001","1161000",1156000.5,"Fst",0.0198864077327408,0,0.0433944582745729,0.104899674245351
"1152001","1162000",1157000.5,"Fst",0.00868160046446365,0,0.0323929320843908,0.0821555321896236
"1153001","1163000",1158000.5,"Fst",0.00887704684128343,0,0.0324426190050321,0.0820031250242927
"1154001","1164000",1159000.5,"Fst",0.00840210692427446,0,0.0313312760816027,0.0774974169003335
"1155001","1165000",1160000.5,"Fst",0.00931232260419979,0,0.0309704508260626,0.0748338386802342
"1156001","1166000",1161000.5,"Fst",0.00851462203703279,0,0.0297602518178203,0.0749565184308516
"1157001","1167000",1162000.5,"Fst",0.00926360420661476,0,0.029194579983809,0.0792056058540154
"1158001","1168000",1163000.5,"Fst",0.027477568985949,0,0.0334267500727288,0.0849535034307882
"1159001","1169000",1164000.5,"Fst",0.0283781709002201,0,0.0371588191313061,0.0830111238971999
"1160001","1170000",1165000.5,"Fst",0.0281478578892372,0,0.0432216867825148,0.100210271592342
"1161001","1171000",1166000.5,"Fst",0.0290392619361911,0,0.0426858068450671,0.103181351455991
"1162001","1172000",1167000.5,"Fst",0.0379324099352475,0,0.0415679741755539,0.0958108405414482
"1163001","1173000",1168000.5,"Fst",0.036875945359951,0,0.0406488272078943,0.0935322841467591
"1164001","1174000",1169000.5,"Fst",0.0388266926565699,0,0.0404069200471177,0.0900768597309909
"1165001","1175000",1170000.5,"Fst",0.0388004513913899,0,0.0413212905522315,0.0923513843042792
"1166001","1176000",1171000.5,"Fst",0.0371109200842235,0,0.0383283424924983,0.0853919871809128
"1167001","1177000",1172000.5,"Fst",0.0500369008300913,0,0.0297219693507683,0.0747184778711704
"1168001","1178000",1173000.5,"Fst",0.0471994326720634,0,0.0261894277374379,0.0568230494489489
"1169001","1179000",1174000.5,"Fst",0.0435178000750461,0,0.0269285581055059,0.0460564069655838
"1170001","1180000",1175000.5,"Fst",0.0481921535640464,0,0.026706651267753,0.047471331855352
"1171001","1181000",1176000.5,"Fst",0.0480530965553138,0,0.026993523924314,0.047291716573026
"1172001","1182000",1177000.5,"Fst",0.0455245151257393,0,0.0293260479199135,0.0470910773498386
"1173001","1183000",1178000.5,"Fst",0.0447524227401903,0,0.0304032061245836,0.0506210471779526
"1174001","1184000",1179000.5,"Fst",0.039147229329013,0,0.0365375455684518,0.0579260898097991
"1175001","1185000",1180000.5,"Fst",0.0395598417131729,0,0.0371494246078601,0.0588759036640887
"1176001","1186000",1181000.5,"Fst",0.0397622663441887,0,0.0407216877158696,0.0645707922941665
"1177001","1187000",1182000.5,"Fst",0.0211683956009672,0,0.0457407760992488,0.0787583512295978
"1178001","1188000",1183000.5,"Fst",0.00650217268483455,0,0.0443416720667498,0.075060077403251
"1179001","1189000",1184000.5,"Fst",0.00563969383383467,0,0.0419828539020399,0.0868245227522445
"1180001","1190000",1185000.5,"Fst",0.00858111331701994,0,0.0385336966091707,0.0838828376702946
"1181001","1191000",1186000.5,"Fst",0.011084131052054,0,0.0392193612916728,0.0835947973478895
"1182001","1192000",1187000.5,"Fst",0.0112381797699109,0,0.0361946553240378,0.0773360760697519
"1183001","1193000",1188000.5,"Fst",0.0112335578755994,0,0.0363371962040345,0.0752049104548891
"1184001","1194000",1189000.5,"Fst",0.0143819202520691,0,0.0373175311211263,0.0693536459206582
"1185001","1195000",1190000.5,"Fst",0.0127690652699158,0,0.0370771168989533,0.0659831623922031
"1186001","1196000",1191000.5,"Fst",0.00774410774410772,0,0.0360920851878972,0.0728573173412804
"1187001","1197000",1192000.5,"Fst",0.00864747552908507,0,0.0350060394171951,0.0795772211028776
"1188001","1198000",1193000.5,"Fst",0.0103917065682175,0,0.0348461452902163,0.0798885185453393
"1189001","1199000",1194000.5,"Fst",0.0178576089793787,0,0.033722404837511,0.0827742352832455
"1190001","1200000",1195000.5,"Fst",0.0156376262626263,0,0.03037382780563,0.0672449529494673
"1191001","1201000",1196000.5,"Fst",0.0108728562160044,0,0.0289535686089168,0.0585652908170724
"1192001","1202000",1197000.5,"Fst",0.00961597281223447,0,0.0291293559951094,0.0668408345842254
"1193001","1203000",1198000.5,"Fst",0.00784811721058032,0,0.0301866500977555,0.0746471516619658
"1194001","1204000",1199000.5,"Fst",0.0054563172476001,0,0.0289855279293308,0.0722139646195142
"1195001","1205000",1200000.5,"Fst",0.0047346814413316,0,0.0300891913601371,0.0723592843669325
"1196001","1206000",1201000.5,"Fst",0.00889105346610808,0,0.0333351478887546,0.070128085601643
"1197001","1207000",1202000.5,"Fst",0.00732823372362446,0,0.036135321992931,0.0778949009823794
"1198001","1208000",1203000.5,"Fst",0.00761856159989049,0,0.0365446085020841,0.0786260742075372
"1199001","1209000",1204000.5,"Fst",0.00329843754189607,0,0.0350811434479409,0.0764094657596572
"1200001","1210000",1205000.5,"Fst",0,0,0.0356857175353832,0.0831528185076571
"1201001","1211000",1206000.5,"Fst",0.00313913715105396,0,0.032788231652088,0.074139523383584
"1202001","1212000",1207000.5,"Fst",0.00625165212794088,0,0.0286925846189072,0.0688717962180277
"1203001","1213000",1208000.5,"Fst",0.00496719775070287,0,0.029296530840285,0.06636167570747
"1204001","1214000",1209000.5,"Fst",0.0101461715180129,0,0.0258412321948466,0.0610412237922552
"1205001","1215000",1210000.5,"Fst",0.0194253050870696,0,0.0243920359156057,0.0603413386277731
"1206001","1216000",1211000.5,"Fst",0.0219497827029309,0,0.022631635548955,0.0536721304281044
"1207001","1217000",1212000.5,"Fst",0.0224388453731207,0,0.0224701578784731,0.0543012819063552
"1208001","1218000",1213000.5,"Fst",0.0227901701908599,0,0.0226881355626896,0.054024424250064
"1209001","1219000",1214000.5,"Fst",0.0292208658124113,0,0.0197366174620968,0.0425580978875503
"1210001","1220000",1215000.5,"Fst",0.0271569023569024,0,0.0190070740432247,0.0387342854579833
"1211001","1221000",1216000.5,"Fst",0.0222204873986754,0,0.0177814077130853,0.0409029861776029
"1212001","1222000",1217000.5,"Fst",0.022843535509175,0,0.0193405747596759,0.0440025870932284
"1213001","1223000",1218000.5,"Fst",0.0237704528835835,0,0.0192608445263974,0.0453421625960859
"1214001","1224000",1219000.5,"Fst",0.0219799526787083,0,0.0179206798091914,0.0517473901133543
"1215001","1225000",1220000.5,"Fst",0.0166577365005658,0,0.0196015084109394,0.0439805919712641
"1216001","1226000",1221000.5,"Fst",0.0117052881758766,0,0.0204538667933441,0.0548715450963951
"1217001","1227000",1222000.5,"Fst",0.0443288663527708,0,0.0210597494769858,0.0473745878322051
"1218001","1228000",1223000.5,"Fst",0.0453926824957286,0,0.0211573463162263,0.0478265295734501
"1219001","1229000",1224000.5,"Fst",0.0408904710508542,0,0.0230539428726855,0.0539186546880666
"1220001","1230000",1225000.5,"Fst",0.0523857696847074,0,0.0251346644829283,0.0610847745199524
"1221001","1231000",1226000.5,"Fst",0.0602900889090572,0,0.0251798669209426,0.0675381386214386
"1222001","1232000",1227000.5,"Fst",0.0476482407235972,0,0.0225122122198383,0.0625480645988208
"1223001","1233000",1228000.5,"Fst",0.0459212487253902,0,0.0210470408932993,0.0586786114221726
"1224001","1234000",1229000.5,"Fst",0.0543032886133579,0,0.0231899279647296,0.0488233732914584
"1225001","1235000",1230000.5,"Fst",0.0601872820734031,0,0.0203824160473096,0.0571683858666605
"1226001","1236000",1231000.5,"Fst",0.0599687561023239,0,0.0206529602387725,0.0556918470541843
"1227001","1237000",1232000.5,"Fst",0,0,0.0184701346166357,0.0333571908820787
"1228001","1238000",1233000.5,"Fst",0,0,0.0198312225599459,0.0338440017147629
"1229001","1239000",1234000.5,"Fst",0,0,0.0198312225599459,0.0338440017147629
"1230001","1240000",1235000.5,"Fst",0,0,0.0206023950224959,0.035148561252226
"1231001","1241000",1236000.5,"Fst",0,0,0.035480944446641,0.0851563355901752
"1232001","1242000",1237000.5,"Fst",0,0,0.0373565866703798,0.0989950134253932
"1233001","1243000",1238000.5,"Fst",0,0,0.0342892549167544,0.094383643262567
"1234001","1244000",1239000.5,"Fst",0,0,0.0336993263159901,0.0913358377160031
"1235001","1245000",1240000.5,"Fst",0,0,0.0336911476452076,0.0731723784398796
"1236001","1246000",1241000.5,"Fst",0.00169397126974291,0,0.0336197019917782,0.0706829065622882
"1237001","1247000",1242000.5,"Fst",0.011787252990589,0,0.0385745253835579,0.0848601678701713
"1238001","1248000",1243000.5,"Fst",0.0104779991153561,0,0.0390765838173855,0.0866113243327963
"1239001","1249000",1244000.5,"Fst",0.0165675469295267,0,0.0375269342304251,0.0875282127023795
"1240001","1250000",1245000.5,"Fst",0.01890781933311,0,0.036240077996152,0.0891023071951779
"1241001","1251000",1246000.5,"Fst",0.0376731680440773,0,0.0423821067056043,0.10703649045306
"1242001","1252000",1247000.5,"Fst",0.0327530455105733,0,0.0381568664333989,0.0967973962340301
"1243001","1253000",1248000.5,"Fst",0.0282796317606444,0,0.0353175696029314,0.0838966616050356
"1244001","1254000",1249000.5,"Fst",0.028068305403134,0,0.0329551317528419,0.0751116821107537
"1245001","1255000",1250000.5,"Fst",0.0238976655209746,0,0.0313259154268139,0.0616834754594574
"1246001","1256000",1251000.5,"Fst",0.0226887885923005,0,0.0316540434090847,0.0683572774735999
"1247001","1257000",1252000.5,"Fst",0.0167950539950938,0,0.0295981420354048,0.0814730804913064
"1248001","1258000",1253000.5,"Fst",0.0157808037354381,0,0.0296285884352811,0.084118367545211
"1249001","1259000",1254000.5,"Fst",0.0122768283781446,0,0.0305939929960764,0.0844750587298848
"1250001","1260000",1255000.5,"Fst",0.00814054049000312,0,0.032040172493267,0.100901375098391
"1251001","1261000",1256000.5,"Fst",0,0,0.0367392528914864,0.110495571804443
"1252001","1262000",1257000.5,"Fst",0.00308448911090364,0,0.0417154012135923,0.118957415994621
"1253001","1263000",1258000.5,"Fst",0.00263039203305138,0,0.0385812796193893,0.120657402893988
"1254001","1264000",1259000.5,"Fst",0.00112388752388737,0,0.0366940382132169,0.122033160831659
"1255001","1265000",1260000.5,"Fst",0.0070895707052776,0,0.0334061070651439,0.0987565852323895
"1256001","1266000",1261000.5,"Fst",0.00828929868075789,0,0.0326125633300581,0.0890501629976629
"1257001","1267000",1262000.5,"Fst",0.0109159874416368,0,0.0315978744395839,0.0747578537072041
"1258001","1268000",1263000.5,"Fst",0.014449363695924,0,0.032240238088169,0.0728017414217792
"1259001","1269000",1264000.5,"Fst",0.0145005256543284,0,0.0326727804188817,0.0757158215550316
"1260001","1270000",1265000.5,"Fst",0.017354197268919,0,0.026180683179122,0.0709810746138785
"1261001","1271000",1266000.5,"Fst",0.0169195865459542,0,0.0263713783933083,0.0829075173778944
"1262001","1272000",1267000.5,"Fst",0.0113146639462429,0,0.0241562338919655,0.0761256382484914
"1263001","1273000",1268000.5,"Fst",0.0112965675256312,0,0.0253225699477819,0.0766971020246129
"1264001","1274000",1269000.5,"Fst",0.00768496497273863,0,0.0285109878749158,0.0764882608211862
"1265001","1275000",1270000.5,"Fst",0,0,0.0206814806939862,0.0535028313437403
"1266001","1276000",1271000.5,"Fst",0,0,0.0195953401318654,0.0509152807740971
"1267001","1277000",1272000.5,"Fst",0,0,0.0224926969811108,0.055051542115197
"1268001","1278000",1273000.5,"Fst",0,0,0.0209152995517379,0.0506025031531968
"1269001","1279000",1274000.5,"Fst",0,0,0.022751613618615,0.0612707261292166
"1270001","1280000",1275000.5,"Fst",0,0,0.0253436262710616,0.0684253049117913
"1271001","1281000",1276000.5,"Fst",0,0,0.0249149554766302,0.0649936813608076
"1272001","1282000",1277000.5,"Fst",0,0,0.0257528459071049,0.0669756205210402
"1273001","1283000",1278000.5,"Fst",0,0,0.0255866151917755,0.0672819863692035
"1274001","1284000",1279000.5,"Fst",0,0,0.027580861972812,0.0574059175829087
"1275001","1285000",1280000.5,"Fst",0,0,0.027706373198171,0.0580531176833911
"1276001","1286000",1281000.5,"Fst",0,0,0.0273749688698862,0.0575278082406392
"1277001","1287000",1282000.5,"Fst",0,0,0.0304043784842266,0.0649182833224986
"1278001","1288000",1283000.5,"Fst",0,0,0.0306195638832856,0.0664957652488825
"1279001","1289000",1284000.5,"Fst",0,0,0.0283708200591007,0.0615214710375674
"1280001","1290000",1285000.5,"Fst",0,0,0.0306057390286936,0.0679308421639709
"1281001","1291000",1286000.5,"Fst",0,0,0.0315831043232103,0.0715243300374095
"1282001","1292000",1287000.5,"Fst",0,0,0.032948784950232,0.0719672655023411
"1283001","1293000",1288000.5,"Fst",0.0156409782233907,0,0.0453460181462939,0.101718999083359
"1284001","1294000",1289000.5,"Fst",0.0199577639737667,0,0.0509447044075579,0.10792018863595
"1285001","1295000",1290000.5,"Fst",0.0199577639737667,0,0.0509447044075579,0.108032625946693
"1286001","1296000",1291000.5,"Fst",0.016469813252345,0,0.0457586145503701,0.0904062420507789
"1287001","1297000",1292000.5,"Fst",0.0150707597512234,0,0.0382449156065047,0.0688022095834658
"1288001","1298000",1293000.5,"Fst",0.0137037685315066,0,0.0366091220821646,0.0659097221717867
"1289001","1299000",1294000.5,"Fst",0.0156372915943839,0,0.0387754371451013,0.0722195462562811
"1290001","1300000",1295000.5,"Fst",0.0152273327472802,0,0.0400986788345331,0.0744823983484849
"1291001","1301000",1296000.5,"Fst",0.0121167643898309,0,0.0367868496307435,0.0722714002164438
"1292001","1302000",1297000.5,"Fst",0.0115818332529267,0,0.0366058000874093,0.0719326248088573
"1293001","1303000",1298000.5,"Fst",0,0,0.0292993909384681,0.0810717307391359
"1294001","1304000",1299000.5,"Fst",0,0,0.0247331874438676,0.0496734792714153
"1295001","1305000",1300000.5,"Fst",0,0,0.0241859960382074,0.0444261347936397
"1296001","1306000",1301000.5,"Fst",0.000694835583711972,0,0.0242152442719254,0.0423388625067838
"1297001","1307000",1302000.5,"Fst",0.00075789473684218,0,0.0253617719297962,0.0491293059777103
"1298001","1308000",1303000.5,"Fst",0.00101802900146641,0,0.0253977138525429,0.0509204752365847
"1299001","1309000",1304000.5,"Fst",0.000874583654320138,0,0.0252771954840403,0.0510332126036648
"1300001","1310000",1305000.5,"Fst",0.00492547074231076,0,0.0249019608105736,0.054864126453157
"1301001","1311000",1306000.5,"Fst",0.0104968191538292,0,0.0272342738041117,0.0607655691531063
"1302001","1312000",1307000.5,"Fst",0.0120551875768852,0,0.0279561421759073,0.0620079358109923
"1303001","1313000",1308000.5,"Fst",0.013046386263558,0,0.0314709796118406,0.0699978920194753
"1304001","1314000",1309000.5,"Fst",0.0205199012509606,0,0.030706341658909,0.0678645124733578
"1305001","1315000",1310000.5,"Fst",0.0246617781630364,0,0.0288247769798153,0.0755693684937894
"1306001","1316000",1311000.5,"Fst",0.0288533947127935,0,0.0317267565984602,0.076861797585541
"1307001","1317000",1312000.5,"Fst",0.0358613482646574,0,0.0324191785830116,0.0841668829416038
"1308001","1318000",1313000.5,"Fst",0.0378385598706473,0,0.033628054552315,0.0873255002218961
"1309001","1319000",1314000.5,"Fst",0.0383939231652701,0,0.0341141384318733,0.0885111676864505
"1310001","1320000",1315000.5,"Fst",0.0264071865649149,0,0.0298053195632529,0.0687775268298632
"1311001","1321000",1316000.5,"Fst",0.00457763352457274,0,0.0365377360995367,0.078228122368969
"1312001","1322000",1317000.5,"Fst",0.00397456101180682,0,0.0398137177328659,0.0845641198077677
"1313001","1323000",1318000.5,"Fst",0.0025468382160122,0,0.0381671435372541,0.0773249831879245
"1314001","1324000",1319000.5,"Fst",0.00252515947328347,0,0.0379405152755787,0.0767254904603306
"1315001","1325000",1320000.5,"Fst",0.00282049195074074,0,0.0384481854180165,0.0779246267920988
"1316001","1326000",1321000.5,"Fst",0.00282539248916758,0,0.038449267003913,0.0779246267920988
"1317001","1327000",1322000.5,"Fst",0,0,0.0404028785811582,0.0826225523078117
"1318001","1328000",1323000.5,"Fst",0,0,0.0396670504520001,0.0801722102045931
"1319001","1329000",1324000.5,"Fst",0.00738925800236201,0,0.0326307149761509,0.0659098766847386
"1320001","1330000",1325000.5,"Fst",0.0105825901006625,0,0.028129876106502,0.051349087382065
"1321001","1331000",1326000.5,"Fst",0.0664952555861648,0,0.0308936098908778,0.0798277612890012
"1322001","1332000",1327000.5,"Fst",0.0661962299726047,0,0.031719813805538,0.0845001528584531
"1323001","1333000",1328000.5,"Fst",0.0355094379272056,0,0.0339212178320097,0.0943477576270196
"1324001","1334000",1329000.5,"Fst",0.0344370386888784,0,0.0336051858604895,0.092050642202618
"1325001","1335000",1330000.5,"Fst",0.034262721219243,0,0.0334549053795853,0.0915925188632701
"1326001","1336000",1331000.5,"Fst",0.0329887335227438,0,0.0317761502888461,0.0884658725836278
"1327001","1337000",1332000.5,"Fst",0.0318223386124621,0,0.0315592292745475,0.0862547730436565
"1328001","1338000",1333000.5,"Fst",0.0313973063973064,0,0.0315717515620984,0.0867477305184536
"1329001","1339000",1334000.5,"Fst",0.0316416388923941,0,0.0297814214242913,0.079420358817696
"1330001","1340000",1335000.5,"Fst",0.032655467605738,0,0.0277643776717499,0.0797263760041578
"1331001","1341000",1336000.5,"Fst",0,0,0.0271982077229056,0.0705153048297635
"1332001","1342000",1337000.5,"Fst",0,0,0.0270775310716507,0.0705344740098615
"1333001","1343000",1338000.5,"Fst",0.00509900385548057,0,0.035277318665502,0.0895108634470336
"1334001","1344000",1339000.5,"Fst",0.00533368471525253,0,0.0370423683546494,0.0931851180531973
"1335001","1345000",1340000.5,"Fst",0.0199205076046989,0,0.0327345717298032,0.0815824100056636
"1336001","1346000",1341000.5,"Fst",0.020996985803364,0,0.034109303134414,0.0853788448954707
"1337001","1347000",1342000.5,"Fst",0.0451422444235741,0,0.0399276270595249,0.135524971435314
"1338001","1348000",1343000.5,"Fst",0.0443240615886354,0,0.0399301807703012,0.141827276557938
"1339001","1349000",1344000.5,"Fst",0.041611455917657,0,0.0438343094988495,0.149560276746999
"1340001","1350000",1345000.5,"Fst",0.0421948803392102,0,0.0446330865559747,0.15154670282547
"1341001","1351000",1346000.5,"Fst",0.0462675017885039,0,0.0485185204384775,0.165227337718044
"1342001","1352000",1347000.5,"Fst",0.0461455150069333,0,0.0483924673925065,0.164318089693039
"1343001","1353000",1348000.5,"Fst",0.0426000381703672,0,0.0425636836333083,0.145678502697259
"1344001","1354000",1349000.5,"Fst",0.0400591327596692,0,0.0419294742572257,0.143644745826564
"1345001","1355000",1350000.5,"Fst",0.0372874883070294,0,0.0387636472100579,0.132925404043768
"1346001","1356000",1351000.5,"Fst",0.0370944521816153,0,0.0385336321936557,0.13218580452468
"1347001","1357000",1352000.5,"Fst",0.0203217319639912,0,0.0296489361302695,0.0950547242118287
"1348001","1358000",1353000.5,"Fst",0.0153260298833112,0,0.0275652565300758,0.0780387064474239
"1349001","1359000",1354000.5,"Fst",0.016137321641909,0,0.0287267269499451,0.0778111082819154
"1350001","1360000",1355000.5,"Fst",0.0181895617159673,0,0.024775120650721,0.0721089221504797
"1351001","1361000",1356000.5,"Fst",0.0287424252284018,0,0.023607448564579,0.0525955137076864
"1352001","1362000",1357000.5,"Fst",0.0283612010662436,0,0.0238310124778176,0.0547595977865342
"1353001","1363000",1358000.5,"Fst",0.0285147061590861,0,0.0242171255367484,0.0373866226300149
"1354001","1364000",1359000.5,"Fst",0.0304147651548805,0,0.0197168730510973,0.0391849916428376
"1355001","1365000",1360000.5,"Fst",0.0296488045350223,0,0.0205194211265065,0.0417968822090081
"1356001","1366000",1361000.5,"Fst",0.0256333830104323,0,0.0227460223919773,0.0402367121423279
"1357001","1367000",1362000.5,"Fst",0.0254234245017655,0,0.0211115109165468,0.0394478268191757
"1358001","1368000",1363000.5,"Fst",0.029869136523565,0,0.0245513483341974,0.0451786442726178
"1359001","1369000",1364000.5,"Fst",0.026468916186323,0,0.0247301149048038,0.0467253491497424
"1360001","1370000",1365000.5,"Fst",0.0247466802264914,0,0.0291786447654456,0.0646195189159301
"1361001","1371000",1366000.5,"Fst",0.000913932280087959,0,0.0282227002815063,0.0588681061257678
"1362001","1372000",1367000.5,"Fst",0.00144564915207113,0,0.0292111859065594,0.0563709259572251
"1363001","1373000",1368000.5,"Fst",0.0055627468551892,0,0.0278291385386238,0.0557985161186664
"1364001","1374000",1369000.5,"Fst",0.00941036730510403,0,0.0219821200137118,0.0470497072403562
"1365001","1375000",1370000.5,"Fst",0.00915201376566122,0,0.0196500337937278,0.0458891930795066
"1366001","1376000",1371000.5,"Fst",0.036414188221417,0,0.0214921661295532,0.0467253087607249
"1367001","1377000",1372000.5,"Fst",0.0436694196439888,0,0.0260612977548235,0.0606402235145421
"1368001","1378000",1373000.5,"Fst",0.0403434343434342,0,0.024163929832297,0.0568172459673486
"1369001","1379000",1374000.5,"Fst",0.0469149937663791,0,0.0254771833835447,0.0491304997757736
"1370001","1380000",1375000.5,"Fst",0.0409045926858891,0,0.0237842289178312,0.0420372814469513
"1371001","1381000",1376000.5,"Fst",0.0584175084175084,0,0.0219258548934851,0.0408039967468339
"1372001","1382000",1377000.5,"Fst",0.0583274766767263,0,0.0218645754298603,0.0407170099160945
"1373001","1383000",1378000.5,"Fst",0.0575323804709821,0,0.0217893816273846,0.043104949579255
"1374001","1384000",1379000.5,"Fst",0.0628263465324168,0,0.0240505789532928,0.0447786759745167
"1375001","1385000",1380000.5,"Fst",0.0517616099277991,0,0.0218342136407154,0.0381092026253317
"1376001","1386000",1381000.5,"Fst",0.0365679455062585,0,0.0209632426278962,0.040871355915444
"1377001","1387000",1382000.5,"Fst",0.0337730345442427,0,0.0215274996335578,0.0424481089075878
"1378001","1388000",1383000.5,"Fst",0.0366817094388865,0,0.0219978884191542,0.0447883309165313
"1379001","1389000",1384000.5,"Fst",0.027879199395071,0,0.0221594064628244,0.0416355687689361
"1380001","1390000",1385000.5,"Fst",0.0288081125473113,0,0.0216747301301566,0.0523775787803219
"1381001","1391000",1386000.5,"Fst",0.00216860246327732,0,0.0239240796101602,0.0636184255290195
"1382001","1392000",1387000.5,"Fst",0.00384033049985955,0,0.024434125038832,0.0568412505075112
"1383001","1393000",1388000.5,"Fst",0.00417329346650575,0,0.0243106959975135,0.0554985754985755
"1384001","1394000",1389000.5,"Fst",0.00417329346650575,0,0.0243395533490639,0.0554985754985755
"1385001","1395000",1390000.5,"Fst",0.00815176282373109,0,0.0284859445954489,0.0589913783538596
"1386001","1396000",1391000.5,"Fst",0.00887685721480735,0,0.0266332983569445,0.0618997905194707
"1387001","1397000",1392000.5,"Fst",0.00788762409688659,0,0.0254746203059761,0.0565771567669101
"1388001","1398000",1393000.5,"Fst",0.0118494513616465,0,0.0242802884873289,0.0508441237298805
"1389001","1399000",1394000.5,"Fst",0.0112062144059202,0,0.023724383995182,0.0496319279673906
"1390001","1400000",1395000.5,"Fst",0.0116183292148958,0,0.021611569174192,0.0412222222222223
"1391001","1401000",1396000.5,"Fst",0.012226248621396,0,0.0224161830718018,0.0425545941491555
"1392001","1402000",1397000.5,"Fst",0.0112297113616375,0,0.0125584567270802,0.0252982926987001
"1393001","1403000",1398000.5,"Fst",0.0134397275185223,0,0.0108687899685154,0.0231809768921998
"1394001","1404000",1399000.5,"Fst",0.016474763533587,0,0.0119038108604849,0.0245460297167904
"1395001","1405000",1400000.5,"Fst",0.0170724865857741,0,0.0111365896402541,0.0230041282946968
"1396001","1406000",1401000.5,"Fst",0.0164808420534719,0,0.0113241059861171,0.0212966211856975
"1397001","1407000",1402000.5,"Fst",0.0165568730786122,0,0.0111528877396904,0.0204595221753766
"1398001","1408000",1403000.5,"Fst",0.00983851338221908,0,0.0113458428062792,0.0197761264152827
"1399001","1409000",1404000.5,"Fst",0.00982387841397103,0,0.0408886781883504,0.0933863840327107
"1400001","1410000",1405000.5,"Fst",0.00607288979599541,0,0.0464174449677,0.0987558178721389
"1401001","1411000",1406000.5,"Fst",0.00639958104215765,0,0.0464742306966781,0.0997582180625329
"1402001","1412000",1407000.5,"Fst",0.0047723056546185,0,0.0466733771802527,0.107288210572882
"1403001","1413000",1408000.5,"Fst",0.000324609900235528,0,0.0508888476318677,0.11133100341067
"1404001","1414000",1409000.5,"Fst",0.00193852079526535,0,0.0495281584130778,0.107305671966906
"1405001","1415000",1410000.5,"Fst",0.00176304629161594,0,0.050633098654551,0.10938475248683
"1406001","1416000",1411000.5,"Fst",0.00216558663381705,0,0.0494460117656807,0.104581355458933
"1407001","1417000",1412000.5,"Fst",0.00201348046080019,0,0.0525262945963889,0.113333333333333
"1408001","1418000",1413000.5,"Fst",0.00390873440285211,0,0.0497768690721842,0.106671073879346
"1409001","1419000",1414000.5,"Fst",0,0,0.0297100977876641,0.0778220451527223
"1410001","1420000",1415000.5,"Fst",0.00141820937533821,0,0.0268574629087901,0.0659840238638157
"1411001","1421000",1416000.5,"Fst",0.001147114711471,0,0.0276418579936537,0.0667346433409566
"1412001","1422000",1417000.5,"Fst",0.00483633048810794,0,0.022073847658165,0.0409423939669171
"1413001","1423000",1418000.5,"Fst",0.0097982383763161,0,0.0208163044461285,0.0474234984873283
"1414001","1424000",1419000.5,"Fst",0.00569889084004982,0,0.021541614817651,0.0528153328153327
"1415001","1425000",1420000.5,"Fst",0.00535539241613248,0,0.0203480075321099,0.0495143745143745
"1416001","1426000",1421000.5,"Fst",0.00184299131667554,0,0.0196272906289663,0.0507853403141361
"1417001","1427000",1422000.5,"Fst",0,0,0.0250067032930954,0.0424561364470801
"1418001","1428000",1423000.5,"Fst",0,0,0.0264316535905197,0.0452463628325699
"1419001","1429000",1424000.5,"Fst",0,0,0.0312065718884576,0.0565423272100355
"1420001","1430000",1425000.5,"Fst",0,0,0.0298983316650049,0.0540566256307742
"1421001","1431000",1426000.5,"Fst",0.00631272984214171,0,0.0257447557636905,0.0462221801456375
"1422001","1432000",1427000.5,"Fst",0.00438603168159424,0,0.0263437230805368,0.0488338277205839
"1423001","1433000",1428000.5,"Fst",0.000902136115250918,0,0.0243145305381663,0.0477918298796127
"1424001","1434000",1429000.5,"Fst",0,0,0.0237400946503673,0.0487667987193081
"1425001","1435000",1430000.5,"Fst",0,0,0.0241920185183154,0.0519440426789116
"1426001","1436000",1431000.5,"Fst",0,0,0.02613326240305,0.0552520704463413
"1427001","1437000",1432000.5,"Fst",0,0,0.0255971907508621,0.0501670564222958
"1428001","1438000",1433000.5,"Fst",0,0,0.0222439987337362,0.0367917543715442
"1429001","1439000",1434000.5,"Fst",0,0,0.0215497119987569,0.0354769887917783
"1430001","1440000",1435000.5,"Fst",0,0,0.0220501349555291,0.0371425574043495
"1431001","1441000",1436000.5,"Fst",0,0,0.0231615538182156,0.0417670090420124
"1432001","1442000",1437000.5,"Fst",0,0,0.0212149813026771,0.0378205595641046
"1433001","1443000",1438000.5,"Fst",0,0,0.0232821294296029,0.0476891747584871
"1434001","1444000",1439000.5,"Fst",0,0,0.0186726576899607,0.0368030537086761
"1435001","1445000",1440000.5,"Fst",0.000680292200760046,0,0.0198281051128291,0.0407257286238178
"1436001","1446000",1441000.5,"Fst",0.0143562040445232,0,0.0201003488875239,0.0434344887099094
"1437001","1447000",1442000.5,"Fst",0.0144284884536042,0,0.020029797639305,0.0395116930174546
"1438001","1448000",1443000.5,"Fst",0.0191071332246192,0,0.0223320163538904,0.0508184650240723
"1439001","1449000",1444000.5,"Fst",0.0195218951281719,0,0.0224948870085317,0.0525645888650061
"1440001","1450000",1445000.5,"Fst",0.0269889415481832,0,0.0228025926472542,0.0472051739290048
"1441001","1451000",1446000.5,"Fst",0.027151075935285,0,0.022907675569149,0.0474204564324341
"1442001","1452000",1447000.5,"Fst",0.0341796680776725,0,0.0269923956332833,0.0450635916996097
"1443001","1453000",1448000.5,"Fst",0.0350667785018388,0,0.0275627477374676,0.0451882255554737
"1444001","1454000",1449000.5,"Fst",0.0275083936796606,0,0.0257589123270373,0.0480169670062958
"1445001","1455000",1450000.5,"Fst",0.0277376033057851,0,0.0257772181109061,0.0477293836497112
"1446001","1456000",1451000.5,"Fst",0.0185543740589987,0,0.0268801055904601,0.0446234258355006
"1447001","1457000",1452000.5,"Fst",0.0185521885521883,0,0.0275580997266616,0.0422505661792774
"1448001","1458000",1453000.5,"Fst",0.0222127245910431,0,0.0274964707797546,0.0490012190384033
"1449001","1459000",1454000.5,"Fst",0.0184524207052982,0,0.0243765601265129,0.0429581303591671
"1450001","1460000",1455000.5,"Fst",0.00673096386259442,0,0.0226564909012806,0.0432628871743264
"1451001","1461000",1456000.5,"Fst",0.00676351911175721,0,0.0227656993088071,0.0434697250581727
"1452001","1462000",1457000.5,"Fst",0,0,0.0239440651230565,0.0498123848874146
"1453001","1463000",1458000.5,"Fst",0.00737558864706633,0,0.0222748088056246,0.0475393622913206
"1454001","1464000",1459000.5,"Fst",0.0130694164592469,0,0.0226766503766437,0.0535506980736556
"1455001","1465000",1460000.5,"Fst",0.0131677414218613,0,0.0228274125180497,0.0539144242164342
"1456001","1466000",1461000.5,"Fst",0.0165202838986943,0,0.0238599089666899,0.0591182016683189
"1457001","1467000",1462000.5,"Fst",0.0165774051280638,0,0.0273962493531656,0.070734514677198
"1458001","1468000",1463000.5,"Fst",0.0177677849220604,0,0.0269046799852219,0.0705684304829035
"1459001","1469000",1464000.5,"Fst",0.0599058538744907,0,0.0309281709699704,0.0885830119230596
"1460001","1470000",1465000.5,"Fst",0.0828034060460945,0,0.0341168535111348,0.0885717887786962
"1461001","1471000",1466000.5,"Fst",0.120549673097272,0,0.0421464211489004,0.103048272664847
"1462001","1472000",1467000.5,"Fst",0.120843119283573,0,0.0426098639769407,0.104589687802004
"1463001","1473000",1468000.5,"Fst",0.131127927723274,0,0.0424668129181267,0.0927597957383812
"1464001","1474000",1469000.5,"Fst",0.129006715957244,0,0.0416813245461989,0.090839154963042
"1465001","1475000",1470000.5,"Fst",0.0832731245267091,0,0.0333635441657331,0.0800159359091219
"1466001","1476000",1471000.5,"Fst",0.0773070707070707,0,0.0344677900972445,0.0841962531002464
"1467001","1477000",1472000.5,"Fst",0.0773147485162378,0,0.0343688410846942,0.0846183969876279
"1468001","1478000",1473000.5,"Fst",0.0750093614443131,0,0.0345618574646332,0.083789563372399
"1469001","1479000",1474000.5,"Fst",0.0671873832822887,0,0.0328207949565816,0.0850206156679078
"1470001","1480000",1475000.5,"Fst",0.06726767120282,0,0.0338673720589409,0.0857327803743445
"1471001","1481000",1476000.5,"Fst",0.018254019147506,0,0.0369622189233052,0.0939504823456732
"1472001","1482000",1477000.5,"Fst",0.0188860712214588,0,0.0381487870316509,0.096835815047022
"1473001","1483000",1478000.5,"Fst",0,0,0.0373085984564089,0.096359906908936
"1474001","1484000",1479000.5,"Fst",0,0,0.0336638005726541,0.0859116716737913
"1475001","1485000",1480000.5,"Fst",0.00554130648174522,0,0.0219576051586187,0.0544668765875694
"1476001","1486000",1481000.5,"Fst",0.00703886529930442,0,0.0244611391777487,0.055380425531915
"1477001","1487000",1482000.5,"Fst",0.0096068208971436,0,0.0254488687969008,0.0513812822093411
"1478001","1488000",1483000.5,"Fst",0.0107926604077982,0,0.0266205337657552,0.0554625545626986
"1479001","1489000",1484000.5,"Fst",0.0105901425765657,0,0.0270464045836557,0.0555332801598081
"1480001","1490000",1485000.5,"Fst",0.00567064145045804,0,0.03001136963708,0.0875445797725589
"1481001","1491000",1486000.5,"Fst",0.00521589266807332,0,0.0315279589493539,0.0882287623511318
"1482001","1492000",1487000.5,"Fst",0.00242598919020609,0,0.0320933945076506,0.0854551638934318
"1483001","1493000",1488000.5,"Fst",0.00242595358098452,0,0.0313610922525208,0.0792544563886748
"1484001","1494000",1489000.5,"Fst",0.00893513614555419,0,0.0366701260590454,0.0829724758256408
"1485001","1495000",1490000.5,"Fst",0.0242562829391524,0,0.043655778375956,0.123654107405251
"1486001","1496000",1491000.5,"Fst",0.0344145781384275,0,0.04703211819114,0.124698234458723
"1487001","1497000",1492000.5,"Fst",0.0416229786371869,0,0.0486374762026263,0.127858239923399
"1488001","1498000",1493000.5,"Fst",0.0442917319911506,0,0.0502371424234235,0.130732938802426
"1489001","1499000",1494000.5,"Fst",0.044399857482759,0,0.0503598197933176,0.131032770957882
"1490001","1500000",1495000.5,"Fst",0.0503820203587465,0,0.0527032230756542,0.146213492141831
"1491001","1501000",1496000.5,"Fst",0.0500077870006793,0,0.0521609769263708,0.144759340081097
"1492001","1502000",1497000.5,"Fst",0.0539319900576445,0,0.0534504400591472,0.147346308250942
"1493001","1503000",1498000.5,"Fst",0.0531156542134587,0,0.0526628249632156,0.145361562368011
"1494001","1504000",1499000.5,"Fst",0.0572415141051537,0,0.0483791174518223,0.12057689069987
"1495001","1505000",1500000.5,"Fst",0.0515578469676831,0,0.0435068157843796,0.0803612642202165
"1496001","1506000",1501000.5,"Fst",0.041303174459497,0,0.0376690348967833,0.0607491619297478
"1497001","1507000",1502000.5,"Fst",0.0233966033966035,0,0.0280580130502582,0.0436708083951223
"1498001","1508000",1503000.5,"Fst",0.0136211904452248,0,0.0256077475772022,0.0465406180448552
"1499001","1509000",1504000.5,"Fst",0.0153742023818749,0,0.0247365522191338,0.0439089116012193
"1500001","1510000",1505000.5,"Fst",0.0161196429695709,0,0.0234226708303228,0.0431124920650831
"1501001","1511000",1506000.5,"Fst",0.0136212875018844,0,0.0254826796024038,0.0482880137149387
"1502001","1512000",1507000.5,"Fst",0.00579738961241838,0,0.0307428643005634,0.0605086173530952
"1503001","1513000",1508000.5,"Fst",0.00610447292467342,0,0.0323141462466541,0.0636555245786988
"1504001","1514000",1509000.5,"Fst",0.00903621048025371,0,0.0254391461818496,0.067096761196811
"1505001","1515000",1510000.5,"Fst",0.0146494531109915,0,0.0225455664031945,0.0620292340965023
"1506001","1516000",1511000.5,"Fst",0.0125172342984541,0,0.0240176738727015,0.0708344879036557
"1507001","1517000",1512000.5,"Fst",0.071337430494586,0,0.0253312683912295,0.0616406949099593
"1508001","1518000",1513000.5,"Fst",0.0718389486007424,0,0.0274783978231522,0.0654210640302971
"1509001","1519000",1514000.5,"Fst",0.0600234907211652,0,0.0248197482875903,0.0738398823024582
"1510001","1520000",1515000.5,"Fst",0.0612856930766567,0,0.0268954988981459,0.0784624915824916
"1511001","1521000",1516000.5,"Fst",0.0624755297592472,0,0.028083083882481,0.0803105655933064
"1512001","1522000",1517000.5,"Fst",0.0882386164035434,0,0.0272877599136175,0.0524979942867995
"1513001","1523000",1518000.5,"Fst",0.0843094914963498,0,0.0262892825470132,0.0499749529811301
"1514001","1524000",1519000.5,"Fst",0.0556846566726417,0,0.0266317443485283,0.0661501635095915
"1515001","1525000",1520000.5,"Fst",0.0598195802387603,0,0.0284487011070807,0.0854170984570538
"1516001","1526000",1521000.5,"Fst",0.0590711456261864,0,0.0280633673341693,0.0842301434369803
"1517001","1527000",1522000.5,"Fst",0.0173116119537826,0,0.0300225239650629,0.0815215267185009
"1518001","1528000",1523000.5,"Fst",0.0082468003795253,0,0.0356837502194511,0.095178869405421
"1519001","1529000",1524000.5,"Fst",0.00646813548318659,0,0.0411842475970365,0.111548954123563
"1520001","1530000",1525000.5,"Fst",0.00565816183756074,0,0.0395399184147174,0.107725208998965
"1521001","1531000",1526000.5,"Fst",0.00562468432644436,0,0.0393391997913331,0.107203388920695
"1522001","1532000",1527000.5,"Fst",0.00556458279882543,0,0.0389417038079864,0.106038917183113
"1523001","1533000",1528000.5,"Fst",0.00560059560582293,0,0.0385298339142915,0.106751790006486
"1524001","1534000",1529000.5,"Fst",0.00440563830394336,0,0.0365724853678285,0.0835594242664365
"1525001","1535000",1530000.5,"Fst",0,0,0.038473514011285,0.0988771453014907
"1526001","1536000",1531000.5,"Fst",0,0,0.0391343855192051,0.10050290481553
"1527001","1537000",1532000.5,"Fst",0,0,0.0385790889836227,0.09214007448949
"1528001","1538000",1533000.5,"Fst",0,0,0.031850168047692,0.0824115595416044
"1529001","1539000",1534000.5,"Fst",0,0,0.0332965976752995,0.0977318178698109
"1530001","1540000",1535000.5,"Fst",0,0,0.0374625469183312,0.0938089905615102
"1531001","1541000",1536000.5,"Fst",0,0,0.0333738083959812,0.092957375492639
"1532001","1542000",1537000.5,"Fst",0,0,0.0333332901572182,0.092957375492639
"1533001","1543000",1538000.5,"Fst",0,0,0.0303632764468999,0.0850678471476259
"1534001","1544000",1539000.5,"Fst",0,0,0.0275801744979203,0.0771017420957205
"1535001","1545000",1540000.5,"Fst",0,0,0.0283988619128585,0.077977739389036
"1536001","1546000",1541000.5,"Fst",0.0144719292543236,0,0.0327461945721919,0.064999031278927
"1537001","1547000",1542000.5,"Fst",0.0164809435369937,0,0.0309674751971608,0.0680547483104837
"1538001","1548000",1543000.5,"Fst",0.0170971709717097,0,0.0304008870427423,0.0685484951882021
"1539001","1549000",1544000.5,"Fst",0.0173236993781857,0,0.0298842238936753,0.0658089192189362
"1540001","1550000",1545000.5,"Fst",0.027404359091602,0,0.0294186366995068,0.0720044464150779
"1541001","1551000",1546000.5,"Fst",0.0280681437235243,0,0.0308015232468219,0.0716454011154304
"1542001","1552000",1547000.5,"Fst",0.0287772032057991,0,0.031610562175466,0.0735556307040908
"1543001","1553000",1548000.5,"Fst",0.0313158228651187,0,0.0351492383588783,0.0807743039778367
"1544001","1554000",1549000.5,"Fst",0.0332638171058279,0,0.0359718906962057,0.0836423544272642
"1545001","1555000",1550000.5,"Fst",0.0342972342972343,0,0.0379631200252193,0.0875002720328472
"1546001","1556000",1551000.5,"Fst",0.0229264580815541,0,0.0207605408410589,0.0351315218136528
"1547001","1557000",1552000.5,"Fst",0.0214761442417429,0,0.0245252491502866,0.0410691252807525
"1548001","1558000",1553000.5,"Fst",0.0231118289493923,0,0.0268437396363076,0.0475647371466776
"1549001","1559000",1554000.5,"Fst",0.0601089015151515,0,0.0293061764622539,0.0657902976411253
"1550001","1560000",1555000.5,"Fst",0.0498712164428081,0,0.027259202417929,0.0578315716907978
"1551001","1561000",1556000.5,"Fst",0.0498712164428081,0,0.027259202417929,0.0578315716907978
"1552001","1562000",1557000.5,"Fst",0.0460127591706538,0,0.0251454865756092,0.05292134390573
"1553001","1563000",1558000.5,"Fst",0.044909504060002,0,0.024062381839865,0.051608907929062
"1554001","1564000",1559000.5,"Fst",0.0437732561757203,0,0.0260015579600336,0.0503939530041745
"1555001","1565000",1560000.5,"Fst",0.0395077276593864,0,0.0230771793256252,0.0458102572709023
"1556001","1566000",1561000.5,"Fst",0.0374432504165795,0,0.0203370323654661,0.0404908306917291
"1557001","1567000",1562000.5,"Fst",0.0360926176869144,0,0.0202696907427822,0.0392793056725382
"1558001","1568000",1563000.5,"Fst",0.0370749834107499,0,0.0231578806813905,0.0410959023791031
"1559001","1569000",1564000.5,"Fst",0.0382796019159656,0,0.0204543164459557,0.0381025851192915
"1560001","1570000",1565000.5,"Fst",0.0419494825859574,0,0.0220453812387943,0.0434686085934094
"1561001","1571000",1566000.5,"Fst",0.0405594405594405,0,0.0214058274896267,0.0421387123514784
"1562001","1572000",1567000.5,"Fst",0.0321874854833465,0,0.0204925086397878,0.0403063871341817
"1563001","1573000",1568000.5,"Fst",0.0322451543849034,0,0.0204746653278606,0.0403775459513164
"1564001","1574000",1569000.5,"Fst",0.0316756223270095,0,0.0214520546810593,0.0502244335081933
"1565001","1575000",1570000.5,"Fst",0.0425606152749879,0,0.0272849178121695,0.0650854300338836
"1566001","1576000",1571000.5,"Fst",0.0435134815147153,0,0.0283260843791941,0.0681836547291091
"1567001","1577000",1572000.5,"Fst",0.0450034156967375,0,0.0292972709297172,0.070475901213007
"1568001","1578000",1573000.5,"Fst",0.0433941081100264,0,0.0300661025965955,0.0695645930495079
"1569001","1579000",1574000.5,"Fst",0.034030047255075,0,0.028681711149259,0.0553773528710985
"1570001","1580000",1575000.5,"Fst",0.034030047255075,0,0.028681711149259,0.0553773528710985
"1571001","1581000",1576000.5,"Fst",0.0345684875348059,0,0.0289673324225368,0.0559547991995065
"1572001","1582000",1577000.5,"Fst",0.0443145659512516,0,0.0345419248215929,0.0621009204558616
"1573001","1583000",1578000.5,"Fst",0.0442223447434201,0,0.0344685821670054,0.0621009204558616
"1574001","1584000",1579000.5,"Fst",0.0272205691335635,0,0.0344631176312585,0.0719478512658618
"1575001","1585000",1580000.5,"Fst",0.0068926222429152,0,0.0408091822877432,0.098767586579386
"1576001","1586000",1581000.5,"Fst",0.0070463266347458,0,0.0410206654768992,0.0976405875462202
"1577001","1587000",1582000.5,"Fst",0.00716973992813663,0,0.0418203956654477,0.0995311849029251
"1578001","1588000",1583000.5,"Fst",0.00330479489357993,0,0.0416161018430458,0.0975312612792433
"1579001","1589000",1584000.5,"Fst",0,0,0.0477334262207078,0.110206199760652
"1580001","1590000",1585000.5,"Fst",0,0,0.0425303639096742,0.0955760488805113
"1581001","1591000",1586000.5,"Fst",0.00120342177758437,0,0.03240091957762,0.078780971389212
"1582001","1592000",1587000.5,"Fst",0.00293838203601127,0,0.0313887477089943,0.0753369441243036
"1583001","1593000",1588000.5,"Fst",0.00301919139006623,0,0.0322871081485776,0.0775068308423861
"1584001","1594000",1589000.5,"Fst",0.0146306818181818,0,0.0151324872036698,0.0287852870131352
"1585001","1595000",1590000.5,"Fst",0.0146671413314344,0,0.0150840097202233,0.0288543874963629
"1586001","1596000",1591000.5,"Fst",0.00771349862258952,0,0.030949479811937,0.066818895390324
"1587001","1597000",1592000.5,"Fst",0.00869120654396727,0,0.0284994161418717,0.0620219359176863
"1588001","1598000",1593000.5,"Fst",0.0104261386081722,0,0.0315061294503764,0.0680398370303303
"1589001","1599000",1594000.5,"Fst",0.0102727414264081,0,0.0310567378938713,0.067293485560779
"1590001","1600000",1595000.5,"Fst",0.0087815476704366,0,0.031882102873289,0.0684799144772008
"1591001","1601000",1596000.5,"Fst",0.00815571987820785,0,0.0361504393998426,0.0860399294963055
"1592001","1602000",1597000.5,"Fst",0.00874716594748781,0,0.0359387065423542,0.0775540196100944
"1593001","1603000",1598000.5,"Fst",0.00244119187603364,0,0.0267201133884602,0.0636653293121993
"1594001","1604000",1599000.5,"Fst",0.0011042222382428,0,0.0265591779394685,0.0639717077018125
"1595001","1605000",1600000.5,"Fst",0.00112610128784818,0,0.0271585112330555,0.0653347412465952
"1596001","1606000",1601000.5,"Fst",0.00133461309931893,0,0.0243033483451862,0.0746458773784355
"1597001","1607000",1602000.5,"Fst",0.00423386365450029,0,0.0273263078386814,0.0926652112424654
"1598001","1608000",1603000.5,"Fst",0.0042267802306043,0,0.0273693844159261,0.0926652112424654
"1599001","1609000",1604000.5,"Fst",0.00158412507204986,0,0.0251406290052635,0.0812882792955993
"1600001","1610000",1605000.5,"Fst",0.000455313211426778,0,0.0263545629677523,0.0825513401068028
"1601001","1611000",1606000.5,"Fst",0,0,0.0253215709019309,0.0775044976940162
"1602001","1612000",1607000.5,"Fst",0,0,0.0252201889426722,0.0619978152688434
"1603001","1613000",1608000.5,"Fst",0.00741552678252,0,0.0231204631304992,0.0515154413359864
"1604001","1614000",1609000.5,"Fst",0.00763019181215097,0,0.0237717983594691,0.0529373975242826
"1605001","1615000",1610000.5,"Fst",0.00252761003209834,0,0.0236887620275673,0.0525651558648869
"1606001","1616000",1611000.5,"Fst",0.00225331561531039,0,0.0241701101469037,0.0500439029771659
"1607001","1617000",1612000.5,"Fst",0,0,0.0236659322841442,0.0528711766996735
"1608001","1618000",1613000.5,"Fst",0,0,0.0235163523544004,0.0523331370467579
"1609001","1619000",1614000.5,"Fst",0.00229345122962143,0,0.0244973244147158,0.0500975096902783
"1610001","1620000",1615000.5,"Fst",0.00451839826839817,0,0.0232326839177938,0.0489299472020247
"1611001","1621000",1616000.5,"Fst",0.00704725009249785,0,0.0245574703584381,0.0497883528819437
"1612001","1622000",1617000.5,"Fst",0.0069601275917065,0,0.0269372981234287,0.0570807800295303
"1613001","1623000",1618000.5,"Fst",0.00301800614844094,0,0.0297772440242462,0.0573537387295776
"1614001","1624000",1619000.5,"Fst",0.00310624141173077,0,0.0307027831411122,0.0590887265044568
"1615001","1625000",1620000.5,"Fst",0.0156599306205605,0,0.0201045452100742,0.0376848642429568
"1616001","1626000",1621000.5,"Fst",0.02212609595572,0,0.0222869825873876,0.0344250537891465
"1617001","1627000",1622000.5,"Fst",0.00712716540054681,0,0.0249213292961578,0.0623721881390594
"1618001","1628000",1623000.5,"Fst",0.000614521408055624,0,0.0289300123694142,0.055231061343104
"1619001","1629000",1624000.5,"Fst",0.0112886249744724,0,0.0274996849660561,0.049878097242957
"1620001","1630000",1625000.5,"Fst",0.0100884889268101,0,0.0275628319765407,0.0504607362468529
"1621001","1631000",1626000.5,"Fst",0.0099163963393728,0,0.0270367185401135,0.0495843920017455
"1622001","1632000",1627000.5,"Fst",0.00883549333081068,0,0.0266491359718756,0.0486955420466059
"1623001","1633000",1628000.5,"Fst",0.0153928289234844,0,0.0259472662224326,0.059880852877067
"1624001","1634000",1629000.5,"Fst",0.0148482732843914,0,0.0241616481571566,0.0515643083289907
"1625001","1635000",1630000.5,"Fst",0.0148482732843914,0,0.0241616481571566,0.0515643083289907
"1626001","1636000",1631000.5,"Fst",0.0146690493856836,0,0.0238711678347456,0.0509523901130611
"1627001","1637000",1632000.5,"Fst",0.0177028459063555,0,0.0261765409868273,0.0574956140929416
"1628001","1638000",1633000.5,"Fst",0.0206405384109738,0,0.0272269333567657,0.0559861109372195
"1629001","1639000",1634000.5,"Fst",0.015496529076776,0,0.0300570263663773,0.058923529240532
"1630001","1640000",1635000.5,"Fst",0.015349143610013,0,0.0294323036441865,0.058296325735976
"1631001","1641000",1636000.5,"Fst",0.0156949934123847,0,0.029857017907069,0.0579381954168035
"1632001","1642000",1637000.5,"Fst",0.0151599561070311,0,0.0309419452528761,0.0581114112955101
"1633001","1643000",1638000.5,"Fst",0.00453969934851162,0,0.0309316141688384,0.0761755485893417
"1634001","1644000",1639000.5,"Fst",0,0,0.036209374075483,0.0849448150767055
"1635001","1645000",1640000.5,"Fst",0.00357722829916951,0,0.0285794609617304,0.0792710441740846
"1636001","1646000",1641000.5,"Fst",0.00512494891107607,0,0.0278762029281791,0.0747428634668991
"1637001","1647000",1642000.5,"Fst",0.00365473717846299,0,0.0253217028844259,0.0679957469431153
"1638001","1648000",1643000.5,"Fst",0.0303750975921541,0,0.0243347880179343,0.0567257786453094
"1639001","1649000",1644000.5,"Fst",0.0236052446081796,0,0.019923765714517,0.0436518151095661
"1640001","1650000",1645000.5,"Fst",0.0233400856970571,0,0.0202225490399615,0.0423461150166596
"1641001","1651000",1646000.5,"Fst",0.0224986413964554,0,0.0189242646296417,0.0378518744386489
"1642001","1652000",1647000.5,"Fst",0.0229377254531656,0,0.0189973236309249,0.0380253789039871
"1643001","1653000",1648000.5,"Fst",0.0228901509799949,0,0.0197344805310505,0.0351784713999531
"1644001","1654000",1649000.5,"Fst",0.024693565753213,0,0.0195828095057374,0.033770874118497
"1645001","1655000",1650000.5,"Fst",0.0247145412451371,0,0.0190154152424885,0.0409152498558087
"1646001","1656000",1651000.5,"Fst",0.0173345514491913,0,0.0211913795498209,0.0559433298860251
"1647001","1657000",1652000.5,"Fst",0.010796338586026,0,0.0263602239550716,0.0753171678823478
"1648001","1658000",1653000.5,"Fst",0.0033440376319317,0,0.0311431985299026,0.0848624205119737
"1649001","1659000",1654000.5,"Fst",0.00368093270353997,0,0.0331346383311438,0.0943787715068076
"1650001","1660000",1655000.5,"Fst",0.00354169760863854,0,0.0340430280896222,0.0960134760188475
"1651001","1661000",1656000.5,"Fst",0.00278351342712002,0,0.0349081073639951,0.0985121829684565
"1652001","1662000",1657000.5,"Fst",0.002616020945716,0,0.0350465892646177,0.0985892124443782
"1653001","1663000",1658000.5,"Fst",0.00089878113000863,0,0.0381132886929058,0.104089799576095
"1654001","1664000",1659000.5,"Fst",0,0,0.0390621169229323,0.104181533335952
"1655001","1665000",1660000.5,"Fst",0,0,0.041241606669331,0.100608802478998
"1656001","1666000",1661000.5,"Fst",0,0,0.0363097320307037,0.0888757588220956
"1657001","1667000",1662000.5,"Fst",0.025881207912458,0,0.0210103870087823,0.0440825274016763
"1658001","1668000",1663000.5,"Fst",0.0180246660517234,0,0.0221828907120353,0.0505475448056462
"1659001","1669000",1664000.5,"Fst",0.0120210744972998,0,0.0205207386017565,0.0416875549776103
"1660001","1670000",1665000.5,"Fst",0.014620506286344,0,0.0186685365345087,0.0430623236554285
"1661001","1671000",1666000.5,"Fst",0.0147995189952923,0,0.0191528710947115,0.0441444225436809
"1662001","1672000",1667000.5,"Fst",0.0248123036026823,0,0.0181421528979081,0.0398008211008442
"1663001","1673000",1668000.5,"Fst",0.0251549393102234,0,0.0183188542565828,0.0414706967525346
"1664001","1674000",1669000.5,"Fst",0.0311367790803314,0,0.0181582321927845,0.0373606770856361
"1665001","1675000",1670000.5,"Fst",0.0314557373935438,0,0.018600978171074,0.0378984967501351
"1666001","1676000",1671000.5,"Fst",0.0257648933684924,0,0.0171987948014196,0.0343151797352308
"1667001","1677000",1672000.5,"Fst",0.0251926455145584,0,0.0181297318816811,0.0340022792261916
"1668001","1678000",1673000.5,"Fst",0.0271438536146332,0,0.0188086802540508,0.0354957179470816
"1669001","1679000",1674000.5,"Fst",0.0310051704495663,0,0.0201596595852208,0.0391678997301766
"1670001","1680000",1675000.5,"Fst",0.0319483473210341,0,0.0218057977082943,0.0480671649831986
"1671001","1681000",1676000.5,"Fst",0.0319483473210341,0,0.0218057977082943,0.0480671649831986
"1672001","1682000",1677000.5,"Fst",0.0239750626821169,0,0.0231660994462558,0.0510395841663335
"1673001","1683000",1678000.5,"Fst",0.0190089101800186,0,0.0233013824418755,0.0554664644056778
"1674001","1684000",1679000.5,"Fst",0.00915855639662067,0,0.0254238106229815,0.059443233665878
"1675001","1685000",1680000.5,"Fst",0.00886460230722519,0,0.0259349003422066,0.0600154227512338
"1676001","1686000",1681000.5,"Fst",0.00557085168869309,0,0.0308289644718671,0.0912750561423937
"1677001","1687000",1682000.5,"Fst",0.00469152775390969,0,0.0297003545434867,0.0894291754756871
"1678001","1688000",1683000.5,"Fst",0.0050303605859161,0,0.0299844364256466,0.090384457742438
"1679001","1689000",1684000.5,"Fst",0.0130727565510175,0,0.0307100113975754,0.0902665624728664
"1680001","1690000",1685000.5,"Fst",0.0118282349561971,0,0.0298981085124266,0.0910251098035966
"1681001","1691000",1686000.5,"Fst",0.0116624185783065,0,0.0294561460166705,0.0897165727354408
"1682001","1692000",1687000.5,"Fst",0.00731348602807924,0,0.0268557255153917,0.0835551689140206
"1683001","1693000",1688000.5,"Fst",0.014038754990698,0,0.0273610920347877,0.0883116883116882
"1684001","1694000",1689000.5,"Fst",0.0479246399987765,0,0.0315539226678935,0.0701718842473854
"1685001","1695000",1690000.5,"Fst",0.0348395401070103,0,0.0303446619122179,0.0663380285920055
"1686001","1696000",1691000.5,"Fst",0.0343454728938065,0,0.0325397656601552,0.0800642536345391
"1687001","1697000",1692000.5,"Fst",0.0346380243991214,0,0.0334468142900054,0.0843609966315878
"1688001","1698000",1693000.5,"Fst",0.0344333529610932,0,0.0332594917949049,0.0841356291479349
"1689001","1699000",1694000.5,"Fst",0.0302024469000555,0,0.0356952924606457,0.0894946994432394
"1690001","1700000",1695000.5,"Fst",0.0321728236112134,0,0.035939029883084,0.0928797528038778
"1691001","1701000",1696000.5,"Fst",0.0340917191329857,0,0.0341766662670574,0.0868406049480089
"1692001","1702000",1697000.5,"Fst",0.0340917191329857,0,0.0341766662670574,0.0868406049480089
"1693001","1703000",1698000.5,"Fst",0.0344265974037264,0,0.034565830518752,0.0876641716849434
"1694001","1704000",1699000.5,"Fst",0.025987302043053,0,0.0390028252552291,0.109954937843423
"1695001","1705000",1700000.5,"Fst",0.0408353566800231,0,0.0230478449723758,0.0552672596482431
"1696001","1706000",1701000.5,"Fst",0.0466784272217649,0,0.0186422177486211,0.035205619230678
"1697001","1707000",1702000.5,"Fst",0.046906172900222,0,0.0197922883559458,0.0351594117066431
"1698001","1708000",1703000.5,"Fst",0.0475362174375333,0,0.020097656655832,0.0357021148641875
"1699001","1709000",1704000.5,"Fst",0.0456077220452722,0,0.0199182476424057,0.0355230349548173
"1700001","1710000",1705000.5,"Fst",0.045793131539421,0,0.019586358836779,0.0376530648856723
"1701001","1711000",1706000.5,"Fst",0.0423594342876853,0,0.0227894531992655,0.0478812939874276
"1702001","1712000",1707000.5,"Fst",0.0415587291043948,0,0.0223099212634654,0.0469111111111111
"1703001","1713000",1708000.5,"Fst",0.0415587291043948,0,0.0223099212634654,0.0469111111111111
"1704001","1714000",1709000.5,"Fst",0.0447184247742684,0,0.0259984275802166,0.0542117669990435
"1705001","1715000",1710000.5,"Fst",0.0183724032780636,0,0.0114337343177493,0.0172105672105672
"1706001","1716000",1711000.5,"Fst",0,0,0.0375111375797745,0.110865354920424
"1707001","1717000",1712000.5,"Fst",0,0,0.0304064462782368,0.0877301050451307
"1708001","1718000",1713000.5,"Fst",0,0,0.0309059215232125,0.0890841388207468
"1709001","1719000",1714000.5,"Fst",0,0,0.0272787285983492,0.0767583233194318
"1710001","1720000",1715000.5,"Fst",0,0,0.0249364110372814,0.0673140690486648
"1711001","1721000",1716000.5,"Fst",0,0,0.0249364110372814,0.066998944668203
"1712001","1722000",1717000.5,"Fst",0,0,0.0254511821847675,0.0665530966280765
"1713001","1723000",1718000.5,"Fst",0,0,0.0252745520450274,0.0626045278324463
"1714001","1724000",1719000.5,"Fst",0,0,0.0245667554355322,0.06102284462205
"1715001","1725000",1720000.5,"Fst",0,0,0.0248048749799963,0.0618714179676116
"1716001","1726000",1721000.5,"Fst",0,0,0.0167595634826949,0.0308347414667117
"1717001","1727000",1722000.5,"Fst",0.00921589707283399,0,0.0149307898423714,0.030501155731667
"1718001","1728000",1723000.5,"Fst",0.00894499304353713,0,0.014462789175093,0.029575626216103
"1719001","1729000",1724000.5,"Fst",0.0131970593509054,0,0.0159582374706885,0.0301148454949964
"1720001","1730000",1725000.5,"Fst",0.015947104584204,0,0.0164930029989704,0.0288269794721406
"1721001","1731000",1726000.5,"Fst",0.0149360658609214,0,0.0201073845493428,0.0444682115270352
"1722001","1732000",1727000.5,"Fst",0.015872081135239,0,0.0187744965917097,0.0418316001341831
"1723001","1733000",1728000.5,"Fst",0.0118641427124717,0,0.0195522538707678,0.0385684614155615
"1724001","1734000",1729000.5,"Fst",0.0145689382649143,0,0.0156106751560936,0.0367677614899256
"1725001","1735000",1730000.5,"Fst",0.0131539924286038,0,0.0144299681342329,0.0346511065842626
"1726001","1736000",1731000.5,"Fst",0.0106288511859544,0,0.0139623546833489,0.0353438764251562
"1727001","1737000",1732000.5,"Fst",0.00619027037410558,0,0.0144045926937131,0.0264302712993812
"1728001","1738000",1733000.5,"Fst",0.00709493317420606,0,0.0142119326890545,0.0244240897641402
"1729001","1739000",1734000.5,"Fst",0.0215450920368954,0,0.0169475081414215,0.0488190398771621
"1730001","1740000",1735000.5,"Fst",0.0257096349811581,0,0.018626605679961,0.0573409370457341
"1731001","1741000",1736000.5,"Fst",0.0269799654803259,0,0.0164025578459269,0.0381179102092986
"1732001","1742000",1737000.5,"Fst",0.0244741690028033,0,0.015047534844459,0.0395831362532715
"1733001","1743000",1738000.5,"Fst",0.0265624999999998,0,0.0156197734391587,0.0420992769518239
"1734001","1744000",1739000.5,"Fst",0.0325818475977735,0,0.0187290955638057,0.0529612564204232
"1735001","1745000",1740000.5,"Fst",0.0363154325677916,0,0.0256007260569349,0.060311250956714
"1736001","1746000",1741000.5,"Fst",0.033329579241373,0,0.024303605630931,0.0548131412550704
"1737001","1747000",1742000.5,"Fst",0.0324519590449521,0,0.0229805885615515,0.0529822283246941
"1738001","1748000",1743000.5,"Fst",0.0280708930821422,0,0.0320503721708235,0.0713984060033992
"1739001","1749000",1744000.5,"Fst",0.0235759153615333,0,0.0334787133285068,0.0778913017826118
"1740001","1750000",1745000.5,"Fst",0.0216973630603674,0,0.0360059332900129,0.079579278421422
"1741001","1751000",1746000.5,"Fst",0.0193327275915388,0,0.0329619058020254,0.0785427071931626
"1742001","1752000",1747000.5,"Fst",0.0154874012189611,0,0.031901109283929,0.0746517164989878
"1743001","1753000",1748000.5,"Fst",0.0157165079109315,0,0.0323558089772017,0.0757083935322033
"1744001","1754000",1749000.5,"Fst",0.0110890981257191,0,0.0338941989389458,0.0780442208892594
"1745001","1755000",1750000.5,"Fst",0.00820838945687141,0,0.0329415827498579,0.0606604158173665
"1746001","1756000",1751000.5,"Fst",0.0167222382217102,0,0.0328205855424945,0.0584422482988268
"1747001","1757000",1752000.5,"Fst",0.0110887448236845,0,0.037236188690376,0.0794751607340121
"1748001","1758000",1753000.5,"Fst",0.0073231697705316,0,0.0378335459635108,0.0944334398010217
"1749001","1759000",1754000.5,"Fst",0.00581069512460974,0,0.0395213097794623,0.096992615511134
"1750001","1760000",1755000.5,"Fst",0.00441202014938324,0,0.0379004233604065,0.0967938579808211
"1751001","1761000",1756000.5,"Fst",0.00636061772772645,0,0.0388605372442854,0.102486186877446
"1752001","1762000",1757000.5,"Fst",0.00879069118712994,0,0.0401388076336695,0.115873977192191
"1753001","1763000",1758000.5,"Fst",0.00791606188613414,0,0.0400097759736663,0.110999871016086
"1754001","1764000",1759000.5,"Fst",0.0075944575870226,0,0.0404707698569495,0.115381154308175
"1755001","1765000",1760000.5,"Fst",0.00719381933656837,0,0.0402189430882305,0.116898608349901
"1756001","1766000",1761000.5,"Fst",0.00239743110113466,0,0.0400918159054362,0.108309885574939
"1757001","1767000",1762000.5,"Fst",0.00762372564820868,0,0.0283571167086684,0.0597452698225722
"1758001","1768000",1763000.5,"Fst",0.0119488817891377,0,0.0268307203463242,0.0644261363636364
"1759001","1769000",1764000.5,"Fst",0.0216347599478801,0,0.0210990958908781,0.0521438331001061
"1760001","1770000",1765000.5,"Fst",0.0254915355053371,0,0.0225054440334116,0.0572746492408228
"1761001","1771000",1766000.5,"Fst",0.044245892616134,0,0.0243571540615689,0.0548696073024413
"1762001","1772000",1767000.5,"Fst",0.0467382268081569,0,0.026020268669957,0.0622931499330008
"1763001","1773000",1768000.5,"Fst",0.050867502761713,0,0.0259164898185797,0.0630029735815328
"1764001","1774000",1769000.5,"Fst",0.0506181004222414,0,0.0258611817468068,0.0624371838182155
"1765001","1775000",1770000.5,"Fst",0.0469557609823323,0,0.0232015549493381,0.0596845111456118
"1766001","1776000",1771000.5,"Fst",0.0374888825360525,0,0.022224931357458,0.0507649563659314
"1767001","1777000",1772000.5,"Fst",0.0333734195729192,0,0.0198373062886544,0.0449023898547479
"1768001","1778000",1773000.5,"Fst",0.0348862172333554,0,0.0203635960212553,0.0453311221907686
"1769001","1779000",1774000.5,"Fst",0.0225961975757937,0,0.0206334322291679,0.0455460467578233
"1770001","1780000",1775000.5,"Fst",0.0234072756406289,0,0.0218591988910715,0.0452483810138461
"1771001","1781000",1776000.5,"Fst",0.00250433824186702,0,0.0229920732469743,0.0426563336297073
"1772001","1782000",1777000.5,"Fst",0.0190140905147522,0,0.0339262729712737,0.0708557881468285
"1773001","1783000",1778000.5,"Fst",0.0190893845264301,0,0.0342458764647281,0.0715121866263684
"1774001","1784000",1779000.5,"Fst",0.0190051176806117,0,0.0353028913053432,0.0734414629224152
"1775001","1785000",1780000.5,"Fst",0.0168302886481652,0,0.0325672408547751,0.0754997031755271
"1776001","1786000",1781000.5,"Fst",0.0180170235370269,0,0.0310415949876737,0.0717913711215333
"1777001","1787000",1782000.5,"Fst",0.019879777039651,0,0.0324744412426228,0.0757539161791507
"1778001","1788000",1783000.5,"Fst",0.0270448499244037,0,0.0313703152009934,0.0714624284300017
"1779001","1789000",1784000.5,"Fst",0.035053965398879,0,0.0315354858526418,0.0761534892102059
"1780001","1790000",1785000.5,"Fst",0.0343883454480878,0,0.0296784828327915,0.0723831126778786
"1781001","1791000",1786000.5,"Fst",0.0311453594933547,0,0.031652058157113,0.0695834546226121
"1782001","1792000",1787000.5,"Fst",0.0306708720469602,0,0.0231310495800071,0.0439306147948401
"1783001","1793000",1788000.5,"Fst",0.0318512268287998,0,0.0214246000020808,0.0407807794286957
"1784001","1794000",1789000.5,"Fst",0.0331153779496164,0,0.0209277256426792,0.0381066458750134
"1785001","1795000",1790000.5,"Fst",0.0356383055763551,0,0.021315316906983,0.0457391255158689
"1786001","1796000",1791000.5,"Fst",0.0368494423791822,0,0.0238609478217101,0.0501241667755848
"1787001","1797000",1792000.5,"Fst",0.0262963408039415,0,0.022778573221011,0.0554311505901653
"1788001","1798000",1793000.5,"Fst",0.0180361499223776,0,0.0222926159305058,0.0581286776386384
"1789001","1799000",1794000.5,"Fst",0.0207315191584513,0,0.0204581243367615,0.0556624641980361
"1790001","1800000",1795000.5,"Fst",0.0200440810831353,0,0.0231590957936934,0.0516580624157017
"1791001","1801000",1796000.5,"Fst",0.0207504477573888,0,0.0249907205922539,0.062985841085462
"1792001","1802000",1797000.5,"Fst",0.0119885636620771,0,0.0284710093887726,0.0689920339716733
"1793001","1803000",1798000.5,"Fst",0.0128646243557324,0,0.0279022769453661,0.0657447470698974
"1794001","1804000",1799000.5,"Fst",0.00875504776913227,0,0.0320292637168773,0.0745388907121759
"1795001","1805000",1800000.5,"Fst",0.0100235207115785,0,0.0320316244858521,0.0782126778581822
"1796001","1806000",1801000.5,"Fst",0.00745756752915483,0,0.0332920738507671,0.0824084041723895
"1797001","1807000",1802000.5,"Fst",0.013395350001878,0,0.0329471724791479,0.0764361557580122
"1798001","1808000",1803000.5,"Fst",0.01426646196881,0,0.03091723969497,0.0672777940173439
"1799001","1809000",1804000.5,"Fst",0.0113301638725367,0,0.0321000042355963,0.0700079204435448
"1800001","1810000",1805000.5,"Fst",0.0120329552847191,0,0.0281555256465868,0.0601871831364652
"1801001","1811000",1806000.5,"Fst",0.0131494786960948,0,0.0249639101544051,0.0483329151682418
"1802001","1812000",1807000.5,"Fst",0.0158765769280792,0,0.0211813317837945,0.0438050770916091
"1803001","1813000",1808000.5,"Fst",0.0213773285100917,0,0.0229432045534494,0.0475817275329626
"1804001","1814000",1809000.5,"Fst",0.0296099480485515,0,0.0211712977273253,0.0513379305504378
"1805001","1815000",1810000.5,"Fst",0.0292032742076015,0,0.0205803565115937,0.0505054324318904
"1806001","1816000",1811000.5,"Fst",0.0332224320354884,0,0.0240785711156666,0.0571933365337827
"1807001","1817000",1812000.5,"Fst",0.0240353262580101,0,0.0255270014430731,0.0548559698999984
"1808001","1818000",1813000.5,"Fst",0.0284588426149521,0,0.0310475087063783,0.064388939567968
"1809001","1819000",1814000.5,"Fst",0.0291985941682503,0,0.0321490578441243,0.0661371997205534
"1810001","1820000",1815000.5,"Fst",0.0270000340866482,0,0.0303600167984201,0.063358794724593
"1811001","1821000",1816000.5,"Fst",0.0227233349959312,0,0.0302482567580839,0.0586868954034402
"1812001","1822000",1817000.5,"Fst",0.0163918071629062,0,0.0272976464554215,0.0681213382173115
"1813001","1823000",1818000.5,"Fst",0.00988944563747729,0,0.0308264742482587,0.090840211491122
"1814001","1824000",1819000.5,"Fst",0.00878078765290846,0,0.0284696772990579,0.0873656120904215
"1815001","1825000",1820000.5,"Fst",0.00967419349098741,0,0.0291915601835633,0.0891330955933447
"1816001","1826000",1821000.5,"Fst",0.0117746738560922,0,0.0279547407448443,0.0909426203237561
"1817001","1827000",1822000.5,"Fst",0.0152850730169121,0,0.0323271122890364,0.104050985275804
"1818001","1828000",1823000.5,"Fst",0.00749933411191017,0,0.0344266300529365,0.104706985637405
"1819001","1829000",1824000.5,"Fst",0.00778216440122592,0,0.0318986933419398,0.0942351913050635
"1820001","1830000",1825000.5,"Fst",0.0246738000316733,0,0.0329072448872972,0.0991762233296968
"1821001","1831000",1826000.5,"Fst",0.0282281497308375,0,0.0300862911473135,0.0878906669834428
"1822001","1832000",1827000.5,"Fst",0.0322303013558712,0,0.0279673261554461,0.0873234967475807
"1823001","1833000",1828000.5,"Fst",0.03572577147623,0,0.0204896413838073,0.0621300334764849
"1824001","1834000",1829000.5,"Fst",0.0248534914919155,0,0.0223406214065757,0.0452783833350635
"1825001","1835000",1830000.5,"Fst",0.024714404799643,0,0.0228410587358097,0.046842678279804
"1826001","1836000",1831000.5,"Fst",0.0230411161979507,0,0.0239267261580735,0.0518584038181584
"1827001","1837000",1832000.5,"Fst",0.0197804619622801,0,0.0226349434145094,0.0500187176307061
"1828001","1838000",1833000.5,"Fst",0.0201956392733398,0,0.0218470050834205,0.0475027243853445
"1829001","1839000",1834000.5,"Fst",0.0193000076141304,0,0.0261407452594663,0.0568032134116921
"1830001","1840000",1835000.5,"Fst",0.0174011233439438,0,0.0266841856608521,0.0543093392656413
"1831001","1841000",1836000.5,"Fst",0.0173589395564155,0,0.0275521069413736,0.0551817068981367
"1832001","1842000",1837000.5,"Fst",0.018070098254876,0,0.0276207933940751,0.0573160173160173
"1833001","1843000",1838000.5,"Fst",0.0166169735944657,0,0.0286559091195771,0.0603665576552338
"1834001","1844000",1839000.5,"Fst",0.0255208708816955,0,0.0349716893321335,0.0929938146603766
"1835001","1845000",1840000.5,"Fst",0.0256991959926678,0,0.0352306233465059,0.0935691915046672
"1836001","1846000",1841000.5,"Fst",0.0264777559286711,0,0.0371653757941356,0.0976072784583424
"1837001","1847000",1842000.5,"Fst",0.0350390221217192,0,0.0340529715446843,0.092192991934305
"1838001","1848000",1843000.5,"Fst",0.0418755300674448,0,0.0396522496721174,0.110175406302969
"1839001","1849000",1844000.5,"Fst",0.0555055044708469,0,0.0397557772162038,0.085127686144703
"1840001","1850000",1845000.5,"Fst",0.0275304513048796,0,0.036009508126135,0.0767333168001879
"1841001","1851000",1846000.5,"Fst",0.021023511110792,0,0.0298269601114338,0.0648793119625919
"1842001","1852000",1847000.5,"Fst",0.0403276312080856,0,0.0266493277643283,0.0572731882562308
"1843001","1853000",1848000.5,"Fst",0.0400837145980749,0,0.0231416716179741,0.0507182499858413
"1844001","1854000",1849000.5,"Fst",0.0428541887452369,0,0.021149502776047,0.0425291583792915
"1845001","1855000",1850000.5,"Fst",0.0414064256536737,0,0.0219243567990025,0.0407952419586305
"1846001","1856000",1851000.5,"Fst",0.0404491244934367,0,0.0211885434713707,0.0396217655720902
"1847001","1857000",1852000.5,"Fst",0.0379256663712758,0,0.0208508015148681,0.0363150137099032
"1848001","1858000",1853000.5,"Fst",0.0378233230888699,0,0.0207844109475169,0.036218449629108
"1849001","1859000",1854000.5,"Fst",0.0471284965982773,0,0.0222273386947882,0.0419053495012776
"1850001","1860000",1855000.5,"Fst",0.047385298067379,0,0.0231986407264061,0.0457097190286579
"1851001","1861000",1856000.5,"Fst",0.0538554395146532,0,0.0246861625427403,0.0512552181620634
"1852001","1862000",1857000.5,"Fst",0.0397809896468475,0,0.0291458324355894,0.0639146389578467
"1853001","1863000",1858000.5,"Fst",0.0397633217046309,0,0.0372813167448245,0.088877752163309
"1854001","1864000",1859000.5,"Fst",0.0269130353952973,0,0.0330106395294601,0.0729261637111466
"1855001","1865000",1860000.5,"Fst",0.0257071566782071,0,0.0296069251056744,0.0651515979943965
"1856001","1866000",1861000.5,"Fst",0.0345129401639879,0,0.0263694308170362,0.0649869467549026
"1857001","1867000",1862000.5,"Fst",0.0234062364998969,0,0.0177739125860959,0.0260637023152217
"1858001","1868000",1863000.5,"Fst",0.0117999659338478,0,0.0212375128705865,0.0457158011497339
"1859001","1869000",1864000.5,"Fst",0.0117999659338478,0,0.021238905935624,0.0457158011497339
"1860001","1870000",1865000.5,"Fst",0.00452629356324719,0,0.0237192472033811,0.0538578634896847
"1861001","1871000",1866000.5,"Fst",0.00448314866499555,0,0.0234578751128215,0.0533562057991049
"1862001","1872000",1867000.5,"Fst",0.00490958726062551,0,0.0224724818443525,0.0520987448364372
"1863001","1873000",1868000.5,"Fst",0.0139172166645617,0,0.0228877901035369,0.0548023616526276
"1864001","1874000",1869000.5,"Fst",0.0135325302928281,0,0.0226473615253491,0.0551062574147682
"1865001","1875000",1870000.5,"Fst",0.026068424858241,0,0.0255395506841558,0.0756268779390167
"1866001","1876000",1871000.5,"Fst",0.0233649677536595,0,0.027131445549607,0.0792229025510519
"1867001","1877000",1872000.5,"Fst",0.0369322892045026,0,0.0318622386388475,0.0883343060894534
"1868001","1878000",1873000.5,"Fst",0.044373551017855,0,0.0360967162099773,0.101945323125353
"1869001","1879000",1874000.5,"Fst",0.0412561531316058,0,0.0334426327846256,0.094429186659115
"1870001","1880000",1875000.5,"Fst",0.0532297033737955,0,0.0356685450568528,0.0944001360563052
"1871001","1881000",1876000.5,"Fst",0.0540079154114241,0,0.0361868941250401,0.0957077896560298
"1872001","1882000",1877000.5,"Fst",0.063190862948308,0,0.0338569047302351,0.0891633087561451
"1873001","1883000",1878000.5,"Fst",0.0623116460517313,0,0.0348148491381119,0.0983259549501774
"1874001","1884000",1879000.5,"Fst",0.0618493794875327,0,0.0346037176075526,0.0975048914529374
"1875001","1885000",1880000.5,"Fst",0.0575040344271114,0,0.029354718698614,0.0607163560878222
"1876001","1886000",1881000.5,"Fst",0.0672838785804125,0,0.029208172511018,0.0592113557937941
"1877001","1887000",1882000.5,"Fst",0.0494039868966297,0,0.0257856126298181,0.0532225391706974
"1878001","1888000",1883000.5,"Fst",0.0537496173859811,0,0.0247775344812637,0.0516677221870381
"1879001","1889000",1884000.5,"Fst",0.0556157336194306,0,0.0245821160986237,0.0581972711140544
"1880001","1890000",1885000.5,"Fst",0.0586949777951933,0,0.0246732838010135,0.0594111348610232
"1881001","1891000",1886000.5,"Fst",0.0597889432612709,0,0.0263564558843075,0.0613883137027885
"1882001","1892000",1887000.5,"Fst",0.0530211706102117,0,0.0265445991108593,0.0649634630217155
"1883001","1893000",1888000.5,"Fst",0.0526175292896337,0,0.0263696391593919,0.0644896477144458
"1884001","1894000",1889000.5,"Fst",0.0528844056482247,0,0.0261587483263679,0.0642458982740378
"1885001","1895000",1890000.5,"Fst",0.0615810351179308,0,0.0294051405363566,0.0634120786470868
"1886001","1896000",1891000.5,"Fst",0.0564814942798826,0,0.0280815560293222,0.0563271522944229
"1887001","1897000",1892000.5,"Fst",0.0564203097431877,0,0.0280421325547455,0.0501409928519903
"1888001","1898000",1893000.5,"Fst",0.0504501352228078,0,0.029403077555098,0.0498297049921599
"1889001","1899000",1894000.5,"Fst",0.0680927923300804,0,0.0249653876702958,0.0429733912435725
"1890001","1900000",1895000.5,"Fst",0.0646995456887265,0,0.0276556083297411,0.0532346880172967
"1891001","1901000",1896000.5,"Fst",0.0767622369776526,0,0.034060066210153,0.0659930521473869
"1892001","1902000",1897000.5,"Fst",0.0709583611172854,0,0.0300719766834897,0.0602070589889615
"1893001","1903000",1898000.5,"Fst",0.0721939544700739,0,0.0304422753297878,0.0609494830868876
"1894001","1904000",1899000.5,"Fst",0.0669034647295517,0,0.0284172578904618,0.0552900048740315
"1895001","1905000",1900000.5,"Fst",0.0662719545558966,0,0.029544078487997,0.0555271856382241
"1896001","1906000",1901000.5,"Fst",0.0577446656988688,0,0.0262219241474573,0.0472395423980438
"1897001","1907000",1902000.5,"Fst",0.0429433731251914,0,0.023456118522113,0.0456196845842622
"1898001","1908000",1903000.5,"Fst",0.0388973607038121,0,0.0216940180476543,0.0394546973494342
"1899001","1909000",1904000.5,"Fst",0.0270403280929596,0,0.0230292534460984,0.0485261622629937
"1900001","1910000",1905000.5,"Fst",0.0291915626257534,0,0.0248271119794561,0.0498915636521363
"1901001","1911000",1906000.5,"Fst",0.0150389481741635,0,0.0208096553736864,0.0317952842095857
"1902001","1912000",1907000.5,"Fst",0.0174037604406589,0,0.0186624523730645,0.0328656975434081
"1903001","1913000",1908000.5,"Fst",0.0148270863532821,0,0.0172323718186507,0.0386095232568262
"1904001","1914000",1909000.5,"Fst",0.0122768348446097,0,0.0205478113213098,0.0596549805230939
"1905001","1915000",1910000.5,"Fst",0.0102585079196653,0,0.0198302388309263,0.0518303218075152
"1906001","1916000",1911000.5,"Fst",0.012551539251822,0,0.0196626619557289,0.0543774182265317
"1907001","1917000",1912000.5,"Fst",0.0126199804633582,0,0.0203095639519517,0.0578091534212604
"1908001","1918000",1913000.5,"Fst",0.0128025868773278,0,0.0210717043743469,0.0586502705698223
"1909001","1919000",1914000.5,"Fst",0.0127703877905978,0,0.0210261357871758,0.0585079463876534
"1910001","1920000",1915000.5,"Fst",0.0127846997443058,0,0.0198102296596874,0.0585920003321732
"1911001","1921000",1916000.5,"Fst",0.0126934546868162,0,0.020021117601192,0.0589818737813027
"1912001","1922000",1917000.5,"Fst",0.0149484393246639,0,0.0209340747162942,0.0582389191600549
"1913001","1923000",1918000.5,"Fst",0.0163190345008527,0,0.0246707192512256,0.0557400703850204
"1914001","1924000",1919000.5,"Fst",0.0232904018515113,0,0.0358056909799522,0.0984522812567848
"1915001","1925000",1920000.5,"Fst",0.029195053767568,0,0.0463243353621676,0.1020663121947
"1916001","1926000",1921000.5,"Fst",0.0296366301964063,0,0.0510228538441816,0.109177855149419
"1917001","1927000",1922000.5,"Fst",0.0323535876903751,0,0.0493152056256601,0.105267197110772
"1918001","1928000",1923000.5,"Fst",0.0322584965678888,0,0.0406431742389463,0.0911180773249739
"1919001","1929000",1924000.5,"Fst",0.0316705786438918,0,0.0399973568672055,0.0895737031330252
"1920001","1930000",1925000.5,"Fst",0.0318561661180046,0,0.0421164925359366,0.0804959381910015
"1921001","1931000",1926000.5,"Fst",0.0320645709430756,0,0.0424371502402958,0.0810992608046618
"1922001","1932000",1927000.5,"Fst",0.0170818353021744,0,0.0384649387876299,0.0865885709994743
"1923001","1933000",1928000.5,"Fst",0.0155941811512652,0,0.0382006850116023,0.0965042907121271
"1924001","1934000",1929000.5,"Fst",0.0146294404721371,0,0.037274534790219,0.0934572211846678
"1925001","1935000",1930000.5,"Fst",0.0149299688333147,0,0.0291755125125726,0.0680558369569171
"1926001","1936000",1931000.5,"Fst",0.021885902460745,0,0.0283652443186401,0.0623409269442263
"1927001","1937000",1932000.5,"Fst",0.0175396959936712,0,0.0297997071829585,0.0660739545354929
"1928001","1938000",1933000.5,"Fst",0.0138312483759606,0,0.0303195421850883,0.0785835886959482
"1929001","1939000",1934000.5,"Fst",0.010878901902016,0,0.0281194860537983,0.0670860530381862
"1930001","1940000",1935000.5,"Fst",0.0101885950228771,0,0.0263864233106953,0.0617509073205276
"1931001","1941000",1936000.5,"Fst",0.0131310046093187,0,0.0260982198858901,0.0555936924837089
"1932001","1942000",1937000.5,"Fst",0.0198438371444507,0,0.0153702724956139,0.0431283666369107
"1933001","1943000",1938000.5,"Fst",0.017837343236988,0,0.0144095762869504,0.0402237016182307
"1934001","1944000",1939000.5,"Fst",0.0195354784659987,0,0.0132749735961863,0.0360460481942486
"1935001","1945000",1940000.5,"Fst",0.0247188716946458,0,0.0133447243652988,0.0303278196721072
"1936001","1946000",1941000.5,"Fst",0.014219819703174,0,0.0131835333497341,0.0278676094127711
"1937001","1947000",1942000.5,"Fst",0.0110841369083946,0,0.0185948398178524,0.0470375395748531
"1938001","1948000",1943000.5,"Fst",0.0106328921561645,0,0.0196110445627462,0.0496424603287655
"1939001","1949000",1944000.5,"Fst",0.0105471617584293,0,0.0223893794671818,0.0579857196542652
"1940001","1950000",1945000.5,"Fst",0.0234661613237177,0,0.0225317793387263,0.0457901490474781
"1941001","1951000",1946000.5,"Fst",0.0216086611704385,0,0.0234871858756166,0.0440317969715412
"1942001","1952000",1947000.5,"Fst",0.0246641793927036,0,0.0240548644947788,0.0475378547866192
"1943001","1953000",1948000.5,"Fst",0.0260345260740049,0,0.0238913183112304,0.0496392496392495
"1944001","1954000",1949000.5,"Fst",0.0232782369146004,0,0.0241410988355253,0.0487690262149987
"1945001","1955000",1950000.5,"Fst",0.0167859012388762,0,0.0254008624290974,0.0493403006698737
"1946001","1956000",1951000.5,"Fst",0.0101010101010101,0,0.0229381048458839,0.0406770823020006
"1947001","1957000",1952000.5,"Fst",0.0124161491649936,0,0.0215071359537907,0.047697739307405
"1948001","1958000",1953000.5,"Fst",0.0127610642568156,0,0.021311074040699,0.0430033629245111
"1949001","1959000",1954000.5,"Fst",0.015398826018295,0,0.0221983227862439,0.0500013316598806
"1950001","1960000",1955000.5,"Fst",0,0,0.0233763709096367,0.0459262896766601
"1951001","1961000",1956000.5,"Fst",0,0,0.021631195694434,0.0431755299099374
"1952001","1962000",1957000.5,"Fst",0,0,0.0231818762635254,0.0404880380429453
"1953001","1963000",1958000.5,"Fst",0,0,0.0203452453814964,0.0358020559407126
"1954001","1964000",1959000.5,"Fst",0,0,0.0210501307021313,0.0352647853133504
"1955001","1965000",1960000.5,"Fst",1.56040320820061e-05,0,0.0209206674235281,0.0361533068355298
"1956001","1966000",1961000.5,"Fst",0.00891067497365094,0,0.0204843870393725,0.0415049370105551
"1957001","1967000",1962000.5,"Fst",0.00898942140076897,0,0.019584241733682,0.0402218687548431
"1958001","1968000",1963000.5,"Fst",0.00668756530825498,0,0.021110499106111,0.0454904373686099
"1959001","1969000",1964000.5,"Fst",0.00724891254161508,0,0.0194998700621805,0.0415531277934763
"1960001","1970000",1965000.5,"Fst",0.00748559103284885,0,0.0190041690664264,0.039954804629031
"1961001","1971000",1966000.5,"Fst",0.00772732666645082,0,0.0174029911111155,0.0358535945402648
"1962001","1972000",1967000.5,"Fst",0.0105286962317599,0,0.0160501662153958,0.0316296500666757
"1963001","1973000",1968000.5,"Fst",0.00635912388489712,0,0.0186486688375123,0.0401468346305064
"1964001","1974000",1969000.5,"Fst",0.00596648024271673,0,0.0200317829125603,0.0512107395472596
"1965001","1975000",1970000.5,"Fst",0.00699653614112339,0,0.0201603090670796,0.0521778901772982
"1966001","1976000",1971000.5,"Fst",0.00524282560706413,0,0.0212570851412861,0.0590487335137376
"1967001","1977000",1972000.5,"Fst",0.0043384996525575,0,0.0182226481140654,0.0519536035008574
"1968001","1978000",1973000.5,"Fst",0.00444032158317886,0,0.0186458482204391,0.0531463213339729
"1969001","1979000",1974000.5,"Fst",0.00382199630237101,0,0.018840939888433,0.0485404653825707
"1970001","1980000",1975000.5,"Fst",0.00350064478972334,0,0.0187615975618288,0.0487972002812802
"1971001","1981000",1976000.5,"Fst",0.00438234125333847,0,0.0205516123596533,0.0546015796501234
"1972001","1982000",1977000.5,"Fst",0.00357051960953325,0,0.022684356606071,0.0583429942356616
"1973001","1983000",1978000.5,"Fst",0.00137465051258157,0,0.0226027283377539,0.0500578619490123
"1974001","1984000",1979000.5,"Fst",0.00245551508163222,0,0.0180757360461546,0.0463451078835695
"1975001","1985000",1980000.5,"Fst",0.00115574348132486,0,0.0184419590654149,0.0470099770713267
"1976001","1986000",1981000.5,"Fst",0.0019934789091105,0,0.0204558000914047,0.0502858821133012
"1977001","1987000",1982000.5,"Fst",0.00473364034339652,0,0.0222441165276395,0.0586328146328147
"1978001","1988000",1983000.5,"Fst",0.00377710246131302,0,0.0210066070568365,0.0542778002552052
"1979001","1989000",1984000.5,"Fst",0.00398734217840335,0,0.0224387828308467,0.0562999417436896
"1980001","1990000",1985000.5,"Fst",0.00417296440351189,0,0.0234897687626427,0.0588240638116176
"1981001","1991000",1986000.5,"Fst",0.00190968145887138,0,0.0238579184940918,0.0631394570089123
"1982001","1992000",1987000.5,"Fst",0.00350257038874158,0,0.0296648851308149,0.0700229747277994
"1983001","1993000",1988000.5,"Fst",0.0151680923015715,0,0.0166187859395226,0.0290216635117864
"1984001","1994000",1989000.5,"Fst",0.00803219879254535,0,0.0226867390990248,0.0444032158317874
"1985001","1995000",1990000.5,"Fst",0.00848978081938412,0,0.023853830581388,0.0466233766233766
"1986001","1996000",1991000.5,"Fst",0.00627104377104382,0,0.0177336888822119,0.0376276130286827
"1987001","1997000",1992000.5,"Fst",0,0,0.017717234186303,0.0343390911112759
"1988001","1998000",1993000.5,"Fst",0,0,0.00877344877344888,0.00978037062457093
"1989001","1999000",1994000.5,"Fst",0.00714395216924735,0,0.011051685705755,0.0174245388064642
"1990001","2e+06",1995000.5,"Fst",0.00514622534572662,0,0.00991381351310596,0.013199794555727
"1991001","2001000",1996000.5,"Fst",0.00512415234793251,0,0.0191704076871669,0.0649016373888972
"1992001","2002000",1997000.5,"Fst",0.00297751029458337,0,0.0269422205632883,0.0508232533980171
"1993001","2003000",1998000.5,"Fst",0.00290004113533515,0,0.0262744898738496,0.0495826730263041
"1994001","2004000",1999000.5,"Fst",0.00441782839191041,0,0.0250189564758299,0.047252180465274
"1995001","2005000",2000000.5,"Fst",0.00605263507499376,0,0.0234360968860582,0.0441593883574102
"1996001","2006000",2001000.5,"Fst",0.00583669640328499,0,0.0233058953573466,0.0438359625575734
"1997001","2007000",2002000.5,"Fst",0.00652090525508253,0,0.0234665739466187,0.0440858313882875
"1998001","2008000",2003000.5,"Fst",0.00650625165920282,0,0.0244350137858824,0.0430914205589572
"1999001","2009000",2004000.5,"Fst",0.00401069518716568,0,0.0242216159933053,0.0437550182660623
"2000001","2010000",2005000.5,"Fst",0.00446009078997878,0,0.0249981737166435,0.0462445654404603
"2001001","2011000",2006000.5,"Fst",0.00329814934065009,0,0.0300608965281184,0.0606136771574896
"2002001","2012000",2007000.5,"Fst",0.0058091164966918,0,0.0289060628199935,0.0513111613432943
"2003001","2013000",2008000.5,"Fst",0.00694623286691276,0,0.0279227382440997,0.0496355123570201
"2004001","2014000",2009000.5,"Fst",0.0223702938475666,0,0.0261912883306687,0.0475502584067572
"2005001","2015000",2010000.5,"Fst",0.0139125631313131,0,0.0269975980055902,0.0629714114131567
"2006001","2016000",2011000.5,"Fst",0.0122333474606202,0,0.0250971810486109,0.0567165729571099
"2007001","2017000",2012000.5,"Fst",0.013344828160661,0,0.0243979388110054,0.0531044426421555
"2008001","2018000",2013000.5,"Fst",0.0117208180380691,0,0.0214348641964469,0.0429133585512188
"2009001","2019000",2014000.5,"Fst",0.0134609486621334,0,0.0218609869772051,0.0457781632542008
"2010001","2020000",2015000.5,"Fst",0.0121345661180985,0,0.0202636953150216,0.042186058237124
"2011001","2021000",2016000.5,"Fst",0.0143815607050901,0,0.0192238359310951,0.0446122280824125
"2012001","2022000",2017000.5,"Fst",0.0139719210809258,0,0.0187127139194154,0.0419232139368657
"2013001","2023000",2018000.5,"Fst",0.0116841285825495,0,0.0180394117151917,0.0396869215717383
"2014001","2024000",2019000.5,"Fst",0,0,0.0178924172785378,0.0390426474933517
"2015001","2025000",2020000.5,"Fst",0.00349429654032973,0,0.0153623731534667,0.0339125055408611
"2016001","2026000",2021000.5,"Fst",0.00607879924953081,0,0.0154886580060591,0.037695149961719
"2017001","2027000",2022000.5,"Fst",0.00746590245714596,0,0.0147232289145534,0.0367868338557992
"2018001","2028000",2023000.5,"Fst",0.00916243529003524,0,0.0155845984798655,0.0325108832829937
"2019001","2029000",2024000.5,"Fst",0.00817545405590647,0,0.0154129991992861,0.0311810142952011
"2020001","2030000",2025000.5,"Fst",0.0236081912325781,0,0.0162950203692892,0.0348832914233759
"2021001","2031000",2026000.5,"Fst",0.0222487363046211,0,0.0160123149078904,0.0308788200817957
"2022001","2032000",2027000.5,"Fst",0.0221645799718143,0,0.016815877998405,0.0322155368913897
"2023001","2033000",2028000.5,"Fst",0.0218767945189203,0,0.0151074759823207,0.0335463962971128
"2024001","2034000",2029000.5,"Fst",0.0228442193570835,0,0.0155746587151444,0.0339391328189261
"2025001","2035000",2030000.5,"Fst",0.0263948599683019,0,0.0193361417772874,0.0453992292924644
"2026001","2036000",2031000.5,"Fst",0.0251301425138122,0,0.0178795062790538,0.0407386912604305
"2027001","2037000",2032000.5,"Fst",0.024833954233716,0,0.0192839451841637,0.0447169494372587
"2028001","2038000",2033000.5,"Fst",0.0247531548656211,0,0.0183229209516106,0.0421373718626753
"2029001","2039000",2034000.5,"Fst",0.0111903648944213,0,0.0326854229908916,0.0991503874940577
"2030001","2040000",2035000.5,"Fst",0.00683550857152393,0,0.0327142512376314,0.0961837271180928
"2031001","2041000",2036000.5,"Fst",0.0072069591135876,0,0.0315042954693503,0.0955383183369531
"2032001","2042000",2037000.5,"Fst",0.00834315809172448,0,0.0315989718368225,0.0945088106913833
"2033001","2043000",2038000.5,"Fst",0.0101673059480488,0,0.0324815835159181,0.0971741107346056
"2034001","2044000",2039000.5,"Fst",0.00972650644374784,0,0.0326130876466182,0.0990834647434101
"2035001","2045000",2040000.5,"Fst",0.0037229173024107,0,0.0354780726011337,0.109156473456676
"2036001","2046000",2041000.5,"Fst",0.00281566212054551,0,0.038181295818943,0.117370208636584
"2037001","2047000",2042000.5,"Fst",0.0028005688655508,0,0.0379792088520129,0.11677528361091
"2038001","2048000",2043000.5,"Fst",0.00176460739996653,0,0.0385651207579831,0.116143939393939
"2039001","2049000",2044000.5,"Fst",0.0128351483743153,0,0.0153467608814443,0.030675259522809
"2040001","2050000",2045000.5,"Fst",0.0120067544175727,0,0.0165145547365596,0.0340591502583094
"2041001","2051000",2046000.5,"Fst",0.0118702226434634,0,0.0173235673862337,0.0328882385220413
"2042001","2052000",2047000.5,"Fst",0.0090526501662791,0,0.0190782868821601,0.037227224319876
"2043001","2053000",2048000.5,"Fst",0.00541975647715831,0,0.0231888823823474,0.0483943916779738
"2044001","2054000",2049000.5,"Fst",0.00509641873278233,0,0.0216440002204252,0.0451591120114797
"2045001","2055000",2050000.5,"Fst",0.00826824950536287,0,0.0151102725749111,0.0241844020411719
"2046001","2056000",2051000.5,"Fst",0.0051506425837976,0,0.0179432622513141,0.0268415379087316
"2047001","2057000",2052000.5,"Fst",0.00412862246923384,0,0.0217624433553053,0.0406753298427424
"2048001","2058000",2053000.5,"Fst",0.0037929028504945,0,0.0210511419964644,0.0406303841086447
"2049001","2059000",2054000.5,"Fst",0.0129494332953131,0,0.0201009500469232,0.0502244668911335
"2050001","2060000",2055000.5,"Fst",0.0109662021054425,0,0.0196819437752571,0.0498722161372764
"2051001","2061000",2056000.5,"Fst",0.0107360571763637,0,0.0207956880824997,0.0521586604683196
"2052001","2062000",2057000.5,"Fst",0.0101645560338959,0,0.0197440145418291,0.0494541373329253
"2053001","2063000",2058000.5,"Fst",0.00990036079487044,0,0.0187768495773424,0.0432452155510553
"2054001","2064000",2059000.5,"Fst",0.010008409634228,0,0.0190976658506484,0.0439867134294568
"2055001","2065000",2060000.5,"Fst",0.0096351542027816,0,0.0180886344764379,0.0370015948963317
"2056001","2066000",2061000.5,"Fst",0.00526053648933911,0,0.0235163790656533,0.0444588426980209
"2057001","2067000",2062000.5,"Fst",0.00646343796892146,0,0.0273017378181634,0.0588376039953687
"2058001","2068000",2063000.5,"Fst",0.00679541748724133,0,0.0289576190843194,0.0621985672701395
"2059001","2069000",2064000.5,"Fst",0,0,0.0322544502028846,0.0719311011118925
"2060001","2070000",2065000.5,"Fst",0,0,0.0331154770247774,0.073071935981093
"2061001","2071000",2066000.5,"Fst",0.019702508635709,0,0.0301328554430504,0.0562564905761083
"2062001","2072000",2067000.5,"Fst",0.0225440192736499,0,0.026065352661657,0.0480364786897448
"2063001","2073000",2068000.5,"Fst",0.0298380071107344,0,0.0234107391446724,0.0603074857800846
"2064001","2074000",2069000.5,"Fst",0.0283422783695264,0,0.0229187409114682,0.0599669067549153
"2065001","2075000",2070000.5,"Fst",0.0307334313107985,0,0.0247254539701318,0.0620266401522295
"2066001","2076000",2071000.5,"Fst",0.039763929514622,0,0.021783516542491,0.0534374224408295
"2067001","2077000",2072000.5,"Fst",0.04317711274233,0,0.0207358487033595,0.04325586892897
"2068001","2078000",2073000.5,"Fst",0.0436105091061176,0,0.020914832786938,0.0437001984530196
"2069001","2079000",2074000.5,"Fst",0.0614937036801089,0,0.0219362217977762,0.0535089512323914
"2070001","2080000",2075000.5,"Fst",0.0597115032348194,0,0.0215832943359359,0.052042090675433
"2071001","2081000",2076000.5,"Fst",0.0548159381346388,0,0.0218920709928454,0.0528784780318522
"2072001","2082000",2077000.5,"Fst",0.0576250949744925,0,0.0227756887626751,0.0587771494381857
"2073001","2083000",2078000.5,"Fst",0.0703322576062028,0,0.0233281367236259,0.0568849507685842
"2074001","2084000",2079000.5,"Fst",0.0758369723435226,0,0.0253771547184106,0.0641182407155426
"2075001","2085000",2080000.5,"Fst",0.0702164110576594,0,0.0235519954782189,0.0583470677389165
"2076001","2086000",2081000.5,"Fst",0.0762340872287177,0,0.02597896233008,0.0654083885556112
"2077001","2087000",2082000.5,"Fst",0.0661420386985192,0,0.0236804312196093,0.0538952888626905
"2078001","2088000",2083000.5,"Fst",0.0503354152209115,0,0.0218369683487881,0.0439139686443147
"2079001","2089000",2084000.5,"Fst",0.0145248031665448,0,0.022717030945458,0.0423030303030302
"2080001","2090000",2085000.5,"Fst",0.0117197657755127,0,0.0228588419096321,0.04334165181224
"2081001","2091000",2086000.5,"Fst",0.00913414409670943,0,0.0197444532909054,0.0435856228813378
"2082001","2092000",2087000.5,"Fst",0.00978352636453805,0,0.0190827081278604,0.0427728177049935
"2083001","2093000",2088000.5,"Fst",0.00485151599349976,0,0.0198098504387657,0.043840547638016
"2084001","2094000",2089000.5,"Fst",0.0048609705068503,0,0.0197728279022656,0.0437553376328887
"2085001","2095000",2090000.5,"Fst",0.00526924494490555,0,0.0201191738950405,0.0444410675919242
"2086001","2096000",2091000.5,"Fst",0.00314193327293755,0,0.0195089392945464,0.0434458182528226
"2087001","2097000",2092000.5,"Fst",0,0,0.0209072927708146,0.0476282647120757
"2088001","2098000",2093000.5,"Fst",0,0,0.022711609285591,0.0499405528830608
"2089001","2099000",2094000.5,"Fst",0,0,0.0321815919904636,0.0662008453793733
"2090001","2100000",2095000.5,"Fst",0,0,0.0335121345818639,0.0702968142968142
"2091001","2101000",2096000.5,"Fst",0,0,0.0370288858650512,0.0745868539821507
"2092001","2102000",2097000.5,"Fst",0.0214461757311102,0,0.0306830796559773,0.0625896773418254
"2093001","2103000",2098000.5,"Fst",0.0218312582475191,0,0.029858789487529,0.060024651736087
"2094001","2104000",2099000.5,"Fst",0.0221164059628673,0,0.030245261801229,0.0608417901300049
"2095001","2105000",2100000.5,"Fst",0.0228466584562798,0,0.0302893840148207,0.06347063124543
"2096001","2106000",2101000.5,"Fst",0.0323894500561167,0,0.0260927246972347,0.0484628958547406
"2097001","2107000",2102000.5,"Fst",0.0358867485261538,0,0.0285271642842447,0.0544896534658951
"2098001","2108000",2103000.5,"Fst",0.0362536274491209,0,0.0288116288324887,0.055125980089037
"2099001","2109000",2104000.5,"Fst",0.0606347838575327,0,0.0261990604127242,0.0488454221425291
"2100001","2110000",2105000.5,"Fst",0.0346712291654114,0,0.0247114942245752,0.042702994507874
"2101001","2111000",2106000.5,"Fst",0.0341851182849463,0,0.0285930932565366,0.0409247767094888
"2102001","2112000",2107000.5,"Fst",0.0180664228612909,0,0.0327206376172678,0.0517802010048694
"2103001","2113000",2108000.5,"Fst",0.0183097900709827,0,0.0322948633527034,0.051811291080853
"2104001","2114000",2109000.5,"Fst",0.0176025849998372,0,0.0284373934180671,0.0514534912529957
"2105001","2115000",2110000.5,"Fst",0.0191362864140148,0,0.0285346753035912,0.0517682329473697
"2106001","2116000",2111000.5,"Fst",0.017676995774439,0,0.0275232822726489,0.050991217152592
"2107001","2117000",2112000.5,"Fst",0.018990881980913,0,0.0273640897883455,0.0494481252881713
"2108001","2118000",2113000.5,"Fst",0.0168540982350046,0,0.0262011721284841,0.0470788503269671
"2109001","2119000",2114000.5,"Fst",0.018674030558342,0,0.0268796125654818,0.0476925248653483
"2110001","2120000",2115000.5,"Fst",0.0184551788512186,0,0.0282225633540217,0.0527791555070595
"2111001","2121000",2116000.5,"Fst",0.019815164089023,0,0.0307137383092822,0.0615110337919504
"2112001","2122000",2117000.5,"Fst",0.0202966247844297,0,0.0319614031238983,0.0640420849819546
"2113001","2123000",2118000.5,"Fst",0.016764008803115,0,0.0327952136879332,0.0685376516426286
"2114001","2124000",2119000.5,"Fst",0.0169858974183946,0,0.0361934389550815,0.0656951447535158
"2115001","2125000",2120000.5,"Fst",0.0119623364719607,0,0.0290300650391396,0.0602630773936984
"2116001","2126000",2121000.5,"Fst",0.0164425982579731,0,0.0237359369414503,0.0438491010032429
"2117001","2127000",2122000.5,"Fst",0.0136363636363634,0,0.0231023107674376,0.0427537520375234
"2118001","2128000",2123000.5,"Fst",0.017963910584433,0,0.0254491173832726,0.0443594279266958
"2119001","2129000",2124000.5,"Fst",0.0156099928049126,0,0.0269415703670905,0.0468222518872088
"2120001","2130000",2125000.5,"Fst",0.0154016327810934,0,0.0265606465633941,0.046150254012939
"2121001","2131000",2126000.5,"Fst",0.0113051684286827,0,0.0209259454990661,0.0454500368899404
"2122001","2132000",2127000.5,"Fst",0.0103323585039283,0,0.020895077391525,0.0430723256168982
"2123001","2133000",2128000.5,"Fst",0.0128249710216922,0,0.0175913675683777,0.0308489571978781
"2124001","2134000",2129000.5,"Fst",0.0131651618535622,0,0.0178357804855839,0.0311986774216989
"2125001","2135000",2130000.5,"Fst",0.0145386654923439,0,0.0180356276680127,0.0311486962649755
"2126001","2136000",2131000.5,"Fst",0.0125697979602263,0,0.0179207770530901,0.0336442720888797
"2127001","2137000",2132000.5,"Fst",0.011288388939904,0,0.0184019498303014,0.0370338297031193
"2128001","2138000",2133000.5,"Fst",0.00886146595559956,0,0.0124325113244241,0.0229146570081721
"2129001","2139000",2134000.5,"Fst",0.0146195097037793,0,0.0135647296621608,0.0241591097490516
"2130001","2140000",2135000.5,"Fst",0.014069744003225,0,0.0131383743779271,0.0231460955394918
"2131001","2141000",2136000.5,"Fst",0.0119245163462111,0,0.0198511921753868,0.0406901792264961
"2132001","2142000",2137000.5,"Fst",0.00923872875092391,0,0.0273384874054994,0.0546445380232845
"2133001","2143000",2138000.5,"Fst",0.012275364082593,0,0.0239967572619855,0.0593026074700495
"2134001","2144000",2139000.5,"Fst",0.0143473747473093,0,0.0223473642098092,0.0547693445862415
"2135001","2145000",2140000.5,"Fst",0.00790801856521228,0,0.0247501207347983,0.0634671834938324
"2136001","2146000",2141000.5,"Fst",0.0102176144292089,0,0.0245040579977494,0.0587457015294007
"2137001","2147000",2142000.5,"Fst",0.0100736889763164,0,0.0246000391200535,0.0593385484169597
"2138001","2148000",2143000.5,"Fst",0.00989773414015838,0,0.024998984385819,0.0594827485822745
"2139001","2149000",2144000.5,"Fst",0.0071329691198434,0,0.0247269695864905,0.0560010822510824
"2140001","2150000",2145000.5,"Fst",0.00677586186768164,0,0.0248385763382428,0.055235147170631
"2141001","2151000",2146000.5,"Fst",0.00696788241698409,0,0.0217779560552409,0.04765422163462
"2142001","2152000",2147000.5,"Fst",0.0104732867805352,0,0.0192657404153725,0.0424335510573628
"2143001","2153000",2148000.5,"Fst",0.00915028114413441,0,0.0200641456295195,0.0429463220260951
"2144001","2154000",2149000.5,"Fst",0.00738970924235904,0,0.0177369444896013,0.0373777505515587
"2145001","2155000",2150000.5,"Fst",0.0138134168828838,0,0.0149130551465439,0.0295916683171584
"2146001","2156000",2151000.5,"Fst",0.00993732635523681,0,0.00997548407362941,0.0194026662269179
"2147001","2157000",2152000.5,"Fst",0.0102656521158725,0,0.0103008218277192,0.0199943612579802
"2148001","2158000",2153000.5,"Fst",0.00943407877905678,0,0.00955581005234479,0.0195380690811577
"2149001","2159000",2154000.5,"Fst",0.00968214013931978,0,0.0107223656911664,0.0221050179982842
"2150001","2160000",2155000.5,"Fst",0.00837633981738772,0,0.010797993358519,0.021606502296511
"2151001","2161000",2156000.5,"Fst",0.00804902962206333,0,0.0113690763684253,0.0229722003367631
"2152001","2162000",2157000.5,"Fst",0.006725970926448,0,0.0115345894468425,0.0227198934180179
"2153001","2163000",2158000.5,"Fst",0.000102694062792508,0,0.0260256687831208,0.0640242176636354
"2154001","2164000",2159000.5,"Fst",0,0,0.0286513442134933,0.0730072407070228
"2155001","2165000",2160000.5,"Fst",0,0,0.0304874888433929,0.0761180379304303
"2156001","2166000",2161000.5,"Fst",0,0,0.0323435452647064,0.0837065388364732
"2157001","2167000",2162000.5,"Fst",0,0,0.0327095253282835,0.0844737555376667
"2158001","2168000",2163000.5,"Fst",0,0,0.0334590926162751,0.0851297638531681
"2159001","2169000",2164000.5,"Fst",0,0,0.032373857372972,0.0819569322854746
"2160001","2170000",2165000.5,"Fst",0,0,0.0339991956921364,0.0860902391776994
"2161001","2171000",2166000.5,"Fst",0,0,0.0336955663305628,0.085337609786115
"2162001","2172000",2167000.5,"Fst",0,0,0.0332667736527697,0.0841226475568817
"2163001","2173000",2168000.5,"Fst",0.00357705239855488,0,0.0266782694324316,0.0557025601885207
"2164001","2174000",2169000.5,"Fst",0.0235399768620609,0,0.0258364306492476,0.0600393127958082
"2165001","2175000",2170000.5,"Fst",0.0349838093857234,0,0.0276893323228823,0.0640775736751685
"2166001","2176000",2171000.5,"Fst",0.032831282622765,0,0.0255010706207011,0.0601088486609104
"2167001","2177000",2172000.5,"Fst",0.028837911051675,0,0.0249757686897187,0.0708256564578709
"2168001","2178000",2173000.5,"Fst",0.0318969761053776,0,0.0259783148550685,0.0677301839221148
"2169001","2179000",2174000.5,"Fst",0.0364582188518885,0,0.0263232674000365,0.0726095970393724
"2170001","2180000",2175000.5,"Fst",0.0354099335042163,0,0.0266454102954023,0.0734047784712449
"2171001","2181000",2176000.5,"Fst",0.0307729597641448,0,0.0226859489336677,0.0533644393117536
"2172001","2182000",2177000.5,"Fst",0.0311520593362959,0,0.0229216613748873,0.0544649322883057
"2173001","2183000",2178000.5,"Fst",0.0324750458797726,0,0.0222748413660662,0.0500593680854371
"2174001","2184000",2179000.5,"Fst",0.0178584288959061,0,0.0242957036190624,0.0420477077449979
"2175001","2185000",2180000.5,"Fst",0.0197057872615582,0,0.024853524416057,0.041063089915549
"2176001","2186000",2181000.5,"Fst",0.0209882301724272,0,0.0266833823947716,0.0438588387280914
"2177001","2187000",2182000.5,"Fst",0.0191539763113366,0,0.0237770086405616,0.0613351818096241
"2178001","2188000",2183000.5,"Fst",0.0091515236290729,0,0.0225398464180592,0.056967561507472
"2179001","2189000",2184000.5,"Fst",0.00296947166835648,0,0.0270659109226016,0.0470811948570232
"2180001","2190000",2185000.5,"Fst",0.00232356600454764,0,0.0273559966811316,0.0526723572986918
"2181001","2191000",2186000.5,"Fst",0,0,0.0308041723619739,0.0728702268564182
"2182001","2192000",2187000.5,"Fst",0,0,0.0279219391750041,0.0632942844719194
"2183001","2193000",2188000.5,"Fst",0,0,0.0304530419036302,0.0679997373259784
"2184001","2194000",2189000.5,"Fst",0.00276825359047395,0,0.0300934946400886,0.0743130539107552
"2185001","2195000",2190000.5,"Fst",0.00507262495273264,0,0.0322951763784505,0.079908010902226
"2186001","2196000",2191000.5,"Fst",0.00518247896153823,0,0.0316784970204605,0.0784789353897686
"2187001","2197000",2192000.5,"Fst",0.00652230308639368,0,0.0312493219100215,0.083369324831057
"2188001","2198000",2193000.5,"Fst",0.00550205951221183,0,0.0325442931116591,0.0930142076538616
"2189001","2199000",2194000.5,"Fst",0.00688530993934267,0,0.0358149428077276,0.105903165667361
"2190001","2200000",2195000.5,"Fst",0.00643815201192244,0,0.0374559786662585,0.111441594221562
"2191001","2201000",2196000.5,"Fst",0.00634139510692344,0,0.0375745685058383,0.112085973029785
"2192001","2202000",2197000.5,"Fst",0.00406158600518736,0,0.0379129312762159,0.111643878721146
"2193001","2203000",2198000.5,"Fst",0.00357713691766115,0,0.037147205930695,0.109057168495556
"2194001","2204000",2199000.5,"Fst",0,0,0.0307118270929863,0.0867762114548268
"2195001","2205000",2200000.5,"Fst",0,0,0.0363841976491823,0.0814724372263284
"2196001","2206000",2201000.5,"Fst",0,0,0.0336535909380142,0.0732178064902683
"2197001","2207000",2202000.5,"Fst",0,0,0.0346157073350535,0.0664809987760613
"2198001","2208000",2203000.5,"Fst",0,0,0.0341350197927085,0.05869774052495
"2199001","2209000",2204000.5,"Fst",0,0,0.0298420500271555,0.0689219501458722
"2200001","2210000",2205000.5,"Fst",0,0,0.0300126184135739,0.0743366693744069
"2201001","2211000",2206000.5,"Fst",0,0,0.028916897259799,0.0718441893881969
"2202001","2212000",2207000.5,"Fst",0,0,0.0285144975120891,0.067499662299068
"2203001","2213000",2208000.5,"Fst",0,0,0.0301026883587295,0.0696403285188332
"2204001","2214000",2209000.5,"Fst",0,0,0.0299469632020674,0.0682734288263622
"2205001","2215000",2210000.5,"Fst",0,0,0.0327034136371158,0.0746186492514137
"2206001","2216000",2211000.5,"Fst",0.00385299220361024,0,0.0315463714970382,0.0811594832283901
"2207001","2217000",2212000.5,"Fst",0.0113524626798963,0,0.0194439275166692,0.0584996448792656
"2208001","2218000",2213000.5,"Fst",0.0065905019604896,0,0.0273868509510245,0.0529895892985626
"2209001","2219000",2214000.5,"Fst",0.00858285919957902,0,0.0227082065737016,0.0592755523596012
"2210001","2220000",2215000.5,"Fst",0.00438002945633842,0,0.0282411386071746,0.0704312589661479
"2211001","2221000",2216000.5,"Fst",0.00367800138792518,0,0.0279049424047185,0.0741458127150195
"2212001","2222000",2217000.5,"Fst",0.000791686980091355,0,0.0274858738691123,0.0667328317781578
"2213001","2223000",2218000.5,"Fst",0.000442063297427464,0,0.0278004827175012,0.0688818766842175
"2214001","2224000",2219000.5,"Fst",0.000656110465374837,0,0.0280585265893905,0.0694820741558223
"2215001","2225000",2220000.5,"Fst",0.00225448057740651,0,0.0263117338925368,0.0652149481818761
"2216001","2226000",2221000.5,"Fst",0.00099751272935622,0,0.0287745544343025,0.0714707295312608
"2217001","2227000",2222000.5,"Fst",0.000934746155767274,0,0.0285996487392116,0.0711065140954441
"2218001","2228000",2223000.5,"Fst",0.00652169748060161,0,0.0273450777044609,0.0641388420773225
"2219001","2229000",2224000.5,"Fst",0.00607850629434192,0,0.0295394341826397,0.0678031966569517
"2220001","2230000",2225000.5,"Fst",0.0115078187288674,0,0.0269240810578552,0.050249530881942
"2221001","2231000",2226000.5,"Fst",0.00536434844528832,0,0.0256907941397532,0.050608641222883
"2222001","2232000",2227000.5,"Fst",0.0113996448098894,0,0.0284331498057804,0.0598041999648424
"2223001","2233000",2228000.5,"Fst",0.0113812625215527,0,0.0284331960942971,0.0598977484340613
"2224001","2234000",2229000.5,"Fst",0.0116633759693249,0,0.0290878631579102,0.061238844926302
"2225001","2235000",2230000.5,"Fst",0.0082882210192271,0,0.032555693325512,0.078028178589031
"2226001","2236000",2231000.5,"Fst",0.00422720870148152,0,0.0296596602213029,0.0638755980861244
"2227001","2237000",2232000.5,"Fst",0.00387878787878793,0,0.0303628123762635,0.0659798871719401
"2228001","2238000",2233000.5,"Fst",0,0,0.0246470621178548,0.0613502689844065
"2229001","2239000",2234000.5,"Fst",0,0,0.0247722140916811,0.0544512897570749
"2230001","2240000",2235000.5,"Fst",0,0,0.0320099512481321,0.0682263251672836
"2231001","2241000",2236000.5,"Fst",0,0,0.0377454883096659,0.0983538195960983
"2232001","2242000",2237000.5,"Fst",0,0,0.0392049756859715,0.104493926237776
"2233001","2243000",2238000.5,"Fst",0,0,0.0355494777335633,0.0914355541387738
"2234001","2244000",2239000.5,"Fst",0,0,0.0339013600573903,0.0924540753598033
"2235001","2245000",2240000.5,"Fst",0,0,0.0339013600573903,0.0924540753598033
"2236001","2246000",2241000.5,"Fst",0,0,0.0372496067417571,0.101593273302907
"2237001","2247000",2242000.5,"Fst",0,0,0.0335905556881574,0.0932142297445543
"2238001","2248000",2243000.5,"Fst",0.00214069295479835,0,0.0317385007270981,0.0820178938612826
"2239001","2249000",2244000.5,"Fst",0.00470004404383462,0,0.031121336211499,0.0809037364255476
"2240001","2250000",2245000.5,"Fst",0.00873180061672973,0,0.0265475001387609,0.0703945063415319
"2241001","2251000",2246000.5,"Fst",0.0169942436342894,0,0.0204419897721801,0.0528533270174608
"2242001","2252000",2247000.5,"Fst",0.0199347614544358,0,0.0175522289044314,0.0414179993600348
"2243001","2253000",2248000.5,"Fst",0.0243891818665636,0,0.0190135707719109,0.0511081198019325
"2244001","2254000",2249000.5,"Fst",0.0401715107013778,0,0.0238922489820265,0.066148788535085
"2245001","2255000",2250000.5,"Fst",0.0397846388412426,0,0.0236593041262529,0.0654273996046149
"2246001","2256000",2251000.5,"Fst",0.04033141145973,0,0.0234118658887275,0.0614290095062864
"2247001","2257000",2252000.5,"Fst",0.0313596928836816,0,0.0266653288189149,0.0490595470510099
"2248001","2258000",2253000.5,"Fst",0.0286820806055081,0,0.0280376301131932,0.0544084426441419
"2249001","2259000",2254000.5,"Fst",0.0274212293388429,0,0.0272421433512335,0.0532423520840135
"2250001","2260000",2255000.5,"Fst",0.0127458168017941,0,0.0275984884755224,0.061083075647308
"2251001","2261000",2256000.5,"Fst",0.00957750981193062,0,0.0308619097828586,0.0760033005600977
"2252001","2262000",2257000.5,"Fst",0.00717681941277848,0,0.032758027352849,0.0934879400644535
"2253001","2263000",2258000.5,"Fst",0.00694168541414697,0,0.0317689675716538,0.0916530278232405
"2254001","2264000",2259000.5,"Fst",0,0,0.0342974031207589,0.0904446595521811
"2255001","2265000",2260000.5,"Fst",0,0,0.0339318992779314,0.0836999983745915
"2256001","2266000",2261000.5,"Fst",0,0,0.035052749910766,0.0841250153338694
"2257001","2267000",2262000.5,"Fst",0.0146212617332461,0,0.0327565868562345,0.0766531732802935
"2258001","2268000",2263000.5,"Fst",0.029471735164425,0,0.0338684298004399,0.0634698868437407
"2259001","2269000",2264000.5,"Fst",0.0410181551395098,0,0.0348403816156898,0.0632027478751375
"2260001","2270000",2265000.5,"Fst",0.0506249922374988,0,0.0355584742237618,0.0712821333202073
"2261001","2271000",2266000.5,"Fst",0.0578992696500114,0,0.0387599167859681,0.0807945287548361
"2262001","2272000",2267000.5,"Fst",0.0682581027231576,0,0.0387365367613163,0.103244528787044
"2263001","2273000",2268000.5,"Fst",0.0704249976077236,0,0.0398469999087141,0.104853043193666
"2264001","2274000",2269000.5,"Fst",0.0701317097543515,0,0.0396813021804207,0.104422656151311
"2265001","2275000",2270000.5,"Fst",0.0817734259016679,0,0.0443715106419093,0.0975095776921486
"2266001","2276000",2271000.5,"Fst",0.0813630932985773,0,0.043835661567171,0.0969892735722546
"2267001","2277000",2272000.5,"Fst",0.078414003335139,0,0.0368147889104003,0.0927424011258684
"2268001","2278000",2273000.5,"Fst",0.0622931158551211,0,0.0335822074503492,0.0732180185519136
"2269001","2279000",2274000.5,"Fst",0.00652593349222563,0,0.0339783341660555,0.0654879579892794
"2270001","2280000",2275000.5,"Fst",0.0180995475113123,0,0.0299188198760929,0.0581442389730906
"2271001","2281000",2276000.5,"Fst",0.0180790960451978,0,0.0299617921667793,0.0580799302872301
"2272001","2282000",2277000.5,"Fst",0.0293359406177668,0,0.0303761966946022,0.058941628294054
"2273001","2283000",2278000.5,"Fst",0.0312663530984141,0,0.0294243126610882,0.0668438181716954
"2274001","2284000",2279000.5,"Fst",0.0461220824190577,0,0.0266565096446294,0.0632524089026058
"2275001","2285000",2280000.5,"Fst",0.048185988323603,0,0.0294759212547939,0.065482838849806
"2276001","2286000",2281000.5,"Fst",0.048185988323603,0,0.0294770253631451,0.065482838849806
"2277001","2287000",2282000.5,"Fst",0.048185988323603,0,0.0294770253631451,0.065482838849806
"2278001","2288000",2283000.5,"Fst",0.0516213683223992,0,0.0307295982316801,0.0696545744112426
"2279001","2289000",2284000.5,"Fst",0.094419837159085,0,0.0361766565146447,0.0562038628779452
"2280001","2290000",2285000.5,"Fst",0.0930806189233154,0,0.0369697026337855,0.0663419768076061
"2281001","2291000",2286000.5,"Fst",0.0908870255957634,0,0.0356224719401201,0.064861450879688
"2282001","2292000",2287000.5,"Fst",0.0898425395452743,0,0.0356789620172887,0.0643242760594828
"2283001","2293000",2288000.5,"Fst",0.123102073365231,0,0.04765557925179,0.102530944023647
"2284001","2294000",2289000.5,"Fst",0.118684407693612,0,0.0525512161381688,0.119298916913789
"2285001","2295000",2290000.5,"Fst",0.118914202855809,0,0.0572042956138208,0.123118212234528
"2286001","2296000",2291000.5,"Fst",0.11931039163782,0,0.0580226728252471,0.123118212234528
"2287001","2297000",2292000.5,"Fst",0.118131720430108,0,0.0573594575838435,0.121776063142619
"2288001","2298000",2293000.5,"Fst",0.118298674204186,0,0.0573648774021423,0.121445085685039
"2289001","2299000",2294000.5,"Fst",0.10224743535196,0,0.0430143870061439,0.116419887497732
"2290001","2300000",2295000.5,"Fst",0.100568950990694,0,0.0432898043881269,0.114511080958842
"2291001","2301000",2296000.5,"Fst",0.105957697649092,0,0.0457077834135511,0.12029229263472
"2292001","2302000",2297000.5,"Fst",0.109535432914608,0,0.0459087283205148,0.1182389230582
"2293001","2303000",2298000.5,"Fst",0.0725129104550326,0,0.0353478574739029,0.0844515019187507
"2294001","2304000",2299000.5,"Fst",0.0712315151515152,0,0.0371624811388068,0.109138452134343
"2295001","2305000",2300000.5,"Fst",0.0728636611615335,0,0.0380027853391373,0.111470292393604
"2296001","2306000",2301000.5,"Fst",0.0623577183092509,0,0.0325811247509586,0.0978660416923647
"2297001","2307000",2302000.5,"Fst",0.0610452054933772,0,0.0323424131372917,0.0924115264980339
"2298001","2308000",2303000.5,"Fst",0.0611888895681767,0,0.0321920435127717,0.0922031913336263
"2299001","2309000",2304000.5,"Fst",0.056969696969697,0,0.0320350335865353,0.0950813057337693
"2300001","2310000",2305000.5,"Fst",0.062000637000637,0,0.0353036959583179,0.102874347477635
"2301001","2311000",2306000.5,"Fst",0.0611710515866262,0,0.0357427971973556,0.102296342138693
"2302001","2312000",2307000.5,"Fst",0.0573560665759247,0,0.0380658442056889,0.10899481794159
"2303001","2313000",2308000.5,"Fst",0.056269693455623,0,0.037251400478606,0.106738363300286
"2304001","2314000",2309000.5,"Fst",0.00769414312721395,0,0.0198545988934995,0.0395819814897032
"2305001","2315000",2310000.5,"Fst",0.0105082828282828,0,0.0192250603565874,0.0338078650778708
"2306001","2316000",2311000.5,"Fst",0.00856947706865252,0,0.0142423307546756,0.0317399113483943
"2307001","2317000",2312000.5,"Fst",0.00538425002374854,0,0.0151901948657809,0.0322728194913222
"2308001","2318000",2313000.5,"Fst",0,0,0.023321856894387,0.05263692628121
"2309001","2319000",2314000.5,"Fst",0,0,0.0260712587746193,0.0597786928659703
"2310001","2320000",2315000.5,"Fst",0.00504118364856621,0,0.0302053552170665,0.0880036417262162
"2311001","2321000",2316000.5,"Fst",0.00527344529099683,0,0.0316324138070549,0.0914267979684029
"2312001","2322000",2317000.5,"Fst",0.00542336724647186,0,0.032203613615872,0.0935882776383319
"2313001","2323000",2318000.5,"Fst",0.00554599991609683,0,0.0329279935410212,0.0958544338938055
"2314001","2324000",2319000.5,"Fst",0.00233426247412261,0,0.0382623322683366,0.11086603724525
"2315001","2325000",2320000.5,"Fst",0,0,0.0420169096440282,0.120464715035515
"2316001","2326000",2321000.5,"Fst",0.00215676579312951,0,0.0521771854783559,0.152713166989923
"2317001","2327000",2322000.5,"Fst",0.00207766285610589,0,0.0503496503496503,0.146971313085948
"2318001","2328000",2323000.5,"Fst",0.0153566314485853,0,0.0545765744738785,0.129089519489164
"2319001","2329000",2324000.5,"Fst",0.0153566314485853,0,0.0545765744738785,0.129089519489164
"2320001","2330000",2325000.5,"Fst",0,0,0,0
"2321001","2331000",2326000.5,"Fst",0,0,2.22044604925031e-16,2.22044604925031e-16
"2322001","2332000",2327000.5,"Fst",0,0,1.11022302462516e-16,1.11022302462516e-16
"2323001","2333000",2328000.5,"Fst",1.11022302462516e-16,0,1.11022302462516e-16,1.11022302462516e-16
"2324001","2334000",2329000.5,"Fst",0,0,1.11022302462516e-16,1.11022302462516e-16
"2325001","2335000",2330000.5,"Fst",0,0,0.0397948959678116,0.102741702741703
"2326001","2336000",2331000.5,"Fst",0,0,0.039622784850185,0.102200956937799
"2327001","2337000",2332000.5,"Fst",0,0,0.0411179322414399,0.106693306693307
"2328001","2338000",2333000.5,"Fst",0,0,0.039616111973028,0.102741702741703
"2329001","2339000",2334000.5,"Fst",0,0,0.0380404035702435,0.0990723562152134
"2330001","2340000",2335000.5,"Fst",0,0,0.039616111973028,0.102741702741703
"2331001","2341000",2336000.5,"Fst",0,0,0.042822705431753,0.111598746081505
"2332001","2342000",2337000.5,"Fst",0,0,0.042822705431753,0.111598746081505
"2333001","2343000",2338000.5,"Fst",0,0,0.04917685350795,0.127751196172249
"2334001","2344000",2339000.5,"Fst",0,0,0.042318339263554,0.0946274129192278
"2335001","2345000",2340000.5,"Fst",0,0,0.0389745047579149,0.0522743947175349
"2336001","2346000",2341000.5,"Fst",0.0152961356069015,0,0.0263465100835344,0.0545939659300815
"2337001","2347000",2342000.5,"Fst",0.0120766488413546,0,0.0283742196781509,0.0513642052565707
"2338001","2348000",2343000.5,"Fst",0.0111225117997128,0,0.0260625897625111,0.0477675869453886
"2339001","2349000",2344000.5,"Fst",0.0111814055838262,0,0.0260625897625111,0.0477675869453886
"2340001","2350000",2345000.5,"Fst",0.00996751057438872,0,0.023164031697964,0.0427197401840361
"2341001","2351000",2346000.5,"Fst",0.00996751057438872,0,0.023164031697964,0.0427197401840361
"2342001","2352000",2347000.5,"Fst",0.0112821035466776,0,0.0193093886458222,0.0342752968635647
"2343001","2353000",2348000.5,"Fst",0.0109387351778657,0,0.0187799203647362,0.0332475788618692
"2344001","2354000",2349000.5,"Fst",0.0137006427915518,0,0.0127933648674917,0.0222599830076465
"2345001","2355000",2350000.5,"Fst",0.0147430830039526,0,0.0138997368609443,0.023937871174052
"2346001","2356000",2351000.5,"Fst",0.0054561088095052,0,0.0109404175894271,0.0180560688453619
"2347001","2357000",2352000.5,"Fst",0.00012794086289003,0,0.0231165691681738,0.0531419457735247
"2348001","2358000",2353000.5,"Fst",0.000146365262644221,0,0.0265028852002153,0.0597453828223058
"2349001","2359000",2354000.5,"Fst",0.000145454545454449,0,0.0262941862655055,0.0593939393939394
"2350001","2360000",2355000.5,"Fst",0.000169747265182818,0,0.0307654650299234,0.0686868686868688
"2351001","2361000",2356000.5,"Fst",0.000153074241006967,0,0.0274828050894239,0.0623269734380846
"2352001","2362000",2357000.5,"Fst",0,0,0.0283507386629525,0.0703325043750574
"2353001","2363000",2358000.5,"Fst",0,0,0.0283507386629525,0.0703325043750574
"2354001","2364000",2359000.5,"Fst",0,0,0.0268702776225822,0.0670801342305462
"2355001","2365000",2360000.5,"Fst",0,0,0.0268702776225822,0.0670801342305462
"2356001","2366000",2361000.5,"Fst",0,0,0.0283507386629525,0.0709777567087736
"2357001","2367000",2362000.5,"Fst",0.00421940928270048,0,0.00462962962962954,0.00478408661714713
"2358001","2368000",2363000.5,"Fst",0.00383141762452122,0,0.00423303999108826,0.00437032777458302
"2359001","2369000",2364000.5,"Fst",0.00383141762452122,0,0.00423303999108826,0.00444236614449378
"2360001","2370000",2365000.5,"Fst",0.00350877192982457,0,0.00390584849419251,0.00408338706211042
"2361001","2371000",2366000.5,"Fst",0.00416666666666665,0,0.00470064324591779,0.00487054601384251
"2362001","2372000",2367000.5,"Fst",0,0,2.22044604925031e-16,2.22044604925031e-16
"2363001","2373000",2368000.5,"Fst",0.00368906455862983,0,0.00518276050190936,0.00539007092198573
"2364001","2374000",2369000.5,"Fst",0.00417287630402385,0,0.00577507598784188,0.00603366147983475
"2365001","2375000",2370000.5,"Fst",0.00417287630402385,0,0.00577507598784188,0.00603366147983475
"2366001","2376000",2371000.5,"Fst",0,0,0.00808510638297877,0.00860117700316876
"2367001","2377000",2372000.5,"Fst",0,0,0.0503159802776651,0.0997031310781157
"2368001","2378000",2373000.5,"Fst",0,0,0.0501274105105431,0.0997031310781157
"2369001","2379000",2374000.5,"Fst",0,0,0.0515718655905485,0.102204004604975
"2370001","2380000",2375000.5,"Fst",4.87789693324192e-05,0,0.0439188559302053,0.0845711702408848
"2371001","2381000",2376000.5,"Fst",4.75110314676064e-05,0,0.0427998874693602,0.0828020773739951
"2372001","2382000",2377000.5,"Fst",4.75110314676064e-05,0,0.0427998874693602,0.0831281223664053
"2373001","2383000",2378000.5,"Fst",0,0,0.0433920962184205,0.0841658762919402
"2374001","2384000",2379000.5,"Fst",0,0,0.0422143073612805,0.0820669137055937
"2375001","2385000",2380000.5,"Fst",0,0,0.0395028277240821,0.0766351973033037
"2376001","2386000",2381000.5,"Fst",0.000144883996923473,0,0.0412617889235555,0.0790347056621773
"2377001","2387000",2382000.5,"Fst",0.0259337561663144,0,0.0259337561663144,0.0718676122931442
"2378001","2388000",2383000.5,"Fst",0.0244193762441939,0,0.0244193762441939,0.0690192008303061
"2379001","2389000",2384000.5,"Fst",0.0230721003134797,0,0.0232323232323232,0.0652400515053038
"2380001","2390000",2385000.5,"Fst",0,0,0,1.11022302462516e-16
"2381001","2391000",2386000.5,"Fst",0,0,0,1.11022302462516e-16
"2382001","2392000",2387000.5,"Fst",0.0271002710027101,0,0.0223285486443381,0.0285692805052251
"2383001","2393000",2388000.5,"Fst",0.0287356321839081,0,0.0237892948173322,0.0306254029658285
"2384001","2394000",2389000.5,"Fst",0.0305810397553518,0,0.0254609733700644,0.032601235415237
"2385001","2395000",2390000.5,"Fst",0.0387596899224806,0,0.0326446280991735,0.0410411491521763
"2386001","2396000",2391000.5,"Fst",0.0395480225988701,0,0.0290209105412565,0.0401388260147879
"2387001","2397000",2392000.5,"Fst",0.0338914875827626,0,0.0418801815714326,0.0717588253670729
"2388001","2398000",2393000.5,"Fst",0.0338914875827626,0,0.0418857844765864,0.071026592455164
"2389001","2399000",2394000.5,"Fst",0.03536847069921,0,0.0437174309418802,0.0740490006447453
"2390001","2400000",2395000.5,"Fst",0.0315833807147218,0,0.0386521677037439,0.0656660949113776
"2391001","2401000",2396000.5,"Fst",0.0328622450097504,0,0.0402066684259208,0.0682412358882948
"2392001","2402000",2397000.5,"Fst",0.0200500013736641,0,0.0332264756416188,0.0645602365114559
"2393001","2403000",2398000.5,"Fst",0.0200500013736641,0,0.0332264756416188,0.0645602365114559
"2394001","2404000",2399000.5,"Fst",0.0209821171870508,0,0.0349344554536964,0.0674387183941323
"2395001","2405000",2400000.5,"Fst",0.0199235599235599,0,0.0331216510029644,0.0641689623507806
"2396001","2406000",2401000.5,"Fst",0.0156935736677115,0,0.0383613968148639,0.070410836368283
"2397001","2407000",2402000.5,"Fst",0.00431432973805856,0,0.00577507598784188,0.00603366147983475
"2398001","2408000",2403000.5,"Fst",0.0057851239669422,0,0.00770010131712262,0.00792657488527315
"2399001","2409000",2404000.5,"Fst",0.0057851239669422,0,0.00770010131712262,0.00792657488527315
"2400001","2410000",2405000.5,"Fst",0.0115702479338843,0,0.0149724192277383,0.0149724192277383
"2401001","2411000",2406000.5,"Fst",0.00669856459330143,0,0.00908438919435817,0.00940128649183558
"2402001","2412000",2407000.5,"Fst",0.00669856459330143,0,0.00908438919435817,0.00940128649183558
"2403001","2413000",2408000.5,"Fst",0.00669856459330143,0,0.00908438919435817,0.00940128649183558
"2404001","2414000",2409000.5,"Fst",0.00669856459330143,0,0.00908438919435817,0.00940128649183558
"2405001","2415000",2410000.5,"Fst",0.0780058651026393,0,0.0396452790818989,0.0780058651026393
"2406001","2416000",2411000.5,"Fst",0.0440754292147482,0,0.0579468380967931,0.220793796551372
"2407001","2417000",2412000.5,"Fst",0.0440754292147482,0,0.0579468380967931,0.220793796551372
"2408001","2418000",2413000.5,"Fst",0.0429885162648121,0,0.0565128447097334,0.215709728867624
"2409001","2419000",2414000.5,"Fst",0.0419539203429184,0,0.0551481106124566,0.21017871017871
"2410001","2420000",2415000.5,"Fst",0.0380312474702501,0,0.0495636468709394,0.191182966693171
"2411001","2421000",2416000.5,"Fst",0.0391288052305001,0,0.0506652359985721,0.195748530076888
"2412001","2422000",2417000.5,"Fst",0.0391288052305001,0,0.0506652359985721,0.195748530076888
"2413001","2423000",2418000.5,"Fst",0.0391288052305001,0,0.0506652359985721,0.195748530076888
"2414001","2424000",2419000.5,"Fst",0.0382697947214077,0,0.0495585990281231,0.191182966693171
"2415001","2425000",2420000.5,"Fst",0.0203339931983149,0,0.0535739447251352,0.22773140837657
"2416001","2426000",2421000.5,"Fst",0,0,2.22044604925031e-16,2.22044604925031e-16
"2417001","2427000",2422000.5,"Fst",0,0,1.11022302462516e-16,1.11022302462516e-16
"2418001","2428000",2423000.5,"Fst",0,0,2.22044604925031e-16,2.22044604925031e-16
"2419001","2429000",2424000.5,"Fst",0.0106060606060606,0,0.0136265837915373,0.0143522598514415
"2420001","2430000",2425000.5,"Fst",0,0,0.0385630799072149,0.0631578947368421
"2421001","2431000",2426000.5,"Fst",0,0,0.04253774466705,0.0681818181818181
"2422001","2432000",2427000.5,"Fst",0.00309517190251141,0,0.0336927223719677,0.0613190730837789
"2423001","2433000",2428000.5,"Fst",0.00287943445838168,0,0.0313283208020051,0.0573811509591325
"2424001","2434000",2429000.5,"Fst",0.004405162738496,0,0.0276497695852533,0.0495329232171337
"2425001","2435000",2430000.5,"Fst",0.00416874108002263,0,0.0259405361452327,0.0467225445948849
"2426001","2436000",2431000.5,"Fst",0.00352087012586544,0,0.0223000780952796,0.0401699926090169
"2427001","2437000",2432000.5,"Fst",0.0190790466947052,0,0.024270329279588,0.0528346271465537
"2428001","2438000",2433000.5,"Fst",0.0275869809203143,0,0.0297499471313746,0.0617091285136786
"2429001","2439000",2434000.5,"Fst",0.0236379627408652,0,0.0308602768094664,0.0609844442288412
"2430001","2440000",2435000.5,"Fst",0.0315697652368492,0,0.0318038146880637,0.063161827896723
"2431001","2441000",2436000.5,"Fst",0.0315697652368492,0,0.0318038146880637,0.063161827896723
"2432001","2442000",2437000.5,"Fst",0.0323789714099268,0,0.0339841352175047,0.066301424844471
"2433001","2443000",2438000.5,"Fst",0.033483056030029,0,0.0352750618519169,0.0685740236148955
"2434001","2444000",2439000.5,"Fst",0.0317563211180232,0,0.0390036825367656,0.0729092462681133
"2435001","2445000",2440000.5,"Fst",0.0316290048248812,0,0.0390079106476954,0.0732947828229974
"2436001","2446000",2441000.5,"Fst",0.0339423739546665,0,0.0416752391361058,0.078113788581554
"2437001","2447000",2442000.5,"Fst",0.023590221394028,0,0.0384324976524553,0.0682263502987586
"2438001","2448000",2443000.5,"Fst",0.0078216902280468,0,0.0369653840963909,0.10487012987013
"2439001","2449000",2444000.5,"Fst",0.0113259988419224,0,0.0396343145367855,0.12134583563155
"2440001","2450000",2445000.5,"Fst",0.0113259988419224,0,0.0396343145367855,0.12134583563155
"2441001","2451000",2446000.5,"Fst",0.0113259988419224,0,0.0396343145367855,0.12134583563155
"2442001","2452000",2447000.5,"Fst",0.0113259988419224,0,0.0396343145367855,0.12134583563155
"2443001","2453000",2448000.5,"Fst",0.0106605624591236,0,0.0369518889719601,0.114285714285714
"2444001","2454000",2449000.5,"Fst",0,0,1.11022302462516e-16,1.11022302462516e-16
"2445001","2455000",2450000.5,"Fst",0,0,0,0
"2446001","2456000",2451000.5,"Fst",0,0,2.22044604925031e-16,2.22044604925031e-16
"2447001","2457000",2452000.5,"Fst",0.00391608391608389,0,0.00512956901254761,0.00539007092198573
"2448001","2458000",2453000.5,"Fst",0.00391608391608389,0,0.00512956901254761,0.00539007092198573
"2449001","2459000",2454000.5,"Fst",0.00397727272727277,0,0.00508497256791107,0.00528438325684877
"2450001","2460000",2455000.5,"Fst",0.00358514724711911,0,0.00462006079027344,0.00478408661714713
"2451001","2461000",2456000.5,"Fst",0.00358514724711911,0,0.00462006079027344,0.00478408661714713
"2452001","2462000",2457000.5,"Fst",0.00358514724711911,0,0.00462006079027344,0.00478408661714713
"2453001","2463000",2458000.5,"Fst",0.0035353535353535,0,0.00462006079027344,0.00478408661714713
"2454001","2464000",2459000.5,"Fst",0.0035353535353535,0,0.00462006079027344,0.00478408661714713
"2455001","2465000",2460000.5,"Fst",0.00318181818181817,0,0.00416758060978284,0.00437032777458302
"2456001","2466000",2461000.5,"Fst",0.00431432973805856,0,0.00565392054753744,0.00590153750582378
"2457001","2467000",2462000.5,"Fst",0,0,0,0
"2458001","2468000",2463000.5,"Fst",0,0,0,0
"2459001","2469000",2464000.5,"Fst",0,0,0,0
"2460001","2470000",2465000.5,"Fst",0,0,0,0
"2461001","2471000",2466000.5,"Fst",0,0,0,0
"2462001","2472000",2467000.5,"Fst",0,0,0,0
"2463001","2473000",2468000.5,"Fst",0,0,0,0
"2464001","2474000",2469000.5,"Fst",0,0,0.016613232293792,0.0173252279635258
"2465001","2475000",2470000.5,"Fst",0,0,0.0190986764952252,0.019560741249142
"2466001","2476000",2471000.5,"Fst",0,0,0.0190986764952252,0.019560741249142
"2467001","2477000",2472000.5,"Fst",0,0,0.0190986764952252,0.019560741249142
"2468001","2478000",2473000.5,"Fst",0,0,0.0190986764952252,0.019560741249142
"2469001","2479000",2474000.5,"Fst",0,0,0.016613232293792,0.0173252279635258
"2470001","2480000",2475000.5,"Fst",0.000218089990817294,0,0.0167272727272727,0.0181687783887162
"2471001","2481000",2476000.5,"Fst",0.00328655684360379,0,0.0137529137529137,0.0155325352025308
"2472001","2482000",2477000.5,"Fst",0.00351793800069677,0,0.0147402964198294,0.0166177778367688
"2473001","2483000",2478000.5,"Fst",0.00351793800069677,0,0.0147402964198294,0.0166177778367688
"2474001","2484000",2479000.5,"Fst",0.00963735717834058,0,0.0108524917892331,0.0115501519756838
"2475001","2485000",2480000.5,"Fst",0.00963735717834058,0,0.0108524917892331,0.0115501519756838
"2476001","2486000",2481000.5,"Fst",0.00963735717834058,0,0.0108524917892331,0.0115501519756838
"2477001","2487000",2482000.5,"Fst",0.0124449522721319,0,0.051923552436958,0.0917723509066136
"2478001","2488000",2483000.5,"Fst",0.0183264808892948,0,0.0398172175621293,0.0730245543158236
"2479001","2489000",2484000.5,"Fst",0.0177792550735878,0,0.0386132156520098,0.0708911528507234
"2480001","2490000",2485000.5,"Fst",0.0172072483630272,0,0.0393639482040602,0.0737875853434277
"2481001","2491000",2486000.5,"Fst",0.0158495524349181,0,0.0421448693011191,0.0845326089245478
"2482001","2492000",2487000.5,"Fst",0.0153402881271733,0,0.0407186116792861,0.0817489410231346
"2483001","2493000",2488000.5,"Fst",0.0235058922558922,0,0.0270980891902394,0.0584543350168351
"2484001","2494000",2489000.5,"Fst",0.0230163942871126,0,0.0265415727177608,0.0572370539221366
"2485001","2495000",2490000.5,"Fst",0.020019416129256,0,0.0239534742701782,0.0537521084162158
"2486001","2496000",2491000.5,"Fst",0.020019416129256,0,0.0239534742701782,0.0537521084162158
"2487001","2497000",2492000.5,"Fst",0.0223362391033624,0,0.0202072754316281,0.0445709112073982
"2488001","2498000",2493000.5,"Fst",0.0182140126363233,0,0.0210795693082648,0.0393501373790466
"2489001","2499000",2494000.5,"Fst",0.019579088529838,0,0.02269606370051,0.0422659908898442
"2490001","2500000",2495000.5,"Fst",0.019579088529838,0,0.0227025866526356,0.0422659908898442
"2491001","2501000",2496000.5,"Fst",0.0233898470232874,0,0.0225903557799761,0.0429491768074445
"2492001","2502000",2497000.5,"Fst",0.0232589685827095,0,0.0225903557799761,0.0431872165838912
"2493001","2503000",2498000.5,"Fst",0.00602455578433625,0,0.0281400137268359,0.0390695445879267
"2494001","2504000",2499000.5,"Fst",0.00602455578433625,0,0.0278867043300253,0.0390695445879267
"2495001","2505000",2500000.5,"Fst",0.0138317464049214,0,0.0330895158481367,0.0424047759471488
"2496001","2506000",2501000.5,"Fst",0.0127083558339633,0,0.030397170806872,0.0390055421122472
"2497001","2507000",2502000.5,"Fst",0.0127083558339633,0,0.0305841856131573,0.0385180160562394
"2498001","2508000",2503000.5,"Fst",0.0118651473900035,0,0.0283478459221603,0.0356926021956985
"2499001","2509000",2504000.5,"Fst",0.0118651473900035,0,0.0283478459221603,0.0356926021956985
"2500001","2510000",2505000.5,"Fst",0.0220713662457347,0,0.0307631373620988,0.0670526353860047
"2501001","2511000",2506000.5,"Fst",0.021263789303715,0,0.0296413383767137,0.0645633121462729
"2502001","2512000",2507000.5,"Fst",0.0220713662457347,0,0.0307631373620988,0.0666468998023406
"2503001","2513000",2508000.5,"Fst",0.0208254796771543,0,0.0344322344322344,0.0804868889975272
"2504001","2514000",2509000.5,"Fst",0.0200059668414098,0,0.0289984703783118,0.0735855428749849
"2505001","2515000",2510000.5,"Fst",0.0244396152762688,0,0.0269533766412215,0.0677410994085906
"2506001","2516000",2511000.5,"Fst",0.0227478742929916,0,0.0251211518263874,0.0630945980051133
"2507001","2517000",2512000.5,"Fst",0.0226498834498834,0,0.0250105801684321,0.0630945980051133
"2508001","2518000",2513000.5,"Fst",0.022552733214498,0,0.0251211518263874,0.0627547707268095
"2509001","2519000",2514000.5,"Fst",0.0188818273924657,0,0.023153866162539,0.0455842265449252
"2510001","2520000",2515000.5,"Fst",0.0295054100879343,0,0.0238207541854383,0.0420839501131473
"2511001","2521000",2516000.5,"Fst",0.0295054100879343,0,0.0238176102969243,0.0422500085408766
"2512001","2522000",2517000.5,"Fst",0.0256586181114483,0,0.0213647006546816,0.0406155638325594
"2513001","2523000",2518000.5,"Fst",0.0261907968574636,0,0.0219758124884866,0.0419524397580825
"2514001","2524000",2519000.5,"Fst",0.0292019384124647,0,0.0215035895313984,0.04099783433475
"2515001","2525000",2520000.5,"Fst",0.0242205673426693,0,0.022653929256013,0.0404933727256583
"2516001","2526000",2521000.5,"Fst",0.0250330783877111,0,0.0233657294405206,0.0415788077713679
"2517001","2527000",2522000.5,"Fst",0.0258024814556099,0,0.024006100014514,0.0427240363159419
"2518001","2528000",2523000.5,"Fst",0.0273693548131604,0,0.0223692002594359,0.0417667670989236
"2519001","2529000",2524000.5,"Fst",0.0327211947555788,0,0.0209269597042275,0.0346100599907707
"2520001","2530000",2525000.5,"Fst",0.00962920457961036,0,0.0106255087107346,0.0184049079754601
"2521001","2531000",2526000.5,"Fst",0.0283885513393709,0,0.0179310170629647,0.0303615680305956
"2522001","2532000",2527000.5,"Fst",0.0340064887770642,0,0.0202562965791833,0.0366515938899011
"2523001","2533000",2528000.5,"Fst",0.0328346758726504,0,0.0194279575401014,0.0351886649819649
"2524001","2534000",2529000.5,"Fst",0.0328346758726504,0,0.0226546611696749,0.041044104410441
"2525001","2535000",2530000.5,"Fst",0.0361554943373124,0,0.0223767433281003,0.0382686333806498
"2526001","2536000",2531000.5,"Fst",0.0321115921115919,0,0.0285541459873032,0.060211631576084
"2527001","2537000",2532000.5,"Fst",0.0313162585608406,0,0.0278245604939539,0.0587353393833254
"2528001","2538000",2533000.5,"Fst",0.030263803079337,0,0.0292555868271717,0.0610516934046346
"2529001","2539000",2534000.5,"Fst",0.0325836764861155,0,0.0315793905764072,0.0655502392344498
"2530001","2540000",2535000.5,"Fst",0.0333982683982683,0,0.0325040655361907,0.067354965585054
"2531001","2541000",2536000.5,"Fst",0.0218045911108281,0,0.0287233974585497,0.0679219905850704
"2532001","2542000",2537000.5,"Fst",0.0210807259587746,0,0.0275832757267319,0.0657552083333334
"2533001","2543000",2538000.5,"Fst",0.0211565369060627,0,0.0259847284475054,0.0629019695115165
"2534001","2544000",2539000.5,"Fst",0.0187179652147805,0,0.0253175078543626,0.0653354830708175
"2535001","2545000",2540000.5,"Fst",0.018177652816828,0,0.0244218342867869,0.0629315493967267
"2536001","2546000",2541000.5,"Fst",0.0152680652680652,0,0.0143757492507491,0.0159155637460211
"2537001","2547000",2542000.5,"Fst",0.0154162989114447,0,0.0143757492507491,0.0157297789552117
"2538001","2548000",2543000.5,"Fst",0.0335014377350145,0,0.025221105835154,0.0373406214065644
"2539001","2549000",2544000.5,"Fst",0.032185813251732,0,0.024334496412323,0.0360294657170874
"2540001","2550000",2545000.5,"Fst",0.032185813251732,0,0.024334496412323,0.0360294657170874
"2541001","2551000",2546000.5,"Fst",0.0317957018253755,0,0.0219225405411514,0.0303475662936777
"2542001","2552000",2547000.5,"Fst",0.0316641593237337,0,0.0219225405411514,0.0302788612997055
"2543001","2553000",2548000.5,"Fst",0.0345765345765345,0,0.0246309761708844,0.035943027272633
"2544001","2554000",2549000.5,"Fst",0.032288862156537,0,0.0229656493853451,0.0333922122782226
"2545001","2555000",2550000.5,"Fst",0.0334916156263619,0,0.0261141074156753,0.0414658484831106
"2546001","2556000",2551000.5,"Fst",0.0347184023390074,0,0.029016880243175,0.043309978458776
"2547001","2557000",2552000.5,"Fst",0.0374205267938237,0,0.0235734420199749,0.0356404237771997
"2548001","2558000",2553000.5,"Fst",0.0246050246050246,0,0.019334694526959,0.0300694745983501
"2549001","2559000",2554000.5,"Fst",0.0256969696969697,0,0.0193568545484025,0.0283941780004771
"2550001","2560000",2555000.5,"Fst",0.0237442922374429,0,0.0161249400083026,0.0262626262626262
"2551001","2561000",2556000.5,"Fst",0.0204284221525601,0,0.0194238580011577,0.0243434343434344
"2552001","2562000",2557000.5,"Fst",0.0204284221525601,0,0.0194899547779672,0.024294398610508
"2553001","2563000",2558000.5,"Fst",0.0192658290219265,0,0.0182266775454399,0.0228219696969696
"2554001","2564000",2559000.5,"Fst",0.0204284221525601,0,0.0194090817535461,0.0241422489356373
"2555001","2565000",2560000.5,"Fst",0.0204284221525601,0,0.0194090817535461,0.0241422489356373
"2556001","2566000",2561000.5,"Fst",0.0150235620884437,0,0.0179148845815513,0.0222775232095794
"2557001","2567000",2562000.5,"Fst",0.00934536201711766,0,0.0107801175597785,0.0152064819189046
"2558001","2568000",2563000.5,"Fst",0.00887132191480011,0,0.0102417604339716,0.014524958919738
"2559001","2569000",2564000.5,"Fst",0.00675779534475174,0,0.0105770194443565,0.0125040156176636
"2560001","2570000",2565000.5,"Fst",0.00712188552188553,0,0.0104447990242733,0.0126065075489559
"2561001","2571000",2566000.5,"Fst",0.00674420977451284,0,0.00997553171466203,0.0121740943612609
"2562001","2572000",2567000.5,"Fst",0.00674420977451284,0,0.00997553171466203,0.0121740943612609
"2563001","2573000",2568000.5,"Fst",0.00670470394319767,0,0.00997709039149245,0.012078486290361
"2564001","2574000",2569000.5,"Fst",0.00644061190684986,0,0.00956131568032764,0.0115061889349573
"2565001","2575000",2570000.5,"Fst",0.00644061190684986,0,0.00956131568032764,0.0115061889349573
"2566001","2576000",2571000.5,"Fst",0.00877486521658311,0,0.00974969687910043,0.0110452272991511
"2567001","2577000",2572000.5,"Fst",0.00268817204301064,0,0.00291881096858437,0.00301683073991743
"2568001","2578000",2573000.5,"Fst",0.00505050505050508,0,0.00525038536849563,0.00557593543653712
"2569001","2579000",2574000.5,"Fst",0.00574712643678166,0,0.00592315485932504,0.00626752432789057
"2570001","2580000",2575000.5,"Fst",0.00362318840579712,0,0.00385144560445204,0.00402244098655657
"2571001","2581000",2576000.5,"Fst",0,0,0.0166552491318848,0.0212646760831993
"2572001","2582000",2577000.5,"Fst",0,0,0.0178920252574688,0.022976662717016
"2573001","2583000",2578000.5,"Fst",0,0,0.0167622167622169,0.02143778207608
"2574001","2584000",2579000.5,"Fst",0,0,0.0192625101700899,0.0243947175348497
"2575001","2585000",2580000.5,"Fst",0,0,0.0179537375714799,0.0225481054505382
"2576001","2586000",2581000.5,"Fst",0,0,0.0192625101700899,0.0240832956088729
"2577001","2587000",2582000.5,"Fst",0,0,0.0180671556373335,0.0228208647906656
"2578001","2588000",2583000.5,"Fst",0,0,0.0222222222222223,0.0237797246558197
"2579001","2589000",2584000.5,"Fst",0,0,0.0206185567010309,0.0217536494609293
"2580001","2590000",2585000.5,"Fst",0,0,0.0206185567010309,0.0217536494609293
"2581001","2591000",2586000.5,"Fst",0,0,2.22044604925031e-16,2.22044604925031e-16
"2582001","2592000",2587000.5,"Fst",0.00358514724711911,0,0.00470064324591779,0.00487054601384251
"2583001","2593000",2588000.5,"Fst",0.00454545454545452,0,0.00577507598784188,0.00603366147983475
"2584001","2594000",2589000.5,"Fst",0.00454545454545452,0,0.00577507598784188,0.00603366147983475
"2585001","2595000",2590000.5,"Fst",0.00446570972886762,0,0.00590153750582378,0.00603366147983475
"2586001","2596000",2591000.5,"Fst",0.0154882154882153,0,0.0155038759689922,0.0166703224391314
"2587001","2597000",2592000.5,"Fst",0.0209090909090909,0,0.0211640211640212,0.0226156821901501
"2588001","2598000",2593000.5,"Fst",0.0184491978609626,0,0.0188488080900765,0.0203398902716445
"2589001","2599000",2594000.5,"Fst",0.0205663189269745,0,0.0211640211640212,0.0226156821901501
"2590001","2600000",2595000.5,"Fst",0.0205663189269745,0,0.0211640211640212,0.0226156821901501
"2591001","2601000",2596000.5,"Fst",0.0205663189269745,0,0.0211640211640212,0.0226156821901501
"2592001","2602000",2597000.5,"Fst",0.0185185185185184,0,0.0190986764952252,0.0200457183049059
"2593001","2603000",2598000.5,"Fst",0.0185185185185184,0,0.0190986764952252,0.0200457183049059
"2594001","2604000",2599000.5,"Fst",0.0185185185185184,0,0.0190986764952252,0.0200457183049059
"2595001","2605000",2600000.5,"Fst",0.0161290322580645,0,0.0169617616426126,0.0177046125174716
"2596001","2606000",2601000.5,"Fst",0.0196078431372549,0,0.0179962894248609,0.0211836848462323
"2597001","2607000",2602000.5,"Fst",0.0196078431372549,0,0.0179962894248609,0.0211836848462323
"2598001","2608000",2603000.5,"Fst",0.0229885057471264,0,0.0212508967682502,0.025005483658697
"2599001","2609000",2604000.5,"Fst",0.0226537216828478,0,0.0181881022203603,0.0239933292089195
"2600001","2610000",2605000.5,"Fst",0.0212121212121211,0,0.0169242811829513,0.0221326220457787
"2601001","2611000",2606000.5,"Fst",0.0212121212121211,0,0.0169242811829513,0.0221326220457787
"2602001","2612000",2607000.5,"Fst",0.0186666666666667,0,0.0146040958716559,0.0195757848419342
"2603001","2613000",2608000.5,"Fst",0.0186666666666667,0,0.0146040958716559,0.0195757848419342
"2604001","2614000",2609000.5,"Fst",0.0186666666666667,0,0.0146040958716559,0.0195757848419342
"2605001","2615000",2610000.5,"Fst",0.0214067278287463,0,0.0167211478576705,0.0221326220457787
"2606001","2616000",2611000.5,"Fst",0.00740740740740742,0,0.00770010131712262,0.00792657488527315
"2607001","2617000",2612000.5,"Fst",0.00564971751412435,0,0.00577507598784188,0.00603366147983475
"2608001","2618000",2613000.5,"Fst",0.00411522633744843,0,0.00423303999108826,0.00444236614449378
"2609001","2619000",2614000.5,"Fst",0.00378787878787867,0,0.00385144560445204,0.00408338706211042
"2610001","2620000",2615000.5,"Fst",0.00411522633744843,0,0.00423303999108826,0.00444236614449378
"2611001","2621000",2616000.5,"Fst",0.00378787878787867,0,0.00385144560445204,0.00408338706211042
"2612001","2622000",2617000.5,"Fst",0.00505050505050508,0,0.00518276050190936,0.00539007092198573
"2613001","2623000",2618000.5,"Fst",0.00505050505050508,0,0.00518276050190936,0.00539007092198573
"2614001","2624000",2619000.5,"Fst",0.00505050505050508,0,0.00518276050190936,0.00539007092198573
"2615001","2625000",2620000.5,"Fst",0.00411522633744843,0,0.00423303999108826,0.00444236614449378
"2616001","2626000",2621000.5,"Fst",0.00343642611683836,0,0.00357748070043307,0.003725855476027
"2617001","2627000",2622000.5,"Fst",0.00366300366300365,0,0.00390584849419251,0.00402244098655657
"2618001","2628000",2623000.5,"Fst",0.00483091787439616,0,0.00518276050190936,0.00539007092198573
"2619001","2629000",2624000.5,"Fst",0,0,1.11022302462516e-16,1.11022302462516e-16
"2620001","2630000",2625000.5,"Fst",0,0,1.11022302462516e-16,1.11022302462516e-16
"2621001","2631000",2626000.5,"Fst",0.0127272727272729,0,0.0169617616426126,0.0177046125174716
"2622001","2632000",2627000.5,"Fst",0.0188552188552189,0,0.0216744378491065,0.025005483658697
"2623001","2633000",2628000.5,"Fst",0.0782587393743417,0,0.0446497587743599,0.0752222222222221
"2624001","2634000",2629000.5,"Fst",0.0712850768677705,0,0.0368294603412277,0.0683052434456929
"2625001","2635000",2630000.5,"Fst",0.0769213216502371,0,0.0397336444664261,0.0741361788617886
"2626001","2636000",2631000.5,"Fst",0.0840061802232854,0,0.0432179899347785,0.08058547362607
"2627001","2637000",2632000.5,"Fst",0.0840061802232854,0,0.043444841561724,0.08058547362607
"2628001","2638000",2633000.5,"Fst",0.0840061802232854,0,0.043444841561724,0.08058547362607
"2629001","2639000",2634000.5,"Fst",0.0803077949304364,0,0.0414605200945627,0.0774416135881105
"2630001","2640000",2635000.5,"Fst",0.0773289289564838,0,0.0398619210977701,0.0745338441890165
"2631001","2641000",2636000.5,"Fst",0.082458313974498,0,0.0437549364888103,0.0861788617886179
"2632001","2642000",2637000.5,"Fst",0.0850005632533514,0,0.0494427834647228,0.0960840496657115
"2633001","2643000",2638000.5,"Fst",0.0141414141414141,0,0.0168397681719461,0.0181687783887162
"2634001","2644000",2639000.5,"Fst",0.0296650717703349,0,0.0251511056511055,0.0315261186117196
"2635001","2645000",2640000.5,"Fst",0.0268398268398269,0,0.0229704451926673,0.0288430446873179
"2636001","2646000",2641000.5,"Fst",0.0268398268398269,0,0.0229704451926673,0.0288430446873179
"2637001","2647000",2642000.5,"Fst",0.0247752247752248,0,0.0209670839410144,0.0265808451039989
"2638001","2648000",2643000.5,"Fst",0.0210705182667799,0,0.0179998127791596,0.0226882527247524
"2639001","2649000",2644000.5,"Fst",0.02277318640955,0,0.0193813131313132,0.0243161094224924
"2640001","2650000",2645000.5,"Fst",0.0210705182667799,0,0.0180641365107383,0.0224069933934539
"2641001","2651000",2646000.5,"Fst",0.0199067599067599,0,0.016411573813899,0.0207977013066976
"2642001","2652000",2647000.5,"Fst",0.0220494417862839,0,0.0162267062859828,0.0233545647558386
"2643001","2653000",2648000.5,"Fst",0.0215064396882577,0,0.0215123526920997,0.0328772474773943
"2644001","2654000",2649000.5,"Fst",0.0128680977222839,0,0.0176344792491373,0.0300507159647658
"2645001","2655000",2650000.5,"Fst",0.0133974055984455,0,0.0173171927860731,0.02647675791923
"2646001","2656000",2651000.5,"Fst",0.0135315128471023,0,0.0142523836779988,0.0239832653391427
"2647001","2657000",2652000.5,"Fst",0.0135315128471023,0,0.0143497391356682,0.0236594102933028
"2648001","2658000",2653000.5,"Fst",0.0147913045668656,0,0.0155096751778276,0.0254955488447636
"2649001","2659000",2654000.5,"Fst",0.0142124116565011,0,0.0149071773065536,0.0243724837101797
"2650001","2660000",2655000.5,"Fst",0.0155134606747509,0,0.0162995570516181,0.0265248056526262
"2651001","2661000",2656000.5,"Fst",0.0217101002657377,0,0.0163213886005567,0.0267337053160831
"2652001","2662000",2657000.5,"Fst",0.0208970117115697,0,0.0182565389031844,0.0329760026119605
"2653001","2663000",2658000.5,"Fst",0.0217468805704099,0,0.0176517335275099,0.02285542440418
"2654001","2664000",2659000.5,"Fst",0.0182244985061886,0,0.0148455886181352,0.0191931308794746
"2655001","2665000",2660000.5,"Fst",0.0171382701184024,0,0.0142939948297091,0.0181687783887162
"2656001","2666000",2661000.5,"Fst",0.00710069558729953,0,0.0232210673920171,0.0582560296846012
"2657001","2667000",2662000.5,"Fst",0.00529219371872158,0,0.0217459478801228,0.0549766005693058
"2658001","2668000",2663000.5,"Fst",0.00529219371872158,0,0.0217459478801228,0.0549766005693058
"2659001","2669000",2664000.5,"Fst",0.00546634918696709,0,0.0224631958553495,0.0571303230658353
"2660001","2670000",2665000.5,"Fst",0.00546634918696709,0,0.0224631958553495,0.0571303230658353
"2661001","2671000",2666000.5,"Fst",0,0,0.0298596264339561,0.0652315720808873
"2662001","2672000",2667000.5,"Fst",0,0,0.0286646918596675,0.0629326620516047
"2663001","2673000",2668000.5,"Fst",0,0,0.0286646918596675,0.0629326620516047
"2664001","2674000",2669000.5,"Fst",0,0,0.0298542526098533,0.0661375661375662
"2665001","2675000",2670000.5,"Fst",0,0,0.0361650634186952,0.0760869565217391
"2666001","2676000",2671000.5,"Fst",0.000499572733846154,0,0.0210336513834526,0.0388473579962942
"2667001","2677000",2672000.5,"Fst",0.00322314049586769,0,0.0303423256361576,0.0439434623195716
"2668001","2678000",2673000.5,"Fst",0.0126912691269127,0,0.0195548768535591,0.0347447073474471
"2669001","2679000",2674000.5,"Fst",0.0121040432655164,0,0.018519118767636,0.0331550802139037
"2670001","2680000",2675000.5,"Fst",0.0121040432655164,0,0.018519118767636,0.0331550802139037
"2671001","2681000",2676000.5,"Fst",0.0199209486166007,0,0.0192552286780921,0.0251785319885151
"2672001","2682000",2677000.5,"Fst",0.021410365335599,0,0.020639201241611,0.0269503546099291
"2673001","2683000",2678000.5,"Fst",0.0199209486166007,0,0.0191953834174931,0.0254426424639189
"2674001","2684000",2679000.5,"Fst",0.0212121212121211,0,0.020639201241611,0.0266541968669628
"2675001","2685000",2680000.5,"Fst",0.020032384917881,0,0.0160711589782649,0.0241545893719807
"2676001","2686000",2681000.5,"Fst",0.019585326953748,0,0.019259463940315,0.0247142989872711
"2677001","2687000",2682000.5,"Fst",0.019585326953748,0,0.019259463940315,0.0247142989872711
"2678001","2688000",2683000.5,"Fst",0.00628930817610041,0,0.00653959667214891,0.0068517850703208
"2679001","2689000",2684000.5,"Fst",0.0107526881720429,0,0.0109289617486337,0.0115501519756838
"2680001","2690000",2685000.5,"Fst",0.00952380952380949,0,0.00966529307879913,0.0103655210038187
"2681001","2691000",2686000.5,"Fst",0.00854700854700852,0,0.00877192982456143,0.00940128649183558
"2682001","2692000",2687000.5,"Fst",0,0,0.0271062317611806,0.0390760754397119
"2683001","2693000",2688000.5,"Fst",0,0,0.0286072713633842,0.041391694725028
"2684001","2694000",2689000.5,"Fst",0,0,0.0302442903039291,0.0439990455738487
"2685001","2695000",2690000.5,"Fst",0,0,0.0397515527950312,0.0503352926566769
"2686001","2696000",2691000.5,"Fst",0,0,0.0322050737254207,0.0409321175278621
"2687001","2697000",2692000.5,"Fst",0,0,0.0286782933174498,0.0370058197872767
"2688001","2698000",2693000.5,"Fst",0,0,0.0300671560786937,0.0390760754397119
"2689001","2699000",2694000.5,"Fst",0,0,0.0313749356324877,0.0413743736578382
"2690001","2700000",2695000.5,"Fst",0,0,0.0334997828918802,0.0437878787878788
"2691001","2701000",2696000.5,"Fst",0,0,0.0359384644050822,0.0465004022526145
"2692001","2702000",2697000.5,"Fst",0.00694444444444442,0,0.00792657488527315,0.00792657488527315
"2693001","2703000",2698000.5,"Fst",0.000236937273974336,0,0.0188488080900765,0.0196002578981301
"2694001","2704000",2699000.5,"Fst",0.000215236476918568,0,0.0170212765957446,0.0178676384154225
"2695001","2705000",2700000.5,"Fst",0.00378436607184662,0,0.016407668418538,0.0182096990607628
"2696001","2706000",2701000.5,"Fst",0.000272225804140547,0,0.0212634822804314,0.0226156821901501
"2697001","2707000",2702000.5,"Fst",0.00578838025646522,0,0.0251621725731895,0.0266116861861541
"2698001","2708000",2703000.5,"Fst",0.00511165939140878,0,0.0225237449118046,0.0240628166160081
"2699001","2709000",2704000.5,"Fst",0.00419261104192614,0,0.0181873614190687,0.0202127659574468
"2700001","2710000",2705000.5,"Fst",0.0106620237947188,0,0.0169703307411587,0.0238961038961037
"2701001","2711000",2706000.5,"Fst",0.00940161567423337,0,0.0148446016529179,0.0209090909090909
"2702001","2712000",2707000.5,"Fst",0.00781739156864536,0,0.0125807336916511,0.0174242424242425
"2703001","2713000",2708000.5,"Fst",0.0118206862008514,0,0.0126047330447329,0.0142846402526126
"2704001","2714000",2709000.5,"Fst",0.0127799736495389,0,0.0120978663215866,0.0149724192277383
"2705001","2715000",2710000.5,"Fst",0.0103645147123409,0,0.0113282192309547,0.0128335021952043
"2706001","2716000",2711000.5,"Fst",0.0103645147123409,0,0.0113282192309547,0.0128335021952043
"2707001","2717000",2712000.5,"Fst",0.010374331550802,0,0.0108393634929419,0.0125027418293485
"2708001","2718000",2713000.5,"Fst",0.0100206611570247,0,0.0104024059895068,0.0120075837370971
"2709001","2719000",2714000.5,"Fst",0.010954263128176,0,0.011378953049197,0.0130404941660947
"2710001","2720000",2715000.5,"Fst",0,0,0.0496904824735012,0.111465908248472
"2711001","2721000",2716000.5,"Fst",0,0,0.0510309251997935,0.113427627752845
"2712001","2722000",2717000.5,"Fst",0,0,0.0548686370281765,0.122912285134623
"2713001","2723000",2718000.5,"Fst",0,0,0.0515070871346284,0.118201732281452
"2714001","2724000",2719000.5,"Fst",0,0,0.0533296973989706,0.124204349306093
"2715001","2725000",2720000.5,"Fst",0,0,0.0438558365229897,0.134470773272087
"2716001","2726000",2721000.5,"Fst",0,0,0.0438558365229897,0.134470773272087
"2717001","2727000",2722000.5,"Fst",0,0,0.0477321064627948,0.143928030338675
"2718001","2728000",2723000.5,"Fst",0,0,0.0481441570253094,0.14357450072081
"2719001","2729000",2724000.5,"Fst",0,0,0.0452169993831114,0.13573439839289
"2720001","2730000",2725000.5,"Fst",0.00222962014511296,0,0.0433421114768788,0.122459326285396
"2721001","2731000",2726000.5,"Fst",0.00226082591121135,0,0.0439276230454223,0.124035632979335
"2722001","2732000",2727000.5,"Fst",0.00363503455608727,0,0.0415617221645779,0.120751802871881
"2723001","2733000",2728000.5,"Fst",0.00372900388340436,0,0.0387934057071221,0.113550063873838
"2724001","2734000",2729000.5,"Fst",0.00368913164228835,0,0.0383923365410413,0.112248630477003
"2725001","2735000",2730000.5,"Fst",0.0143394731630025,0,0.0120738815859048,0.0164841350251683
"2726001","2736000",2731000.5,"Fst",0.0254713028906577,0,0.0164372946933005,0.0265719984802432
"2727001","2737000",2732000.5,"Fst",0.0220908367686411,0,0.0142065844780922,0.027355623100304
"2728001","2738000",2733000.5,"Fst",0.0208729898260585,0,0.0141459711721084,0.0263352149370387
"2729001","2739000",2734000.5,"Fst",0.0236255169141075,0,0.014272943643777,0.0246975685710863
"2730001","2740000",2735000.5,"Fst",0.0215963314122821,0,0.0130926062711125,0.0226394378568291
"2731001","2741000",2736000.5,"Fst",0.0179458821794587,0,0.0118805107935543,0.0184078151199241
"2732001","2742000",2737000.5,"Fst",0.0132646374257113,0,0.0126394194970919,0.0208636420024585
"2733001","2743000",2738000.5,"Fst",0.0152629582207047,0,0.0147407204528114,0.0231171573214329
"2734001","2744000",2739000.5,"Fst",0.0170278601756528,0,0.0149612670514169,0.0220043726637986
"2735001","2745000",2740000.5,"Fst",0.0167134799388001,0,0.0143592709233229,0.0216309621898745
"2736001","2746000",2741000.5,"Fst",0.0103061525357525,0,0.0285319601511518,0.0574456130585846
"2737001","2747000",2742000.5,"Fst",0.0110778363255374,0,0.0299402806544702,0.0594898263966135
"2738001","2748000",2743000.5,"Fst",0.0112120482280436,0,0.0303734227568312,0.0602985227616285
"2739001","2749000",2744000.5,"Fst",0.00939212955958546,0,0.0327707493552255,0.065930008374387
"2740001","2750000",2745000.5,"Fst",0.00806817522775305,0,0.0292855723616332,0.0588539408359136
"2741001","2751000",2746000.5,"Fst",0.00775984818961206,0,0.0288199387325792,0.0528903755311008
"2742001","2752000",2747000.5,"Fst",0.00959431605094518,0,0.0305707082584244,0.0540679197758505
"2743001","2753000",2748000.5,"Fst",0.00791678582270161,0,0.0327248274881459,0.0583410267901244
"2744001","2754000",2749000.5,"Fst",0.00791678582270161,0,0.032338895053863,0.0583410267901244
"2745001","2755000",2750000.5,"Fst",0.0112929213635981,0,0.0307777685446168,0.0535891337555411
"2746001","2756000",2751000.5,"Fst",0.011103481062807,0,0.0225394736464509,0.0533083937339257
"2747001","2757000",2752000.5,"Fst",0.0108679291649387,0,0.0203083054460552,0.0445909062713231
"2748001","2758000",2753000.5,"Fst",0.00908518072979314,0,0.0183956071258923,0.0405211086905982
"2749001","2759000",2754000.5,"Fst",0.0193031116633753,0,0.0297757167076664,0.0518807917562458
"2750001","2760000",2755000.5,"Fst",0.0220787529808644,0,0.0312580045558082,0.0585836515267877
"2751001","2761000",2756000.5,"Fst",0.0142368232184803,0,0.0273119738803067,0.0487599222478746
"2752001","2762000",2757000.5,"Fst",0.0109512218690898,0,0.0252484667918195,0.0584914401558279
"2753001","2763000",2758000.5,"Fst",0.01063230765392,0,0.0222144533529454,0.0480669803873788
"2754001","2764000",2759000.5,"Fst",0.00993799976197429,0,0.0225741324278552,0.0487466380705244
"2755001","2765000",2760000.5,"Fst",0.00780631906031937,0,0.0230593054947602,0.0491803571920791
"2756001","2766000",2761000.5,"Fst",0.00775056614025837,0,0.0228684655351715,0.0487759205505474
"2757001","2767000",2762000.5,"Fst",0.00770119525610458,0,0.0235160028316242,0.0502981993281968
"2758001","2768000",2763000.5,"Fst",0.00877643012643314,0,0.0228862814745354,0.0500059562056537
"2759001","2769000",2764000.5,"Fst",0,0,0.0213988261328318,0.0381313508453853
"2760001","2770000",2765000.5,"Fst",0.01335314286909,0,0.023204878562271,0.0353036943933639
"2761001","2771000",2766000.5,"Fst",0.020436678889401,0,0.0275866995183831,0.0390226482320907
"2762001","2772000",2767000.5,"Fst",0.0313728967175002,0,0.0280021077887945,0.0518764380476819
"2763001","2773000",2768000.5,"Fst",0.0365119797003856,0,0.0411510112254685,0.0991510583219126
"2764001","2774000",2769000.5,"Fst",0.037789898989899,0,0.0424966509942114,0.102765940656566
"2765001","2775000",2770000.5,"Fst",0.0382647806408331,0,0.0397586949687818,0.0956393200295639
"2766001","2776000",2771000.5,"Fst",0.0275980665551218,0,0.0304972968559742,0.0682572329631154
"2767001","2777000",2772000.5,"Fst",0.027246067715276,0,0.0297674975514008,0.0654733477484254
"2768001","2778000",2773000.5,"Fst",0.0265356265356265,0,0.0300646556538423,0.0659876615062275
"2769001","2779000",2774000.5,"Fst",0.0277537930183791,0,0.0315209864612121,0.0688681919416886
"2770001","2780000",2775000.5,"Fst",0.0129550192085723,0,0.0266762510231399,0.0419988574276526
"2771001","2781000",2776000.5,"Fst",0.0115662418320905,0,0.0226493962285106,0.044465540779002
"2772001","2782000",2777000.5,"Fst",0.0107626544777384,0,0.0221076892151765,0.0445367702206607
"2773001","2783000",2778000.5,"Fst",0.00587673703192959,0,0.0225763693141413,0.0526856836209356
"2774001","2784000",2779000.5,"Fst",0.00569080636877251,0,0.0219308416702309,0.05129473615465
"2775001","2785000",2780000.5,"Fst",0.00542340117059537,0,0.0223904036594004,0.0541531271055617
"2776001","2786000",2781000.5,"Fst",0.00966471965622828,0,0.0292877470219606,0.0885501669486578
"2777001","2787000",2782000.5,"Fst",0.00974173373335241,0,0.0275000592034287,0.0815207977150438
"2778001","2788000",2783000.5,"Fst",0.0107463303372037,0,0.027515369131168,0.0815207977150438
"2779001","2789000",2784000.5,"Fst",0.0110555841356166,0,0.0234731284100581,0.0667079032942175
"2780001","2790000",2785000.5,"Fst",0.0101957545939619,0,0.0267784360145052,0.0530242404397897
"2781001","2791000",2786000.5,"Fst",0.010960907256254,0,0.0261320744603805,0.055477047644681
"2782001","2792000",2787000.5,"Fst",0.0106634890503529,0,0.0260284067664799,0.0555723057666115
"2783001","2793000",2788000.5,"Fst",0.00410484456792648,0,0.0221974201465072,0.0400798657494502
"2784001","2794000",2789000.5,"Fst",0.00560205005583925,0,0.022150194271576,0.0504764913346956
"2785001","2795000",2790000.5,"Fst",0.00435485689588266,0,0.021635552046523,0.0491845092877594
"2786001","2796000",2791000.5,"Fst",0.00308961424339016,0,0.0221417843008976,0.0584711703498433
"2787001","2797000",2792000.5,"Fst",0.00242332437933857,0,0.0203930702857918,0.0519894551860411
"2788001","2798000",2793000.5,"Fst",0.00815481469772406,0,0.0191424281560282,0.0468917630884469
"2789001","2799000",2794000.5,"Fst",0.00769832470359244,0,0.0202729465446969,0.0451921464214978
"2790001","2800000",2795000.5,"Fst",0.00778772523650251,0,0.0204421026607026,0.0418875820577856
"2791001","2801000",2796000.5,"Fst",0.00765191028348922,0,0.0218815378997069,0.046042336407554
"2792001","2802000",2797000.5,"Fst",0.00887188444370512,0,0.0215126027017983,0.045948845388684
"2793001","2803000",2798000.5,"Fst",0.0283779624499844,0,0.0212174852294451,0.0408222026086105
"2794001","2804000",2799000.5,"Fst",0.0390263737413997,0,0.0203978872131428,0.0363684084943928
"2795001","2805000",2800000.5,"Fst",0.0462190662115315,0,0.0223286617606806,0.0353018936589691
"2796001","2806000",2801000.5,"Fst",0.0463210580574941,0,0.022222817375702,0.0352994177591999
"2797001","2807000",2802000.5,"Fst",0.0576176911471965,0,0.0267147790143729,0.0475593933157354
"2798001","2808000",2803000.5,"Fst",0.0543118058412175,0,0.0273513258983983,0.0488435997252118
"2799001","2809000",2804000.5,"Fst",0.0525053245151887,0,0.0266830455865463,0.0475704930874532
"2800001","2810000",2805000.5,"Fst",0.0600486438400241,0,0.0270961848061425,0.0495354546535661
"2801001","2811000",2806000.5,"Fst",0.0600625440451021,0,0.0253174158717218,0.045337952136084
"2802001","2812000",2807000.5,"Fst",0.0597239456883373,0,0.0253206388035723,0.0464556412384508
"2803001","2813000",2808000.5,"Fst",0.0627449440408403,0,0.0223954323622438,0.0489482143019025
"2804001","2814000",2809000.5,"Fst",0.0580044614579605,0,0.0236658302976206,0.047298940764617
"2805001","2815000",2810000.5,"Fst",0.0500165690931181,0,0.0235331669808132,0.0619237739063887
"2806001","2816000",2811000.5,"Fst",0.0502855141005429,0,0.0233173344069655,0.0618301990166074
"2807001","2817000",2812000.5,"Fst",0.0479509900448526,0,0.0222417979589999,0.058838412880966
"2808001","2818000",2813000.5,"Fst",0.0364641093449352,0,0.0203049203770115,0.0481514140881706
"2809001","2819000",2814000.5,"Fst",0.0389411354928595,0,0.0214311650293783,0.0500794088498364
"2810001","2820000",2815000.5,"Fst",0.0207972582972582,0,0.0210125581646733,0.0435654252448145
"2811001","2821000",2816000.5,"Fst",0.0257025320122835,0,0.0276994418149923,0.0506413552538321
"2812001","2822000",2817000.5,"Fst",0.0271896788149179,0,0.0268834068522043,0.0518691812459612
"2813001","2823000",2818000.5,"Fst",0.0263662583810915,0,0.0261034086563531,0.0502028766306482
"2814001","2824000",2819000.5,"Fst",0.0231803430690773,0,0.023856142011197,0.0438550992250796
"2815001","2825000",2820000.5,"Fst",0.0231803430690773,0,0.023856142011197,0.0438550992250796
"2816001","2826000",2821000.5,"Fst",0.0189931985032207,0,0.0210651715564325,0.0367839915385068
"2817001","2827000",2822000.5,"Fst",0.0195346182620297,0,0.0214874210140345,0.0377799479881054
"2818001","2828000",2823000.5,"Fst",0.0135996326905419,0,0.0309434993318442,0.0926422742095669
"2819001","2829000",2824000.5,"Fst",0.0133171477385128,0,0.0302992214601428,0.0905177078728356
"2820001","2830000",2825000.5,"Fst",0.0109203870143902,0,0.0314998528912172,0.096819036716003
"2821001","2831000",2826000.5,"Fst",0.00357811818438392,0,0.0315114882212986,0.0931206316022717
"2822001","2832000",2827000.5,"Fst",0.00442755917382776,0,0.0297249006731569,0.0886100700113974
"2823001","2833000",2828000.5,"Fst",0.00610511242695144,0,0.0353365807571819,0.111459070426313
"2824001","2834000",2829000.5,"Fst",0.00784035574872211,0,0.0368409640644287,0.114492087170112
"2825001","2835000",2830000.5,"Fst",0.00824153877989031,0,0.0354417693972505,0.110072694174812
"2826001","2836000",2831000.5,"Fst",0.00816502648720874,0,0.0369862455465719,0.114934066269837
"2827001","2837000",2832000.5,"Fst",0.00405402093188556,0,0.0291481253380491,0.0878353796302376
"2828001","2838000",2833000.5,"Fst",0.00859189874829236,0,0.0263262757053103,0.0635267461966418
"2829001","2839000",2834000.5,"Fst",0.00848027643327209,0,0.0265372530069837,0.0596899930233263
"2830001","2840000",2835000.5,"Fst",0.00253229284777323,0,0.0247738605016116,0.0540796478296478
"2831001","2841000",2836000.5,"Fst",0,0,0.0389502175787026,0.0910540214748079
"2832001","2842000",2837000.5,"Fst",0,0,0.0370943322534801,0.0991848010304386
"2833001","2843000",2838000.5,"Fst",0,0,0.0387482085175013,0.10873711049437
"2834001","2844000",2839000.5,"Fst",0,0,0.0377293409426584,0.107449002570774
"2835001","2845000",2840000.5,"Fst",0,0,0.03220789463257,0.097346849068696
"2836001","2846000",2841000.5,"Fst",0,0,0.0336889017277171,0.0939769692345045
"2837001","2847000",2842000.5,"Fst",0,0,0.0360594010462393,0.101296687808316
"2838001","2848000",2843000.5,"Fst",0,0,0.0375414417997705,0.104699627857523
"2839001","2849000",2844000.5,"Fst",0,0,0.0373157276006429,0.105110112287146
"2840001","2850000",2845000.5,"Fst",0,0,0.041129468937391,0.0995965778674273
"2841001","2851000",2846000.5,"Fst",0,0,0.0508879993244964,0.125294391088892
"2842001","2852000",2847000.5,"Fst",0,0,0.0543096998601331,0.140709280026865
"2843001","2853000",2848000.5,"Fst",0,0,0.0541864173834938,0.14164651649486
"2844001","2854000",2849000.5,"Fst",0,0,0.0561480280649971,0.142084107695045
"2845001","2855000",2850000.5,"Fst",0,0,0.0600207292224584,0.146375078472858
"2846001","2856000",2851000.5,"Fst",0,0,0.0524305396728339,0.126821245444871
"2847001","2857000",2852000.5,"Fst",0,0,0.041196656611736,0.0984257594108222
"2848001","2858000",2853000.5,"Fst",0,0,0.0404638409265018,0.0964710395090141
"2849001","2859000",2854000.5,"Fst",0,0,0.0384631194151778,0.0920527545259879
"2850001","2860000",2855000.5,"Fst",0,0,0.0358281428290824,0.0904540743868268
"2851001","2861000",2856000.5,"Fst",0,0,0.0306443029922298,0.0819265625593038
"2852001","2862000",2857000.5,"Fst",0,0,0.0288822623772496,0.0783777536176768
"2853001","2863000",2858000.5,"Fst",0,0,0.0314287556588822,0.062693378427275
"2854001","2864000",2859000.5,"Fst",0.00250248001946574,0,0.037753001192433,0.0684163782012138
"2855001","2865000",2860000.5,"Fst",0.00313648828862334,0,0.0368902740698241,0.0674417067991063
"2856001","2866000",2861000.5,"Fst",0.00710371569560109,0,0.0397583946708809,0.0768318296870703
"2857001","2867000",2862000.5,"Fst",0.00842431549099465,0,0.0329130108803824,0.0774950562865255
"2858001","2868000",2863000.5,"Fst",0.0094319591517692,0,0.0311039113793012,0.0708088368335615
"2859001","2869000",2864000.5,"Fst",0.00973481137883392,0,0.0298626388314276,0.0759673181989271
"2860001","2870000",2865000.5,"Fst",0.0127029713906992,0,0.0301869721030599,0.0763659599186756
"2861001","2871000",2866000.5,"Fst",0.0126453528328341,0,0.0300500526198687,0.076048483820087
"2862001","2872000",2867000.5,"Fst",0.0122718546483325,0,0.0299776755812776,0.0763674472558358
"2863001","2873000",2868000.5,"Fst",0.014642695005687,0,0.0242519298628053,0.0574619380867056
"2864001","2874000",2869000.5,"Fst",0.00832200753661305,0,0.0243562986134736,0.0665834762528249
"2865001","2875000",2870000.5,"Fst",0.00718622126008395,0,0.0251284745363188,0.0690248840757977
"2866001","2876000",2871000.5,"Fst",0.00578992364611897,0,0.0284083554490053,0.0745671833110575
"2867001","2877000",2872000.5,"Fst",0.027933233039616,0,0.0264950183956638,0.0610308514541479
"2868001","2878000",2873000.5,"Fst",0.0297280474316087,0,0.0261085881571764,0.0532076283723807
"2869001","2879000",2874000.5,"Fst",0.0380152760771967,0,0.0259050238078013,0.0495269530378283
"2870001","2880000",2875000.5,"Fst",0.0351661733615223,0,0.0269319676057963,0.0549887787027518
"2871001","2881000",2876000.5,"Fst",0.0282310282310281,0,0.0256283045901994,0.045488889644099
"2872001","2882000",2877000.5,"Fst",0.0276072623339503,0,0.0256007343793591,0.0462006079027354
"2873001","2883000",2878000.5,"Fst",0.038003228735748,0,0.0232683920076193,0.0410828315591077
"2874001","2884000",2879000.5,"Fst",0.036925297262018,0,0.0257516445071885,0.045736197509029
"2875001","2885000",2880000.5,"Fst",0.0373599710908059,0,0.0233178082983431,0.0427567139563675
"2876001","2886000",2881000.5,"Fst",0.0356270161802432,0,0.0215248333443045,0.0496566209783795
"2877001","2887000",2882000.5,"Fst",0.0267665210456974,0,0.0226498181220034,0.0607095745850281
"2878001","2888000",2883000.5,"Fst",0.0246476605147399,0,0.0248530557919896,0.0935915630130505
"2879001","2889000",2884000.5,"Fst",0.0194935155605391,0,0.0292155058988209,0.114308053166536
"2880001","2890000",2885000.5,"Fst",0.0134706946958094,0,0.028610256258117,0.115392236012906
"2881001","2891000",2886000.5,"Fst",0.0155517571255733,0,0.0295349564225302,0.113345111301802
"2882001","2892000",2887000.5,"Fst",0.0365742525583139,0,0.0527565652932685,0.169787340256392
"2883001","2893000",2888000.5,"Fst",0.0397134479166248,0,0.050255673945783,0.174452418049979
"2884001","2894000",2889000.5,"Fst",0.0406285951491432,0,0.0517129305220304,0.180055817643475
"2885001","2895000",2890000.5,"Fst",0.0406773645390751,0,0.0524336294743095,0.18143920853172
"2886001","2896000",2891000.5,"Fst",0.0430899169918652,0,0.0529335433668795,0.194081321840833
"2887001","2897000",2892000.5,"Fst",0.0440001568191788,0,0.0520326444865818,0.188899618715564
"2888001","2898000",2893000.5,"Fst",0.0445030071424604,0,0.0519941552015193,0.190034477448324
"2889001","2899000",2894000.5,"Fst",0.0453081471991377,0,0.0524564771696801,0.191926592932294
"2890001","2900000",2895000.5,"Fst",0.0471066948581711,0,0.0526811051616785,0.191701215533706
"2891001","2901000",2896000.5,"Fst",0.0470081532120324,0,0.0513577744483371,0.187918234142116
"2892001","2902000",2897000.5,"Fst",0.0482461952952999,0,0.0491273638067184,0.179336570797393
"2893001","2903000",2898000.5,"Fst",0.0467424149731448,0,0.0517609425737109,0.177062168013411
"2894001","2904000",2899000.5,"Fst",0.0465598522228415,0,0.0503679288740897,0.168627308191888
"2895001","2905000",2900000.5,"Fst",0.0464206813701827,0,0.0499599526384566,0.166769805734708
"2896001","2906000",2901000.5,"Fst",0.0479477532050516,0,0.0379780618358161,0.0983524505742669
"2897001","2907000",2902000.5,"Fst",0.0348457300275482,0,0.0445614916806204,0.107887594771885
"2898001","2908000",2903000.5,"Fst",0.0399766346741435,0,0.0414376875378489,0.109749888671395
"2899001","2909000",2904000.5,"Fst",0.0399918427765501,0,0.0403311200786037,0.107364991138434
"2900001","2910000",2905000.5,"Fst",0.0293896755758024,0,0.040872655910194,0.105284748489126
"2901001","2911000",2906000.5,"Fst",0.0269016192373045,0,0.0389964931602995,0.10653466394623
"2902001","2912000",2907000.5,"Fst",0.0268876412581875,0,0.0389970089991511,0.10653466394623
"2903001","2913000",2908000.5,"Fst",0.0281371552277913,0,0.0408421684210198,0.100067232141038
"2904001","2914000",2909000.5,"Fst",0.0245905393821612,0,0.0336221635539577,0.0831252573018519
"2905001","2915000",2910000.5,"Fst",0.0277139507620164,0,0.0307913109734941,0.0675279749547206
"2906001","2916000",2911000.5,"Fst",0.0271586154431345,0,0.0320012602834493,0.0689082383682106
"2907001","2917000",2912000.5,"Fst",0.0479342259807376,0,0.0247803632359714,0.0805960755381422
"2908001","2918000",2913000.5,"Fst",0.0286540509814959,0,0.0244729507240079,0.0934539972796599
"2909001","2919000",2914000.5,"Fst",0.0262216786067914,0,0.0259359773341285,0.0969330265412985
"2910001","2920000",2915000.5,"Fst",0.0306582467219224,0,0.0242944101122471,0.059598683787956
"2911001","2921000",2916000.5,"Fst",0.0306582467219224,0,0.0243332893957954,0.059598683787956
"2912001","2922000",2917000.5,"Fst",0.0301249408687425,0,0.0231878960132487,0.0559498797299526
"2913001","2923000",2918000.5,"Fst",0.0175302591931189,0,0.0230362379658589,0.0507500850768688
"2914001","2924000",2919000.5,"Fst",0.0181323254819915,0,0.0228886132917613,0.0494988986856524
"2915001","2925000",2920000.5,"Fst",0.0093477307660802,0,0.0236995858569701,0.0529743812418584
"2916001","2926000",2921000.5,"Fst",0.00550701180297364,0,0.0225003295258982,0.0593122749065218
"2917001","2927000",2922000.5,"Fst",0.00101963417515327,0,0.0244212861001472,0.0645803207043928
"2918001","2928000",2923000.5,"Fst",0,0,0.024184045946614,0.0669997977418473
"2919001","2929000",2924000.5,"Fst",0,0,0.0241348926858253,0.0725390337927567
"2920001","2930000",2925000.5,"Fst",0,0,0.0221738726175492,0.0692069046519729
"2921001","2931000",2926000.5,"Fst",0,0,0.0266204410588953,0.0580473257260566
"2922001","2932000",2927000.5,"Fst",0,0,0.0269895261202652,0.0585929512395463
"2923001","2933000",2928000.5,"Fst",0.0116779831510122,0,0.0270132354295598,0.0655597199838167
"2924001","2934000",2929000.5,"Fst",0.0144715406120052,0,0.0249846412349492,0.0573586786672722
"2925001","2935000",2930000.5,"Fst",0.0147447536207406,0,0.0252200246805695,0.0573902784718866
"2926001","2936000",2931000.5,"Fst",0.018980326420292,0,0.0266346969054602,0.0604065140807905
"2927001","2937000",2932000.5,"Fst",0.0191677233217561,0,0.0257047889695234,0.0656934452371519
"2928001","2938000",2933000.5,"Fst",0.021040853882959,0,0.0280676382577436,0.067238917133321
"2929001","2939000",2934000.5,"Fst",0.0180129980897601,0,0.0333780651613248,0.0844148790160085
"2930001","2940000",2935000.5,"Fst",0.0190542923928856,0,0.0340498628511191,0.0880792543559593
"2931001","2941000",2936000.5,"Fst",0.0240138421511314,0,0.0349022873575087,0.0972896402908779
"2932001","2942000",2937000.5,"Fst",0.0158206584211901,0,0.0323689512462582,0.086610804544749
"2933001","2943000",2938000.5,"Fst",0.00667860221470717,0,0.0340631988564567,0.0907534706146796
"2934001","2944000",2939000.5,"Fst",0.00327565678841613,0,0.0379132776717259,0.0965150109859142
"2935001","2945000",2940000.5,"Fst",0.00179357819176429,0,0.040194214564087,0.0991905257983747
"2936001","2946000",2941000.5,"Fst",0.00072417827087834,0,0.0418226005626926,0.102693999378709
"2937001","2947000",2942000.5,"Fst",0,0,0.0440342858097206,0.109834916577439
"2938001","2948000",2943000.5,"Fst",0,0,0.0439975592756144,0.111791781830575
"2939001","2949000",2944000.5,"Fst",0.000442178280755545,0,0.0511304367970122,0.129956470325596
"2940001","2950000",2945000.5,"Fst",0,0,0.0499107554827527,0.123860884337028
"2941001","2951000",2946000.5,"Fst",0,0,0.0475643689730076,0.113486367779896
"2942001","2952000",2947000.5,"Fst",0,0,0.0502987640017663,0.120116748798287
"2943001","2953000",2948000.5,"Fst",0,0,0.0496108160990142,0.117879261445853
"2944001","2954000",2949000.5,"Fst",0.000632067446482476,0,0.0470999921624664,0.109687092325469
"2945001","2955000",2950000.5,"Fst",0.00391652801643794,0,0.0412657671588442,0.100060772903666
"2946001","2956000",2951000.5,"Fst",0.00888722099096739,0,0.0367780574030011,0.0928149530003972
"2947001","2957000",2952000.5,"Fst",0.0192022662151602,0,0.0373404600039269,0.0962900627793323
"2948001","2958000",2953000.5,"Fst",0.0173379283574887,0,0.0397580592989916,0.137811371181592
"2949001","2959000",2954000.5,"Fst",0.0172892510627479,0,0.0420234093420479,0.155321779305799
"2950001","2960000",2955000.5,"Fst",0.0234037536245739,0,0.0433827344208933,0.170510827486627
"2951001","2961000",2956000.5,"Fst",0.0291012543644122,0,0.0489159194481023,0.203146183915232
"2952001","2962000",2957000.5,"Fst",0.0269226961896504,0,0.0459426589700215,0.196032402203245
"2953001","2963000",2958000.5,"Fst",0.0295427291727014,0,0.0460557313859336,0.19808314886582
"2954001","2964000",2959000.5,"Fst",0.0245481674398417,0,0.0403156009128994,0.176796394539194
"2955001","2965000",2960000.5,"Fst",0.0240712573650801,0,0.0409360807712561,0.179799382493746
"2956001","2966000",2961000.5,"Fst",0.0234210016845318,0,0.0413466082821696,0.18240521267758
"2957001","2967000",2962000.5,"Fst",0.0180669899986562,0,0.0406856608591327,0.179146388600945
"2958001","2968000",2963000.5,"Fst",0.0200344932150708,0,0.0373245749138155,0.158565480857243
"2959001","2969000",2964000.5,"Fst",0.0229020492020897,0,0.0354806370432073,0.159984391974661
"2960001","2970000",2965000.5,"Fst",0.0187560745928501,0,0.0333264742654619,0.138633234807606
"2961001","2971000",2966000.5,"Fst",0.0278889103753202,0,0.0296059289566188,0.12774939219933
"2962001","2972000",2967000.5,"Fst",0.0313267053773999,0,0.0296761321907104,0.115592226124171
"2963001","2973000",2968000.5,"Fst",0.0327578059685217,0,0.0260899693469611,0.0595739868638633
"2964001","2974000",2969000.5,"Fst",0.0455441167917174,0,0.026781440166283,0.0572791177410614
"2965001","2975000",2970000.5,"Fst",0.0395084335819039,0,0.025949917087452,0.0580566771179769
"2966001","2976000",2971000.5,"Fst",0.0406901561800826,0,0.0258741365334036,0.0596951129610307
"2967001","2977000",2972000.5,"Fst",0.0420175700848607,0,0.0274355971947437,0.0623504375193616
"2968001","2978000",2973000.5,"Fst",0.0388737940993795,0,0.0281663355107923,0.0628545732516429
"2969001","2979000",2974000.5,"Fst",0.0368498156034803,0,0.0242596200150716,0.0454025567617784
"2970001","2980000",2975000.5,"Fst",0.0424135902815406,0,0.0218964914424664,0.055852484694446
"2971001","2981000",2976000.5,"Fst",0.0197043652854225,0,0.0231410317107742,0.0615675796723346
"2972001","2982000",2977000.5,"Fst",0.0141889991997057,0,0.0248203636319528,0.0613394610733443
"2973001","2983000",2978000.5,"Fst",0.00991408268242522,0,0.0231176139461777,0.0565600452515579
"2974001","2984000",2979000.5,"Fst",0.00918115679969245,0,0.0245246896656466,0.0496287911058305
"2975001","2985000",2980000.5,"Fst",0.0114989116565337,0,0.0275930529718048,0.0549665071770334
"2976001","2986000",2981000.5,"Fst",0.0116364741179596,0,0.0278991332431773,0.0556135344476152
"2977001","2987000",2982000.5,"Fst",0.00966561056362214,0,0.0267613370294447,0.0522093889716841
"2978001","2988000",2983000.5,"Fst",0.00888570634632235,0,0.0293411557248256,0.056967797093189
"2979001","2989000",2984000.5,"Fst",0,0,0.034009053768252,0.0831367229448764
"2980001","2990000",2985000.5,"Fst",0,0,0.0382131928111298,0.0882398279988642
"2981001","2991000",2986000.5,"Fst",0,0,0.0351054723848597,0.0799263119443503
"2982001","2992000",2987000.5,"Fst",0,0,0.0325568556926165,0.0861251488618624
"2983001","2993000",2988000.5,"Fst",0,0,0.0322437682117055,0.067019630088731
"2984001","2994000",2989000.5,"Fst",0,0,0.0324553108158264,0.0674561384959151
"2985001","2995000",2990000.5,"Fst",0,0,0.0285304019769058,0.0570503518975839
"2986001","2996000",2991000.5,"Fst",0.000847359039309437,0,0.0281843670783736,0.0549499306508652
"2987001","2997000",2992000.5,"Fst",0.00223400135540719,0,0.0303801164601376,0.0597679722423846
"2988001","2998000",2993000.5,"Fst",0.00675149873721814,0,0.0293547358465886,0.0565886148651427
"2989001","2999000",2994000.5,"Fst",0.0101559163681683,0,0.0275870553953786,0.04888097793367
"2990001","3e+06",2995000.5,"Fst",0.0157848582285882,0,0.0255601405748205,0.0535712055290714
"2991001","3001000",2996000.5,"Fst",0.027039627039627,0,0.0146297261632503,0.031556948798328
"2992001","3002000",2997000.5,"Fst",0.0670445344129554,0,0.0260673488026193,0.0573780776714665
"2993001","3003000",2998000.5,"Fst",0.072457541693605,0,0.0286610442689616,0.0658153387568763
"2994001","3004000",2999000.5,"Fst",0.0693309462237253,0,0.0268905158598918,0.0652916517986216
"2995001","3005000",3000000.5,"Fst",0.0768145538325742,0,0.0293681241349245,0.0741693034967331
"2996001","3006000",3001000.5,"Fst",0.0788055575645075,0,0.0314287002573593,0.0788180137841054
"2997001","3007000",3002000.5,"Fst",0.0950850029859249,0,0.0268874702325622,0.0653462330558701
"2998001","3008000",3003000.5,"Fst",0.089886091985095,0,0.0291539504450512,0.0596531033505249
"2999001","3009000",3004000.5,"Fst",0.0873610683102209,0,0.0291804848333588,0.0582574335472915
"3000001","3010000",3005000.5,"Fst",0.0923434821197237,0,0.0316718728265525,0.0601611728625105
"3001001","3011000",3006000.5,"Fst",0.0855677812199552,0,0.0297304069243222,0.0551934085569639
"3002001","3012000",3007000.5,"Fst",0.0603995571043319,0,0.0282310094782749,0.0588690585220002
"3003001","3013000",3008000.5,"Fst",0.0597433313176107,0,0.0278641706892654,0.058118547151892
"3004001","3014000",3009000.5,"Fst",0.0807756277635795,0,0.0289403287583495,0.0810379870234379
"3005001","3015000",3010000.5,"Fst",0.0781712910745169,0,0.0277744340854692,0.073409510653313
"3006001","3016000",3011000.5,"Fst",0.077141925685615,0,0.0270567901142779,0.0811513342611381
"3007001","3017000",3012000.5,"Fst",0.0611480660261147,0,0.0222938321507861,0.0603382407064744
"3008001","3018000",3013000.5,"Fst",0.0655286337217742,0,0.0247631517062267,0.0713261866057772
"3009001","3019000",3014000.5,"Fst",0.0691708754208755,0,0.0264369593833449,0.0751530629503097
"3010001","3020000",3015000.5,"Fst",0.0683886522739511,0,0.0261757778903692,0.0743113013884766
"3011001","3021000",3016000.5,"Fst",0.0724996566136216,0,0.0275221294944089,0.0796481598455909
"3012001","3022000",3017000.5,"Fst",0.0741808544812079,0,0.0284402118151517,0.0822078776674082
"3013001","3023000",3018000.5,"Fst",0.0759418740879289,0,0.0291643475251435,0.0842712193790078
"3014001","3024000",3019000.5,"Fst",0.0481928896543239,0,0.0223317562422664,0.0565584104614001
"3015001","3025000",3020000.5,"Fst",0.0506630663066306,0,0.023795361712056,0.0701468428925043
"3016001","3026000",3021000.5,"Fst",0.178471417269231,0,0.0383722281805974,0.081336367624479
"3017001","3027000",3022000.5,"Fst",0.107887746492078,0,0.0266697969711362,0.0507106277783179
"3018001","3028000",3023000.5,"Fst",0.145666479153312,0,0.0268684135493314,0.0465820365820364
"3019001","3029000",3024000.5,"Fst",0.123481895612688,0,0.0223745431111112,0.0430484995953632
"3020001","3030000",3025000.5,"Fst",0.112758140950393,0,0.0247208943533111,0.0413514709135147
"3021001","3031000",3026000.5,"Fst",0.101255816824045,0,0.0245294151044395,0.0586726188224316
"3022001","3032000",3027000.5,"Fst",0.0997867875430202,0,0.0252975434624414,0.060471946080087
"3023001","3033000",3028000.5,"Fst",0.10100335456311,0,0.0235071882495838,0.0604500875158001
"3024001","3034000",3029000.5,"Fst",0.0867916714347213,0,0.0272265131401678,0.0741322148991412
"3025001","3035000",3030000.5,"Fst",0.0825081681437174,0,0.0266661454146453,0.0710300388152737
"3026001","3036000",3031000.5,"Fst",0.0517156037991859,0,0.0303447809147432,0.0857427593748898
"3027001","3037000",3032000.5,"Fst",0.0481190944087007,0,0.0317043150737877,0.0918309397028512
"3028001","3038000",3033000.5,"Fst",0.0265035096818003,0,0.0277441887970987,0.0767998861061636
"3029001","3039000",3034000.5,"Fst",0.0205597643097645,0,0.0268678852706597,0.0731248490037081
"3030001","3040000",3035000.5,"Fst",0.0102292300010932,0,0.026903457193009,0.0571269516584242
"3031001","3041000",3036000.5,"Fst",0.008823342427283,0,0.0265493099919551,0.0473662621405074
"3032001","3042000",3037000.5,"Fst",0.00606527225287656,0,0.0256622849732177,0.0481058398120602
"3033001","3043000",3038000.5,"Fst",0,0,0.0241545210239777,0.0441475335926549
"3034001","3044000",3039000.5,"Fst",0,0,0.0253081481078801,0.049899386978818
"3035001","3045000",3040000.5,"Fst",0,0,0.0260212892054184,0.0504134306393969
"3036001","3046000",3041000.5,"Fst",0,0,0.0262949169887824,0.0555973154690534
"3037001","3047000",3042000.5,"Fst",0.000120076340299202,0,0.0290571036710796,0.0640091509829901
"3038001","3048000",3043000.5,"Fst",0.00821599475436241,0,0.0273210847062087,0.063005763471879
"3039001","3049000",3044000.5,"Fst",0.0171267900423452,0,0.0285088471496337,0.0592815734883526
"3040001","3050000",3045000.5,"Fst",0.0244607308072146,0,0.029070263275655,0.0703354495925076
"3041001","3051000",3046000.5,"Fst",0.0332349896170578,0,0.0276607636563894,0.0621037449916177
"3042001","3052000",3047000.5,"Fst",0.0415756757862021,0,0.0247382306133259,0.0451408349612727
"3043001","3053000",3048000.5,"Fst",0.0518473790400807,0,0.0221456236873764,0.0519186125970984
"3044001","3054000",3049000.5,"Fst",0.0619364103934272,0,0.0245988366917769,0.0609260709130446
"3045001","3055000",3050000.5,"Fst",0.0613564733330604,0,0.0242154637093069,0.0596359444791315
"3046001","3056000",3051000.5,"Fst",0.0761015759534477,0,0.0258530579417054,0.045937202505567
"3047001","3057000",3052000.5,"Fst",0.0769407262674007,0,0.0229440689644664,0.0493193596112043
"3048001","3058000",3053000.5,"Fst",0.0829566925605828,0,0.0418014111372492,0.098904459791303
"3049001","3059000",3054000.5,"Fst",0.0630970432699368,0,0.0384757264216058,0.114604253430076
"3050001","3060000",3055000.5,"Fst",0.0528617601618325,0,0.0380309301449225,0.124852146508839
"3051001","3061000",3056000.5,"Fst",0.0506583963902062,0,0.0407563878068088,0.12390736861431
"3052001","3062000",3057000.5,"Fst",0.0511446074262278,0,0.0391185479234584,0.115341363004929
"3053001","3063000",3058000.5,"Fst",0.0568678521263083,0,0.0379981602004273,0.10855554019607
"3054001","3064000",3059000.5,"Fst",0.0565231508082676,0,0.0380123912692516,0.107390366883237
"3055001","3065000",3060000.5,"Fst",0.0557925512634059,0,0.0379911392573029,0.107616172425814
"3056001","3066000",3061000.5,"Fst",0.0520765202059121,0,0.0384793446703275,0.115035897266936
"3057001","3067000",3062000.5,"Fst",0.049232057492038,0,0.0383214968542221,0.113987698972307
"3058001","3068000",3063000.5,"Fst",0.0351881884349416,0,0.039827316648279,0.10148031597776
"3059001","3069000",3064000.5,"Fst",0.0429853247988506,0,0.035509843118964,0.0977124075715626
"3060001","3070000",3065000.5,"Fst",0.055701440759261,0,0.037706171817356,0.0920103815937149
"3061001","3071000",3066000.5,"Fst",0.062233476829577,0,0.0338036972549088,0.0843285244297415
"3062001","3072000",3067000.5,"Fst",0.0608372355481532,0,0.0363616720064762,0.0910783815811749
"3063001","3073000",3068000.5,"Fst",0.0366183026576207,0,0.0277067377390823,0.0688058631833732
"3064001","3074000",3069000.5,"Fst",0.0349296640341417,0,0.0289090501804319,0.0695162011390362
"3065001","3075000",3070000.5,"Fst",0.0460383266344518,0,0.02819380986253,0.0719453152211773
"3066001","3076000",3071000.5,"Fst",0.0447152143321231,0,0.0287405858138883,0.0737077083647483
"3067001","3077000",3072000.5,"Fst",0.044152697907745,0,0.0288726172334212,0.0633245815556285
"3068001","3078000",3073000.5,"Fst",0.0436243365492718,0,0.0293406117528109,0.0660665160047114
"3069001","3079000",3074000.5,"Fst",0.0488114385209012,0,0.026026319397534,0.0596890827370601
"3070001","3080000",3075000.5,"Fst",0.0315670517327975,0,0.0216455613299198,0.0560658346612595
"3071001","3081000",3076000.5,"Fst",0.0324024746520022,0,0.0226183933603679,0.0573649917547363
"3072001","3082000",3077000.5,"Fst",0.0363019387295034,0,0.0198566664444419,0.0444714211579806
"3073001","3083000",3078000.5,"Fst",0.0317304761411803,0,0.0272174451810728,0.0501350803728219
"3074001","3084000",3079000.5,"Fst",0.0369316940433393,0,0.0309121403749927,0.0594800957005682
"3075001","3085000",3080000.5,"Fst",0.0161627466607882,0,0.0320601931017717,0.0653330048451999
"3076001","3086000",3081000.5,"Fst",0.0162040678727946,0,0.0329177013141133,0.0646975166830762
"3077001","3087000",3082000.5,"Fst",0.00604297200041881,0,0.0326246146826116,0.0638664114155179
"3078001","3088000",3083000.5,"Fst",0.023018333309955,0,0.0307889188809127,0.0697570196140794
"3079001","3089000",3084000.5,"Fst",0.0243729804585319,0,0.0313420505500753,0.0698381492940265
"3080001","3090000",3085000.5,"Fst",0.0240689645313013,0,0.0322024354221738,0.0716641441621741
"3081001","3091000",3086000.5,"Fst",0.0238849165815457,0,0.0319211061927069,0.0704111945862247
"3082001","3092000",3087000.5,"Fst",0.0194840911808507,0,0.0318179376579878,0.0795590675058723
"3083001","3093000",3088000.5,"Fst",0.0230997775422146,0,0.0331380178600694,0.0789690529310708
"3084001","3094000",3089000.5,"Fst",0.0350614172315894,0,0.0270190499332311,0.0833042969684618
"3085001","3095000",3090000.5,"Fst",0.038326048951049,0,0.0278264959736455,0.0815736086265653
"3086001","3096000",3091000.5,"Fst",0.0388487795294927,0,0.025192458717315,0.0781008507749419
"3087001","3097000",3092000.5,"Fst",0.0409246885904775,0,0.0261271145570089,0.0781815592844349
"3088001","3098000",3093000.5,"Fst",0.0225164545120444,0,0.0298723359052587,0.0563409540858236
"3089001","3099000",3094000.5,"Fst",0.021682729139708,0,0.028181623508415,0.0546979524825544
"3090001","3100000",3095000.5,"Fst",0.0216988638376966,0,0.028160904968397,0.0547492638826318
"3091001","3101000",3096000.5,"Fst",0.0215440466683984,0,0.0283254418110542,0.0540289321343441
"3092001","3102000",3097000.5,"Fst",0.0317816302970763,0,0.0271255458020746,0.0470342454117137
"3093001","3103000",3098000.5,"Fst",0.031637685855204,0,0.0270509770152173,0.0467132953557466
"3094001","3104000",3099000.5,"Fst",0.0200850916037162,0,0.0314881921800081,0.0619063517597528
"3095001","3105000",3100000.5,"Fst",0.0330263816207591,0,0.0285995037327079,0.0592323185576376
"3096001","3106000",3101000.5,"Fst",0.0325907506277577,0,0.0318821723730729,0.0627917609360682
"3097001","3107000",3102000.5,"Fst",0.0267528038577395,0,0.0263525947983853,0.0564059468860793
"3098001","3108000",3103000.5,"Fst",0.036439573520508,0,0.0228715237327194,0.0550995945276525
"3099001","3109000",3104000.5,"Fst",0.037542057538493,0,0.0247984155000984,0.0571861710208608
"3100001","3110000",3105000.5,"Fst",0.0272401702980216,0,0.0246704812285778,0.0888655943129105
"3101001","3111000",3106000.5,"Fst",0.0242370770981812,0,0.0280897165981494,0.0916630139388095
"3102001","3112000",3107000.5,"Fst",0.0227393863386967,0,0.0271754065334059,0.105000452284034
"3103001","3113000",3108000.5,"Fst",0.0181859979101358,0,0.0309952222501335,0.124230630630631
"3104001","3114000",3109000.5,"Fst",0.0149809184421361,0,0.0281570459924238,0.124969519845311
"3105001","3115000",3110000.5,"Fst",0.00377885176235304,0,0.029163094963008,0.115879508154551
"3106001","3116000",3111000.5,"Fst",0.00122819217158854,0,0.0288865570255795,0.102325635037338
"3107001","3117000",3112000.5,"Fst",0.0024044176989253,0,0.0287451606049689,0.10528517920002
"3108001","3118000",3113000.5,"Fst",0.00250721085014716,0,0.0299307799545089,0.109483008483546
"3109001","3119000",3114000.5,"Fst",0.000531642733660909,0,0.0267310058561174,0.0935224529694575
"3110001","3120000",3115000.5,"Fst",0,0,0.02885205263223,0.074744003609983
"3111001","3121000",3116000.5,"Fst",0,0,0.0277140319437949,0.0652873669383702
"3112001","3122000",3117000.5,"Fst",0,0,0.0289835889654073,0.0624892475206864
"3113001","3123000",3118000.5,"Fst",0.00397216951296642,0,0.0313723078827633,0.0725641025641025
"3114001","3124000",3119000.5,"Fst",0.00482340647857871,0,0.0329198239424425,0.0759244308089779
"3115001","3125000",3120000.5,"Fst",0.00621626515673857,0,0.0311686566960506,0.071332743288237
"3116001","3126000",3121000.5,"Fst",0.0125030628639464,0,0.0306480177061875,0.0676813772710982
"3117001","3127000",3122000.5,"Fst",0.0180777829426478,0,0.0295779762398264,0.0718052499441192
"3118001","3128000",3123000.5,"Fst",0.0178258960502573,0,0.0289406544662866,0.0703745440499379
"3119001","3129000",3124000.5,"Fst",0.0194812620198556,0,0.0300018544636225,0.0695464338480105
"3120001","3130000",3125000.5,"Fst",0.0261152191774201,0,0.0333844123270856,0.0829846950424864
"3121001","3131000",3126000.5,"Fst",0.0252248593849629,0,0.0303237383145859,0.0793347458311082
"3122001","3132000",3127000.5,"Fst",0.0262419108607251,0,0.0314464987172264,0.082246133882698
"3123001","3133000",3128000.5,"Fst",0.0222342673444252,0,0.0314071383554296,0.0759748764660356
"3124001","3134000",3129000.5,"Fst",0.0224315599173553,0,0.0311803956664066,0.0728105456877097
"3125001","3135000",3130000.5,"Fst",0.0203727308888406,0,0.0301507922126708,0.0698518733662503
"3126001","3136000",3131000.5,"Fst",0.0116140786032918,0,0.0280937828587128,0.06490239320428
"3127001","3137000",3132000.5,"Fst",0.00230826525313632,0,0.0285517301273738,0.0497304549588335
"3128001","3138000",3133000.5,"Fst",0.00204011412022775,0,0.028139048840421,0.0499065524840302
"3129001","3139000",3134000.5,"Fst",0,0,0.0305548878230133,0.0622862908579469
"3130001","3140000",3135000.5,"Fst",0,0,0.0303465660869904,0.0581792596124828
"3131001","3141000",3136000.5,"Fst",0.000434041008891328,0,0.0289681026240312,0.0797092529622321
"3132001","3142000",3137000.5,"Fst",0.00481256536619867,0,0.0231056041154474,0.0615179926713542
"3133001","3143000",3138000.5,"Fst",0.00703341282241055,0,0.0226678815411091,0.0625624384061713
"3134001","3144000",3139000.5,"Fst",0.00879021114062073,0,0.0227722474620541,0.0596330162951026
"3135001","3145000",3140000.5,"Fst",0.00487497626424704,0,0.0217281208196765,0.0629568690497123
"3136001","3146000",3141000.5,"Fst",0.00669627573444376,0,0.0235309449636024,0.0735049438128523
"3137001","3147000",3142000.5,"Fst",0.0197841082950169,0,0.0266810548257446,0.0819242516445386
"3138001","3148000",3143000.5,"Fst",0.0226111889482213,0,0.0224690003829124,0.0656816441722498
"3139001","3149000",3144000.5,"Fst",0.0213883009101906,0,0.021201302414458,0.058554311057574
"3140001","3150000",3145000.5,"Fst",0.0223079214430647,0,0.0217812378364511,0.0591997276548323
"3141001","3151000",3146000.5,"Fst",0.0224635269882901,0,0.0227855603406842,0.0594194346332639
"3142001","3152000",3147000.5,"Fst",0.0235213934291457,0,0.0256427054272568,0.0634721343906922
"3143001","3153000",3148000.5,"Fst",0.0225975322157912,0,0.0234738899046386,0.0652995022324995
"3144001","3154000",3149000.5,"Fst",0.0211010350395106,0,0.023282497590979,0.0660556996845795
"3145001","3155000",3150000.5,"Fst",0.0275524711907811,0,0.0243773545304524,0.059935983190901
"3146001","3156000",3151000.5,"Fst",0.0303815217100696,0,0.0240247925566467,0.0552588672733659
"3147001","3157000",3152000.5,"Fst",0.0213303491834682,0,0.0201045268652546,0.0391840694275114
"3148001","3158000",3153000.5,"Fst",0.0110417998652175,0,0.0212381401478216,0.0394056394056392
"3149001","3159000",3154000.5,"Fst",0.0144150919745543,0,0.020616661872112,0.0414346333198387
"3150001","3160000",3155000.5,"Fst",0.0173640284546015,0,0.0209415839666789,0.0420151784272568
"3151001","3161000",3156000.5,"Fst",0.0184194890077243,0,0.0221010590971883,0.044214103653356
"3152001","3162000",3157000.5,"Fst",0.0126794473145132,0,0.021209218770124,0.0418142717497555
"3153001","3163000",3158000.5,"Fst",0.0147936196497347,0,0.0216804777689189,0.0364354890030782
"3154001","3164000",3159000.5,"Fst",0.0150554634706106,0,0.0193058230847639,0.0331158905574283
"3155001","3165000",3160000.5,"Fst",0.0157322119877186,0,0.0178237178054773,0.0392065229885599
"3156001","3166000",3161000.5,"Fst",0.0160613781641004,0,0.0162607594155145,0.0338307946524146
"3157001","3167000",3162000.5,"Fst",0.0167126685067404,0,0.0160875618120049,0.0311978019581761
"3158001","3168000",3163000.5,"Fst",0.017401892783378,0,0.0171061216738856,0.0316007930342838
"3159001","3169000",3164000.5,"Fst",0.0338569532696775,0,0.0173996882151853,0.0312474591112361
"3160001","3170000",3165000.5,"Fst",0.0337608632184322,0,0.0178548808182186,0.0321744841061036
"3161001","3171000",3166000.5,"Fst",0.0367153647278093,0,0.0186934605996199,0.0373782879322878
"3162001","3172000",3167000.5,"Fst",0.0357128607298868,0,0.020083960745544,0.0468673764167798
"3163001","3173000",3168000.5,"Fst",0.033749411210551,0,0.0199584701966584,0.0450429320771106
"3164001","3174000",3169000.5,"Fst",0.0280734407413871,0,0.0198785926699277,0.0365962816190534
"3165001","3175000",3170000.5,"Fst",0.0352921321282502,0,0.0227296108130494,0.0528786598326619
"3166001","3176000",3171000.5,"Fst",0.0378526437724739,0,0.0251998635640074,0.0591692543089869
"3167001","3177000",3172000.5,"Fst",0.0483796442413301,0,0.026019681019052,0.0641604658686509
"3168001","3178000",3173000.5,"Fst",0.0472938460782869,0,0.0253357663860231,0.0620388874225456
"3169001","3179000",3174000.5,"Fst",0.0262237912605607,0,0.0246646951743936,0.0601343569303098
"3170001","3180000",3175000.5,"Fst",0.0252713361418428,0,0.0212730108102969,0.0493115038490731
"3171001","3181000",3176000.5,"Fst",0.0205408118451597,0,0.0208072280037298,0.0441121116828664
"3172001","3182000",3177000.5,"Fst",0.019554180548945,0,0.0205139397881526,0.0442400506369175
"3173001","3183000",3178000.5,"Fst",0.0223207292751659,0,0.0209954496360831,0.0405155826378343
"3174001","3184000",3179000.5,"Fst",0.0283520543158104,0,0.0261409375428836,0.049257562228464
"3175001","3185000",3180000.5,"Fst",0.0257412114482872,0,0.0241843771065513,0.043787937009767
"3176001","3186000",3181000.5,"Fst",0.0253804555227715,0,0.0243776815554407,0.04409942707384
"3177001","3187000",3182000.5,"Fst",0.0155735953856014,0,0.0251514604654287,0.0430993287063375
"3178001","3188000",3183000.5,"Fst",0.0159949567410114,0,0.0235736700171529,0.0436939456983513
"3179001","3189000",3184000.5,"Fst",0.0200059539582372,0,0.0232211034419019,0.050572222059697
"3180001","3190000",3185000.5,"Fst",0.0173114081785559,0,0.0229450386669183,0.056368317539782
"3181001","3191000",3186000.5,"Fst",0.017920157357406,0,0.0250873465072947,0.0528134123224675
"3182001","3192000",3187000.5,"Fst",0.0218574426318283,0,0.0204425943926235,0.0474822249080717
"3183001","3193000",3188000.5,"Fst",0.0190123809864273,0,0.0161898978574728,0.0342559593674641
"3184001","3194000",3189000.5,"Fst",0.0179149002983199,0,0.0150023194814037,0.0322159802216755
"3185001","3195000",3190000.5,"Fst",0.0127268933861882,0,0.0157181968411965,0.0296562112351584
"3186001","3196000",3191000.5,"Fst",0.0197683188193484,0,0.0151134192036584,0.0317305403864282
"3187001","3197000",3192000.5,"Fst",0.0205439005439005,0,0.0139725741499398,0.0344936665337167
"3188001","3198000",3193000.5,"Fst",0.0206369411736972,0,0.0134469237190569,0.0349423293668631
"3189001","3199000",3194000.5,"Fst",0.0166014742014742,0,0.0137920559993679,0.0307367424021863
"3190001","3200000",3195000.5,"Fst",0.0185202924928952,0,0.016446429151788,0.0274697170342244
"3191001","3201000",3196000.5,"Fst",0.0183881209156382,0,0.0155348020419514,0.0262464447307331
"3192001","3202000",3197000.5,"Fst",0.0183619216796502,0,0.0155566213169481,0.0263100303951368
"3193001","3203000",3198000.5,"Fst",0.0115961272475796,0,0.021382693328959,0.0396630781499203
"3194001","3204000",3199000.5,"Fst",0.0136112392965183,0,0.0215201167240177,0.0398105615496922
"3195001","3205000",3200000.5,"Fst",0.0158404013857365,0,0.0237351535533396,0.0385042576823398
"3196001","3206000",3201000.5,"Fst",0.00640661201484283,0,0.0222152312717217,0.0397801110319665
"3197001","3207000",3202000.5,"Fst",0.00698682646758508,0,0.0223075623535889,0.0393667791875217
"3198001","3208000",3203000.5,"Fst",0.0168632534579167,0,0.0194482232738159,0.0282767660400143
"3199001","3209000",3204000.5,"Fst",0.0151417766307964,0,0.0188171723039475,0.0288656638592593
"3200001","3210000",3205000.5,"Fst",0.017301593465626,0,0.0185375159398245,0.0315189036723219
"3201001","3211000",3206000.5,"Fst",0.013269060002537,0,0.0190188113269013,0.0361056572759234
"3202001","3212000",3207000.5,"Fst",0.0133879431716369,0,0.0191869035585032,0.0363935520244849
"3203001","3213000",3208000.5,"Fst",0.0178213435232876,0,0.0190970634262327,0.0411758253811564
"3204001","3214000",3209000.5,"Fst",0.0181182627520495,0,0.0186964983405802,0.0400180292628806
"3205001","3215000",3210000.5,"Fst",0.0175449056460927,0,0.0181133701656597,0.0383772364164521
"3206001","3216000",3211000.5,"Fst",0.01982550440134,0,0.0181880986638741,0.0435767956497906
"3207001","3217000",3212000.5,"Fst",0.0207821826475049,0,0.019110740496207,0.050870243668227
"3208001","3218000",3213000.5,"Fst",0.00717037686880861,0,0.0249473674970636,0.0648939537828427
"3209001","3219000",3214000.5,"Fst",0.00866450622548176,0,0.0231085437058564,0.0766166535053084
"3210001","3220000",3215000.5,"Fst",0.00621913297969634,0,0.0250747744477649,0.0818010904305321
"3211001","3221000",3216000.5,"Fst",0.0108219062129675,0,0.015517252794619,0.0319675201733337
"3212001","3222000",3217000.5,"Fst",0.0107470404413637,0,0.0163651295515821,0.029706776502893
"3213001","3223000",3218000.5,"Fst",0.0102184411989585,0,0.0154598259575252,0.0281873414403534
"3214001","3224000",3219000.5,"Fst",0.0145951704545454,0,0.0149091565449293,0.0370706607721084
"3215001","3225000",3220000.5,"Fst",0.018160900305401,0,0.0137600363040167,0.0319439291269282
"3216001","3226000",3221000.5,"Fst",0.0165211308919425,0,0.0137105418632303,0.0306621989786312
"3217001","3227000",3222000.5,"Fst",0.0162787078414371,0,0.0134668026651029,0.0302322211182265
"3218001","3228000",3223000.5,"Fst",0.016437384768118,0,0.0137917130545657,0.0322827499543537
"3219001","3229000",3224000.5,"Fst",0.0165334008453061,0,0.0145647821885831,0.0338498922049199
"3220001","3230000",3225000.5,"Fst",0.0154521551477446,0,0.0139867147789271,0.0325516276985857
"3221001","3231000",3226000.5,"Fst",0.0173410091065047,0,0.0141548446557719,0.0316965832149767
"3222001","3232000",3227000.5,"Fst",0.020032109171182,0,0.0151245362218446,0.0334218038216169
"3223001","3233000",3228000.5,"Fst",0.0162144353187584,0,0.0153736325111163,0.0300424309244596
"3224001","3234000",3229000.5,"Fst",0.0133861195206753,0,0.0186812029735411,0.032809073300357
"3225001","3235000",3230000.5,"Fst",0.00783758262511791,0,0.020213979683782,0.0438468517510434
"3226001","3236000",3231000.5,"Fst",0.00831298055178664,0,0.0241634658713165,0.0541010018704051
"3227001","3237000",3232000.5,"Fst",0.0204151100041511,0,0.0225816888514239,0.0494112736316676
"3228001","3238000",3233000.5,"Fst",0.0212048687916259,0,0.0234024444260991,0.0500763196194668
"3229001","3239000",3234000.5,"Fst",0.0252790159289589,0,0.0214228819253314,0.0400115124197546
"3230001","3240000",3235000.5,"Fst",0.025493273542601,0,0.0201088159615788,0.0382075553625706
"3231001","3241000",3236000.5,"Fst",0.0239746300211416,0,0.0207808673806013,0.0399511604359823
"3232001","3242000",3237000.5,"Fst",0.0194971167887101,0,0.0233611564268617,0.0435717546262158
"3233001","3243000",3238000.5,"Fst",0.0258457330235469,0,0.0270917675222769,0.0503430876671258
"3234001","3244000",3239000.5,"Fst",0.024406541234394,0,0.0254245291381128,0.0476788758030804
"3235001","3245000",3240000.5,"Fst",0.0240547063555914,0,0.0246685513423826,0.0483829958994904
"3236001","3246000",3241000.5,"Fst",0.0235266778211564,0,0.024261841877472,0.0436633608219725
"3237001","3247000",3242000.5,"Fst",0.0126683291770574,0,0.0230927252255426,0.0535199043528318
"3238001","3248000",3243000.5,"Fst",0.0131462768566663,0,0.0229771972712875,0.0525537470269767
"3239001","3249000",3244000.5,"Fst",0.00941761312332323,0,0.0249231845038647,0.0560023063617144
"3240001","3250000",3245000.5,"Fst",0.00298139497744232,0,0.025303103228681,0.0506590569370839
"3241001","3251000",3246000.5,"Fst",0.00226553964694387,0,0.0236734329293836,0.0449025571702152
"3242001","3252000",3247000.5,"Fst",0.00104398280498896,0,0.026053740442283,0.0483181093228942
"3243001","3253000",3248000.5,"Fst",0.000745456699953628,0,0.026357563074269,0.0495316708571186
"3244001","3254000",3249000.5,"Fst",0.00236907224859029,0,0.0277295839669548,0.0527105921601334
"3245001","3255000",3250000.5,"Fst",0.00220183271227348,0,0.0280873908490397,0.0539939692039578
"3246001","3256000",3251000.5,"Fst",0,0,0.0281666407196332,0.0527097349203611
"3247001","3257000",3252000.5,"Fst",0.00851898825049646,0,0.020559739600051,0.0476738998821018
"3248001","3258000",3253000.5,"Fst",0.00535839680224715,0,0.0202100092248652,0.0453793632527809
"3249001","3259000",3254000.5,"Fst",0.00503940503940492,0,0.0208694164774332,0.0470286675787455
"3250001","3260000",3255000.5,"Fst",0.00558427080166213,0,0.0190283279251985,0.0420618141548376
"3251001","3261000",3256000.5,"Fst",0.0104391936991056,0,0.0204636989375503,0.0500074546200008
"3252001","3262000",3257000.5,"Fst",0.0192786255115397,0,0.01961571335441,0.0442757748260595
"3253001","3263000",3258000.5,"Fst",0.0192786255115397,0,0.01961571335441,0.0442757748260595
"3254001","3264000",3259000.5,"Fst",0.0183438664722088,0,0.0200116738298792,0.0439955106621773
"3255001","3265000",3260000.5,"Fst",0.0183628078896217,0,0.0190265469497969,0.0343243573490554
"3256001","3266000",3261000.5,"Fst",0.00874211049279416,0,0.0191697663891546,0.0438312370258904
"3257001","3267000",3262000.5,"Fst",0.00864305087718775,0,0.0210481353312401,0.0561545886794074
"3258001","3268000",3263000.5,"Fst",0.00961954178186464,0,0.0202434749988934,0.0548696276435295
"3259001","3269000",3264000.5,"Fst",0.0097128138171132,0,0.0204731520973962,0.0553946338470505
"3260001","3270000",3265000.5,"Fst",0.0116429893899065,0,0.021575838983452,0.0570087517043678
"3261001","3271000",3266000.5,"Fst",0.0106791147578891,0,0.0218306250968337,0.0582675268558406
"3262001","3272000",3267000.5,"Fst",0.00208477441915222,0,0.0226100877192078,0.0581064352786378
"3263001","3273000",3268000.5,"Fst",0.00252099025729147,0,0.021930262644931,0.0557085961336335
"3264001","3274000",3269000.5,"Fst",0.00254825576521134,0,0.0221204706761235,0.0564675844692947
"3265001","3275000",3270000.5,"Fst",0,0,0.0407239085482141,0.108635456954991
"3266001","3276000",3271000.5,"Fst",0,0,0.0438032731665536,0.113261947285381
"3267001","3277000",3272000.5,"Fst",0,0,0.0427988828410154,0.111050814398855
"3268001","3278000",3273000.5,"Fst",0,0,0.0452320804735974,0.112776635129576
"3269001","3279000",3274000.5,"Fst",0,0,0.0452311419908119,0.112776635129576
"3270001","3280000",3275000.5,"Fst",0,0,0.0457563081201526,0.113270428289076
"3271001","3281000",3276000.5,"Fst",0,0,0.0429572999572449,0.106973335412444
"3272001","3282000",3277000.5,"Fst",0,0,0.0435687456954271,0.105723672834169
"3273001","3283000",3278000.5,"Fst",0,0,0.0416533235084661,0.102822493612621
"3274001","3284000",3279000.5,"Fst",0,0,0.040798879334509,0.100428403496087
"3275001","3285000",3280000.5,"Fst",0.00229242062721902,0,0.027467305369645,0.0692847345580465
"3276001","3286000",3281000.5,"Fst",0.0161732265180541,0,0.012429480066737,0.0205248183744757
"3277001","3287000",3282000.5,"Fst",0.0135235332043842,0,0.0123920225441719,0.0219764150450703
"3278001","3288000",3283000.5,"Fst",0.0159193787047008,0,0.0125096483321864,0.0236756681377879
"3279001","3289000",3284000.5,"Fst",0.0368606627017841,0,0.0146583694754534,0.034329375874261
"3280001","3290000",3285000.5,"Fst",0.0373952874179837,0,0.0151461164268422,0.0331132094879549
"3281001","3291000",3286000.5,"Fst",0.0321249900980445,0,0.0211824368737354,0.0447777586969594
"3282001","3292000",3287000.5,"Fst",0.0358750293634016,0,0.0199813758742718,0.0468485360504052
"3283001","3293000",3288000.5,"Fst",0.037113015783804,0,0.025430713867985,0.055155693917425
"3284001","3294000",3289000.5,"Fst",0.0379033048935961,0,0.0264862557704986,0.0586994247010444
"3285001","3295000",3290000.5,"Fst",0.0423420130957819,0,0.0295079011622744,0.061585919070949
"3286001","3296000",3291000.5,"Fst",0.0302708247600985,0,0.0278735864571374,0.0618483245738306
"3287001","3297000",3292000.5,"Fst",0.0302708247600985,0,0.027872621557278,0.0618483245738306
"3288001","3298000",3293000.5,"Fst",0.0232470941132359,0,0.0241620705936543,0.0513554086434366
"3289001","3299000",3294000.5,"Fst",0.0255143247798023,0,0.0223139761185912,0.0458834889666752
"3290001","3300000",3295000.5,"Fst",0.0253150396472872,0,0.022546900353015,0.0464514525259602
"3291001","3301000",3296000.5,"Fst",0.0286333058412304,0,0.0219465300010139,0.0497729487861067
"3292001","3302000",3297000.5,"Fst",0.0286333058412304,0,0.0219465300010139,0.0497729487861067
"3293001","3303000",3298000.5,"Fst",0.0223265461418559,0,0.0233553744861736,0.0587184696123243
"3294001","3304000",3299000.5,"Fst",0.0232175217521753,0,0.0227225536792925,0.0572815822472617
"3295001","3305000",3300000.5,"Fst",0.0239041405673996,0,0.0234173748831853,0.0591415881908481
"3296001","3306000",3301000.5,"Fst",0.0351858602059084,0,0.0237252645799837,0.0597773741766116
"3297001","3307000",3302000.5,"Fst",0.0346669220516996,0,0.0234346152021328,0.0588769221871646
"3298001","3308000",3303000.5,"Fst",0.0478589420654912,0,0.019571107352411,0.0448197629353515
"3299001","3309000",3304000.5,"Fst",0.00307106943878244,0,0.0122693400282763,0.0203566404319226
"3300001","3310000",3305000.5,"Fst",0.0029647120556211,0,0.0118400361082454,0.019665748393021
"3301001","3311000",3306000.5,"Fst",0,0,0.0333600038484837,0.06326478513686
"3302001","3312000",3307000.5,"Fst",0,0,0.0333600038484837,0.06326478513686
"3303001","3313000",3308000.5,"Fst",0,0,0.034272081438668,0.0675542611469384
"3304001","3314000",3309000.5,"Fst",0,0,0.0339211212648882,0.0661910585677401
"3305001","3315000",3310000.5,"Fst",0,0,0.0316079474882356,0.0597648320905333
"3306001","3316000",3311000.5,"Fst",0,0,0.0320531630771526,0.0597877114530785
"3307001","3317000",3312000.5,"Fst",0.00366291577693001,0,0.02732956902373,0.0543006902471966
"3308001","3318000",3313000.5,"Fst",0.000459288103439537,0,0.0261144083009831,0.0480176723636786
"3309001","3319000",3314000.5,"Fst",0.000868621064060826,0,0.0253907079748096,0.0480795799944735
"3310001","3320000",3315000.5,"Fst",0.00178253119429594,0,0.0252166544052158,0.0477838889692993
"3311001","3321000",3316000.5,"Fst",0.00943466074356125,0,0.0224682141256134,0.0569139093839307
"3312001","3322000",3317000.5,"Fst",0.00897420419332773,0,0.0211877381558079,0.054161751313216
"3313001","3323000",3318000.5,"Fst",0.0095709375370393,0,0.0212137644349392,0.0527625486464222
"3314001","3324000",3319000.5,"Fst",0.00802139037433147,0,0.0222396248799072,0.0550768553891724
"3315001","3325000",3320000.5,"Fst",0.00731928828171957,0,0.0245959390439009,0.0574292959219658
"3316001","3326000",3321000.5,"Fst",0.0076587429060927,0,0.0258222053580194,0.0599118303278144
"3317001","3327000",3322000.5,"Fst",0.000107642626479998,0,0.0280551642146091,0.072902962391689
"3318001","3328000",3323000.5,"Fst",0.00320830684467044,0,0.0223221657364371,0.0472822732059288
"3319001","3329000",3324000.5,"Fst",0.00433117154018281,0,0.0210367106375629,0.0463424131297692
"3320001","3330000",3325000.5,"Fst",0.00512351675142386,0,0.0219886767416425,0.0423550890004564
"3321001","3331000",3326000.5,"Fst",0.00469016982250592,0,0.01995964193595,0.0383820001654396
"3322001","3332000",3327000.5,"Fst",0.00537908163931433,0,0.0157909088473351,0.0251670551670553
"3323001","3333000",3328000.5,"Fst",0.0341090132664411,0,0.0252440008773967,0.0609922178988327
"3324001","3334000",3329000.5,"Fst",0.0336448322839574,0,0.0249024487733192,0.0602739726027398
"3325001","3335000",3330000.5,"Fst",0.0331931155234919,0,0.0245686667459409,0.0595724465558195
"3326001","3336000",3331000.5,"Fst",0.0400143340276378,0,0.0215458913148084,0.0432984409381532
"3327001","3337000",3332000.5,"Fst",0.0403663543290451,0,0.0216218290781749,0.0445682639609698
"3328001","3338000",3333000.5,"Fst",0.0431894880032416,0,0.0210407395050751,0.0478494869392326
"3329001","3339000",3334000.5,"Fst",0.0411715909786826,0,0.0207409292392864,0.0472012735744913
"3330001","3340000",3335000.5,"Fst",0.0395058868944219,0,0.0196836343018247,0.048204770020414
"3331001","3341000",3336000.5,"Fst",0.0333830508474575,0,0.0204180747439253,0.064898751506978
"3332001","3342000",3337000.5,"Fst",0.0349973472242319,0,0.021659393657436,0.069379136189481
"3333001","3343000",3338000.5,"Fst",0.0221215991330933,0,0.0246153919761341,0.089238247132984
"3334001","3344000",3339000.5,"Fst",0.0186768175305032,0,0.0224897448950944,0.0764870931537597
"3335001","3345000",3340000.5,"Fst",0.0175903344265971,0,0.0221432810246621,0.0736921728702551
"3336001","3346000",3341000.5,"Fst",0.00665590421417284,0,0.0253316767807943,0.0812853631579815
"3337001","3347000",3342000.5,"Fst",0.00666453383623233,0,0.0252890778457366,0.0812853631579815
"3338001","3348000",3343000.5,"Fst",0.00597514369113172,0,0.027887650240865,0.0874086903247089
"3339001","3349000",3344000.5,"Fst",0.0133526401445537,0,0.0287117505194724,0.0911246808305631
"3340001","3350000",3345000.5,"Fst",0.0141175745244921,0,0.0279878466798123,0.0901972828443416
"3341001","3351000",3346000.5,"Fst",0.0123626422396196,0,0.0174205538387902,0.0353609299436533
"3342001","3352000",3347000.5,"Fst",0.041374581322362,0,0.019931828321139,0.0381645683684767
"3343001","3353000",3348000.5,"Fst",0.0420548391168869,0,0.0195713595114621,0.0359194103194104
"3344001","3354000",3349000.5,"Fst",0.0502550099650049,0,0.0212296391833912,0.0446341275348909
"3345001","3355000",3350000.5,"Fst",0.0511854294237712,0,0.020143386259871,0.0481208879458332
"3346001","3356000",3351000.5,"Fst",0.0524401913875598,0,0.020105978804559,0.0483159585995591
"3347001","3357000",3352000.5,"Fst",0.0591344757478942,0,0.0229125076486954,0.0515219125660893
"3348001","3358000",3353000.5,"Fst",0.0589335837803706,0,0.0213491038071712,0.0548543689320388
"3349001","3359000",3354000.5,"Fst",0.0547295124682611,0,0.0208499735712382,0.0503850132168717
"3350001","3360000",3355000.5,"Fst",0.0571573621833587,0,0.0220504479862828,0.0524154006912627
"3351001","3361000",3356000.5,"Fst",0.0615266589950133,0,0.0230579513026956,0.0518943149520186
"3352001","3362000",3357000.5,"Fst",0.0383005163584941,0,0.0209902492002014,0.058976791508552
"3353001","3363000",3358000.5,"Fst",0.0381129031041944,0,0.0222787959645221,0.0600353438785561
"3354001","3364000",3359000.5,"Fst",0.0389372578482933,0,0.0219712923780857,0.0586613448827367
"3355001","3365000",3360000.5,"Fst",0.0415268097526609,0,0.0228432528312912,0.0661606791476921
"3356001","3366000",3361000.5,"Fst",0.0398444900211685,0,0.0226532209757992,0.0654339203553863
"3357001","3367000",3362000.5,"Fst",0.0269365548863784,0,0.0253180111585476,0.0491734745423191
"3358001","3368000",3363000.5,"Fst",0.0104542989739365,0,0.0312486515726572,0.0630242057016951
"3359001","3369000",3364000.5,"Fst",0.0106359731610943,0,0.0318168606895984,0.0641536980417464
"3360001","3370000",3365000.5,"Fst",0.0140415389853592,0,0.0304445307949655,0.0612010823472396
"3361001","3371000",3366000.5,"Fst",0.0104519352673578,0,0.028192725594273,0.0574460535090457
"3362001","3372000",3367000.5,"Fst",0.0204316616081324,0,0.0305447144591182,0.0610133012604942
"3363001","3373000",3368000.5,"Fst",0.0164741834911221,0,0.0275047534664511,0.0549500582028463
"3364001","3374000",3369000.5,"Fst",0.0193635304031042,0,0.0243732219617864,0.0539946713383699
"3365001","3375000",3370000.5,"Fst",0.018335973079291,0,0.0229367622058097,0.0546463206988452
"3366001","3376000",3371000.5,"Fst",0.0184852100399125,0,0.0227194250693982,0.0544518580298397
"3367001","3377000",3372000.5,"Fst",0.0181903614663692,0,0.0245390777491176,0.0586964491068783
"3368001","3378000",3373000.5,"Fst",0.0224974431017331,0,0.0311652705508118,0.0789172306090578
"3369001","3379000",3374000.5,"Fst",0.0220845159848535,0,0.0290072404667507,0.0742278437948045
"3370001","3380000",3375000.5,"Fst",0.0190891572378715,0,0.0267915566338613,0.0727949151554026
"3371001","3381000",3376000.5,"Fst",0.0217287463793893,0,0.0274418601568795,0.0776658625959822
"3372001","3382000",3377000.5,"Fst",0.0147405633991901,0,0.0302437893386741,0.0919529253019374
"3373001","3383000",3378000.5,"Fst",0.0184307229168944,0,0.0335379571473009,0.0963935652824541
"3374001","3384000",3379000.5,"Fst",0.0103505493354501,0,0.0240058204643708,0.0687524427547491
"3375001","3385000",3380000.5,"Fst",0.0120882350832671,0,0.0287008415486685,0.0937242249032364
"3376001","3386000",3381000.5,"Fst",0.0122095507041743,0,0.0290412432797519,0.0947605674038942
"3377001","3387000",3382000.5,"Fst",0.0114152134861428,0,0.0318543650125097,0.100592239819672
"3378001","3388000",3383000.5,"Fst",0.0117487292903424,0,0.0319360261133857,0.0985246330202457
"3379001","3389000",3384000.5,"Fst",0.0106736548740666,0,0.0198645690360774,0.0590585858585859
"3380001","3390000",3385000.5,"Fst",0.0120847756118297,0,0.0129997264029336,0.0208147245906077
"3381001","3391000",3386000.5,"Fst",0.0115639150121909,0,0.0141306490602007,0.0237371544362425
"3382001","3392000",3387000.5,"Fst",0.0110606795046931,0,0.0145086619056381,0.0240130494076959
"3383001","3393000",3388000.5,"Fst",0.0237346872985171,0,0.0155254779174246,0.0247546617533682
"3384001","3394000",3389000.5,"Fst",0.016196180957739,0,0.0176199852456661,0.0290896385236008
"3385001","3395000",3390000.5,"Fst",0.0251025388089922,0,0.0188534320494699,0.033137744318525
"3386001","3396000",3391000.5,"Fst",0.0241699179412813,0,0.0270870769750223,0.0542549027771995
"3387001","3397000",3392000.5,"Fst",0.0223134591475068,0,0.0296483983199057,0.0536015611006893
"3388001","3398000",3393000.5,"Fst",0.0222905572050205,0,0.0252272670562146,0.0488162923455336
"3389001","3399000",3394000.5,"Fst",0.020485120260905,0,0.0283561890424675,0.0542974109073349
"3390001","3400000",3395000.5,"Fst",0.0210512615138165,0,0.0279914690510773,0.050412654386962
"3391001","3401000",3396000.5,"Fst",0.0206626407703606,0,0.027762219056642,0.0505594238699246
"3392001","3402000",3397000.5,"Fst",0.0204220311129484,0,0.0274430345224087,0.0500348691642601
"3393001","3403000",3398000.5,"Fst",0.019682581844744,0,0.026117319856949,0.0467111570217225
"3394001","3404000",3399000.5,"Fst",0.0245821400178159,0,0.0266052077500648,0.0439424688961441
"3395001","3405000",3400000.5,"Fst",0.0200521477144996,0,0.0255913326255044,0.0445810331904869
"3396001","3406000",3401000.5,"Fst",0.0154175073022373,0,0.0179440280172676,0.041150040860625
"3397001","3407000",3402000.5,"Fst",0.0173164246558741,0,0.0193098647611014,0.0406404117812452
"3398001","3408000",3403000.5,"Fst",0.0165872808363744,0,0.0216529614227653,0.0438386817881301
"3399001","3409000",3404000.5,"Fst",0.0192194517577822,0,0.0209039697905771,0.0407406243572457
"3400001","3410000",3405000.5,"Fst",0.0216750056535503,0,0.0205805388201611,0.0455464588501243
"3401001","3411000",3406000.5,"Fst",0.0651940703006881,0,0.0269160887877269,0.0902035799079235
"3402001","3412000",3407000.5,"Fst",0.0640625479074045,0,0.026423839842063,0.0884211620517568
"3403001","3413000",3408000.5,"Fst",0.0644274569759693,0,0.0251493466172872,0.0851715912061498
"3404001","3414000",3409000.5,"Fst",0.0611649860268644,0,0.0249963457170045,0.0778871284295556
"3405001","3415000",3410000.5,"Fst",0.0562263696568331,0,0.0217557672364018,0.0668447822849418
"3406001","3416000",3411000.5,"Fst",0.0558104578305531,0,0.021385703193958,0.0680447458605595
"3407001","3417000",3412000.5,"Fst",0.052635105763829,0,0.0227015028182588,0.0623323892149054
"3408001","3418000",3413000.5,"Fst",0.05412481715503,0,0.0232663438500344,0.0648745736043673
"3409001","3419000",3414000.5,"Fst",0.0613942952996989,0,0.0263035799240646,0.061291242412392
"3410001","3420000",3415000.5,"Fst",0.0623418840243485,0,0.0271419478456238,0.0588821567004655
"3411001","3421000",3416000.5,"Fst",0.036321211024005,0,0.0254398227780968,0.056640858901856
"3412001","3422000",3417000.5,"Fst",0.0333945986431891,0,0.0240570610219354,0.0520714649341835
"3413001","3423000",3418000.5,"Fst",0.0301276397850802,0,0.0253646582691518,0.0486019914536202
"3414001","3424000",3419000.5,"Fst",0.029433692836487,0,0.0249326151835039,0.0490404956910676
"3415001","3425000",3420000.5,"Fst",0.0315171861946993,0,0.0277406039658612,0.0562857795513454
"3416001","3426000",3421000.5,"Fst",0.0361203529581948,0,0.0273726733984634,0.0492383951633628
"3417001","3427000",3422000.5,"Fst",0.0377534016081801,0,0.0293838358424438,0.0620555987423921
"3418001","3428000",3423000.5,"Fst",0.036837962500032,0,0.0277200625284823,0.0588713848005983
"3419001","3429000",3424000.5,"Fst",0.0155232766109663,0,0.018342098669471,0.0385474949388679
"3420001","3430000",3425000.5,"Fst",0.00836862130633254,0,0.0134526701967422,0.0336806162976786
"3421001","3431000",3426000.5,"Fst",0.00949471010873582,0,0.0136759799681291,0.0341600727427498
"3422001","3432000",3427000.5,"Fst",0.0119664732430689,0,0.0131533045595046,0.0250029563932004
"3423001","3433000",3428000.5,"Fst",0.00514107725698754,0,0.0110053501386202,0.019617217592624
"3424001","3434000",3429000.5,"Fst",0.00050014415562738,0,0.0135969930297062,0.0332771184091462
"3425001","3435000",3430000.5,"Fst",0,0,0.0389016054571887,0.0959725612088859
"3426001","3436000",3431000.5,"Fst",0,0,0.037686959558243,0.09362243447994
"3427001","3437000",3432000.5,"Fst",0,0,0.0360587842161528,0.0946301352450465
"3428001","3438000",3433000.5,"Fst",0,0,0.0368007743872995,0.0969059770405425
"3429001","3439000",3434000.5,"Fst",0,0,0.0342474543539723,0.0880409853503018
"3430001","3440000",3435000.5,"Fst",0,0,0.0356346460652434,0.0924629426471982
"3431001","3441000",3436000.5,"Fst",0,0,0.0338648442909213,0.0954633527483855
"3432001","3442000",3437000.5,"Fst",0,0,0.0341099895379687,0.0968947870886465
"3433001","3443000",3438000.5,"Fst",0,0,0.0369337938093515,0.102724968502653
"3434001","3444000",3439000.5,"Fst",0,0,0.0345542716515633,0.0979382155081805
"3435001","3445000",3440000.5,"Fst",0.011822782959437,0,0.022026119932788,0.0448030565734656
"3436001","3446000",3441000.5,"Fst",0.0126356140280004,0,0.0230825508548307,0.0439529907368044
"3437001","3447000",3442000.5,"Fst",0.0148788142521824,0,0.0228522923536202,0.0521915543394293
"3438001","3448000",3443000.5,"Fst",0.0125865818397812,0,0.0214962325227926,0.0494744063472511
"3439001","3449000",3444000.5,"Fst",0.0197875837653306,0,0.0192511401309058,0.0590400817591586
"3440001","3450000",3445000.5,"Fst",0.0153367152481413,0,0.0231893787856359,0.0628330807755612
"3441001","3451000",3446000.5,"Fst",0.00284458594317749,0,0.0113200963606117,0.019193827202894
"3442001","3452000",3447000.5,"Fst",0.0025955982190784,0,0.0106837844623051,0.0176742857970497
"3443001","3453000",3448000.5,"Fst",0,0,0.0110218718403968,0.0201452156120384
"3444001","3454000",3449000.5,"Fst",0,0,0.0308477717056148,0.108564732932437
"3445001","3455000",3450000.5,"Fst",0,0,0.0282640631451627,0.0960734379626886
"3446001","3456000",3451000.5,"Fst",0,0,0.0278783586380873,0.0950619213189045
"3447001","3457000",3452000.5,"Fst",0,0,0.0265780251329679,0.0913730667672576
"3448001","3458000",3453000.5,"Fst",0,0,0.0308096658517857,0.101408091206874
"3449001","3459000",3454000.5,"Fst",0,0,0.029028897101718,0.0990677902901036
"3450001","3460000",3455000.5,"Fst",0.000523487567170355,0,0.0234688321825756,0.0714758093224849
"3451001","3461000",3456000.5,"Fst",0.000140620540344916,0,0.0229107400647333,0.0651398916967509
"3452001","3462000",3457000.5,"Fst",0.00118459534517934,0,0.0235832168107976,0.0654940034266134
"3453001","3463000",3458000.5,"Fst",0.00130142986043869,0,0.0219477727141126,0.0609058002886624
"3454001","3464000",3459000.5,"Fst",0.00279442994726165,0,0.0207134573539916,0.0476211216645459
"3455001","3465000",3460000.5,"Fst",0.00172391675873851,0,0.0234208529092334,0.0513220539580924
"3456001","3466000",3461000.5,"Fst",0.00685060040272845,0,0.0200268829348103,0.0423505572441742
"3457001","3467000",3462000.5,"Fst",0.0077114378104477,0,0.0196697934272781,0.0402799307757136
"3458001","3468000",3463000.5,"Fst",0,0,0.0405490355590541,0.101480900958645
"3459001","3469000",3464000.5,"Fst",0,0,0.0405324865595154,0.103038815078685
"3460001","3470000",3465000.5,"Fst",0,0,0.0408268726484514,0.106145756890565
"3461001","3471000",3466000.5,"Fst",0,0,0.034736156236186,0.0774683352349925
"3462001","3472000",3467000.5,"Fst",0,0,0.0343763825356468,0.0775402436324992
"3463001","3473000",3468000.5,"Fst",0,0,0.0357848266325442,0.0806092715566663
"3464001","3474000",3469000.5,"Fst",0,0,0.0358600560398756,0.0807980283706815
"3465001","3475000",3470000.5,"Fst",0.00208195007874157,0,0.0349009956502007,0.0765396287257725
"3466001","3476000",3471000.5,"Fst",0.000367169865515549,0,0.0380376310763301,0.0815060514673988
"3467001","3477000",3472000.5,"Fst",0.000206992070377332,0,0.0393207756768199,0.0833008503327703
"3468001","3478000",3473000.5,"Fst",0.0163863557476888,0,0.0328811713690614,0.079476463086841
"3469001","3479000",3474000.5,"Fst",0.0162118315081986,0,0.0429416486528874,0.112729190089601
"3470001","3480000",3475000.5,"Fst",0.0163216702155027,0,0.0543542272825046,0.147783450269047
"3471001","3481000",3476000.5,"Fst",0.0167047447000691,0,0.0632583139467222,0.170702484142769
"3472001","3482000",3477000.5,"Fst",0.0169646682314342,0,0.0644602633485752,0.16431889858781
"3473001","3483000",3478000.5,"Fst",0.0200894632435252,0,0.0608857331865258,0.159192688122586
"3474001","3484000",3479000.5,"Fst",0.0312044796066687,0,0.0564734139518005,0.145511871449325
"3475001","3485000",3480000.5,"Fst",0.0338021895497105,0,0.0563728830909529,0.141635647307407
"3476001","3486000",3481000.5,"Fst",0.0370105929923282,0,0.0578322753710695,0.141305569435572
"3477001","3487000",3482000.5,"Fst",0.0420125057890385,0,0.0581934687365584,0.139550168350168
"3478001","3488000",3483000.5,"Fst",0.0512125700776999,0,0.0605653380284702,0.144837976251869
"3479001","3489000",3484000.5,"Fst",0.0541056085663935,0,0.057088959024998,0.144731190191291
"3480001","3490000",3485000.5,"Fst",0.0611107977343613,0,0.0533861735814564,0.144382335982279
"3481001","3491000",3486000.5,"Fst",0.0663892813406354,0,0.0512442453874929,0.144028791853401
"3482001","3492000",3487000.5,"Fst",0.0805112770407763,0,0.0495396408039384,0.143574906028781
"3483001","3493000",3488000.5,"Fst",0.0824518235999301,0,0.0424035545177688,0.133059382956418
"3484001","3494000",3489000.5,"Fst",0.0759896496018527,0,0.0411722922541706,0.103857204084751
"3485001","3495000",3490000.5,"Fst",0.0647537790793172,0,0.0422792733177215,0.090309450719956
"3486001","3496000",3491000.5,"Fst",0.0510986442262741,0,0.0417179457556921,0.0766445527935415
"3487001","3497000",3492000.5,"Fst",0.0256474984624241,0,0.0427894823039019,0.083897453802808
"3488001","3498000",3493000.5,"Fst",0.00446896399573882,0,0.0479904544527023,0.0967187881290709
"3489001","3499000",3494000.5,"Fst",0.003058579953365,0,0.0481871428937625,0.0961401721746754
"3490001","3500000",3495000.5,"Fst",0.00249967522780448,0,0.0497072365527835,0.100793391633925
"3491001","3501000",3496000.5,"Fst",0.00203110613386859,0,0.049765332020532,0.112263183045993
"3492001","3502000",3497000.5,"Fst",0.000920668583414663,0,0.0513779607113312,0.117307877283997
"3493001","3503000",3498000.5,"Fst",0,0,0.0536337265532411,0.131907517622632
"3494001","3504000",3499000.5,"Fst",0,0,0.0510944443109526,0.134515211271449
"3495001","3505000",3500000.5,"Fst",0,0,0.0480572720594366,0.131028780790022
"3496001","3506000",3501000.5,"Fst",0,0,0.0465223624113991,0.127686706657081
"3497001","3507000",3502000.5,"Fst",0,0,0.0419893097779686,0.116659895481397
"3498001","3508000",3503000.5,"Fst",0,0,0.0376601536025826,0.0968244542921772
"3499001","3509000",3504000.5,"Fst",0.000997019053939674,0,0.0337609366502407,0.0852863774410912
"3500001","3510000",3505000.5,"Fst",0.00296175339960536,0,0.036083971971763,0.0707413328990736
"3501001","3511000",3506000.5,"Fst",0.00598842823108792,0,0.0346940916983125,0.0631694239202444
"3502001","3512000",3507000.5,"Fst",0.00915282363821723,0,0.0381358749863407,0.0720721125315157
"3503001","3513000",3508000.5,"Fst",0.0123839918495453,0,0.041108317797172,0.0766164675061208
"3504001","3514000",3509000.5,"Fst",0.0163878785464679,0,0.0454621368991166,0.0884602246664535
"3505001","3515000",3510000.5,"Fst",0.0176649216773063,0,0.0437323337960848,0.0857694555051214
"3506001","3516000",3511000.5,"Fst",0.0194436338707583,0,0.0451043983798631,0.0860347055292905
"3507001","3517000",3512000.5,"Fst",0.0315321858660174,0,0.0343629454764535,0.0808790926378908
"3508001","3518000",3513000.5,"Fst",0.0317851576586449,0,0.0325219883520138,0.1121186759952
"3509001","3519000",3514000.5,"Fst",0.0261387730612628,0,0.0350859639055442,0.135958746439878
"3510001","3520000",3515000.5,"Fst",0.0269232926895846,0,0.0373651910646557,0.142603488597262
"3511001","3521000",3516000.5,"Fst",0.0272316095000249,0,0.0386060826187812,0.148817176857184
"3512001","3522000",3517000.5,"Fst",0.0273776091319226,0,0.0391898388870273,0.161053680106941
"3513001","3523000",3518000.5,"Fst",0.0275776573513263,0,0.0404699538985568,0.165083570273163
"3514001","3524000",3519000.5,"Fst",0.0280729953665521,0,0.0441153837459536,0.175862988898679
"3515001","3525000",3520000.5,"Fst",0.0299869139812007,0,0.0458580442702478,0.180834599208593
"3516001","3526000",3521000.5,"Fst",0.0294411194081472,0,0.0472351996538985,0.182868285825976
"3517001","3527000",3522000.5,"Fst",0.0101661840795021,0,0.0531863877281591,0.209860614377998
"3518001","3528000",3523000.5,"Fst",0,0,0.0698227557772838,0.259310369440694
"3519001","3529000",3524000.5,"Fst",0,0,0,0
"3520001","3530000",3525000.5,"Fst",0,0,0,0
"3521001","3531000",3526000.5,"Fst",0.0299244782483299,0,0.0554169841399117,0.125347923048954
"3522001","3532000",3527000.5,"Fst",0.0292678834512143,0,0.0549525169473523,0.129750593406418
"3523001","3533000",3528000.5,"Fst",0.0233181328783896,0,0.0471040923555891,0.115356726037547
"3524001","3534000",3529000.5,"Fst",0.0258517463588638,0,0.0450081022705095,0.106661367826643
"3525001","3535000",3530000.5,"Fst",0.0257775138312546,0,0.0447853024407827,0.105975568548977
"3526001","3536000",3531000.5,"Fst",0.0299381363656308,0,0.0445411925098839,0.10109704898986
"3527001","3537000",3532000.5,"Fst",0.029852871480286,0,0.044156415833895,0.100466392615976
"3528001","3538000",3533000.5,"Fst",0.0297540673738954,0,0.0440073431570122,0.100129190181922
"3529001","3539000",3534000.5,"Fst",0.02970491017461,0,0.0439333716264022,0.0999614363750045
"3530001","3540000",3535000.5,"Fst",0.0508797303221088,0,0.0411402050149835,0.0931806765379143
"3531001","3541000",3536000.5,"Fst",0.0730184283385982,0,0.0395410855991755,0.139586687591534
"3532001","3542000",3537000.5,"Fst",0.0789664574356148,0,0.042419779985421,0.149942479247107
"3533001","3543000",3538000.5,"Fst",0.108925483119032,0,0.0609072007730611,0.198502542325529
"3534001","3544000",3539000.5,"Fst",0.116825867665909,0,0.0696101389510566,0.222957637042144
"3535001","3545000",3540000.5,"Fst",0.117436434813555,0,0.0702587506043234,0.224256263755965
"3536001","3546000",3541000.5,"Fst",0.115747141302406,0,0.0710907404647027,0.222180321155731
"3537001","3547000",3542000.5,"Fst",0.115495031284505,0,0.0708971441965089,0.221936328282689
"3538001","3548000",3543000.5,"Fst",0.116035276498974,0,0.0712488093940723,0.222969476974853
"3539001","3549000",3544000.5,"Fst",0.116035276498974,0,0.0712779341201766,0.223012733621902
"3540001","3550000",3545000.5,"Fst",0.102420446488043,0,0.0608929590719508,0.194934952059995
"3541001","3551000",3546000.5,"Fst",0.00552258881240619,0,0.0170376246289358,0.0375897855537803
"3542001","3552000",3547000.5,"Fst",0.00705183793419073,0,0.0141126397107789,0.0304336369364725
"3543001","3553000",3548000.5,"Fst",0.00749468525925134,0,0.0143415920076054,0.0309156298934834
"3544001","3554000",3549000.5,"Fst",0.00923883183297414,0,0.0145582350660103,0.0313792126876239
"3545001","3555000",3550000.5,"Fst",0.00701858442071956,0,0.0170831880955262,0.0420533314241456
"3546001","3556000",3551000.5,"Fst",0.00747896540978499,0,0.0179068760351086,0.0441307181931406
"3547001","3557000",3552000.5,"Fst",0.00981643699035006,0,0.019698568768656,0.0478843246236078
"3548001","3558000",3553000.5,"Fst",0.0314356660313015,0,0.0476024717576531,0.124781051296553
"3549001","3559000",3554000.5,"Fst",0.0116243603341286,0,0.0371817000966209,0.0869621271979504
"3550001","3560000",3555000.5,"Fst",0.0103304844912043,0,0.0389422043856061,0.0873276410110265
"3551001","3561000",3556000.5,"Fst",0.01214629959728,0,0.0399634732518212,0.0887061837533536
"3552001","3562000",3557000.5,"Fst",0.02913871685338,0,0.0388533441896627,0.0888830641166114
"3553001","3563000",3558000.5,"Fst",0.031434828308348,0,0.0382734928804329,0.0922086830991153
"3554001","3564000",3559000.5,"Fst",0.0313849850654822,0,0.0381913781512965,0.0923224844006324
"3555001","3565000",3560000.5,"Fst",0.0324523145415854,0,0.0395691054407722,0.093353624164823
"3556001","3566000",3561000.5,"Fst",0.0326338457401878,0,0.0394047323123125,0.0925892484260877
"3557001","3567000",3562000.5,"Fst",0.0336701590471838,0,0.038330030485313,0.0976292939458375
"3558001","3568000",3563000.5,"Fst",0.0289705265440215,0,0.0460214592895289,0.139639988556639
"3559001","3569000",3564000.5,"Fst",0.0779089533466965,0,0.0557536095157522,0.16047751901389
"3560001","3570000",3565000.5,"Fst",0.0835498947685296,0,0.0556761882059348,0.161628259306606
"3561001","3571000",3566000.5,"Fst",0.0864371489032608,0,0.0545387247092888,0.160038269960155
"3562001","3572000",3567000.5,"Fst",0.0564387508360344,0,0.0383509127265264,0.132391230731928
"3563001","3573000",3568000.5,"Fst",0.0454679116304825,0,0.0363693597428863,0.120293103701017
"3564001","3574000",3569000.5,"Fst",0.0453781296756502,0,0.0373203770996435,0.121698397877132
"3565001","3575000",3570000.5,"Fst",0.0538153598792471,0,0.03946319535275,0.152719955311285
"3566001","3576000",3571000.5,"Fst",0.0536648841354724,0,0.0415312279160357,0.165212023659762
"3567001","3577000",3572000.5,"Fst",0.0463228779018253,0,0.0441309831071116,0.1578472903653
"3568001","3578000",3573000.5,"Fst",0.0339702760084925,0,0.0368566893081764,0.129234375966558
"3569001","3579000",3574000.5,"Fst",0.0328126906650397,0,0.0348780669994875,0.122826054671643
"3570001","3580000",3575000.5,"Fst",0.0398158803222094,0,0.0398206458970696,0.129953025697707
"3571001","3581000",3576000.5,"Fst",0.0336716479867164,0,0.0339964562823813,0.111386697172997
"3572001","3582000",3577000.5,"Fst",0,0,0.0109876104741411,0.0297326320004367
"3573001","3583000",3578000.5,"Fst",0,0,0.0221236346012932,0.0467554580711722
"3574001","3584000",3579000.5,"Fst",0,0,0.0214463568411063,0.0432320263729385
"3575001","3585000",3580000.5,"Fst",0,0,0.0258800743328232,0.045266992172363
"3576001","3586000",3581000.5,"Fst",0,0,0.0301889407915021,0.0516584631241203
"3577001","3587000",3582000.5,"Fst",0,0,0.0294597605237655,0.058226179701234
"3578001","3588000",3583000.5,"Fst",0,0,0.0293736794265848,0.0589973063973064
"3579001","3589000",3584000.5,"Fst",0,0,0.0295908165179978,0.0592362579281184
"3580001","3590000",3585000.5,"Fst",0,0,0.0291054877574071,0.0578258688926739
"3581001","3591000",3586000.5,"Fst",0,0,0.0294586138198032,0.0633845487989613
"3582001","3592000",3587000.5,"Fst",0,0,0.0300127059686423,0.0640728311460019
"3583001","3593000",3588000.5,"Fst",0,0,0.033627845307841,0.0770317247318532
"3584001","3594000",3589000.5,"Fst",9.06572651725446e-05,0,0.0349237198305698,0.0827771802709537
"3585001","3595000",3590000.5,"Fst",0.000479016973862434,0,0.0343152692534136,0.0895721673718853
"3586001","3596000",3591000.5,"Fst",0.00924531943640217,0,0.0295134271412331,0.0801523084245597
"3587001","3597000",3592000.5,"Fst",0.0373304285820526,0,0.0241345299292201,0.051738875560709
"3588001","3598000",3593000.5,"Fst",0.0436321982713734,0,0.0287043750512132,0.052939398948847
"3589001","3599000",3594000.5,"Fst",0.0387332277574791,0,0.0260578740811103,0.0458064582007305
"3590001","3600000",3595000.5,"Fst",0.0402879646883136,0,0.0252954319260304,0.0438656198534618
"3591001","3601000",3596000.5,"Fst",0.0423305580955131,0,0.0238129849467405,0.0436647706596031
"3592001","3602000",3597000.5,"Fst",0.0461511633850159,0,0.0235861493880266,0.0427421029228697
"3593001","3603000",3598000.5,"Fst",0.0489318332398153,0,0.0243631916954528,0.0445905613721788
"3594001","3604000",3599000.5,"Fst",0.0464581662657043,0,0.0255495462621489,0.0489180961516426
"3595001","3605000",3600000.5,"Fst",0.0501735415832332,0,0.0271039617494089,0.0526500336109385
"3596001","3606000",3601000.5,"Fst",0.050086033839977,0,0.0270668794027784,0.0540232782267032
"3597001","3607000",3602000.5,"Fst",0.0372299145834639,0,0.0235057657596717,0.0413596332934535
"3598001","3608000",3603000.5,"Fst",0.0273292505757435,0,0.0221273920285206,0.0456510954616948
"3599001","3609000",3604000.5,"Fst",0.0310333704589579,0,0.0210219678707525,0.037009567783413
"3600001","3610000",3605000.5,"Fst",0.0308285078931725,0,0.0196597893215922,0.0368761518749404
"3601001","3611000",3606000.5,"Fst",0.031979017172267,0,0.0190712457418317,0.0334421267125821
"3602001","3612000",3607000.5,"Fst",0.0112168808503886,0,0.0217410309368477,0.036578442654392
"3603001","3613000",3608000.5,"Fst",0.00966023875114796,0,0.0249057442246811,0.0368145293332326
"3604001","3614000",3609000.5,"Fst",0.00620734370734377,0,0.012210461090151,0.0217431576636224
"3605001","3615000",3610000.5,"Fst",0.00707135498668543,0,0.0137813236787319,0.0246663734826754
"3606001","3616000",3611000.5,"Fst",0.00654136619158474,0,0.0138496792724797,0.02397075233998
"3607001","3617000",3612000.5,"Fst",0.00440833418677944,0,0.0127645041364342,0.0294733170561563
"3608001","3618000",3613000.5,"Fst",0.00186296931579943,0,0.0128167435756873,0.028579414928851
"3609001","3619000",3614000.5,"Fst",0.00186296931579943,0,0.0128504424739169,0.028579414928851
"3610001","3620000",3615000.5,"Fst",0.00178912568493539,0,0.0123811368293469,0.0274651042836488
"3611001","3621000",3616000.5,"Fst",0,0,0.0142300623690203,0.0357634864752575
"3612001","3622000",3617000.5,"Fst",0,0,0.0135239702596393,0.0338294892425056
"3613001","3623000",3618000.5,"Fst",0.00222001736326427,0,0.0160277904341819,0.0286124291654885
"3614001","3624000",3619000.5,"Fst",0.00478942376328617,0,0.0192287345965248,0.038434856932725
"3615001","3625000",3620000.5,"Fst",0.00743657262277941,0,0.0236385470924617,0.0430936584782738
"3616001","3626000",3621000.5,"Fst",0.00648454325007197,0,0.0239572765272718,0.0426408163972486
"3617001","3627000",3622000.5,"Fst",0.00731951871657743,0,0.0272640875256896,0.0555847375099596
"3618001","3628000",3623000.5,"Fst",0.00730073007300713,0,0.027302286722474,0.0553911374180132
"3619001","3629000",3624000.5,"Fst",0.00704746580852766,0,0.0262892169351382,0.0530506668228858
"3620001","3630000",3625000.5,"Fst",0.018972985153101,0,0.0249258741360378,0.0530315174183729
"3621001","3631000",3626000.5,"Fst",0.0179476547064419,0,0.0243365483263842,0.0509984349070775
"3622001","3632000",3627000.5,"Fst",0.0144220884123953,0,0.0224046572903688,0.0493637851067569
"3623001","3633000",3628000.5,"Fst",0.035013431358688,0,0.0271678693670951,0.0900015724330032
"3624001","3634000",3629000.5,"Fst",0.0591171655391839,0,0.0385717300722666,0.121492375673251
"3625001","3635000",3630000.5,"Fst",0.0637516694456195,0,0.0381844680562262,0.120252615601453
"3626001","3636000",3631000.5,"Fst",0.0581168964730608,0,0.0360470032658959,0.11276133768295
"3627001","3637000",3632000.5,"Fst",0.0581137953455803,0,0.0356464435499734,0.108515569209211
"3628001","3638000",3633000.5,"Fst",0.0574639282110028,0,0.0356479142039811,0.109718143864485
"3629001","3639000",3634000.5,"Fst",0.0573759474405918,0,0.0353686078921139,0.108975636624845
"3630001","3640000",3635000.5,"Fst",0.0573675836004092,0,0.0362999631182634,0.103580712481236
"3631001","3641000",3636000.5,"Fst",0.0550589821368386,0,0.0347092548359205,0.0988286150538756
"3632001","3642000",3637000.5,"Fst",0.056530522617479,0,0.0360595986395676,0.100807252856433
"3633001","3643000",3638000.5,"Fst",0.0558243909023418,0,0.0310960280611895,0.0779317336938156
"3634001","3644000",3639000.5,"Fst",0.0462733181396136,0,0.0262592939894649,0.0511770742569465
"3635001","3645000",3640000.5,"Fst",0.0532608334533051,0,0.0260544737845993,0.0578828381015501
"3636001","3646000",3641000.5,"Fst",0.0524624947701872,0,0.025202368931587,0.0576546407096505
"3637001","3647000",3642000.5,"Fst",0.0509827373121238,0,0.0238669925665134,0.0572621282660676
"3638001","3648000",3643000.5,"Fst",0.028894461859979,0,0.0287984996120171,0.0702293064876959
"3639001","3649000",3644000.5,"Fst",0.0279163215232553,0,0.0301501570667149,0.078844589274302
"3640001","3650000",3645000.5,"Fst",0.0271170286823595,0,0.0283375509739099,0.0772465763659844
"3641001","3651000",3646000.5,"Fst",0.0292556332556332,0,0.0296831992557222,0.0792624499357665
"3642001","3652000",3647000.5,"Fst",0.0311115575645963,0,0.0307100993401602,0.080440020771275
"3643001","3653000",3648000.5,"Fst",0.0262329949781953,0,0.0309865082458997,0.0840934492078221
"3644001","3654000",3649000.5,"Fst",0.0196830819653918,0,0.0309393062647776,0.0840907407532102
"3645001","3655000",3650000.5,"Fst",0.0132041713986986,0,0.0325842194338784,0.0837666375333185
"3646001","3656000",3651000.5,"Fst",0.0147223141367783,0,0.035169768487605,0.0886500790654144
"3647001","3657000",3652000.5,"Fst",0.0138966131907309,0,0.0360848263015161,0.0932205575056985
"3648001","3658000",3653000.5,"Fst",0.0250551267916207,0,0.0261593168189447,0.0603743962293789
"3649001","3659000",3654000.5,"Fst",0.0292049267405046,0,0.0212232560457878,0.0553583741607696
"3650001","3660000",3655000.5,"Fst",0.0377372897700212,0,0.0227030696194569,0.0436957895184582
"3651001","3661000",3656000.5,"Fst",0.0345269173638348,0,0.0232860357943154,0.0489971690292846
"3652001","3662000",3657000.5,"Fst",0.0338252123630489,0,0.0243384335020452,0.0522566664252654
"3653001","3663000",3658000.5,"Fst",0.0185915925601683,0,0.027933860269292,0.0714825912214235
"3654001","3664000",3659000.5,"Fst",0.0240899621212122,0,0.0387063522591735,0.121957124028297
"3655001","3665000",3660000.5,"Fst",0.0300715750279884,0,0.0358732848438853,0.111284597819086
"3656001","3666000",3661000.5,"Fst",0.0281916923617463,0,0.034994846605242,0.106766789710633
"3657001","3667000",3662000.5,"Fst",0.0269533965710246,0,0.0350911765112107,0.103774947668662
"3658001","3668000",3663000.5,"Fst",0.0235681624428427,0,0.0321962569785195,0.0961525109774939
"3659001","3669000",3664000.5,"Fst",0.0225299839006221,0,0.0336694280147353,0.0985282316496826
"3660001","3670000",3665000.5,"Fst",0.0174628005166013,0,0.0375950827539494,0.106651355532805
"3661001","3671000",3666000.5,"Fst",0.0229907079222148,0,0.03531472437413,0.0961815572279408
"3662001","3672000",3667000.5,"Fst",0.0209763291424,0,0.0316326170894966,0.0830549814646291
"3663001","3673000",3668000.5,"Fst",0.0288829653552438,0,0.0316475872025492,0.0758227454333437
"3664001","3674000",3669000.5,"Fst",0.0282121099512405,0,0.0271279374664208,0.0756641534757037
"3665001","3675000",3670000.5,"Fst",0.039442192626906,0,0.0289100194962322,0.0742797634670535
"3666001","3676000",3671000.5,"Fst",0.0421260985065519,0,0.0300792712288185,0.0756237361231223
"3667001","3677000",3672000.5,"Fst",0.0452947759126916,0,0.0287988898972446,0.0652463390994641
"3668001","3678000",3673000.5,"Fst",0.0411913662607831,0,0.0276186145573755,0.0532890554762124
"3669001","3679000",3674000.5,"Fst",0.0282221603368593,0,0.0280616932293928,0.0647165338752901
"3670001","3680000",3675000.5,"Fst",0.0216038957383325,0,0.0294480962837837,0.0695367763850911
"3671001","3681000",3676000.5,"Fst",0.0157281010761017,0,0.0323131961384109,0.0731788613741197
"3672001","3682000",3677000.5,"Fst",0.0133125077213604,0,0.0388221502503574,0.0840181705840466
"3673001","3683000",3678000.5,"Fst",0.0129683069686395,0,0.0395453721527196,0.0845106976593295
"3674001","3684000",3679000.5,"Fst",0.00993547415712559,0,0.0425821868509713,0.0863495245471645
"3675001","3685000",3680000.5,"Fst",0,0,0.0507646124288395,0.0899561746708437
"3676001","3686000",3681000.5,"Fst",0.0821871027982826,0,0.042908200997563,0.0633632693807457
"3677001","3687000",3682000.5,"Fst",0.120576263574308,0,0.0416047259921373,0.0695071920010599
"3678001","3688000",3683000.5,"Fst",0.125159621059945,0,0.0414686642650137,0.0711793397503101
"3679001","3689000",3684000.5,"Fst",0.140117622387178,0,0.0440881838565818,0.0803988292771918
"3680001","3690000",3685000.5,"Fst",0.157022751707735,0,0.0481322523481905,0.0900805982792791
"3681001","3691000",3686000.5,"Fst",0.167877801537306,0,0.0514413982027117,0.0954080749318381
"3682001","3692000",3687000.5,"Fst",0.18498931401846,0,0.0548457046291055,0.104101021037572
"3683001","3693000",3688000.5,"Fst",0.186612528767096,0,0.0553312615681741,0.10489690711899
"3684001","3694000",3689000.5,"Fst",0.197316467760973,0,0.0585821566759323,0.111426171539999
"3685001","3695000",3690000.5,"Fst",0.215833085980014,0,0.061641908817048,0.123183552090904
"3686001","3696000",3691000.5,"Fst",0.235070114498907,0,0.0570008577203246,0.120924649312343
"3687001","3697000",3692000.5,"Fst",0,0,0.0373736061589904,0.0856156501726121
"3688001","3698000",3693000.5,"Fst",0.00846734492943868,0,0.0308203991130821,0.0369370342369585
"3689001","3699000",3694000.5,"Fst",0,0,0,0
"3690001","3700000",3695000.5,"Fst",0,0,0,0
"3691001","3701000",3696000.5,"Fst",0,0,0,0
"3692001","3702000",3697000.5,"Fst",0,0,0,0
"3693001","3703000",3698000.5,"Fst",0,0,0,0
"3694001","3704000",3699000.5,"Fst",0,0,0,0
"3695001","3705000",3700000.5,"Fst",0,0,0,0
"3696001","3706000",3701000.5,"Fst",0,0,0,0
"3697001","3707000",3702000.5,"Fst",0,0,0,0
"3698001","3708000",3703000.5,"Fst",0,0,0,0
"3699001","3709000",3704000.5,"Fst",0,0,0,0
"3700001","3710000",3705000.5,"Fst",0,0,0,0
"3701001","3711000",3706000.5,"Fst",0,0,0,0
"3702001","3712000",3707000.5,"Fst",0,0,0,0
"3703001","3713000",3708000.5,"Fst",0,0,0,0
"3704001","3714000",3709000.5,"Fst",0,0,0,0
"3705001","3715000",3710000.5,"Fst",0,0,0,0
"3706001","3716000",3711000.5,"Fst",0,0,0,0
"3707001","3717000",3712000.5,"Fst",0,0,0,0
"3708001","3718000",3713000.5,"Fst",0,0,0,0
"3709001","3719000",3714000.5,"Fst",0,0,0,0
"3710001","3720000",3715000.5,"Fst",0,0,0,0
"3711001","3721000",3716000.5,"Fst",0,0,0,0
"3712001","3722000",3717000.5,"Fst",0,0,0,0
"3713001","3723000",3718000.5,"Fst",0,0,0,0
"3714001","3724000",3719000.5,"Fst",0,0,0,0
"3715001","3725000",3720000.5,"Fst",0,0,0,0
"3716001","3726000",3721000.5,"Fst",0,0,0,0
"3717001","3727000",3722000.5,"Fst",0,0,0,0
"3718001","3728000",3723000.5,"Fst",0,0,0,0
"3719001","3729000",3724000.5,"Fst",0,0,0,0
"3720001","3730000",3725000.5,"Fst",0,0,0,0
"3721001","3731000",3726000.5,"Fst",0,0,0,0
"3722001","3732000",3727000.5,"Fst",0,0,0,0
"3723001","3733000",3728000.5,"Fst",0,0,0,0
"3724001","3734000",3729000.5,"Fst",0,0,0,0
"3725001","3735000",3730000.5,"Fst",0,0,0,0
"3726001","3736000",3731000.5,"Fst",0,0,0,0
"3727001","3737000",3732000.5,"Fst",0,0,0,0
"3728001","3738000",3733000.5,"Fst",0,0,0,0
"3729001","3739000",3734000.5,"Fst",0,0,0,0
"3730001","3740000",3735000.5,"Fst",0,0,0,0
"3731001","3741000",3736000.5,"Fst",0,0,0,0
"3732001","3742000",3737000.5,"Fst",0,0,0,0
"3733001","3743000",3738000.5,"Fst",0,0,0,0
"3734001","3744000",3739000.5,"Fst",0,0,0,0
"3735001","3745000",3740000.5,"Fst",0,0,0,0
"3736001","3746000",3741000.5,"Fst",0,0,0,0
"3737001","3747000",3742000.5,"Fst",0,0,0,0
"3738001","3748000",3743000.5,"Fst",0,0,0,0
"3739001","3749000",3744000.5,"Fst",0,0,0,0
"3740001","3750000",3745000.5,"Fst",0,0,0,0
"3741001","3751000",3746000.5,"Fst",0,0,0,0
"3742001","3752000",3747000.5,"Fst",0,0,0,0
"3743001","3753000",3748000.5,"Fst",0,0,0,0
"3744001","3754000",3749000.5,"Fst",0,0,0,0
"3745001","3755000",3750000.5,"Fst",0,0,0,0
"3746001","3756000",3751000.5,"Fst",0,0,0,0
"3747001","3757000",3752000.5,"Fst",0,0,0,0
"3748001","3758000",3753000.5,"Fst",0,0,0,0
"3749001","3759000",3754000.5,"Fst",0,0,0,0
"3750001","3760000",3755000.5,"Fst",0,0,0,0
"3751001","3761000",3756000.5,"Fst",0,0,0,0
"3752001","3762000",3757000.5,"Fst",0,0,0,0
"3753001","3763000",3758000.5,"Fst",0,0,0,0
"3754001","3764000",3759000.5,"Fst",0,0,0,0
"3755001","3765000",3760000.5,"Fst",0,0,0,0
"3756001","3766000",3761000.5,"Fst",1.11022302462516e-16,0,1.11022302462516e-16,1.11022302462516e-16
"3757001","3767000",3762000.5,"Fst",0,0,0.00643091209230282,0.00676360250828323
"3758001","3768000",3763000.5,"Fst",0.134504049797301,0,0.0546457347042344,0.124245884952457
"3759001","3769000",3764000.5,"Fst",0.125222740000727,0,0.0505897902358547,0.115958315713864
"3760001","3770000",3765000.5,"Fst",0.124473327823954,0,0.0444525072847496,0.0982940382374845
"3761001","3771000",3766000.5,"Fst",0.116255279220444,0,0.0407087797768539,0.088232050100428
"3762001","3772000",3767000.5,"Fst",0.171050933631579,0,0.0330737462546214,0.0546327302143371
"3763001","3773000",3768000.5,"Fst",0.175282186372626,0,0.0327590385080265,0.0576283735341785
"3764001","3774000",3769000.5,"Fst",0.137445446921937,0,0.0263575136422388,0.0657676632229918
"3765001","3775000",3770000.5,"Fst",0.105925346976429,0,0.0273274535781276,0.0634298736231231
"3766001","3776000",3771000.5,"Fst",0.104955779714833,0,0.0270878619313079,0.0620477789374476
"3767001","3777000",3772000.5,"Fst",0.105252469254794,0,0.0270578083508142,0.0620979937664129
"3768001","3778000",3773000.5,"Fst",0.101718337773505,0,0.0273120472766908,0.0637267656175508
"3769001","3779000",3774000.5,"Fst",0.101919314405586,0,0.0273664501251931,0.0638531449246753
"3770001","3780000",3775000.5,"Fst",0.0962244790841807,0,0.0327173283242526,0.0803600119633032
"3771001","3781000",3776000.5,"Fst",0.0937965315736923,0,0.0304814014728688,0.0791350331867773
"3772001","3782000",3777000.5,"Fst",0.0483761834032839,0,0.0312781739476043,0.099059821212512
"3773001","3783000",3778000.5,"Fst",0.0351580936225697,0,0.0320342934114566,0.102803055955912
"3774001","3784000",3779000.5,"Fst",0.0407953265449349,0,0.0392936014982986,0.122607449603804
"3775001","3785000",3780000.5,"Fst",0.011914711239687,0,0.016899372905562,0.029359819733032
"3776001","3786000",3781000.5,"Fst",0.0117735427933727,0,0.0172757361039546,0.0280926189151885
"3777001","3787000",3782000.5,"Fst",0.0118645609142441,0,0.0164409099728908,0.0274489076814658
"3778001","3788000",3783000.5,"Fst",0.0122064315612703,0,0.0136070117517651,0.0212056219026728
"3779001","3789000",3784000.5,"Fst",0.0205193528202376,0,0.0135932250694995,0.0216400962381671
"3780001","3790000",3785000.5,"Fst",0.0212476547842402,0,0.0129100708944293,0.0196074234218806
"3781001","3791000",3786000.5,"Fst",0.0240635447943952,0,0.0133218409512426,0.0298399423722263
"3782001","3792000",3787000.5,"Fst",0.0244679411594145,0,0.0176401518542838,0.0410039065101382
"3783001","3793000",3788000.5,"Fst",0.0251621106166561,0,0.0192326123571022,0.0456241814456918
"3784001","3794000",3789000.5,"Fst",0.0267759229512752,0,0.0182034144364106,0.0462888772714257
"3785001","3795000",3790000.5,"Fst",0.0272551328379823,0,0.0186212422722938,0.0467221168701858
"3786001","3796000",3791000.5,"Fst",0.0210000751936235,0,0.0207609450776068,0.053434286442313
"3787001","3797000",3792000.5,"Fst",0.0216627980249986,0,0.0213581136438774,0.0558319950018591
"3788001","3798000",3793000.5,"Fst",0.00935446085768199,0,0.0318709587032948,0.0762666332173059
"3789001","3799000",3794000.5,"Fst",0.00241818854471454,0,0.0327190285727443,0.0758255875462857
"3790001","3800000",3795000.5,"Fst",0.00114116210085502,0,0.0333975518791542,0.078692621481083
"3791001","3801000",3796000.5,"Fst",0.00100464100464104,0,0.0389249799598158,0.0858486149044089
"3792001","3802000",3797000.5,"Fst",0,0,0.0471614885449908,0.0954827307768485
"3793001","3803000",3798000.5,"Fst",0,0,0.046336918769227,0.0924242424242424
"3794001","3804000",3799000.5,"Fst",0.0124760076775432,0,0.0427772006531204,0.0870794340463459
"3795001","3805000",3800000.5,"Fst",0.0209122132386775,0,0.0298981914134938,0.0675240088248654
"3796001","3806000",3801000.5,"Fst",0.0210340122715426,0,0.0299234631556919,0.0667737701221625
"3797001","3807000",3802000.5,"Fst",0.0251794848783989,0,0.0279861957261434,0.0621870561079544
"3798001","3808000",3803000.5,"Fst",0.0375699133873009,0,0.0257968939850739,0.0644064884029069
"3799001","3809000",3804000.5,"Fst",0.0370354757545019,0,0.0245036425591204,0.0612483364967166
"3800001","3810000",3805000.5,"Fst",0.0337680929547793,0,0.023164450209725,0.0558808423215202
"3801001","3811000",3806000.5,"Fst",0.0296802276912773,0,0.0218324128649535,0.0515763735060906
"3802001","3812000",3807000.5,"Fst",0.0298492611254605,0,0.0211197365932346,0.0506183789110618
"3803001","3813000",3808000.5,"Fst",0.0308545867127022,0,0.0213907572189109,0.0516491015239974
"3804001","3814000",3809000.5,"Fst",0.0231788921965244,0,0.0202980922580535,0.0521793570950541
"3805001","3815000",3810000.5,"Fst",0.0176720362887396,0,0.0142734862692782,0.0265943730198549
"3806001","3816000",3811000.5,"Fst",0.0183838383838383,0,0.0143466069557416,0.0264742786148555
"3807001","3817000",3812000.5,"Fst",0.0107299682622496,0,0.0161100367553346,0.028599188291723
"3808001","3818000",3813000.5,"Fst",0.0124319819015301,0,0.0140575731964354,0.0291730642684799
"3809001","3819000",3814000.5,"Fst",0.0126465273439336,0,0.0152927118450611,0.0331590047908755
"3810001","3820000",3815000.5,"Fst",0.00934906997394858,0,0.0205136677549991,0.0406902824024473
"3811001","3821000",3816000.5,"Fst",0.0265832534896391,0,0.0224735756915723,0.0372831639103829
"3812001","3822000",3817000.5,"Fst",0.0288896477927281,0,0.0225966168039967,0.0413012302408002
"3813001","3823000",3818000.5,"Fst",0.0309079387026154,0,0.0233556110392565,0.0467314068200356
"3814001","3824000",3819000.5,"Fst",0.0331138890943611,0,0.0260551302124372,0.0544662800929582
"3815001","3825000",3820000.5,"Fst",0.0348614729217228,0,0.0262045275170473,0.0581031148322623
"3816001","3826000",3821000.5,"Fst",0.0339176620771404,0,0.0267582112446876,0.056457523055444
"3817001","3827000",3822000.5,"Fst",0.0338711258783158,0,0.0257135152010988,0.0541245113798853
"3818001","3828000",3823000.5,"Fst",0.0341884416122031,0,0.0303013126198248,0.0613798067783505
"3819001","3829000",3824000.5,"Fst",0.0363998022929199,0,0.0293933306506562,0.0614576552189247
"3820001","3830000",3825000.5,"Fst",0.0395502645502644,0,0.0276817618922198,0.0688419596527738
"3821001","3831000",3826000.5,"Fst",0.0317827022625486,0,0.0313377759601373,0.0927279722970371
"3822001","3832000",3827000.5,"Fst",0.0278951433374222,0,0.0270406983003696,0.0789843988987458
"3823001","3833000",3828000.5,"Fst",0.0250070016243767,0,0.0216093124997655,0.05845890039715
"3824001","3834000",3829000.5,"Fst",0.0234636959042337,0,0.0187727459924527,0.0343523109095607
"3825001","3835000",3830000.5,"Fst",0.0155340985000303,0,0.0149803042636811,0.0293720747497523
"3826001","3836000",3831000.5,"Fst",0.0123019030568263,0,0.0157260117907497,0.0353051227137335
"3827001","3837000",3832000.5,"Fst",0.00995543672014232,0,0.0167313728330676,0.0387638062871708
"3828001","3838000",3833000.5,"Fst",0.00884606127005472,0,0.0166485376651908,0.0367930248947014
"3829001","3839000",3834000.5,"Fst",0.00160880906114869,0,0.0173089686017468,0.0403402082308998
"3830001","3840000",3835000.5,"Fst",0.00511545611323883,0,0.0188736210552064,0.041482554629965
"3831001","3841000",3836000.5,"Fst",0.00551491005674276,0,0.0204531919839451,0.0447745634610373
"3832001","3842000",3837000.5,"Fst",0.00296404965847952,0,0.026241707002481,0.080247211701894
"3833001","3843000",3838000.5,"Fst",0,0,0.0290142975797523,0.0870303569561041
"3834001","3844000",3839000.5,"Fst",0,0,0.0287162021616601,0.0891691241725557
"3835001","3845000",3840000.5,"Fst",0,0,0.0300514609027113,0.0951527755559111
"3836001","3846000",3841000.5,"Fst",0,0,0.0372606646041427,0.0847334365151883
"3837001","3847000",3842000.5,"Fst",0,0,0.0371471739721287,0.0815096154014474
"3838001","3848000",3843000.5,"Fst",0,0,0.0342376823784213,0.0816439250563578
"3839001","3849000",3844000.5,"Fst",0,0,0.0344769894784623,0.0822305163067627
"3840001","3850000",3845000.5,"Fst",0,0,0.0332695077930851,0.0792219411233397
"3841001","3851000",3846000.5,"Fst",0,0,0.0311356282063715,0.0755296847952216
"3842001","3852000",3847000.5,"Fst",0,0,0.0343426552275009,0.0685929845460548
"3843001","3853000",3848000.5,"Fst",0.0149579252849678,0,0.0269250685215315,0.0564487679161781
"3844001","3854000",3849000.5,"Fst",0.0153487875227005,0,0.0271041917716378,0.056500625077034
"3845001","3855000",3850000.5,"Fst",0.0151697996441557,0,0.0266939234422401,0.0563159686755192
"3846001","3856000",3851000.5,"Fst",0.0227462121212122,0,0.0241673706979158,0.0469941096105175
"3847001","3857000",3852000.5,"Fst",0.0226666141104643,0,0.0230957923824189,0.0426478681307162
"3848001","3858000",3853000.5,"Fst",0.0324800622672963,0,0.018587136155951,0.0382673909355203
"3849001","3859000",3854000.5,"Fst",0.0321351194478448,0,0.0184167446853901,0.0378590717136326
"3850001","3860000",3855000.5,"Fst",0.0340872843265189,0,0.0184514011551772,0.0358036424290619
"3851001","3861000",3856000.5,"Fst",0.0309786084122365,0,0.0202502190335972,0.0447297966975433
"3852001","3862000",3857000.5,"Fst",0.0318123563492314,0,0.0208390031541456,0.0459765666674338
"3853001","3863000",3858000.5,"Fst",0.0077404817404817,0,0.0246562229065114,0.0582427840289881
"3854001","3864000",3859000.5,"Fst",0.00425374072676976,0,0.0250776967742942,0.0469763229108207
"3855001","3865000",3860000.5,"Fst",0.0058803161640042,0,0.0231463142858677,0.0433061471940028
"3856001","3866000",3861000.5,"Fst",0.0116929623057629,0,0.0228978568264506,0.0677970535963986
"3857001","3867000",3862000.5,"Fst",0.00728653125616252,0,0.0261995332273641,0.0777040942089486
"3858001","3868000",3863000.5,"Fst",0.00689991950221069,0,0.0260798054284952,0.0849855188403219
"3859001","3869000",3864000.5,"Fst",0.00691210248531482,0,0.0260504290056992,0.0849855188403219
"3860001","3870000",3865000.5,"Fst",0.0051008682328908,0,0.0256645630184796,0.0759136561751684
"3861001","3871000",3866000.5,"Fst",0.0052453279726008,0,0.0263233638013245,0.057489031731456
"3862001","3872000",3867000.5,"Fst",0.00751507037348842,0,0.0238607325813134,0.0513939393939392
"3863001","3873000",3868000.5,"Fst",0.00765862146191876,0,0.0246212357284904,0.0523319865319866
"3864001","3874000",3869000.5,"Fst",0.00927755819060161,0,0.0275047570520375,0.05997063748767
"3865001","3875000",3870000.5,"Fst",0.0132678132678132,0,0.0282509465218183,0.0641846594578095
"3866001","3876000",3871000.5,"Fst",0,0,0.0279359276214959,0.0612974529296409
"3867001","3877000",3872000.5,"Fst",0.00189920846798741,0,0.0300421640714577,0.0739647380540089
"3868001","3878000",3873000.5,"Fst",0.00117357077672298,0,0.0336012691614639,0.0808757740100585
"3869001","3879000",3874000.5,"Fst",0.00158691993267635,0,0.0299945441430343,0.069464644969126
"3870001","3880000",3875000.5,"Fst",0.00117985313889757,0,0.0303616525062668,0.0799885659942776
"3871001","3881000",3876000.5,"Fst",0.00367728214929874,0,0.0325119887270629,0.0860984612170032
"3872001","3882000",3877000.5,"Fst",0.000555834588983783,0,0.0334391539006567,0.0913963116705379
"3873001","3883000",3878000.5,"Fst",0.00137347068040139,0,0.0330235144262928,0.0908548315225465
"3874001","3884000",3879000.5,"Fst",0.00136446431528403,0,0.0327018944597101,0.0900897664617124
"3875001","3885000",3880000.5,"Fst",0,0,0.0338679913215102,0.0905932132925601
"3876001","3886000",3881000.5,"Fst",0.00771877942949684,0,0.0178896233234734,0.0391215815655849
"3877001","3887000",3882000.5,"Fst",0.0229368209345963,0,0.0245376457876354,0.0720571304442271
"3878001","3888000",3883000.5,"Fst",0.0211448775514631,0,0.0233909904625888,0.0696807704567663
"3879001","3889000",3884000.5,"Fst",0.025849183138711,0,0.0249055445162003,0.0581856043703433
"3880001","3890000",3885000.5,"Fst",0.0256038349597673,0,0.0245543204096043,0.0575563625662942
"3881001","3891000",3886000.5,"Fst",0.0264908784301701,0,0.0255170380576004,0.0612942509204191
"3882001","3892000",3887000.5,"Fst",0.0276284482555538,0,0.0266158719107626,0.0671260578588708
"3883001","3893000",3888000.5,"Fst",0.0270407659658475,0,0.0281105114553949,0.0683086091035882
"3884001","3894000",3889000.5,"Fst",0.0277797495310043,0,0.0289752541953048,0.0702371931196883
"3885001","3895000",3890000.5,"Fst",0.0448428547131857,0,0.0278070079143689,0.0571046842426546
"3886001","3896000",3891000.5,"Fst",0.0535955721025704,0,0.0285614122046211,0.0527041659542939
"3887001","3897000",3892000.5,"Fst",0.0528347084072275,0,0.028594661867122,0.0555248116823047
"3888001","3898000",3893000.5,"Fst",0.0545369707574431,0,0.0290475239146214,0.0575172799210976
"3889001","3899000",3894000.5,"Fst",0.0546845143411666,0,0.0271070922075545,0.0548287881276625
"3890001","3900000",3895000.5,"Fst",0.0670399821700058,0,0.0231190757696615,0.0576148303172789
"3891001","3901000",3896000.5,"Fst",0.0638667507166764,0,0.0220167037746327,0.0545967192972143
"3892001","3902000",3897000.5,"Fst",0.0577767817122368,0,0.0220900193406951,0.0524434567215315
"3893001","3903000",3898000.5,"Fst",0.04879321826461,0,0.0215806867256388,0.0531277997364954
"3894001","3904000",3899000.5,"Fst",0.0483765609990393,0,0.021543222530527,0.0511991634272205
"3895001","3905000",3900000.5,"Fst",0.0463677206586078,0,0.021583538633058,0.0467685340380688
"3896001","3906000",3901000.5,"Fst",0.0417547836084422,0,0.0204778857187931,0.0405656395103421
"3897001","3907000",3902000.5,"Fst",0.0409335323253952,0,0.0211454077444401,0.0318627698416704
"3898001","3908000",3903000.5,"Fst",0.0474810349776519,0,0.0208886340124392,0.0346391735686139
"3899001","3909000",3904000.5,"Fst",0.047043816122086,0,0.0195604646457633,0.0315459907091059
"3900001","3910000",3905000.5,"Fst",0.030383777898748,0,0.0205049193156274,0.039665959414613
"3901001","3911000",3906000.5,"Fst",0.0317816310418435,0,0.0225185253530662,0.0422102585800227
"3902001","3912000",3907000.5,"Fst",0.0361896527800015,0,0.0196514141255475,0.0457970367061277
"3903001","3913000",3908000.5,"Fst",0.0683948064930198,0,0.0187192574069641,0.053356575723171
"3904001","3914000",3909000.5,"Fst",0.0668257376918795,0,0.0191824732746625,0.0536706963656244
"3905001","3915000",3910000.5,"Fst",0.0649481698926703,0,0.0191388130550531,0.0373785536334301
"3906001","3916000",3911000.5,"Fst",0.0536066547831254,0,0.0210568717713913,0.0451792775763291
"3907001","3917000",3912000.5,"Fst",0.0523506468293889,0,0.0204479445318137,0.0448519476399153
"3908001","3918000",3913000.5,"Fst",0.0468928688380059,0,0.0202028233589898,0.0456920780379475
"3909001","3919000",3914000.5,"Fst",0.0471227286513911,0,0.022291898694136,0.0482481391456869
"3910001","3920000",3915000.5,"Fst",0.0463608080276937,0,0.0227847184760843,0.0503561221249377
"3911001","3921000",3916000.5,"Fst",0.045546984844601,0,0.0222539144806457,0.0486438422242499
"3912001","3922000",3917000.5,"Fst",0.0453201005005429,0,0.022875220512729,0.0486244232212921
"3913001","3923000",3918000.5,"Fst",0.00620252552131206,0,0.0250087893595768,0.0586354060588158
"3914001","3924000",3919000.5,"Fst",0.00709203567893335,0,0.0254737216123452,0.0596111382449219
"3915001","3925000",3920000.5,"Fst",0.00735641017430377,0,0.0269052382893429,0.0581077134420058
"3916001","3926000",3921000.5,"Fst",0.0222912435790229,0,0.0271262409755835,0.0546096313054275
"3917001","3927000",3922000.5,"Fst",0.0284689538436133,0,0.0361168582375478,0.0792233252891336
"3918001","3928000",3923000.5,"Fst",0.0198526465057494,0,0.0351904820162272,0.0738639988400753
"3919001","3929000",3924000.5,"Fst",0.0426635369292713,0,0.0402484187758865,0.103035183727755
"3920001","3930000",3925000.5,"Fst",0.0436900394075281,0,0.0412077670830686,0.1042466338825
"3921001","3931000",3926000.5,"Fst",0.0494522661647108,0,0.0460449798609656,0.115906098903729
"3922001","3932000",3927000.5,"Fst",0.0609835679308297,0,0.0419950514998446,0.117894024039275
"3923001","3933000",3928000.5,"Fst",0.0688183851942241,0,0.0439236304867542,0.132657810662672
"3924001","3934000",3929000.5,"Fst",0.0686975717439293,0,0.0440874686942932,0.130438306895349
"3925001","3935000",3930000.5,"Fst",0.0638374263966679,0,0.0435542240801022,0.133526843556086
"3926001","3936000",3931000.5,"Fst",0.0566212788679749,0,0.0401546905939842,0.129580729691594
"3927001","3937000",3932000.5,"Fst",0.0551544071306383,0,0.0405212967555956,0.120173130781635
"3928001","3938000",3933000.5,"Fst",0.0655862977602109,0,0.0417377278964616,0.133694090688759
"3929001","3939000",3934000.5,"Fst",0.0517033252331401,0,0.0400998256726982,0.115103017787582
"3930001","3940000",3935000.5,"Fst",0.0517033252331401,0,0.040023686738414,0.114895411210794
"3931001","3941000",3936000.5,"Fst",0.0441936628367129,0,0.0366648612078754,0.0997371521798243
"3932001","3942000",3937000.5,"Fst",0.00946473386522828,0,0.0426958439463547,0.0900782013685237
"3933001","3943000",3938000.5,"Fst",0.0109052611422279,0,0.0394916134411243,0.0823945049149495
"3934001","3944000",3939000.5,"Fst",0.0103839699930907,0,0.0390071277465976,0.0864978986468209
"3935001","3945000",3940000.5,"Fst",0.0244525443110349,0,0.0314415895814379,0.0674499295653862
"3936001","3946000",3941000.5,"Fst",0.0373569465432984,0,0.0287980064109583,0.0681254483960233
"3937001","3947000",3942000.5,"Fst",0.0385117950172551,0,0.0303714756035254,0.0711625410514631
"3938001","3948000",3943000.5,"Fst",0.0385117950172551,0,0.0303714756035254,0.0711625410514631
"3939001","3949000",3944000.5,"Fst",0.0386150583665299,0,0.0315936744238568,0.0752076530904509
"3940001","3950000",3945000.5,"Fst",0.0333082284836671,0,0.0295378362479279,0.0578165502177662
"3941001","3951000",3946000.5,"Fst",0.0331242017207741,0,0.0285156767063588,0.0556321423354873
"3942001","3952000",3947000.5,"Fst",0.0329308509257096,0,0.0254920840655151,0.0516024192885894
"3943001","3953000",3948000.5,"Fst",0.04635504098668,0,0.0294530716690235,0.0516888084423347
"3944001","3954000",3949000.5,"Fst",0.0461631007536714,0,0.0294539328328397,0.0518220006147331
"3945001","3955000",3950000.5,"Fst",0.0462770749285182,0,0.0252340391570053,0.0564238080116136
"3946001","3956000",3951000.5,"Fst",0.0439652843441848,0,0.026642271404992,0.0634583890797922
"3947001","3957000",3952000.5,"Fst",0.0478053418467925,0,0.024219255745441,0.0668614468713429
"3948001","3958000",3953000.5,"Fst",0.0470936502412469,0,0.0238310023904638,0.0658685955177168
"3949001","3959000",3954000.5,"Fst",0.0458203221342965,0,0.0232032769018341,0.0641273356609906
"3950001","3960000",3955000.5,"Fst",0.0504105852653569,0,0.0223461172564851,0.0759339550233534
"3951001","3961000",3956000.5,"Fst",0.0532340165251558,0,0.0235254411266618,0.0818965651522405
"3952001","3962000",3957000.5,"Fst",0.05567157308543,0,0.0259907603085179,0.0869576975190921
"3953001","3963000",3958000.5,"Fst",0.0459155730260742,0,0.0307469757718445,0.0949602790035626
"3954001","3964000",3959000.5,"Fst",0.046869365439423,0,0.0314333888919938,0.0980939913391689
"3955001","3965000",3960000.5,"Fst",0.0393405790996152,0,0.0419913362980597,0.127149149922008
"3956001","3966000",3961000.5,"Fst",0.046962419584898,0,0.0487110563077679,0.141094168688792
"3957001","3967000",3962000.5,"Fst",0.0668135904499541,0,0.0395526919184802,0.0796296296296297
"3958001","3968000",3963000.5,"Fst",0.068934963671806,0,0.0382973963006953,0.0751840241495414
"3959001","3969000",3964000.5,"Fst",0.0785858585858586,0,0.0437926048337121,0.0852433983624252
"3960001","3970000",3965000.5,"Fst",0.0854816824966078,0,0.0464338093517426,0.0920968769917145
"3961001","3971000",3966000.5,"Fst",0.0887295164069073,0,0.0432575224952826,0.0955345668183023
"3962001","3972000",3967000.5,"Fst",0.073210035037043,0,0.0293254574167511,0.0545890956174407
"3963001","3973000",3968000.5,"Fst",0.0704283422800526,0,0.0273159436049989,0.0493134281919315
"3964001","3974000",3969000.5,"Fst",0.069133655065,0,0.026768488063365,0.0482470907841391
"3965001","3975000",3970000.5,"Fst",0.0678857091824489,0,0.0262442743483181,0.0473049400435154
"3966001","3976000",3971000.5,"Fst",0.0894889068044035,0,0.0281772630860681,0.0517360460596773
"3967001","3977000",3972000.5,"Fst",0.0657953434072837,0,0.0284543145693595,0.0706456129076678
"3968001","3978000",3973000.5,"Fst",0.0628455003267596,0,0.0257908515313535,0.0650701600678654
"3969001","3979000",3974000.5,"Fst",0.0624308315011665,0,0.0249836277648072,0.0645234609496689
"3970001","3980000",3975000.5,"Fst",0.0620932930764112,0,0.0248649004491065,0.0641273511258164
"3971001","3981000",3976000.5,"Fst",0.0574894480194323,0,0.0229561150582125,0.0557583791484213
"3972001","3982000",3977000.5,"Fst",0.0558486544098054,0,0.0244003907072763,0.0545430412433333
"3973001","3983000",3978000.5,"Fst",0.0517488305597011,0,0.0256556711620003,0.0584024312460135
"3974001","3984000",3979000.5,"Fst",0.0512784412526296,0,0.0254124826817046,0.0573151482267055
"3975001","3985000",3980000.5,"Fst",0.0522853754588762,0,0.0249541264556975,0.0565209977589397
"3976001","3986000",3981000.5,"Fst",0.0279144923555799,0,0.0225032351815733,0.0622119006791515
"3977001","3987000",3982000.5,"Fst",0.0394837261503929,0,0.023242206272884,0.0574696849159855
"3978001","3988000",3983000.5,"Fst",0.0357089718791845,0,0.0251281523714455,0.0679445972938837
"3979001","3989000",3984000.5,"Fst",0.0272046560702495,0,0.0285989600636947,0.0618555088036925
"3980001","3990000",3985000.5,"Fst",0.0321848282045536,0,0.0269612774742554,0.0618430683648075
"3981001","3991000",3986000.5,"Fst",0.0286857571589345,0,0.0306010291810933,0.0688558324468549
"3982001","3992000",3987000.5,"Fst",0.020858699865472,0,0.0298530165592428,0.0513616084210965
"3983001","3993000",3988000.5,"Fst",0.0251872848754808,0,0.0302618707664713,0.0581477174121648
"3984001","3994000",3989000.5,"Fst",0.0262658925553024,0,0.029003201645247,0.0580321667207628
"3985001","3995000",3990000.5,"Fst",0.0170107890941886,0,0.0307224975541167,0.0681402100339668
"3986001","3996000",3991000.5,"Fst",0.0538435199452149,0,0.0336881367834307,0.0609647910879715
"3987001","3997000",3992000.5,"Fst",0.0526155048691944,0,0.0330430930815751,0.0601750293856896
"3988001","3998000",3993000.5,"Fst",0.0550042255221538,0,0.0335696593576496,0.062817991478138
"3989001","3999000",3994000.5,"Fst",0.0665736456182815,0,0.0313113061376414,0.0732381256252355
"3990001","4e+06",3995000.5,"Fst",0.0645214250533575,0,0.0310979128420517,0.0763312557800464
"3991001","4001000",3996000.5,"Fst",0.103253652870331,0,0.0299584315381114,0.0749584644504315
"3992001","4002000",3997000.5,"Fst",0.110851876175741,0,0.0277672605305726,0.0684183169424489
"3993001","4003000",3998000.5,"Fst",0.107630955334764,0,0.0267017481379147,0.0659830696455409
"3994001","4004000",3999000.5,"Fst",0.106928975620075,0,0.0263652042432129,0.0657368832218772
"3995001","4005000",4000000.5,"Fst",0.12191135870637,0,0.0292874351078985,0.0654640073703344
"3996001","4006000",4001000.5,"Fst",0.120011289867344,0,0.035939043680367,0.0778341526747853
"3997001","4007000",4002000.5,"Fst",0.125104208019055,0,0.0355671630521438,0.0744814554011535
"3998001","4008000",4003000.5,"Fst",0.140366578338678,0,0.0405051255714971,0.0938794682466505
"3999001","4009000",4004000.5,"Fst",0.14385655816449,0,0.0413730353353353,0.0988863081501606
"4000001","4010000",4005000.5,"Fst",0.146354572588141,0,0.0409176915679197,0.093026507678559
"4001001","4011000",4006000.5,"Fst",0.126234857539867,0,0.0395293463125173,0.0953669610591833
"4002001","4012000",4007000.5,"Fst",0.123300995875962,0,0.0435122754105645,0.108874758024665
"4003001","4013000",4008000.5,"Fst",0.120082189822756,0,0.0441789672020151,0.110006522890527
"4004001","4014000",4009000.5,"Fst",0.132260371959943,0,0.0464101699554697,0.113634509809187
"4005001","4015000",4010000.5,"Fst",0.120444693339971,0,0.0339527002323725,0.0740376930472687
"4006001","4016000",4011000.5,"Fst",0.10271815890555,0,0.0258476563330613,0.0540296979111352
"4007001","4017000",4012000.5,"Fst",0.0676883695295227,0,0.0175876191233768,0.0387334718070995
"4008001","4018000",4013000.5,"Fst",0.0539462174914844,0,0.0139341498294425,0.0292109461456589
"4009001","4019000",4014000.5,"Fst",0.0541273596381115,0,0.0137918979796652,0.0289053141120195
"4010001","4020000",4015000.5,"Fst",0.0396482135678407,0,0.0113475881797445,0.0225586684255605
"4011001","4021000",4016000.5,"Fst",0.0562254457728685,0,0.0139670258770493,0.0283839127228181
"4012001","4022000",4017000.5,"Fst",0.0553989050874704,0,0.0139184805496247,0.0280666622731817
"4013001","4023000",4018000.5,"Fst",0.0560727356212806,0,0.0138391610975703,0.0283410238079765
"4014001","4024000",4019000.5,"Fst",0.0460581646638826,0,0.0105611649149105,0.0237974486296959
"4015001","4025000",4020000.5,"Fst",0.0542903468143899,0,0.0126181456254319,0.0283172397838631
"4016001","4026000",4021000.5,"Fst",0.0391503106950262,0,0.0112102827449279,0.0320973890885202
"4017001","4027000",4022000.5,"Fst",0.0998092490927701,0,0.0270307540800852,0.0763200870985302
"4018001","4028000",4023000.5,"Fst",0.107513102415573,0,0.0280080758547944,0.0759863831687035
"4019001","4029000",4024000.5,"Fst",0.102487232696072,0,0.0270071571795619,0.0697952981138822
"4020001","4030000",4025000.5,"Fst",0.10027142414883,0,0.026270561081754,0.0680391259830513
"4021001","4031000",4026000.5,"Fst",0.0237783102029745,0,0.0139311407325564,0.0209243270695785
"4022001","4032000",4027000.5,"Fst",0.0394080338266384,0,0.0238309231382175,0.0469660566278258
"4023001","4033000",4028000.5,"Fst",0.0358443932124536,0,0.0234468078727237,0.0542425455474443
"4024001","4034000",4029000.5,"Fst",0.0307957625030796,0,0.0208506680784522,0.052726113502258
"4025001","4035000",4030000.5,"Fst",0.0302850835868307,0,0.0205454673674067,0.0518671856744133
"4026001","4036000",4031000.5,"Fst",0.0322793148880105,0,0.0212062859870534,0.0523457592938976
"4027001","4037000",4032000.5,"Fst",0.0314323357801619,0,0.0202081158331439,0.050480771318944
"4028001","4038000",4033000.5,"Fst",0.0267460154593336,0,0.0218193352099071,0.0552232823197105
"4029001","4039000",4034000.5,"Fst",0.0239471639471639,0,0.0218824366694865,0.0561123132482073
"4030001","4040000",4035000.5,"Fst",0.0243848405728302,0,0.0223470488062513,0.057244891808812
"4031001","4041000",4036000.5,"Fst",0.0227642807384186,0,0.021714009085031,0.0560208625411331
"4032001","4042000",4037000.5,"Fst",0.0992408514207823,0,0.0272909212376312,0.0508553621319581
"4033001","4043000",4038000.5,"Fst",0.108236208236208,0,0.0256697919348034,0.0546865576531367
"4034001","4044000",4039000.5,"Fst",0.123541393314589,0,0.029689245179753,0.0634088323508119
"4035001","4045000",4040000.5,"Fst",0.105980753480754,0,0.0236330406513663,0.0520530436171912
"4036001","4046000",4041000.5,"Fst",0.104023569023569,0,0.0228653566657811,0.0488125018393714
"4037001","4047000",4042000.5,"Fst",0.11046304630463,0,0.0250376228446826,0.0516881911032331
"4038001","4048000",4043000.5,"Fst",0.112278775680319,0,0.0255379505550521,0.0527160812672177
"4039001","4049000",4044000.5,"Fst",0.102144479017744,0,0.0235974251791941,0.0469293323094494
"4040001","4050000",4045000.5,"Fst",0.0960233220010555,0,0.0236557342369807,0.0421066082511865
"4041001","4051000",4046000.5,"Fst",0.0983061292764953,0,0.0243310102967347,0.042114156268568
"4042001","4052000",4047000.5,"Fst",0.0224937903626428,0,0.0167189560324313,0.0272611501837864
"4043001","4053000",4048000.5,"Fst",0.0215440625334619,0,0.0171544880548099,0.0303311900627337
"4044001","4054000",4049000.5,"Fst",0.0211682037768995,0,0.0185826636164666,0.0300631646278083
"4045001","4055000",4050000.5,"Fst",0.0162878787878787,0,0.0317454261721433,0.0611018521072934
"4046001","4056000",4051000.5,"Fst",0,0,0.0361295498234904,0.0667538875598086
"4047001","4057000",4052000.5,"Fst",0.00507493441247375,0,0.0300734984092245,0.0566529602507169
"4048001","4058000",4053000.5,"Fst",0.00395375880703197,0,0.0271393139662379,0.0515933175507645
"4049001","4059000",4054000.5,"Fst",0.0485574609285949,0,0.0260898723678162,0.048523155422927
"4050001","4060000",4055000.5,"Fst",0.0523545576470368,0,0.0257007572057018,0.0466614525035007
"4051001","4061000",4056000.5,"Fst",0.05046006624954,0,0.0245877620225269,0.0428071456347665
"4052001","4062000",4057000.5,"Fst",0.101439862989315,0,0.0347304244245303,0.110463796260066
"4053001","4063000",4058000.5,"Fst",0.0969363225949026,0,0.0322268319572893,0.104252945498082
"4054001","4064000",4059000.5,"Fst",0.0961350777144135,0,0.0319444814319859,0.103386491810356
"4055001","4065000",4060000.5,"Fst",0.104894404052552,0,0.0326910082746889,0.0986143661856008
"4056001","4066000",4061000.5,"Fst",0.113044518794005,0,0.0315527553935992,0.0985843804676316
"4057001","4067000",4062000.5,"Fst",0.117136398954581,0,0.0337607900508957,0.104589416431522
"4058001","4068000",4063000.5,"Fst",0.106073149090166,0,0.0324023970269642,0.100051409031954
"4059001","4069000",4064000.5,"Fst",0.0928668233699679,0,0.035372718972953,0.11295503268387
"4060001","4070000",4065000.5,"Fst",0.0882938910565946,0,0.0331717503794743,0.105909090909091
"4061001","4071000",4066000.5,"Fst",0.0891018803522994,0,0.0343765655678314,0.106918011542576
"4062001","4072000",4067000.5,"Fst",0.0489968629167578,0,0.0248641630053721,0.0722385350834549
"4063001","4073000",4068000.5,"Fst",0.0503023096602169,0,0.0259455243552713,0.0772898772898774
"4064001","4074000",4069000.5,"Fst",0.0503023096602169,0,0.0259444334394745,0.0771651011964665
"4065001","4075000",4070000.5,"Fst",0.0413271038175155,0,0.027488056091421,0.0765861917227904
"4066001","4076000",4071000.5,"Fst",0.0396723499229193,0,0.0276958290686842,0.0775695627484384
"4067001","4077000",4072000.5,"Fst",0.0425255007073188,0,0.0268564316489018,0.0752571188186315
"4068001","4078000",4073000.5,"Fst",0.0608255688142664,0,0.0252874304051995,0.0831928229264243
"4069001","4079000",4074000.5,"Fst",0.061492517144691,0,0.023712766164142,0.0797380194640468
"4070001","4080000",4075000.5,"Fst",0.0868847202180535,0,0.0246728713844131,0.0689016371790675
"4071001","4081000",4076000.5,"Fst",0.087465406838735,0,0.0252275559638632,0.0693771948184843
"4072001","4082000",4077000.5,"Fst",0.0771476942671202,0,0.0204135536453066,0.0431527109097201
"4073001","4083000",4078000.5,"Fst",0.0728733292024429,0,0.019496614797004,0.0404154905387039
"4074001","4084000",4079000.5,"Fst",0.096678356262926,0,0.0259792337656966,0.0533145675537201
"4075001","4085000",4080000.5,"Fst",0.0895524715421799,0,0.024167684258181,0.0448794398418327
"4076001","4086000",4081000.5,"Fst",0.0959687194525903,0,0.0253061048080693,0.0478897861132819
"4077001","4087000",4082000.5,"Fst",0.0975857475857476,0,0.0277726660716782,0.0502557489791532
"4078001","4088000",4083000.5,"Fst",0.0992471296819123,0,0.0319107735767864,0.0576093653727665
"4079001","4089000",4084000.5,"Fst",0.104291639582753,0,0.0323694379624441,0.0685314719169754
"4080001","4090000",4085000.5,"Fst",0.07352837575355,0,0.0255313254251674,0.0539692442253904
"4081001","4091000",4086000.5,"Fst",0.0755474938768818,0,0.0259775802442356,0.0542729662387468
"4082001","4092000",4087000.5,"Fst",0.0581376837293612,0,0.0283731576437485,0.0665419312702025
"4083001","4093000",4088000.5,"Fst",0.0602194140575883,0,0.0294129165475554,0.0662241401418227
"4084001","4094000",4089000.5,"Fst",0.016068686868687,0,0.0329972549833924,0.0687191791015705
"4085001","4095000",4090000.5,"Fst",0.00666258086482807,0,0.0292366094863145,0.0623214571382864
"4086001","4096000",4091000.5,"Fst",0.0247287548777805,0,0.0262403040921173,0.0594998831502688
"4087001","4097000",4092000.5,"Fst",0.0210331583921498,0,0.0245385826318902,0.0539347912364373
"4088001","4098000",4093000.5,"Fst",0.0201792896333605,0,0.0212338652684514,0.0472499695092057
"4089001","4099000",4094000.5,"Fst",0.019579732841323,0,0.0192229439519088,0.0442603255779769
"4090001","4100000",4095000.5,"Fst",0.0202975351063619,0,0.0202717188032979,0.0468781726681181
"4091001","4101000",4096000.5,"Fst",0.0159518036039843,0,0.0218665414201246,0.049111395907998
"4092001","4102000",4097000.5,"Fst",0.0214744413049062,0,0.0270312490404656,0.0547455807784192
"4093001","4103000",4098000.5,"Fst",0.0651334364537034,0,0.0250033872757827,0.0469121196346599
"4094001","4104000",4099000.5,"Fst",0.0610418570905249,0,0.0246232945118747,0.0434414314094635
"4095001","4105000",4100000.5,"Fst",0.0586970333466419,0,0.0239002022578526,0.0423325987311675
"4096001","4106000",4101000.5,"Fst",0.0500763246464238,0,0.0243225411532618,0.0461763636282008
"4097001","4107000",4102000.5,"Fst",0.054844225877303,0,0.0216385408156649,0.0404432722670989
"4098001","4108000",4103000.5,"Fst",0.0575449757165334,0,0.0226213564906195,0.039915226717257
"4099001","4109000",4104000.5,"Fst",0.0533050547896782,0,0.0216652097255725,0.0366846328901665
"4100001","4110000",4105000.5,"Fst",0.052621477798133,0,0.0213739467570387,0.036217008797654
"4101001","4111000",4106000.5,"Fst",0.0503657262277952,0,0.0183090830320023,0.0338754848997918
"4102001","4112000",4107000.5,"Fst",0.0469009245724084,0,0.0187781278952401,0.0338965157759997
"4103001","4113000",4108000.5,"Fst",0.00948974936347446,0,0.0172209109005578,0.0305821371610845
"4104001","4114000",4109000.5,"Fst",0.00737289720386036,0,0.0172478556339183,0.0295711816993917
"4105001","4115000",4110000.5,"Fst",0.00809361531522501,0,0.015759303638534,0.0306533380992995
"4106001","4116000",4111000.5,"Fst",0.0550882303053699,0,0.0256190583859506,0.0646635748006764
"4107001","4117000",4112000.5,"Fst",0.0544982811182461,0,0.0265429726517962,0.0656233977808225
"4108001","4118000",4113000.5,"Fst",0.0565393149144403,0,0.0273154785006573,0.0681900419742365
"4109001","4119000",4114000.5,"Fst",0.079829120804457,0,0.0272339514255606,0.0616317864725509
"4110001","4120000",4115000.5,"Fst",0.0803810647750255,0,0.0274347404779998,0.0620533805655653
"4111001","4121000",4116000.5,"Fst",0.0908584966700234,0,0.0296036275557779,0.0638748751505788
"4112001","4122000",4117000.5,"Fst",0.0992049775319737,0,0.0328450056370458,0.0735872317091667
"4113001","4123000",4118000.5,"Fst",0.100421674745999,0,0.0327937984676727,0.0741605286816081
"4114001","4124000",4119000.5,"Fst",0.100869943453676,0,0.0328453565987442,0.0742556703413477
"4115001","4125000",4120000.5,"Fst",0.0884775390549062,0,0.0267089633312018,0.0735946754448142
