"start","end","position","variable","value","Q1Fst","Q3Fst","maxFst"
"1","10000",5000.5,"Fst",0.0385725229826354,0,0.0336392747232242,0.0520723766591535
"1001","11000",6000.5,"Fst",0.0372163653885464,0,0.0304795804336036,0.0528645378933288
"2001","12000",7000.5,"Fst",0.148256211534078,0,0.0260902288280888,0.0686000659000155
"3001","13000",8000.5,"Fst",0.144790739091719,0,0.0254594861822982,0.0670920268969468
"4001","14000",9000.5,"Fst",0.132022697879345,0,0.0236155340574408,0.0613339782913759
"5001","15000",10000.5,"Fst",0.124360198038592,0,0.0245205057930884,0.058785293148277
"6001","16000",11000.5,"Fst",0.126146440046777,0,0.0247819430130459,0.0597113018479001
"7001","17000",12000.5,"Fst",0.12160481706918,0,0.0216366627144193,0.0538643642680748
"8001","18000",13000.5,"Fst",0.119728490915727,0,0.0208326872940678,0.0564786868448666
"9001","19000",14000.5,"Fst",0.141274527452745,0,0.0206519307093027,0.0717579247132011
"10001","20000",15000.5,"Fst",0.141470625349269,0,0.0206825707878465,0.0716258819157326
"11001","21000",16000.5,"Fst",0.144670013013571,0,0.0204857276671537,0.0745437695717792
"12001","22000",17000.5,"Fst",0.0463066179768084,0,0.015608793030079,0.0391213895205381
"13001","23000",18000.5,"Fst",0.0468366066361318,0,0.0153826829178971,0.0396694214876032
"14001","24000",19000.5,"Fst",0.0528216664461206,0,0.0168575428221528,0.0441389679428663
"15001","25000",20000.5,"Fst",0.0501667683546878,0,0.0174835261859055,0.0435169346561751
"16001","26000",21000.5,"Fst",0.0511275546159268,0,0.0178781006000286,0.044151336341548
"17001","27000",22000.5,"Fst",0.00861560960922225,0,0.0154274196675632,0.0279541829781066
"18001","28000",23000.5,"Fst",0.0132966023875115,0,0.0129974876015065,0.0165718165944512
"19001","29000",24000.5,"Fst",0.0147244254626804,0,0.0142279928716099,0.0181133809288188
"20001","30000",25000.5,"Fst",0.0146262626262627,0,0.0142915920593767,0.0179567810936992
"21001","31000",26000.5,"Fst",0.0155598538577261,0,0.0150745641616884,0.0189969604863223
"22001","32000",27000.5,"Fst",0.0191986983933291,0,0.0140049431062,0.0217864923747275
"23001","33000",28000.5,"Fst",0.018051948051948,0,0.0160228799413753,0.0206896551724137
"24001","34000",29000.5,"Fst",0.0288223140495869,0,0.016279610616909,0.026610644257703
"25001","35000",30000.5,"Fst",0.00062365075557691,0,0.0427513506929699,0.111762065095399
"26001","36000",31000.5,"Fst",0.000608661724541548,0,0.0417150070712604,0.10955297223954
"27001","37000",32000.5,"Fst",0.000637385086823206,0,0.0437282636689115,0.114398406984759
"28001","38000",33000.5,"Fst",0.000637385086823206,0,0.0437282636689115,0.114398406984759
"29001","39000",34000.5,"Fst",0.00343739559746081,0,0.0394705484136621,0.104688548917076
"30001","40000",35000.5,"Fst",0.00336996870223449,0,0.0387558730916727,0.102458591237595
"31001","41000",36000.5,"Fst",0.00391855551286968,0,0.0368187078553154,0.0996858288770055
"32001","42000",37000.5,"Fst",0.00131416837782339,0,0.039306220981249,0.106078244611423
"33001","43000",38000.5,"Fst",0.00122605363984674,0,0.0368926419696719,0.100353757842745
"34001","44000",39000.5,"Fst",0.145189929561053,0,0.0319874508155811,0.105905581650046
"35001","45000",40000.5,"Fst",0.217378787878788,0,0.0317491487055343,0.102219787199146
"36001","46000",41000.5,"Fst",0.225848091302637,0,0.0332457174928755,0.106499323744564
"37001","47000",42000.5,"Fst",0.230030463363797,0,0.0339251249943754,0.108976052203741
"38001","48000",43000.5,"Fst",0.220684105514953,0,0.03325711382124,0.103798082988006
"39001","49000",44000.5,"Fst",0.218183856730779,0,0.0369629490600426,0.107772284331503
"40001","50000",45000.5,"Fst",0.205360277841386,0,0.0336577473242791,0.101688314454272
"41001","51000",46000.5,"Fst",0.205081921952799,0,0.0342016284004998,0.100884899732805
"42001","52000",47000.5,"Fst",0.208754639454991,0,0.0348838291623762,0.102854228254986
"43001","53000",48000.5,"Fst",0.217013217279175,0,0.036301245961801,0.107032910372259
"44001","54000",49000.5,"Fst",0.03941651989342,0,0.0231186477744526,0.0404720502654703
"45001","55000",50000.5,"Fst",0.0413580685668254,0,0.0239107051314352,0.0420484655778773
"46001","56000",51000.5,"Fst",0.0310193804634996,0,0.0187077457102142,0.0342585619508694
"47001","57000",52000.5,"Fst",0.0235635038913727,0,0.015734936926388,0.0350826880795335
"48001","58000",53000.5,"Fst",0.0245117845117844,0,0.0146781197199259,0.0319181712929739
"49001","59000",54000.5,"Fst",0.0102552239956818,0,0.0157854431877085,0.0242727814820839
"50001","60000",55000.5,"Fst",0.0197205912127962,0,0.0148572020706572,0.0226059219194229
"51001","61000",56000.5,"Fst",0.0200028453549581,0,0.0158634751470511,0.02397976979421
"52001","62000",57000.5,"Fst",0.0200329082682025,0,0.0150989794466964,0.0230274775729319
"53001","63000",58000.5,"Fst",0.0291674641148324,0,0.0152749464502638,0.025356829161177
"54001","64000",59000.5,"Fst",0.0283885128955552,0,0.0146447208789359,0.023666806634474
"55001","65000",60000.5,"Fst",0.0333491987942249,0,0.0163707690440277,0.0367369455150004
"56001","66000",61000.5,"Fst",0.0373379772506833,0,0.0195755000675881,0.0435896871353398
"57001","67000",62000.5,"Fst",0.0441639284410369,0,0.0230103327480532,0.0560922659430122
"58001","68000",63000.5,"Fst",0.0480225354221647,0,0.0258724926911661,0.0674715329550091
"59001","69000",64000.5,"Fst",0.0475162257732419,0,0.0242260041648318,0.0639926085836376
"60001","70000",65000.5,"Fst",0.0435044349803069,0,0.0189115183624271,0.052698432894374
"61001","71000",66000.5,"Fst",0.030590191188695,0,0.0209562895068688,0.0536607799852832
"62001","72000",67000.5,"Fst",0.030590191188695,0,0.021912767653653,0.0547799073911259
"63001","73000",68000.5,"Fst",0.0223672500741621,0,0.0225429214315606,0.0555838596118806
"64001","74000",69000.5,"Fst",0.0229340130274709,0,0.0230215629510069,0.0577338765184069
"65001","75000",70000.5,"Fst",0.0148148148148147,0,0.0213008687296076,0.0688775074690569
"66001","76000",71000.5,"Fst",0.00918803418803427,0,0.02573215608061,0.0834772953222037
"67001","77000",72000.5,"Fst",0.00785988893635192,0,0.0241747959213413,0.0809274896126525
"68001","78000",73000.5,"Fst",0.049041769041769,0,0.0268245821741412,0.0963107862315109
"69001","79000",74000.5,"Fst",0.0496623376623377,0,0.0293740065416261,0.100010992634935
"70001","80000",75000.5,"Fst",0.0508240297713982,0,0.0301587612187437,0.101733199150173
"71001","81000",76000.5,"Fst",0.0775800711743773,0,0.024221753479176,0.0780295416476322
"72001","82000",77000.5,"Fst",0.0766666666666667,0,0.0245898695542752,0.0768570123343993
"73001","83000",78000.5,"Fst",0.0709214235377026,0,0.0237030458944931,0.0731464500916951
"74001","84000",79000.5,"Fst",0.0726460636138055,0,0.0243777339702277,0.0751682670734992
"75001","85000",80000.5,"Fst",0.0754303599374023,0,0.0249759038333865,0.080234482106557
"76001","86000",81000.5,"Fst",0.0733360555328706,0,0.022303461933516,0.0616662906985488
"77001","87000",82000.5,"Fst",0.080814385495616,0,0.0230407236624386,0.0647001063742738
"78001","88000",83000.5,"Fst",0.0377129933107164,0,0.0188960593947204,0.0490756027979862
"79001","89000",84000.5,"Fst",0.0367370563304021,0,0.0182499453723078,0.0470872726662076
"80001","90000",85000.5,"Fst",0.039097863884749,0,0.0195918746021755,0.0506304733816846
"81001","91000",86000.5,"Fst",0.0353689176024201,0,0.0256699871885376,0.0509079572909361
"82001","92000",87000.5,"Fst",0.0336355577047065,0,0.019744480577116,0.0400249176111245
"83001","93000",88000.5,"Fst",0.0388230127360562,0,0.0197402831697207,0.0452220838522208
"84001","94000",89000.5,"Fst",0.0287903776633847,0,0.016306238176676,0.0343501348476472
"85001","95000",90000.5,"Fst",0.0276277930823384,0,0.0158215177238669,0.0305586351318059
"86001","96000",91000.5,"Fst",0.0168034511784512,0,0.0126634969534829,0.0213215678226963
"87001","97000",92000.5,"Fst",0.0168034511784512,0,0.0126634969534829,0.0213215678226963
"88001","98000",93000.5,"Fst",0.0115525532402108,0,0.0115513718999921,0.0165421568608261
"89001","99000",94000.5,"Fst",0.0129081072901297,0,0.011882509180656,0.017430567719585
"90001","1e+05",95000.5,"Fst",0.0129081072901297,0,0.011882509180656,0.017430567719585
"91001","101000",96000.5,"Fst",0.01247212779179,0,0.0114537883438742,0.0168987508962604
"92001","102000",97000.5,"Fst",0.00894380700205932,0,0.014124846576777,0.0244226972272297
"93001","103000",98000.5,"Fst",0.00822735123253249,0,0.0142241628844326,0.0278723059471722
"94001","104000",99000.5,"Fst",0.0155531215772179,0,0.0161136161281228,0.0261906221805663
"95001","105000",100000.5,"Fst",0.0187815103752056,0,0.0179120784401324,0.0281845813760708
"96001","106000",101000.5,"Fst",0.0139414862084597,0,0.0190985742047081,0.0280752252784432
"97001","107000",102000.5,"Fst",0.0146207841123096,0,0.0181930911628055,0.0284270127092902
"98001","108000",103000.5,"Fst",0.0146207841123096,0,0.0180568174680934,0.0284270127092902
"99001","109000",104000.5,"Fst",0.0070129369956059,0,0.0224220540754104,0.0389947364519239
"100001","110000",105000.5,"Fst",0,0,0.0335030483754357,0.0941449788422712
"101001","111000",106000.5,"Fst",0,0,0.0329781035245568,0.0925679166779976
"102001","112000",107000.5,"Fst",0,0,0.0341487831595438,0.0967548762404471
"103001","113000",108000.5,"Fst",0,0,0.032180430376443,0.0906600974782793
"104001","114000",109000.5,"Fst",0,0,0.0424389060607718,0.111093233217127
"105001","115000",110000.5,"Fst",0,0,0.0436772441572791,0.114756631470513
"106001","116000",111000.5,"Fst",0,0,0.042303500459053,0.110831986071384
"107001","117000",112000.5,"Fst",0,0,0.0449518033102118,0.117175911072527
"108001","118000",113000.5,"Fst",0,0,0.0448834943441268,0.117175911072527
"109001","119000",114000.5,"Fst",0,0,0.0487617999687752,0.117138215411728
"110001","120000",115000.5,"Fst",0.00164800512804586,0,0.0342416930844886,0.0840534248737375
"111001","121000",116000.5,"Fst",0.00164800512804586,0,0.0342982949599217,0.0840534248737375
"112001","122000",117000.5,"Fst",0.00164800512804586,0,0.0343003595627052,0.0840534248737375
"113001","123000",118000.5,"Fst",0,0,0.0386475331594644,0.0916801603824506
"114001","124000",119000.5,"Fst",0.0123652633719746,0,0.011055908108527,0.0135127126177916
"115001","125000",120000.5,"Fst",0.0116609129267355,0,0.0105765191390516,0.0130404941660947
"116001","126000",121000.5,"Fst",0.0145072774994035,0,0.0131628787878788,0.0159051273107776
"117001","127000",122000.5,"Fst",0.0159982174688058,0,0.0119628890788767,0.0162369968340117
"118001","128000",123000.5,"Fst",0.0159982174688058,0,0.0119201354983849,0.01621975147155
"119001","129000",124000.5,"Fst",0.0117897727272727,0,0.0120558024092068,0.0128743732213035
"120001","130000",125000.5,"Fst",0.00815231965674434,0,0.00878969407218818,0.0094012864918358
"121001","131000",126000.5,"Fst",0.00755091902632876,0,0.00826446280991733,0.00875643290575301
"122001","132000",127000.5,"Fst",0.00703215359703901,0,0.00779913799001153,0.00827826592113856
"123001","133000",128000.5,"Fst",0.01085430576956,0,0.010135841170324,0.011919075748863
"124001","134000",129000.5,"Fst",0.0174165901438628,0,0.0135878323617965,0.0198063105279599
"125001","135000",130000.5,"Fst",0.0175943104514532,0,0.0136145106953494,0.0197047397047396
"126001","136000",131000.5,"Fst",0.0234260977118119,0,0.0133915180430197,0.0201844532279316
"127001","137000",132000.5,"Fst",0.022810382304053,0,0.0134840132320261,0.0195456368741568
"128001","138000",133000.5,"Fst",0.0117187297135883,0,0.0226187619936519,0.0528246348918826
"129001","139000",134000.5,"Fst",0.0103919336477475,0,0.023900449488815,0.0535226781007828
"130001","140000",135000.5,"Fst",0.0106247661803218,0,0.0244240536709282,0.0546820995096856
"131001","141000",136000.5,"Fst",0.0115088477644197,0,0.0262206627949716,0.0586769018457823
"132001","142000",137000.5,"Fst",0.0118371694530633,0,0.0269421804026248,0.0600732924190913
"133001","143000",138000.5,"Fst",0.00956768629131632,0,0.0291621669584071,0.0650813770724535
"134001","144000",139000.5,"Fst",0.0136363636363638,0,0.0275861273302617,0.0591478931509843
"135001","145000",140000.5,"Fst",0.0139541923115729,0,0.0283117692427798,0.0609050719395545
"136001","146000",141000.5,"Fst",0.00601260126012593,0,0.0307843919712514,0.0691272186492072
"137001","147000",142000.5,"Fst",0.000974553329723848,0,0.0374408764289069,0.088309928553831
"138001","148000",143000.5,"Fst",0.0167930865315672,0,0.0223413526441082,0.0597232681576917
"139001","149000",144000.5,"Fst",0.0321836988503654,0,0.0203297532884197,0.0460208696125792
"140001","150000",145000.5,"Fst",0.0331117560777705,0,0.0209230849779363,0.0471473365893278
"141001","151000",146000.5,"Fst",0.0331117560777705,0,0.0209230849779363,0.0471473365893278
"142001","152000",147000.5,"Fst",0.0340949259294965,0,0.0214732444495248,0.0485587852162142
"143001","153000",148000.5,"Fst",0.0322968509809293,0,0.0203241430981797,0.0460208696125792
"144001","154000",149000.5,"Fst",0.0271256251838775,0,0.0252328702440996,0.0530081300813007
"145001","155000",150000.5,"Fst",0.0272446841853483,0,0.0251469617214598,0.0503934191702431
"146001","156000",151000.5,"Fst",0.0273488988243086,0,0.0251469617214598,0.0503934191702431
"147001","157000",152000.5,"Fst",0.0356258234519103,0,0.0166100436730256,0.0328031270560004
"148001","158000",153000.5,"Fst",0.0333167743003808,0,0.0187028435203617,0.035072379286894
"149001","159000",154000.5,"Fst",0.00149193673197756,0,0.0162800267758832,0.021214564853297
"150001","160000",155000.5,"Fst",0.00149193673197756,0,0.0162800267758832,0.021214564853297
"151001","161000",156000.5,"Fst",0,0,0.0348959316165964,0.0829067747539085
"152001","162000",157000.5,"Fst",0,0,0.0296497829097788,0.0833201528931066
"153001","163000",158000.5,"Fst",0.00422877643751429,0,0.0229793706682918,0.0648422376214379
"154001","164000",159000.5,"Fst",0.00421287023920025,0,0.0229026141695783,0.0646047047303017
"155001","165000",160000.5,"Fst",0.00391830619243028,0,0.0231814135810467,0.0653131824438604
"156001","166000",161000.5,"Fst",0.00393146207864581,0,0.0232576521672656,0.0655270378357581
"157001","167000",162000.5,"Fst",0.00394660596889229,0,0.0233211239849536,0.0657383718355478
"158001","168000",163000.5,"Fst",0.0123786587550871,0,0.0230906574059215,0.0672211064279182
"159001","169000",164000.5,"Fst",0.0128062006066694,0,0.0234476511265765,0.0683682186929475
"160001","170000",165000.5,"Fst",0.0123786587550871,0,0.0230906574059215,0.0672211064279182
"161001","171000",166000.5,"Fst",0.015501751180143,0,0.0232136696381409,0.0668591505976955
"162001","172000",167000.5,"Fst",0.0307220308377381,0,0.0152490958582198,0.0293996257856675
"163001","173000",168000.5,"Fst",0.083383664826964,0,0.0317404497016342,0.0802057918744032
"164001","174000",169000.5,"Fst",0.0796131389242263,0,0.0298132126005624,0.0765555500024988
"165001","175000",170000.5,"Fst",0.0562928555629286,0,0.0230924985554023,0.0602890519694473
"166001","176000",171000.5,"Fst",0.173783815163125,0,0.0238249217044694,0.0937773854165823
"167001","177000",172000.5,"Fst",0.178141049981015,0,0.0280485295061371,0.10108411401609
"168001","178000",173000.5,"Fst",0.164435724147954,0,0.0217557076618816,0.0887641414951791
"169001","179000",174000.5,"Fst",0.164435724147954,0,0.0217557076618816,0.0887641414951791
"170001","180000",175000.5,"Fst",0.173785740469208,0,0.0231372909545412,0.0945060489926355
"171001","181000",176000.5,"Fst",0.181000427185256,0,0.0299831965125249,0.106186605648714
"172001","182000",177000.5,"Fst",0.165618273970701,0,0.0272034047322957,0.0992311818344359
"173001","183000",178000.5,"Fst",0.165618273970701,0,0.0271180833918297,0.0994261350403975
"174001","184000",179000.5,"Fst",0.169076562166773,0,0.0279331913543292,0.101172093401511
"175001","185000",180000.5,"Fst",0.191567852437418,0,0.0313505187656292,0.114410058027079
"176001","186000",181000.5,"Fst",0.0893887039014891,0,0.0345934048041885,0.0980062959076601
"177001","187000",182000.5,"Fst",0.0571197998628092,0,0.0232717548297712,0.0677186654643823
"178001","188000",183000.5,"Fst",0.0636822548888987,0,0.0264528360784,0.075785896346644
"179001","189000",184000.5,"Fst",0.0636822548888987,0,0.0264528360784,0.075785896346644
"180001","190000",185000.5,"Fst",0.0575415911062053,0,0.0231496261914246,0.0679993653815644
"181001","191000",186000.5,"Fst",0.00262022687330266,0,0.0223536781938267,0.0423192399173372
"182001","192000",187000.5,"Fst",0.0182620598508449,0,0.0140811339198436,0.0216143194866598
"183001","193000",188000.5,"Fst",0.0198663803388213,0,0.0143867013142939,0.0229945817364873
"184001","194000",189000.5,"Fst",0.0207870560811738,0,0.0136039292002595,0.0234678730472891
"185001","195000",190000.5,"Fst",0.0225746407564589,0,0.0147552309424391,0.0257428199243224
"186001","196000",191000.5,"Fst",0.0274720893141945,0,0.0161299285719844,0.0250406446596452
"187001","197000",192000.5,"Fst",0.0304799823047998,0,0.0178438169233355,0.0278769636340385
"188001","198000",193000.5,"Fst",0.0281040493429873,0,0.0191693545175804,0.0283205480773869
"189001","199000",194000.5,"Fst",0.0233511586452764,0,0.0158250204114326,0.0237892603850051
"190001","2e+05",195000.5,"Fst",0.289574961872555,0,0.0490321790940533,0.173121916842847
"191001","201000",196000.5,"Fst",0.349631691613964,0,0.0616592566183602,0.213729163917843
"192001","202000",197000.5,"Fst",0.362216255380812,0,0.0646473579377758,0.223048279404212
"193001","203000",198000.5,"Fst",0.357291561564592,0,0.0639629998611492,0.219038619038619
"194001","204000",199000.5,"Fst",0.368082890763303,0,0.0666786726167116,0.225858585858586
"195001","205000",200000.5,"Fst",0.362273239725326,0,0.0654228771675064,0.222038567493113
"196001","206000",201000.5,"Fst",0.347176809889131,0,0.0624943195148618,0.211715188267311
"197001","207000",202000.5,"Fst",0.32701675326865,0,0.0588870656765897,0.196376652430344
"198001","208000",203000.5,"Fst",0.28846665875809,0,0.0520078008965558,0.168173423990599
"199001","209000",204000.5,"Fst",0.295208034046227,0,0.0532133448181923,0.172636794485136
"200001","210000",205000.5,"Fst",0.231514331683422,0,0.0397548816847396,0.128727014187377
"201001","211000",206000.5,"Fst",0.0282288622177206,0,0.0191163351408628,0.0282895099222346
"202001","212000",207000.5,"Fst",0.0276826050274348,0,0.0186811932755824,0.0276406157308592
"203001","213000",208000.5,"Fst",0.0286416678842085,0,0.0200481845883922,0.0302857455403536
"204001","214000",209000.5,"Fst",0.0286416678842085,0,0.0200481845883922,0.0302857455403536
"205001","215000",210000.5,"Fst",0.0447518824507055,0,0.0211985769904919,0.0440014628693873
"206001","216000",211000.5,"Fst",0.0444126694161677,0,0.0215096670008253,0.043604839831255
"207001","217000",212000.5,"Fst",0.0395170542652472,0,0.0193934654012323,0.0365589420213697
"208001","218000",213000.5,"Fst",0.042708035429547,0,0.0197080050519248,0.0433402843288153
"209001","219000",214000.5,"Fst",0.0430352926054081,0,0.0198435584291116,0.0436321982713734
"210001","220000",215000.5,"Fst",0.0433676038299944,0,0.0200007779956214,0.0439706666330851
"211001","221000",216000.5,"Fst",0.0464003524746658,0,0.0231156053740087,0.0515343213153434
"212001","222000",217000.5,"Fst",0.0969801151808124,0,0.0219854284216592,0.0669754227030215
"213001","223000",218000.5,"Fst",0.0957169932895188,0,0.0216881068076576,0.066075678617375
"214001","224000",219000.5,"Fst",0.0957169932895188,0,0.0216881068076576,0.066075678617375
"215001","225000",220000.5,"Fst",0.129414634541493,0,0.0291305732392151,0.0928381151363461
"216001","226000",221000.5,"Fst",0.134076913782471,0,0.0302186859099118,0.0964045597461426
"217001","227000",222000.5,"Fst",0.18548209379465,0,0.0428236776821912,0.139620612818004
"218001","228000",223000.5,"Fst",0.245066639327088,0,0.0626010236703882,0.207915359540204
"219001","229000",224000.5,"Fst",0.245066639327088,0,0.0626010236703882,0.207915359540204
"220001","230000",225000.5,"Fst",0.245066639327088,0,0.0626010236703882,0.207915359540204
"221001","231000",226000.5,"Fst",0.245066639327088,0,0.0626010236703882,0.207915359540204
"222001","232000",227000.5,"Fst",0,0,0,0
"223001","233000",228000.5,"Fst",0,0,0,0
"224001","234000",229000.5,"Fst",0,0,0,0
"225001","235000",230000.5,"Fst",0,0,0,0
"226001","236000",231000.5,"Fst",0,0,0,0
"227001","237000",232000.5,"Fst",0,0,0,0
"228001","238000",233000.5,"Fst",0,0,0,0
"229001","239000",234000.5,"Fst",0,0,0,0
"230001","240000",235000.5,"Fst",0,0,0,0
"231001","241000",236000.5,"Fst",0,0,0,0
"232001","242000",237000.5,"Fst",0,0,0,0
"233001","243000",238000.5,"Fst",0,0,0,0
"234001","244000",239000.5,"Fst",0,0,0,0
"235001","245000",240000.5,"Fst",0.0128470226145098,0,0.0150991981197306,0.0245544359672688
"236001","246000",241000.5,"Fst",0.0122043782684365,0,0.0119919166084432,0.0189228132484175
"237001","247000",242000.5,"Fst",0.0161485317366462,0,0.0144862993534185,0.0193842826702285
"238001","248000",243000.5,"Fst",0.0161485317366462,0,0.0144862993534185,0.0193842826702285
"239001","249000",244000.5,"Fst",0.0122291801139605,0,0.0135295758671714,0.0182617602238376
"240001","250000",245000.5,"Fst",0.0120705551010499,0,0.0127338034562514,0.0178118690778598
"241001","251000",246000.5,"Fst",0.0120705551010499,0,0.0127338034562514,0.0178118690778598
"242001","252000",247000.5,"Fst",0.0120705551010499,0,0.0127338034562514,0.0178118690778598
"243001","253000",248000.5,"Fst",0.0184021651077086,0,0.0109546741139058,0.0152705784188779
"244001","254000",249000.5,"Fst",0.00932026567250932,0,0.0187582790765958,0.0471201002394483
"245001","255000",250000.5,"Fst",0.00828706771982035,0,0.0215896147358644,0.0558160992262774
"246001","256000",251000.5,"Fst",0.00763782618729503,0,0.0198950434024362,0.0499115103210198
"247001","257000",252000.5,"Fst",0.00412453199902008,0,0.0190737448051815,0.0502836783300739
"248001","258000",253000.5,"Fst",0.0050231787496261,0,0.0175152571704517,0.0466999662636821
"249001","259000",254000.5,"Fst",0.00497359547229903,0,0.0204069395865058,0.0534703982663288
"250001","260000",255000.5,"Fst",0.0315876527956126,0,0.026558712289857,0.0495927029695495
"251001","261000",256000.5,"Fst",0.0340961115074273,0,0.0253533986995077,0.051489946294569
"252001","262000",257000.5,"Fst",0.0339600830166966,0,0.0252634113729274,0.0513118372121235
"253001","263000",258000.5,"Fst",0.0325605755456613,0,0.0275027257612518,0.0528137398128743
"254001","264000",259000.5,"Fst",0.0423168759605385,0,0.0300381301390261,0.0677515125385039
"255001","265000",260000.5,"Fst",0.0434006917419295,0,0.030796255449047,0.0700422521605218
"256001","266000",261000.5,"Fst",0.048794248782933,0,0.0355205001560872,0.080667901427584
"257001","267000",262000.5,"Fst",0.0590578320041292,0,0.0402345043532074,0.0969551683109748
"258001","268000",263000.5,"Fst",0.0648671564581672,0,0.0454762803087801,0.109519313154628
"259001","269000",264000.5,"Fst",0.0729777696645167,0,0.0494003520677509,0.122711359841753
"260001","270000",265000.5,"Fst",0.0432812459908141,0,0.0280688618558559,0.0501099934507717
"261001","271000",266000.5,"Fst",0.00265722552154701,0,0.0244112934006966,0.0426368952684743
"262001","272000",267000.5,"Fst",0.00285831285831295,0,0.0262480900279944,0.0454262248654772
"263001","273000",268000.5,"Fst",0,0,0,0
"264001","274000",269000.5,"Fst",0,0,0,0
"265001","275000",270000.5,"Fst",0,0,0,0
"266001","276000",271000.5,"Fst",0,0,1.11022302462516e-16,1.11022302462516e-16
"267001","277000",272000.5,"Fst",0,0,1.11022302462516e-16,1.11022302462516e-16
"268001","278000",273000.5,"Fst",0,0,2.22044604925031e-16,2.22044604925031e-16
"269001","279000",274000.5,"Fst",0,0,2.22044604925031e-16,2.22044604925031e-16
"270001","280000",275000.5,"Fst",0,0,2.22044604925031e-16,2.22044604925031e-16
"271001","281000",276000.5,"Fst",0,0,2.22044604925031e-16,2.22044604925031e-16
"272001","282000",277000.5,"Fst",0,0,2.22044604925031e-16,2.22044604925031e-16
"273001","283000",278000.5,"Fst",0,0,0.0524186430162154,0.142450583702786
"274001","284000",279000.5,"Fst",0,0,0.0560222919118241,0.150835167415519
"275001","285000",280000.5,"Fst",0,0,0.0524254943703134,0.142450583702786
"276001","286000",281000.5,"Fst",0,0,0.0560222919118241,0.1516721073087
"277001","287000",282000.5,"Fst",0,0,0.054276941722074,0.146523024451883
"278001","288000",283000.5,"Fst",0,0,0.0523214112765051,0.13886011422029
"279001","289000",284000.5,"Fst",0,0,0.0523214112765051,0.13886011422029
"280001","290000",285000.5,"Fst",0,0,0.0486527776132403,0.126402491650719
"281001","291000",286000.5,"Fst",0,0,0.0447262015401763,0.117685078433428
"282001","292000",287000.5,"Fst",0,0,0.0475170573818277,0.104395358901333
"283001","293000",288000.5,"Fst",0.00983913206135434,0,0.0214446716532595,0.0285953039054536
"284001","294000",289000.5,"Fst",0.00983913206135434,0,0.0214446716532595,0.0285953039054536
"285001","295000",290000.5,"Fst",0.0288475304223337,0,0.0288237252110966,0.0716875596354424
"286001","296000",291000.5,"Fst",0.0271380471380471,0,0.0271930269474036,0.0678215125056418
"287001","297000",292000.5,"Fst",0.0270379067427037,0,0.0270686564122582,0.0675785490524488
"288001","298000",293000.5,"Fst",0.0282909090909091,0,0.0293277027768795,0.0726529094627254
"289001","299000",294000.5,"Fst",0.0295657553845559,0,0.0261768979836846,0.0643362463587184
"290001","3e+05",295000.5,"Fst",0.031022788269165,0,0.0256998585532346,0.0639940070562081
"291001","301000",296000.5,"Fst",0.03013923013923,0,0.0252313591876658,0.064726631393298
"292001","302000",297000.5,"Fst",0.0192732207765091,0,0.0354114810012328,0.0909235899666522
"293001","303000",298000.5,"Fst",0.019659195836481,0,0.0345388157244666,0.0890735726477395
"294001","304000",299000.5,"Fst",0.0193260899463623,0,0.0339458448126675,0.0876264824045503
"295001","305000",300000.5,"Fst",0.00925039872408284,0,0.0314292763529981,0.078727296960004
"296001","306000",301000.5,"Fst",0.00950040950040942,0,0.0319831684471337,0.0805304579537707
"297001","307000",302000.5,"Fst",0.00952902519167576,0,0.0319831684471337,0.0805304579537707
"298001","308000",303000.5,"Fst",0.0130303030303029,0,0.0296918816579302,0.0742779804096988
"299001","309000",304000.5,"Fst",0.00668908996162754,0,0.0361411427227684,0.0881819675314008
"300001","310000",305000.5,"Fst",0.0020666845445606,0,0.0391569057397846,0.0984614871178748
"301001","311000",306000.5,"Fst",0.00174427198817451,0,0.0438303308874467,0.106808853276773
"302001","312000",307000.5,"Fst",0.0211432506887052,0,0.0210800102829319,0.0258428057903429
"303001","313000",308000.5,"Fst",0.00597697304229039,0,0.0296314496314497,0.0578394459538993
"304001","314000",309000.5,"Fst",0.00244503197523338,0,0.0270768411788383,0.0514436060494795
"305001","315000",310000.5,"Fst",0,0,0.0295014535232366,0.0807071283941644
"306001","316000",311000.5,"Fst",0,0,0.0286249785857804,0.0782059666951753
"307001","317000",312000.5,"Fst",0,0,0.0285678403643507,0.078054781451633
"308001","318000",313000.5,"Fst",0,0,0.0282788904930099,0.0796590166161474
"309001","319000",314000.5,"Fst",0,0,0.0287483849922717,0.0809288443788871
"310001","320000",315000.5,"Fst",0,0,0.0268641162594527,0.0738653251635156
"311001","321000",316000.5,"Fst",0.0314192636302171,0,0.0208984053569248,0.0581408944752996
"312001","322000",317000.5,"Fst",0.0314192636302171,0,0.0208694254553005,0.0580592195282141
"313001","323000",318000.5,"Fst",0.034097653088751,0,0.0224379351897644,0.0621652312599681
"314001","324000",319000.5,"Fst",0.0364160916757456,0,0.0236678732383613,0.0655762368855516
"315001","325000",320000.5,"Fst",0.0591493391360413,0,0.0171981193759293,0.0374509143947044
"316001","326000",321000.5,"Fst",0.0621884698081833,0,0.018238687210717,0.0394982842267187
"317001","327000",322000.5,"Fst",0.0619353385152641,0,0.0174813868116962,0.0374608329950138
"318001","328000",323000.5,"Fst",0.0620657276995304,0,0.0167062496518487,0.036458908484632
"319001","329000",324000.5,"Fst",0.0620657276995304,0,0.0167062496518487,0.036458908484632
"320001","330000",325000.5,"Fst",0.0717877197489633,0,0.0186135511778034,0.0412259853436323
"321001","331000",326000.5,"Fst",0.00991087344028507,0,0.00950331719562481,0.0117459172634073
"322001","332000",327000.5,"Fst",0.00569061551145145,0,0.0150570282164582,0.0203030303030303
"323001","333000",328000.5,"Fst",0.00358559416151027,0,0.0226286950214892,0.0374102267531
"324001","334000",329000.5,"Fst",0.00380236666479716,0,0.0241024039654426,0.0401077383595856
"325001","335000",330000.5,"Fst",0.0108750664540137,0,0.0276129178998805,0.055182820960212
"326001","336000",331000.5,"Fst",0.0104638552984266,0,0.0265690073846619,0.0530503322858173
"327001","337000",332000.5,"Fst",0.00760983144791239,0,0.0277008913212938,0.0607352597340081
"328001","338000",333000.5,"Fst",0.0070204115847271,0,0.0257055696936153,0.0559270516717325
"329001","339000",334000.5,"Fst",0.00679031113813711,0,0.024775996538574,0.0537975647343318
"330001","340000",335000.5,"Fst",0.00749110692613519,0,0.0238203593600705,0.0514962671149525
"331001","341000",336000.5,"Fst",0.00749110692613519,0,0.0238203593600705,0.0514962671149525
"332001","342000",337000.5,"Fst",0.00791273802921055,0,0.0205628684763183,0.0464990510908699
"333001","343000",338000.5,"Fst",0.0156425455327973,0,0.0151216138090518,0.0248683679296792
"334001","344000",339000.5,"Fst",0.0150967620126499,0,0.0145747501110392,0.0239296282131282
"335001","345000",340000.5,"Fst",0.0156425455327973,0,0.0150541613281894,0.0247152794814116
"336001","346000",341000.5,"Fst",0.0162292719559964,0,0.0155606433890132,0.0257179634176682
"337001","347000",342000.5,"Fst",0.0157135557913768,0,0.015050505050505,0.0247152794814116
"338001","348000",343000.5,"Fst",0.0175454764882716,0,0.0167746716970233,0.0276040783818364
"339001","349000",344000.5,"Fst",0.0181909181909181,0,0.0174880624030022,0.0286548283916128
"340001","350000",345000.5,"Fst",0.0240742964653134,0,0.0205107439994297,0.0328299810478694
"341001","351000",346000.5,"Fst",0.0205575210651351,0,0.0173055641734515,0.0279600124960949
"342001","352000",347000.5,"Fst",0.0299625468164794,0,0.0233410234467734,0.0303080862670564
"343001","353000",348000.5,"Fst",0.0287769784172662,0,0.0289892575276479,0.0305098354074669
"344001","354000",349000.5,"Fst",0.0287769784172662,0,0.0289855072463768,0.0305098354074669
"345001","355000",350000.5,"Fst",0.0175438596491229,0,0.0176991150442476,0.0185864514551234
"346001","356000",351000.5,"Fst",0.0175438596491229,0,0.0176991150442476,0.0185864514551234
"347001","357000",352000.5,"Fst",0.0261279461279461,0,0.0158620104205179,0.0299448384554768
"348001","358000",353000.5,"Fst",0.0215077605321506,0,0.0131379243162191,0.0248136257278119
"349001","359000",354000.5,"Fst",0.0240812379110251,0,0.0147659738582615,0.0229460379192999
"350001","360000",355000.5,"Fst",0.0170761670761672,0,0.0158021159874608,0.0201010932173503
"351001","361000",356000.5,"Fst",0.0212375859434683,0,0.0199253172456832,0.0254426424639189
"352001","362000",357000.5,"Fst",0.0212375859434683,0,0.0199209486166007,0.0251785319885151
"353001","363000",358000.5,"Fst",0.0214175654853622,0,0.019753509608832,0.0254426424639189
"354001","364000",359000.5,"Fst",0.224418777943368,0,0.0366714097167138,0.115501519756839
"355001","365000",360000.5,"Fst",0.21515984997321,0,0.035051160251968,0.109735818892354
"356001","366000",361000.5,"Fst",0.141735318205906,0,0.0345061359678148,0.0831838383838385
"357001","367000",362000.5,"Fst",0.142064547918206,0,0.0334966801915134,0.0854933719932346
"358001","368000",363000.5,"Fst",0.150335010558698,0,0.0355572663042871,0.0909179514442673
"359001","369000",364000.5,"Fst",0.155835547399271,0,0.0373903626737916,0.09576684273932
"360001","370000",365000.5,"Fst",0.132446223897001,0,0.0342661041110401,0.083224909646928
"361001","371000",366000.5,"Fst",0.132446223897001,0,0.0341860636901551,0.0833778966131908
"362001","372000",367000.5,"Fst",0.200958470174458,0,0.0387957426519522,0.104803914300541
"363001","373000",368000.5,"Fst",0.15733885484578,0,0.0389745620954829,0.114542622486548
"364001","374000",369000.5,"Fst",0.10083885538431,0,0.0435547412361066,0.116466437135253
"365001","375000",370000.5,"Fst",0.10412198090845,0,0.0450869467218566,0.120546162205879
"366001","376000",371000.5,"Fst",0.13896697235513,0,0.037526343949916,0.116631701631702
"367001","377000",372000.5,"Fst",0.143368641162759,0,0.0386820416596564,0.119858665708468
"368001","378000",373000.5,"Fst",0.137756247899607,0,0.0374873435743956,0.115060034305317
"369001","379000",374000.5,"Fst",0.127467185221196,0,0.0332158553812019,0.103045066991474
"370001","380000",375000.5,"Fst",0.140556488366515,0,0.0340606895468492,0.110372065021072
"371001","381000",376000.5,"Fst",0.142664459268637,0,0.0345928281643592,0.111823549504709
"372001","382000",377000.5,"Fst",0.00159771157468769,0,0.0365717444980297,0.0925857111258572
"373001","383000",378000.5,"Fst",0.0224482202654099,0,0.0176942017661414,0.0308345889837601
"374001","384000",379000.5,"Fst",0.0217545828656939,0,0.0151771805469823,0.0273772204806686
"375001","385000",380000.5,"Fst",0.0197042269421195,0,0.0136971715098833,0.0246494798733605
"376001","386000",381000.5,"Fst",0.0175792830472892,0,0.0139489948688655,0.0247586980920314
"377001","387000",382000.5,"Fst",0.0171352702280537,0,0.0136053315095869,0.0241330270211138
"378001","388000",383000.5,"Fst",0.0173744187234912,0,0.0150296426351428,0.0251840613083535
"379001","389000",384000.5,"Fst",0.011596137587327,0,0.0174182069869663,0.0247557424781624
"380001","390000",385000.5,"Fst",0.011273539414243,0,0.018816083995251,0.0262315964822027
"381001","391000",386000.5,"Fst",0.011273539414243,0,0.018816083995251,0.0262315964822027
"382001","392000",387000.5,"Fst",0.00726446549231363,0,0.00904829928195818,0.0127235456280483
"383001","393000",388000.5,"Fst",0.00240358126721751,0,0.00719696969696959,0.00803156263209792
"384001","394000",389000.5,"Fst",0,0,0.00550964187327807,0.00577507598784188
"385001","395000",390000.5,"Fst",0,0,0.0292429683838136,0.0525759239866159
"386001","396000",391000.5,"Fst",0.00101410141014102,0,0.0318345098167054,0.0590184667607255
"387001","397000",392000.5,"Fst",0.030240220194545,0,0.027104964940665,0.0459225599039063
"388001","398000",393000.5,"Fst",0.030240220194545,0,0.027104964940665,0.0459225599039063
"389001","399000",394000.5,"Fst",0.030240220194545,0,0.027104964940665,0.0459225599039063
"390001","4e+05",395000.5,"Fst",0.0312815208196556,0,0.028194220522163,0.0477542289599029
"391001","401000",396000.5,"Fst",0.0314107342233965,0,0.0262485287520898,0.0406088638466069
"392001","402000",397000.5,"Fst",0.0314241876817147,0,0.0263248584399984,0.0380891050438924
"393001","403000",398000.5,"Fst",0.0299562496723326,0,0.0235556099500108,0.0337997085864741
"394001","404000",399000.5,"Fst",0.0310955412955228,0,0.0236607431781387,0.0350511037596309
"395001","405000",400000.5,"Fst",0.041927722054943,0,0.0206313931153552,0.0392005157962604
"396001","406000",401000.5,"Fst",0.0344668467801107,0,0.0175411392102175,0.0365145228215766
"397001","407000",402000.5,"Fst",0.0318961468372503,0,0.0175782108377176,0.0354024829795756
"398001","408000",403000.5,"Fst",0.03082593460065,0,0.0170460416591044,0.0343434343434342
"399001","409000",404000.5,"Fst",0.0301246763046423,0,0.0155110461602708,0.0311628635580387
"400001","410000",405000.5,"Fst",0.0271168125472762,0,0.0138291116663797,0.0278085830110432
"401001","411000",406000.5,"Fst",0.0248817562057604,0,0.0142808711146254,0.0264946321284349
"402001","412000",407000.5,"Fst",0.021282075741677,0,0.0157371765248866,0.0306240369799691
"403001","413000",408000.5,"Fst",0.0202178030303028,0,0.0169643697325241,0.0301492945235898
"404001","414000",409000.5,"Fst",0.0207861750030425,0,0.0173355894678109,0.0310946196660481
"405001","415000",410000.5,"Fst",0.0212994138920063,0,0.0179199806656636,0.0321442270809358
"406001","416000",411000.5,"Fst",0.0190674213545877,0,0.0194556868739456,0.0312846557969254
"407001","417000",412000.5,"Fst",0,0,0.0188369886028941,0.0282321340213472
"408001","418000",413000.5,"Fst",0,0,0.0185258395693413,0.0275135199147357
"409001","419000",414000.5,"Fst",0,0,0.0175147678820079,0.0282583845573169
"410001","420000",415000.5,"Fst",0.0380856011787472,0,0.021541399600048,0.0415197290121762
"411001","421000",416000.5,"Fst",0.20093610227136,0,0.0317172766252831,0.108054133391889
"412001","422000",417000.5,"Fst",0.218247873833705,0,0.0347046776217933,0.117059348532982
"413001","423000",418000.5,"Fst",0.228174690948414,0,0.0372275192060239,0.121130922600909
"414001","424000",419000.5,"Fst",0.238039700316676,0,0.0382345662843645,0.12760520034147
"415001","425000",420000.5,"Fst",0.238039700316676,0,0.0382345662843645,0.127093642745446
"416001","426000",421000.5,"Fst",0.223874256584537,0,0.0368397690420485,0.118750740141318
"417001","427000",422000.5,"Fst",0.21416472127302,0,0.0353986437049487,0.114297587386018
"418001","428000",423000.5,"Fst",0.194541454145414,0,0.0314011085236819,0.098926969179712
"419001","429000",424000.5,"Fst",0.19155865341836,0,0.0309873327208596,0.0979193260678839
"420001","430000",425000.5,"Fst",0.18697079094191,0,0.0304040018482482,0.10509936871639
"421001","431000",426000.5,"Fst",0.0158347107438017,0,0.0158399598456675,0.0252914172907593
"422001","432000",427000.5,"Fst",0.0164864993571122,0,0.0154463156435713,0.0246502702821296
"423001","433000",428000.5,"Fst",0.0156269748126747,0,0.0145680642185062,0.0232923068090846
"424001","434000",429000.5,"Fst",0.0303908651734738,0,0.0139377492865143,0.0309665280253515
"425001","435000",430000.5,"Fst",0.104760634224192,0,0.0185902307152776,0.0551138101271353
"426001","436000",431000.5,"Fst",0.197009729692096,0,0.0289658365436488,0.103069267785861
"427001","437000",432000.5,"Fst",0.197168279715992,0,0.0289905741777715,0.103182475426826
"428001","438000",433000.5,"Fst",0.199740239572525,0,0.0293472819693975,0.103972692432452
"429001","439000",434000.5,"Fst",0.200557794055631,0,0.0295313905598882,0.104592807894276
"430001","440000",435000.5,"Fst",0.204674273095326,0,0.0300300448104022,0.106647267534524
"431001","441000",436000.5,"Fst",0.203655751831107,0,0.0298381858368847,0.106003278499217
"432001","442000",437000.5,"Fst",0.208202805699768,0,0.0309261148131221,0.109118658798397
"433001","443000",438000.5,"Fst",0.229533999946096,0,0.0317800934212404,0.10305211520308
"434001","444000",439000.5,"Fst",0.240718516882843,0,0.0339862288964515,0.106697269040412
"435001","445000",440000.5,"Fst",0.271140219738497,0,0.0390153242209422,0.123950340764058
"436001","446000",441000.5,"Fst",0.188037212086007,0,0.03158170936049,0.123869436413606
"437001","447000",442000.5,"Fst",0.196550514283604,0,0.0326024785415418,0.130854676798949
"438001","448000",443000.5,"Fst",0.295702393273614,0,0.0479760921002605,0.190381293442514
"439001","449000",444000.5,"Fst",0.285372428816125,0,0.0467789590636737,0.18386569058718
"440001","450000",445000.5,"Fst",0.273241503600191,0,0.0441676425751938,0.175518977980543
"441001","451000",446000.5,"Fst",0.25072386637615,0,0.0401417812574558,0.160427359028547
"442001","452000",447000.5,"Fst",0.253106971356377,0,0.0406159168604579,0.162223126759608
"443001","453000",448000.5,"Fst",0.220066052663195,0,0.0369167681231268,0.129559986439288
"444001","454000",449000.5,"Fst",0.23366633484282,0,0.0392328811589851,0.138417108926631
"445001","455000",450000.5,"Fst",0.226069286021151,0,0.0377518152241793,0.13310402269843
"446001","456000",451000.5,"Fst",0.23366633484282,0,0.0391305374297193,0.138417108926631
"447001","457000",452000.5,"Fst",0.225794658623848,0,0.0382857152143919,0.132509410471137
"448001","458000",453000.5,"Fst",0.00459686687231575,0,0.0155371506432364,0.0237043330501274
"449001","459000",454000.5,"Fst",0.0037414207487797,0,0.0184165090958524,0.0285501165501166
"450001","460000",455000.5,"Fst",0.00251479693423884,0,0.0187515910382065,0.0322998773865826
"451001","461000",456000.5,"Fst",0.00148996526949285,0,0.0274237766966568,0.0506424792139079
"452001","462000",457000.5,"Fst",0.00142037556549646,0,0.0263020742310569,0.0482187837351566
"453001","463000",458000.5,"Fst",0.000506928016221653,0,0.0221607099111448,0.0407543726006321
"454001","464000",459000.5,"Fst",0,0,0.0236977936562093,0.0464673704155386
"455001","465000",460000.5,"Fst",0,0,0.0236059208535888,0.0434662469815106
"456001","466000",461000.5,"Fst",0,0,0.0215328237912841,0.0394863931286253
"457001","467000",462000.5,"Fst",0.00527434703381247,0,0.0194924276821381,0.0461863203174564
"458001","468000",463000.5,"Fst",0.055843672876027,0,0.0199141439588252,0.0520843175631595
"459001","469000",464000.5,"Fst",0.0548442791686037,0,0.0194965933268807,0.0510236914600551
"460001","470000",465000.5,"Fst",0.0579558611978528,0,0.0207158917345166,0.0543435908269372
"461001","471000",466000.5,"Fst",0.0724544751458904,0,0.0238731098467778,0.0663508044615537
"462001","472000",467000.5,"Fst",0.0701206757843927,0,0.0219140601140687,0.0622345634297825
"463001","473000",468000.5,"Fst",0.0956538565733969,0,0.0243281501806297,0.0573418440841031
"464001","474000",469000.5,"Fst",0.0934265734265733,0,0.0236213097268421,0.0561421214709001
"465001","475000",470000.5,"Fst",0.0964948805045228,0,0.0231636402519635,0.0534536999042539
"466001","476000",471000.5,"Fst",0.100449919521438,0,0.0241690193864106,0.0558604917095483
"467001","477000",472000.5,"Fst",0.10255156173175,0,0.0247848399133476,0.0572349150556531
"468001","478000",473000.5,"Fst",0.0574919151994251,0,0.0224654289545706,0.0509083874144814
"469001","479000",474000.5,"Fst",0.0574919151994251,0,0.0223763100540846,0.0507023997197408
"470001","480000",475000.5,"Fst",0.0518385874318078,0,0.0202860529481977,0.0415197169434457
"471001","481000",476000.5,"Fst",0.0527383423273834,0,0.0199616752147801,0.0407507701124722
"472001","482000",477000.5,"Fst",0.0528555050740944,0,0.0211759198329351,0.0408548212033207
"473001","483000",478000.5,"Fst",0.0236334638248513,0,0.0198521833223177,0.0341274915114577
"474001","484000",479000.5,"Fst",0.024284139328387,0,0.0203558783370162,0.034929913336823
"475001","485000",480000.5,"Fst",0.0178375017933146,0,0.0201316375513435,0.0359035379977788
"476001","486000",481000.5,"Fst",0.0183789110618379,0,0.0206845227552395,0.0369880030074204
"477001","487000",482000.5,"Fst",0.0124817195524266,0,0.0207518140827439,0.038602479795191
"478001","488000",483000.5,"Fst",0.0139222779787606,0,0.0212861121004651,0.04370357640679
"479001","489000",484000.5,"Fst",0.199367872271098,0,0.034638182971704,0.100181539342763
"480001","490000",485000.5,"Fst",0.229138313326707,0,0.0357718962893833,0.121043038858845
"481001","491000",486000.5,"Fst",0.228157096617988,0,0.036351170260283,0.11995438001015
"482001","492000",487000.5,"Fst",0.217594531494452,0,0.0347459277894969,0.111053078112699
"483001","493000",488000.5,"Fst",0.257585758575858,0,0.038912814647069,0.132689647557501
"484001","494000",489000.5,"Fst",0.257585758575858,0,0.038909099667034,0.132089845032128
"485001","495000",490000.5,"Fst",0.270784500052793,0,0.0401250412557812,0.140355339755809
"486001","496000",491000.5,"Fst",0.264337250051536,0,0.0390849655150539,0.136242098436487
"487001","497000",492000.5,"Fst",0.285541764508554,0,0.0427821628609857,0.148824348639335
"488001","498000",493000.5,"Fst",0.292148760330578,0,0.0453871998999117,0.154681357940751
"489001","499000",494000.5,"Fst",0.00344073104809295,0,0.0458441158812412,0.183373222403728
"490001","5e+05",495000.5,"Fst",0.00336296544783643,0,0.0448257598920678,0.179180122993924
"491001","501000",496000.5,"Fst",0.00354616200919711,0,0.0470576697320649,0.18664913705322
"492001","502000",497000.5,"Fst",0.000993592719844005,0,0.04653076293737,0.195161182046428
"493001","503000",498000.5,"Fst",0.00420764559993159,0,0.0425393682193976,0.182077526406567
"494001","504000",499000.5,"Fst",0.00325818615881279,0,0.0399845534437456,0.174080518099657
"495001","505000",500000.5,"Fst",0.0078115961375872,0,0.0347064618952488,0.145556610224849
"496001","506000",501000.5,"Fst",0.00795468705749069,0,0.0353364209914034,0.148354814884166
"497001","507000",502000.5,"Fst",0.00516922597847447,0,0.0337993448696394,0.127996542969805
"498001","508000",503000.5,"Fst",0.00681930017625321,0,0.0319123962318448,0.11806594139469
"499001","509000",504000.5,"Fst",0.0115267112542315,0,0.0226863372829384,0.043090101010101
"500001","510000",505000.5,"Fst",0.0117659561547337,0,0.0207689186898942,0.0406977612497572
"501001","511000",506000.5,"Fst",0.0114840334889235,0,0.0201894340677897,0.0396046798924496
"502001","512000",507000.5,"Fst",0.0117659561547337,0,0.0205852410879219,0.0406977612497572
"503001","513000",508000.5,"Fst",0.00881542699724525,0,0.0219050590381108,0.0438211573095293
"504001","514000",509000.5,"Fst",0.00589263833243847,0,0.0214354329156544,0.0380287558485025
"505001","515000",510000.5,"Fst",0,0,0.0250798950098616,0.044579533941236
"506001","516000",511000.5,"Fst",0,0,0.023550325242679,0.0421453940224479
"507001","517000",512000.5,"Fst",0.0026992946368759,0,0.0198870544455046,0.0420844292820124
"508001","518000",513000.5,"Fst",0,0,0.0202134101853201,0.0516449526666041
"509001","519000",514000.5,"Fst",0,0,0.0185596347588079,0.0479484836618368
"510001","520000",515000.5,"Fst",0,0,0.0179863147605084,0.0487894350696992
"511001","521000",516000.5,"Fst",0,0,0.01868969019807,0.0508725794884054
"512001","522000",517000.5,"Fst",0.00137636776546701,0,0.0222872539831303,0.047591863184414
"513001","523000",518000.5,"Fst",0.00142156514322267,0,0.023240848192116,0.0493081738026347
"514001","524000",519000.5,"Fst",0.0179640718562873,0,0.0110197126041444,0.0177441879569539
"515001","525000",520000.5,"Fst",0.0187499999999999,0,0.0115778085675783,0.0185461851527485
"516001","526000",521000.5,"Fst",0.0206896551724137,0,0.0127743340593064,0.0205810330535203
"517001","527000",522000.5,"Fst",0.0220588235294117,0,0.01353360104719,0.021455390666905
"518001","528000",523000.5,"Fst",0.0511907489996298,0,0.0248181836658195,0.040383262078355
"519001","529000",524000.5,"Fst",0.0509375383697883,0,0.024721190542556,0.0405889742684449
"520001","530000",525000.5,"Fst",0.0568419816398834,0,0.028025697985358,0.0462423784500935
"521001","531000",526000.5,"Fst",0.0547273995062473,0,0.0269372837489203,0.0441906896663575
"522001","532000",527000.5,"Fst",0.0449404320654155,0,0.0234977172495358,0.0407967929834605
"523001","533000",528000.5,"Fst",0.042972957563858,0,0.0199067146262173,0.0343502941672084
"524001","534000",529000.5,"Fst",0.0427961730881449,0,0.0242485211356256,0.0400350510749532
"525001","535000",530000.5,"Fst",0.0427961730881449,0,0.0242485211356256,0.0400350510749532
"526001","536000",531000.5,"Fst",0.0427961730881449,0,0.0242485211356256,0.0400350510749532
"527001","537000",532000.5,"Fst",0.0427961730881449,0,0.0240853071756543,0.0400350510749532
"528001","538000",533000.5,"Fst",0.00929230481007914,0,0.016917971033608,0.0242075553625705
"529001","539000",534000.5,"Fst",0.007172836397213,0,0.0187820225098219,0.0262782509253965
"530001","540000",535000.5,"Fst",0.007172836397213,0,0.0187820225098219,0.0262782509253965
"531001","541000",536000.5,"Fst",0.007172836397213,0,0.0187118615548545,0.0262782509253965
"532001","542000",537000.5,"Fst",0.00999980284300395,0,0.0203254160857317,0.0257857643875881
"533001","543000",538000.5,"Fst",0.00747519942150798,0,0.0185861691283319,0.0247946711504883
"534001","544000",539000.5,"Fst",0.00598514326140775,0,0.0191342668277773,0.0240465294954137
"535001","545000",540000.5,"Fst",0.0113516113516111,0,0.0143078889868539,0.0260734080866389
"536001","546000",541000.5,"Fst",0.0113516113516111,0,0.0143078889868539,0.0260734080866389
"537001","547000",542000.5,"Fst",0.0573195511971021,0,0.0192429193918997,0.0426787236408108
"538001","548000",543000.5,"Fst",0.0615297434371769,0,0.0203309854605674,0.0503303402711686
"539001","549000",544000.5,"Fst",0.0453638307522839,0,0.0198877773531535,0.0415626856803328
"540001","550000",545000.5,"Fst",0.0443654454997737,0,0.0181782911451548,0.0366703654586954
"541001","551000",546000.5,"Fst",0.040154453118442,0,0.0169950970385437,0.032933991073526
"542001","552000",547000.5,"Fst",0.0435060280221569,0,0.0185037591269319,0.0364659172268869
"543001","553000",548000.5,"Fst",0.0370591701733854,0,0.0166033310935149,0.0325832254638387
"544001","554000",549000.5,"Fst",0.0376364479285203,0,0.0168725016234803,0.0330263500954591
"545001","555000",550000.5,"Fst",0.0363163305222746,0,0.0176848845670314,0.0331183731961943
"546001","556000",551000.5,"Fst",0.0352065474300632,0,0.0171770445247026,0.0321092527128509
"547001","557000",552000.5,"Fst",0.012239137789377,0,0.0160532656058579,0.0260141381185426
"548001","558000",553000.5,"Fst",0.012083368811436,0,0.0157331240595091,0.0244064883446128
"549001","559000",554000.5,"Fst",0.0184064699715442,0,0.0155525191450637,0.0309048925138186
"550001","560000",555000.5,"Fst",0.00991357819511385,0,0.0165168215674001,0.0353928256271624
"551001","561000",556000.5,"Fst",0.0394439581509733,0,0.0202211288209288,0.0392616165261419
"552001","562000",557000.5,"Fst",0.0496069788797061,0,0.025176961249895,0.0469531538895701
"553001","563000",558000.5,"Fst",0.0595489041023193,0,0.0276330927855184,0.0491511081118716
"554001","564000",559000.5,"Fst",0.0595489041023193,0,0.0276330927855184,0.0491511081118716
"555001","565000",560000.5,"Fst",0.0603551302498672,0,0.0282582184360197,0.0483574159269098
"556001","566000",561000.5,"Fst",0.057440943297517,0,0.0265882620481961,0.0456743969281582
"557001","567000",562000.5,"Fst",0.0514394786478275,0,0.0235992616266448,0.0392373583862945
"558001","568000",563000.5,"Fst",0.0559442453794344,0,0.0256135052304336,0.0419745684378825
"559001","569000",564000.5,"Fst",0.054098400270649,0,0.025836773017784,0.0417454154762777
"560001","570000",565000.5,"Fst",0.0683013910876082,0,0.0304548339610458,0.0588546115039914
"561001","571000",566000.5,"Fst",0.0568862275449101,0,0.0316920938530353,0.0627267280352962
"562001","572000",567000.5,"Fst",0.0344827586206897,0,0.0223389234383519,0.0417786264748006
"563001","573000",568000.5,"Fst",0.0344827586206897,0,0.0223389234383519,0.0417786264748006
"564001","574000",569000.5,"Fst",0.0315706492605556,0,0.0168282739118247,0.029530913179901
"565001","575000",570000.5,"Fst",0.0343205813794049,0,0.0183811285846439,0.0321824564407722
"566001","576000",571000.5,"Fst",0.0397593523509577,0,0.0202146217393156,0.0376410570349963
"567001","577000",572000.5,"Fst",0.0413001992240746,0,0.0209226677740602,0.0391161439446952
"568001","578000",573000.5,"Fst",0.0427498480507076,0,0.0216793569365265,0.0405050505050506
"569001","579000",574000.5,"Fst",0.0593727740806317,0,0.0244339848434025,0.05232898029567
"570001","580000",575000.5,"Fst",0.041655996585574,0,0.0229892763975932,0.0412187708503226
"571001","581000",576000.5,"Fst",0.0418113721484507,0,0.0213832507339247,0.0434298360962009
"572001","582000",577000.5,"Fst",0.0237144168962349,0,0.0298127285394638,0.0666025306494021
"573001","583000",578000.5,"Fst",0.0201911001911002,0,0.0252890900855647,0.0558202953223571
"574001","584000",579000.5,"Fst",0.0120908635680793,0,0.0282629682479659,0.0618019119966523
"575001","585000",580000.5,"Fst",0.0500308993332249,0,0.0240766299249304,0.0481898534931589
"576001","586000",581000.5,"Fst",0.0491689042321953,0,0.0235845743418925,0.0472291444167555
"577001","587000",582000.5,"Fst",0.0499805931858416,0,0.0223221827906896,0.0442775803431542
"578001","588000",583000.5,"Fst",0.0487555850475558,0,0.0216824550757495,0.0409207528212856
"579001","589000",584000.5,"Fst",0.0432502639718182,0,0.0216893632382768,0.0395619162803198
"580001","590000",585000.5,"Fst",0.0450338963753758,0,0.0191996870054986,0.0397336592439667
"581001","591000",586000.5,"Fst",0.118488274580631,0,0.0215561985536631,0.0715222967891115
"582001","592000",587000.5,"Fst",0.138528530371743,0,0.0227593530861106,0.0879063179303511
"583001","593000",588000.5,"Fst",0.148505121166713,0,0.0245190019531308,0.0915632636966193
"584001","594000",589000.5,"Fst",0.159320682001608,0,0.0260076519146777,0.0953409373152856
"585001","595000",590000.5,"Fst",0.145392248176096,0,0.0267219463927294,0.0886056493368735
"586001","596000",591000.5,"Fst",0.118232535880201,0,0.0208647227788316,0.0701170950832239
"587001","597000",592000.5,"Fst",0.0956850563976226,0,0.0200327887026106,0.0608162573576453
"588001","598000",593000.5,"Fst",0.0959450881701213,0,0.0198534370559418,0.0605361217125565
"589001","599000",594000.5,"Fst",0.0789428094331299,0,0.0203407175627334,0.0478664222297438
"590001","6e+05",595000.5,"Fst",0.08001625083644,0,0.0219636228244364,0.0518571046057607
"591001","601000",596000.5,"Fst",0.0195169516951695,0,0.0222261081158451,0.0519932755565549
"592001","602000",597000.5,"Fst",0.00559726088765156,0,0.0226071436921384,0.0596067004676918
"593001","603000",598000.5,"Fst",0.00667747050725775,0,0.0218029029591288,0.0543845557685834
"594001","604000",599000.5,"Fst",0.00702844180771234,0,0.0220417961835864,0.0539249627395525
"595001","605000",600000.5,"Fst",0.00568461572892887,0,0.0228042801641153,0.060782565575645
"596001","606000",601000.5,"Fst",0,0,0.0287639714722081,0.078823060441477
"597001","607000",602000.5,"Fst",0.114151220947337,0,0.0325898965510713,0.062629132231405
"598001","608000",603000.5,"Fst",0.178125252525252,0,0.0311798183282636,0.0641812059993878
"599001","609000",604000.5,"Fst",0.231138668331995,0,0.0342942981731852,0.0812813770021514
"600001","610000",605000.5,"Fst",0.237250368199751,0,0.0353751422759708,0.0837769538882936
"601001","611000",606000.5,"Fst",0.243253604988694,0,0.0364347636715084,0.0860005058853287
"602001","612000",607000.5,"Fst",0.192715713919508,0,0.0342088892182763,0.0945004060013904
"603001","613000",608000.5,"Fst",0.205120278784605,0,0.0362094587037194,0.100502778796607
"604001","614000",609000.5,"Fst",0.208692583459108,0,0.0374585833490069,0.102309659233708
"605001","615000",610000.5,"Fst",0.195740248349098,0,0.0355735961702548,0.096563470474557
"606001","616000",611000.5,"Fst",0.183665118681639,0,0.0332778513865982,0.0904915659207418
"607001","617000",612000.5,"Fst",0.141374296816402,0,0.0349417215570513,0.107635893295613
"608001","618000",613000.5,"Fst",0.0502851548303046,0,0.0362145844896534,0.101784094803667
"609001","619000",614000.5,"Fst",0.0507353326990138,0,0.0363388120909669,0.0995688751136072
"610001","620000",615000.5,"Fst",0.0500847662382012,0,0.035803138358781,0.0981498412640072
"611001","621000",616000.5,"Fst",0.0466045745401983,0,0.034089070127716,0.096227153195836
"612001","622000",617000.5,"Fst",0.0271186440677967,0,0.019768660957812,0.0350951374207187
"613001","623000",618000.5,"Fst",0.0235079726651479,0,0.0216338868440776,0.0379874757071906
"614001","624000",619000.5,"Fst",0.0235079726651479,0,0.0216338868440776,0.0379874757071906
"615001","625000",620000.5,"Fst",0.0325278983984685,0,0.0169126871393952,0.0305588502058186
"616001","626000",621000.5,"Fst",0.0351367470392775,0,0.0206571905272954,0.0347199864441242
"617001","627000",622000.5,"Fst",0.0342693143034439,0,0.0190974828838155,0.0340967316202156
"618001","628000",623000.5,"Fst",0.0361987506738115,0,0.0311390926955909,0.0860565684268492
"619001","629000",624000.5,"Fst",0.0349198580692525,0,0.0301204265352971,0.0829742335695544
"620001","630000",625000.5,"Fst",0.0805691135958515,0,0.0340354786796443,0.0728344706774386
"621001","631000",626000.5,"Fst",0.0824500933505673,0,0.0378286261959538,0.0761359217636343
"622001","632000",627000.5,"Fst",0.0799376486340654,0,0.0358403016187501,0.070295611907871
"623001","633000",628000.5,"Fst",0.0792448006293328,0,0.0349989757212895,0.0697705478357553
"624001","634000",629000.5,"Fst",0.0772839411240764,0,0.034007560456685,0.068044847052369
"625001","635000",630000.5,"Fst",0.0791615110270034,0,0.0339377784072308,0.0689072211132785
"626001","636000",631000.5,"Fst",0.0791615110270034,0,0.0339377784072308,0.0689072211132785
"627001","637000",632000.5,"Fst",0.0800237283108409,0,0.0348566349037138,0.0692949937697729
"628001","638000",633000.5,"Fst",0.0836563908161077,0,0.0350476201002512,0.0649662238130091
"629001","639000",634000.5,"Fst",0.0858103680625101,0,0.0365455057273964,0.0675486478864413
"630001","640000",635000.5,"Fst",0.0633778492893536,0,0.0281926705590051,0.0573917614809808
"631001","641000",636000.5,"Fst",0.0246833228357478,0,0.0156261059765317,0.0287817445712181
"632001","642000",637000.5,"Fst",0.0129750950803582,0,0.0147077667829432,0.0209090909090908
"633001","643000",638000.5,"Fst",0.00981506238859176,0,0.0109443126516684,0.0177156177156178
"634001","644000",639000.5,"Fst",0.014109090909091,0,0.0139858703688492,0.0163887291546867
"635001","645000",640000.5,"Fst",0.0194622279129321,0,0.0118172699917936,0.0204081632653063
"636001","646000",641000.5,"Fst",0.0159137386131251,0,0.0141460809003376,0.0235893067218367
"637001","647000",642000.5,"Fst",0.0169661733615221,0,0.0153056837798839,0.0255010305661536
"638001","648000",643000.5,"Fst",0.0160142348754448,0,0.0177961672356716,0.0330009775171065
"639001","649000",644000.5,"Fst",0.0216394028783408,0,0.0223480883720596,0.0408208261807642
"640001","650000",645000.5,"Fst",0.0278235593343507,0,0.0195275088828029,0.0402080945242923
"641001","651000",646000.5,"Fst",0.0273907189161425,0,0.0182775378136135,0.0372509626653272
"642001","652000",647000.5,"Fst",0.0269329158871368,0,0.025776490244514,0.0497323232323231
"643001","653000",648000.5,"Fst",0.0211737878296425,0,0.0211347452650124,0.0428984817777847
"644001","654000",649000.5,"Fst",0.0211737878296425,0,0.0211347452650124,0.0428984817777847
"645001","655000",650000.5,"Fst",0.0160844149226907,0,0.0208766473963866,0.0439773801152331
"646001","656000",651000.5,"Fst",0.0160125461627965,0,0.0194697200028968,0.0441068931204575
"647001","657000",652000.5,"Fst",0.0163778050508377,0,0.0198258735668281,0.0428399380627401
"648001","658000",653000.5,"Fst",0.0318185756709282,0,0.0181175222686417,0.0348364353027715
"649001","659000",654000.5,"Fst",0.0242221594980134,0,0.0151990854530881,0.0316825115590982
"650001","660000",655000.5,"Fst",0.0204506763240164,0,0.0146799192188284,0.0312307312383416
"651001","661000",656000.5,"Fst",0.0182576501025962,0,0.0139948987993011,0.0303667091335779
"652001","662000",657000.5,"Fst",0.0175192788096014,0,0.0136201977579869,0.0331079882899392
"653001","663000",658000.5,"Fst",0.016876707859211,0,0.0146830446827966,0.0328167410909728
"654001","664000",659000.5,"Fst",0.0189369557645419,0,0.0140490626381396,0.0309434693518695
"655001","665000",660000.5,"Fst",0.0219037667313529,0,0.0134670143844516,0.0285885711648393
"656001","666000",661000.5,"Fst",0.0200415098394893,0,0.0129180571298585,0.0250819119124129
"657001","667000",662000.5,"Fst",0.0841012089882603,0,0.0217755701286291,0.0490270418718478
"658001","668000",663000.5,"Fst",0.081826736340521,0,0.023099604683045,0.0510312024680113
"659001","669000",664000.5,"Fst",0.0936187068579257,0,0.0247184302812585,0.0586102589606184
"660001","670000",665000.5,"Fst",0.129282526215497,0,0.0308896843427985,0.0599000464978559
"661001","671000",666000.5,"Fst",0.133063559523083,0,0.0317543355653267,0.0619526174685248
"662001","672000",667000.5,"Fst",0.135460816089088,0,0.0328576881176858,0.0622666356555784
"663001","673000",668000.5,"Fst",0.132986264505716,0,0.0318072080950675,0.0552612858781683
"664001","674000",669000.5,"Fst",0.13459409750348,0,0.0331759666087728,0.0561094591180299
"665001","675000",670000.5,"Fst",0.137816564733155,0,0.0334899584781486,0.0585076091983677
"666001","676000",671000.5,"Fst",0.169974299205068,0,0.0320669101836957,0.0715631313131313
"667001","677000",672000.5,"Fst",0.153445109661237,0,0.0327400453193897,0.0725198270221967
"668001","678000",673000.5,"Fst",0.154406848756625,0,0.0366635442715016,0.0911215565289519
"669001","679000",674000.5,"Fst",0.156598329536826,0,0.0376329251043392,0.0928688609390933
"670001","680000",675000.5,"Fst",0.0965662106666969,0,0.0352483418418065,0.0868514992860543
"671001","681000",676000.5,"Fst",0.1158744808491,0,0.0387140218524017,0.101465249796164
"672001","682000",677000.5,"Fst",0.117101398476573,0,0.0390050636143619,0.102567425785348
"673001","683000",678000.5,"Fst",0.120507646171944,0,0.0401195685356184,0.103478096597469
"674001","684000",679000.5,"Fst",0.120860215053764,0,0.0406188897195655,0.114657039711191
"675001","685000",680000.5,"Fst",0.121883127572016,0,0.0412357127662081,0.115726609157266
"676001","686000",681000.5,"Fst",0.0972462556600486,0,0.0388969571986768,0.125721090139444
"677001","687000",682000.5,"Fst",0.0906767304888416,0,0.0392192637998005,0.120792989949648
"678001","688000",683000.5,"Fst",0.0894080756676177,0,0.0368707271454448,0.0851502191561408
"679001","689000",684000.5,"Fst",0.0898749834484674,0,0.0371091691050356,0.0856763597577896
"680001","690000",685000.5,"Fst",0.11067294829291,0,0.0328864353640081,0.0967052877509178
"681001","691000",686000.5,"Fst",0.0844798348447985,0,0.0332481653979895,0.0774519738921033
"682001","692000",687000.5,"Fst",0.0852054285183119,0,0.0335504569018226,0.0781403734423868
"683001","693000",688000.5,"Fst",0.0847127510726222,0,0.0332812089316596,0.0870986104135275
"684001","694000",689000.5,"Fst",0.0814546401885206,0,0.0333166207469469,0.0686667751716489
"685001","695000",690000.5,"Fst",0.0772835830154153,0,0.0290997139939685,0.0714293951450152
"686001","696000",691000.5,"Fst",0.097394175215187,0,0.0338697543483499,0.08093496297618
"687001","697000",692000.5,"Fst",0.101793021302793,0,0.0324584614907521,0.0817396835708583
"688001","698000",693000.5,"Fst",0.112559557842577,0,0.0369692111321533,0.0781798661793889
"689001","699000",694000.5,"Fst",0.150944303421553,0,0.0425888563862118,0.0895575660128586
"690001","7e+05",695000.5,"Fst",0.161144338118022,0,0.0444453934324401,0.0955371579357057
"691001","701000",696000.5,"Fst",0.150259429978039,0,0.041690259627281,0.0897738922967181
"692001","702000",697000.5,"Fst",0.162151777137368,0,0.0417616366375853,0.0878567344983699
"693001","703000",698000.5,"Fst",0.181015770469205,0,0.0458267818342084,0.0968595561831138
"694001","704000",699000.5,"Fst",0.179498161830317,0,0.0452328419860854,0.0965914269140676
"695001","705000",700000.5,"Fst",0.195765177728845,0,0.0491140553232437,0.100213845136726
"696001","706000",701000.5,"Fst",0.210814899815238,0,0.0507765520739047,0.101627992373964
"697001","707000",702000.5,"Fst",0.227895806199531,0,0.0521986899217396,0.102046585839635
"698001","708000",703000.5,"Fst",0.240215544567009,0,0.0535612010359213,0.0995989992471437
"699001","709000",704000.5,"Fst",0.236515172878382,0,0.0505244017231681,0.0938089549779627
"700001","710000",705000.5,"Fst",0.228488251726436,0,0.0474496980392399,0.0902962717134841
"701001","711000",706000.5,"Fst",0.239570750510357,0,0.0491342802891899,0.0956380835992486
"702001","712000",707000.5,"Fst",0.230876482262804,0,0.0484819691611546,0.0938043588738366
"703001","713000",708000.5,"Fst",0.222786612864942,0,0.0465620506332594,0.0901261910893638
"704001","714000",709000.5,"Fst",0.225181078685362,0,0.0470702699226966,0.0914289387771412
"705001","715000",710000.5,"Fst",0.214766817230977,0,0.0449524424656323,0.0870234604105571
"706001","716000",711000.5,"Fst",0.201737757594331,0,0.0419884476223958,0.0831342951234663
"707001","717000",712000.5,"Fst",0.183479810896691,0,0.0386873993396963,0.0782049959651241
"708001","718000",713000.5,"Fst",0.162350145049107,0,0.0375692885712033,0.0801076918356702
"709001","719000",714000.5,"Fst",0.0941774690924086,0,0.0288849252218937,0.0496832836381678
"710001","720000",715000.5,"Fst",0.0871837977767626,0,0.022060139288522,0.046280193236715
"711001","721000",716000.5,"Fst",0.036980044345898,0,0.0204622450054899,0.039425091889741
"712001","722000",717000.5,"Fst",0.0398531308921306,0,0.0227788998192612,0.0495658277984706
"713001","723000",718000.5,"Fst",0.0364796479647964,0,0.0257952310041876,0.0532216832061837
"714001","724000",719000.5,"Fst",0.0411650107149814,0,0.0258303153035071,0.0512621405617211
"715001","725000",720000.5,"Fst",0.0461557726020535,0,0.026719398576468,0.0501584041154063
"716001","726000",721000.5,"Fst",0.0445849662987985,0,0.0261350390849225,0.0518959589416512
"717001","727000",722000.5,"Fst",0.0444726990181538,0,0.0272695287707901,0.0527309271009825
"718001","728000",723000.5,"Fst",0.0436585534983702,0,0.0267787890852064,0.0520720017062569
"719001","729000",724000.5,"Fst",0.0309610629112703,0,0.020636255276135,0.0379208454653294
"720001","730000",725000.5,"Fst",0.0314085132853461,0,0.0182342190730485,0.0331180559356357
"721001","731000",726000.5,"Fst",0.0352010498396591,0,0.0153094105400406,0.0350358246236772
"722001","732000",727000.5,"Fst",0.0336906720444373,0,0.0146360106563301,0.0333708990733784
"723001","733000",728000.5,"Fst",0.0389558582473852,0,0.0153243872619387,0.0312089971883787
"724001","734000",729000.5,"Fst",0.0355024778617271,0,0.0152710147910802,0.0343373841876428
"725001","735000",730000.5,"Fst",0.0291239632776049,0,0.0146810366055819,0.0291383260634454
"726001","736000",731000.5,"Fst",0.0441106174232629,0,0.0210354180293087,0.0496443122291922
"727001","737000",732000.5,"Fst",0.0409939335678341,0,0.0194292566487265,0.0458067764372425
"728001","738000",733000.5,"Fst",0.0413332765860855,0,0.0198744300909968,0.0490742766974765
"729001","739000",734000.5,"Fst",0.0454281556545801,0,0.0218802833800454,0.0536065391127506
"730001","740000",735000.5,"Fst",0.0458494362912258,0,0.0236593887722846,0.0565490916802148
"731001","741000",736000.5,"Fst",0.0474083772013566,0,0.0260832705926631,0.0591468321102302
"732001","742000",737000.5,"Fst",0.0474083772013566,0,0.0259855829400748,0.0593132866096021
"733001","743000",738000.5,"Fst",0.0427661467846938,0,0.022219707009923,0.0519670551232395
"734001","744000",739000.5,"Fst",0.0418603585018109,0,0.0218059619290213,0.0509884679730176
"735001","745000",740000.5,"Fst",0.0462136704467992,0,0.0264526702662305,0.0713638755902999
"736001","746000",741000.5,"Fst",0.0804040404040403,0,0.0339977377195914,0.0749827825786467
"737001","747000",742000.5,"Fst",0.0643692403869233,0,0.0353075894168644,0.106570356391401
"738001","748000",743000.5,"Fst",0.0650986743860132,0,0.0369282585596626,0.110223367697595
"739001","749000",744000.5,"Fst",0.0660374034998209,0,0.0394632199624244,0.11488423890745
"740001","750000",745000.5,"Fst",0.0632586471922696,0,0.037671962472483,0.108010680166753
"741001","751000",746000.5,"Fst",0.0617999677922713,0,0.0362758223973199,0.104597775548292
"742001","752000",747000.5,"Fst",0.0546983891498851,0,0.0416639585802432,0.115899891379043
"743001","753000",748000.5,"Fst",0.0536572999576028,0,0.0394981582601845,0.110623027588313
"744001","754000",749000.5,"Fst",0.0569143246314372,0,0.0404834669046033,0.110079043554979
"745001","755000",750000.5,"Fst",0.0543658686001527,0,0.0384392675363758,0.108919843597263
"746001","756000",751000.5,"Fst",0.0331805020253096,0,0.0372857200750647,0.108666029347051
"747001","757000",752000.5,"Fst",0.035042235617337,0,0.0380661404162307,0.0913128511521354
"748001","758000",753000.5,"Fst",0.0357189132706373,0,0.03869140844889,0.0927831687822266
"749001","759000",754000.5,"Fst",0.0360232476038423,0,0.0390709149749794,0.0936787895477791
"750001","760000",755000.5,"Fst",0.0380786857788562,0,0.0430466517160986,0.101173101559949
"751001","761000",756000.5,"Fst",0.0388746107989625,0,0.0447668356615161,0.104614482118055
"752001","762000",757000.5,"Fst",0.0462980815578907,0,0.0435534386924516,0.120830779664813
"753001","763000",758000.5,"Fst",0.0547178757705074,0,0.0489679020352222,0.139058194354986
"754001","764000",759000.5,"Fst",0.038546196755152,0,0.0326305618074826,0.0959603410471738
"755001","765000",760000.5,"Fst",0.0331211190017594,0,0.0268624099384305,0.080315162675562
"756001","766000",761000.5,"Fst",0.0211049978993909,0,0.0174305439777432,0.0481959911994678
"757001","767000",762000.5,"Fst",0.0196323712806742,0,0.0223946043901718,0.0602822687132132
"758001","768000",763000.5,"Fst",0.0373969074586026,0,0.0237546250715336,0.0553141553446849
"759001","769000",764000.5,"Fst",0.037188674930167,0,0.0236028989243206,0.054966033096809
"760001","770000",765000.5,"Fst",0.037188674930167,0,0.0236028989243206,0.054966033096809
"761001","771000",766000.5,"Fst",0.0339795304284095,0,0.0297208580901216,0.0658907964613713
"762001","772000",767000.5,"Fst",0.0339795304284095,0,0.0297208580901216,0.0658907964613713
"763001","773000",768000.5,"Fst",0.0283051205441804,0,0.0267092141697059,0.0672413744060864
"764001","774000",769000.5,"Fst",0.0300548909718631,0,0.0314914004451762,0.0783975923195205
"765001","775000",770000.5,"Fst",0.0539207368517535,0,0.0455942254745465,0.113547582718511
"766001","776000",771000.5,"Fst",0.0616644683128448,0,0.0519266159372408,0.127179800607354
"767001","777000",772000.5,"Fst",0.0773869073510222,0,0.0518408271077297,0.14306576355863
"768001","778000",773000.5,"Fst",0.0733079143234845,0,0.0491673102566062,0.129000102722137
"769001","779000",774000.5,"Fst",0.0733079143234845,0,0.0491657409476429,0.129122659822986
"770001","780000",775000.5,"Fst",0.0728074841476902,0,0.0487888017811277,0.128148674242424
"771001","781000",776000.5,"Fst",0.0645632145632146,0,0.0416543908265388,0.120273913512348
"772001","782000",777000.5,"Fst",0.0527777777777778,0,0.0379566875731829,0.114450663503596
"773001","783000",778000.5,"Fst",0.0524552686215504,0,0.0384987951990791,0.11627058740369
"774001","784000",779000.5,"Fst",0.0535617725451093,0,0.0375560603295637,0.111929476728467
"775001","785000",780000.5,"Fst",0.0336935499846218,0,0.035989797434734,0.126809912143164
"776001","786000",781000.5,"Fst",0.0324274065960815,0,0.0340045347918138,0.11842197098982
"777001","787000",782000.5,"Fst",0.0206173034694774,0,0.0377812846308677,0.123779524884957
"778001","788000",783000.5,"Fst",0.000471468960299481,0,0.0430421118033108,0.138675495678311
"779001","789000",784000.5,"Fst",0.000590308644863535,0,0.0423254237534419,0.137457711925797
"780001","790000",785000.5,"Fst",0.000581922728041362,0,0.0417622076886093,0.135789535810193
"781001","791000",786000.5,"Fst",0.00221526997337218,0,0.0379040110939389,0.111665007850241
"782001","792000",787000.5,"Fst",0.00717710262573712,0,0.0378666218769481,0.108466410080269
"783001","793000",788000.5,"Fst",0.00734423409074114,0,0.03880826928354,0.110659034920806
"784001","794000",789000.5,"Fst",0.0107004023733206,0,0.041720490469176,0.130795173931286
"785001","795000",790000.5,"Fst",0.00960807714995127,0,0.0402617086259304,0.130927555328279
"786001","796000",791000.5,"Fst",0.00913555001944055,0,0.0429294719818274,0.136154304696723
"787001","797000",792000.5,"Fst",0.0149035812672176,0,0.050511575584666,0.106400369456462
"788001","798000",793000.5,"Fst",0.0149202280461396,0,0.0556796775385194,0.118474863236269
"789001","799000",794000.5,"Fst",0.0152788001472212,0,0.0586143385157646,0.122683932214681
"790001","8e+05",795000.5,"Fst",0.0371883005833487,0,0.0544132471030263,0.113746486754588
"791001","801000",796000.5,"Fst",0.0351990797288302,0,0.0516403858744282,0.108273407962043
"792001","802000",797000.5,"Fst",0.0345150442589544,0,0.050930349273591,0.108967218406504
"793001","803000",798000.5,"Fst",0.0345150442589544,0,0.050930349273591,0.108967218406504
"794001","804000",799000.5,"Fst",0.0305104410459021,0,0.0422502690105426,0.0762391763022384
"795001","805000",800000.5,"Fst",0.0442657213523888,0,0.035141349810568,0.0826740506329114
"796001","806000",801000.5,"Fst",0.0461446250499478,0,0.0368776772664717,0.0860113083309477
"797001","807000",802000.5,"Fst",0.0723242475912313,0,0.0260102154508832,0.0544825527809117
"798001","808000",803000.5,"Fst",0.0489027805166634,0,0.0355569356113459,0.0733099046451744
"799001","809000",804000.5,"Fst",0.0486878346730745,0,0.0350825520293347,0.0716121698172032
"800001","810000",805000.5,"Fst",0.0225436326687587,0,0.0408123759300945,0.0842652243571739
"801001","811000",806000.5,"Fst",0.012679841841063,0,0.0423811648228733,0.0917064694553528
"802001","812000",807000.5,"Fst",0.00937054215792721,0,0.0444775985396042,0.0986893788366264
"803001","813000",808000.5,"Fst",0.00509096560525024,0,0.0391505058389479,0.0973682556124023
"804001","814000",809000.5,"Fst",0.00543562665010089,0,0.0417218897595131,0.103703066013672
"805001","815000",810000.5,"Fst",0.00542602518991087,0,0.0417238148058425,0.103531493935654
"806001","816000",811000.5,"Fst",0.00566549536331074,0,0.0405815693465989,0.0994847708970455
"807001","817000",812000.5,"Fst",0.00652321116087462,0,0.0390435399305417,0.0961022202918566
"808001","818000",813000.5,"Fst",0,0,0.0391542982904083,0.106184204918382
"809001","819000",814000.5,"Fst",0,0,0.0376204203665392,0.102048182006283
"810001","820000",815000.5,"Fst",0,0,0.0398207792335481,0.105019586075262
"811001","821000",816000.5,"Fst",0.00903976932702266,0,0.0379292654693458,0.0807530753075306
"812001","822000",817000.5,"Fst",0.0122328331059574,0,0.0371732689000936,0.0766975922920685
"813001","823000",818000.5,"Fst",0.0202113663323629,0,0.0357034990645306,0.0692038899711209
"814001","824000",819000.5,"Fst",0.0201004927637449,0,0.0342147977188695,0.06149395517939
"815001","825000",820000.5,"Fst",0.0204673857216231,0,0.0348417924894584,0.0626420571922381
"816001","826000",821000.5,"Fst",0.0203554035607544,0,0.0337065072131627,0.0624856126425963
"817001","827000",822000.5,"Fst",0.0203187734208718,0,0.0367879774250722,0.0668182214899699
"818001","828000",823000.5,"Fst",0.0272658462352785,0,0.0315507030436219,0.0584596133873532
"819001","829000",824000.5,"Fst",0.0276076795053406,0,0.0310281064372864,0.056365924606694
"820001","830000",825000.5,"Fst",0.0264062515476864,0,0.0296623390730537,0.0537306820728914
"821001","831000",826000.5,"Fst",0.0282008454360509,0,0.0208177709422627,0.0517851302670299
"822001","832000",827000.5,"Fst",0.0267885125464725,0,0.023722232342982,0.0525262798092319
"823001","833000",828000.5,"Fst",0.0308450281545394,0,0.027878251731617,0.0709196178027209
"824001","834000",829000.5,"Fst",0.025460605123544,0,0.03326962869179,0.096913200964585
"825001","835000",830000.5,"Fst",0.025460605123544,0,0.03326962869179,0.096913200964585
"826001","836000",831000.5,"Fst",0.0259016835016835,0,0.0324958996430651,0.0949662895717699
"827001","837000",832000.5,"Fst",0.0258821770334928,0,0.0295736595253427,0.0878557396387785
"828001","838000",833000.5,"Fst",0.0164648390744822,0,0.0289024495971591,0.0877395445605709
"829001","839000",834000.5,"Fst",0.0156529680365298,0,0.028679383835797,0.0874545654807798
"830001","840000",835000.5,"Fst",0.0154241603022089,0,0.0284672261767964,0.086146964905337
"831001","841000",836000.5,"Fst",0.0167596408114447,0,0.0238082230778628,0.0739357309766854
"832001","842000",837000.5,"Fst",0.0167596408114447,0,0.0238082230778628,0.0739357309766854
"833001","843000",838000.5,"Fst",0.0110739662341085,0,0.022254391828322,0.0511436804898914
"834001","844000",839000.5,"Fst",0.00541545592915471,0,0.0315007281131091,0.0831013883326658
"835001","845000",840000.5,"Fst",0.00530705567900036,0,0.0294778173374856,0.0806074675045529
"836001","846000",841000.5,"Fst",0.00358625432929671,0,0.0293133247903118,0.0833561506745125
"837001","847000",842000.5,"Fst",0.00474246749876128,0,0.0275950184300861,0.0802104548540393
"838001","848000",843000.5,"Fst",0.0049463558031666,0,0.0319538248890511,0.0902062874277221
"839001","849000",844000.5,"Fst",0.00198664805371163,0,0.0322724769770578,0.098514048406982
"840001","850000",845000.5,"Fst",0.0021931691496907,0,0.0345398750112437,0.103637744184441
"841001","851000",846000.5,"Fst",0.00547860880270845,0,0.0339365338853411,0.0946431827298253
"842001","852000",847000.5,"Fst",0.00515151515151524,0,0.0314348129399583,0.0879618795679231
"843001","853000",848000.5,"Fst",0.0040866410584719,0,0.0272799172027047,0.0791996777225729
"844001","854000",849000.5,"Fst",0.0138240476268644,0,0.0137350425941109,0.0290327128364469
"845001","855000",850000.5,"Fst",0.0127222458993103,0,0.0138721144868828,0.0244106020756887
"846001","856000",851000.5,"Fst",0.0211531589479703,0,0.0148938311421681,0.0233906339390307
"847001","857000",852000.5,"Fst",0.00921998112080757,0,0.022905135718017,0.0589837452345275
"848001","858000",853000.5,"Fst",0.00955996342966181,0,0.0240416039120989,0.0609625668449199
"849001","859000",854000.5,"Fst",0.00944433536226186,0,0.02374554332385,0.0603256445047489
"850001","860000",855000.5,"Fst",0.00923316722590362,0,0.0231746665022617,0.0590046449900464
"851001","861000",856000.5,"Fst",0.00840413107696547,0,0.0228233117000598,0.0585686170615396
"852001","862000",857000.5,"Fst",0.0059256398160783,0,0.0203537036961954,0.0463152848985037
"853001","863000",858000.5,"Fst",0.00045889288166423,0,0.0293691789326584,0.0671244051498245
"854001","864000",859000.5,"Fst",0,0,0.0291159183603751,0.0711393712127387
"855001","865000",860000.5,"Fst",0,0,0.0303635797559366,0.0729776312038979
"856001","866000",861000.5,"Fst",0,0,0.0344997167846416,0.0844832573032054
"857001","867000",862000.5,"Fst",0,0,0.0510421499399336,0.122884117734368
"858001","868000",863000.5,"Fst",0.00362586459621639,0,0.0447564185291093,0.110672925243353
"859001","869000",864000.5,"Fst",0.00367446529494375,0,0.0452848212318672,0.112020001207238
"860001","870000",865000.5,"Fst",0.00362662772301303,0,0.0447564185291093,0.110463185018635
"861001","871000",866000.5,"Fst",0.00156397656397655,0,0.0475190701841156,0.11995650686741
"862001","872000",867000.5,"Fst",0.0103795606433665,0,0.0436617112408455,0.10960027527671
"863001","873000",868000.5,"Fst",0.0552230378317335,0,0.0257313724018223,0.0505469199769718
"864001","874000",869000.5,"Fst",0.0529220779220779,0,0.0246556073810119,0.0484948909141121
"865001","875000",870000.5,"Fst",0.0529220779220779,0,0.0246604562310476,0.0484948909141121
"866001","876000",871000.5,"Fst",0.0459498834498835,0,0.0201325815071206,0.042734300715201
"867001","877000",872000.5,"Fst",0.0459498834498835,0,0.0201325815071206,0.042734300715201
"868001","878000",873000.5,"Fst",0.0239710538218001,0,0.0233838395521266,0.0292951223042409
"869001","879000",874000.5,"Fst",0.0303564277132559,0,0.0211597444633096,0.0422991297308237
"870001","880000",875000.5,"Fst",0.0316096747289408,0,0.0219432770953816,0.0434060228452752
"871001","881000",876000.5,"Fst",0.0315636363636363,0,0.0190456884365173,0.0373882953705571
"872001","882000",877000.5,"Fst",0.0197497765862378,0,0.01642761713379,0.0328752642706132
"873001","883000",878000.5,"Fst",0.0198014184397163,0,0.0159122520824967,0.0322583158058736
"874001","884000",879000.5,"Fst",0.0202514159414283,0,0.0160586141258977,0.0323427307061382
"875001","885000",880000.5,"Fst",0.0086292237202904,0,0.0256970628281133,0.0518103280704798
"876001","886000",881000.5,"Fst",0.00863626852327404,0,0.0283600178707798,0.0565343899665005
"877001","887000",882000.5,"Fst",0.0146706534473412,0,0.0260813878821326,0.0515357129778341
"878001","888000",883000.5,"Fst",0.0108862745098038,0,0.0266844377607348,0.0513608238501146
"879001","889000",884000.5,"Fst",0.00544601845371684,0,0.0305728583148475,0.0592610925039807
"880001","890000",885000.5,"Fst",0.00536624418392662,0,0.0300544943042459,0.0585039638267938
"881001","891000",886000.5,"Fst",0.00544601845371684,0,0.030458655946335,0.0592610925039807
"882001","892000",887000.5,"Fst",0.0029980166966469,0,0.0304790947959902,0.0657105912777712
"883001","893000",888000.5,"Fst",0.00236846880401875,0,0.0312320465258639,0.0673217476043527
"884001","894000",889000.5,"Fst",0.0016928514151644,0,0.032112941397936,0.0690541394564989
"885001","895000",890000.5,"Fst",0.0119683481701286,0,0.032572889663897,0.0796376619161429
"886001","896000",891000.5,"Fst",0.0114009172504994,0,0.0298811135996117,0.073364215402432
"887001","897000",892000.5,"Fst",0.000634322499607376,0,0.0305475296351713,0.0824991318264859
"888001","898000",893000.5,"Fst",0.00616153969674027,0,0.0154170767215593,0.0285919640166006
"889001","899000",894000.5,"Fst",0.00619436372861037,0,0.0154819477612025,0.0287459207459207
"890001","9e+05",895000.5,"Fst",0.0070167189132706,0,0.0176496974252691,0.032809215952324
"891001","901000",896000.5,"Fst",0.00104531554072829,0,0.0189687893255724,0.0325805828990542
"892001","902000",897000.5,"Fst",0.00536205168008796,0,0.0211093733093318,0.0274494352508536
"893001","903000",898000.5,"Fst",0.0130981076330681,0,0.021687629668495,0.0531457460113668
"894001","904000",899000.5,"Fst",0.0136239840324529,0,0.020817956291495,0.0508960517799087
"895001","905000",900000.5,"Fst",0.0136821198922172,0,0.0208156349184663,0.0506139790188719
"896001","906000",901000.5,"Fst",0.0150702687590609,0,0.0203010153704411,0.0467174476200771
"897001","907000",902000.5,"Fst",0.0110186626890915,0,0.0196708792851994,0.0401934248635982
"898001","908000",903000.5,"Fst",0.0111459095749601,0,0.0200023217146771,0.0410429626982387
"899001","909000",904000.5,"Fst",0.011384984197965,0,0.02057809000621,0.0419291880382066
"900001","910000",905000.5,"Fst",0.011384984197965,0,0.02057809000621,0.0419291880382066
"901001","911000",906000.5,"Fst",0.0118952807777749,0,0.0215196901460901,0.0440198440354438
"902001","912000",907000.5,"Fst",0.0124534688664737,0,0.0226371095117475,0.0463111833941565
"903001","913000",908000.5,"Fst",0.0070641734289858,0,0.0249404529285114,0.0666944526333979
"904001","914000",909000.5,"Fst",0.01860429774171,0,0.0227575296748057,0.0543866230773352
"905001","915000",910000.5,"Fst",0.019072992132118,0,0.0234152666299636,0.0557343556058393
"906001","916000",911000.5,"Fst",0.0177602973878986,0,0.024754901995101,0.0612793906997871
"907001","917000",912000.5,"Fst",0.0309090909090909,0,0.0261402701314931,0.0385251112523841
"908001","918000",913000.5,"Fst",0.0402167369054786,0,0.024661437978472,0.0412072813737255
"909001","919000",914000.5,"Fst",0.042466624284806,0,0.026041576692568,0.0431164990435509
"910001","920000",915000.5,"Fst",0.0384349827387801,0,0.0235106639277162,0.039148723057948
"911001","921000",916000.5,"Fst",0.0365826944140196,0,0.0224941527212526,0.0375682868032956
"912001","922000",917000.5,"Fst",0.0365826944140196,0,0.0224941527212526,0.0375682868032956
"913001","923000",918000.5,"Fst",0.033550979407333,0,0.0204705507391811,0.0345198554939093
"914001","924000",919000.5,"Fst",0.0152671755725189,0,0.0155038759689923,0.0167278063096111
"915001","925000",920000.5,"Fst",0.014388489208633,0,0.0147058823529412,0.0158531497705466
"916001","926000",921000.5,"Fst",0.0151515151515151,0,0.0155038759689923,0.0167278063096111
"917001","927000",922000.5,"Fst",0.0142857142857141,0,0.0147001934235976,0.0158531497705466
"918001","928000",923000.5,"Fst",0,0,0.00748702429833455,0.00792657488527326
"919001","929000",924000.5,"Fst",0.000589970501474801,0,0.00804195804195806,0.00890920813551377
"920001","930000",925000.5,"Fst",0.000650406504065115,0,0.00889748549323022,0.00985988583290087
"921001","931000",926000.5,"Fst",0.000589970501474801,0,0.0079931462154867,0.00890920813551377
"922001","932000",927000.5,"Fst",0.000536768652710573,0,0.00731033130781839,0.00818744950175065
"923001","933000",928000.5,"Fst",0.00563311290717605,0,0.00803350261182578,0.0121037776812852
"924001","934000",929000.5,"Fst",0.0157575757575756,0,0.0133652559678896,0.0220211058365493
"925001","935000",930000.5,"Fst",0.0180067001675041,0,0.0116681569796322,0.0201359388275276
"926001","936000",931000.5,"Fst",0.0186631944444445,0,0.0120794229021514,0.0208168642951252
"927001","937000",932000.5,"Fst",0.0187144959117914,0,0.011774058680636,0.0180651933057321
"928001","938000",933000.5,"Fst",0.0219515731477455,0,0.0133866343652056,0.0215421542154215
"929001","939000",934000.5,"Fst",0.0239019407558733,0,0.0141746525134868,0.0233615221987314
"930001","940000",935000.5,"Fst",0.0211668928086839,0,0.0125393261123661,0.0207122774133083
"931001","941000",936000.5,"Fst",0.0220442769665566,0,0.0129487360045067,0.021603128054741
"932001","942000",937000.5,"Fst",0.0411347517730495,0,0.0162878310080435,0.0324401551972883
"933001","943000",938000.5,"Fst",0.0438016528925619,0,0.0178242635848487,0.034946386946387
"934001","944000",939000.5,"Fst",0.0396313364055297,0,0.0199441013811968,0.037950937950938
"935001","945000",940000.5,"Fst",0.0408602150537634,0,0.0231406379701314,0.0400336700336701
"936001","946000",941000.5,"Fst",0.0353188348191471,0,0.0177956416295229,0.0325255511988173
"937001","947000",942000.5,"Fst",0.0351274126771242,0,0.0181191333117963,0.031987713328655
"938001","948000",943000.5,"Fst",0.0368078881785676,0,0.0179233129089449,0.0326700872126797
"939001","949000",944000.5,"Fst",0.0347768222768223,0,0.0168472211393522,0.0306837761777455
"940001","950000",945000.5,"Fst",0.0369620804091183,0,0.017923049769087,0.0324898108270794
"941001","951000",946000.5,"Fst",0.0359090909090909,0,0.017406199226908,0.0315609776408379
"942001","952000",947000.5,"Fst",0.0359665936473166,0,0.0211450450388075,0.0401891252955083
"943001","953000",948000.5,"Fst",0.0649951997636806,0,0.0291845214917357,0.0550826227296816
"944001","954000",949000.5,"Fst",0.0617306141260514,0,0.0278308617820376,0.0527794801952105
"945001","955000",950000.5,"Fst",0.0630736267099903,0,0.0283495086047827,0.0539101806125525
"946001","956000",951000.5,"Fst",0.0641670946755691,0,0.0294515397956398,0.0547407217564286
"947001","957000",952000.5,"Fst",0.0652188552188552,0,0.0290339179465892,0.0559816733729777
"948001","958000",953000.5,"Fst",0.0653453136011276,0,0.0294757475224174,0.0589673241386129
"949001","959000",954000.5,"Fst",0.0622681104675564,0,0.02834817499046,0.0563915283884083
"950001","960000",955000.5,"Fst",0.0636792857756031,0,0.0289034833434708,0.0576506693731574
"951001","961000",956000.5,"Fst",0.0661588861588862,0,0.0289861479830027,0.055508420105412
"952001","962000",957000.5,"Fst",0.0567754698318497,0,0.0305059020686244,0.0526579438277002
"953001","963000",958000.5,"Fst",0.0170163170163169,0,0.0115332263906419,0.0174322935753447
"954001","964000",959000.5,"Fst",0.0173813607775871,0,0.014878463782207,0.0191082802547771
"955001","965000",960000.5,"Fst",0.0173813607775871,0,0.014878463782207,0.0191082802547771
"956001","966000",961000.5,"Fst",0.0244391971664698,0,0.0150207168416695,0.0238329238329237
"957001","967000",962000.5,"Fst",0.0225563909774436,0,0.0179193628670982,0.0228757823835296
"958001","968000",963000.5,"Fst",0.0240000000000001,0,0.0189826434511679,0.0242263820814501
"959001","969000",964000.5,"Fst",0.0319148936170212,0,0.0252194907813871,0.0317166644641205
"960001","970000",965000.5,"Fst",0.0297029702970296,0,0.0233766233766233,0.0290502192215617
"961001","971000",966000.5,"Fst",0.0144927536231885,0,0.0149724192277385,0.0155482815057283
"962001","972000",967000.5,"Fst",0.0188679245283017,0,0.0190986764952252,0.0200457183049059
"963001","973000",968000.5,"Fst",0.0173160173160173,0,0.0169533169533169,0.0181687783887162
"964001","974000",969000.5,"Fst",0.0146520146520147,0,0.0140960163432073,0.0149812734082397
"965001","975000",970000.5,"Fst",0.0146520146520147,0,0.0140960163432073,0.0149812734082397
"966001","976000",971000.5,"Fst",0.00401606425702816,0,0.00423303999108826,0.00437032777458302
"967001","977000",972000.5,"Fst",0.00489898989899007,0,0.00546448087431672,0.00583762193716864
"968001","978000",973000.5,"Fst",0.00413999146393518,0,0.00462962962962954,0.00497545008183298
"969001","979000",974000.5,"Fst",0.00374445087820885,0,0.00421120331717383,0.00449172576832157
"970001","980000",975000.5,"Fst",0.00356290174471996,0,0.00401667275161256,0.00430058850158432
"971001","981000",976000.5,"Fst",0.00372075182201748,0,0.00421940928270026,0.00449172576832157
"972001","982000",977000.5,"Fst",0.00372075182201748,0,0.00421940928270026,0.00449172576832157
"973001","983000",978000.5,"Fst",0.00200429491768084,0,0.00275942197371282,0.00284686844471083
"974001","984000",979000.5,"Fst",0.00459280303030307,0,0.00520833333333337,0.00551884394742563
"975001","985000",980000.5,"Fst",0.00459280303030307,0,0.00520833333333337,0.00551884394742563
"976001","986000",981000.5,"Fst",0.00668590668590663,0,0.00731120731120727,0.00803156263209792
"977001","987000",982000.5,"Fst",0.00606060606060599,0,0.00679420704451983,0.00715496140086613
"978001","988000",983000.5,"Fst",0.00783838383838387,0,0.00877192982456143,0.00940128649183558
"979001","989000",984000.5,"Fst",0.00877431026684761,0,0.00966183574879231,0.0103655210038187
"980001","990000",985000.5,"Fst",0.00890725436179984,0,0.00966183574879231,0.0103655210038187
"981001","991000",986000.5,"Fst",0.00890725436179984,0,0.00966183574879231,0.0103655210038187
"982001","992000",987000.5,"Fst",0.0112342941611234,0,0.0117647058823528,0.0125027418293485
"983001","993000",988000.5,"Fst",0.0128014842300556,0,0.0123778736631863,0.01376188320507
"984001","994000",989000.5,"Fst",0.0122828282828283,0,0.0121212121212121,0.0136265837915371
"985001","995000",990000.5,"Fst",0.0112342941611234,0,0.0110991897508696,0.0125027418293485
"986001","996000",991000.5,"Fst",0.000477807116811335,0,0.025214899713467,0.0381655064221983
"987001","997000",992000.5,"Fst",0.000517922856753339,0,0.0271251242387833,0.0408316970169729
"988001","998000",993000.5,"Fst",0.000420772893367172,0,0.0220285378052368,0.0334453907869441
"989001","999000",994000.5,"Fst",0.00646606914212544,0,0.0146555918821504,0.0250280583613917
"990001","1e+06",995000.5,"Fst",0.00766940402439609,0,0.0146214204753808,0.0247902756377332
"991001","1001000",996000.5,"Fst",0.00683530217428507,0,0.0129226113945968,0.0219393939393939
"992001","1002000",997000.5,"Fst",0.00518746789933233,0,0.0132335100232622,0.0206666666666666
"993001","1003000",998000.5,"Fst",0.00384365123628927,0,0.0140445168553768,0.02344075677409
"994001","1004000",999000.5,"Fst",0.00370445026764321,0,0.0134909869146403,0.0224888478695584
"995001","1005000",1000000.5,"Fst",0.00384365123628927,0,0.0140907760161663,0.02344075677409
"996001","1006000",1001000.5,"Fst",0.00838574423480087,0,0.00833333333333319,0.00890920813551377
"997001","1007000",1002000.5,"Fst",0.00838574423480087,0,0.00833333333333319,0.00890920813551377
"998001","1008000",1003000.5,"Fst",0.0092592592592593,0,0.00913253645537652,0.00985988583290087
"999001","1009000",1004000.5,"Fst",0.00333333333333341,0,0.00362560824348812,0.003725855476027
"1000001","1010000",1005000.5,"Fst",0.00787253983130265,0,0.0105918424231162,0.0110251450676982
"1001001","1011000",1006000.5,"Fst",0.00931263858093123,0,0.0123123447456528,0.0131109833237493
"1002001","1012000",1007000.5,"Fst",0.0315987460815047,0,0.0240757278085371,0.0328267477203649
"1003001","1013000",1008000.5,"Fst",0.0315987460815047,0,0.0240757278085371,0.0328267477203649
"1004001","1014000",1009000.5,"Fst",0.0284584980237155,0,0.0219075098492255,0.0300073367571534
"1005001","1015000",1010000.5,"Fst",0.0420338435442833,0,0.0428273529332651,0.0877651224155783
"1006001","1016000",1011000.5,"Fst",0.0502396053558843,0,0.0391120037174315,0.0810060754556592
"1007001","1017000",1012000.5,"Fst",0.0493032262526365,0,0.0383781799226503,0.0795111536479421
"1008001","1018000",1013000.5,"Fst",0.0430249632892804,0,0.0325919014118113,0.0644470814505534
"1009001","1019000",1014000.5,"Fst",0.0431199411331862,0,0.0326659660479514,0.0642609377621532
"1010001","1020000",1015000.5,"Fst",0.0442681532304173,0,0.0348993142051618,0.0695662013622805
"1011001","1021000",1016000.5,"Fst",0.0450112637162997,0,0.0355786088415135,0.0707366106386174
"1012001","1022000",1017000.5,"Fst",0.0415319865319865,0,0.0389595970408483,0.0782430438139543
"1013001","1023000",1018000.5,"Fst",0.0313642624593038,0,0.0429176645435052,0.108468396362747
"1014001","1024000",1019000.5,"Fst",0.0314829438999086,0,0.0431100592776515,0.106392113910186
"1015001","1025000",1020000.5,"Fst",0.0217486694906049,0,0.032093690434183,0.0997112529157289
"1016001","1026000",1021000.5,"Fst",0.0104342900767117,0,0.0354676606126979,0.11133812586707
"1017001","1027000",1022000.5,"Fst",0.0104342900767117,0,0.0354708660418505,0.11133812586707
"1018001","1028000",1023000.5,"Fst",0.0245250170312618,0,0.0362036261849291,0.111131652860241
"1019001","1029000",1024000.5,"Fst",0.0150613558067363,0,0.0337834346600803,0.108830865573423
"1020001","1030000",1025000.5,"Fst",0.0157350894100012,0,0.0333543998752194,0.102244514106583
"1021001","1031000",1026000.5,"Fst",0.0157350894100012,0,0.0333543998752194,0.102244514106583
"1022001","1032000",1027000.5,"Fst",0.0226707116412997,0,0.0329869809843209,0.098436933781074
"1023001","1033000",1028000.5,"Fst",0.0246954076850984,0,0.0279161676653817,0.0481729145558933
"1024001","1034000",1029000.5,"Fst",0.027899686520376,0,0.0266806943792106,0.0440837114786847
"1025001","1035000",1030000.5,"Fst",0.027426810477658,0,0.0262365368577885,0.0433469363564782
"1026001","1036000",1031000.5,"Fst",0.0776055885109848,0,0.0281138494064192,0.0942844986526735
"1027001","1037000",1032000.5,"Fst",0.0745891558067724,0,0.0268427788683294,0.0895479679826766
"1028001","1038000",1033000.5,"Fst",0.0723899371069182,0,0.0294090977281344,0.0977413760681975
"1029001","1039000",1034000.5,"Fst",0.0910178013317027,0,0.0291764723399777,0.115933905529281
"1030001","1040000",1035000.5,"Fst",0.0787598954306122,0,0.0329116099493235,0.100716226948494
"1031001","1041000",1036000.5,"Fst",0.0791061600689609,0,0.0304374916397123,0.0918730096194884
"1032001","1042000",1037000.5,"Fst",0.0939556917326726,0,0.0301485728325416,0.0827180571366617
"1033001","1043000",1038000.5,"Fst",0.101027749833807,0,0.0303272421173539,0.0889649011448856
"1034001","1044000",1039000.5,"Fst",0.105017407588955,0,0.0328501394445455,0.0952610953022814
"1035001","1045000",1040000.5,"Fst",0.0950461883795217,0,0.0295758858311201,0.0858666025332693
"1036001","1046000",1041000.5,"Fst",0.0642860090966874,0,0.0248533578360888,0.0664120054570259
"1037001","1047000",1042000.5,"Fst",0.0681339888037664,0,0.0263514424940213,0.0658906134515891
"1038001","1048000",1043000.5,"Fst",0.0693779006279007,0,0.0266564009552973,0.0673340961098396
"1039001","1049000",1044000.5,"Fst",0.0696018322762508,0,0.026407452490223,0.0699724517906335
"1040001","1050000",1045000.5,"Fst",0.084196339289596,0,0.0320524685138795,0.0865358622193155
"1041001","1051000",1046000.5,"Fst",0.0781010247773778,0,0.0318011786117722,0.0889428891625887
"1042001","1052000",1047000.5,"Fst",0.0154167575030884,0,0.0248842067023884,0.0464242702299706
"1043001","1053000",1048000.5,"Fst",0.0159523272426497,0,0.0256712567894063,0.0480387811531606
"1044001","1054000",1049000.5,"Fst",0.0205352386324463,0,0.0233869198708911,0.0401642183872549
"1045001","1055000",1050000.5,"Fst",0.030903630903631,0,0.0167937482668662,0.028057357788453
"1046001","1056000",1051000.5,"Fst",0.0290703646635851,0,0.0156539590243117,0.0261465643871387
"1047001","1057000",1052000.5,"Fst",0.114208342342899,0,0.0334997377415996,0.0967641062203709
"1048001","1058000",1053000.5,"Fst",0.102275296909894,0,0.0332605068215065,0.0913257387589916
"1049001","1059000",1054000.5,"Fst",0.10249653519122,0,0.0332605068215065,0.0915794213666553
"1050001","1060000",1055000.5,"Fst",0.105697510477625,0,0.034442401505548,0.0943757395763242
"1051001","1061000",1056000.5,"Fst",0.11552166254153,0,0.0392240320291221,0.107712417133347
"1052001","1062000",1057000.5,"Fst",0.112682787174066,0,0.0386316570004938,0.106111672350131
"1053001","1063000",1058000.5,"Fst",0.10654066402987,0,0.0362417780440012,0.0957159491297314
"1054001","1064000",1059000.5,"Fst",0.0737554112554112,0,0.0384197885106933,0.079002331002331
"1055001","1065000",1060000.5,"Fst",0.0592811422944363,0,0.0317931794061955,0.0717187184449142
"1056001","1066000",1061000.5,"Fst",0.0605329311211664,0,0.0324692202401994,0.0733378251825441
"1057001","1067000",1062000.5,"Fst",0,0,0.0353837051609891,0.0973644277835437
"1058001","1068000",1063000.5,"Fst",0.0463541908610892,0,0.0311507034969089,0.0773391593847362
"1059001","1069000",1064000.5,"Fst",0.0388439646838127,0,0.0258950465473218,0.0620078546664747
"1060001","1070000",1065000.5,"Fst",0.0383897441738327,0,0.0256271927261051,0.0613930277662494
"1061001","1071000",1066000.5,"Fst",0.0303262201116136,0,0.0260658665776587,0.0474053970145665
"1062001","1072000",1067000.5,"Fst",0.0331416817178407,0,0.0271428032182362,0.0481643706617203
"1063001","1073000",1068000.5,"Fst",0.0324627117500169,0,0.0282612708829669,0.0497714528501861
"1064001","1074000",1069000.5,"Fst",0.0452233506729419,0,0.0240233460087022,0.0465764408548786
"1065001","1075000",1070000.5,"Fst",0.0552439984258165,0,0.0282732611055074,0.0525955819374462
"1066001","1076000",1071000.5,"Fst",0.0545357420357421,0,0.0279545522555576,0.0519126780261855
"1067001","1077000",1072000.5,"Fst",0.0545357420357421,0,0.0279545522555576,0.0519126780261855
"1068001","1078000",1073000.5,"Fst",0.0156788300639811,0,0.028389422252586,0.0537322859511309
"1069001","1079000",1074000.5,"Fst",0.0195912079827103,0,0.028901608051358,0.0621625144942949
"1070001","1080000",1075000.5,"Fst",0.014820745994071,0,0.0261695331477261,0.0576732069625701
"1071001","1081000",1076000.5,"Fst",0.0241791988438785,0,0.0202888691500987,0.03578541599743
"1072001","1082000",1077000.5,"Fst",0.0212180397727272,0,0.0174574290947792,0.0365247750772124
"1073001","1083000",1078000.5,"Fst",0.0212908110997284,0,0.0174589119909697,0.0365247750772124
"1074001","1084000",1079000.5,"Fst",0.0135766352178257,0,0.0225870384795631,0.0608924012158055
"1075001","1085000",1080000.5,"Fst",0.0170055253388586,0,0.0201278513805979,0.0530274555642219
"1076001","1086000",1081000.5,"Fst",0.0167138659963303,0,0.0198213206272105,0.0521331063488029
"1077001","1087000",1082000.5,"Fst",0.0158590219699485,0,0.0187418070097083,0.0496223480497301
"1078001","1088000",1083000.5,"Fst",0.0104548946827511,0,0.0179220462914548,0.0508405841326945
"1079001","1089000",1084000.5,"Fst",0.0456244823351326,0,0.0196131821035482,0.0472772033621499
"1080001","1090000",1085000.5,"Fst",0.0543642183148355,0,0.0229318948015845,0.0543250373669586
"1081001","1091000",1086000.5,"Fst",0.0522267530183097,0,0.0225644347753472,0.0522075493860632
"1082001","1092000",1087000.5,"Fst",0.0517094746770088,0,0.0225416443873965,0.0550496931197645
"1083001","1093000",1088000.5,"Fst",0.0688018648018649,0,0.0284813335840055,0.0766953490302409
"1084001","1094000",1089000.5,"Fst",0.0781141266527489,0,0.0325432279209106,0.0811488027169249
"1085001","1095000",1090000.5,"Fst",0.0837983357807146,0,0.0378495202164323,0.0876427339193296
"1086001","1096000",1091000.5,"Fst",0.0864646464646465,0,0.039180651100723,0.0903124429595179
"1087001","1097000",1092000.5,"Fst",0.0869263554366142,0,0.0382433895554639,0.0907773516994597
"1088001","1098000",1093000.5,"Fst",0.0895005096839959,0,0.039327017049823,0.0922418539690497
"1089001","1099000",1094000.5,"Fst",0.0633507488679902,0,0.0298401939613569,0.0864366670818282
"1090001","1100000",1095000.5,"Fst",0.0604332801701223,0,0.0285576717021265,0.0826534865717858
"1091001","1101000",1096000.5,"Fst",0.0663809815324966,0,0.0309882892777096,0.090678360389927
"1092001","1102000",1097000.5,"Fst",0.0690992974729999,0,0.0313760752929891,0.0980592323608136
"1093001","1103000",1098000.5,"Fst",0.015494113105578,0,0.0125755639894281,0.0227674048342741
"1094001","1104000",1099000.5,"Fst",0.022532829848391,0,0.0139403415547754,0.0217026602401937
"1095001","1105000",1100000.5,"Fst",0.0143012211668928,0,0.0262596657549639,0.0715025799722555
"1096001","1106000",1101000.5,"Fst",0.0928764613505497,0,0.0353364351447994,0.0621419676214195
"1097001","1107000",1102000.5,"Fst",0.0927731509227302,0,0.0337376886122978,0.0626334112533687
"1098001","1108000",1103000.5,"Fst",0.10860411342339,0,0.0308202940506836,0.0689524555903867
"1099001","1109000",1104000.5,"Fst",0.097590943604611,0,0.0343340609162759,0.0692318885098538
"1100001","1110000",1105000.5,"Fst",0.0747221247221247,0,0.0333672268496946,0.0956041170207372
"1101001","1111000",1106000.5,"Fst",0.0669694403818027,0,0.0310081132773214,0.0916648144032006
"1102001","1112000",1107000.5,"Fst",0.0670610211706102,0,0.0314758259568669,0.0921947649873346
"1103001","1113000",1108000.5,"Fst",0.0668327512956826,0,0.03141678065427,0.091810650089369
"1104001","1114000",1109000.5,"Fst",0.0687348074503091,0,0.0336140887247878,0.0955054946777658
"1105001","1115000",1110000.5,"Fst",0.078746534003838,0,0.0331583812375904,0.0963737948173745
"1106001","1116000",1111000.5,"Fst",0.0339936680235189,0,0.0333818122956675,0.102080389386089
"1107001","1117000",1112000.5,"Fst",0.0307367073163365,0,0.0336678239530175,0.103627243709323
"1108001","1118000",1113000.5,"Fst",0.00072658887891619,0,0.0381579879785157,0.121361833016897
"1109001","1119000",1114000.5,"Fst",0.0176281696379139,0,0.0337181841298847,0.123405225544892
"1110001","1120000",1115000.5,"Fst",0.0356131580571499,0,0.0281742039256323,0.0895549964142021
"1111001","1121000",1116000.5,"Fst",0.0488094556147486,0,0.02089571055629,0.0432049825807878
"1112001","1122000",1117000.5,"Fst",0.112410742832783,0,0.0362294130368745,0.0706786968074062
"1113001","1123000",1118000.5,"Fst",0.118265476854434,0,0.0378810159045551,0.0747837300936123
"1114001","1124000",1119000.5,"Fst",0.124086161879896,0,0.0407182309046955,0.0788907705083045
"1115001","1125000",1120000.5,"Fst",0.124370297677462,0,0.0405964825316744,0.0786602455295464
"1116001","1126000",1121000.5,"Fst",0.121858974358974,0,0.0399377725885925,0.0774531829383004
"1117001","1127000",1122000.5,"Fst",0.123803321393683,0,0.0408358058508433,0.0786602455295464
"1118001","1128000",1123000.5,"Fst",0.121850899742931,0,0.040437354815511,0.0803917531837299
"1119001","1129000",1124000.5,"Fst",0.115689888192653,0,0.0471191083246255,0.0882633441009076
"1120001","1130000",1125000.5,"Fst",0.111379228767447,0,0.0452034615088049,0.0852346999405823
"1121001","1131000",1126000.5,"Fst",0.116841950013047,0,0.0484727878397402,0.0892662973126909
"1122001","1132000",1127000.5,"Fst",0.00809716599190291,0,0.0252025202520252,0.032601235415237
"1123001","1133000",1128000.5,"Fst",0.00809716599190291,0,0.0252025202520252,0.032601235415237
"1124001","1134000",1129000.5,"Fst",0.00709219858156018,0,0.0219465563061622,0.0288753799392099
"1125001","1135000",1130000.5,"Fst",0.00670391061452502,0,0.0206947524020695,0.0270404895751797
"1126001","1136000",1131000.5,"Fst",0.0071513706793801,0,0.0219435736677116,0.0291881096858437
"1127001","1137000",1132000.5,"Fst",0.0643316654753395,0,0.0275746568338361,0.0582873356830929
"1128001","1138000",1133000.5,"Fst",0.0698924731182795,0,0.0257332666911572,0.064474027669016
"1129001","1139000",1134000.5,"Fst",0.0795377503852079,0,0.031248521694948,0.0808326318742985
"1130001","1140000",1135000.5,"Fst",0.0770984765508314,0,0.0305379456300858,0.0786037073037635
"1131001","1141000",1136000.5,"Fst",0.0731714231714231,0,0.0289247917231731,0.0744953535353536
"1132001","1142000",1137000.5,"Fst",0.0731714231714231,0,0.0289247917231731,0.0744953535353536
"1133001","1143000",1138000.5,"Fst",0.0731714231714231,0,0.0289247917231731,0.0744953535353536
"1134001","1144000",1139000.5,"Fst",0.0702923141037088,0,0.0277646930638678,0.0714706196336796
"1135001","1145000",1140000.5,"Fst",0.103649013857743,0,0.0383494437400083,0.0924266135533741
"1136001","1146000",1141000.5,"Fst",0.108250159141955,0,0.040001116791276,0.0963861380018052
"1137001","1147000",1142000.5,"Fst",0.0948234199348613,0,0.0331649631154268,0.0939578713968957
"1138001","1148000",1143000.5,"Fst",0.086503463408338,0,0.0323831206047197,0.0890943822175914
"1139001","1149000",1144000.5,"Fst",0.08300395256917,0,0.0307184758698374,0.0768190576283062
"1140001","1150000",1145000.5,"Fst",0.0886075949367089,0,0.0326730281411079,0.0814319667260843
"1141001","1151000",1146000.5,"Fst",0.13091922005571,0,0.03873668820104,0.107700520154433
"1142001","1152000",1147000.5,"Fst",0.13091922005571,0,0.03873668820104,0.107700520154433
"1143001","1153000",1148000.5,"Fst",0.118600054600055,0,0.0348439497413156,0.0960203370002927
"1144001","1154000",1149000.5,"Fst",0.140273732026309,0,0.0311702324917972,0.0789201228477715
"1145001","1155000",1150000.5,"Fst",0.126676534681962,0,0.0264112655500501,0.0549431885366614
"1146001","1156000",1151000.5,"Fst",0.124315054674575,0,0.0258732863229464,0.0540044799459025
"1147001","1157000",1152000.5,"Fst",0.109775361402622,0,0.021776262343792,0.0447462320924535
"1148001","1158000",1153000.5,"Fst",0.118904617734501,0,0.0238752299841245,0.049103434985788
"1149001","1159000",1154000.5,"Fst",0.122968507851107,0,0.0251850930736748,0.0522939001466607
"1150001","1160000",1155000.5,"Fst",0.1249376114082,0,0.0256832796649777,0.0531820807730685
"1151001","1161000",1156000.5,"Fst",0.0853784998271692,0,0.0277986282164653,0.0614583266677332
"1152001","1162000",1157000.5,"Fst",0.0853784998271692,0,0.0277986282164653,0.0614583266677332
"1153001","1163000",1158000.5,"Fst",0.0913917455093926,0,0.0285909896281463,0.0639590992803444
"1154001","1164000",1159000.5,"Fst",0.0197158500896818,0,0.0254279336317598,0.0475348075348075
"1155001","1165000",1160000.5,"Fst",0.0206331976481229,0,0.0255427887118846,0.0470477975632615
"1156001","1166000",1161000.5,"Fst",0.0171478779705345,0,0.0218209196665225,0.0450617283950616
"1157001","1167000",1162000.5,"Fst",0.0882018151053684,0,0.0341190789593695,0.0859866509944439
"1158001","1168000",1163000.5,"Fst",0.0806452102396017,0,0.0296360236149799,0.0792888191652776
"1159001","1169000",1164000.5,"Fst",0.0433694104492607,0,0.0314380302533685,0.0598567577603873
"1160001","1170000",1165000.5,"Fst",0.0427653453236171,0,0.0310092182783249,0.0590551047546678
"1161001","1171000",1166000.5,"Fst",0.0614963349903108,0,0.0310252738100091,0.0691627930012241
"1162001","1172000",1167000.5,"Fst",0.0614963349903108,0,0.0310252738100091,0.0691627930012241
"1163001","1173000",1168000.5,"Fst",0.0612142038946162,0,0.0310381739408958,0.0687917960771146
"1164001","1174000",1169000.5,"Fst",0.0605382131324005,0,0.0294758036541156,0.0651145602365115
"1165001","1175000",1170000.5,"Fst",0.05990626331487,0,0.0291861514923546,0.0644270761917822
"1166001","1176000",1171000.5,"Fst",0.0585101955888474,0,0.028526045537883,0.0645409888357257
"1167001","1177000",1172000.5,"Fst",0.0303656183174255,0,0.0325601080506499,0.0790682414698164
"1168001","1178000",1173000.5,"Fst",0.0573519734943375,0,0.0288139309810838,0.0645506357425363
"1169001","1179000",1174000.5,"Fst",0.0838567499079508,0,0.0297105622222471,0.0626745676199656
"1170001","1180000",1175000.5,"Fst",0.0616565522210213,0,0.0286077462663858,0.0622827485613711
"1171001","1181000",1176000.5,"Fst",0.044206914753233,0,0.0246888758277834,0.056666763753612
"1172001","1182000",1177000.5,"Fst",0.0435744016649323,0,0.0243733931204328,0.055842406903464
"1173001","1183000",1178000.5,"Fst",0.0441962428393124,0,0.0250094753895715,0.0542798267015813
"1174001","1184000",1179000.5,"Fst",0.0400907277257638,0,0.0267732313517762,0.0828756852992212
"1175001","1185000",1180000.5,"Fst",0.0423378621679714,0,0.0257793655034589,0.0786853425102501
"1176001","1186000",1181000.5,"Fst",0.0424003133669515,0,0.0253689951969319,0.0795856118951836
"1177001","1187000",1182000.5,"Fst",0.0449116076733462,0,0.0244078921306365,0.0764191462799599
"1178001","1188000",1183000.5,"Fst",0.0221709440853017,0,0.0226515004351826,0.0587250987577179
"1179001","1189000",1184000.5,"Fst",0.0226313770617569,0,0.0231322255734236,0.0599434618024838
"1180001","1190000",1185000.5,"Fst",0.0251228790015815,0,0.0241785356769266,0.0527947779917398
"1181001","1191000",1186000.5,"Fst",0.0256695118096012,0,0.0249911274920391,0.0556834245532639
"1182001","1192000",1187000.5,"Fst",0.0257078245137947,0,0.0249555684714515,0.0555769100323332
"1183001","1193000",1188000.5,"Fst",0.0252787416146194,0,0.0255804445386273,0.0561001717985993
"1184001","1194000",1189000.5,"Fst",0.0281954681954681,0,0.0221570975479028,0.0448824817756858
"1185001","1195000",1190000.5,"Fst",0.0239129155634009,0,0.0226685659747909,0.0472961503153104
"1186001","1196000",1191000.5,"Fst",0.0239829487535909,0,0.0253450884510605,0.0463248203930947
"1187001","1197000",1192000.5,"Fst",0.0202189041578575,0,0.0294212309683691,0.0559401296979427
"1188001","1198000",1193000.5,"Fst",0.0167690146498095,0,0.0256138712287272,0.0488745584490266
"1189001","1199000",1194000.5,"Fst",0.0164637269968867,0,0.0251371275199787,0.0479511743483987
"1190001","1200000",1195000.5,"Fst",0.0194883508451347,0,0.0160197224170805,0.0272316062503953
"1191001","1201000",1196000.5,"Fst",0.0186361452099079,0,0.0153312163297232,0.0258168023630667
"1192001","1202000",1197000.5,"Fst",0.0180885345997286,0,0.0148549423169861,0.0252056799882886
"1193001","1203000",1198000.5,"Fst",0.0179372464805534,0,0.0151527926170236,0.0256522933260094
"1194001","1204000",1199000.5,"Fst",0,0,0.0158204925819648,0.0200364298724954
"1195001","1205000",1200000.5,"Fst",0.00526583197241881,0,0.0148324365859839,0.0248993809446459
"1196001","1206000",1201000.5,"Fst",0.00442507264425074,0,0.0165080777719665,0.0279289446185996
"1197001","1207000",1202000.5,"Fst",0.00428138241259512,0,0.0158703792624661,0.0268904181254778
"1198001","1208000",1203000.5,"Fst",0.00884715528225577,0,0.0170113681546325,0.0309592742713762
"1199001","1209000",1204000.5,"Fst",0.0159911036975257,0,0.0320392263905505,0.0721643876126217
"1200001","1210000",1205000.5,"Fst",0.0177752042720196,0,0.0299357415236649,0.0700097005755674
"1201001","1211000",1206000.5,"Fst",0.0177225258512302,0,0.0298518950670394,0.0700097005755674
"1202001","1212000",1207000.5,"Fst",0.0177752042720196,0,0.0298518950670394,0.0700097005755674
"1203001","1213000",1208000.5,"Fst",0.0174128976957597,0,0.0292321020702295,0.0683518057135786
"1204001","1214000",1209000.5,"Fst",0.0235957504292275,0,0.0421414975238442,0.0973220670788624
"1205001","1215000",1210000.5,"Fst",0.0245300462249616,0,0.0505208421439223,0.111018593354601
"1206001","1216000",1211000.5,"Fst",0.0274009792082082,0,0.0479473018749247,0.10177862271332
"1207001","1217000",1212000.5,"Fst",0.0237080221048156,0,0.0437923088044676,0.094029247165947
"1208001","1218000",1213000.5,"Fst",0.0226274625302703,0,0.0415294021793909,0.0878474537392924
"1209001","1219000",1214000.5,"Fst",0.023616517823067,0,0.0300600331936891,0.0656974402167944
"1210001","1220000",1215000.5,"Fst",0.022607756958902,0,0.0308096268463756,0.0632423182038774
"1211001","1221000",1216000.5,"Fst",0.0232554553165241,0,0.0306344587090511,0.0623521227857188
"1212001","1222000",1217000.5,"Fst",0.0219884120391733,0,0.0276998359868217,0.0569404298785128
"1213001","1223000",1218000.5,"Fst",0.0211372015535972,0,0.0267372443182637,0.0551381610791927
"1214001","1224000",1219000.5,"Fst",0.0127018132141081,0,0.0162706323919237,0.0238613917263952
"1215001","1225000",1220000.5,"Fst",0.0192228773839608,0,0.0221433288396536,0.0636706043485705
"1216001","1226000",1221000.5,"Fst",0.0138550862960312,0,0.0236219213402398,0.0637242146232972
"1217001","1227000",1222000.5,"Fst",0.0352848817341349,0,0.0277909568602377,0.0869032304173812
"1218001","1228000",1223000.5,"Fst",0.047464030222651,0,0.0376418631253285,0.116646327242354
"1219001","1229000",1224000.5,"Fst",0.0472020064964433,0,0.0374620338650742,0.119198179387753
"1220001","1230000",1225000.5,"Fst",0.0484163670604347,0,0.0389942316972293,0.123996941526822
"1221001","1231000",1226000.5,"Fst",0.0489424156090823,0,0.0401967758429679,0.126005308984032
"1222001","1232000",1227000.5,"Fst",0.0520093442569012,0,0.0437875462370828,0.131358681267274
"1223001","1233000",1228000.5,"Fst",0.0539785959664256,0,0.0453236790286347,0.13560050070849
"1224001","1234000",1229000.5,"Fst",0.0550673294859341,0,0.0421405892931654,0.12686526144728
"1225001","1235000",1230000.5,"Fst",0.0588938782991201,0,0.0380560725789343,0.115458620790033
"1226001","1236000",1231000.5,"Fst",0.0621441141727539,0,0.0405032225943411,0.122325730806296
"1227001","1237000",1232000.5,"Fst",0.05659611543202,0,0.0443623710262887,0.122264380027318
"1228001","1238000",1233000.5,"Fst",0.0398550724637681,0,0.0325581395348837,0.0406101233848246
"1229001","1239000",1234000.5,"Fst",0.0426356589147288,0,0.0354454768027201,0.0444680851063829
"1230001","1240000",1235000.5,"Fst",0.0464135021097047,0,0.0392156862745099,0.0483348751156335
"1231001","1241000",1236000.5,"Fst",0.0469483568075117,0,0.0397727272727273,0.0499080640924612
"1232001","1242000",1237000.5,"Fst",0.0367231638418081,0,0.0275719734616537,0.0371189094593349
"1233001","1243000",1238000.5,"Fst",0.0307328605200945,0,0.0229142942551506,0.0311091812611569
"1234001","1244000",1239000.5,"Fst",0.0786456110399772,0,0.0303823709005515,0.0748548612684695
"1235001","1245000",1240000.5,"Fst",0.0782781081846502,0,0.0304438758001435,0.0752903452706778
"1236001","1246000",1241000.5,"Fst",0.075798711092829,0,0.0294538792704753,0.0726148155447249
"1237001","1247000",1242000.5,"Fst",0.0709809964047252,0,0.0275346985507979,0.0685142141963168
"1238001","1248000",1243000.5,"Fst",0.0619173435104543,0,0.0251289492282634,0.0606124909573186
"1239001","1249000",1244000.5,"Fst",0.0595094299639755,0,0.0240118839777339,0.050910681619343
"1240001","1250000",1245000.5,"Fst",0.0772528922675865,0,0.0284578559655174,0.0579067713363546
"1241001","1251000",1246000.5,"Fst",0.0732080248625661,0,0.0263442519275973,0.051882614714473
"1242001","1252000",1247000.5,"Fst",0.0764642412084739,0,0.0286727468058562,0.0538121538377883
"1243001","1253000",1248000.5,"Fst",0.0765986922731458,0,0.0286744564922538,0.0537157656400236
"1244001","1254000",1249000.5,"Fst",0.0599749808622266,0,0.0288908005248756,0.0691223878332765
"1245001","1255000",1250000.5,"Fst",0.0589578400602023,0,0.0283867382509531,0.0682258034327213
"1246001","1256000",1251000.5,"Fst",0.0495094121318688,0,0.0243410490542835,0.0584837364964652
"1247001","1257000",1252000.5,"Fst",0.0495094121318688,0,0.0244002304033848,0.0583490158339447
"1248001","1258000",1253000.5,"Fst",0.0565047459519822,0,0.0279035833703331,0.068063232255372
"1249001","1259000",1254000.5,"Fst",0.0582330823710135,0,0.0282324473895095,0.0594936369006068
"1250001","1260000",1255000.5,"Fst",0.0454266923597255,0,0.0259359136386755,0.0506822299539834
"1251001","1261000",1256000.5,"Fst",0.0455823558670015,0,0.0285136839258615,0.0575005656154935
"1252001","1262000",1257000.5,"Fst",0.046118957071238,0,0.0288504968434784,0.0581882559722042
"1253001","1263000",1258000.5,"Fst",0.0431922531096086,0,0.0274859886802749,0.0539410364292451
"1254001","1264000",1259000.5,"Fst",0.0436735038406348,0,0.0277922447624305,0.054456089094573
"1255001","1265000",1260000.5,"Fst",0.0437344152825323,0,0.0277542660709874,0.0542617958133637
"1256001","1266000",1261000.5,"Fst",0.0499390035621918,0,0.0312187661758546,0.0580021526742837
"1257001","1267000",1262000.5,"Fst",0.0441621117671792,0,0.0279534142788471,0.0521439784991331
"1258001","1268000",1263000.5,"Fst",0.0248038036317808,0,0.0242954127036461,0.0512801387360845
"1259001","1269000",1264000.5,"Fst",0.0049316894368544,0,0.0280684201978899,0.0727285571042009
"1260001","1270000",1265000.5,"Fst",0.00475330926594475,0,0.0260255603295965,0.0693958127229833
"1261001","1271000",1266000.5,"Fst",0.00468425733768163,0,0.0255921695222138,0.0686076832249646
"1262001","1272000",1267000.5,"Fst",0.00333290951472764,0,0.0248197838195624,0.0637344889504149
"1263001","1273000",1268000.5,"Fst",0.00178929052168475,0,0.0232074734824615,0.0621978976299428
"1264001","1274000",1269000.5,"Fst",0.000898589858985832,0,0.0219659817129575,0.0557090995030429
"1265001","1275000",1270000.5,"Fst",0.0182935120435119,0,0.0311430677853809,0.0691329199974373
"1266001","1276000",1271000.5,"Fst",0.0150419861263237,0,0.0279988502019119,0.0602448537763007
"1267001","1277000",1272000.5,"Fst",0.0163907734056989,0,0.0288615394657092,0.0664079461571863
"1268001","1278000",1273000.5,"Fst",0.0182198873153646,0,0.0301132677582523,0.0704508974171896
"1269001","1279000",1274000.5,"Fst",0.0194788797061524,0,0.0253064613997268,0.0411108220517871
"1270001","1280000",1275000.5,"Fst",0.021047714021328,0,0.0277275670988415,0.0461022918797447
"1271001","1281000",1276000.5,"Fst",0.0217239716627723,0,0.0285532657037965,0.0475821881339096
"1272001","1282000",1277000.5,"Fst",0.0447019346002396,0,0.0272804837962724,0.0491978609625668
"1273001","1283000",1278000.5,"Fst",0.0516014234875445,0,0.0296121917093026,0.0537913275394307
"1274001","1284000",1279000.5,"Fst",0.0464122492940937,0,0.0313434010142049,0.0842251818408395
"1275001","1285000",1280000.5,"Fst",0.039372929952049,0,0.0285087306213202,0.0889355212062868
"1276001","1286000",1281000.5,"Fst",0.0423168645665555,0,0.0284150928734565,0.0925645729282433
"1277001","1287000",1282000.5,"Fst",0.0433163350076045,0,0.0290990598750381,0.0947269420499278
"1278001","1288000",1283000.5,"Fst",0.0349456607964461,0,0.0337261370619047,0.136420525657071
"1279001","1289000",1284000.5,"Fst",0.0341709355364981,0,0.0326831459900767,0.13066377654821
"1280001","1290000",1285000.5,"Fst",0.0339101293306902,0,0.0323954941539065,0.129736260831807
"1281001","1291000",1286000.5,"Fst",0.0299286524438068,0,0.0397170654500042,0.170636846787681
"1282001","1292000",1287000.5,"Fst",0.0208236896304198,0,0.0417342674119989,0.188906590687887
"1283001","1293000",1288000.5,"Fst",0.0213340489964151,0,0.0415583581656008,0.186543919793381
"1284001","1294000",1289000.5,"Fst",0.0211931994315413,0,0.0396922970520687,0.181594620278417
"1285001","1295000",1290000.5,"Fst",0.0220437652684651,0,0.0410649478553,0.170003097978787
"1286001","1296000",1291000.5,"Fst",0.0278272108470278,0,0.036158829862109,0.149179409681043
"1287001","1297000",1292000.5,"Fst",0.029298142350596,0,0.0363134721810357,0.145571787129061
"1288001","1298000",1293000.5,"Fst",0.032907381983314,0,0.0353957985360782,0.125496792021657
"1289001","1299000",1294000.5,"Fst",0.0327258499305115,0,0.0393014862172618,0.149774462740288
"1290001","1300000",1295000.5,"Fst",0.0393563084443042,0,0.037421818088406,0.143842976831115
"1291001","1301000",1296000.5,"Fst",0.0437088625321828,0,0.0336580624178702,0.10665003604502
"1292001","1302000",1297000.5,"Fst",0.0436141394646526,0,0.0330191023205408,0.105111013844868
"1293001","1303000",1298000.5,"Fst",0.0438345175959198,0,0.0336758898724318,0.107167094142712
"1294001","1304000",1299000.5,"Fst",0.0422277730936828,0,0.0328283027193843,0.103573856718966
"1295001","1305000",1300000.5,"Fst",0.0382392407625359,0,0.0302145349675735,0.0986807568338832
"1296001","1306000",1301000.5,"Fst",0.0381418614936482,0,0.0353975411319727,0.111428438660905
"1297001","1307000",1302000.5,"Fst",0.0353955086467093,0,0.0343369340480219,0.108404010318294
"1298001","1308000",1303000.5,"Fst",0.0356454588047193,0,0.0358031098349394,0.111443875923872
"1299001","1309000",1304000.5,"Fst",0.0377501888436282,0,0.0248649179591843,0.0641234427528413
"1300001","1310000",1305000.5,"Fst",0.0138676676623753,0,0.0274357013004699,0.0460687048660323
"1301001","1311000",1306000.5,"Fst",0.0162945241892609,0,0.0308317871784414,0.0507623318385652
"1302001","1312000",1307000.5,"Fst",0.0153256704980842,0,0.0310416264662816,0.0512433112999686
"1303001","1313000",1308000.5,"Fst",0.0141713292106628,0,0.0274225677607029,0.053980561043282
"1304001","1314000",1309000.5,"Fst",0.0159920922371122,0,0.0270952587007718,0.0578034682080926
"1305001","1315000",1310000.5,"Fst",0.0137979301615666,0,0.0350143937511633,0.0833365395713901
"1306001","1316000",1311000.5,"Fst",0.0688222430490472,0,0.0314878176446387,0.069196169616133
"1307001","1317000",1312000.5,"Fst",0.0739125077017868,0,0.0306295301488228,0.0699253636659514
"1308001","1318000",1313000.5,"Fst",0.072413376795847,0,0.0300799206326955,0.0685079576456955
"1309001","1319000",1314000.5,"Fst",0.0730397177648801,0,0.0302403396765182,0.0660997262600508
"1310001","1320000",1315000.5,"Fst",0.071837922543094,0,0.0296622725531687,0.0650512177139563
"1311001","1321000",1316000.5,"Fst",0.0688745694492822,0,0.028176679528405,0.062506435607693
"1312001","1322000",1317000.5,"Fst",0.0688745694492822,0,0.028176679528405,0.062506435607693
"1313001","1323000",1318000.5,"Fst",0.0941503644035291,0,0.0263693097640949,0.0578298144942549
"1314001","1324000",1319000.5,"Fst",0.0985149508328317,0,0.0277132609508503,0.0606872876810298
"1315001","1325000",1320000.5,"Fst",0.0880391213724547,0,0.0250854606415895,0.0479426781851474
"1316001","1326000",1321000.5,"Fst",0.0327272727272726,0,0.0212779380060073,0.0383141762452105
"1317001","1327000",1322000.5,"Fst",0.0346938775510204,0,0.0214418288529956,0.0381060341820719
"1318001","1328000",1323000.5,"Fst",0.0361702127659574,0,0.0223695317134527,0.0396497754389147
"1319001","1329000",1324000.5,"Fst",0.0241521278768529,0,0.0385767210725239,0.0890559185011309
"1320001","1330000",1325000.5,"Fst",0.0245793676840605,0,0.0392348582780651,0.0905108824521363
"1321001","1331000",1326000.5,"Fst",0.0236495146388489,0,0.0399016738066474,0.0923016218828104
"1322001","1332000",1327000.5,"Fst",0.0226101719183056,0,0.0369884962232926,0.0836230769754167
"1323001","1333000",1328000.5,"Fst",0.0235001500921993,0,0.0364185670396765,0.0742733117982378
"1324001","1334000",1329000.5,"Fst",0.024006643985637,0,0.0338007670285771,0.0693909296446178
"1325001","1335000",1330000.5,"Fst",0.0195590080734853,0,0.0362619281329864,0.0754723018749854
"1326001","1336000",1331000.5,"Fst",0.017829113078483,0,0.0311504501673728,0.0602229136200206
"1327001","1337000",1332000.5,"Fst",0.0190915788394642,0,0.0299555076569464,0.0584511193807765
"1328001","1338000",1333000.5,"Fst",0.018186032674263,0,0.0286128528620649,0.0556119962221082
"1329001","1339000",1334000.5,"Fst",0.0148602195184954,0,0.0151303065417717,0.0322991668233452
"1330001","1340000",1335000.5,"Fst",0.0141225775657567,0,0.0144163808653603,0.0307474672612557
"1331001","1341000",1336000.5,"Fst",0.0181401942589143,0,0.015456830240424,0.0299119773988084
"1332001","1342000",1337000.5,"Fst",0.0195901887229879,0,0.0152342678208043,0.0293452953450115
"1333001","1343000",1338000.5,"Fst",0.0170361913917761,0,0.0156271329011123,0.0365379155039897
"1334001","1344000",1339000.5,"Fst",0.00748593522440799,0,0.0252278127078763,0.0531721792622436
"1335001","1345000",1340000.5,"Fst",0.00691638289822172,0,0.0244470197369617,0.0483246147320797
"1336001","1346000",1341000.5,"Fst",0.00685911773518111,0,0.0248412013679189,0.0604324472105627
"1337001","1347000",1342000.5,"Fst",0.00510162206527154,0,0.0259668883865927,0.0629434366154785
"1338001","1348000",1343000.5,"Fst",0.00646844713414896,0,0.0260710248302872,0.0651075716153571
"1339001","1349000",1344000.5,"Fst",0.00875731801612722,0,0.0273749994485402,0.0676716236361409
"1340001","1350000",1345000.5,"Fst",0.00299034395542142,0,0.0365357218211497,0.0793200243975476
"1341001","1351000",1346000.5,"Fst",0.00262748699112336,0,0.0365390410428526,0.0756418585358852
"1342001","1352000",1347000.5,"Fst",0.00118995454975057,0,0.0380593711220608,0.0791916088185717
"1343001","1353000",1348000.5,"Fst",0.00170195101701953,0,0.0375007281634774,0.0779785151064892
"1344001","1354000",1349000.5,"Fst",0.00389794542281452,0,0.0370230552560794,0.0744104457825308
"1345001","1355000",1350000.5,"Fst",0.00297836027863574,0,0.0351178045037351,0.0693433236728634
"1346001","1356000",1351000.5,"Fst",0.00100593993487907,0,0.0373768759915658,0.0716329533983657
"1347001","1357000",1352000.5,"Fst",0.000903675048355979,0,0.0369837492179399,0.0703627744818047
"1348001","1358000",1353000.5,"Fst",0.00225074731844543,0,0.0343184644510537,0.069086425962621
"1349001","1359000",1354000.5,"Fst",0.00115368395686488,0,0.0348785977413048,0.0697640758431033
"1350001","1360000",1355000.5,"Fst",0.00709506229810797,0,0.0218617230556797,0.0461754690678065
"1351001","1361000",1356000.5,"Fst",0.00461988746751441,0,0.0222410428222055,0.0518428881157666
"1352001","1362000",1357000.5,"Fst",0.00428743549523747,0,0.021226458369111,0.0482192713653388
"1353001","1363000",1358000.5,"Fst",0.0039173710306476,0,0.0223271052717964,0.051611234294161
"1354001","1364000",1359000.5,"Fst",0.00524146054181385,0,0.0251188101146953,0.0571348156487476
"1355001","1365000",1360000.5,"Fst",0.0239263308981243,0,0.0162500778423714,0.0293293750965947
"1356001","1366000",1361000.5,"Fst",0.0281014816023791,0,0.0171822583069146,0.0315544268578529
"1357001","1367000",1362000.5,"Fst",0.031418664254485,0,0.0178700575100168,0.0327849264019476
"1358001","1368000",1363000.5,"Fst",0.115870703571007,0,0.0307191368000465,0.0588778620052653
"1359001","1369000",1364000.5,"Fst",0.0851527321406839,0,0.0246602894769945,0.0534667518274077
"1360001","1370000",1365000.5,"Fst",0.0851527321406839,0,0.0247172794222548,0.0533418295100537
"1361001","1371000",1366000.5,"Fst",0.0884944115713345,0,0.0241507174450767,0.0613990686373759
"1362001","1372000",1367000.5,"Fst",0.0923560003925031,0,0.0252445418041467,0.0641754756871037
"1363001","1373000",1368000.5,"Fst",0.0923560003925031,0,0.0252445418041467,0.0641754756871037
"1364001","1374000",1369000.5,"Fst",0.0862862862862862,0,0.0238156824415623,0.0603922536079932
"1365001","1375000",1370000.5,"Fst",0.0851770070371966,0,0.0238897205388026,0.0628384436076745
"1366001","1376000",1371000.5,"Fst",0.0831144401121828,0,0.0233934909616645,0.0595779679749144
"1367001","1377000",1372000.5,"Fst",0.0401084582360473,0,0.0286330372283645,0.0633172014990195
"1368001","1378000",1373000.5,"Fst",0.0035874060943698,0,0.0326290430969813,0.0789833822091887
"1369001","1379000",1374000.5,"Fst",0.00810594278712462,0,0.0363582599943104,0.0840677346493806
"1370001","1380000",1375000.5,"Fst",0.00365771372750434,0,0.0363731108156129,0.0830904909839614
"1371001","1381000",1376000.5,"Fst",0,0,0.0403687793649493,0.0853780215831139
"1372001","1382000",1377000.5,"Fst",0,0,0.0393298451572042,0.0824991892768349
"1373001","1383000",1378000.5,"Fst",0,0,0.0367019072424696,0.0787208366854385
"1374001","1384000",1379000.5,"Fst",0,0,0.0384220780343253,0.0831497015038163
"1375001","1385000",1380000.5,"Fst",0,0,0.0378369263363899,0.0819015846538782
"1376001","1386000",1381000.5,"Fst",0,0,0.0344800312312412,0.0740767081070978
"1377001","1387000",1382000.5,"Fst",0.00670095942024151,0,0.0206836404006705,0.0501572688914462
"1378001","1388000",1383000.5,"Fst",0.00612558439198452,0,0.0201584806930919,0.0507451966241694
"1379001","1389000",1384000.5,"Fst",0.00685287690025349,0,0.019170748249556,0.0472167154410145
"1380001","1390000",1385000.5,"Fst",0.0194138755980862,0,0.014349648146075,0.0337631395643363
"1381001","1391000",1386000.5,"Fst",0.0204404809034651,0,0.0146721615559131,0.0354492839269441
"1382001","1392000",1387000.5,"Fst",0.020862816708514,0,0.0142662201786348,0.0347874577893131
"1383001","1393000",1388000.5,"Fst",0.0249455287191136,0,0.0159258528324753,0.0402065760663705
"1384001","1394000",1389000.5,"Fst",0.0262649985054869,0,0.0152754580448057,0.038102500628902
"1385001","1395000",1390000.5,"Fst",0.0264117294508033,0,0.0151585011541812,0.0385672821061981
"1386001","1396000",1391000.5,"Fst",0.0269381188330637,0,0.0173702053283105,0.0451171349998966
"1387001","1397000",1392000.5,"Fst",0.0307706948352978,0,0.0156778106576262,0.0266091062771561
"1388001","1398000",1393000.5,"Fst",0.0313496295664292,0,0.0155690808389577,0.0281118661936716
"1389001","1399000",1394000.5,"Fst",0.0323990482189097,0,0.017122346844286,0.0363636363636364
"1390001","1400000",1395000.5,"Fst",0.0155946466138489,0,0.0127882146884521,0.021096207981454
"1391001","1401000",1396000.5,"Fst",0.0196191284930257,0,0.0129979735870469,0.0196905631366519
"1392001","1402000",1397000.5,"Fst",0.0245324594609866,0,0.0137255506843233,0.0248186914422363
"1393001","1403000",1398000.5,"Fst",0.0222131273341177,0,0.012453572686243,0.0223860542413634
"1394001","1404000",1399000.5,"Fst",0.0170158498815813,0,0.0138384911685433,0.0218871373086589
"1395001","1405000",1400000.5,"Fst",0.0169341737604782,0,0.0147921639642852,0.0250245821042281
"1396001","1406000",1401000.5,"Fst",0.0179243819980769,0,0.0338251982666994,0.0844286891490585
"1397001","1407000",1402000.5,"Fst",0.0308429564184041,0,0.028913486204831,0.0650097104670061
"1398001","1408000",1403000.5,"Fst",0.0357532483800803,0,0.0294108990950911,0.0655975378667447
"1399001","1409000",1404000.5,"Fst",0.0357532483800803,0,0.0294108990950911,0.0655975378667447
"1400001","1410000",1405000.5,"Fst",0.0312843300623341,0,0.0281086939525334,0.063056820736443
"1401001","1411000",1406000.5,"Fst",0.030543394282771,0,0.0321081772089482,0.0727260737518639
"1402001","1412000",1407000.5,"Fst",0.030278509981814,0,0.027530957564495,0.0611810681719495
"1403001","1413000",1408000.5,"Fst",0.0299253784092173,0,0.026958875666609,0.0600174642727834
"1404001","1414000",1409000.5,"Fst",0.0304944178628388,0,0.0274042016980187,0.0609943507716284
"1405001","1415000",1410000.5,"Fst",0.0299953442238011,0,0.0269583704693997,0.0598377712659788
"1406001","1416000",1411000.5,"Fst",0.0329994019138755,0,0.0227308065296627,0.0389343557226769
"1407001","1417000",1412000.5,"Fst",0.021146791296045,0,0.0157201176349617,0.0293066311514496
"1408001","1418000",1413000.5,"Fst",0.00950752094022711,0,0.0185580054820858,0.0313333333333333
"1409001","1419000",1414000.5,"Fst",0.0088361761529212,0,0.0172711714580415,0.0290123456790123
"1410001","1420000",1415000.5,"Fst",0.0134854824394575,0,0.0128008956945714,0.0165257223396758
"1411001","1421000",1416000.5,"Fst",0.0140620868369559,0,0.0134189642937736,0.0173318551367332
"1412001","1422000",1417000.5,"Fst",0,0,0.0535317935027577,0.104061327243346
"1413001","1423000",1418000.5,"Fst",0,0,0.0547612912941287,0.107373875177422
"1414001","1424000",1419000.5,"Fst",0,0,0.0457814004387595,0.090848970436914
"1415001","1425000",1420000.5,"Fst",0,0,0.0448710503503556,0.0994896331738437
"1416001","1426000",1421000.5,"Fst",0,0,0.0446141309796466,0.098107184605701
"1417001","1427000",1422000.5,"Fst",0,0,0.0420847112433614,0.0923444976076555
"1418001","1428000",1423000.5,"Fst",0,0,0.0394864103883453,0.0865353070481276
"1419001","1429000",1424000.5,"Fst",0,0,0.0399269270734366,0.0876105183183062
"1420001","1430000",1425000.5,"Fst",0,0,0.0372885755824134,0.0833390556848383
"1421001","1431000",1426000.5,"Fst",0,0,0.0372333837778708,0.0833390556848383
"1422001","1432000",1427000.5,"Fst",0,0,0.0307373484674483,0.0818981136097198
"1423001","1433000",1428000.5,"Fst",0,0,0.0312019518065947,0.083091395669451
"1424001","1434000",1429000.5,"Fst",0,0,0.0369027999642785,0.0945589270951345
"1425001","1435000",1430000.5,"Fst",0.0114400132111302,0,0.00990327546293853,0.0139307769639522
"1426001","1436000",1431000.5,"Fst",0.0152843172763492,0,0.0161334021189446,0.0278855032317638
"1427001","1437000",1432000.5,"Fst",0.0161027396000074,0,0.0166341149375263,0.0317553087862849
"1428001","1438000",1433000.5,"Fst",0.0151086702500584,0,0.0171074380165289,0.0307914858441828
"1429001","1439000",1434000.5,"Fst",0.0138045160945923,0,0.0154344425032965,0.0281079041690246
"1430001","1440000",1435000.5,"Fst",0.0152563094926208,0,0.0179892567339166,0.0353639060004562
"1431001","1441000",1436000.5,"Fst",0.0158146061058682,0,0.018732441716287,0.036773428232503
"1432001","1442000",1437000.5,"Fst",0.0162700833841772,0,0.0221548259913564,0.043071161048689
"1433001","1443000",1438000.5,"Fst",0,0,0.0431101936370935,0.138575757575758
"1434001","1444000",1439000.5,"Fst",0,0,0.0406178338711274,0.130826786382342
"1435001","1445000",1440000.5,"Fst",0.00469809904770235,0,0.0376198619040761,0.104265728866146
"1436001","1446000",1441000.5,"Fst",0.014063521259551,0,0.0335879828586591,0.0803800247938937
"1437001","1447000",1442000.5,"Fst",0.0142154713252534,0,0.0338915383973545,0.0812143679613558
"1438001","1448000",1443000.5,"Fst",0.012708209469343,0,0.0312243818423588,0.0632469032649836
"1439001","1449000",1444000.5,"Fst",0.0130059157310153,0,0.0320177762046181,0.064679460241864
"1440001","1450000",1445000.5,"Fst",0.0170703820893935,0,0.030583755118658,0.059441920270626
"1441001","1451000",1446000.5,"Fst",0.0169317192815889,0,0.0303362711077266,0.0589716917729347
"1442001","1452000",1447000.5,"Fst",0.0168312868781552,0,0.0293874371739066,0.0574554841737804
"1443001","1453000",1448000.5,"Fst",0.0233325014038809,0,0.0294394077275505,0.0524804863025456
"1444001","1454000",1449000.5,"Fst",0.0237605832922974,0,0.0299826656908884,0.0534149362027945
"1445001","1455000",1450000.5,"Fst",0.0278581844298864,0,0.0344908981964459,0.0749099192379374
"1446001","1456000",1451000.5,"Fst",0.0171074380165289,0,0.0391528174436614,0.0861701191889871
"1447001","1457000",1452000.5,"Fst",0.0171074380165289,0,0.0392542512278377,0.0861701191889871
"1448001","1458000",1453000.5,"Fst",0.0380383129383572,0,0.0344628989631836,0.0892136232561764
"1449001","1459000",1454000.5,"Fst",0.0362095742169543,0,0.0336778765816651,0.0904211088740353
"1450001","1460000",1455000.5,"Fst",0.0317540392483184,0,0.0413700332811388,0.124977412305047
"1451001","1461000",1456000.5,"Fst",0.0313151258708381,0,0.0406815138352417,0.123106689484304
"1452001","1462000",1457000.5,"Fst",0.0310452443323307,0,0.0382235261836167,0.11674288270033
"1453001","1463000",1458000.5,"Fst",0.0473853245673694,0,0.0316589986398154,0.09324058451249
"1454001","1464000",1459000.5,"Fst",0.0460429709314287,0,0.030422841440461,0.0878116190751882
"1455001","1465000",1460000.5,"Fst",0.0451839929852494,0,0.0298092480116565,0.0861032218169162
"1456001","1466000",1461000.5,"Fst",0.0385874810134018,0,0.0273486101947503,0.0587444791060528
"1457001","1467000",1462000.5,"Fst",0.0387591112405852,0,0.0321196725633713,0.0805924369203789
"1458001","1468000",1463000.5,"Fst",0.0386267892192063,0,0.0345637480720514,0.0893831643425602
"1459001","1469000",1464000.5,"Fst",0.0390866410584719,0,0.0354809576280157,0.0913970706916032
"1460001","1470000",1465000.5,"Fst",0.0378137870086974,0,0.0395104386592204,0.103883225485088
"1461001","1471000",1466000.5,"Fst",0.0357251681708435,0,0.0373973668499966,0.100347025190695
"1462001","1472000",1467000.5,"Fst",0.0350556689085367,0,0.0358430303530698,0.0992627445009727
"1463001","1473000",1468000.5,"Fst",0.0267931699629547,0,0.040055548090054,0.112877954003722
"1464001","1474000",1469000.5,"Fst",0.0244278698212794,0,0.0380857062894854,0.109440238507671
"1465001","1475000",1470000.5,"Fst",0.0236675205485701,0,0.0373377707620818,0.10653901385795
"1466001","1476000",1471000.5,"Fst",0.0206543791355717,0,0.0314842342613354,0.0723982158400313
"1467001","1477000",1472000.5,"Fst",0.0118459270819785,0,0.0304865648561554,0.0710223540026103
"1468001","1478000",1473000.5,"Fst",0.00289919058130983,0,0.0360017424547605,0.0888889185593252
"1469001","1479000",1474000.5,"Fst",0.00408860842700332,0,0.0327452401804572,0.0778756532143919
"1470001","1480000",1475000.5,"Fst",0.00338936237373744,0,0.0302292632146734,0.0770704530496367
"1471001","1481000",1476000.5,"Fst",0.00396898527924494,0,0.0243109360875127,0.0743164756289597
"1472001","1482000",1477000.5,"Fst",0.00581091817046875,0,0.0215619234921679,0.0671111055410857
"1473001","1483000",1478000.5,"Fst",0.00319432570216271,0,0.0186660840483692,0.0609419717434376
"1474001","1484000",1479000.5,"Fst",0.0039117223491445,0,0.0193881012526019,0.0590219078460961
"1475001","1485000",1480000.5,"Fst",0.00300234083519091,0,0.0200806591028495,0.0562502979359001
"1476001","1486000",1481000.5,"Fst",0.0127504987642558,0,0.0173684233891613,0.0368156270880007
"1477001","1487000",1482000.5,"Fst",0.0170797305229222,0,0.0148721569355652,0.0318173174990062
"1478001","1488000",1483000.5,"Fst",0.0160450769243825,0,0.014244248601324,0.0314896048673088
"1479001","1489000",1484000.5,"Fst",0.00577226483869209,0,0.0254471537600695,0.0730194809605096
"1480001","1490000",1485000.5,"Fst",0.0108412492145128,0,0.0220702992002599,0.064768762070337
"1481001","1491000",1486000.5,"Fst",0.0109558927811658,0,0.0217570978232891,0.0631549698316926
"1482001","1492000",1487000.5,"Fst",0.0077320704491286,0,0.023298257609218,0.0667429469945316
"1483001","1493000",1488000.5,"Fst",0.0116383754558028,0,0.0277340893836505,0.0720476007975852
"1484001","1494000",1489000.5,"Fst",0.0116383754558028,0,0.0276947534505282,0.0720476007975852
"1485001","1495000",1490000.5,"Fst",0.0123392195334642,0,0.0280358773900665,0.0737961736473804
"1486001","1496000",1491000.5,"Fst",0.00765620221521934,0,0.0286834282947022,0.0756226025330317
"1487001","1497000",1492000.5,"Fst",0.00405864730959782,0,0.030381846611455,0.0805825498300019
"1488001","1498000",1493000.5,"Fst",0.00736115297934337,0,0.0302069226332541,0.0806511223984894
"1489001","1499000",1494000.5,"Fst",0.0197398872192704,0,0.0203279874621544,0.0561454056830185
"1490001","1500000",1495000.5,"Fst",0.0109772819923656,0,0.0195294792615808,0.0548263143785033
"1491001","1501000",1496000.5,"Fst",0.0116957840778324,0,0.0185783425265837,0.0531261172555749
"1492001","1502000",1497000.5,"Fst",0.0135435219220129,0,0.0195211457896779,0.0571641426075454
"1493001","1503000",1498000.5,"Fst",0.000380435806166202,0,0.031642818355705,0.0831129559886742
"1494001","1504000",1499000.5,"Fst",0.0229097255275265,0,0.0272763123887524,0.0599437508852153
"1495001","1505000",1500000.5,"Fst",0.0136565098402431,0,0.0245160146230046,0.0632617536422547
"1496001","1506000",1501000.5,"Fst",0.0143014547370774,0,0.0253559056548815,0.0649055148276737
"1497001","1507000",1502000.5,"Fst",0.0164941328175372,0,0.0256722595205675,0.0639431758297473
"1498001","1508000",1503000.5,"Fst",0.0145443912812333,0,0.0247807343265919,0.0662543259643961
"1499001","1509000",1504000.5,"Fst",0.0143853948122559,0,0.0245729904592925,0.0655251637977046
"1500001","1510000",1505000.5,"Fst",0.015083412429015,0,0.0251854115472696,0.0664775390741085
"1501001","1511000",1506000.5,"Fst",0.00865275421488443,0,0.0254122580771303,0.0735552194995739
"1502001","1512000",1507000.5,"Fst",0.0105089958618586,0,0.0247054267084153,0.0737170789409596
"1503001","1513000",1508000.5,"Fst",0.0308310910904857,0,0.0260015272136168,0.0571519767436151
"1504001","1514000",1509000.5,"Fst",0.0172038758157012,0,0.0277002159842446,0.0641919879329951
"1505001","1515000",1510000.5,"Fst",0.0369042611201994,0,0.0323935141847447,0.0601133284060114
"1506001","1516000",1511000.5,"Fst",0.0373806888364855,0,0.032820912296932,0.0619491964748575
"1507001","1517000",1512000.5,"Fst",0.0339867971925257,0,0.0340469675749667,0.064459691252144
"1508001","1518000",1513000.5,"Fst",0.033470588718758,0,0.0335993216022511,0.0636194345691551
"1509001","1519000",1514000.5,"Fst",0.0429297959676445,0,0.0322157892899836,0.0600443967700603
"1510001","1520000",1515000.5,"Fst",0.0413509493393999,0,0.0309781052986446,0.0585615876075241
"1511001","1521000",1516000.5,"Fst",0.0624150283473893,0,0.0180717173211525,0.0507349162298284
"1512001","1522000",1517000.5,"Fst",0.0586331970752491,0,0.0178656819371102,0.0485316901824892
"1513001","1523000",1518000.5,"Fst",0.00664554106487891,0,0.0412931772767978,0.0548074807480747
"1514001","1524000",1519000.5,"Fst",0.00671869660592839,0,0.0427075919581366,0.0547508813221638
"1515001","1525000",1520000.5,"Fst",0.00735049064987958,0,0.044617538546507,0.0553755462577357
"1516001","1526000",1521000.5,"Fst",0.0121574175968138,0,0.0421673216827199,0.0531563604121607
"1517001","1527000",1522000.5,"Fst",0.0153639618138424,0,0.0395629859256736,0.0532511731036972
"1518001","1528000",1523000.5,"Fst",0.015646083049398,0,0.039842172890944,0.0536102715130848
"1519001","1529000",1524000.5,"Fst",0.0210365917825287,0,0.0367494878930851,0.0527794669099017
"1520001","1530000",1525000.5,"Fst",0.0215431993753571,0,0.0383740462462063,0.0549733546845877
"1521001","1531000",1526000.5,"Fst",0.0216425568238574,0,0.0392694251811379,0.0571618514218062
"1522001","1532000",1527000.5,"Fst",0.0233381020505483,0,0.0390292291539436,0.0548665057036881
"1523001","1533000",1528000.5,"Fst",0.0629467293469291,0,0.0197228632693185,0.0451250472640846
"1524001","1534000",1529000.5,"Fst",0.0644692064651877,0,0.0187915215577679,0.0469962785752259
"1525001","1535000",1530000.5,"Fst",0.0683086305727814,0,0.0229145935997712,0.0602308232796639
"1526001","1536000",1531000.5,"Fst",0.0677663400719336,0,0.0238180330273066,0.0689598689598689
"1527001","1537000",1532000.5,"Fst",0.0678954175905395,0,0.0273382621325006,0.0772398911717798
"1528001","1538000",1533000.5,"Fst",0.06355163598052,0,0.0255213589449374,0.069693203473964
"1529001","1539000",1534000.5,"Fst",0.0492857533796729,0,0.0275124206328906,0.0554781333171757
"1530001","1540000",1535000.5,"Fst",0.046309202828509,0,0.0253816207152134,0.0507460814522773
"1531001","1541000",1536000.5,"Fst",0.0439480519480518,0,0.0247259046743528,0.0492713461191313
"1532001","1542000",1537000.5,"Fst",0.0301978931059049,0,0.0260736146085065,0.0597428004651481
"1533001","1543000",1538000.5,"Fst",0.0229714394488496,0,0.023542002046624,0.0652605601469238
"1534001","1544000",1539000.5,"Fst",0.016162176239803,0,0.0229432469556799,0.075055641157336
"1535001","1545000",1540000.5,"Fst",0.00768755339841121,0,0.0246661082032904,0.0823915294199533
"1536001","1546000",1541000.5,"Fst",0.0159944304707151,0,0.0203884576954571,0.0688612008408964
"1537001","1547000",1542000.5,"Fst",0.0127451139404752,0,0.0290441708444059,0.0633404397492603
"1538001","1548000",1543000.5,"Fst",0.00655592554809159,0,0.0347489158401005,0.076797959056686
"1539001","1549000",1544000.5,"Fst",0.0193753174200101,0,0.0325414367982614,0.0707565450422594
"1540001","1550000",1545000.5,"Fst",0.0496037147518511,0,0.0305213662065424,0.0602754468375968
"1541001","1551000",1546000.5,"Fst",0.0511798797373209,0,0.0315581258790715,0.0619999215417153
"1542001","1552000",1547000.5,"Fst",0.0620780863665114,0,0.0267309403404077,0.0744515943125855
"1543001","1553000",1548000.5,"Fst",0.0598104515081631,0,0.0251722796723611,0.0714426532809634
"1544001","1554000",1549000.5,"Fst",0.05001645278052,0,0.0203474782300711,0.0559279151699363
"1545001","1555000",1550000.5,"Fst",0.0493948315341839,0,0.0198864544851013,0.0551672160261846
"1546001","1556000",1551000.5,"Fst",0.0486653771760155,0,0.0210902761031769,0.0592057628626275
"1547001","1557000",1552000.5,"Fst",0.0615932988772054,0,0.0238233260763074,0.0707091377187897
"1548001","1558000",1553000.5,"Fst",0.0469187231948253,0,0.0235611321661875,0.0750340815034812
"1549001","1559000",1554000.5,"Fst",0.0404058070870489,0,0.0216967209587353,0.0740547987142202
"1550001","1560000",1555000.5,"Fst",0.0115488088287485,0,0.0224947884869882,0.0481766820749872
"1551001","1561000",1556000.5,"Fst",0.0094605437971087,0,0.0214776896162527,0.0627160620127283
"1552001","1562000",1557000.5,"Fst",0.00977258928078595,0,0.0225639700200447,0.0639185628316062
"1553001","1563000",1558000.5,"Fst",0.0122526094816023,0,0.0247534225160703,0.069825190733492
"1554001","1564000",1559000.5,"Fst",0.0137844386610427,0,0.0266493723145273,0.076583571720474
"1555001","1565000",1560000.5,"Fst",0.0142466751685187,0,0.027270514989533,0.0780921930464993
"1556001","1566000",1561000.5,"Fst",0.0129751000039089,0,0.0265445268385541,0.0779488984716477
"1557001","1567000",1562000.5,"Fst",0.0119660530831981,0,0.0255921451323628,0.0715154533381624
"1558001","1568000",1563000.5,"Fst",0.013669850381881,0,0.0354276148855885,0.0975697942658067
"1559001","1569000",1564000.5,"Fst",0.0155257717818339,0,0.0307275913324308,0.0739932216905902
"1560001","1570000",1565000.5,"Fst",0.0220603328691041,0,0.0272467884345049,0.0672987000200455
"1561001","1571000",1566000.5,"Fst",0.0226036870338232,0,0.0305043519102039,0.0731196506799614
"1562001","1572000",1567000.5,"Fst",0.0143231959439265,0,0.0317105114766335,0.0831041585158543
"1563001","1573000",1568000.5,"Fst",0.0134519566031283,0,0.0333391093790337,0.0853595430232704
"1564001","1574000",1569000.5,"Fst",0.0130888003657169,0,0.0340930318923098,0.0866913289157221
"1565001","1575000",1570000.5,"Fst",0.013566767869501,0,0.0337190702257254,0.0869710244866199
"1566001","1576000",1571000.5,"Fst",0.0126102102758053,0,0.0352434329820467,0.0859402091815915
"1567001","1577000",1572000.5,"Fst",0.0117101826346627,0,0.035647596547079,0.0790446458403116
"1568001","1578000",1573000.5,"Fst",0.0133685077189197,0,0.0339936901370148,0.0815304776618488
"1569001","1579000",1574000.5,"Fst",0.0127001126827462,0,0.0436028682384265,0.10196654948111
"1570001","1580000",1575000.5,"Fst",0.000933712787388408,0,0.0507172464852542,0.123382622476127
"1571001","1581000",1576000.5,"Fst",0.00608311999564237,0,0.040642206477231,0.103510297050589
"1572001","1582000",1577000.5,"Fst",0.0226135820528046,0,0.0225671638627461,0.0524679195297624
"1573001","1583000",1578000.5,"Fst",0.0225883918754702,0,0.0225915975404976,0.0525415185440655
"1574001","1584000",1579000.5,"Fst",0.0248443242493585,0,0.0221058445545787,0.0525820807869058
"1575001","1585000",1580000.5,"Fst",0.0239288624569328,0,0.0223956935140736,0.0548241867924448
"1576001","1586000",1581000.5,"Fst",0.0316082359488037,0,0.0231615463666215,0.0426043379531751
"1577001","1587000",1582000.5,"Fst",0.0272790912272888,0,0.0250513180250953,0.0429662878171276
"1578001","1588000",1583000.5,"Fst",0.027538925984861,0,0.022995989393391,0.0404844541643525
"1579001","1589000",1584000.5,"Fst",0.0264963775750012,0,0.0235742703209757,0.0493287179948145
"1580001","1590000",1585000.5,"Fst",0.0267298888162197,0,0.0238196159051257,0.0497516110942521
"1581001","1591000",1586000.5,"Fst",0.0233666207529842,0,0.0246266966477808,0.0687377514903662
"1582001","1592000",1587000.5,"Fst",0.0267494780610953,0,0.0211610363915201,0.0499024633670554
"1583001","1593000",1588000.5,"Fst",0.0258077245597593,0,0.0202861308834758,0.0468777569520968
"1584001","1594000",1589000.5,"Fst",0.0160489972379007,0,0.0180094898524253,0.047511134257745
"1585001","1595000",1590000.5,"Fst",0.0158150102956143,0,0.0177837283234914,0.0468979225222325
"1586001","1596000",1591000.5,"Fst",0.0313734615782397,0,0.0162122576254665,0.0529359249056219
"1587001","1597000",1592000.5,"Fst",0.0420516746411485,0,0.0182343484328375,0.0406020994256288
"1588001","1598000",1593000.5,"Fst",0.0481990121672089,0,0.0185228745898366,0.0358507391590923
"1589001","1599000",1594000.5,"Fst",0.0753725242062236,0,0.0219805196736956,0.0446613898160692
"1590001","1600000",1595000.5,"Fst",0.0721528550058055,0,0.0216177937064466,0.0404150011137091
"1591001","1601000",1596000.5,"Fst",0.0727598409224246,0,0.0212850754528236,0.0441361518920969
"1592001","1602000",1597000.5,"Fst",0.0727598409224246,0,0.0212657121552662,0.0442138071504673
"1593001","1603000",1598000.5,"Fst",0.0719190309057209,0,0.0218963590649267,0.044122574311215
"1594001","1604000",1599000.5,"Fst",0.0774347076353575,0,0.0211274849295252,0.045776631240603
"1595001","1605000",1600000.5,"Fst",0.0682491113663318,0,0.0183729416485392,0.0427287995105564
"1596001","1606000",1601000.5,"Fst",0.0652698305613143,0,0.0193779178762747,0.0425352159737058
"1597001","1607000",1602000.5,"Fst",0.0650114094117681,0,0.019707398256555,0.043361193817377
"1598001","1608000",1603000.5,"Fst",0.0645997900370495,0,0.0211878154465351,0.0432706411235252
"1599001","1609000",1604000.5,"Fst",0.0300512499627543,0,0.0212803468408145,0.0389091767233772
"1600001","1610000",1605000.5,"Fst",0.0280494090464763,0,0.0255244121622887,0.0468929368740468
"1601001","1611000",1606000.5,"Fst",0.026245164410058,0,0.0202607073135917,0.0398678336946244
"1602001","1612000",1607000.5,"Fst",0.0270013994801929,0,0.019184652836172,0.0373545365647089
"1603001","1613000",1608000.5,"Fst",0.0301454460273856,0,0.0201639551773463,0.0338094713136052
"1604001","1614000",1609000.5,"Fst",0.022324570726753,0,0.01918628387508,0.0347116603659841
"1605001","1615000",1610000.5,"Fst",0.0378380636133909,0,0.0214796837804122,0.0533640933240155
"1606001","1616000",1611000.5,"Fst",0.0378380636133909,0,0.0214796837804122,0.0533640933240155
"1607001","1617000",1612000.5,"Fst",0.0318279376228856,0,0.0165540823100767,0.0433747630082157
"1608001","1618000",1613000.5,"Fst",0.038482974070603,0,0.0157877601737453,0.0347081474838041
"1609001","1619000",1614000.5,"Fst",0.0269698304044407,0,0.0140249468279157,0.0274546213450918
"1610001","1620000",1615000.5,"Fst",0.036020830642587,0,0.0136088045242487,0.0298480071612036
"1611001","1621000",1616000.5,"Fst",0.0327990659243677,0,0.0214357594756553,0.0529791290009857
"1612001","1622000",1617000.5,"Fst",0.0319496577652332,0,0.0223423638343279,0.0550289523093532
"1613001","1623000",1618000.5,"Fst",0.031500995203952,0,0.0219792373045681,0.0541602717767703
"1614001","1624000",1619000.5,"Fst",0.0330945376019668,0,0.0223848152396777,0.0539641426374247
"1615001","1625000",1620000.5,"Fst",0.0336467158040853,0,0.0226982796656991,0.0547038373647062
"1616001","1626000",1621000.5,"Fst",0.0374726172363493,0,0.0220549004773846,0.0517921540992453
"1617001","1627000",1622000.5,"Fst",0.033320997544963,0,0.0311546017101876,0.0622940439944418
"1618001","1628000",1623000.5,"Fst",0.0282884146609406,0,0.0328604912236535,0.0668309928866616
"1619001","1629000",1624000.5,"Fst",0.0251861349715048,0,0.0339716729490134,0.070908813425594
"1620001","1630000",1625000.5,"Fst",0.0152831178661438,0,0.0368824260292106,0.0771482636530867
"1621001","1631000",1626000.5,"Fst",0.0178851293201069,0,0.0384113077105503,0.0835380242116932
"1622001","1632000",1627000.5,"Fst",0.0115314156010116,0,0.0310653292668051,0.0826492656279891
"1623001","1633000",1628000.5,"Fst",0.0049337121212123,0,0.0294344794620942,0.0846231011751218
"1624001","1634000",1629000.5,"Fst",0.00464457660719342,0,0.0301535804300302,0.0850164732846297
"1625001","1635000",1630000.5,"Fst",0.00459448101975068,0,0.0297802624272866,0.0841306967184067
"1626001","1636000",1631000.5,"Fst",0,0,0.0300331960778099,0.0827505311911416
"1627001","1637000",1632000.5,"Fst",0,0,0.0236397048426819,0.0513656746840604
"1628001","1638000",1633000.5,"Fst",0,0,0.0234890662189036,0.0521703521703522
"1629001","1639000",1634000.5,"Fst",0,0,0.0241501385844318,0.0440079587266038
"1630001","1640000",1635000.5,"Fst",0,0,0.0228441228846273,0.0457585012134023
"1631001","1641000",1636000.5,"Fst",0,0,0.021659158713261,0.0432336336489828
"1632001","1642000",1637000.5,"Fst",0,0,0.0262195845220526,0.0551326984576535
"1633001","1643000",1638000.5,"Fst",0.0393448160831689,0,0.0242769103878353,0.0508888318856179
"1634001","1644000",1639000.5,"Fst",0.0519179833909018,0,0.0250604756259525,0.0484654449105762
"1635001","1645000",1640000.5,"Fst",0.0518475679388909,0,0.0250604756259525,0.04854986314247
"1636001","1646000",1641000.5,"Fst",0.0509121152990512,0,0.0245735206643834,0.0484679208083463
"1637001","1647000",1642000.5,"Fst",0.0487644807941853,0,0.0235333613341579,0.0466269725611027
"1638001","1648000",1643000.5,"Fst",0.0480704230379545,0,0.0236789302683274,0.0464912675771662
"1639001","1649000",1644000.5,"Fst",0.0550196048747256,0,0.026076227193394,0.0455768252526605
"1640001","1650000",1645000.5,"Fst",0.0561942257217848,0,0.0250833947162274,0.0439204343597822
"1641001","1651000",1646000.5,"Fst",0.0591273128969897,0,0.0264585370078674,0.0464427064953002
"1642001","1652000",1647000.5,"Fst",0.0602631764126381,0,0.0270209390734374,0.0474800356129363
"1643001","1653000",1648000.5,"Fst",0.0467866463679861,0,0.0326464778626367,0.061688493957062
"1644001","1654000",1649000.5,"Fst",0.0149920255183412,0,0.00945970526500339,0.0152730173101381
"1645001","1655000",1650000.5,"Fst",0.0325409084629971,0,0.0200194504307307,0.05227886646039
"1646001","1656000",1651000.5,"Fst",0.0365917461911935,0,0.0170066732431876,0.0437680436995037
"1647001","1657000",1652000.5,"Fst",0.035752456740427,0,0.0191998095662231,0.0422458524326965
"1648001","1658000",1653000.5,"Fst",0.0392625678752846,0,0.020210419196856,0.041055879119416
"1649001","1659000",1654000.5,"Fst",0.0385913426265591,0,0.0190118158254383,0.040776091378501
"1650001","1660000",1655000.5,"Fst",0.0396435115021827,0,0.0206242931240813,0.0460869432067008
"1651001","1661000",1656000.5,"Fst",0.0403364606923324,0,0.0201061925066838,0.0429152097902097
"1652001","1662000",1657000.5,"Fst",0.0393856296050079,0,0.0189494013713384,0.0408722557831148
"1653001","1663000",1658000.5,"Fst",0.0378794806778346,0,0.0190118566766891,0.0413099856698473
"1654001","1664000",1659000.5,"Fst",0.0370005349444601,0,0.0182708241029273,0.0370920745920746
"1655001","1665000",1660000.5,"Fst",0.0260414476297284,0,0.0227032925243226,0.059985493230174
"1656001","1666000",1661000.5,"Fst",0.0239420300516801,0,0.0230736589620139,0.0581429588598047
"1657001","1667000",1662000.5,"Fst",0.0303317876271613,0,0.0159371649535169,0.0406940861031011
"1658001","1668000",1663000.5,"Fst",0.0186900018799159,0,0.020021353432678,0.0517349475732353
"1659001","1669000",1664000.5,"Fst",0.0152262790301517,0,0.0221013329602649,0.0549021810878755
"1660001","1670000",1665000.5,"Fst",0.020162673601505,0,0.0223631814052374,0.059318697956094
"1661001","1671000",1666000.5,"Fst",0.0189600282985495,0,0.0228619430199441,0.0589495886943682
"1662001","1672000",1667000.5,"Fst",0.0207532413689132,0,0.0226021574529208,0.0593860684769776
"1663001","1673000",1668000.5,"Fst",0.0206632892391406,0,0.0227285254374841,0.0588549295316213
"1664001","1674000",1669000.5,"Fst",0.0206575829996796,0,0.0239943488177272,0.0652054906655617
"1665001","1675000",1670000.5,"Fst",0.0220250415459285,0,0.0274068078837349,0.0604812313773639
"1666001","1676000",1671000.5,"Fst",0.0213906776765744,0,0.0288335920329067,0.0627180834998747
"1667001","1677000",1672000.5,"Fst",0.0135407203893678,0,0.031735540565493,0.0614031375719204
"1668001","1678000",1673000.5,"Fst",0.0231523569023567,0,0.0357613431721591,0.0885246237749621
"1669001","1679000",1674000.5,"Fst",0.0412380028038392,0,0.0217404391698359,0.0449344665363096
"1670001","1680000",1675000.5,"Fst",0.0168901578884754,0,0.0214160248013614,0.0456058112668097
"1671001","1681000",1676000.5,"Fst",0.0424905851821499,0,0.035034016719341,0.0672500508765298
"1672001","1682000",1677000.5,"Fst",0.0402510261261542,0,0.0367806547214235,0.0706448273762407
"1673001","1683000",1678000.5,"Fst",0.0422182994998529,0,0.0369568000011936,0.0721674493826393
"1674001","1684000",1679000.5,"Fst",0.0253927139037432,0,0.0348733489717911,0.0898458503897649
"1675001","1685000",1680000.5,"Fst",0.0432179916490968,0,0.0294010486587253,0.0770168389160862
"1676001","1686000",1681000.5,"Fst",0.0419355637552316,0,0.0322466726236759,0.0614133185212614
"1677001","1687000",1682000.5,"Fst",0.0363890445764675,0,0.0295249213289079,0.0630210955565347
"1678001","1688000",1683000.5,"Fst",0.0623248168702715,0,0.0284731620473064,0.0595426645040231
"1679001","1689000",1684000.5,"Fst",0.0638925136532791,0,0.0299038351600755,0.0613482375573093
"1680001","1690000",1685000.5,"Fst",0.0681425413428883,0,0.0279031517316418,0.0615731350011268
"1681001","1691000",1686000.5,"Fst",0.0668494085989115,0,0.0304557112250919,0.0727746003812876
"1682001","1692000",1687000.5,"Fst",0.0798261335310961,0,0.0297647040123512,0.0648948598130841
"1683001","1693000",1688000.5,"Fst",0.0807509972223962,0,0.0304189554035132,0.0658341592335647
"1684001","1694000",1689000.5,"Fst",0.0931907148885117,0,0.0331662023328038,0.0706614525063211
"1685001","1695000",1690000.5,"Fst",0.0919289637721409,0,0.0319920529156048,0.0661217881356592
"1686001","1696000",1691000.5,"Fst",0.104334705876627,0,0.0266370163267969,0.0501679596294343
"1687001","1697000",1692000.5,"Fst",0.110736265129571,0,0.0260785097988876,0.049430717602725
"1688001","1698000",1693000.5,"Fst",0.0760330578512397,0,0.024931291409852,0.0450216369914379
"1689001","1699000",1694000.5,"Fst",0.0755329390730298,0,0.024504475323688,0.0444929683090286
"1690001","1700000",1695000.5,"Fst",0.0648217187649364,0,0.0235744812743557,0.0442440195357148
"1691001","1701000",1696000.5,"Fst",0.0974578987597703,0,0.0233505903807678,0.0569623791156575
"1692001","1702000",1697000.5,"Fst",0.0714740330041664,0,0.0187000298674543,0.050429744949029
"1693001","1703000",1698000.5,"Fst",0.0668010548970869,0,0.0174485271343973,0.0471045776918119
"1694001","1704000",1699000.5,"Fst",0.0798546605079269,0,0.0165099601476456,0.0423938786664237
"1695001","1705000",1700000.5,"Fst",0.0798546605079269,0,0.0165099601476456,0.0423938786664237
"1696001","1706000",1701000.5,"Fst",0.0844884307489857,0,0.0177298429004495,0.045391972825601
"1697001","1707000",1702000.5,"Fst",0.0909761330115313,0,0.0205418567344353,0.0504922846155074
"1698001","1708000",1703000.5,"Fst",0.100318979266348,0,0.0237512384407134,0.0608291047873954
"1699001","1709000",1704000.5,"Fst",0.0996762141967621,0,0.0238566481670361,0.0597603946441155
"1700001","1710000",1705000.5,"Fst",0.104359702236952,0,0.0238897640684062,0.0610346473413013
"1701001","1711000",1706000.5,"Fst",0.123246170394273,0,0.032386227986946,0.106580193999549
"1702001","1712000",1707000.5,"Fst",0.13028913893354,0,0.0350689214851589,0.114415843982799
"1703001","1713000",1708000.5,"Fst",0.139150356856934,0,0.0382597009093203,0.12330912382363
"1704001","1714000",1709000.5,"Fst",0.142162182113461,0,0.0427897588043735,0.135423197492163
"1705001","1715000",1710000.5,"Fst",0.156745616303942,0,0.0466716103583321,0.162171423418549
"1706001","1716000",1711000.5,"Fst",0.152837918792543,0,0.0455171757076524,0.159758991561487
"1707001","1717000",1712000.5,"Fst",0.151850697856498,0,0.0451637712174993,0.158580269094103
"1708001","1718000",1713000.5,"Fst",0.151014603295673,0,0.0448144063265533,0.157418812768015
"1709001","1719000",1714000.5,"Fst",0.153958224267586,0,0.046102825983893,0.160878601871396
"1710001","1720000",1715000.5,"Fst",0.171249257278669,0,0.0564110318907693,0.166444783650946
"1711001","1721000",1716000.5,"Fst",0.106852162788838,0,0.039983324673142,0.144296044070019
"1712001","1722000",1717000.5,"Fst",0.14052484689761,0,0.040306516578373,0.158212750340778
"1713001","1723000",1718000.5,"Fst",0.142043866861868,0,0.0407693294384291,0.159907269415466
"1714001","1724000",1719000.5,"Fst",0.14182485649446,0,0.0407676132419878,0.160152311203099
"1715001","1725000",1720000.5,"Fst",0.104594464952345,0,0.0362117879484669,0.106064803156216
"1716001","1726000",1721000.5,"Fst",0.11372443427238,0,0.0395760190022323,0.112745726856384
"1717001","1727000",1722000.5,"Fst",0.113430464169017,0,0.0397086021504921,0.112745726856384
"1718001","1728000",1723000.5,"Fst",0.11313800993359,0,0.0397059007378461,0.112745726856384
"1719001","1729000",1724000.5,"Fst",0.11313800993359,0,0.0397059007378461,0.112745726856384
"1720001","1730000",1725000.5,"Fst",0.11313800993359,0,0.0397059007378461,0.112745726856384
"1721001","1731000",1726000.5,"Fst",0.153454209686897,0,0.0423208191126279,0.137030274722942
"1722001","1732000",1727000.5,"Fst",0.133099402576837,0,0.0374674859560494,0.0664804787688801
"1723001","1733000",1728000.5,"Fst",0.119573773639244,0,0.0336538398644604,0.0578870609402048
"1724001","1734000",1729000.5,"Fst",0.120017343546755,0,0.0336571929605091,0.0575964956594116
"1725001","1735000",1730000.5,"Fst",0.120017343546755,0,0.0336571929605091,0.0575964956594116
"1726001","1736000",1731000.5,"Fst",0.120017343546755,0,0.0336571929605091,0.0575964956594116
"1727001","1737000",1732000.5,"Fst",0.120017343546755,0,0.0336571929605091,0.0575964956594116
"1728001","1738000",1733000.5,"Fst",0.117759166549697,0,0.032190068015578,0.0570259654707286
"1729001","1739000",1734000.5,"Fst",0.117759166549697,0,0.032190068015578,0.0570259654707286
"1730001","1740000",1735000.5,"Fst",0.158389029481107,0,0.0484452759806362,0.0819407135114755
"1731001","1741000",1736000.5,"Fst",0.126625769034146,0,0.0381095726046942,0.0779404211607602
"1732001","1742000",1737000.5,"Fst",0.0958906262277048,0,0.0368920396849026,0.105887640449438
"1733001","1743000",1738000.5,"Fst",0.0935267681147994,0,0.0373996590287982,0.104745568896512
"1734001","1744000",1739000.5,"Fst",0.0955572562129939,0,0.0382343063935164,0.107103186202865
"1735001","1745000",1740000.5,"Fst",0.0657068421774303,0,0.0367899767030991,0.140748295569399
"1736001","1746000",1741000.5,"Fst",0.0646153016369569,0,0.0362512798900078,0.138687743886429
"1737001","1747000",1742000.5,"Fst",0.0657068421774303,0,0.0368901428710002,0.140748295569399
"1738001","1748000",1743000.5,"Fst",0.0631552200391801,0,0.0328066471098872,0.127231090792509
"1739001","1749000",1744000.5,"Fst",0.059504966393687,0,0.0305985114817993,0.119664201229598
"1740001","1750000",1745000.5,"Fst",0.00658803222094373,0,0.0349431382515093,0.145808504429194
"1741001","1751000",1746000.5,"Fst",0.00965809033733556,0,0.02524766403581,0.0877173562105069
"1742001","1752000",1747000.5,"Fst",0.0119830659536541,0,0.0259365687943412,0.0854107857474862
"1743001","1753000",1748000.5,"Fst",0.0146256139375405,0,0.0268820359614672,0.0880021619843256
"1744001","1754000",1749000.5,"Fst",0.0138124931626736,0,0.0253473273979435,0.0832566308721848
"1745001","1755000",1750000.5,"Fst",0.0210952987822145,0,0.016361493251567,0.0280851063829786
"1746001","1756000",1751000.5,"Fst",0.0199531223840617,0,0.0154407769967198,0.0264000000000001
"1747001","1757000",1752000.5,"Fst",0.0313058344018097,0,0.0268336299680906,0.06182874875884
"1748001","1758000",1753000.5,"Fst",0.0310980527710566,0,0.029221318503107,0.062878179580189
"1749001","1759000",1754000.5,"Fst",0.030135139928351,0,0.030318883736412,0.0628158478722252
"1750001","1760000",1755000.5,"Fst",0.0308082822642056,0,0.0309266633668716,0.0642031021646378
"1751001","1761000",1756000.5,"Fst",0.0315454147254411,0,0.032239402729779,0.0673879157750125
"1752001","1762000",1757000.5,"Fst",0.0307901589645926,0,0.0314984566463817,0.0657820760799485
"1753001","1763000",1758000.5,"Fst",0.0293262478648699,0,0.031437222523542,0.065217775421857
"1754001","1764000",1759000.5,"Fst",0.0305774330153955,0,0.0328989661319073,0.0677869605142332
"1755001","1765000",1760000.5,"Fst",0.0245503818674548,0,0.0453124749502512,0.113407023046944
"1756001","1766000",1761000.5,"Fst",0.0251188051595383,0,0.045683995892656,0.114351703727404
"1757001","1767000",1762000.5,"Fst",0.0112790325958751,0,0.0328549989475571,0.0904987637211205
"1758001","1768000",1763000.5,"Fst",0.011793318350108,0,0.0316246028806959,0.0877828924711276
"1759001","1769000",1764000.5,"Fst",0.0138560157790927,0,0.0316053528226601,0.0923586690604582
"1760001","1770000",1765000.5,"Fst",0.0498763211153588,0,0.0352432672644175,0.0929216997911216
"1761001","1771000",1766000.5,"Fst",0.05059052237714,0,0.0357452354828914,0.0955371914453904
"1762001","1772000",1767000.5,"Fst",0.080145425166633,0,0.0352274245052026,0.0854608996139501
"1763001","1773000",1768000.5,"Fst",0.081763857407789,0,0.035962979486812,0.0870098784194528
"1764001","1774000",1769000.5,"Fst",0.0827183656451949,0,0.0364117292675192,0.0880555379324002
"1765001","1775000",1770000.5,"Fst",0.101860146067869,0,0.033985029516871,0.0720067491292968
"1766001","1776000",1771000.5,"Fst",0.102726127982469,0,0.0342117486196253,0.0726769431176726
"1767001","1777000",1772000.5,"Fst",0.113908964118169,0,0.0376753800459343,0.0810076153350379
"1768001","1778000",1773000.5,"Fst",0.118127705627706,0,0.0391478219399151,0.086431511557606
"1769001","1779000",1774000.5,"Fst",0.118473074301295,0,0.0362725985218168,0.0805083121489858
"1770001","1780000",1775000.5,"Fst",0.167441860465116,0,0.0457945021291585,0.120836231652624
"1771001","1781000",1776000.5,"Fst",0.177678571428571,0,0.050010924377871,0.13398642279953
"1772001","1782000",1777000.5,"Fst",0.152064554897416,0,0.0399886214842844,0.111299096385943
"1773001","1783000",1778000.5,"Fst",0.139271001833279,0,0.0344537875950999,0.0946264998511399
"1774001","1784000",1779000.5,"Fst",0.136884055666847,0,0.0337301831737607,0.092622148126311
"1775001","1785000",1780000.5,"Fst",0.139618806689802,0,0.034558270159701,0.0949509335649152
"1776001","1786000",1781000.5,"Fst",0.147346202993794,0,0.0366684551878763,0.100827751054977
"1777001","1787000",1782000.5,"Fst",0.130462624280092,0,0.0308470272276,0.0883069793003539
"1778001","1788000",1783000.5,"Fst",0.130627670386707,0,0.0310097850800221,0.0876749564090543
"1779001","1789000",1784000.5,"Fst",0.126829011839421,0,0.0339876018825604,0.0928976205047387
"1780001","1790000",1785000.5,"Fst",0.0830412724530371,0,0.0219052131604101,0.0544894049179617
"1781001","1791000",1786000.5,"Fst",0.0221340679522498,0,0.0165877023953576,0.0307884498697221
"1782001","1792000",1787000.5,"Fst",0.0221280768853586,0,0.0176085402554213,0.0329132599266965
"1783001","1793000",1788000.5,"Fst",0.012078127244004,0,0.0282211205911107,0.0881242985409653
"1784001","1794000",1789000.5,"Fst",0.0358487358220193,0,0.0290142221218177,0.140868363644277
"1785001","1795000",1790000.5,"Fst",0.0358684055478591,0,0.0284216942117915,0.139140483310953
"1786001","1796000",1791000.5,"Fst",0.0358684055478591,0,0.0284216942117915,0.139140483310953
"1787001","1797000",1792000.5,"Fst",0.0332671552407331,0,0.0304782192099232,0.147204024995752
"1788001","1798000",1793000.5,"Fst",0.0336543078828317,0,0.0308170546376953,0.151032218844985
"1789001","1799000",1794000.5,"Fst",0.0342542573442403,0,0.0313731022573325,0.153729155018472
"1790001","1800000",1795000.5,"Fst",0.0348057922526008,0,0.0318860149917736,0.155742524579423
"1791001","1801000",1796000.5,"Fst",0.0265379825653798,0,0.0306547702745581,0.124270275486081
"1792001","1802000",1797000.5,"Fst",0.0265379825653798,0,0.0306547702745581,0.124270275486081
"1793001","1803000",1798000.5,"Fst",0.0218988076936215,0,0.0361660414053019,0.114545322477334
"1794001","1804000",1799000.5,"Fst",0,0,0.0390791555220285,0.134815985946421
"1795001","1805000",1800000.5,"Fst",0.00288327509499531,0,0.0443524108085257,0.155445326672019
"1796001","1806000",1801000.5,"Fst",0.00288327509499531,0,0.0443524108085257,0.155445326672019
"1797001","1807000",1802000.5,"Fst",0.00480423706087429,0,0.0467525187660223,0.163983611881386
"1798001","1808000",1803000.5,"Fst",0.00480423706087429,0,0.0467525187660223,0.163983611881386
"1799001","1809000",1804000.5,"Fst",0.00450776420925669,0,0.0475209582312077,0.167714147360909
"1800001","1810000",1805000.5,"Fst",0.00440321036742508,0,0.0464312423241406,0.164328076812626
"1801001","1811000",1806000.5,"Fst",0.00526539432789419,0,0.0492174656192098,0.166914448350912
"1802001","1812000",1807000.5,"Fst",0.00252446016487418,0,0.0543129637757527,0.161965554828864
"1803001","1813000",1808000.5,"Fst",0.00496403960157688,0,0.0478594035280564,0.135126458382272
"1804001","1814000",1809000.5,"Fst",0,0,0.0477486415358508,0.136907692775296
"1805001","1815000",1810000.5,"Fst",0,0,0.0481661044446232,0.118813634351483
"1806001","1816000",1811000.5,"Fst",0,0,0.0472692916907533,0.11664493698392
"1807001","1817000",1812000.5,"Fst",0,0,0.048074675334201,0.118050858073406
"1808001","1818000",1813000.5,"Fst",0,0,0.0472060719903585,0.132125562144562
"1809001","1819000",1814000.5,"Fst",0,0,0.0428096929702367,0.12696551268499
"1810001","1820000",1815000.5,"Fst",0,0,0.0403505053783601,0.120435389572902
"1811001","1821000",1816000.5,"Fst",0,0,0.0403710498723414,0.108534829452361
"1812001","1822000",1817000.5,"Fst",0,0,0.0418666045789367,0.108130963944918
"1813001","1823000",1818000.5,"Fst",0,0,0.0409599021046654,0.108404304482736
"1814001","1824000",1819000.5,"Fst",0.0224345192216679,0,0.0336423551678507,0.0938697507698705
"1815001","1825000",1820000.5,"Fst",0.0243290801213183,0,0.0314863746977849,0.0818439039898268
"1816001","1826000",1821000.5,"Fst",0.0244455895941431,0,0.0316396740473575,0.0822281844895874
"1817001","1827000",1822000.5,"Fst",0.0240247165692556,0,0.0314399842773214,0.0812887707304724
"1818001","1828000",1823000.5,"Fst",0.0343731979091094,0,0.028335550604114,0.0535032203081995
"1819001","1829000",1824000.5,"Fst",0.0473572670836069,0,0.0272405958525049,0.0555100624566274
"1820001","1830000",1825000.5,"Fst",0.0524246121236768,0,0.0286304793338303,0.0566910966340934
"1821001","1831000",1826000.5,"Fst",0.0719746932296395,0,0.0276786673043628,0.0561275404648899
"1822001","1832000",1827000.5,"Fst",0.0747071368347964,0,0.0257920529965623,0.0528374198415692
"1823001","1833000",1828000.5,"Fst",0.0759579846319626,0,0.0268740527162426,0.0515315703598804
"1824001","1834000",1829000.5,"Fst",0.0493995102802286,0,0.0228280249075232,0.0551776990133154
"1825001","1835000",1830000.5,"Fst",0.0549718196457327,0,0.0165705621995664,0.0399508252369288
"1826001","1836000",1831000.5,"Fst",0.054057798891528,0,0.016271669164695,0.0392847799218743
"1827001","1837000",1832000.5,"Fst",0.0539793724383525,0,0.0156806901234384,0.0360112755461593
"1828001","1838000",1833000.5,"Fst",0.0517696905256713,0,0.0149468809831443,0.0346030133739632
"1829001","1839000",1834000.5,"Fst",0.0550412592746689,0,0.0164699929385266,0.0365813826891671
"1830001","1840000",1835000.5,"Fst",0.0588947866056301,0,0.0183094732642357,0.038958621273235
"1831001","1841000",1836000.5,"Fst",0.0454545454545453,0,0.0188948103674121,0.0495288248337029
"1832001","1842000",1837000.5,"Fst",0.00706577974870648,0,0.00998508478238583,0.013100866824271
"1833001","1843000",1838000.5,"Fst",0.00706577974870648,0,0.0100275352637793,0.0130105160185864
"1834001","1844000",1839000.5,"Fst",0.00792540792540808,0,0.00882274541235901,0.0128209939084644
"1835001","1845000",1840000.5,"Fst",0.00792540792540808,0,0.00882274541235901,0.0128209939084644
"1836001","1846000",1841000.5,"Fst",0.00582524583584199,0,0.00871637000721671,0.0133548889979502
"1837001","1847000",1842000.5,"Fst",0,0,0.00729532462719146,0.00914604794454599
"1838001","1848000",1843000.5,"Fst",0.0391015853903272,0,0.0202053539834361,0.0540165289256198
"1839001","1849000",1844000.5,"Fst",0.0368144120048965,0,0.0189350094318935,0.0501708104004557
"1840001","1850000",1845000.5,"Fst",0.0366757425879976,0,0.0189374297985329,0.0503547787989904
"1841001","1851000",1846000.5,"Fst",0.0368144120048965,0,0.0190082169023757,0.0503547787989904
"1842001","1852000",1847000.5,"Fst",0.0441970064552396,0,0.022236817171824,0.0596518375241779
"1843001","1853000",1848000.5,"Fst",0.0456047529957687,0,0.0230573062306588,0.0617541049259112
"1844001","1854000",1849000.5,"Fst",0.0405282195537923,0,0.0214540595018876,0.060030052592036
"1845001","1855000",1850000.5,"Fst",0.0185967268671744,0,0.031966168730306,0.0707049372997193
"1846001","1856000",1851000.5,"Fst",0.0410007924827354,0,0.0278083753814643,0.0576168590965138
"1847001","1857000",1852000.5,"Fst",0.0389717180946054,0,0.0258640773734554,0.0541529034420031
"1848001","1858000",1853000.5,"Fst",0.0274265837179745,0,0.0267141388805888,0.0565891131928867
"1849001","1859000",1854000.5,"Fst",0.0270441268155263,0,0.0278863748054345,0.0592421575574706
"1850001","1860000",1855000.5,"Fst",0.0270441268155263,0,0.0278879906294178,0.0592421575574706
"1851001","1861000",1856000.5,"Fst",0.0273357451277861,0,0.0282860485353227,0.0599811763253717
"1852001","1862000",1857000.5,"Fst",0.0260603142644549,0,0.0270433213044777,0.0568866232417635
"1853001","1863000",1858000.5,"Fst",0.0261043032202906,0,0.0270890796958012,0.0568866232417635
"1854001","1864000",1859000.5,"Fst",0.0267151281602149,0,0.0266197557096822,0.056784385937991
"1855001","1865000",1860000.5,"Fst",0.0456111837378841,0,0.0160836858397068,0.0296499961092339
"1856001","1866000",1861000.5,"Fst",0.009132044426162,0,0.0156602503604181,0.0261316185556746
"1857001","1867000",1862000.5,"Fst",0.017622666291397,0,0.0173282752535384,0.0335387776065742
"1858001","1868000",1863000.5,"Fst",0.0184729104318957,0,0.0167028315233233,0.0350274397518493
"1859001","1869000",1864000.5,"Fst",0.0149678604224057,0,0.0186851277610239,0.0306765204492477
"1860001","1870000",1865000.5,"Fst",0.0128966025339082,0,0.0177930690917595,0.0275517539691242
"1861001","1871000",1866000.5,"Fst",0.012345507728949,0,0.0171068257791021,0.0265792133906951
"1862001","1872000",1867000.5,"Fst",0.0126817741915213,0,0.0182712167163152,0.0281838656838657
"1863001","1873000",1868000.5,"Fst",0.0125459504328234,0,0.0160478792138821,0.0299912165129556
"1864001","1874000",1869000.5,"Fst",0.019121810410229,0,0.0256971306303389,0.0970956098379923
"1865001","1875000",1870000.5,"Fst",0.0183379766826967,0,0.0246764708436819,0.0929748412507034
"1866001","1876000",1871000.5,"Fst",0.0185150679041102,0,0.0248812628652125,0.0939718904866358
"1867001","1877000",1872000.5,"Fst",0.0162212695487265,0,0.0286035210176489,0.104548987864655
"1868001","1878000",1873000.5,"Fst",0.0123133748727066,0,0.02444728049898,0.0899175170635186
"1869001","1879000",1874000.5,"Fst",0.0247567001801475,0,0.025037630613208,0.0808057772709994
"1870001","1880000",1875000.5,"Fst",0.0689767247923192,0,0.0225141729857596,0.0589962909696464
"1871001","1881000",1876000.5,"Fst",0.0686376934943349,0,0.0224003701405154,0.0587030202606009
"1872001","1882000",1877000.5,"Fst",0.063368717111232,0,0.0210047749706221,0.053335965518376
"1873001","1883000",1878000.5,"Fst",0.0662707129366882,0,0.0204800179410433,0.0497607655502393
"1874001","1884000",1879000.5,"Fst",0.077509362869102,0,0.0229687825420496,0.0447149394135785
"1875001","1885000",1880000.5,"Fst",0.0743351591648805,0,0.0215624194545579,0.0421181587315771
"1876001","1886000",1881000.5,"Fst",0.0720995171110644,0,0.0211003073045683,0.0416987581671066
"1877001","1887000",1882000.5,"Fst",0.0707835640156239,0,0.0206825729164954,0.0409819159906868
"1878001","1888000",1883000.5,"Fst",0.0801267863486078,0,0.0195185330396324,0.0352545916433388
"1879001","1889000",1884000.5,"Fst",0.0652544792225737,0,0.0197828925413542,0.0432385871587108
"1880001","1890000",1885000.5,"Fst",0.0155510766946007,0,0.0250653238063942,0.055147267063155
"1881001","1891000",1886000.5,"Fst",0.0161152028141144,0,0.0259379979580451,0.0571501944383301
"1882001","1892000",1887000.5,"Fst",0.0176516294163352,0,0.0274734313265274,0.0624497033349246
"1883001","1893000",1888000.5,"Fst",0.00938764499595357,0,0.029385505764781,0.0698301490219841
"1884001","1894000",1889000.5,"Fst",0.0377422095540877,0,0.0248601253408086,0.0531367392937641
"1885001","1895000",1890000.5,"Fst",0.0525553481737756,0,0.0279096125478199,0.0598111778512669
"1886001","1896000",1891000.5,"Fst",0.0537115426250682,0,0.0275931486562627,0.0588018767659485
"1887001","1897000",1892000.5,"Fst",0.0730795812157856,0,0.0267154090877006,0.0645677499058961
"1888001","1898000",1893000.5,"Fst",0.103369542943581,0,0.0378846745465774,0.0796169534351865
"1889001","1899000",1894000.5,"Fst",0.106453852935671,0,0.0457775032580966,0.0955104930818494
"1890001","1900000",1895000.5,"Fst",0.109779485207477,0,0.0460589452729731,0.0992547191392791
"1891001","1901000",1896000.5,"Fst",0.108938486249468,0,0.0456306646324237,0.0984704999135746
"1892001","1902000",1897000.5,"Fst",0.103468219907625,0,0.0436189347167911,0.0939215563406179
"1893001","1903000",1898000.5,"Fst",0.103185330807217,0,0.0434691002459594,0.094316306013403
"1894001","1904000",1899000.5,"Fst",0.0985758873746084,0,0.0407048554320767,0.0815445908541466
"1895001","1905000",1900000.5,"Fst",0.098362363752619,0,0.0409956188698153,0.0875037522958286
"1896001","1906000",1901000.5,"Fst",0.0976902455676801,0,0.0409755287874307,0.0873824257921
"1897001","1907000",1902000.5,"Fst",0.0907073546566382,0,0.0420529748289903,0.0896182740683418
"1898001","1908000",1903000.5,"Fst",0.0658576352341443,0,0.0328659835589483,0.0562589528527063
"1899001","1909000",1904000.5,"Fst",0.054835646071862,0,0.0334317380432913,0.0734146124044051
"1900001","1910000",1905000.5,"Fst",0.0536535289959947,0,0.0344978038135994,0.0699900403584116
"1901001","1911000",1906000.5,"Fst",0.0540198097479652,0,0.0347259728927982,0.0703351860461545
"1902001","1912000",1907000.5,"Fst",0.0634664194751595,0,0.0363305251808503,0.0779203046013034
"1903001","1913000",1908000.5,"Fst",0.0641162094731267,0,0.0364534879500534,0.0791855649304239
"1904001","1914000",1909000.5,"Fst",0.0404331042573262,0,0.0171537317858643,0.0415998944834636
"1905001","1915000",1910000.5,"Fst",0.0433756265264268,0,0.0183049975735976,0.0447367490541353
"1906001","1916000",1911000.5,"Fst",0.0491151357579696,0,0.0205740495003464,0.0509813472974892
"1907001","1917000",1912000.5,"Fst",0.0603996622572475,0,0.0299559422194972,0.0663170163170164
"1908001","1918000",1913000.5,"Fst",0.0558961155724471,0,0.0362623981544084,0.0886698476477481
"1909001","1919000",1914000.5,"Fst",0.0386816163352477,0,0.0298247184976687,0.0875854911591989
"1910001","1920000",1915000.5,"Fst",0.038991896430388,0,0.0324075747327369,0.0954047388416013
"1911001","1921000",1916000.5,"Fst",0.0385547998230481,0,0.0320787314192437,0.0942087089837258
"1912001","1922000",1917000.5,"Fst",0.025485248965425,0,0.0311070422019303,0.0906783341435747
"1913001","1923000",1918000.5,"Fst",0.0219520065214068,0,0.0263526457166012,0.0868044127506553
"1914001","1924000",1919000.5,"Fst",0.014679799237707,0,0.027079370871705,0.0970597722555947
"1915001","1925000",1920000.5,"Fst",0.0146481327751971,0,0.0253834437033966,0.0913987557696166
"1916001","1926000",1921000.5,"Fst",0.0173846227728954,0,0.0242331997111067,0.0839207555862704
"1917001","1927000",1922000.5,"Fst",0.0134468922141088,0,0.0251800203955033,0.0804342989365017
"1918001","1928000",1923000.5,"Fst",0.0102441290415692,0,0.0260593036409937,0.0845201509460394
"1919001","1929000",1924000.5,"Fst",0.010657043019992,0,0.023352873471006,0.0463802223417608
"1920001","1930000",1925000.5,"Fst",0.0183450318879957,0,0.0220271182767261,0.0398713510361893
"1921001","1931000",1926000.5,"Fst",0.0210796915167095,0,0.0210878506838152,0.0390793295511149
"1922001","1932000",1927000.5,"Fst",0.0253315318020317,0,0.0234348330244815,0.0433233382617787
"1923001","1933000",1928000.5,"Fst",0.0281289793767654,0,0.0246079874322406,0.0461134540970195
"1924001","1934000",1929000.5,"Fst",0.0283849051030205,0,0.0248012505224129,0.0466135342761853
"1925001","1935000",1930000.5,"Fst",0.0287039878869724,0,0.0262552601908325,0.0475502881194929
"1926001","1936000",1931000.5,"Fst",0.0264197894667912,0,0.0273926426548383,0.0512775592792761
"1927001","1937000",1932000.5,"Fst",0.0356968701796287,0,0.0198730214417468,0.063983470509887
"1928001","1938000",1933000.5,"Fst",0.0348533255881498,0,0.0182321995147442,0.0602251691677383
"1929001","1939000",1934000.5,"Fst",0.0345175379350713,0,0.0173116538282295,0.0569936340549884
"1930001","1940000",1935000.5,"Fst",0.0261420171867934,0,0.0156700369269858,0.0345909190611977
"1931001","1941000",1936000.5,"Fst",0.0217012050622699,0,0.013845482777947,0.0353431823001343
"1932001","1942000",1937000.5,"Fst",0.0166274776433702,0,0.00935139769974336,0.0183279907984554
"1933001","1943000",1938000.5,"Fst",0.0191753926701569,0,0.0098457007895833,0.0154998239336513
"1934001","1944000",1939000.5,"Fst",0.0188105352591333,0,0.00962034992893199,0.0155167173252279
"1935001","1945000",1940000.5,"Fst",0.0190599173553718,0,0.0097955212112753,0.0157981213619884
"1936001","1946000",1941000.5,"Fst",0.0194028978733348,0,0.0100064402296016,0.0160431326141292
"1937001","1947000",1942000.5,"Fst",0.018074074074074,0,0.00966297937204702,0.0148593687346051
"1938001","1948000",1943000.5,"Fst",0.0120395327942497,0,0.00942564924200323,0.0159927299514298
"1939001","1949000",1944000.5,"Fst",0.0138823432138575,0,0.0226669797288671,0.0593002011012488
"1940001","1950000",1945000.5,"Fst",0.0154589128535914,0,0.0222219292012862,0.0606633097434569
"1941001","1951000",1946000.5,"Fst",0.0166249357986648,0,0.0211708318484373,0.0596973060284895
"1942001","1952000",1947000.5,"Fst",0.0180838689929599,0,0.0226010341537013,0.0650590860780811
"1943001","1953000",1948000.5,"Fst",0.0154486036838979,0,0.0248667573854465,0.0720890884108605
"1944001","1954000",1949000.5,"Fst",0.0202594123048669,0,0.0215254869300002,0.0659774675572866
"1945001","1955000",1950000.5,"Fst",0.020508455339916,0,0.0207408268940855,0.0644680117472434
"1946001","1956000",1951000.5,"Fst",0.0589002981406238,0,0.0205497561233657,0.0518095475963757
"1947001","1957000",1952000.5,"Fst",0.0605625038889925,0,0.021084842502691,0.0546762669396276
"1948001","1958000",1953000.5,"Fst",0.0596439623739927,0,0.0207550022070159,0.0538205495408109
"1949001","1959000",1954000.5,"Fst",0.0707769738911607,0,0.0229689855692597,0.046102094020688
"1950001","1960000",1955000.5,"Fst",0.060705670953818,0,0.0238562565975512,0.0436695652691652
"1951001","1961000",1956000.5,"Fst",0.0597124344217367,0,0.0227378382884033,0.0440271964862586
"1952001","1962000",1957000.5,"Fst",0.0545644930985244,0,0.0224472408606748,0.0404571648626717
"1953001","1963000",1958000.5,"Fst",0.0488980716253443,0,0.0208851173927561,0.0351858769971244
"1954001","1964000",1959000.5,"Fst",0.0455057962172056,0,0.0198458578420088,0.0366557613340472
"1955001","1965000",1960000.5,"Fst",0.043766267879743,0,0.0196407619077375,0.0361794622411197
"1956001","1966000",1961000.5,"Fst",0.00444262794937167,0,0.0188470787128103,0.0513140688571578
"1957001","1967000",1962000.5,"Fst",0.0109122289800857,0,0.030619820464742,0.079440847144627
"1958001","1968000",1963000.5,"Fst",0.0110599155482459,0,0.0310311680908029,0.0806014752270948
"1959001","1969000",1964000.5,"Fst",0.0119161540214172,0,0.0308053583983344,0.0789826867326548
"1960001","1970000",1965000.5,"Fst",0.0181665307786384,0,0.0283804654020155,0.0788138038310523
"1961001","1971000",1966000.5,"Fst",0.0185486283640526,0,0.0290132602584671,0.0806045210786954
"1962001","1972000",1967000.5,"Fst",0.0202616799358142,0,0.0301838567622698,0.0827394219087326
"1963001","1973000",1968000.5,"Fst",0.0260021156119717,0,0.0318087768416227,0.0825894196199281
"1964001","1974000",1969000.5,"Fst",0.0278356473580981,0,0.0356255270872442,0.0915360501567399
"1965001","1975000",1970000.5,"Fst",0.0297009529062108,0,0.03277191785809,0.0783248678345601
"1966001","1976000",1971000.5,"Fst",0.0289630662195934,0,0.0290550771197763,0.0648727068214572
"1967001","1977000",1972000.5,"Fst",0.0335639652648256,0,0.031368027428631,0.074757106626859
"1968001","1978000",1973000.5,"Fst",0.0319109006009964,0,0.0292765295223063,0.0703117116737796
"1969001","1979000",1974000.5,"Fst",0.0354163263972821,0,0.0281590788083798,0.0648512573115846
"1970001","1980000",1975000.5,"Fst",0.0349448665588432,0,0.0281693155400204,0.0667521348785141
"1971001","1981000",1976000.5,"Fst",0.0317539266470465,0,0.0322565244250031,0.0691571411863916
"1972001","1982000",1977000.5,"Fst",0.0322716260053074,0,0.0333900501371458,0.0709099743180397
"1973001","1983000",1978000.5,"Fst",0.0267374547448576,0,0.0335806930580427,0.0666181492013984
"1974001","1984000",1979000.5,"Fst",0.0266114361571367,0,0.0328659328288484,0.0659996984773105
"1975001","1985000",1980000.5,"Fst",0.0232845441117228,0,0.0354349895759454,0.0678959326858255
"1976001","1986000",1981000.5,"Fst",0.0220113731221252,0,0.0389396326322666,0.0712165420469184
"1977001","1987000",1982000.5,"Fst",0.0198665096191597,0,0.0388314687353514,0.0729820700048085
"1978001","1988000",1983000.5,"Fst",0.0166398128587967,0,0.0371627583576598,0.0674732358324021
"1979001","1989000",1984000.5,"Fst",0.0134563652187671,0,0.0387787636421393,0.0704268307188703
"1980001","1990000",1985000.5,"Fst",0.0126019716200076,0,0.03963122692478,0.0718141504806036
"1981001","1991000",1986000.5,"Fst",0,0,0.0314806894891439,0.0711203936223045
"1982001","1992000",1987000.5,"Fst",0,0,0.0314806894891439,0.0711203936223045
"1983001","1993000",1988000.5,"Fst",0,0,0.0289945565587332,0.0734539531382916
"1984001","1994000",1989000.5,"Fst",0,0,0.0300378796867098,0.0767019970214509
"1985001","1995000",1990000.5,"Fst",0,0,0.0347020937206846,0.0712592043612589
"1986001","1996000",1991000.5,"Fst",0.017982387085262,0,0.0329918705685058,0.0664187740113866
"1987001","1997000",1992000.5,"Fst",0.0286658694743389,0,0.0378503458990673,0.0701130880664571
"1988001","1998000",1993000.5,"Fst",0.0609511120221378,0,0.0408348120905352,0.0756047661983329
"1989001","1999000",1994000.5,"Fst",0.0613256671729226,0,0.0423341406393775,0.0813991378251183
"1990001","2e+06",1995000.5,"Fst",0.0577101730386402,0,0.0398853023903556,0.0770650739142968
"1991001","2001000",1996000.5,"Fst",0.0556485558082151,0,0.0385252525252525,0.073428995546759
"1992001","2002000",1997000.5,"Fst",0.0498354171081444,0,0.0340769328985622,0.0639366072035502
"1993001","2003000",1998000.5,"Fst",0.0455885499363761,0,0.0268493211369201,0.054140700616393
"1994001","2004000",1999000.5,"Fst",0.039806422433288,0,0.0223003078255456,0.0449416398865441
"1995001","2005000",2000000.5,"Fst",0.0399145956713365,0,0.0310134875040286,0.070355125989233
"1996001","2006000",2001000.5,"Fst",0.0279645222119896,0,0.0346821514119826,0.097693575843496
"1997001","2007000",2002000.5,"Fst",0.023318697665491,0,0.0371747352202749,0.107785798768302
"1998001","2008000",2003000.5,"Fst",0.0227326115275376,0,0.0378403069388452,0.113388694638695
"1999001","2009000",2004000.5,"Fst",0.0231610667798067,0,0.0385714779048372,0.115612002376708
"2000001","2010000",2005000.5,"Fst",0.0231610667798067,0,0.0385714779048372,0.115753857594348
"2001001","2011000",2006000.5,"Fst",0.0231610667798067,0,0.0389500660633608,0.115753857594348
"2002001","2012000",2007000.5,"Fst",0.0235438432350952,0,0.037124582401926,0.111897926634769
"2003001","2013000",2008000.5,"Fst",0.0233891093094128,0,0.0399877643193461,0.122586360591111
"2004001","2014000",2009000.5,"Fst",0.0248195644177225,0,0.0382946181053438,0.116875173755908
"2005001","2015000",2010000.5,"Fst",0.0148148148148146,0,0.0357012135600705,0.095599376114082
"2006001","2016000",2011000.5,"Fst",0.0132758714154063,0,0.0236877462487696,0.0519178360789098
"2007001","2017000",2012000.5,"Fst",0.0112631604901743,0,0.0215853420671942,0.0468129571577848
"2008001","2018000",2013000.5,"Fst",0.0204583318770171,0,0.0154952701859361,0.0265006226650063
"2009001","2019000",2014000.5,"Fst",0.0175893871246195,0,0.0155747275842151,0.0241052096976823
"2010001","2020000",2015000.5,"Fst",0.0155612890170487,0,0.0164956831975849,0.0328098025180008
"2011001","2021000",2016000.5,"Fst",0.0153153153153153,0,0.0162323437711347,0.0327472136167788
"2012001","2022000",2017000.5,"Fst",0.015529721770131,0,0.0173538583506144,0.0347326291715567
"2013001","2023000",2018000.5,"Fst",0.0154615409075011,0,0.0175063498639958,0.0361536382937656
"2014001","2024000",2019000.5,"Fst",0.0105407549217822,0,0.0206861315814856,0.0733096663418256
"2015001","2025000",2020000.5,"Fst",0.0114693612894711,0,0.0204661732638444,0.0720853638044026
"2016001","2026000",2021000.5,"Fst",0.0120539187853551,0,0.0198905507809612,0.0676889375684556
"2017001","2027000",2022000.5,"Fst",0.0130127048750751,0,0.0210366347985347,0.0710421600373754
"2018001","2028000",2023000.5,"Fst",0.00375066191089946,0,0.0249273872142033,0.0593490677874773
"2019001","2029000",2024000.5,"Fst",0.0112291153500983,0,0.0336367596482196,0.0667303126552226
"2020001","2030000",2025000.5,"Fst",0.0118049929750821,0,0.0341146140082312,0.0707695377757315
"2021001","2031000",2026000.5,"Fst",0.0114303138376506,0,0.0336508081637837,0.0695799491753449
"2022001","2032000",2027000.5,"Fst",0.0128089737150511,0,0.0301410636408342,0.0601260822879309
"2023001","2033000",2028000.5,"Fst",0.0125946558149947,0,0.0296416080749903,0.059127678707504
"2024001","2034000",2029000.5,"Fst",0.013407410726287,0,0.0316755902018212,0.0566573246920067
"2025001","2035000",2030000.5,"Fst",0.0101640682216801,0,0.0315146940790099,0.0617886432542345
"2026001","2036000",2031000.5,"Fst",0.0183288818544531,0,0.0339466581385068,0.116180100248992
"2027001","2037000",2032000.5,"Fst",0.01473148767802,0,0.0360518071946513,0.11071164969625
"2028001","2038000",2033000.5,"Fst",0.0311764675792361,0,0.0350116164953643,0.102450058195287
"2029001","2039000",2034000.5,"Fst",0.0283169954816976,0,0.0401773069901096,0.116043712385176
"2030001","2040000",2035000.5,"Fst",0.0259403612280125,0,0.0386537069053959,0.108345244073602
"2031001","2041000",2036000.5,"Fst",0.0187444038875558,0,0.0305604651662819,0.101753241458045
"2032001","2042000",2037000.5,"Fst",0.0180249277501734,0,0.0315636393439043,0.103156903257171
"2033001","2043000",2038000.5,"Fst",0.0166706150560673,0,0.0301527691133269,0.0988753010841471
"2034001","2044000",2039000.5,"Fst",0.0171770426221665,0,0.0305307037475701,0.0901747253532045
"2035001","2045000",2040000.5,"Fst",0.0151124856521302,0,0.0272182011762354,0.0772452770099891
"2036001","2046000",2041000.5,"Fst",0.010849288620692,0,0.0296215757367342,0.0597306397306399
"2037001","2047000",2042000.5,"Fst",0.0136485755656742,0,0.0308939218473113,0.0576896867856023
"2038001","2048000",2043000.5,"Fst",0,0,0.0324070973111062,0.0565086286024975
"2039001","2049000",2044000.5,"Fst",0.000451350653234872,0,0.0331595021136541,0.0558618117565122
"2040001","2050000",2045000.5,"Fst",0.000744042248607579,0,0.0331145801592564,0.0557561628230432
"2041001","2051000",2046000.5,"Fst",0.000207031925874346,0,0.0313948436978714,0.108267990640872
"2042001","2052000",2047000.5,"Fst",0.00198073947206323,0,0.0297286254875717,0.10964631611629
"2043001","2053000",2048000.5,"Fst",0.00473107469007938,0,0.0280864694319526,0.109009540099137
"2044001","2054000",2049000.5,"Fst",0.00512425658453686,0,0.0292624452979085,0.111141591946286
"2045001","2055000",2050000.5,"Fst",0.0118774926037561,0,0.020548767990703,0.0373656023170977
"2046001","2056000",2051000.5,"Fst",0.00738285246356052,0,0.0253234239953451,0.0730947994801923
"2047001","2057000",2052000.5,"Fst",0.00154361711750772,0,0.0250374660759145,0.0749591207514091
"2048001","2058000",2053000.5,"Fst",0.00178896859119293,0,0.0247643816737847,0.0846120736750904
"2049001","2059000",2054000.5,"Fst",0.00539215118935821,0,0.0248114185975612,0.0826257820178413
"2050001","2060000",2055000.5,"Fst",0.0249460733036161,0,0.0232704083135065,0.0769121694263194
"2051001","2061000",2056000.5,"Fst",0.0248338949568666,0,0.0232183259736795,0.0771070309638332
"2052001","2062000",2057000.5,"Fst",0.0227816949331211,0,0.0233476154720802,0.0744594276152998
"2053001","2063000",2058000.5,"Fst",0.028616055481372,0,0.0239115698736622,0.069345123319744
"2054001","2064000",2059000.5,"Fst",0.0280658826738814,0,0.0238969893900131,0.0687060238610482
"2055001","2065000",2060000.5,"Fst",0.0317601121345614,0,0.0255867087751252,0.0715637151154206
"2056001","2066000",2061000.5,"Fst",0.0379459194132848,0,0.0250347300467133,0.047113004841002
"2057001","2067000",2062000.5,"Fst",0.0475127041588063,0,0.0238976522240099,0.0559173806841911
"2058001","2068000",2063000.5,"Fst",0.0561153975176116,0,0.0251446983063595,0.071389780130925
"2059001","2069000",2064000.5,"Fst",0.0583395654471666,0,0.0228437949976626,0.061833795586311
"2060001","2070000",2065000.5,"Fst",0.0228607359842758,0,0.0227144451998785,0.0847960085738159
"2061001","2071000",2066000.5,"Fst",0.0238168631782647,0,0.0235956109248711,0.0862770503444753
"2062001","2072000",2067000.5,"Fst",0.0289322401281689,0,0.0225967799728365,0.0715547917424556
"2063001","2073000",2068000.5,"Fst",0.0242940631634166,0,0.0202390784320199,0.0685444425704166
"2064001","2074000",2069000.5,"Fst",0.0247091883653363,0,0.0183468728036231,0.0596768254380834
"2065001","2075000",2070000.5,"Fst",0.0256451824749039,0,0.0174064658361606,0.0591377846676262
"2066001","2076000",2071000.5,"Fst",0.029149267998189,0,0.0185852944561505,0.0537929053568863
"2067001","2077000",2072000.5,"Fst",0.0534803285776049,0,0.0208208868229681,0.0424622890649479
"2068001","2078000",2073000.5,"Fst",0.0521445815007111,0,0.0203568352773575,0.0416709281162194
"2069001","2079000",2074000.5,"Fst",0.0467916873654578,0,0.0204824593014707,0.044133114870433
"2070001","2080000",2075000.5,"Fst",0.055209292230779,0,0.0237614942254594,0.0408019362767137
"2071001","2081000",2076000.5,"Fst",0.065136470364341,0,0.0218809981334577,0.0405228452994248
"2072001","2082000",2077000.5,"Fst",0.0622541738762054,0,0.0219793924385265,0.0388692470870353
"2073001","2083000",2078000.5,"Fst",0.0571285042942796,0,0.0195736062799395,0.0445899742569451
"2074001","2084000",2079000.5,"Fst",0.053332457523209,0,0.0213048778562177,0.0659520537750156
"2075001","2085000",2080000.5,"Fst",0.0541824330128075,0,0.0219493806233846,0.068213474517524
"2076001","2086000",2081000.5,"Fst",0.0541770467735646,0,0.022578622544017,0.0694770475435522
"2077001","2087000",2082000.5,"Fst",0.0589619437251327,0,0.0239059544510574,0.0588665946338951
"2078001","2088000",2083000.5,"Fst",0.0527771942307909,0,0.0244876236444719,0.0571828354454608
"2079001","2089000",2084000.5,"Fst",0.0543177662871105,0,0.0247323378355337,0.0568143975682086
"2080001","2090000",2085000.5,"Fst",0.0554102079395085,0,0.024991359630159,0.0581202336967404
"2081001","2091000",2086000.5,"Fst",0.0434818450212798,0,0.0291542069947103,0.0733787351996639
"2082001","2092000",2087000.5,"Fst",0.0457377451468063,0,0.0306668791605518,0.0783257782203123
"2083001","2093000",2088000.5,"Fst",0.0553034685627534,0,0.0274164032057588,0.0581061654917062
"2084001","2094000",2089000.5,"Fst",0.0673954569718145,0,0.0266694844456611,0.0507330649570099
"2085001","2095000",2090000.5,"Fst",0.0682482721956407,0,0.0264243997709328,0.0512304336504927
"2086001","2096000",2091000.5,"Fst",0.0752799777371632,0,0.0241711348432105,0.0459024324249938
"2087001","2097000",2092000.5,"Fst",0.0521484468769504,0,0.0223677129595388,0.0442463202816021
"2088001","2098000",2093000.5,"Fst",0.0714123409882478,0,0.0259344221322414,0.0536859258719299
"2089001","2099000",2094000.5,"Fst",0.0707047790475654,0,0.0336861775788255,0.0818627765058874
"2090001","2100000",2095000.5,"Fst",0.0699163668438727,0,0.0407439976512883,0.0941908037248336
"2091001","2101000",2096000.5,"Fst",0.069189731489371,0,0.0402386703245402,0.0932694406839053
"2092001","2102000",2097000.5,"Fst",0.0710291016188983,0,0.0418098231065797,0.0966715206283906
"2093001","2103000",2098000.5,"Fst",0.0724926810273964,0,0.0389274621742465,0.0959194681177097
"2094001","2104000",2099000.5,"Fst",0.071322674249222,0,0.0380115011245989,0.0934413604410824
"2095001","2105000",2100000.5,"Fst",0.0709299831617386,0,0.0371592167427756,0.0913032368684998
"2096001","2106000",2101000.5,"Fst",0.0658360016046253,0,0.0393491761527174,0.0954646423912455
"2097001","2107000",2102000.5,"Fst",0.062788734084623,0,0.0440669134177176,0.102708041976528
"2098001","2108000",2103000.5,"Fst",0.0628726616457849,0,0.0424631297517553,0.09867041416015
"2099001","2109000",2104000.5,"Fst",0.0617093641412493,0,0.0350532339405775,0.07532091055152
"2100001","2110000",2105000.5,"Fst",0.0490829346092505,0,0.0176490022172948,0.0308178103274426
"2101001","2111000",2106000.5,"Fst",0.0490706995015724,0,0.0174010811504777,0.0279983246737074
"2102001","2112000",2107000.5,"Fst",0.0463937998475724,0,0.0164585068949195,0.0265409047986951
"2103001","2113000",2108000.5,"Fst",0.0461282838414233,0,0.0162079272013372,0.023145859399636
"2104001","2114000",2109000.5,"Fst",0.0449460616902477,0,0.0167656021976134,0.0242424242424242
"2105001","2115000",2110000.5,"Fst",0.0456107820413768,0,0.0127594839769542,0.0231606062296088
"2106001","2116000",2111000.5,"Fst",0.0561835321223361,0,0.0134698840658613,0.0226375079422321
"2107001","2117000",2112000.5,"Fst",0.0546504369538078,0,0.0128303054416047,0.0242812892180689
"2108001","2118000",2113000.5,"Fst",0.0479184958433196,0,0.0138650894971895,0.0259916868693818
"2109001","2119000",2114000.5,"Fst",0.0425867062230699,0,0.0134381150535342,0.0229202083164682
"2110001","2120000",2115000.5,"Fst",0.0432133365985506,0,0.0135806030822546,0.0229919706738865
"2111001","2121000",2116000.5,"Fst",0.0848568030011895,0,0.018049728687854,0.0457492385032564
"2112001","2122000",2117000.5,"Fst",0.0748916834661291,0,0.0268475124395737,0.0625695968765609
"2113001","2123000",2118000.5,"Fst",0.0783662594675509,0,0.0294238848584113,0.0670541503960611
"2114001","2124000",2119000.5,"Fst",0.0793734916296311,0,0.0298044875631217,0.0679463274671571
"2115001","2125000",2120000.5,"Fst",0.0850532015882057,0,0.0325479420501505,0.0820827567176596
"2116001","2126000",2121000.5,"Fst",0.0815473705618531,0,0.0386071566607956,0.0975955578950942
"2117001","2127000",2122000.5,"Fst",0.0871684885383516,0,0.0421309157925603,0.105633650210713
"2118001","2128000",2123000.5,"Fst",0.0805913541545725,0,0.0352584336795923,0.0889790924186954
"2119001","2129000",2124000.5,"Fst",0.0744047619047619,0,0.031084630180288,0.0736895674300253
"2120001","2130000",2125000.5,"Fst",0.0723944247971708,0,0.0301717488520065,0.0716439135381115
"2121001","2131000",2126000.5,"Fst",0.0420713463751439,0,0.0332795248004784,0.0737979955439035
"2122001","2132000",2127000.5,"Fst",0.0401318676832317,0,0.0305555947297171,0.069960295414131
"2123001","2133000",2128000.5,"Fst",0.0416695841599564,0,0.0292687171105936,0.0702435808317149
"2124001","2134000",2129000.5,"Fst",0.0410427946442914,0,0.0286198469936431,0.0682337397814538
"2125001","2135000",2130000.5,"Fst",0.0424474631371183,0,0.0242675763578355,0.055340974511959
"2126001","2136000",2131000.5,"Fst",0.0502154806746071,0,0.0244917245401971,0.046299691454635
"2127001","2137000",2132000.5,"Fst",0.0490617333068099,0,0.023886703267869,0.0452100253252992
"2128001","2138000",2133000.5,"Fst",0.0485741771456057,0,0.0248496513875848,0.0454017877330759
"2129001","2139000",2134000.5,"Fst",0.0440280937778216,0,0.0249886306456308,0.0542446397765546
"2130001","2140000",2135000.5,"Fst",0.0387011658588183,0,0.0242462027416434,0.0458939390698059
"2131001","2141000",2136000.5,"Fst",0.0415905737662631,0,0.0201169507128556,0.040516578675339
"2132001","2142000",2137000.5,"Fst",0.0464864559226814,0,0.022772166649641,0.0456105169340464
"2133001","2143000",2138000.5,"Fst",0.0623937213865272,0,0.0254464304274557,0.0519112174375332
"2134001","2144000",2139000.5,"Fst",0.0632383960764347,0,0.0261223905441586,0.0530969737581308
"2135001","2145000",2140000.5,"Fst",0.0778292368446919,0,0.0290281977742924,0.063651868313608
"2136001","2146000",2141000.5,"Fst",0.0799980080177288,0,0.0318045291212809,0.0776460763260208
"2137001","2147000",2142000.5,"Fst",0.0902895208813733,0,0.0316981778025364,0.077988388988606
"2138001","2148000",2143000.5,"Fst",0.0920962199312716,0,0.0330494477111241,0.0801932367149758
"2139001","2149000",2144000.5,"Fst",0.113811545405748,0,0.0272196931258165,0.0694993038725312
"2140001","2150000",2145000.5,"Fst",0.12163379196535,0,0.0294695277667156,0.0752161224602169
"2141001","2151000",2146000.5,"Fst",0.108617561065787,0,0.0281230272596671,0.0738148609381487
"2142001","2152000",2147000.5,"Fst",0.119360195321142,0,0.0285637803996064,0.0771222866967548
"2143001","2153000",2148000.5,"Fst",0.102901365789949,0,0.0323235230357877,0.0806844329163703
"2144001","2154000",2149000.5,"Fst",0.101101754787955,0,0.0313699659713064,0.0791382977849686
"2145001","2155000",2150000.5,"Fst",0.0978683209517244,0,0.0320218857641797,0.0807020959055219
"2146001","2156000",2151000.5,"Fst",0.0983330760919896,0,0.0323644715136501,0.0814633402995473
"2147001","2157000",2152000.5,"Fst",0.0872923656001964,0,0.0343241905455083,0.0794647094914509
"2148001","2158000",2153000.5,"Fst",0.0970293006055186,0,0.0327908581111341,0.0685702572512041
"2149001","2159000",2154000.5,"Fst",0.0466361224981915,0,0.036021380909638,0.0782069398649711
"2150001","2160000",2155000.5,"Fst",0.0457232347115812,0,0.0341378607675552,0.0758297974782582
"2151001","2161000",2156000.5,"Fst",0.111079662715962,0,0.0314545491106978,0.0788061600223616
"2152001","2162000",2157000.5,"Fst",0.0860086329814931,0,0.0397732584204298,0.0908808676214919
"2153001","2163000",2158000.5,"Fst",0.0828589765053852,0,0.0375167685152994,0.0836078715755898
"2154001","2164000",2159000.5,"Fst",0.0854732895970011,0,0.0392737573482196,0.086263595415095
"2155001","2165000",2160000.5,"Fst",0.118040038943653,0,0.0430824367465694,0.0978065046155404
"2156001","2166000",2161000.5,"Fst",0.131358786599729,0,0.0408585482890512,0.085933108623637
"2157001","2167000",2162000.5,"Fst",0.171745295491382,0,0.0359739850229975,0.0735087633915372
"2158001","2168000",2163000.5,"Fst",0.164865353334538,0,0.0350011991289411,0.0757476811896935
"2159001","2169000",2164000.5,"Fst",0.167338749075276,0,0.0357807930011914,0.0769316042824513
"2160001","2170000",2165000.5,"Fst",0.186755729106554,0,0.034519295024776,0.0700961132015329
"2161001","2171000",2166000.5,"Fst",0.162700572763861,0,0.0405581282635753,0.0891071179228512
"2162001","2172000",2167000.5,"Fst",0.173209643935032,0,0.0410342960009914,0.0904911074245359
"2163001","2173000",2168000.5,"Fst",0.185511009764913,0,0.0410508455207655,0.0911544193093342
"2164001","2174000",2169000.5,"Fst",0.196653996653997,0,0.0377794024765812,0.0829827066476281
"2165001","2175000",2170000.5,"Fst",0.20009608849516,0,0.0362185228310291,0.0750051468784853
"2166001","2176000",2171000.5,"Fst",0.196725576695806,0,0.0362531537778241,0.079516044875979
"2167001","2177000",2172000.5,"Fst",0.171525779207344,0,0.0429892240139397,0.0969877839534236
"2168001","2178000",2173000.5,"Fst",0.185998505603985,0,0.0467476341383054,0.108656345788228
"2169001","2179000",2174000.5,"Fst",0.187147024328632,0,0.0471013888680499,0.109279637867791
"2170001","2180000",2175000.5,"Fst",0.129499390537744,0,0.0491941949122586,0.122103322512124
"2171001","2181000",2176000.5,"Fst",0.139460578002245,0,0.0476649366289712,0.134991308738845
"2172001","2182000",2177000.5,"Fst",0.141160166949263,0,0.0457722917520201,0.136823212143624
"2173001","2183000",2178000.5,"Fst",0.17411950734413,0,0.0412962082076359,0.123751195393412
"2174001","2184000",2179000.5,"Fst",0.199357208448118,0,0.0402900219980739,0.11787110363205
"2175001","2185000",2180000.5,"Fst",0.239376158906754,0,0.0345792948768399,0.100084406407823
"2176001","2186000",2181000.5,"Fst",0.20664778182453,0,0.0370852412546857,0.079730751785949
"2177001","2187000",2182000.5,"Fst",0.161884209861226,0,0.0394859256379411,0.0917487215576364
"2178001","2188000",2183000.5,"Fst",0.157260399052295,0,0.0378963474348566,0.0886247742927951
"2179001","2189000",2184000.5,"Fst",0.15627570036805,0,0.037587582065869,0.0880089813242729
"2180001","2190000",2185000.5,"Fst",0.167376977107547,0,0.0384857968506364,0.092560613866065
"2181001","2191000",2186000.5,"Fst",0.179195840192144,0,0.038665279311393,0.0993223255274343
"2182001","2192000",2187000.5,"Fst",0.16565011851605,0,0.0406477028847442,0.0978788783467921
"2183001","2193000",2188000.5,"Fst",0.149022562097502,0,0.0428671197136068,0.111000449017416
"2184001","2194000",2189000.5,"Fst",0.0990132856814591,0,0.045439014793847,0.104590667278763
"2185001","2195000",2190000.5,"Fst",0.0492082842565797,0,0.0487051336006679,0.101108648397541
"2186001","2196000",2191000.5,"Fst",0.0194788132027519,0,0.041903048867699,0.0878548797403392
"2187001","2197000",2192000.5,"Fst",0.0329743119888696,0,0.0299362496200234,0.0584081556303778
"2188001","2198000",2193000.5,"Fst",0.0345258859063258,0,0.0308601028788976,0.059094041726709
"2189001","2199000",2194000.5,"Fst",0.0500786410821012,0,0.0299911010691516,0.0599867570304589
"2190001","2200000",2195000.5,"Fst",0.0937602111987521,0,0.0306679413535576,0.0690041925651207
"2191001","2201000",2196000.5,"Fst",0.0944777486807545,0,0.0308779098826264,0.0694692332922235
"2192001","2202000",2197000.5,"Fst",0.133802446366056,0,0.0283723420875298,0.0622984917438587
"2193001","2203000",2198000.5,"Fst",0.171934244484267,0,0.0287661260845608,0.0666522247813847
"2194001","2204000",2199000.5,"Fst",0.198622183252726,0,0.0293601218237612,0.0655346061915472
"2195001","2205000",2200000.5,"Fst",0.203103156271255,0,0.0307947911748022,0.0685074309967318
"2196001","2206000",2201000.5,"Fst",0.214351541211427,0,0.0314404399567363,0.0678558559135296
"2197001","2207000",2202000.5,"Fst",0.220835812861032,0,0.0340470036882037,0.0729584503462463
"2198001","2208000",2203000.5,"Fst",0.227547575970997,0,0.0353886980993249,0.0749439512928185
"2199001","2209000",2204000.5,"Fst",0.225485007604058,0,0.0360231300572715,0.0750849232366965
"2200001","2210000",2205000.5,"Fst",0.222031361338443,0,0.0280212018216787,0.0611155926842495
"2201001","2211000",2206000.5,"Fst",0.222031361338443,0,0.0280212018216787,0.0611155926842495
"2202001","2212000",2207000.5,"Fst",0.213038026742098,0,0.0327420234350545,0.0748531368667035
"2203001","2213000",2208000.5,"Fst",0.132447417055355,0,0.0336125306450132,0.0567899969252845
"2204001","2214000",2209000.5,"Fst",0.0910354998419888,0,0.0374369260563729,0.0684743023009409
"2205001","2215000",2210000.5,"Fst",0.0990658464342674,0,0.0385855260126006,0.0759301277609453
"2206001","2216000",2211000.5,"Fst",0.0804177805656368,0,0.0390673383195902,0.0808348131599549
"2207001","2217000",2212000.5,"Fst",0.0883263561224444,0,0.0361713582408921,0.0759340674298004
"2208001","2218000",2213000.5,"Fst",0.0926646799915213,0,0.0373115250639336,0.0781820598648991
"2209001","2219000",2214000.5,"Fst",0.0812823867887912,0,0.0333793681981188,0.0733718518171271
"2210001","2220000",2215000.5,"Fst",0.0807456561516156,0,0.0362953717288502,0.0790350246223649
"2211001","2221000",2216000.5,"Fst",0.0787860290683426,0,0.0351189316648329,0.0765804501475639
"2212001","2222000",2217000.5,"Fst",0.0686043725345036,0,0.0390607252261816,0.0762070923732699
"2213001","2223000",2218000.5,"Fst",0.068281603299289,0,0.0406530072739305,0.0813858660895637
"2214001","2224000",2219000.5,"Fst",0.0683622055291533,0,0.0407002573917139,0.0813858660895637
"2215001","2225000",2220000.5,"Fst",0.082894730770473,0,0.041806367217146,0.0823591583573228
"2216001","2226000",2221000.5,"Fst",0.0902158976394783,0,0.0429033683815124,0.0811928649346261
"2217001","2227000",2222000.5,"Fst",0.0856483752502419,0,0.0401640939223638,0.0693466604998544
"2218001","2228000",2223000.5,"Fst",0.0846025958059152,0,0.0397040147945382,0.0663147840949078
"2219001","2229000",2224000.5,"Fst",0.077316159134341,0,0.0352076112206791,0.0842694769143802
"2220001","2230000",2225000.5,"Fst",0.0764656514051513,0,0.0349682917916884,0.0834176302017944
"2221001","2231000",2226000.5,"Fst",0.0775173481104288,0,0.0356910146990258,0.0846693215411304
"2222001","2232000",2227000.5,"Fst",0.12002520368091,0,0.0265843459946442,0.0598591549295775
"2223001","2233000",2228000.5,"Fst",0.119084657546196,0,0.0263683543023717,0.0593023255813955
"2224001","2234000",2229000.5,"Fst",0.118158737485935,0,0.0261550419475626,0.0587557603686637
"2225001","2235000",2230000.5,"Fst",0.0990352215088852,0,0.031342953054398,0.0661118541033435
"2226001","2236000",2231000.5,"Fst",0.102546242310224,0,0.0279411862504482,0.0608097958563918
"2227001","2237000",2232000.5,"Fst",0.102565402983813,0,0.0222882408556319,0.0658531733713767
"2228001","2238000",2233000.5,"Fst",0.0947072245295597,0,0.0229526974225115,0.0630228903894339
"2229001","2239000",2234000.5,"Fst",0.125296861747244,0,0.0233959223498398,0.0587142591772289
"2230001","2240000",2235000.5,"Fst",0.125111821086262,0,0.023608474159059,0.0576162323179705
"2231001","2241000",2236000.5,"Fst",0.125111821086262,0,0.0235530509220941,0.0576162323179705
"2232001","2242000",2237000.5,"Fst",0.0768079800498752,0,0.022253186500335,0.0465484790988479
"2233001","2243000",2238000.5,"Fst",0.0781725888324872,0,0.0227059987916588,0.0475196589336335
"2234001","2244000",2239000.5,"Fst",0.0772501130710087,0,0.0231447758958826,0.0460128539260931
"2235001","2245000",2240000.5,"Fst",0.0696564338326164,0,0.0224206622025084,0.0425680195696672
"2236001","2246000",2241000.5,"Fst",0.0531309599491417,0,0.0244503223703651,0.0530536130536131
"2237001","2247000",2242000.5,"Fst",0.0422646594677021,0,0.0255622697041751,0.0506947459834998
"2238001","2248000",2243000.5,"Fst",0.0273262747961542,0,0.0349958159086293,0.0811850373590868
"2239001","2249000",2244000.5,"Fst",0.0633718442447583,0,0.0346243323378219,0.062696988985977
"2240001","2250000",2245000.5,"Fst",0.0642376924745175,0,0.0352535625252628,0.0638347178852687
"2241001","2251000",2246000.5,"Fst",0.0998071190601438,0,0.032849608270139,0.0517178308369172
"2242001","2252000",2247000.5,"Fst",0.0936135751549053,0,0.0324470964997604,0.0644145322751016
"2243001","2253000",2248000.5,"Fst",0.0883789863702529,0,0.0310135761746682,0.0599231497668997
"2244001","2254000",2249000.5,"Fst",0.0671055725370329,0,0.0335533444845443,0.0809789436655108
"2245001","2255000",2250000.5,"Fst",0.0708295977526746,0,0.0363759429484207,0.0857099675054788
"2246001","2256000",2251000.5,"Fst",0.0502531950807813,0,0.0374202960426531,0.0717706342706342
"2247001","2257000",2252000.5,"Fst",0.0497909449289213,0,0.0370248951444028,0.0710241343599443
"2248001","2258000",2253000.5,"Fst",0.0790513833992097,0,0.0357683982438505,0.0735209235209234
"2249001","2259000",2254000.5,"Fst",0.0956447707984144,0,0.035542767329594,0.06819667933294
"2250001","2260000",2255000.5,"Fst",0.0933441558441558,0,0.0345890832853625,0.066089845826688
"2251001","2261000",2256000.5,"Fst",0.0742539902845246,0,0.0353445321404722,0.0669407164444191
"2252001","2262000",2257000.5,"Fst",0.0953713553173499,0,0.0310227194305547,0.0545140941054435
"2253001","2263000",2258000.5,"Fst",0.0805303960051255,0,0.0334326434366359,0.0782705264939901
"2254001","2264000",2259000.5,"Fst",0.103720089434375,0,0.0358288342483898,0.0804475439576738
"2255001","2265000",2260000.5,"Fst",0.103675048355899,0,0.034717846273904,0.078575225943647
"2256001","2266000",2261000.5,"Fst",0.15677086280946,0,0.028937923230584,0.0581070576386215
"2257001","2267000",2262000.5,"Fst",0.155209324009324,0,0.0286930331134449,0.0572265827310485
"2258001","2268000",2263000.5,"Fst",0.163855821092447,0,0.0318860055660546,0.0529724184361542
"2259001","2269000",2264000.5,"Fst",0.152828477452755,0,0.0311579865494684,0.053689041405646
"2260001","2270000",2265000.5,"Fst",0.145076348508486,0,0.0292207903641662,0.0505502690164674
"2261001","2271000",2266000.5,"Fst",0.143373690717802,0,0.0286480078012581,0.0501140385811594
"2262001","2272000",2267000.5,"Fst",0.102544155445436,0,0.0303412309082523,0.0753904394925182
"2263001","2273000",2268000.5,"Fst",0.114541394490004,0,0.0283361996613253,0.0759075551081551
"2264001","2274000",2269000.5,"Fst",0.105347469734566,0,0.0280746367012671,0.0771568199614364
"2265001","2275000",2270000.5,"Fst",0.106531743207443,0,0.0275604104076689,0.0780496357312144
"2266001","2276000",2271000.5,"Fst",0.0653085600530855,0,0.0288825625590148,0.0852745668850811
"2267001","2277000",2272000.5,"Fst",0.0661762390047468,0,0.0291581792568626,0.0864778389213881
"2268001","2278000",2273000.5,"Fst",0.0491259648767992,0,0.0295753100186982,0.0897122793004177
"2269001","2279000",2274000.5,"Fst",0.0580398674569077,0,0.0318285424579784,0.0860612298471463
"2270001","2280000",2275000.5,"Fst",0.0519967102257151,0,0.0348614435865152,0.0902658443157588
"2271001","2281000",2276000.5,"Fst",0.053982588165855,0,0.0365771205333073,0.0913625912490839
"2272001","2282000",2277000.5,"Fst",0.0558982335902444,0,0.0536838013379423,0.0954234234234234
"2273001","2283000",2278000.5,"Fst",0.0574146014735432,0,0.0557117657144534,0.0989914145202968
"2274001","2284000",2279000.5,"Fst",0.0863913118164641,0,0.0504309990802897,0.0983395890323812
"2275001","2285000",2280000.5,"Fst",0.0960918490148367,0,0.0460103673259905,0.102214495493367
"2276001","2286000",2281000.5,"Fst",0.0953101138893488,0,0.0445356695066612,0.0992470228029265
"2277001","2287000",2282000.5,"Fst",0.0928118393234673,0,0.0434314411310226,0.0967926182477887
"2278001","2288000",2283000.5,"Fst",0.0976167994863466,0,0.04448550947541,0.101766410850028
"2279001","2289000",2284000.5,"Fst",0.136413325620374,0,0.0472917445840891,0.112725023329521
"2280001","2290000",2285000.5,"Fst",0.14827531703284,0,0.0454879966614346,0.118001103962938
"2281001","2291000",2286000.5,"Fst",0.155436564213354,0,0.0459614736256084,0.119414954336639
"2282001","2292000",2287000.5,"Fst",0.151375809637558,0,0.0467842658567268,0.116461244172205
"2283001","2293000",2288000.5,"Fst",0.11610943132078,0,0.0440525544811694,0.106469838516064
"2284001","2294000",2289000.5,"Fst",0.0988273933235829,0,0.042306599898418,0.107364941691149
"2285001","2295000",2290000.5,"Fst",0.0839306143081385,0,0.0433407978667677,0.103043392892205
"2286001","2296000",2291000.5,"Fst",0.0876083568820999,0,0.0417643386043681,0.100803382663848
"2287001","2297000",2292000.5,"Fst",0.0856791433939057,0,0.0407869933939571,0.0969132033148483
"2288001","2298000",2293000.5,"Fst",0.0838834727239735,0,0.0398283459492173,0.0949096278939211
"2289001","2299000",2294000.5,"Fst",0.0351531158398111,0,0.0407713243412966,0.0970152727272726
"2290001","2300000",2295000.5,"Fst",0.0352802711249133,0,0.036321043105658,0.090441132787687
"2291001","2301000",2296000.5,"Fst",0.0349747669988894,0,0.0360053444653927,0.0897777172926874
"2292001","2302000",2297000.5,"Fst",0.018677372765698,0,0.0371673687178022,0.0760086962415344
"2293001","2303000",2298000.5,"Fst",0.0556898664506613,0,0.0214742807620797,0.0440024601015313
"2294001","2304000",2299000.5,"Fst",0.0490001033690354,0,0.0208458740926817,0.0406393884110852
"2295001","2305000",2300000.5,"Fst",0.0533545008912655,0,0.0212131053604364,0.0490774659721055
"2296001","2306000",2301000.5,"Fst",0.0476368929469367,0,0.0179610565668791,0.0417669518147986
"2297001","2307000",2302000.5,"Fst",0.0500940933649001,0,0.0182525213527122,0.0419367225978795
"2298001","2308000",2303000.5,"Fst",0.0538365516497403,0,0.0212427798311007,0.041992971106895
"2299001","2309000",2304000.5,"Fst",0.0513568411977029,0,0.0202726343268615,0.0382265595998673
"2300001","2310000",2305000.5,"Fst",0.0516340068468799,0,0.0183006806841557,0.0358347627215549
"2301001","2311000",2306000.5,"Fst",0.123605486610059,0,0.0214821910901229,0.0731834565106886
"2302001","2312000",2307000.5,"Fst",0.13790370068397,0,0.0204708037368491,0.0583779392579179
"2303001","2313000",2308000.5,"Fst",0.142083082480433,0,0.0217909788863149,0.0582172934275135
"2304001","2314000",2309000.5,"Fst",0.150891982798995,0,0.0220164259153162,0.063779918602854
"2305001","2315000",2310000.5,"Fst",0.159722410842817,0,0.0244270317567038,0.0550170552871392
"2306001","2316000",2311000.5,"Fst",0.173829111104511,0,0.0250726833245476,0.061332049816497
"2307001","2317000",2312000.5,"Fst",0.174996607307107,0,0.0250137530495371,0.0613824319140773
"2308001","2318000",2313000.5,"Fst",0.0789258610624635,0,0.0444675885063161,0.152587409913785
"2309001","2319000",2314000.5,"Fst",0.0559885662072828,0,0.0528543002765868,0.173613250016626
"2310001","2320000",2315000.5,"Fst",0.0563389706397214,0,0.0536406477787609,0.175778215394399
"2311001","2321000",2316000.5,"Fst",0.021791230290819,0,0.0573053073260496,0.188146226448475
"2312001","2322000",2317000.5,"Fst",0,0,0.063471366049079,0.20565938710016
"2313001","2323000",2318000.5,"Fst",0.00820953572151994,0,0.0609874422489864,0.188231103360271
"2314001","2324000",2319000.5,"Fst",0.00818418527111664,0,0.060807898768856,0.187216409194169
"2315001","2325000",2320000.5,"Fst",0.00870448023246517,0,0.0616830846832749,0.190200451383293
"2316001","2326000",2321000.5,"Fst",0.0185434410275961,0,0.0606258057527187,0.187555320513568
"2317001","2327000",2322000.5,"Fst",0.0197973617123935,0,0.0578487406398187,0.178430631173376
"2318001","2328000",2323000.5,"Fst",0.0380340441850365,0,0.0429316571814766,0.12379293275144
"2319001","2329000",2324000.5,"Fst",0.0773264465843192,0,0.0154446225085371,0.0306570672194754
"2320001","2330000",2325000.5,"Fst",0.144841893404382,0,0.0161347418413267,0.0338294137897951
"2321001","2331000",2326000.5,"Fst",0.14775735951934,0,0.0166629295934878,0.0345041560175913
"2322001","2332000",2327000.5,"Fst",0.199004090143331,0,0.0218229540220561,0.055381927019546
"2323001","2333000",2328000.5,"Fst",0.216745890275302,0,0.0239015746334938,0.0615230050713921
"2324001","2334000",2329000.5,"Fst",0.274116387807815,0,0.0306028603342044,0.0852454573099944
"2325001","2335000",2330000.5,"Fst",0.32928379747461,0,0.0352889829232666,0.0866639801440328
"2326001","2336000",2331000.5,"Fst",0.334789261603019,0,0.0386179003889179,0.0930929912193492
"2327001","2337000",2332000.5,"Fst",0.375702890413604,0,0.0422699967423123,0.106754829689293
"2328001","2338000",2333000.5,"Fst",0.378766809431313,0,0.0426419470652414,0.107673855855476
"2329001","2339000",2334000.5,"Fst",0.401147323047706,0,0.0416682696364277,0.118010894193578
"2330001","2340000",2335000.5,"Fst",0.404853007063868,0,0.0421792018466248,0.11908775358557
"2331001","2341000",2336000.5,"Fst",0.397682927331169,0,0.0417303150072083,0.117315374500657
"2332001","2342000",2337000.5,"Fst",0.400313780179552,0,0.0403143293335407,0.119366359039638
"2333001","2343000",2338000.5,"Fst",0.403925262992621,0,0.0458495824935057,0.129831772315857
"2334001","2344000",2339000.5,"Fst",0.398898354134862,0,0.0441604900619472,0.123956780923994
"2335001","2345000",2340000.5,"Fst",0.320483261852228,0,0.0375540454030841,0.113064361191162
"2336001","2346000",2341000.5,"Fst",0.322084808590568,0,0.038167770775382,0.11371028540657
"2337001","2347000",2342000.5,"Fst",0.312995418417738,0,0.033504551357921,0.0908994701171402
"2338001","2348000",2343000.5,"Fst",0.307368646906596,0,0.0327655074451405,0.0889887040732608
"2339001","2349000",2344000.5,"Fst",0.263235174018974,0,0.0346588084964697,0.0897593086622431
"2340001","2350000",2345000.5,"Fst",0.258300710719844,0,0.0335301885586312,0.087309457813903
"2341001","2351000",2346000.5,"Fst",0.264234757340859,0,0.0343327443094004,0.0895751598058412
"2342001","2352000",2347000.5,"Fst",0.226798710244931,0,0.0312208264940484,0.0854889027633052
"2343001","2353000",2348000.5,"Fst",0.143994267530425,0,0.0297596155728677,0.0713075211837927
"2344001","2354000",2349000.5,"Fst",0.133564008773526,0,0.0270635087951087,0.0659276214608278
"2345001","2355000",2350000.5,"Fst",0.149766365303888,0,0.026082147418269,0.0739461651808981
"2346001","2356000",2351000.5,"Fst",0.14818424821088,0,0.0256979305316487,0.07320373380358
"2347001","2357000",2352000.5,"Fst",0.0779202551834132,0,0.0249625102077051,0.0669026176722348
"2348001","2358000",2353000.5,"Fst",0.131200618506157,0,0.0247730732750735,0.059478166661651
"2349001","2359000",2354000.5,"Fst",0.110074400485359,0,0.0229273023815122,0.0471753818752058
"2350001","2360000",2355000.5,"Fst",0.111038325609983,0,0.0229319256539815,0.0474766604361987
"2351001","2361000",2356000.5,"Fst",0.107623115368348,0,0.0246570018430437,0.0753315426724114
"2352001","2362000",2357000.5,"Fst",0.102478333250372,0,0.0233628524736164,0.0694525723382549
"2353001","2363000",2358000.5,"Fst",0.228684661820757,0,0.0267237245076702,0.0697725895544439
"2354001","2364000",2359000.5,"Fst",0.230857952808427,0,0.0274517417516216,0.0704406888976226
"2355001","2365000",2360000.5,"Fst",0.229903789515021,0,0.0266372940476419,0.0701493067718565
"2356001","2366000",2361000.5,"Fst",0.233555922865014,0,0.0314019030861945,0.0881068752036495
"2357001","2367000",2362000.5,"Fst",0.234254591807173,0,0.0380255747588171,0.110868103825244
"2358001","2368000",2363000.5,"Fst",0.269041579970938,0,0.0469444845754995,0.146625944754799
"2359001","2369000",2364000.5,"Fst",0.275289312034278,0,0.0493506312897088,0.151196983015502
"2360001","2370000",2365000.5,"Fst",0.27516211145444,0,0.0493181190740897,0.1512722803178
"2361001","2371000",2366000.5,"Fst",0.285856274586126,0,0.0439938048861888,0.135502446119633
"2362001","2372000",2367000.5,"Fst",0.292359901665299,0,0.0452590265691671,0.138343334542171
"2363001","2373000",2368000.5,"Fst",0.284520197736688,0,0.0421144431572768,0.124955059478151
"2364001","2374000",2369000.5,"Fst",0.292696206136787,0,0.0423429621351803,0.120059640517011
"2365001","2375000",2370000.5,"Fst",0.31523969138021,0,0.0464385479089023,0.1237680519317
"2366001","2376000",2371000.5,"Fst",0.341439102172496,0,0.0504662141329238,0.115028521886366
"2367001","2377000",2372000.5,"Fst",0.343781397227141,0,0.0481439130109581,0.106788165623398
"2368001","2378000",2373000.5,"Fst",0.351198944602385,0,0.0496537079710493,0.111995293842138
"2369001","2379000",2374000.5,"Fst",0.365253749812691,0,0.0524430618710857,0.117175341771164
"2370001","2380000",2375000.5,"Fst",0.366207872519846,0,0.0525811016089914,0.117520038492683
"2371001","2381000",2376000.5,"Fst",0.357077026896751,0,0.0529671215895276,0.116757783170529
"2372001","2382000",2377000.5,"Fst",0.356322767398154,0,0.0529840064599528,0.116483604880017
"2373001","2383000",2378000.5,"Fst",0.334625997045413,0,0.0520463526781111,0.114700196063004
"2374001","2384000",2379000.5,"Fst",0.336649490710042,0,0.0503892728152874,0.112271622520275
"2375001","2385000",2380000.5,"Fst",0.319479138556716,0,0.0438308814889462,0.0906655096557132
"2376001","2386000",2381000.5,"Fst",0.285203156295506,0,0.0397457133719731,0.0885529047973449
"2377001","2387000",2382000.5,"Fst",0.31303282750367,0,0.0372335050756907,0.0762108994993254
"2378001","2388000",2383000.5,"Fst",0.32812175845432,0,0.0363867990046155,0.0706368339215429
"2379001","2389000",2384000.5,"Fst",0.322033080852006,0,0.0341922353340695,0.0673565949830541
"2380001","2390000",2385000.5,"Fst",0.320315447001132,0,0.0338485316300804,0.0667464904541554
"2381001","2391000",2386000.5,"Fst",0.327148917646975,0,0.0303883732175949,0.0789965414130657
"2382001","2392000",2387000.5,"Fst",0.320895398916459,0,0.029081399562022,0.0779559531976094
"2383001","2393000",2388000.5,"Fst",0.319306916416124,0,0.0288735769863622,0.0588357224711751
"2384001","2394000",2389000.5,"Fst",0.314400723654455,0,0.0277882074500785,0.0636317076719212
"2385001","2395000",2390000.5,"Fst",0.327576724840747,0,0.0303290641501061,0.0674605280112789
"2386001","2396000",2391000.5,"Fst",0.288838447263505,0,0.02956937951956,0.0566908281974626
"2387001","2397000",2392000.5,"Fst",0.216671636883598,0,0.0289765337116685,0.0631702115238186
"2388001","2398000",2393000.5,"Fst",0.155099700106936,0,0.0279648630103265,0.0523352241744389
"2389001","2399000",2394000.5,"Fst",0.155099700106936,0,0.0279648630103265,0.0523352241744389
"2390001","2400000",2395000.5,"Fst",0.223423255502745,0,0.0243257949460357,0.0519025118717467
"2391001","2401000",2396000.5,"Fst",0.218368744114754,0,0.0241611571279813,0.0504645063241494
"2392001","2402000",2397000.5,"Fst",0.221640118538099,0,0.0247792766615127,0.0571223584878714
"2393001","2403000",2398000.5,"Fst",0.257500078832025,0,0.0229384901782814,0.0506562157991887
"2394001","2404000",2399000.5,"Fst",0.258306446511039,0,0.023046114149989,0.0508580501445326
"2395001","2405000",2400000.5,"Fst",0.258306446511039,0,0.023046114149989,0.0508580501445326
"2396001","2406000",2401000.5,"Fst",0.315448181328634,0,0.0272329393058826,0.0644932383146571
"2397001","2407000",2402000.5,"Fst",0.323752718732904,0,0.0334633785156682,0.0864492948660437
"2398001","2408000",2403000.5,"Fst",0.337895991268425,0,0.0390161074180433,0.100408125901119
"2399001","2409000",2404000.5,"Fst",0.335424258257728,0,0.0386606740324629,0.0995311625655995
"2400001","2410000",2405000.5,"Fst",0.31200173780819,0,0.0432789533848633,0.119320394960845
"2401001","2411000",2406000.5,"Fst",0.325207655843,0,0.0456133658218217,0.124954931753799
"2402001","2412000",2407000.5,"Fst",0.325207655843,0,0.0456120373864597,0.124851772829129
"2403001","2413000",2408000.5,"Fst",0.307695166940797,0,0.0498187895063312,0.12824253707791
"2404001","2414000",2409000.5,"Fst",0.310360018371154,0,0.0503096747434406,0.129488671515933
"2405001","2415000",2410000.5,"Fst",0.303409319783942,0,0.0493032808271226,0.126671353215765
"2406001","2416000",2411000.5,"Fst",0.238043012595322,0,0.0411811636244626,0.101536372124607
"2407001","2417000",2412000.5,"Fst",0.114277521620444,0,0.0203912834610118,0.0606254003940482
"2408001","2418000",2413000.5,"Fst",0.128209907705849,0,0.0232440204718746,0.0695204870374171
"2409001","2419000",2414000.5,"Fst",0.130552150473855,0,0.0237625072589252,0.0710932035031758
"2410001","2420000",2415000.5,"Fst",0.144681716493797,0,0.0272097892908563,0.0751471772944166
"2411001","2421000",2416000.5,"Fst",0.136685381346166,0,0.0308801978328534,0.0894167237031617
"2412001","2422000",2417000.5,"Fst",0.138753813614839,0,0.0313738594569868,0.0907814304560237
"2413001","2423000",2418000.5,"Fst",0.215244029075805,0,0.0343848422572055,0.0724316585302514
"2414001","2424000",2419000.5,"Fst",0.187225320845298,0,0.0306451964279073,0.0580659216173235
"2415001","2425000",2420000.5,"Fst",0.191815662136382,0,0.0312133676800838,0.0600662948778248
"2416001","2426000",2421000.5,"Fst",0.203209790634613,0,0.0338035431369034,0.0665051314750713
"2417001","2427000",2422000.5,"Fst",0.180692659324034,0,0.0347861073241773,0.072941980188357
"2418001","2428000",2423000.5,"Fst",0.165294962899753,0,0.0337085249137972,0.0800839940624887
"2419001","2429000",2424000.5,"Fst",0.165482432883599,0,0.0337089514423445,0.0801797883137596
"2420001","2430000",2425000.5,"Fst",0.17129936837966,0,0.031126103628816,0.0740925788585728
"2421001","2431000",2426000.5,"Fst",0.175054745992782,0,0.0315892905426266,0.0806121581975121
"2422001","2432000",2427000.5,"Fst",0.169996370894575,0,0.0302395270066924,0.0773699076068747
"2423001","2433000",2428000.5,"Fst",0.103418498712616,0,0.0299668710052502,0.0690615835777125
"2424001","2434000",2429000.5,"Fst",0.127920144228831,0,0.0402257834131956,0.0690935122407204
"2425001","2435000",2430000.5,"Fst",0.121211041082722,0,0.0376080832071098,0.0644948298801459
"2426001","2436000",2431000.5,"Fst",0.123255467936319,0,0.0379853390773825,0.0654042752238773
"2427001","2437000",2432000.5,"Fst",0.12468063534978,0,0.0390331748087911,0.0670611984333752
"2428001","2438000",2433000.5,"Fst",0.124029613643857,0,0.0407892443090308,0.0745165385998519
"2429001","2439000",2434000.5,"Fst",0.105228586442459,0,0.0345925996208578,0.0600524120621563
"2430001","2440000",2435000.5,"Fst",0.0739176579467977,0,0.0299010068101246,0.053056199427732
"2431001","2441000",2436000.5,"Fst",0.0931110117336399,0,0.0264701233207577,0.0453941693979644
"2432001","2442000",2437000.5,"Fst",0.0948061579952804,0,0.0272582122516724,0.0443565436813748
"2433001","2443000",2438000.5,"Fst",0.0996956115332071,0,0.0292817381883832,0.0479123588034479
"2434001","2444000",2439000.5,"Fst",0.0591348265261309,0,0.0193488606588253,0.0376609405416483
"2435001","2445000",2440000.5,"Fst",0.0622347880721086,0,0.0213917132177855,0.0394192532812523
"2436001","2446000",2441000.5,"Fst",0.0692236548609977,0,0.0347214301778272,0.0682550200499717
"2437001","2447000",2442000.5,"Fst",0.0681229253667418,0,0.0342185863612068,0.0674082273483956
"2438001","2448000",2443000.5,"Fst",0.0684837198803679,0,0.035556352831392,0.0711825469051103
"2439001","2449000",2444000.5,"Fst",0.084045444328654,0,0.0444334541993629,0.0830646390150246
"2440001","2450000",2445000.5,"Fst",0.084045444328654,0,0.0444334541993629,0.0830646390150246
"2441001","2451000",2446000.5,"Fst",0.0508586733890026,0,0.0498492692146874,0.104170341116777
"2442001","2452000",2447000.5,"Fst",0.0495073041677849,0,0.0488013441871113,0.101766740332871
"2443001","2453000",2448000.5,"Fst",0.0546047489421341,0,0.0426411305293492,0.0948361693639311
"2444001","2454000",2449000.5,"Fst",0.0547183060552047,0,0.0426382629667536,0.0948361693639311
"2445001","2455000",2450000.5,"Fst",0.0518529751223663,0,0.0402524181316896,0.0887995620807699
"2446001","2456000",2451000.5,"Fst",0.114644720739902,0,0.0393360828326428,0.0986007788371156
"2447001","2457000",2452000.5,"Fst",0.116605357283323,0,0.0400439146371586,0.100259428165706
"2448001","2458000",2453000.5,"Fst",0.115915563263529,0,0.0400053272828044,0.0980085547928315
"2449001","2459000",2454000.5,"Fst",0.112742202236453,0,0.0390977707965978,0.0948969221239271
"2450001","2460000",2455000.5,"Fst",0.118191388881973,0,0.0360169085591514,0.0836923157121942
"2451001","2461000",2456000.5,"Fst",0.121240951072988,0,0.0347439071530334,0.0797226322878132
"2452001","2462000",2457000.5,"Fst",0.111439521170217,0,0.0328185934234689,0.0731928139257542
"2453001","2463000",2458000.5,"Fst",0.114509788426497,0,0.0330061668450104,0.0674973358472005
"2454001","2464000",2459000.5,"Fst",0.115238427499244,0,0.0332616231134328,0.0679260848044877
"2455001","2465000",2460000.5,"Fst",0.11927223970393,0,0.0341870116102416,0.070104620998318
"2456001","2466000",2461000.5,"Fst",0.0572896502548887,0,0.0283577800328363,0.0729749276145328
"2457001","2467000",2462000.5,"Fst",0.133808135202745,0,0.0346119426083189,0.0847809828206842
"2458001","2468000",2463000.5,"Fst",0.16581005423263,0,0.0411286315094259,0.0985005895324507
"2459001","2469000",2464000.5,"Fst",0.169897940053842,0,0.0424122982553581,0.100755973905835
"2460001","2470000",2465000.5,"Fst",0.17058649276741,0,0.0438978174794513,0.105154828770704
"2461001","2471000",2466000.5,"Fst",0.174972224846056,0,0.0476596729485983,0.11466639913885
"2462001","2472000",2467000.5,"Fst",0.172650864421438,0,0.0477197087062164,0.111955004208365
"2463001","2473000",2468000.5,"Fst",0.176259119464447,0,0.0485781949158425,0.114887907013807
"2464001","2474000",2469000.5,"Fst",0.173336204857944,0,0.0478868397756697,0.113362213408422
"2465001","2475000",2470000.5,"Fst",0.171993999731831,0,0.0474866787860376,0.112475355576377
"2466001","2476000",2471000.5,"Fst",0.178374283374283,0,0.0408104291443957,0.107283714178276
"2467001","2477000",2472000.5,"Fst",0.141718473135718,0,0.0364622581818903,0.0957866875137627
"2468001","2478000",2473000.5,"Fst",0.191263172584796,0,0.0378808908151014,0.0805029960920538
"2469001","2479000",2474000.5,"Fst",0.189216173509697,0,0.0373150801091867,0.0787567210156999
"2470001","2480000",2475000.5,"Fst",0.187150279965087,0,0.0368712525196282,0.07783789260385
"2471001","2481000",2476000.5,"Fst",0.182371490771531,0,0.0357693958412157,0.0755218880373707
"2472001","2482000",2477000.5,"Fst",0.18844002800577,0,0.0324815496959781,0.0718101658190136
"2473001","2483000",2478000.5,"Fst",0.187465908041926,0,0.0323235059253645,0.0714705040177411
"2474001","2484000",2479000.5,"Fst",0.189424324393077,0,0.0327082646561752,0.0722177312329021
"2475001","2485000",2480000.5,"Fst",0.188656538475598,0,0.0324964552768857,0.0716902244793376
"2476001","2486000",2481000.5,"Fst",0.204549533799534,0,0.0350064559482462,0.0768929111419995
"2477001","2487000",2482000.5,"Fst",0.227267856968918,0,0.0345508730933476,0.0711357109289332
"2478001","2488000",2483000.5,"Fst",0.159720663424367,0,0.0355618084640852,0.0843753312911847
"2479001","2489000",2484000.5,"Fst",0.15162230147918,0,0.0312597624815856,0.0806172781263597
"2480001","2490000",2485000.5,"Fst",0.154351191032713,0,0.0318499734337953,0.0822099990912832
"2481001","2491000",2486000.5,"Fst",0.141485869935308,0,0.0328960486935773,0.0737581833954594
"2482001","2492000",2487000.5,"Fst",0.13788829322079,0,0.0315288662511067,0.0659552845528455
"2483001","2493000",2488000.5,"Fst",0.129219550785953,0,0.0307674112509466,0.0566046926170046
"2484001","2494000",2489000.5,"Fst",0.129366391184573,0,0.0308148310647991,0.0566046926170046
"2485001","2495000",2490000.5,"Fst",0.127019390041898,0,0.0294052293636545,0.0526280742470756
"2486001","2496000",2491000.5,"Fst",0.112398712398712,0,0.0259100315721081,0.0449610581442191
"2487001","2497000",2492000.5,"Fst",0.0976828381268013,0,0.0227911294955701,0.054311084535295
"2488001","2498000",2493000.5,"Fst",0.0978063979148186,0,0.0227911294955701,0.0542193083879393
"2489001","2499000",2494000.5,"Fst",0.110948633908786,0,0.026772556924177,0.057215317147179
"2490001","2500000",2495000.5,"Fst",0.162498988100057,0,0.0282590150810043,0.079848310695786
"2491001","2501000",2496000.5,"Fst",0.174691747337932,0,0.0310962141905664,0.0902679534408136
"2492001","2502000",2497000.5,"Fst",0.188313595362054,0,0.0327453970821549,0.0949089802032699
"2493001","2503000",2498000.5,"Fst",0.202137675035837,0,0.0332149409477276,0.09334073830509
"2494001","2504000",2499000.5,"Fst",0.203165884947262,0,0.0334229214159675,0.0938359146356212
"2495001","2505000",2500000.5,"Fst",0.203746345864845,0,0.0341231276401276,0.0947689804149427
"2496001","2506000",2501000.5,"Fst",0.222038668217827,0,0.0352338546307025,0.096503225370424
"2497001","2507000",2502000.5,"Fst",0.217784361417433,0,0.0338170157798423,0.0925389922775242
"2498001","2508000",2503000.5,"Fst",0.231278626653476,0,0.0321013419566925,0.0836703336768444
"2499001","2509000",2504000.5,"Fst",0.239902149285527,0,0.0311093953198896,0.0804330506340903
"2500001","2510000",2505000.5,"Fst",0.214327726616174,0,0.0327173988001845,0.0529583978219925
"2501001","2511000",2506000.5,"Fst",0.226509510776264,0,0.0300049716866783,0.0554066732420793
"2502001","2512000",2507000.5,"Fst",0.226360729238783,0,0.0287959925702297,0.0544339183102968
"2503001","2513000",2508000.5,"Fst",0.206486090149107,0,0.0272758266936691,0.0491254472226786
"2504001","2514000",2509000.5,"Fst",0.203794672893497,0,0.0266864073233007,0.0485831593004589
"2505001","2515000",2510000.5,"Fst",0.209204821735213,0,0.0282283467168695,0.052868031772918
"2506001","2516000",2511000.5,"Fst",0.189252346868241,0,0.0299843614087383,0.0609138310228087
"2507001","2517000",2512000.5,"Fst",0.184345627775584,0,0.0302451618971647,0.0573291350639904
"2508001","2518000",2513000.5,"Fst",0.124016265284174,0,0.0290980425835597,0.0813803710468135
"2509001","2519000",2514000.5,"Fst",0.103866364104933,0,0.0312208520424114,0.0895577167646633
"2510001","2520000",2515000.5,"Fst",0.172199102691346,0,0.0283555835253518,0.0938653666756945
"2511001","2521000",2516000.5,"Fst",0.15891045881185,0,0.0318581407044246,0.0801691998852883
"2512001","2522000",2517000.5,"Fst",0.149945970381242,0,0.0310715457298163,0.0779836367432943
"2513001","2523000",2518000.5,"Fst",0.154211787545121,0,0.0342205381205976,0.103040139680432
"2514001","2524000",2519000.5,"Fst",0.158468823709465,0,0.0339858057395549,0.100193036130536
"2515001","2525000",2520000.5,"Fst",0.177909160133603,0,0.0326679934101903,0.0852832249813492
"2516001","2526000",2521000.5,"Fst",0.179758170706633,0,0.0329179892561565,0.0864367599188567
"2517001","2527000",2522000.5,"Fst",0.185816828514475,0,0.0341494593625937,0.0888931300407857
"2518001","2528000",2523000.5,"Fst",0.22476306211317,0,0.0271938069783416,0.0655849152596267
"2519001","2529000",2524000.5,"Fst",0.216358088898135,0,0.0298982395556836,0.0776375684240852
"2520001","2530000",2525000.5,"Fst",0.167876259114089,0,0.0306741665046077,0.0805526319690478
"2521001","2531000",2526000.5,"Fst",0.16456051323308,0,0.030239497619505,0.0787195724161971
"2522001","2532000",2527000.5,"Fst",0.169537840793618,0,0.0306631661581342,0.0823776002531046
"2523001","2533000",2528000.5,"Fst",0.182961339661899,0,0.0314477035556955,0.0759522224283901
"2524001","2534000",2529000.5,"Fst",0.164437940006122,0,0.0316400407957001,0.110500901539461
"2525001","2535000",2530000.5,"Fst",0.129716087270044,0,0.0376387847206689,0.135353224087414
"2526001","2536000",2531000.5,"Fst",0.128610874286456,0,0.0395630823461577,0.134915598965489
"2527001","2537000",2532000.5,"Fst",0.137207487238897,0,0.033553082398094,0.108569649016334
"2528001","2538000",2533000.5,"Fst",0.1263586360566,0,0.0343685161911358,0.114334004792862
"2529001","2539000",2534000.5,"Fst",0.117387940529684,0,0.0314834573380373,0.0944432832352663
"2530001","2540000",2535000.5,"Fst",0.108878395190058,0,0.0328164814605981,0.0947771909657308
"2531001","2541000",2536000.5,"Fst",0.133050734897233,0,0.0316858189795284,0.0852370448193763
"2532001","2542000",2537000.5,"Fst",0.128704560883787,0,0.0313142334378938,0.0805654016316282
"2533001","2543000",2538000.5,"Fst",0.129291050559534,0,0.0314857881480263,0.0809394358011143
"2534001","2544000",2539000.5,"Fst",0.125019911252702,0,0.0286387227907026,0.083653642444236
"2535001","2545000",2540000.5,"Fst",0.0955015298741535,0,0.0294489107190509,0.0764750841570142
"2536001","2546000",2541000.5,"Fst",0.1177546166548,0,0.027786552483582,0.0816592560847127
"2537001","2547000",2542000.5,"Fst",0.100677335812471,0,0.027905642672593,0.0653596750182929
"2538001","2548000",2543000.5,"Fst",0.103233135316897,0,0.0285156018733039,0.0663888313660523
"2539001","2549000",2544000.5,"Fst",0.101913417506858,0,0.0282061430562577,0.065690526603374
"2540001","2550000",2545000.5,"Fst",0.107355251452691,0,0.0257694815192147,0.0540106572851629
"2541001","2551000",2546000.5,"Fst",0.0756912854976722,0,0.0233302026101587,0.0462205986621044
"2542001","2552000",2547000.5,"Fst",0.0804318254174988,0,0.025656792166684,0.0504641793659134
"2543001","2553000",2548000.5,"Fst",0.0841256403577321,0,0.0261685895532211,0.056542699724518
"2544001","2554000",2549000.5,"Fst",0.0917804064300879,0,0.028839407599741,0.0634859684490098
"2545001","2555000",2550000.5,"Fst",0.142171983267874,0,0.0275210044723117,0.0686643040125301
"2546001","2556000",2551000.5,"Fst",0.0631550126741035,0,0.0326195283255524,0.0995618095414428
"2547001","2557000",2552000.5,"Fst",0.0553248945147681,0,0.0378928333932848,0.112257206208426
"2548001","2558000",2553000.5,"Fst",0.0537994419826031,0,0.0368130256877117,0.109272209272209
"2549001","2559000",2554000.5,"Fst",0.0621034830755803,0,0.0325830480660671,0.0986457553427645
"2550001","2560000",2555000.5,"Fst",0.06930900702527,0,0.0363322228826544,0.109475847298197
"2551001","2561000",2556000.5,"Fst",0.0712822171896905,0,0.0373585923059876,0.11248401582062
"2552001","2562000",2557000.5,"Fst",0.20084005297349,0,0.0374438779406892,0.12659170342576
"2553001","2563000",2558000.5,"Fst",0.216178019230958,0,0.0370697115363165,0.130661132693288
"2554001","2564000",2559000.5,"Fst",0.204872542216054,0,0.0339959550326007,0.124339712619039
"2555001","2565000",2560000.5,"Fst",0.207984369422683,0,0.0346440591063383,0.126996372066387
"2556001","2566000",2561000.5,"Fst",0.222723259080875,0,0.0370676733591686,0.136863512868118
"2557001","2567000",2562000.5,"Fst",0.266421506734007,0,0.0328977424270238,0.0895509926313954
"2558001","2568000",2563000.5,"Fst",0.264174191562727,0,0.032593673678899,0.0887494920447263
"2559001","2569000",2564000.5,"Fst",0.251754901960784,0,0.0302105359350326,0.0946054607984961
"2560001","2570000",2565000.5,"Fst",0.251754901960784,0,0.0302105359350326,0.0946054607984961
"2561001","2571000",2566000.5,"Fst",0.246106027849962,0,0.0313908155041754,0.105809720074229
"2562001","2572000",2567000.5,"Fst",0.217933110805681,0,0.0291625399510333,0.0707236374890297
"2563001","2573000",2568000.5,"Fst",0.214933420029531,0,0.0309126636764158,0.0695048558902499
"2564001","2574000",2569000.5,"Fst",0.252817144832354,0,0.0318058064531739,0.0909235370566902
"2565001","2575000",2570000.5,"Fst",0.246387308906749,0,0.031816242751494,0.0882879300059655
"2566001","2576000",2571000.5,"Fst",0.29561489056995,0,0.0326715636865983,0.0999096748293858
"2567001","2577000",2572000.5,"Fst",0.279003339643258,0,0.0385642516257564,0.10801246074487
"2568001","2578000",2573000.5,"Fst",0.252474391018581,0,0.03212316719349,0.103373839472534
"2569001","2579000",2574000.5,"Fst",0.265552460538533,0,0.0347059377432776,0.103869881412094
"2570001","2580000",2575000.5,"Fst",0.26108803165183,0,0.0337505819950052,0.101573820577539
"2571001","2581000",2576000.5,"Fst",0.266443194269405,0,0.0309829128726218,0.094094269432715
"2572001","2582000",2577000.5,"Fst",0.256899176570634,0,0.0298431774306936,0.0915109748056873
"2573001","2583000",2578000.5,"Fst",0.248501348092983,0,0.0279633760651907,0.0814462052483815
"2574001","2584000",2579000.5,"Fst",0.20639666600164,0,0.0243505106630489,0.0504416577369748
"2575001","2585000",2580000.5,"Fst",0.20716685996372,0,0.0240062617437123,0.0496553518012746
"2576001","2586000",2581000.5,"Fst",0.106289508390559,0,0.01950831795695,0.0411874896506046
"2577001","2587000",2582000.5,"Fst",0.140787916833115,0,0.018659944799602,0.0369079545951186
"2578001","2588000",2583000.5,"Fst",0.138984013664191,0,0.0231341539367251,0.0477066133936667
"2579001","2589000",2584000.5,"Fst",0.140204184980304,0,0.0235736194166809,0.047808932440736
"2580001","2590000",2585000.5,"Fst",0.178945231206538,0,0.0246198430309616,0.0494329875829732
"2581001","2591000",2586000.5,"Fst",0.180611701957164,0,0.0246738672086252,0.0497257968443151
"2582001","2592000",2587000.5,"Fst",0.186485981931527,0,0.0261725657444508,0.0513567811467742
"2583001","2593000",2588000.5,"Fst",0.185190248348143,0,0.0271358118248704,0.0537179511346531
"2584001","2594000",2589000.5,"Fst",0.185093071754074,0,0.027538466096155,0.055242302033319
"2585001","2595000",2590000.5,"Fst",0.181049935979513,0,0.0266825722714234,0.0530613877224555
"2586001","2596000",2591000.5,"Fst",0.242385685884692,0,0.0282710680477933,0.0577183483402635
"2587001","2597000",2592000.5,"Fst",0.262342864899404,0,0.029721465324458,0.0642305046335641
"2588001","2598000",2593000.5,"Fst",0.324673860473459,0,0.0283896860026952,0.0620141041459769
"2589001","2599000",2594000.5,"Fst",0.386133562215387,0,0.0302003306621021,0.0780857514492328
"2590001","2600000",2595000.5,"Fst",0.397547350466371,0,0.0303098712243927,0.0794354384779917
"2591001","2601000",2596000.5,"Fst",0.38817825741598,0,0.0301580672580033,0.076712285619793
"2592001","2602000",2597000.5,"Fst",0.403472999951307,0,0.038021400093045,0.105602158772707
"2593001","2603000",2598000.5,"Fst",0.416043472418195,0,0.0397494358939204,0.110374930697994
"2594001","2604000",2599000.5,"Fst",0.421979014262379,0,0.0405335088728455,0.112399097621981
"2595001","2605000",2600000.5,"Fst",0.432896785132723,0,0.0426140270250726,0.118914414190579
"2596001","2606000",2601000.5,"Fst",0.427562049480002,0,0.0455598377536574,0.118828395630522
"2597001","2607000",2602000.5,"Fst",0.421026520926631,0,0.0468685802640734,0.123778672920983
"2598001","2608000",2603000.5,"Fst",0.412466068239381,0,0.0479466693960839,0.121258131687717
"2599001","2609000",2604000.5,"Fst",0.389119508545789,0,0.0486091097794386,0.118690725043533
"2600001","2610000",2605000.5,"Fst",0.389119508545789,0,0.0486091097794386,0.118690725043533
"2601001","2611000",2606000.5,"Fst",0.388544028338317,0,0.0494441565163133,0.119472317439475
"2602001","2612000",2607000.5,"Fst",0.38709811947098,0,0.0429025144299902,0.109463802443207
"2603001","2613000",2608000.5,"Fst",0.386027467290885,0,0.0427767261438477,0.109153114689825
"2604001","2614000",2609000.5,"Fst",0.407351928686596,0,0.0433191366843555,0.113238305494131
"2605001","2615000",2610000.5,"Fst",0.400190902690811,0,0.0425069992715187,0.110134804290959
"2606001","2616000",2611000.5,"Fst",0.379559307327117,0,0.0379991144836402,0.102284069480111
"2607001","2617000",2612000.5,"Fst",0.379564485159744,0,0.0376797332843225,0.101203251890223
"2608001","2618000",2613000.5,"Fst",0.360635601079945,0,0.0373907621974411,0.094390911344965
"2609001","2619000",2614000.5,"Fst",0.40983725483131,0,0.0446091946050827,0.131250847931428
"2610001","2620000",2615000.5,"Fst",0.40160615937428,0,0.0439252941380483,0.128168545584976
"2611001","2621000",2616000.5,"Fst",0.403833681290329,0,0.0442731483916931,0.128643732284944
"2612001","2622000",2617000.5,"Fst",0.381652404983057,0,0.0365718212857312,0.123132338245536
"2613001","2623000",2618000.5,"Fst",0.419076025023838,0,0.0411144300800003,0.128065600115845
"2614001","2624000",2619000.5,"Fst",0.408177082873773,0,0.042140408663902,0.127749128711837
"2615001","2625000",2620000.5,"Fst",0.446542064539503,0,0.0460972096068769,0.144531100965268
"2616001","2626000",2621000.5,"Fst",0.489976112370413,0,0.0497774121852733,0.150970448213698
"2617001","2627000",2622000.5,"Fst",0.450896870772051,0,0.0468221923344079,0.150791497779844
"2618001","2628000",2623000.5,"Fst",0.443081141290378,0,0.0459936721018839,0.148697732737917
"2619001","2629000",2624000.5,"Fst",0.413147213794871,0,0.0401828475827003,0.123968309332802
"2620001","2630000",2625000.5,"Fst",0.403428232132254,0,0.0398285734037178,0.119579070343753
"2621001","2631000",2626000.5,"Fst",0.404889676478429,0,0.0399975332342967,0.12061628760088
"2622001","2632000",2627000.5,"Fst",0.398452830091632,0,0.0389790325774448,0.118201652152833
"2623001","2633000",2628000.5,"Fst",0.360987729712416,0,0.0347811723020036,0.112381041948259
"2624001","2634000",2629000.5,"Fst",0.312945421741092,0,0.0304974624470461,0.103758919612116
"2625001","2635000",2630000.5,"Fst",0.30306478318805,0,0.0293770611540692,0.101416168768115
"2626001","2636000",2631000.5,"Fst",0.303029434001616,0,0.0222739315886873,0.0783331182384173
"2627001","2637000",2632000.5,"Fst",0.465685521885522,0,0.0357821456371644,0.104995543056585
"2628001","2638000",2633000.5,"Fst",0.493696926719028,0,0.0388936051020875,0.113764712782131
"2629001","2639000",2634000.5,"Fst",0.493696926719028,0,0.0389355261990702,0.113764712782131
"2630001","2640000",2635000.5,"Fst",0.497907330996643,0,0.0382557638083773,0.117365002369602
"2631001","2641000",2636000.5,"Fst",0.504148642524616,0,0.0392167817394304,0.118748674743077
"2632001","2642000",2637000.5,"Fst",0.470613512741759,0,0.0380785057684085,0.111869368496731
"2633001","2643000",2638000.5,"Fst",0.476322822775112,0,0.0389478068971368,0.113817622753916
"2634001","2644000",2639000.5,"Fst",0.471531082091377,0,0.0386485301958678,0.111979907117809
"2635001","2645000",2640000.5,"Fst",0.436742020675539,0,0.0376412950356804,0.104283629496094
"2636001","2646000",2641000.5,"Fst",0.297832086800801,0,0.0353111349422826,0.0829293860277022
"2637001","2647000",2642000.5,"Fst",0.0499437443744374,0,0.0324895173777723,0.120834866258929
"2638001","2648000",2643000.5,"Fst",0.0605664034422418,0,0.0278372158705373,0.107542153519246
"2639001","2649000",2644000.5,"Fst",0.0570434814529301,0,0.0260104874097625,0.0996583664207163
"2640001","2650000",2645000.5,"Fst",0.0585494412818892,0,0.0267817220716482,0.10163994833502
"2641001","2651000",2646000.5,"Fst",0.0520671116054877,0,0.0278319471062697,0.106485833732972
"2642001","2652000",2647000.5,"Fst",0.0549664091526745,0,0.0230241427438987,0.0860332043842683
"2643001","2653000",2648000.5,"Fst",0.0656733755551615,0,0.0218693511137029,0.064396183097191
"2644001","2654000",2649000.5,"Fst",0.0638155870438923,0,0.0248894946563216,0.0792630529680679
"2645001","2655000",2650000.5,"Fst",0.0811195528774779,0,0.0256707675111525,0.0825365770340091
"2646001","2656000",2651000.5,"Fst",0.0738311369389233,0,0.0258658306535841,0.075716617169642
"2647001","2657000",2652000.5,"Fst",0.0756646915425543,0,0.0272243121674217,0.0784155827917681
"2648001","2658000",2653000.5,"Fst",0.0652532391048292,0,0.0272468190988515,0.0779061653637363
"2649001","2659000",2654000.5,"Fst",0.0826277173815835,0,0.0277581578263269,0.0715229836814498
"2650001","2660000",2655000.5,"Fst",0.0830997324076084,0,0.0285815804011917,0.0730029098823424
"2651001","2661000",2656000.5,"Fst",0.0874136439737321,0,0.0245105734918065,0.0580655680419516
"2652001","2662000",2657000.5,"Fst",0.0880174633967652,0,0.0246641646792298,0.0584245977039396
"2653001","2663000",2658000.5,"Fst",0.0835471938463046,0,0.0247817822397202,0.0796989167578988
"2654001","2664000",2659000.5,"Fst",0.0894283874902586,0,0.0212679922842326,0.0550244187604282
"2655001","2665000",2660000.5,"Fst",0.0667275190344757,0,0.0204701197381963,0.0438623269734382
"2656001","2666000",2661000.5,"Fst",0.0460730368230871,0,0.0214662331169098,0.0347595349994966
"2657001","2667000",2662000.5,"Fst",0.044472834017522,0,0.0200276650620335,0.0327192225863953
"2658001","2668000",2663000.5,"Fst",0.162646264626463,0,0.0261284881964282,0.0647760977649
"2659001","2669000",2664000.5,"Fst",0.15229582895198,0,0.0239582476162748,0.0689450935556734
"2660001","2670000",2665000.5,"Fst",0.153614990277532,0,0.0242529767803794,0.0696737919299869
"2661001","2671000",2666000.5,"Fst",0.169084017917052,0,0.0269552620903757,0.0807477626068773
"2662001","2672000",2667000.5,"Fst",0.163337116912599,0,0.026446069477345,0.0768658432161277
"2663001","2673000",2668000.5,"Fst",0.141657539247901,0,0.0249547133634976,0.0846174824099922
"2664001","2674000",2669000.5,"Fst",0.140953702785764,0,0.0247056168314383,0.0839600464832069
"2665001","2675000",2670000.5,"Fst",0.133608855438921,0,0.0241643466011286,0.0796072266773664
"2666001","2676000",2671000.5,"Fst",0.187610274770127,0,0.0275929345233025,0.10083552151925
"2667001","2677000",2672000.5,"Fst",0.184513599607939,0,0.0287287130194858,0.0935274956117336
"2668001","2678000",2673000.5,"Fst",0.0942189649698381,0,0.0222142395316034,0.0553782992175026
"2669001","2679000",2674000.5,"Fst",0.0966359691483138,0,0.0227773595828908,0.0566138856890428
"2670001","2680000",2675000.5,"Fst",0.119526122901219,0,0.0229959127582708,0.06200132017209
"2671001","2681000",2676000.5,"Fst",0.120388016138724,0,0.0231764259438638,0.0624056216757256
"2672001","2682000",2677000.5,"Fst",0.121758049430589,0,0.0234522800887252,0.0629826957371267
"2673001","2683000",2678000.5,"Fst",0.138261867624121,0,0.023690392906044,0.0757320566069456
"2674001","2684000",2679000.5,"Fst",0.138917861799218,0,0.0236538919044538,0.0760606322146854
"2675001","2685000",2680000.5,"Fst",0.144565178411332,0,0.0255779663941427,0.0793397888552595
"2676001","2686000",2681000.5,"Fst",0.143532525311141,0,0.0280726847179949,0.0819998088136888
"2677001","2687000",2682000.5,"Fst",0.14894064775616,0,0.0306542391539795,0.0811649246475451
"2678001","2688000",2683000.5,"Fst",0.16756154414691,0,0.0354163612152797,0.0937662505355707
"2679001","2689000",2684000.5,"Fst",0.147970536747595,0,0.0345760630001281,0.0821487288648912
"2680001","2690000",2685000.5,"Fst",0.154745085995086,0,0.0285695690232588,0.0672952933591231
"2681001","2691000",2686000.5,"Fst",0.150867269984917,0,0.0256918652457994,0.0605548781405711
"2682001","2692000",2687000.5,"Fst",0.15166793025019,0,0.025854340855804,0.0608936805360024
"2683001","2693000",2688000.5,"Fst",0.153639421606745,0,0.0260692176755323,0.0616206682521832
"2684001","2694000",2689000.5,"Fst",0.154642960672529,0,0.026018667279696,0.061737134879526
"2685001","2695000",2690000.5,"Fst",0.138957336347337,0,0.0246733943673367,0.0545538845427569
"2686001","2696000",2691000.5,"Fst",0.114643769973546,0,0.022428290978906,0.0504101365985096
"2687001","2697000",2692000.5,"Fst",0.158553554898623,0,0.0195792301513019,0.0472926341162507
"2688001","2698000",2693000.5,"Fst",0.152666708579572,0,0.0192332802020492,0.0450689400586449
"2689001","2699000",2694000.5,"Fst",0.178658107901574,0,0.018107285010243,0.0456586833112352
"2690001","2700000",2695000.5,"Fst",0.165265492066448,0,0.0189393101677185,0.0430740609941883
"2691001","2701000",2696000.5,"Fst",0.17204177242957,0,0.0224107224275857,0.0416102485309874
"2692001","2702000",2697000.5,"Fst",0.167533258579398,0,0.0202151021738228,0.0389672356920477
"2693001","2703000",2698000.5,"Fst",0.211811507657721,0,0.0203793370952003,0.0474353921786024
"2694001","2704000",2699000.5,"Fst",0.209456999563007,0,0.0198506539457172,0.0473820086114226
"2695001","2705000",2700000.5,"Fst",0.235927210380704,0,0.0226158603027322,0.054170007369064
"2696001","2706000",2701000.5,"Fst",0.201278176864008,0,0.0217713226647329,0.0444959358007995
"2697001","2707000",2702000.5,"Fst",0.175647796979332,0,0.0233770891899816,0.0520799395930195
"2698001","2708000",2703000.5,"Fst",0.181135567453235,0,0.0240974345481164,0.0541823483985674
"2699001","2709000",2704000.5,"Fst",0.158751660265463,0,0.022840549313499,0.0472801682782936
"2700001","2710000",2705000.5,"Fst",0.223632446347128,0,0.0223503381658877,0.0565708583650479
"2701001","2711000",2706000.5,"Fst",0.225160798054171,0,0.0239558823882578,0.0622920870412494
"2702001","2712000",2707000.5,"Fst",0.221317053006455,0,0.0268029360861616,0.0581696957812263
"2703001","2713000",2708000.5,"Fst",0.174251897607179,0,0.0467596115677658,0.0895648587484497
"2704001","2714000",2709000.5,"Fst",0.18883511387788,0,0.044574969202193,0.0838340205961978
"2705001","2715000",2710000.5,"Fst",0.186203985215989,0,0.0447906390239836,0.0861762917933131
"2706001","2716000",2711000.5,"Fst",0.203484017739606,0,0.0505832555395748,0.106126718591935
"2707001","2717000",2712000.5,"Fst",0.197757059856776,0,0.0492046765894165,0.103112228154231
"2708001","2718000",2713000.5,"Fst",0.19536166033628,0,0.0487803806285406,0.100801574842517
"2709001","2719000",2714000.5,"Fst",0.183142913250212,0,0.0452996947485663,0.0909667181952201
"2710001","2720000",2715000.5,"Fst",0.152898914250905,0,0.0418569966721683,0.0804080308809473
"2711001","2721000",2716000.5,"Fst",0.156957070133957,0,0.0397591464420309,0.0747875216868673
"2712001","2722000",2717000.5,"Fst",0.150678311473235,0,0.0348230843673823,0.0625491704400426
"2713001","2723000",2718000.5,"Fst",0.136169334891113,0,0.0235506079184517,0.0602647055642126
"2714001","2724000",2719000.5,"Fst",0.106552240485402,0,0.0220922009308382,0.0551099136611354
"2715001","2725000",2720000.5,"Fst",0.103796342999809,0,0.0224151590569264,0.0580254398000107
"2716001","2726000",2721000.5,"Fst",0.0872133653031503,0,0.0213419572800059,0.0486655337116505
"2717001","2727000",2722000.5,"Fst",0.0885321939624892,0,0.0219276466334451,0.0511554342392103
"2718001","2728000",2723000.5,"Fst",0.084320860868012,0,0.0234618229054195,0.0493287740628167
"2719001","2729000",2724000.5,"Fst",0.103086012143028,0,0.0236956537830666,0.0470265546451162
"2720001","2730000",2725000.5,"Fst",0.070852961812168,0,0.0238201411156938,0.0458821368713874
"2721001","2731000",2726000.5,"Fst",0.0497057274968851,0,0.0272973940157484,0.0526783749193991
"2722001","2732000",2727000.5,"Fst",0.0506172571965182,0,0.0267252266398621,0.049277246505921
"2723001","2733000",2728000.5,"Fst",0.0527409566189296,0,0.0270292976326098,0.0497703799041292
"2724001","2734000",2729000.5,"Fst",0.0564755804078929,0,0.0258274679731223,0.0465310610823949
"2725001","2735000",2730000.5,"Fst",0.0580913598195002,0,0.0270895173424355,0.0486179334627506
"2726001","2736000",2731000.5,"Fst",0.0640481076940026,0,0.0320797421161379,0.0699074320302905
"2727001","2737000",2732000.5,"Fst",0.100379039156956,0,0.0308131711114592,0.0656531722601151
"2728001","2738000",2733000.5,"Fst",0.143784434378163,0,0.0335186352144882,0.0694763105591253
"2729001","2739000",2734000.5,"Fst",0.166365160222919,0,0.0387312096818848,0.085937079973561
"2730001","2740000",2735000.5,"Fst",0.169580238402987,0,0.0415158881079303,0.09375608168118
"2731001","2741000",2736000.5,"Fst",0.17272954051401,0,0.0408063331813661,0.0913351266830206
"2732001","2742000",2737000.5,"Fst",0.192367446087169,0,0.0449109507634691,0.0986889502564976
"2733001","2743000",2738000.5,"Fst",0.192796077485733,0,0.0433943728816887,0.0956698421079305
"2734001","2744000",2739000.5,"Fst",0.188304196900347,0,0.0418964893216292,0.0870194337670619
"2735001","2745000",2740000.5,"Fst",0.190196276937821,0,0.0419766590393035,0.0886159308339064
"2736001","2746000",2741000.5,"Fst",0.180367438386856,0,0.0438213474854138,0.0986247968219924
"2737001","2747000",2742000.5,"Fst",0.166623618883628,0,0.0435192789882671,0.0961642243959692
"2738001","2748000",2743000.5,"Fst",0.151650276121668,0,0.038634120029307,0.0926558180416496
"2739001","2749000",2744000.5,"Fst",0.119519693128596,0,0.0372644490134385,0.0849200091728325
"2740001","2750000",2745000.5,"Fst",0.107054817841335,0,0.0346761222349085,0.087477451770982
"2741001","2751000",2746000.5,"Fst",0.0972564938347865,0,0.0344871230938739,0.0944707958574793
"2742001","2752000",2747000.5,"Fst",0.0671430376916421,0,0.0340819698861374,0.0906230333543109
"2743001","2753000",2748000.5,"Fst",0.0975289157928872,0,0.0318571573558545,0.0848366199462787
"2744001","2754000",2749000.5,"Fst",0.0811808345480618,0,0.0327226219108783,0.0750683496226446
"2745001","2755000",2750000.5,"Fst",0.079084962711737,0,0.0318754589390231,0.0752759872564274
"2746001","2756000",2751000.5,"Fst",0.106044222193728,0,0.020914852005248,0.0588104918453376
"2747001","2757000",2752000.5,"Fst",0.112431683473174,0,0.019854586718573,0.0570468957750465
"2748001","2758000",2753000.5,"Fst",0.113095053095053,0,0.0209990955256195,0.0595242063909283
"2749001","2759000",2754000.5,"Fst",0.11767577543609,0,0.0236644991350981,0.066081666081666
"2750001","2760000",2755000.5,"Fst",0.173502093459743,0,0.0313996324660354,0.0793370099084659
"2751001","2761000",2756000.5,"Fst",0.185047003075172,0,0.0345343504853859,0.0916292331280092
"2752001","2762000",2757000.5,"Fst",0.193293939188118,0,0.0340311598855358,0.0924931227996439
"2753001","2763000",2758000.5,"Fst",0.166032853285329,0,0.0345153238213306,0.0990814843371853
"2754001","2764000",2759000.5,"Fst",0.166189424233103,0,0.0345304178787181,0.0977596195423307
"2755001","2765000",2760000.5,"Fst",0.169454659482882,0,0.0355466499895339,0.0991387804832439
"2756001","2766000",2761000.5,"Fst",0.179344336375722,0,0.037473256715064,0.108024015871523
"2757001","2767000",2762000.5,"Fst",0.186978654209213,0,0.039378130271763,0.11378432725873
"2758001","2768000",2763000.5,"Fst",0.196019013666072,0,0.0422769064262986,0.122100172568795
"2759001","2769000",2764000.5,"Fst",0.204055444810162,0,0.044153034646428,0.126758220671852
"2760001","2770000",2765000.5,"Fst",0.12693475396689,0,0.0296866480552122,0.091398252184769
"2761001","2771000",2766000.5,"Fst",0.0909463252563439,0,0.0259106707531065,0.0805707423889243
"2762001","2772000",2767000.5,"Fst",0.0341391072223047,0,0.0182425288625561,0.0425355313065984
"2763001","2773000",2768000.5,"Fst",0.0331273258904837,0,0.0205006170300287,0.0472505232792965
"2764001","2774000",2769000.5,"Fst",0.0268783971011404,0,0.0244728539211212,0.0474444870348276
"2765001","2775000",2770000.5,"Fst",0.0250897129186604,0,0.030776022368116,0.0509142454084262
"2766001","2776000",2771000.5,"Fst",0.020588944335961,0,0.0328228489112421,0.0519926641343167
"2767001","2777000",2772000.5,"Fst",0.0204183850337696,0,0.0325640987506019,0.0514527811023268
"2768001","2778000",2773000.5,"Fst",0.0170657002196957,0,0.0309666014096129,0.0591453265044816
"2769001","2779000",2774000.5,"Fst",0.014670522942234,0,0.0274151876952088,0.0557671577434422
"2770001","2780000",2775000.5,"Fst",0.00401113198897129,0,0.0326785381209184,0.0677295245448112
"2771001","2781000",2776000.5,"Fst",0.0501758049951824,0,0.0277811735974564,0.0509178936809404
"2772001","2782000",2777000.5,"Fst",0.052030745872082,0,0.02940005343239,0.0529323614099311
"2773001","2783000",2778000.5,"Fst",0.0498632662739728,0,0.025432683378201,0.0450283456683218
"2774001","2784000",2779000.5,"Fst",0.0550905484902994,0,0.0226884179843419,0.0390703147984702
"2775001","2785000",2780000.5,"Fst",0.0609797554521172,0,0.0235574397514414,0.0372382893027799
"2776001","2786000",2781000.5,"Fst",0.0646930399091784,0,0.0229409580594669,0.0382545133240959
"2777001","2787000",2782000.5,"Fst",0.0652149180502721,0,0.0194486261182252,0.0392850106945851
"2778001","2788000",2783000.5,"Fst",0.0695708765507423,0,0.0197211981196703,0.0410458408287326
"2779001","2789000",2784000.5,"Fst",0.0723941108743048,0,0.0192908783798902,0.0437498408710928
"2780001","2790000",2785000.5,"Fst",0.0726951114922813,0,0.0196084199090198,0.0423722926883483
"2781001","2791000",2786000.5,"Fst",0.0552631159635051,0,0.0208256153316648,0.0474198021162696
"2782001","2792000",2787000.5,"Fst",0.0539912637107747,0,0.0203700378857631,0.0463714539774182
"2783001","2793000",2788000.5,"Fst",0.0543676422498366,0,0.0201229749683291,0.0512435331363149
"2784001","2794000",2789000.5,"Fst",0.0522220622598257,0,0.0195577800181467,0.054640458006911
"2785001","2795000",2790000.5,"Fst",0.0460462005453517,0,0.0201524719755642,0.0538618418754149
"2786001","2796000",2791000.5,"Fst",0.0477232812849252,0,0.0216084014963679,0.0581018822285984
"2787001","2797000",2792000.5,"Fst",0.0397840663279223,0,0.0152863533473419,0.0274048758259285
"2788001","2798000",2793000.5,"Fst",0.0398424496537705,0,0.0153093320544053,0.0273637273637274
"2789001","2799000",2794000.5,"Fst",0.0611276882611675,0,0.0299406927012996,0.0681407374699239
"2790001","2800000",2795000.5,"Fst",0.0621438008779782,0,0.0292638422828418,0.0646462943745292
"2791001","2801000",2796000.5,"Fst",0.025837895547031,0,0.0355609001777591,0.0833626371514767
"2792001","2802000",2797000.5,"Fst",0.0268570886776519,0,0.036111522271737,0.0815176822615943
"2793001","2803000",2798000.5,"Fst",0.0274718459278601,0,0.0354873304912088,0.0805941589232131
"2794001","2804000",2799000.5,"Fst",0.044616525080034,0,0.0351574795374548,0.0768184014921858
"2795001","2805000",2800000.5,"Fst",0.0468324769481385,0,0.0368827527991136,0.0832122410207699
"2796001","2806000",2801000.5,"Fst",0.039083660623812,0,0.0327390717518184,0.0751251357344901
"2797001","2807000",2802000.5,"Fst",0.0345933125807339,0,0.0352226962470161,0.0993912263436132
"2798001","2808000",2803000.5,"Fst",0.0346781298094784,0,0.0353063876066601,0.0996625139891424
"2799001","2809000",2804000.5,"Fst",0.0247588889830269,0,0.0391436597102607,0.1065554071782
"2800001","2810000",2805000.5,"Fst",0.0223705071380111,0,0.0396408205854586,0.108815171325276
"2801001","2811000",2806000.5,"Fst",0.0361567967646583,0,0.0481076734964472,0.122943465923008
"2802001","2812000",2807000.5,"Fst",0.0369675998741742,0,0.0552986176199777,0.134373656682569
"2803001","2813000",2808000.5,"Fst",0.0364526636029017,0,0.0563870883610725,0.136898134084301
"2804001","2814000",2809000.5,"Fst",0.00843080223611192,0,0.057102989879607,0.141593139519488
"2805001","2815000",2810000.5,"Fst",0.00785362037887294,0,0.0567002730135748,0.140354696721535
"2806001","2816000",2811000.5,"Fst",0.0121025238509048,0,0.0493094468934386,0.137662498781536
"2807001","2817000",2812000.5,"Fst",0.0010058422476974,0,0.0175663667507411,0.0350813248895167
"2808001","2818000",2813000.5,"Fst",0,0,0.040056078318439,0.0864278678829968
"2809001","2819000",2814000.5,"Fst",0,0,0.0370477627413721,0.0827775923804712
"2810001","2820000",2815000.5,"Fst",0,0,0.0374212308967235,0.0822179602181696
"2811001","2821000",2816000.5,"Fst",0,0,0.0424517460757141,0.0936873299460452
"2812001","2822000",2817000.5,"Fst",0,0,0.0375157532971165,0.0853775697958972
"2813001","2823000",2818000.5,"Fst",0.00134607881388993,0,0.0372770470770752,0.086451276229538
"2814001","2824000",2819000.5,"Fst",0.00187413624566024,0,0.0384781029548979,0.0893687003856607
"2815001","2825000",2820000.5,"Fst",0.00224620410257914,0,0.0397215074095871,0.0918371843363115
"2816001","2826000",2821000.5,"Fst",0.00114414607509938,0,0.0409156241532508,0.0939559937824936
"2817001","2827000",2822000.5,"Fst",0.00140609240461687,0,0.0396186716658863,0.0920509022974254
"2818001","2828000",2823000.5,"Fst",0.0272003548582901,0,0.0135881810457208,0.0252283313572611
"2819001","2829000",2824000.5,"Fst",0.0255061250805931,0,0.011550477451111,0.0192457503095801
"2820001","2830000",2825000.5,"Fst",0.0784087318684477,0,0.0150777231675614,0.0464981349351343
"2821001","2831000",2826000.5,"Fst",0.07644094284314,0,0.0151788311846102,0.0456180020159643
"2822001","2832000",2827000.5,"Fst",0.0847247990105133,0,0.0173538052098512,0.0497229700390796
"2823001","2833000",2828000.5,"Fst",0.0849237018023861,0,0.0178786055973531,0.0402486981172172
"2824001","2834000",2829000.5,"Fst",0.0839777081156391,0,0.0182283331500342,0.0370424872254163
"2825001","2835000",2830000.5,"Fst",0.0799321763415121,0,0.0174433137684693,0.0334090125711094
"2826001","2836000",2831000.5,"Fst",0.0774973406827193,0,0.0168375862854427,0.0325250149757061
"2827001","2837000",2832000.5,"Fst",0.078022166264111,0,0.0157618606176013,0.0311143906720761
"2828001","2838000",2833000.5,"Fst",0.133635918657945,0,0.0168404038522488,0.0320852384286909
"2829001","2839000",2834000.5,"Fst",0.127799736495389,0,0.0235109488969355,0.0505663725078208
"2830001","2840000",2835000.5,"Fst",0.118454689070803,0,0.0320009739822386,0.0628586300866528
"2831001","2841000",2836000.5,"Fst",0.116268873095011,0,0.0313828578907159,0.0621488150802493
"2832001","2842000",2837000.5,"Fst",0.142944266420848,0,0.0387896957449268,0.0852464443510702
"2833001","2843000",2838000.5,"Fst",0.146244142375552,0,0.0391988054220872,0.0887512248966582
"2834001","2844000",2839000.5,"Fst",0.147832765896081,0,0.0396446530861158,0.0896625648891791
"2835001","2845000",2840000.5,"Fst",0.146392810834174,0,0.0385024807269368,0.0853430664208481
"2836001","2846000",2841000.5,"Fst",0.170702117803358,0,0.0296919404812284,0.0802319055701776
"2837001","2847000",2842000.5,"Fst",0.186096898240864,0,0.0337728759787985,0.0845061140512671
"2838001","2848000",2843000.5,"Fst",0.175514184397163,0,0.034256696847964,0.0877414925958615
"2839001","2849000",2844000.5,"Fst",0.180851401039686,0,0.0370931724669087,0.0967734294367459
"2840001","2850000",2845000.5,"Fst",0.183176650095979,0,0.0388814353278638,0.0995996576382562
"2841001","2851000",2846000.5,"Fst",0.178683666811657,0,0.0383602800333434,0.0965943473614773
"2842001","2852000",2847000.5,"Fst",0.181320434347999,0,0.0388099762885664,0.0745723990057113
"2843001","2853000",2848000.5,"Fst",0.183377019624159,0,0.0396053168191119,0.0753368820941537
"2844001","2854000",2849000.5,"Fst",0.156785091967966,0,0.0341730693779982,0.064907299253899
"2845001","2855000",2850000.5,"Fst",0.15827732637844,0,0.0345780127328293,0.0668059909439219
"2846001","2856000",2851000.5,"Fst",0.106687792962303,0,0.0224617145574297,0.0629201279830921
"2847001","2857000",2852000.5,"Fst",0.0110676299418021,0,0.0181517060722717,0.0460127591706538
"2848001","2858000",2853000.5,"Fst",0.00655747287691744,0,0.0193205733379153,0.0507738531949832
"2849001","2859000",2854000.5,"Fst",0.00913946025317658,0,0.0190003122385565,0.0509537925880914
"2850001","2860000",2855000.5,"Fst",0.0607302086610044,0,0.025245876653719,0.0586271715106071
"2851001","2861000",2856000.5,"Fst",0.0855999894986249,0,0.0246811292022547,0.0607730104327274
"2852001","2862000",2857000.5,"Fst",0.107175259677669,0,0.033083346511474,0.0706596488357399
"2853001","2863000",2858000.5,"Fst",0.106478409759752,0,0.0329722764935694,0.069969171509694
"2854001","2864000",2859000.5,"Fst",0.104038511920356,0,0.0358654732627229,0.0678067368588765
"2855001","2865000",2860000.5,"Fst",0.0985234849005555,0,0.0347301234653581,0.0639101556558332
"2856001","2866000",2861000.5,"Fst",0.0863785526949145,0,0.0302447266806104,0.0621544989086755
"2857001","2867000",2862000.5,"Fst",0.109614553323445,0,0.0286087329132768,0.0739792929074472
"2858001","2868000",2863000.5,"Fst",0.134172091663204,0,0.0299760170560332,0.0954520294274529
"2859001","2869000",2864000.5,"Fst",0.127571062464542,0,0.029394095424216,0.0912691072192222
"2860001","2870000",2865000.5,"Fst",0.115935611826023,0,0.029887885755605,0.0828288809340817
"2861001","2871000",2866000.5,"Fst",0.0965411523666632,0,0.0273064178011509,0.0712431079249811
"2862001","2872000",2867000.5,"Fst",0.0841903405921878,0,0.0275894750011685,0.0639814613391507
"2863001","2873000",2868000.5,"Fst",0.0831936615252102,0,0.0273415176579649,0.0614756258234519
"2864001","2874000",2869000.5,"Fst",0.0690816313381871,0,0.0272260951706758,0.0502084117853294
"2865001","2875000",2870000.5,"Fst",0.070817543666144,0,0.0282017541090444,0.051264266180251
"2866001","2876000",2871000.5,"Fst",0.0756021302820996,0,0.0288404795043319,0.0552081304805528
"2867001","2877000",2872000.5,"Fst",0.0520050699819313,0,0.0303587799330251,0.049564949753813
"2868001","2878000",2873000.5,"Fst",0.0134580386995553,0,0.0329202203957106,0.0578583256941599
"2869001","2879000",2874000.5,"Fst",0.0021991154092027,0,0.0364015680573588,0.068151550331684
"2870001","2880000",2875000.5,"Fst",0.000705428949213993,0,0.0355090053841808,0.0698553464074362
"2871001","2881000",2876000.5,"Fst",0.0189226387455455,0,0.0311223755221233,0.0629567713697663
"2872001","2882000",2877000.5,"Fst",0.0179011162992512,0,0.0289535251396984,0.0619410319833241
"2873001","2883000",2878000.5,"Fst",0.0160579949366184,0,0.0295013815762759,0.060583516871958
"2874001","2884000",2879000.5,"Fst",0.0406510781001528,0,0.0253900432964078,0.0462531050603853
"2875001","2885000",2880000.5,"Fst",0.0336834859776215,0,0.0242929140829793,0.0586084360182898
"2876001","2886000",2881000.5,"Fst",0.0320657513119108,0,0.0244710773634039,0.0578108168054789
"2877001","2887000",2882000.5,"Fst",0.0295351515450285,0,0.0255620676275197,0.0616921643022705
"2878001","2888000",2883000.5,"Fst",0.0315576882260399,0,0.0255904008917137,0.0661715471306643
"2879001","2889000",2884000.5,"Fst",0.032957388643552,0,0.0251384108723276,0.064478394594867
"2880001","2890000",2885000.5,"Fst",0.0355485784057211,0,0.0256290095210258,0.0644469202185499
"2881001","2891000",2886000.5,"Fst",0.0307070969622142,0,0.0248448109120788,0.0570111941313377
"2882001","2892000",2887000.5,"Fst",0.0334093031456726,0,0.0241304835812664,0.0525968163459254
"2883001","2893000",2888000.5,"Fst",0.0325586664122867,0,0.0228282590696805,0.0517574644311806
"2884001","2894000",2889000.5,"Fst",0.0337364527998594,0,0.020702338217628,0.0425349077998129
"2885001","2895000",2890000.5,"Fst",0.0400638857839891,0,0.0218725059406304,0.0461821895146611
"2886001","2896000",2891000.5,"Fst",0.0420344250852726,0,0.0232914522815155,0.0515514687708487
"2887001","2897000",2892000.5,"Fst",0.0420118745230851,0,0.0234913521470493,0.0516922484510475
"2888001","2898000",2893000.5,"Fst",0.0417476328980755,0,0.024125341586264,0.0484091188979934
"2889001","2899000",2894000.5,"Fst",0.0490794693681541,0,0.0257576920283262,0.0479853949396892
"2890001","2900000",2895000.5,"Fst",0.0463389795888592,0,0.0244969954619858,0.0475087650815338
"2891001","2901000",2896000.5,"Fst",0.0543048681160326,0,0.0251713550374132,0.0461839363192239
"2892001","2902000",2897000.5,"Fst",0.0539923006964255,0,0.0250202624732379,0.0457775125186776
"2893001","2903000",2898000.5,"Fst",0.0579840502780208,0,0.019019277053029,0.0357286442913115
"2894001","2904000",2899000.5,"Fst",0.0455237852999568,0,0.0208747179356267,0.0329862693305123
"2895001","2905000",2900000.5,"Fst",0.0416897313813613,0,0.0227891121576004,0.0427787384407188
"2896001","2906000",2901000.5,"Fst",0.0398068962003387,0,0.0235865675261206,0.042900695697301
"2897001","2907000",2902000.5,"Fst",0.0371058873697397,0,0.0214075569750319,0.0420987679434759
"2898001","2908000",2903000.5,"Fst",0.0354974799327982,0,0.0206177813545853,0.0428115299334811
"2899001","2909000",2904000.5,"Fst",0.0310608461188346,0,0.020544346697375,0.0467501670320986
"2900001","2910000",2905000.5,"Fst",0.0324768180327379,0,0.0214012541670356,0.0487488661818106
"2901001","2911000",2906000.5,"Fst",0.0245894644446342,0,0.0223559420920183,0.0488970624634912
"2902001","2912000",2907000.5,"Fst",0.0209441943677988,0,0.0211929784451918,0.0424875714389789
"2903001","2913000",2908000.5,"Fst",0.0156809657112872,0,0.0207801271780801,0.0370039598955263
"2904001","2914000",2909000.5,"Fst",0.0167559773314107,0,0.0214095818012961,0.0409462597609352
"2905001","2915000",2910000.5,"Fst",0.0160897597166521,0,0.0253933026786718,0.0460573256243081
"2906001","2916000",2911000.5,"Fst",0.0157020224065181,0,0.0290282095439756,0.0595163002217177
"2907001","2917000",2912000.5,"Fst",0.0142941120928859,0,0.0295321701764548,0.0744652999686207
"2908001","2918000",2913000.5,"Fst",0.0104826675849403,0,0.0334725726870408,0.0879253291444956
"2909001","2919000",2914000.5,"Fst",0.00621200186857873,0,0.0394583949031424,0.100678714293996
"2910001","2920000",2915000.5,"Fst",0.00606860070419502,0,0.0386086174618528,0.0982361931429623
"2911001","2921000",2916000.5,"Fst",0.00383780042483117,0,0.0365712400108792,0.0895705556009042
"2912001","2922000",2917000.5,"Fst",0.00202326293235366,0,0.0496484293139413,0.102553067343126
"2913001","2923000",2918000.5,"Fst",0.00457220527206215,0,0.0455986843528851,0.0964123196935888
"2914001","2924000",2919000.5,"Fst",0.00307549289228004,0,0.0407140270041384,0.0884499869696542
"2915001","2925000",2920000.5,"Fst",0.00218533625908124,0,0.0363036024444049,0.0906919760553333
"2916001","2926000",2921000.5,"Fst",0,0,0.0313832746572897,0.0954600153156109
"2917001","2927000",2922000.5,"Fst",0.00102459338414385,0,0.0278044093795998,0.0894977871454433
"2918001","2928000",2923000.5,"Fst",0.0233307972281055,0,0.0302332163876948,0.0586487103094721
"2919001","2929000",2924000.5,"Fst",0.0192369399776118,0,0.0304213546498316,0.0643874079757554
"2920001","2930000",2925000.5,"Fst",0.0196455776048751,0,0.0300632176888803,0.064793138105269
"2921001","2931000",2926000.5,"Fst",0.0206653120336565,0,0.0294622296745939,0.063153303068
"2922001","2932000",2927000.5,"Fst",0.0266086846914981,0,0.0299375687960504,0.0669697813244255
"2923001","2933000",2928000.5,"Fst",0.025364673567954,0,0.029873968962642,0.067659717571123
"2924001","2934000",2929000.5,"Fst",0.0349593439545373,0,0.0272603160216898,0.055257335257335
"2925001","2935000",2930000.5,"Fst",0.0315885472916216,0,0.0260825188367064,0.0525151428497153
"2926001","2936000",2931000.5,"Fst",0.0268098369226439,0,0.0280414612825133,0.0472956080506738
"2927001","2937000",2932000.5,"Fst",0.0147415453598158,0,0.0284754612043143,0.0631077829626157
"2928001","2938000",2933000.5,"Fst",0.00746586984529096,0,0.0314922754709928,0.0758538076264927
"2929001","2939000",2934000.5,"Fst",0.00683017696367594,0,0.0324385868064935,0.0688300206690838
"2930001","2940000",2935000.5,"Fst",0.0100340759998975,0,0.0318638812488228,0.0678756053573336
"2931001","2941000",2936000.5,"Fst",0.0096677525602491,0,0.0320925327397405,0.0676155169744296
"2932001","2942000",2937000.5,"Fst",0.00811159662273364,0,0.031246675259656,0.0672263373065346
"2933001","2943000",2938000.5,"Fst",0.0081206695621604,0,0.0301502012866693,0.0626689252776208
"2934001","2944000",2939000.5,"Fst",0,0,0.0324295735086264,0.0572157906807464
"2935001","2945000",2940000.5,"Fst",0.00506684614170216,0,0.0295642488385983,0.0553212817672868
"2936001","2946000",2941000.5,"Fst",0.00241129154651676,0,0.0321305123528093,0.0699435276448023
"2937001","2947000",2942000.5,"Fst",0.00618131216496132,0,0.0350120254630261,0.08216776532221
"2938001","2948000",2943000.5,"Fst",0.0130234415803866,0,0.0336877027055821,0.0771978449449566
"2939001","2949000",2944000.5,"Fst",0.0368677245857373,0,0.030113869266205,0.0596169499277622
"2940001","2950000",2945000.5,"Fst",0.0345166113176592,0,0.0296409570492735,0.0588894653120364
"2941001","2951000",2946000.5,"Fst",0.0339386031676996,0,0.0297345470476874,0.0585200855620008
"2942001","2952000",2947000.5,"Fst",0.0339559283199048,0,0.028495937793858,0.0564763438935625
"2943001","2953000",2948000.5,"Fst",0.0374351568884261,0,0.0274347729618075,0.0535749962076307
"2944001","2954000",2949000.5,"Fst",0.0441860290247389,0,0.0254865495420836,0.0578009620562813
"2945001","2955000",2950000.5,"Fst",0.0356741161567334,0,0.0236038385373862,0.067512091978327
"2946001","2956000",2951000.5,"Fst",0.0465330606216523,0,0.022665056844445,0.0865291758002473
"2947001","2957000",2952000.5,"Fst",0.0490896358543418,0,0.0234762103082213,0.0930419263703706
"2948001","2958000",2953000.5,"Fst",0.0428433684480303,0,0.0243458173633476,0.0912417147176889
"2949001","2959000",2954000.5,"Fst",0.0108549128213278,0,0.0213853500122781,0.0503823310788434
"2950001","2960000",2955000.5,"Fst",0.011156063250304,0,0.0214275416371918,0.0485954569419711
"2951001","2961000",2956000.5,"Fst",0.0102157115495254,0,0.0208745266885972,0.0461104875919691
"2952001","2962000",2957000.5,"Fst",0.00990163061057525,0,0.0200036152243733,0.0426732109830701
"2953001","2963000",2958000.5,"Fst",0.00723044566704512,0,0.0203746298206133,0.0435922125812674
"2954001","2964000",2959000.5,"Fst",0.00800175185624374,0,0.0214428556200558,0.040127838052298
"2955001","2965000",2960000.5,"Fst",0.013040780758052,0,0.0230423538129821,0.0447265145151894
"2956001","2966000",2961000.5,"Fst",0.0169629803335737,0,0.0251046984881074,0.0491517938326448
"2957001","2967000",2962000.5,"Fst",0.016479419889895,0,0.0244641300038889,0.0487512820556433
"2958001","2968000",2963000.5,"Fst",0.0155967255493322,0,0.0299411984697336,0.0608916994133124
"2959001","2969000",2964000.5,"Fst",0.0158332877602981,0,0.0348731229762449,0.072193309220792
"2960001","2970000",2965000.5,"Fst",0.0156964042460226,0,0.0391861252292637,0.0823322340621564
"2961001","2971000",2966000.5,"Fst",0.0192459179740744,0,0.0459657929011225,0.0902154593141717
"2962001","2972000",2967000.5,"Fst",0.0251329551626686,0,0.0498745074508071,0.0904302125562941
"2963001","2973000",2968000.5,"Fst",0.0230457069005254,0,0.050180964682856,0.0912994448299792
"2964001","2974000",2969000.5,"Fst",0.0316529691223167,0,0.0361958639829853,0.0674283902655046
"2965001","2975000",2970000.5,"Fst",0.0341483771396066,0,0.0364662348379369,0.0662602625893303
"2966001","2976000",2971000.5,"Fst",0.0341623106495628,0,0.0362557532959419,0.066113333863261
"2967001","2977000",2972000.5,"Fst",0.0347184344408066,0,0.0365289311050451,0.0663421982733647
"2968001","2978000",2973000.5,"Fst",0.0379499826294596,0,0.0334268160553528,0.063495331071725
"2969001","2979000",2974000.5,"Fst",0.0391026202786785,0,0.0291725975889881,0.0566367128614742
"2970001","2980000",2975000.5,"Fst",0.0401490778731335,0,0.0279856035222859,0.0538958706444671
"2971001","2981000",2976000.5,"Fst",0.0426547848640021,0,0.0286434662381037,0.0543947933798069
"2972001","2982000",2977000.5,"Fst",0.0357888346379396,0,0.0244230710427809,0.0550904659798931
"2973001","2983000",2978000.5,"Fst",0.032234632483466,0,0.0232186532052976,0.0518466189563103
"2974001","2984000",2979000.5,"Fst",0.0146757985521668,0,0.0225336783098442,0.0371930468113085
"2975001","2985000",2980000.5,"Fst",0.00551629871001591,0,0.0258638540509951,0.0419817946622014
"2976001","2986000",2981000.5,"Fst",0.00335868043733212,0,0.0289930454743055,0.0624101862899644
"2977001","2987000",2982000.5,"Fst",0.00889170941526973,0,0.0257508080978313,0.0518394619612347
"2978001","2988000",2983000.5,"Fst",0.00637273544217853,0,0.0257315049151418,0.0556106466459289
"2979001","2989000",2984000.5,"Fst",0.00317554731736103,0,0.0275058995558881,0.0637572435530964
"2980001","2990000",2985000.5,"Fst",0.00303520454487105,0,0.0279871140242216,0.0646582965749187
"2981001","2991000",2986000.5,"Fst",0.00303848103986892,0,0.0279924027465443,0.0647013001715174
"2982001","2992000",2987000.5,"Fst",0.0681284549783078,0,0.0335014201700461,0.0808882620665511
"2983001","2993000",2988000.5,"Fst",0.064816263543129,0,0.0271150013145738,0.0635137792403081
"2984001","2994000",2989000.5,"Fst",0.077531806615776,0,0.0269308205397742,0.0670041491469525
"2985001","2995000",2990000.5,"Fst",0.0788977438545291,0,0.0251410183758742,0.0580598933744946
"2986001","2996000",2991000.5,"Fst",0.0887765119502827,0,0.0269918311225931,0.0667604526097019
"2987001","2997000",2992000.5,"Fst",0.092812673605061,0,0.0283151633456261,0.0670449369238856
"2988001","2998000",2993000.5,"Fst",0.0979967937675986,0,0.0286187349772281,0.0698468231765202
"2989001","2999000",2994000.5,"Fst",0.105143921021043,0,0.0301090896298468,0.0744360737035324
"2990001","3e+06",2995000.5,"Fst",0.105804418099827,0,0.0289947984129705,0.0744563799089656
"2991001","3001000",2996000.5,"Fst",0.105412057573886,0,0.0287113473780596,0.0739990363226994
"2992001","3002000",2997000.5,"Fst",0.0917009194354622,0,0.0299166973240737,0.0848839175125367
"2993001","3003000",2998000.5,"Fst",0.0996642197121788,0,0.0359266699132876,0.0918325680028398
"2994001","3004000",2999000.5,"Fst",0.088517973981188,0,0.0353892973998727,0.0846911091035236
"2995001","3005000",3000000.5,"Fst",0.0856071579871477,0,0.0292285525186763,0.0768481557500704
"2996001","3006000",3001000.5,"Fst",0.0683911590016553,0,0.0253281249689432,0.0513878556431748
"2997001","3007000",3002000.5,"Fst",0.0654804949156252,0,0.0252851876969524,0.0518001760786722
"2998001","3008000",3003000.5,"Fst",0.052618839034722,0,0.0224634867138566,0.0442199185061014
"2999001","3009000",3004000.5,"Fst",0.0524199339365218,0,0.0225655896403739,0.0439950736550325
"3000001","3010000",3005000.5,"Fst",0.0443877224768198,0,0.0231050941626264,0.0436640689551167
"3001001","3011000",3006000.5,"Fst",0.0441909590198565,0,0.0229322942177518,0.0437556364608036
"3002001","3012000",3007000.5,"Fst",0.0364058776969862,0,0.0234877948115581,0.0443120793963701
"3003001","3013000",3008000.5,"Fst",0.0339365284046135,0,0.0224581161101844,0.0407592605909479
"3004001","3014000",3009000.5,"Fst",0.0337281985092883,0,0.0209467142827678,0.0365283635370759
"3005001","3015000",3010000.5,"Fst",0.0338897555065961,0,0.0201943329260812,0.035560579148501
"3006001","3016000",3011000.5,"Fst",0.029299165076542,0,0.0200660741405334,0.0328742314657808
"3007001","3017000",3012000.5,"Fst",0.0293668665502788,0,0.0194174182697149,0.0332668767953699
"3008001","3018000",3013000.5,"Fst",0.0269377704549982,0,0.0205091781537906,0.0349629845031685
"3009001","3019000",3014000.5,"Fst",0.025536737740265,0,0.0204934639034424,0.0359855028283034
"3010001","3020000",3015000.5,"Fst",0.0247041908037363,0,0.0218899660752712,0.0364311462672117
"3011001","3021000",3016000.5,"Fst",0.0220212327355185,0,0.0242893161917786,0.0426339066339068
"3012001","3022000",3017000.5,"Fst",0.0191985574468547,0,0.025618991772762,0.0419434697436118
"3013001","3023000",3018000.5,"Fst",0.0125606518355763,0,0.0285396276966018,0.0506804598291255
"3014001","3024000",3019000.5,"Fst",0.0189802789802789,0,0.0168825969775174,0.038810641627543
"3015001","3025000",3020000.5,"Fst",0.0134194780523981,0,0.0188525420659443,0.0373708406392165
"3016001","3026000",3021000.5,"Fst",0.0122327451180066,0,0.0188407593534997,0.0356215015616287
"3017001","3027000",3022000.5,"Fst",0.00876925187043454,0,0.0197123726626835,0.0333673740464863
"3018001","3028000",3023000.5,"Fst",0.00891101213867784,0,0.0195027403429865,0.0331589498871669
"3019001","3029000",3024000.5,"Fst",0.00835846617837133,0,0.0202485789363993,0.035107881836003
"3020001","3030000",3025000.5,"Fst",0.00467794376727726,0,0.0219164883006924,0.0379766588549829
"3021001","3031000",3026000.5,"Fst",0.00570531940458852,0,0.0216059165192535,0.0374320825751339
"3022001","3032000",3027000.5,"Fst",0.00596847958411473,0,0.020540382786885,0.0373327578765643
"3023001","3033000",3028000.5,"Fst",0.00349684948254636,0,0.021951784930206,0.0489732227939775
"3024001","3034000",3029000.5,"Fst",0.002856138604868,0,0.0210675077766371,0.046924319335487
"3025001","3035000",3030000.5,"Fst",0.00564577817005019,0,0.0217653502268222,0.0568970040400861
"3026001","3036000",3031000.5,"Fst",0.00488984331503994,0,0.0233355962812938,0.0602043608688692
"3027001","3037000",3032000.5,"Fst",0.00470116834943357,0,0.024943319206329,0.068062318673875
"3028001","3038000",3033000.5,"Fst",0.00440660788486891,0,0.0259660494184966,0.0692047908894561
"3029001","3039000",3034000.5,"Fst",0.00459745211890117,0,0.0267898922479139,0.0753705799348953
"3030001","3040000",3035000.5,"Fst",0.00424281941343452,0,0.0247335172107813,0.0689107701702161
"3031001","3041000",3036000.5,"Fst",0.00286526593162739,0,0.0252202978865397,0.0726139031156636
"3032001","3042000",3037000.5,"Fst",0.00531557090580159,0,0.0283102962376406,0.0700995191770099
"3033001","3043000",3038000.5,"Fst",0,0,0.0258191244850993,0.0833918501700035
"3034001","3044000",3039000.5,"Fst",0.00911806929732661,0,0.0265769887468087,0.0849610590693607
"3035001","3045000",3040000.5,"Fst",0.00660111971437882,0,0.0262928714901305,0.0831989249451884
"3036001","3046000",3041000.5,"Fst",0.0515745535874466,0,0.0273998316635017,0.0675335940572821
"3037001","3047000",3042000.5,"Fst",0.0515492176668648,0,0.0272640721429659,0.0671963224447849
"3038001","3048000",3043000.5,"Fst",0.0503562581011329,0,0.0267639450320353,0.0655788314942141
"3039001","3049000",3044000.5,"Fst",0.0510343916269272,0,0.0271249728732848,0.0664408466803548
"3040001","3050000",3045000.5,"Fst",0.0513599244111493,0,0.0277810322649665,0.0667183226233924
"3041001","3051000",3046000.5,"Fst",0.0688371912424631,0,0.028569901217342,0.0802649888405648
"3042001","3052000",3047000.5,"Fst",0.0681819555357766,0,0.0282928063074704,0.0795792075190362
"3043001","3053000",3048000.5,"Fst",0.0901596342651577,0,0.033368257509702,0.0978170121378645
"3044001","3054000",3049000.5,"Fst",0.106630146515369,0,0.0405105943476059,0.124413596482566
"3045001","3055000",3050000.5,"Fst",0.114085980539782,0,0.0408470752891974,0.124378022193887
"3046001","3056000",3051000.5,"Fst",0.0545073431440418,0,0.0230601163229545,0.0585720113950855
"3047001","3057000",3052000.5,"Fst",0.054561582710607,0,0.0231985082023139,0.0586252617752389
"3048001","3058000",3053000.5,"Fst",0.0534798314268513,0,0.0240305062937721,0.0585037422075949
"3049001","3059000",3054000.5,"Fst",0.055233892321271,0,0.0238222003663018,0.056857713310878
"3050001","3060000",3055000.5,"Fst",0.0558828508549178,0,0.0235454167334102,0.0575124486272018
"3051001","3061000",3056000.5,"Fst",0.0379272047839097,0,0.0190035772893772,0.0336159223965737
"3052001","3062000",3057000.5,"Fst",0.0378210027129523,0,0.0190580354028267,0.0333685554112529
"3053001","3063000",3058000.5,"Fst",0.0379904887782031,0,0.0186949373263462,0.0327606915700986
"3054001","3064000",3059000.5,"Fst",0.0225386234560547,0,0.0165247907478232,0.0391380039812175
"3055001","3065000",3060000.5,"Fst",0.017546338162826,0,0.0166840186549256,0.03690349759275
"3056001","3066000",3061000.5,"Fst",0.0081875335886783,0,0.0300026328645812,0.0693844712143876
"3057001","3067000",3062000.5,"Fst",0.00826352357747362,0,0.0302952087257806,0.0700027678111185
"3058001","3068000",3063000.5,"Fst",0.00584431034109845,0,0.032059417820984,0.0774719889138626
"3059001","3069000",3064000.5,"Fst",0.0068253372792576,0,0.0325284021589004,0.0873378631119313
"3060001","3070000",3065000.5,"Fst",0.00600926631987164,0,0.0294837340946203,0.0813291659651686
"3061001","3071000",3066000.5,"Fst",0.0143908421913327,0,0.032904405872859,0.0652120273662327
"3062001","3072000",3067000.5,"Fst",0.0144911585589551,0,0.0309578243374545,0.0639189517522873
"3063001","3073000",3068000.5,"Fst",0.0119357802901244,0,0.0251608714020026,0.0496837262794712
"3064001","3074000",3069000.5,"Fst",0.0205080855102013,0,0.0221272719207519,0.0453645224404988
"3065001","3075000",3070000.5,"Fst",0.0219588860420112,0,0.0137670793511775,0.0273464253487834
"3066001","3076000",3071000.5,"Fst",0.0158541520881975,0,0.0117150871842764,0.0258403120612374
"3067001","3077000",3072000.5,"Fst",0.0158541520881975,0,0.0117150871842764,0.0258403120612374
"3068001","3078000",3073000.5,"Fst",0.0115462052946275,0,0.0112789000142493,0.0258865202997559
"3069001","3079000",3074000.5,"Fst",0.0116895577425808,0,0.0108879452122521,0.0258923983308625
"3070001","3080000",3075000.5,"Fst",0.0118628491481171,0,0.0107777004719037,0.0258048827874618
"3071001","3081000",3076000.5,"Fst",0.0118877530497428,0,0.0108310755146081,0.0263792443933706
"3072001","3082000",3077000.5,"Fst",0.0118507009402702,0,0.0110374089248704,0.0267653400014689
"3073001","3083000",3078000.5,"Fst",0.0121373166295302,0,0.0112530934209512,0.0272750662759524
"3074001","3084000",3079000.5,"Fst",0.0107652954061483,0,0.0114635866244587,0.027316087373518
"3075001","3085000",3080000.5,"Fst",0.0129470236315429,0,0.0112714477046424,0.0356104652313213
"3076001","3086000",3081000.5,"Fst",0.0146838432134149,0,0.0120796779319815,0.0366757105546022
"3077001","3087000",3082000.5,"Fst",0.0148426063816803,0,0.0121002691482227,0.0362066834901212
"3078001","3088000",3083000.5,"Fst",0.0248664183549425,0,0.0121297708438342,0.0421263506336916
"3079001","3089000",3084000.5,"Fst",0.042105963917869,0,0.0209954117619683,0.0611398798107659
"3080001","3090000",3085000.5,"Fst",0.05576199955762,0,0.0219190501101795,0.0595787632057062
"3081001","3091000",3086000.5,"Fst",0.0540376828631139,0,0.0242376767737805,0.0551705332116713
"3082001","3092000",3087000.5,"Fst",0.0540376828631139,0,0.0242376767737805,0.0551705332116713
"3083001","3093000",3088000.5,"Fst",0.0547999932572527,0,0.0252209382266064,0.0574514290535721
"3084001","3094000",3089000.5,"Fst",0.0567574094048329,0,0.0232069458393864,0.0541879337041923
"3085001","3095000",3090000.5,"Fst",0.0382267471816327,0,0.0233785384669267,0.0670921800083022
"3086001","3096000",3091000.5,"Fst",0.0381638380914793,0,0.0248204065104599,0.0692616065240936
"3087001","3097000",3092000.5,"Fst",0.0258093436753487,0,0.0265392652637957,0.0499661564306859
"3088001","3098000",3093000.5,"Fst",0.0262095899327404,0,0.0254446628231449,0.0465825847808735
"3089001","3099000",3094000.5,"Fst",0.0265462388650202,0,0.0244057001784222,0.0439404912568188
"3090001","3100000",3095000.5,"Fst",0.0236205911946265,0,0.0277073699517136,0.0602056574975257
"3091001","3101000",3096000.5,"Fst",0.0141133780309038,0,0.0265876599236393,0.0686676375519483
"3092001","3102000",3097000.5,"Fst",0.0114197943717452,0,0.0271493563768064,0.0722191104840368
"3093001","3103000",3098000.5,"Fst",0.0114718934580026,0,0.0262648748594375,0.0699553870744658
"3094001","3104000",3099000.5,"Fst",0.0150223855165904,0,0.0259093753838833,0.0630360518876429
"3095001","3105000",3100000.5,"Fst",0.0127039215895878,0,0.0243466661712791,0.0571594920571222
"3096001","3106000",3101000.5,"Fst",0.0133295703565973,0,0.0233615729430421,0.0653179806678192
"3097001","3107000",3102000.5,"Fst",0.0154479702043332,0,0.0238367753989896,0.0701017837257619
"3098001","3108000",3103000.5,"Fst",0.0137112283523858,0,0.0235876944188097,0.05975767449544
"3099001","3109000",3104000.5,"Fst",0.0126858992341705,0,0.0233210990827889,0.0577205223541024
"3100001","3110000",3105000.5,"Fst",0.00860593726308312,0,0.0248943659826495,0.0646938179990508
"3101001","3111000",3106000.5,"Fst",0.0101091391473881,0,0.0295417804888813,0.0849055673612571
"3102001","3112000",3107000.5,"Fst",0.0176769685453232,0,0.029853283135875,0.0846964677537323
"3103001","3113000",3108000.5,"Fst",0.0184989001141138,0,0.0277930201009136,0.0807605797446858
"3104001","3114000",3109000.5,"Fst",0.015273279792925,0,0.0261328947130603,0.0698833724809522
"3105001","3115000",3110000.5,"Fst",0.0202076381164257,0,0.0254230691292164,0.0638730088385138
"3106001","3116000",3111000.5,"Fst",0.0202825741408242,0,0.0245189682390255,0.054923537207633
"3107001","3117000",3112000.5,"Fst",0.0215753914451291,0,0.0282897077822413,0.0609289499469164
"3108001","3118000",3113000.5,"Fst",0.0288118859954359,0,0.0191817580177159,0.0420796925479077
"3109001","3119000",3114000.5,"Fst",0.033316660414322,0,0.0183836042980835,0.0394434261810641
"3110001","3120000",3115000.5,"Fst",0.0698478653355989,0,0.0200798139721442,0.0566392254255745
"3111001","3121000",3116000.5,"Fst",0.0683661496835909,0,0.0193659163993913,0.0540682721533786
"3112001","3122000",3117000.5,"Fst",0.0608969696969697,0,0.0233315932887782,0.0604446556285272
"3113001","3123000",3118000.5,"Fst",0.0620089860584533,0,0.0255541076467464,0.066253995757775
"3114001","3124000",3119000.5,"Fst",0.0636527333637887,0,0.0247175944056009,0.0636239717082751
"3115001","3125000",3120000.5,"Fst",0.0642600219156207,0,0.0261156185367708,0.0645997712978846
"3116001","3126000",3121000.5,"Fst",0.032015523304989,0,0.0480458837408043,0.0869184991468981
"3117001","3127000",3122000.5,"Fst",0.026765467155788,0,0.0600220855119427,0.100000340025976
"3118001","3128000",3123000.5,"Fst",0.0268314567278821,0,0.0600809787701022,0.101801328768892
"3119001","3129000",3124000.5,"Fst",0.0275676456229758,0,0.0589668946164753,0.100158221547381
"3120001","3130000",3125000.5,"Fst",0.0186896935043748,0,0.0593500219650075,0.105460089892726
"3121001","3131000",3126000.5,"Fst",0.0249568418129307,0,0.055983506454966,0.0989601007860422
"3122001","3132000",3127000.5,"Fst",0.0362731621484026,0,0.0512224732956387,0.088799212566121
"3123001","3133000",3128000.5,"Fst",0.0491986356958836,0,0.0468110297726046,0.0754878885423875
"3124001","3134000",3129000.5,"Fst",0.053163274800281,0,0.0382814413814919,0.0788157287538949
"3125001","3135000",3130000.5,"Fst",0.053481856189164,0,0.0384934531172343,0.0795084570952144
"3126001","3136000",3131000.5,"Fst",0.0653063410932304,0,0.0330077597341353,0.105557413867253
"3127001","3137000",3132000.5,"Fst",0.0779262723659417,0,0.0387503523452501,0.141760868019666
"3128001","3138000",3133000.5,"Fst",0.076497736769599,0,0.0373659766358693,0.138524061052311
"3129001","3139000",3134000.5,"Fst",0.0770570201532544,0,0.0380467936250731,0.140042035259427
"3130001","3140000",3135000.5,"Fst",0.0718300351636864,0,0.033484582180117,0.124454521910308
"3131001","3141000",3136000.5,"Fst",0.0453129476948081,0,0.0314101062496814,0.0848491329662512
"3132001","3142000",3137000.5,"Fst",0.0366581909313008,0,0.0347296954398362,0.0747815241717955
"3133001","3143000",3138000.5,"Fst",0.0256037612656216,0,0.0383282727623075,0.0841252200559346
"3134001","3144000",3139000.5,"Fst",0.00945813992660327,0,0.0439383426247879,0.1140877863721
"3135001","3145000",3140000.5,"Fst",0.0115124767554193,0,0.0433247618432787,0.108346799312923
"3136001","3146000",3141000.5,"Fst",0.0127487792935,0,0.0426000873009553,0.106495957932226
"3137001","3147000",3142000.5,"Fst",0.0132475558292933,0,0.0448252265791863,0.111656909997288
"3138001","3148000",3143000.5,"Fst",0.0124436972067732,0,0.0459532189155089,0.11581748343653
"3139001","3149000",3144000.5,"Fst",0.0137154747473789,0,0.0446229254961625,0.113119317181556
"3140001","3150000",3145000.5,"Fst",0.0114752219832889,0,0.0472501300338729,0.121061222696009
"3141001","3151000",3146000.5,"Fst",0.0345960482448582,0,0.0315041893763878,0.0665897905226764
"3142001","3152000",3147000.5,"Fst",0.0389943668201147,0,0.0249887397310122,0.0659937095306763
"3143001","3153000",3148000.5,"Fst",0.0380263255861342,0,0.0225677356994247,0.0666774788342165
"3144001","3154000",3149000.5,"Fst",0.0447506482676815,0,0.0223253878951789,0.0774072160167482
"3145001","3155000",3150000.5,"Fst",0.0413296959685873,0,0.0204045111541982,0.07987704872921
"3146001","3156000",3151000.5,"Fst",0.0348332797534747,0,0.020462261726184,0.0747388732628584
"3147001","3157000",3152000.5,"Fst",0.0249586302299482,0,0.0207418306090811,0.0571958113242517
"3148001","3158000",3153000.5,"Fst",0.0207204002750706,0,0.0232929994462659,0.0502340169546364
"3149001","3159000",3154000.5,"Fst",0.00727752790366731,0,0.0247083688877378,0.0862688942930468
"3150001","3160000",3155000.5,"Fst",0.010579768422572,0,0.0220989073440627,0.0778442569746797
"3151001","3161000",3156000.5,"Fst",0.00536814045408573,0,0.0229216625783679,0.084741370724853
"3152001","3162000",3157000.5,"Fst",0.0066780059742918,0,0.0246505144069432,0.0823177561161128
"3153001","3163000",3158000.5,"Fst",0.0067183000277109,0,0.0252285646307778,0.0860846765111104
"3154001","3164000",3159000.5,"Fst",0.00703643908552753,0,0.0258200395853275,0.0879525558464229
"3155001","3165000",3160000.5,"Fst",0.00692494133035815,0,0.0271962490533362,0.0912914627948442
"3156001","3166000",3161000.5,"Fst",0.0216352007661264,0,0.0240054992499601,0.0849920586631688
"3157001","3167000",3162000.5,"Fst",0.0255943220292951,0,0.0238574930841139,0.0907022489413398
"3158001","3168000",3163000.5,"Fst",0.0300804656736859,0,0.0243066668470573,0.0963800426268911
"3159001","3169000",3164000.5,"Fst",0.0452972067267414,0,0.0216956743963646,0.051461743875537
"3160001","3170000",3165000.5,"Fst",0.0342192058105613,0,0.0284241743822033,0.0628476546284766
"3161001","3171000",3166000.5,"Fst",0.0371354876386997,0,0.0429812342480772,0.0935685283962726
"3162001","3172000",3167000.5,"Fst",0.0332595135274795,0,0.0375098401028083,0.0824879983302025
"3163001","3173000",3168000.5,"Fst",0.0345686701962004,0,0.0353085185576565,0.079093130039099
"3164001","3174000",3169000.5,"Fst",0.0333382367362951,0,0.0333960633910896,0.0754393134450347
"3165001","3175000",3170000.5,"Fst",0.0311632693547588,0,0.0330553022778827,0.0723994465396192
"3166001","3176000",3171000.5,"Fst",0.0212145407230576,0,0.0358016908962436,0.0761625019511019
"3167001","3177000",3172000.5,"Fst",0.0219006997295865,0,0.0353543128006186,0.0755070604975848
"3168001","3178000",3173000.5,"Fst",0.0219941221377065,0,0.0348777270877118,0.0749211492434386
"3169001","3179000",3174000.5,"Fst",0.0282008832038984,0,0.0323479351265226,0.0679419378741861
"3170001","3180000",3175000.5,"Fst",0.0289719073983323,0,0.0260283827675495,0.0485513754448992
"3171001","3181000",3176000.5,"Fst",0.0262617864363862,0,0.0193399889366786,0.054671263205284
"3172001","3182000",3177000.5,"Fst",0.0323035735071584,0,0.0161252970779358,0.0441498738192321
"3173001","3183000",3178000.5,"Fst",0.025205803968019,0,0.0142211022364969,0.0422699293649792
"3174001","3184000",3179000.5,"Fst",0.0321968089113804,0,0.026093879559286,0.0645863317431654
"3175001","3185000",3180000.5,"Fst",0.0346114294109006,0,0.0274667675043723,0.0686082257748412
"3176001","3186000",3181000.5,"Fst",0.0207471953370956,0,0.0285696840405275,0.0671574552002748
"3177001","3187000",3182000.5,"Fst",0.0144112775414389,0,0.0325540751511588,0.0777833546865573
"3178001","3188000",3183000.5,"Fst",0.0120211589880708,0,0.0338177352802299,0.0828916241200857
"3179001","3189000",3184000.5,"Fst",0.0082041138245561,0,0.037249129901534,0.0825162306883882
"3180001","3190000",3185000.5,"Fst",0.0145461355974531,0,0.0468366775773388,0.0995898111232029
"3181001","3191000",3186000.5,"Fst",0.0153446179599142,0,0.0493964938973295,0.105671950602868
"3182001","3192000",3187000.5,"Fst",0.0160266148796813,0,0.0499237948092049,0.103600002494582
"3183001","3193000",3188000.5,"Fst",0.0156595874984388,0,0.048078515994882,0.10037444041163
"3184001","3194000",3189000.5,"Fst",0.0123950178051887,0,0.0542088272992741,0.113054903974495
"3185001","3195000",3190000.5,"Fst",0.0126401197253359,0,0.0510286633957085,0.106303687062244
"3186001","3196000",3191000.5,"Fst",0.0157436463795225,0,0.0509155812250473,0.102672233541534
"3187001","3197000",3192000.5,"Fst",0.0190701591024049,0,0.0487421105601705,0.102227247140673
"3188001","3198000",3193000.5,"Fst",0.0215260238075325,0,0.0468744917487889,0.0934956824514883
"3189001","3199000",3194000.5,"Fst",0.0223034417713461,0,0.0423139364618764,0.0691748364515952
"3190001","3200000",3195000.5,"Fst",0.0196986726277552,0,0.0446195260204693,0.105131432707799
"3191001","3201000",3196000.5,"Fst",0.0172473112391799,0,0.0480590588288116,0.110176743649627
"3192001","3202000",3197000.5,"Fst",0.0144468698677673,0,0.0552045043917427,0.12327772960505
"3193001","3203000",3198000.5,"Fst",0.0169944491416388,0,0.0568531166787199,0.128113914592629
"3194001","3204000",3199000.5,"Fst",0.0265082385855333,0,0.0602158131375154,0.129668940452303
"3195001","3205000",3200000.5,"Fst",0.033538300579356,0,0.0606536344303028,0.137169696808547
"3196001","3206000",3201000.5,"Fst",0.0365895409762185,0,0.0606495704409855,0.140758418008886
"3197001","3207000",3202000.5,"Fst",0.0362673167066588,0,0.0604049123376144,0.139989127821762
"3198001","3208000",3203000.5,"Fst",0.03552573022716,0,0.0574228478041637,0.134509327012381
"3199001","3209000",3204000.5,"Fst",0.0386698051156226,0,0.0555984476420308,0.120190322697312
"3200001","3210000",3205000.5,"Fst",0.0397666636755087,0,0.0557188282403004,0.118332031048508
"3201001","3211000",3206000.5,"Fst",0.0420760167220885,0,0.0535171427647176,0.116060032448492
"3202001","3212000",3207000.5,"Fst",0.0460411363011848,0,0.055834045537759,0.115024572611925
"3203001","3213000",3208000.5,"Fst",0.0438107079732357,0,0.0503898925644591,0.104748548643432
"3204001","3214000",3209000.5,"Fst",0.034368347002773,0,0.0373305898154664,0.0876634699215345
"3205001","3215000",3210000.5,"Fst",0.0190598922306239,0,0.026193047583046,0.0502376495205099
"3206001","3216000",3211000.5,"Fst",0.00175157386112856,0,0.0275339609597293,0.0607833263737074
"3207001","3217000",3212000.5,"Fst",0.000996350004932478,0,0.0285506785092668,0.0641611791746984
"3208001","3218000",3213000.5,"Fst",0.01243454373766,0,0.0280742612822535,0.0692893850788585
"3209001","3219000",3214000.5,"Fst",0.0168431547661237,0,0.0290945242914605,0.0687125950180731
"3210001","3220000",3215000.5,"Fst",0.0159452051784842,0,0.0243904451699412,0.050503380916604
"3211001","3221000",3216000.5,"Fst",0.0189065445731214,0,0.0261139410045498,0.0571954280894809
"3212001","3222000",3217000.5,"Fst",0.0160015264922001,0,0.0227147829520457,0.0507397370058316
"3213001","3223000",3218000.5,"Fst",0.0121721710244492,0,0.023805706550509,0.0362004204142113
"3214001","3224000",3219000.5,"Fst",0.0126533218823633,0,0.0222401755279732,0.0478315065549108
"3215001","3225000",3220000.5,"Fst",0.012694414987628,0,0.0223125957560282,0.0479830972554599
"3216001","3226000",3221000.5,"Fst",0.0145800689590042,0,0.0228955219089675,0.0644949557247572
"3217001","3227000",3222000.5,"Fst",0.0137399420381217,0,0.0233896004207838,0.0747635634581502
"3218001","3228000",3223000.5,"Fst",0.00742453748782845,0,0.0229374750173263,0.076005196320157
"3219001","3229000",3224000.5,"Fst",0.000662317073368168,0,0.0263275866527136,0.0931344656769596
"3220001","3230000",3225000.5,"Fst",0,0,0.0318869853117019,0.115717666322412
"3221001","3231000",3226000.5,"Fst",0,0,0.0319157022877851,0.115717666322412
"3222001","3232000",3227000.5,"Fst",0.00642412196926678,0,0.033322921034346,0.113993208101228
"3223001","3233000",3228000.5,"Fst",0.00987177780735626,0,0.0431926653302456,0.129842637303439
"3224001","3234000",3229000.5,"Fst",0.0104391008542281,0,0.0442466332307273,0.134981486201456
"3225001","3235000",3230000.5,"Fst",0.0102595969305358,0,0.0434622954506714,0.132894565487145
"3226001","3236000",3231000.5,"Fst",0.00981516632338486,0,0.0352793544470497,0.10402358168689
"3227001","3237000",3232000.5,"Fst",0.0147272785587036,0,0.036446779381863,0.0857178927766884
"3228001","3238000",3233000.5,"Fst",0.00663467481004831,0,0.0367251448497077,0.0895437310018489
"3229001","3239000",3234000.5,"Fst",0.0108398820743318,0,0.0422462065096234,0.107224155733359
"3230001","3240000",3235000.5,"Fst",0.025030669990898,0,0.0398735929992716,0.100765829542083
"3231001","3241000",3236000.5,"Fst",0.02251532705298,0,0.0372079449083492,0.0911625604776972
"3232001","3242000",3237000.5,"Fst",0.0179169714158427,0,0.0400084503117542,0.0972778784783856
"3233001","3243000",3238000.5,"Fst",0.017003255586975,0,0.0380889205967659,0.0954972709389722
"3234001","3244000",3239000.5,"Fst",0.0173625073533147,0,0.0370330117987594,0.0935138710166963
"3235001","3245000",3240000.5,"Fst",0.0175652394682916,0,0.0371304378794362,0.0941744628605112
"3236001","3246000",3241000.5,"Fst",0.0207129531588767,0,0.0381423839236055,0.100881438415425
"3237001","3247000",3242000.5,"Fst",0.0199829148308526,0,0.0396900375657924,0.123149844516475
"3238001","3248000",3243000.5,"Fst",0.0502870110799626,0,0.0277407450405546,0.0694927433460975
"3239001","3249000",3244000.5,"Fst",0.0497140603431274,0,0.0263205873921643,0.0680751567317813
"3240001","3250000",3245000.5,"Fst",0.00634573304157549,0,0.0209591448220786,0.0471294742094995
"3241001","3251000",3246000.5,"Fst",0.0102715754031544,0,0.0164243961535689,0.0314376743648579
"3242001","3252000",3247000.5,"Fst",0.0108321381463369,0,0.0173685101283827,0.0333011272141708
"3243001","3253000",3248000.5,"Fst",0.0174744512574425,0,0.0183377359566217,0.0322405043285862
"3244001","3254000",3249000.5,"Fst",0.0620165954636943,0,0.0250855237949514,0.0501398206981963
"3245001","3255000",3250000.5,"Fst",0.0589742110868871,0,0.0249806481462947,0.0491315269093048
"3246001","3256000",3251000.5,"Fst",0.0557259453811176,0,0.0264783003665539,0.0490881665091187
"3247001","3257000",3252000.5,"Fst",0.0601709132851003,0,0.0248840513876228,0.0455685363723098
"3248001","3258000",3253000.5,"Fst",0.0608314983747511,0,0.02462668583292,0.0453029169582141
"3249001","3259000",3254000.5,"Fst",0.0619262001614944,0,0.0252066284897335,0.046711208656435
"3250001","3260000",3255000.5,"Fst",0.0679560702254205,0,0.0264381592006191,0.0562196521585592
"3251001","3261000",3256000.5,"Fst",0.0736645451378994,0,0.0292868498598884,0.0627805304575924
"3252001","3262000",3257000.5,"Fst",0.0728626365174589,0,0.0279835649929938,0.0607445665836324
"3253001","3263000",3258000.5,"Fst",0.0777081156391503,0,0.0298459887437419,0.0583252515305692
"3254001","3264000",3259000.5,"Fst",0.0237874396135265,0,0.0158012751451978,0.0478959445143665
"3255001","3265000",3260000.5,"Fst",0.0231993695823481,0,0.021151968965654,0.043030875325493
"3256001","3266000",3261000.5,"Fst",0.0235815793049684,0,0.0217793294681731,0.0425085564439491
"3257001","3267000",3262000.5,"Fst",0.0111635330845246,0,0.0220151249064194,0.0445039382299306
"3258001","3268000",3263000.5,"Fst",0.00959263521288833,0,0.0220333812462598,0.0443290918278286
"3259001","3269000",3264000.5,"Fst",0.0105531763818315,0,0.0209633499674089,0.0423146955633521
"3260001","3270000",3265000.5,"Fst",0.00907011798950053,0,0.020038461902196,0.0424736702026539
"3261001","3271000",3266000.5,"Fst",0.00862410000791192,0,0.0206192598015765,0.038444780815006
"3262001","3272000",3267000.5,"Fst",0.024795207109314,0,0.0202524293026926,0.0422320153274168
"3263001","3273000",3268000.5,"Fst",0.0252872452376351,0,0.0205702973812856,0.0430196461638962
"3264001","3274000",3269000.5,"Fst",0.0267191403889804,0,0.0204568959063335,0.0428536053747962
"3265001","3275000",3270000.5,"Fst",0.0255414267940365,0,0.019058308807525,0.0383787430412661
"3266001","3276000",3271000.5,"Fst",0.0399743401759532,0,0.0161587206736923,0.0392034693990858
"3267001","3277000",3272000.5,"Fst",0.0392433653303218,0,0.0162562056681052,0.0404893796874157
"3268001","3278000",3273000.5,"Fst",0.0379490965337833,0,0.0158631083577773,0.0408372239692369
"3269001","3279000",3274000.5,"Fst",0.0378667529858985,0,0.015904448895039,0.0407265049894684
"3270001","3280000",3275000.5,"Fst",0.0445309133993969,0,0.0165173609690746,0.0415174949975665
"3271001","3281000",3276000.5,"Fst",0.0427540225558857,0,0.0182751479873495,0.0405279405279405
"3272001","3282000",3277000.5,"Fst",0.0305960210625525,0,0.017727901261958,0.0402247040175137
"3273001","3283000",3278000.5,"Fst",0.038555037715013,0,0.0187080050495238,0.0412058033800402
"3274001","3284000",3279000.5,"Fst",0.0367272278394362,0,0.018400902507257,0.0433070807080707
"3275001","3285000",3280000.5,"Fst",0.0423665477268289,0,0.0214437482088151,0.0453187525094624
"3276001","3286000",3281000.5,"Fst",0.0282121267938178,0,0.0233050117620962,0.0549281474539207
"3277001","3287000",3282000.5,"Fst",0.0290608840700584,0,0.0241313420605895,0.0550097661699871
"3278001","3288000",3283000.5,"Fst",0.0234297728415376,0,0.0257815633468195,0.0543695073478465
"3279001","3289000",3284000.5,"Fst",0.0171426912806224,0,0.0287628599446477,0.0506747194539967
"3280001","3290000",3285000.5,"Fst",0.0141249163834337,0,0.0321946852360889,0.0860000299881548
"3281001","3291000",3286000.5,"Fst",0.0146741753821401,0,0.0314091983646661,0.077685069195896
"3282001","3292000",3287000.5,"Fst",0.0157612432952827,0,0.0288149248610966,0.0771668338667814
"3283001","3293000",3288000.5,"Fst",0.000978850625622862,0,0.0302741350406515,0.06883367114581
"3284001","3294000",3289000.5,"Fst",0.00148866285229921,0,0.031439508858079,0.0705504318547797
"3285001","3295000",3290000.5,"Fst",0.00138139610920374,0,0.0314534033905665,0.0692338669082856
"3286001","3296000",3291000.5,"Fst",0.00138974548743886,0,0.0316735773908691,0.0696387433229541
"3287001","3297000",3292000.5,"Fst",0.0236784982433259,0,0.0286626849962647,0.0610911096279724
"3288001","3298000",3293000.5,"Fst",0.029109378637146,0,0.0280772799951842,0.0561265477455479
"3289001","3299000",3294000.5,"Fst",0.0330388859457839,0,0.0240974690659469,0.0526947818704283
"3290001","3300000",3295000.5,"Fst",0.0400421743205248,0,0.0254481104854775,0.0484887186036613
"3291001","3301000",3296000.5,"Fst",0.0431896714204938,0,0.026556533709429,0.05315359932316
"3292001","3302000",3297000.5,"Fst",0.0457317983780379,0,0.0280092871657601,0.0551495378486883
"3293001","3303000",3298000.5,"Fst",0.0585421612591225,0,0.0294703890831262,0.0699064168665435
"3294001","3304000",3299000.5,"Fst",0.0541317612989969,0,0.0272152190910708,0.0646871615748854
"3295001","3305000",3300000.5,"Fst",0.0541198129533488,0,0.0270274307423036,0.0647071115135475
"3296001","3306000",3301000.5,"Fst",0.0506231725884906,0,0.0249890279232126,0.0594917212167886
"3297001","3307000",3302000.5,"Fst",0,0,0.0199608942929118,0.0505939516561672
"3298001","3308000",3303000.5,"Fst",0,0,0.0196606339257427,0.0499746402319473
"3299001","3309000",3304000.5,"Fst",0,0,0.0250810016191825,0.0939947894051238
"3300001","3310000",3305000.5,"Fst",0,0,0.024724104170382,0.0942242022088624
"3301001","3311000",3306000.5,"Fst",0,0,0.0310102465378553,0.0970715780094851
"3302001","3312000",3307000.5,"Fst",0.00053958944281518,0,0.031192027313134,0.0917818018368638
"3303001","3313000",3308000.5,"Fst",0.00263129515798555,0,0.0294571941445024,0.0826499761364661
"3304001","3314000",3309000.5,"Fst",0.00302284447854062,0,0.0296366671770176,0.0844869239486504
"3305001","3315000",3310000.5,"Fst",0.00428514689938697,0,0.030021794896771,0.0862092712001085
"3306001","3316000",3311000.5,"Fst",0.00166816352326782,0,0.0289687696786634,0.0685566631422416
"3307001","3317000",3312000.5,"Fst",0.00456420474312225,0,0.0300359189353556,0.0612143917438326
"3308001","3318000",3313000.5,"Fst",0.00433916218968367,0,0.0291025715334705,0.0589982797719141
"3309001","3319000",3314000.5,"Fst",0.0074616140433208,0,0.0250018425476536,0.0490143420375978
"3310001","3320000",3315000.5,"Fst",0.0207724215698118,0,0.0227874629884913,0.0406375687425752
"3311001","3321000",3316000.5,"Fst",0.0274707637620036,0,0.0229886568494701,0.0520383501978594
"3312001","3322000",3317000.5,"Fst",0.0230439160623251,0,0.0223126609682739,0.0532794828135166
"3313001","3323000",3318000.5,"Fst",0.018509541773356,0,0.0233650608282647,0.0481229063185861
"3314001","3324000",3319000.5,"Fst",0.0184439159345725,0,0.0233373377827307,0.0478392344497609
"3315001","3325000",3320000.5,"Fst",0.0179242129274576,0,0.0232527747615306,0.047664329705233
"3316001","3326000",3321000.5,"Fst",0.0236173684338699,0,0.0248217989540319,0.0617389363245716
"3317001","3327000",3322000.5,"Fst",0.0233013110399505,0,0.0247774276053964,0.0626508340945147
"3318001","3328000",3323000.5,"Fst",0.0229568411386594,0,0.0246254173831795,0.0624186895129303
"3319001","3329000",3324000.5,"Fst",0.023407164342357,0,0.0256710245734777,0.0626548643912075
"3320001","3330000",3325000.5,"Fst",0.00923832923832923,0,0.0252818170493165,0.0433092286501378
"3321001","3331000",3326000.5,"Fst",0.000558213716108424,0,0.0236392718182544,0.0548543889277917
"3322001","3332000",3327000.5,"Fst",0.000252770184874906,0,0.0274762890015415,0.0798562968368464
"3323001","3333000",3328000.5,"Fst",0.0155831129752895,0,0.0114134330641292,0.0209457371186368
"3324001","3334000",3329000.5,"Fst",0.0188528424964243,0,0.0107971650123442,0.0193437644418036
"3325001","3335000",3330000.5,"Fst",0.0220705801735951,0,0.0126966530070836,0.0258862650059178
"3326001","3336000",3331000.5,"Fst",0.0227825025683805,0,0.0123089090523529,0.0211085120389953
"3327001","3337000",3332000.5,"Fst",0.0153725401549686,0,0.017929174007358,0.0492645318785886
"3328001","3338000",3333000.5,"Fst",0.0153457653457653,0,0.0160530847838942,0.0426180854442511
"3329001","3339000",3334000.5,"Fst",0.0070794710111094,0,0.0344692672068643,0.0797614705456651
"3330001","3340000",3335000.5,"Fst",0.00778912866199977,0,0.0329988601366858,0.0768530307058404
"3331001","3341000",3336000.5,"Fst",0.00767732792039255,0,0.0325658594236696,0.0758826484484457
"3332001","3342000",3337000.5,"Fst",0.00421371674364035,0,0.0299118625336246,0.0688387075561634
"3333001","3343000",3338000.5,"Fst",0.00263730231915538,0,0.0305651159148064,0.0701415259028668
"3334001","3344000",3339000.5,"Fst",0.00898070087474367,0,0.0346898807530083,0.0748597204471608
"3335001","3345000",3340000.5,"Fst",0.0163142136203823,0,0.0313635377898199,0.0669292191850382
"3336001","3346000",3341000.5,"Fst",0.0210365840896113,0,0.029875490568039,0.0571847130344079
"3337001","3347000",3342000.5,"Fst",0.022689995147304,0,0.0295692989418174,0.0597322705942789
"3338001","3348000",3343000.5,"Fst",0.0239433076874008,0,0.0315959744771049,0.0621641308083946
"3339001","3349000",3344000.5,"Fst",0.0317632860627847,0,0.0308164931490598,0.0698908312125384
"3340001","3350000",3345000.5,"Fst",0.029880868178351,0,0.0290093749961784,0.0700737362957212
"3341001","3351000",3346000.5,"Fst",0.0294186429512515,0,0.028608195084935,0.0699559175313818
"3342001","3352000",3347000.5,"Fst",0.0345869655458696,0,0.0204138729451231,0.0550224350514685
"3343001","3353000",3348000.5,"Fst",0.0352607742502881,0,0.0210445164588319,0.0557659012857263
"3344001","3354000",3349000.5,"Fst",0.0339733679435548,0,0.021999639448946,0.0394401600628095
"3345001","3355000",3350000.5,"Fst",0.023930055924095,0,0.0242046625333929,0.0435162985257357
"3346001","3356000",3351000.5,"Fst",0.00797211158026911,0,0.0233365225417276,0.0366192182705406
"3347001","3357000",3352000.5,"Fst",0.00502882708011165,0,0.0253704331498273,0.037521868573146
"3348001","3358000",3353000.5,"Fst",0.00389920494014384,0,0.0229804777214103,0.0355301826712447
"3349001","3359000",3354000.5,"Fst",0.000749355729367185,0,0.0220926204117043,0.0331195417571776
"3350001","3360000",3355000.5,"Fst",0.00112674264559531,0,0.0206915366952431,0.0335551060097001
"3351001","3361000",3356000.5,"Fst",0.000727712208118181,0,0.0198822329964771,0.0345531946341602
"3352001","3362000",3357000.5,"Fst",0,0,0.0202725710305295,0.0430965048707298
"3353001","3363000",3358000.5,"Fst",0,0,0.0180625185627889,0.0385270841958035
"3354001","3364000",3359000.5,"Fst",0,0,0.0171466625358728,0.0366879596317927
"3355001","3365000",3360000.5,"Fst",0,0,0.0173137441866784,0.0357058985328642
"3356001","3366000",3361000.5,"Fst",0,0,0.0183635497277556,0.0395447614446711
"3357001","3367000",3362000.5,"Fst",0.000664638148723751,0,0.0181991409696311,0.0396240732447629
"3358001","3368000",3363000.5,"Fst",0,0,0.0178980674213779,0.0480071767268999
"3359001","3369000",3364000.5,"Fst",0.000843319176189072,0,0.0188828155363481,0.0472955648169905
"3360001","3370000",3365000.5,"Fst",0.000430903334566968,0,0.0189523860050799,0.0379079176429463
"3361001","3371000",3366000.5,"Fst",0.000999470882408149,0,0.0176658161109771,0.0306173436492585
"3362001","3372000",3367000.5,"Fst",0.00653749037852525,0,0.0211387304398196,0.034050846987718
"3363001","3373000",3368000.5,"Fst",0.00904508456141284,0,0.0242816540450112,0.044289602612956
"3364001","3374000",3369000.5,"Fst",0.0103180974258273,0,0.0280015074687106,0.0560641967811117
"3365001","3375000",3370000.5,"Fst",0.00292044664001057,0,0.0340778358116913,0.07422056202544
"3366001","3376000",3371000.5,"Fst",0.000186353702067099,0,0.0329561289105975,0.0686589737722426
"3367001","3377000",3372000.5,"Fst",0,0,0.0320317715780912,0.0778543271271758
"3368001","3378000",3373000.5,"Fst",0.0021092323101396,0,0.0280916165782447,0.0742125322273288
"3369001","3379000",3374000.5,"Fst",0.0106360906360907,0,0.0258280332375462,0.0756825271882252
"3370001","3380000",3375000.5,"Fst",0.00835065294517279,0,0.0222227943598537,0.0664166352920734
"3371001","3381000",3376000.5,"Fst",0.00534807209096333,0,0.0225765841156067,0.0656008120796854
"3372001","3382000",3377000.5,"Fst",0.00633369098062031,0,0.0215966719473258,0.0595640207941986
"3373001","3383000",3378000.5,"Fst",0.113353083100465,0,0.025132484601059,0.0654513142801754
"3374001","3384000",3379000.5,"Fst",0.132825366948401,0,0.0306203625100457,0.0738185116187862
"3375001","3385000",3380000.5,"Fst",0.135638379214476,0,0.0324679035380698,0.0797262011859728
"3376001","3386000",3381000.5,"Fst",0.12228711570508,0,0.0321991389087754,0.066063704603287
"3377001","3387000",3382000.5,"Fst",0.118973691592704,0,0.0321731201367879,0.0697564198834566
"3378001","3388000",3383000.5,"Fst",0.115071797182381,0,0.0309789323511446,0.0668141217492189
"3379001","3389000",3384000.5,"Fst",0.105328025055073,0,0.0299307183746912,0.0678721284918917
"3380001","3390000",3385000.5,"Fst",0.103519838850751,0,0.0278272400344949,0.0638250165538277
"3381001","3391000",3386000.5,"Fst",0.114383404336532,0,0.0264413229531332,0.058529635596979
"3382001","3392000",3387000.5,"Fst",0.115303788352813,0,0.0273377947971629,0.0535162457075278
"3383001","3393000",3388000.5,"Fst",0.0826700426045265,0,0.0271281200120312,0.054363517268927
"3384001","3394000",3389000.5,"Fst",0.067745053454296,0,0.0288141457574566,0.0541854613324774
"3385001","3395000",3390000.5,"Fst",0.0675381379423858,0,0.0304691797798688,0.0564521938858122
"3386001","3396000",3391000.5,"Fst",0.0628676404372963,0,0.0378236731488032,0.0758202877294695
"3387001","3397000",3392000.5,"Fst",0.0694303753133195,0,0.0444462968749661,0.0862827894675787
"3388001","3398000",3393000.5,"Fst",0.0659017038428803,0,0.0448747729539932,0.0905504460888499
"3389001","3399000",3394000.5,"Fst",0.060630711786373,0,0.0450353995324964,0.102516969547646
"3390001","3400000",3395000.5,"Fst",0.0539784068227182,0,0.046123376136936,0.107457388083882
"3391001","3401000",3396000.5,"Fst",0.0462146071704662,0,0.0453808276801112,0.108632945892406
"3392001","3402000",3397000.5,"Fst",0.0403230437966462,0,0.0464320968374933,0.107001742742277
"3393001","3403000",3398000.5,"Fst",0.0351160706407916,0,0.0427160383865135,0.100673462599198
"3394001","3404000",3399000.5,"Fst",0.0337701372210283,0,0.0417657288056646,0.0998982342450574
"3395001","3405000",3400000.5,"Fst",0.0278505560612656,0,0.0386942792657041,0.0958156088387905
"3396001","3406000",3401000.5,"Fst",0.0234977423294102,0,0.0353504462357083,0.090718604838005
"3397001","3407000",3402000.5,"Fst",0.0123496366501349,0,0.0329360850011467,0.0861521222965205
"3398001","3408000",3403000.5,"Fst",0,0,0.0268162103933076,0.065261809864621
"3399001","3409000",3404000.5,"Fst",0,0,0.0229969985439513,0.0379317349449434
"3400001","3410000",3405000.5,"Fst",0.000542085439024897,0,0.0241480099326597,0.0592809824692173
"3401001","3411000",3406000.5,"Fst",0,0,0.0253797471807035,0.0618416739971672
"3402001","3412000",3407000.5,"Fst",0,0,0.0261291128968509,0.0639832656438779
"3403001","3413000",3408000.5,"Fst",0,0,0.0295553238410992,0.0660350448872682
"3404001","3414000",3409000.5,"Fst",0.0325554363376251,0,0.0275251496455181,0.0580962009449683
"3405001","3415000",3410000.5,"Fst",0.0344697246325815,0,0.0283054465491381,0.0635427640158192
"3406001","3416000",3411000.5,"Fst",0.0413413875541049,0,0.0249558845867358,0.0468075977575364
"3407001","3417000",3412000.5,"Fst",0.0389592573595227,0,0.0226894267198279,0.0426992267586526
"3408001","3418000",3413000.5,"Fst",0.0426243258651533,0,0.0244823233622781,0.0478678821299632
"3409001","3419000",3414000.5,"Fst",0.0419944554869757,0,0.024431674978118,0.048504133028287
"3410001","3420000",3415000.5,"Fst",0.0439460215246867,0,0.0247493763573867,0.0498042050725949
"3411001","3421000",3416000.5,"Fst",0.0412449818699819,0,0.0231808370762132,0.047646843772849
"3412001","3422000",3417000.5,"Fst",0.0405479158863503,0,0.0228309417857646,0.0465365265601594
"3413001","3423000",3418000.5,"Fst",0.0410399698065428,0,0.0231540591272086,0.0471149715253727
"3414001","3424000",3419000.5,"Fst",0.0108948492760502,0,0.0243236011138892,0.0364233723565199
"3415001","3425000",3420000.5,"Fst",0.0126771527592642,0,0.0248152574199674,0.0391962735478231
"3416001","3426000",3421000.5,"Fst",0.0108200650573531,0,0.0168010614840306,0.0363122281966848
"3417001","3427000",3422000.5,"Fst",0.0101988745587361,0,0.0160646885715486,0.0310664087685364
"3418001","3428000",3423000.5,"Fst",0.0101838358928372,0,0.0171191418605414,0.032496914849856
"3419001","3429000",3424000.5,"Fst",0.0109593531468531,0,0.0126453285054706,0.0234523061798519
"3420001","3430000",3425000.5,"Fst",0.0630707435035659,0,0.0229608636464394,0.0831565543679982
"3421001","3431000",3426000.5,"Fst",0.0918194136486821,0,0.023483255185369,0.0833065028464987
"3422001","3432000",3427000.5,"Fst",0.0923762116845691,0,0.0243251950291693,0.084096375005466
"3423001","3433000",3428000.5,"Fst",0.09345348529022,0,0.0246231670953704,0.0849545012810319
"3424001","3434000",3429000.5,"Fst",0.0881283422459894,0,0.0218105539130726,0.0782124547093769
"3425001","3435000",3430000.5,"Fst",0.0852353320438428,0,0.0204508287611357,0.075653380410195
"3426001","3436000",3431000.5,"Fst",0.0821104636910486,0,0.0205041643590426,0.0681207629794939
"3427001","3437000",3432000.5,"Fst",0.0821470912504557,0,0.0196555375214947,0.0652710902597728
"3428001","3438000",3433000.5,"Fst",0.0796953198042127,0,0.0174532977977192,0.0560881829212563
"3429001","3439000",3434000.5,"Fst",0.0714528629472516,0,0.0177002987970999,0.0513891417413621
"3430001","3440000",3435000.5,"Fst",0.0464485812398338,0,0.0152201857792739,0.0291279630475609
"3431001","3441000",3436000.5,"Fst",0.0290837131206524,0,0.0175296858137063,0.0329950150228863
"3432001","3442000",3437000.5,"Fst",0.0305243671777535,0,0.0175790486025905,0.0262693242655099
"3433001","3443000",3438000.5,"Fst",0.028593919410655,0,0.0393273953611974,0.11574502707404
"3434001","3444000",3439000.5,"Fst",0.0078996067545688,0,0.0592097514955897,0.188365068355223
"3435001","3445000",3440000.5,"Fst",0.00765422262535442,0,0.0621503709472081,0.179080693465455
"3436001","3446000",3441000.5,"Fst",0.0698131289871768,0,0.0506586140434706,0.151630123985272
"3437001","3447000",3442000.5,"Fst",0.143762141195613,0,0.0418105422022587,0.132427175189442
"3438001","3448000",3443000.5,"Fst",0.150914096689313,0,0.0411342491037849,0.129873592680005
"3439001","3449000",3444000.5,"Fst",0.147256317334982,0,0.0412199812817055,0.131487318250773
"3440001","3450000",3445000.5,"Fst",0.140087310982579,0,0.0410608114132304,0.131806226111034
"3441001","3451000",3446000.5,"Fst",0.143910170793259,0,0.0418715229205817,0.125053941479804
"3442001","3452000",3447000.5,"Fst",0.129703106970595,0,0.045335537534577,0.135985197559152
"3443001","3453000",3448000.5,"Fst",0.13231182801393,0,0.042729772321693,0.135599609623664
"3444001","3454000",3449000.5,"Fst",0.139538696630198,0,0.0413723146995555,0.120506996068572
"3445001","3455000",3450000.5,"Fst",0.130640080555927,0,0.0429970175312573,0.114670364517936
"3446001","3456000",3451000.5,"Fst",0.102184477131173,0,0.0432090200388958,0.110523378919694
"3447001","3457000",3452000.5,"Fst",0.0651016884456977,0,0.0471437585026861,0.1091152686616
"3448001","3458000",3453000.5,"Fst",0.0423941514336876,0,0.0482211057058728,0.106021608798949
"3449001","3459000",3454000.5,"Fst",0.0400083745848693,0,0.0455930719958902,0.102539356420348
"3450001","3460000",3455000.5,"Fst",0.0429095428775592,0,0.0404860304486606,0.0957901359315961
"3451001","3461000",3456000.5,"Fst",0.020960484506827,0,0.042327825368744,0.104095053555475
"3452001","3462000",3457000.5,"Fst",0.0269599506992871,0,0.0375284082752161,0.0974222124904153
"3453001","3463000",3458000.5,"Fst",0.0277906816720281,0,0.0372398147607651,0.095268078485032
"3454001","3464000",3459000.5,"Fst",0.03288009487142,0,0.0376031302921816,0.0815591634008243
"3455001","3465000",3460000.5,"Fst",0.0408106005274386,0,0.0396813091411722,0.0943262004955858
"3456001","3466000",3461000.5,"Fst",0.0590220363082332,0,0.04584003585072,0.132266630221653
"3457001","3467000",3462000.5,"Fst",0.0644353841206911,0,0.0485109362157693,0.136078553902869
"3458001","3468000",3463000.5,"Fst",0.0952806454367031,0,0.0456325899241176,0.0955558901412664
"3459001","3469000",3464000.5,"Fst",0.115284846645793,0,0.0456658739655497,0.0709155514111391
"3460001","3470000",3465000.5,"Fst",0.0866691168522321,0,0.0627024674118511,0.132906115388481
"3461001","3471000",3466000.5,"Fst",0.0841158926124161,0,0.064751989941722,0.130385464270383
"3462001","3472000",3467000.5,"Fst",0.0465899732987298,0,0.0310246042586294,0.0775411628400319
"3463001","3473000",3468000.5,"Fst",0.0579465322175442,0,0.0292269512898561,0.0606129685916921
"3464001","3474000",3469000.5,"Fst",0.0580254036283047,0,0.0286466779141313,0.063878118723619
"3465001","3475000",3470000.5,"Fst",0.0539357874580317,0,0.0281698714694578,0.0593916628094864
"3466001","3476000",3471000.5,"Fst",0.0563968574635241,0,0.0295263642861927,0.0619191838396764
"3467001","3477000",3472000.5,"Fst",0.0579596205661979,0,0.0304159313014195,0.0637553465036623
"3468001","3478000",3473000.5,"Fst",0.0533152319656743,0,0.0281662211449484,0.0574522362136344
"3469001","3479000",3474000.5,"Fst",0.0449336545616633,0,0.0276962804252238,0.0533300532470632
"3470001","3480000",3475000.5,"Fst",0.0144148556269769,0,0.0183456279266143,0.0314938297679751
"3471001","3481000",3476000.5,"Fst",0.0150215341636597,0,0.0173898288594364,0.0300202529710727
"3472001","3482000",3477000.5,"Fst",0.0128361188935046,0,0.0172737056069413,0.0294438639266226
"3473001","3483000",3478000.5,"Fst",0.000996775139255335,0,0.0193977610182451,0.0301386748844374
"3474001","3484000",3479000.5,"Fst",0.00495130903996011,0,0.0170219646010599,0.027325769106591
"3475001","3485000",3480000.5,"Fst",0.0466957908605509,0,0.0182224309779797,0.0393287823655007
"3476001","3486000",3481000.5,"Fst",0.0516208088727174,0,0.0254211564027702,0.0416809366160559
"3477001","3487000",3482000.5,"Fst",0.0573579835047724,0,0.024761621171654,0.0395132061926101
"3478001","3488000",3483000.5,"Fst",0.0581364805785942,0,0.0247379217641884,0.0419135578896536
"3479001","3489000",3484000.5,"Fst",0.0567517467560246,0,0.0208501067279216,0.0412219006081561
"3480001","3490000",3485000.5,"Fst",0.0709526867908371,0,0.0231163998345752,0.0703635839536857
"3481001","3491000",3486000.5,"Fst",0.059347520627313,0,0.027679389063092,0.0722190366972478
"3482001","3492000",3487000.5,"Fst",0.0572971499027837,0,0.027482443963011,0.0676732383231335
"3483001","3493000",3488000.5,"Fst",0.0422418398458138,0,0.0333894032360996,0.0495918574718872
"3484001","3494000",3489000.5,"Fst",0.0394438373965517,0,0.0315107009833046,0.0500252227026031
"3485001","3495000",3490000.5,"Fst",0.0346171776941008,0,0.033952825076546,0.0530822905201216
"3486001","3496000",3491000.5,"Fst",0.0319765497984988,0,0.0352405137054934,0.0573189526764782
"3487001","3497000",3492000.5,"Fst",0.0287674867212012,0,0.0377907451559612,0.0606939138293104
"3488001","3498000",3493000.5,"Fst",0.0262503991066722,0,0.041710557519554,0.0644671171347585
"3489001","3499000",3494000.5,"Fst",0.0219005561007525,0,0.0454021365978625,0.0686391517186727
"3490001","3500000",3495000.5,"Fst",0.00963128942002167,0,0.051427947505046,0.07669245988228
"3491001","3501000",3496000.5,"Fst",0,0,0.0595501456448164,0.0896812921542053
"3492001","3502000",3497000.5,"Fst",0,0,0.0549216034233943,0.0810776876500374
"3493001","3503000",3498000.5,"Fst",0,0,0.0509086606814916,0.070976643194258
"3494001","3504000",3499000.5,"Fst",0,0,0.0566740650912758,0.0752824543384094
"3495001","3505000",3500000.5,"Fst",0.00526227944682867,0,0.0518250147638915,0.0681211100047294
"3496001","3506000",3501000.5,"Fst",0.00619308965568099,0,0.0496198915796892,0.0660080159554469
"3497001","3507000",3502000.5,"Fst",0.00765742980140471,0,0.0442817769251896,0.0607993200403175
"3498001","3508000",3503000.5,"Fst",0.0126049390914255,0,0.034284585331223,0.0491247238716384
"3499001","3509000",3504000.5,"Fst",0.022129328647339,0,0.0234083553968018,0.0352939571309676
"3500001","3510000",3505000.5,"Fst",0.032992152848857,0,0.0193003851305132,0.0425139770472911
"3501001","3511000",3506000.5,"Fst",0.0265517971330546,0,0.0239710623292271,0.0596502320969221
"3502001","3512000",3507000.5,"Fst",0.0239705180967555,0,0.0290984218264302,0.07416627732895
"3503001","3513000",3508000.5,"Fst",0.0216190046156933,0,0.035742622914571,0.090825200997305
"3504001","3514000",3509000.5,"Fst",0.016208480070204,0,0.0403246736878769,0.100769125587353
"3505001","3515000",3510000.5,"Fst",0.00418681909228602,0,0.0377393591169277,0.101701322518902
"3506001","3516000",3511000.5,"Fst",0.00877012368888286,0,0.0361773031145217,0.101648771419882
"3507001","3517000",3512000.5,"Fst",0.00861168406038038,0,0.0355407133625152,0.0975367941129419
"3508001","3518000",3513000.5,"Fst",0.00605159065553251,0,0.0390121071729383,0.104005169511508
"3509001","3519000",3514000.5,"Fst",0.00548572542141679,0,0.0334814641266633,0.0914218631195224
"3510001","3520000",3515000.5,"Fst",0.00832081184236599,0,0.0337429703652305,0.0902995638268094
"3511001","3521000",3516000.5,"Fst",0.0168062993505712,0,0.0223715404012618,0.0528436519675569
"3512001","3522000",3517000.5,"Fst",0.0229489110349175,0,0.0230223836196209,0.0521705586187172
"3513001","3523000",3518000.5,"Fst",0.0274303503172164,0,0.0205888583710944,0.0424102149190163
"3514001","3524000",3519000.5,"Fst",0.0324330005254859,0,0.0202955672970717,0.0430291791705003
"3515001","3525000",3520000.5,"Fst",0.0352612179163213,0,0.0241452238098444,0.0488348978316704
"3516001","3526000",3521000.5,"Fst",0.0299013972408915,0,0.0256938516554584,0.0501860887629983
"3517001","3527000",3522000.5,"Fst",0.0282161562207346,0,0.0246632344042158,0.0609821660511186
"3518001","3528000",3523000.5,"Fst",0.0228693691320958,0,0.0243414387952466,0.0554749110538584
"3519001","3529000",3524000.5,"Fst",0.0290780621386795,0,0.02446226482201,0.0507130535915479
"3520001","3530000",3525000.5,"Fst",0.0210329013753531,0,0.0245884764344265,0.0452236696877302
"3521001","3531000",3526000.5,"Fst",0.0194588732737813,0,0.0233079958217344,0.0402390777464221
"3522001","3532000",3527000.5,"Fst",0.0142209431798812,0,0.0206025187767731,0.0500426163492369
"3523001","3533000",3528000.5,"Fst",0.0142376368770046,0,0.0209958502557999,0.0515500885963073
"3524001","3534000",3529000.5,"Fst",0.012137590675967,0,0.0236077859886482,0.0543716946029933
"3525001","3535000",3530000.5,"Fst",0.012137590675967,0,0.0237128620336293,0.0539434785290417
"3526001","3536000",3531000.5,"Fst",0.00985642386536567,0,0.0214491091927836,0.0508099988052655
"3527001","3537000",3532000.5,"Fst",0.00640195692191958,0,0.019706146665159,0.0609109062223574
"3528001","3538000",3533000.5,"Fst",0.00637695477568523,0,0.0196995071990317,0.0502428551989635
"3529001","3539000",3534000.5,"Fst",0.00165846129898184,0,0.0196481423187046,0.0473765321805478
"3530001","3540000",3535000.5,"Fst",0,0,0.0202564526563577,0.0486575067317709
"3531001","3541000",3536000.5,"Fst",0,0,0.0200360240380501,0.0504341260853151
"3532001","3542000",3537000.5,"Fst",0,0,0.0225518311743544,0.0509374341689488
"3533001","3543000",3538000.5,"Fst",0,0,0.0249860009253024,0.0500962610409629
"3534001","3544000",3539000.5,"Fst",0,0,0.0285925793684867,0.080740327769841
"3535001","3545000",3540000.5,"Fst",0,0,0.0302067906199092,0.0847483419976534
"3536001","3546000",3541000.5,"Fst",0,0,0.0334310625215174,0.109618449166903
"3537001","3547000",3542000.5,"Fst",0,0,0.0354806812243305,0.118141877882056
"3538001","3548000",3543000.5,"Fst",0,0,0.0404173036164343,0.133333333333333
"3539001","3549000",3544000.5,"Fst",0,0,0.0420965303850644,0.137119515802901
"3540001","3550000",3545000.5,"Fst",0,0,0.0303278219389284,0.11626671095242
"3541001","3551000",3546000.5,"Fst",0,0,0.0304479153863322,0.117284745296041
"3542001","3552000",3547000.5,"Fst",0,0,0.0292453447707264,0.111975937473601
"3543001","3553000",3548000.5,"Fst",0,0,0.0296558632179223,0.110631172308823
"3544001","3554000",3549000.5,"Fst",0.00259760402554143,0,0.0273148809893496,0.0908187544125904
"3545001","3555000",3550000.5,"Fst",0.00325026997350431,0,0.0285219397730462,0.0890016766981293
"3546001","3556000",3551000.5,"Fst",0.00520186482243223,0,0.0279004224998449,0.0714039204002334
"3547001","3557000",3552000.5,"Fst",0.00559294976702507,0,0.0284533589871203,0.0598595975914231
"3548001","3558000",3553000.5,"Fst",0.00619346919938912,0,0.0306460534820721,0.0587574447328718
"3549001","3559000",3554000.5,"Fst",0.0102137923864587,0,0.0284078898938883,0.0535374478286831
"3550001","3560000",3555000.5,"Fst",0.0233837760214881,0,0.0250748188802258,0.0636665777152421
"3551001","3561000",3556000.5,"Fst",0.0264773105070163,0,0.0243051938131185,0.0685286042538149
"3552001","3562000",3557000.5,"Fst",0.0244999993738823,0,0.023519774187967,0.0550132227045599
"3553001","3563000",3558000.5,"Fst",0.025319568181839,0,0.023062990637284,0.054298065261918
"3554001","3564000",3559000.5,"Fst",0.0160690413824061,0,0.0294291149745739,0.0764038667881217
"3555001","3565000",3560000.5,"Fst",0.016026598905197,0,0.03035039470065,0.0785229130667436
"3556001","3566000",3561000.5,"Fst",0.0154544069369607,0,0.0279746318081917,0.074077251582399
"3557001","3567000",3562000.5,"Fst",0.0132004981320049,0,0.0281346179075066,0.0707301065846352
"3558001","3568000",3563000.5,"Fst",0.0088190759824609,0,0.0248990392471013,0.0640920760093845
"3559001","3569000",3564000.5,"Fst",0.00484683600988556,0,0.025747822040826,0.0672636138545915
"3560001","3570000",3565000.5,"Fst",0.00465442694590279,0,0.0257934220966208,0.066304801670146
"3561001","3571000",3566000.5,"Fst",0.00961356208288233,0,0.0230953852825973,0.0540410795345929
"3562001","3572000",3567000.5,"Fst",0.00820141189441514,0,0.0209389755878498,0.0425739005129925
"3563001","3573000",3568000.5,"Fst",0.00733604325105641,0,0.0231539944034919,0.0474193266912452
"3564001","3574000",3569000.5,"Fst",0.00470656231076361,0,0.0236974857745316,0.0563467402959841
"3565001","3575000",3570000.5,"Fst",0.0103712936677571,0,0.0234230861312942,0.0567768201682958
"3566001","3576000",3571000.5,"Fst",0.0148154064666942,0,0.023720800347012,0.0537591313907591
"3567001","3577000",3572000.5,"Fst",0.0173537672445756,0,0.0251656753772169,0.0535474848660026
"3568001","3578000",3573000.5,"Fst",0.0198296791768633,0,0.0272653833079996,0.0569943630238762
"3569001","3579000",3574000.5,"Fst",0.0256337301172994,0,0.0263125155566095,0.0526484016706371
"3570001","3580000",3575000.5,"Fst",0.025565935966512,0,0.0263385684011006,0.0520843137823509
"3571001","3581000",3576000.5,"Fst",0.0361108686698116,0,0.0296264266463425,0.0559025047454339
"3572001","3582000",3577000.5,"Fst",0.0536868414163231,0,0.0362600737556582,0.0675736185383244
"3573001","3583000",3578000.5,"Fst",0.056642649973096,0,0.0360436722784173,0.0693057701926881
"3574001","3584000",3579000.5,"Fst",0.0562028341711153,0,0.0355557700667637,0.0687382234931613
"3575001","3585000",3580000.5,"Fst",0.0541863224368624,0,0.0336618357885065,0.0718633274549085
"3576001","3586000",3581000.5,"Fst",0.0524039403275794,0,0.0342122868547174,0.0716614882892491
"3577001","3587000",3582000.5,"Fst",0.052992222299153,0,0.0345135248844401,0.0736937494899258
"3578001","3588000",3583000.5,"Fst",0.054928688628045,0,0.0346995430217298,0.07045402684809
"3579001","3589000",3584000.5,"Fst",0.0511093621167829,0,0.0351918933211225,0.0733214723621699
"3580001","3590000",3585000.5,"Fst",0.0520503391949128,0,0.0358353932304726,0.074566560233953
"3581001","3591000",3586000.5,"Fst",0.0455204898728214,0,0.0346698389947895,0.0821155989791134
"3582001","3592000",3587000.5,"Fst",0.0480520822568978,0,0.0395707212221994,0.0909079907092354
"3583001","3593000",3588000.5,"Fst",0.0417211915941805,0,0.0420752560594197,0.102510247637115
"3584001","3594000",3589000.5,"Fst",0.0403692662756033,0,0.0331214072116666,0.0800019088594364
"3585001","3595000",3590000.5,"Fst",0.0316231778397087,0,0.0259463435738456,0.0494446798843926
"3586001","3596000",3591000.5,"Fst",0.0363246759718578,0,0.0227409542616827,0.0528617562486176
"3587001","3597000",3592000.5,"Fst",0.023853985717043,0,0.0231740612310086,0.0554462687839105
"3588001","3598000",3593000.5,"Fst",0.0249857061177815,0,0.0302226787965928,0.065662186663319
"3589001","3599000",3594000.5,"Fst",0.0224190934835612,0,0.0278963658958034,0.0595055306614859
"3590001","3600000",3595000.5,"Fst",0.0226969926944629,0,0.0282856267098561,0.0602149855725022
"3591001","3601000",3596000.5,"Fst",0.0201044690848462,0,0.0260078090451051,0.0498804366003651
"3592001","3602000",3597000.5,"Fst",0.0169177060164981,0,0.0224503260438443,0.0419564061669326
"3593001","3603000",3598000.5,"Fst",0.0108481104068042,0,0.0232279973390148,0.034467862531938
"3594001","3604000",3599000.5,"Fst",0.00155142979086631,0,0.0258906396117568,0.0502649805357063
"3595001","3605000",3600000.5,"Fst",0.00797039822150614,0,0.0258022395478522,0.0475896207734461
"3596001","3606000",3601000.5,"Fst",0.00495428440750967,0,0.023251924132672,0.0411562218258666
"3597001","3607000",3602000.5,"Fst",0.00434560542802387,0,0.025160743955024,0.0423817313112829
"3598001","3608000",3603000.5,"Fst",0.00427617624817878,0,0.024762852653275,0.0416700740538822
"3599001","3609000",3604000.5,"Fst",0.00486746873591049,0,0.0253836837387637,0.040273556231003
"3600001","3610000",3605000.5,"Fst",0.00486746873591049,0,0.0253836837387637,0.040273556231003
"3601001","3611000",3606000.5,"Fst",0.0033739119052294,0,0.0247138303756774,0.0451996100988677
"3602001","3612000",3607000.5,"Fst",0.00284386009515847,0,0.0265423017768385,0.0480566211675142
"3603001","3613000",3608000.5,"Fst",0.00167238990300611,0,0.0322201509653333,0.0781935234588524
"3604001","3614000",3609000.5,"Fst",0.000788006919085205,0,0.0363396069213371,0.0867704826038158
"3605001","3615000",3610000.5,"Fst",0,0,0.0386437945037658,0.0955782874113182
"3606001","3616000",3611000.5,"Fst",0,0,0.0409680089316315,0.11122464312547
"3607001","3617000",3612000.5,"Fst",0,0,0.0508959609359769,0.128841385430533
"3608001","3618000",3613000.5,"Fst",0,0,0.0403374216557159,0.106324437523492
"3609001","3619000",3614000.5,"Fst",0.00498659743007235,0,0.0368392846373324,0.0895159783218089
"3610001","3620000",3615000.5,"Fst",0.00541304563231859,0,0.035392910230783,0.0867589112386932
"3611001","3621000",3616000.5,"Fst",0.0043512477469474,0,0.0342870568221115,0.084946727427566
"3612001","3622000",3617000.5,"Fst",0.00463500750553469,0,0.0364611858200845,0.0914839312470446
"3613001","3623000",3618000.5,"Fst",0.00872651444940609,0,0.0315106042490075,0.0797278338945004
"3614001","3624000",3619000.5,"Fst",0.00142419578027597,0,0.0238213485590588,0.0493977467421213
"3615001","3625000",3620000.5,"Fst",0.00125319717412598,0,0.022345974301278,0.0489870840455762
"3616001","3626000",3621000.5,"Fst",0.00316704612443086,0,0.0221672027687016,0.0436800710667957
"3617001","3627000",3622000.5,"Fst",0.00640204354507157,0,0.0213937681521087,0.0448591652653041
"3618001","3628000",3623000.5,"Fst",0.00406617101036943,0,0.0224688854567487,0.039007099647118
"3619001","3629000",3624000.5,"Fst",0.00116847600895009,0,0.0233701788527503,0.0449777327507969
"3620001","3630000",3625000.5,"Fst",0.00106708578046144,0,0.0231417813673534,0.0441165542416965
"3621001","3631000",3626000.5,"Fst",0.00358931388400419,0,0.0225777342530689,0.0426658396460659
"3622001","3632000",3627000.5,"Fst",0.00501471775817908,0,0.021659899004831,0.0413002009960184
"3623001","3633000",3628000.5,"Fst",0.00751528365846099,0,0.0208679065985326,0.0405987586710478
"3624001","3634000",3629000.5,"Fst",0.0175452687713775,0,0.0187115663469948,0.0410500738380587
"3625001","3635000",3630000.5,"Fst",0.0225905561134698,0,0.021135661004079,0.0516602070864787
"3626001","3636000",3631000.5,"Fst",0.0225947192600784,0,0.0231144551048219,0.0451226810293238
"3627001","3637000",3632000.5,"Fst",0.0249829153443613,0,0.0187629637734935,0.0526100204805435
"3628001","3638000",3633000.5,"Fst",0.0371807540285801,0,0.0187152383448001,0.0376088989641257
"3629001","3639000",3634000.5,"Fst",0.0339385552946436,0,0.0188635285213152,0.0386177330084486
"3630001","3640000",3635000.5,"Fst",0.0352308267863821,0,0.0184908226662646,0.0376108078235736
"3631001","3641000",3636000.5,"Fst",0.0289944723339123,0,0.0187598264039658,0.0454755267811647
"3632001","3642000",3637000.5,"Fst",0.0300676347722298,0,0.0192027306713055,0.0434696580197864
"3633001","3643000",3638000.5,"Fst",0.0273120206211492,0,0.0179966519473276,0.0447625039320542
"3634001","3644000",3639000.5,"Fst",0.0269354518714041,0,0.0181505217743654,0.045733194009056
"3635001","3645000",3640000.5,"Fst",0.0267080632568949,0,0.017812487567398,0.0437013748268144
"3636001","3646000",3641000.5,"Fst",0.0267641894780891,0,0.0175123166082045,0.0449450568958479
"3637001","3647000",3642000.5,"Fst",0.0233930607420424,0,0.0175058481348188,0.0444199818569143
"3638001","3648000",3643000.5,"Fst",0.0294831374796981,0,0.0160602463198512,0.0359189306616914
"3639001","3649000",3644000.5,"Fst",0.0330914063321762,0,0.0178872819264204,0.0388569711989788
"3640001","3650000",3645000.5,"Fst",0.0336315915056072,0,0.0198972453942765,0.0346815294619769
"3641001","3651000",3646000.5,"Fst",0.0378831767953107,0,0.017706332015771,0.0304979660965689
"3642001","3652000",3647000.5,"Fst",0.035574601231167,0,0.0150278348521409,0.0268771811325003
"3643001","3653000",3648000.5,"Fst",0.0286127607735647,0,0.0189357090368482,0.0335247050314182
"3644001","3654000",3649000.5,"Fst",0.0278296158061553,0,0.0184173999914137,0.0327272727272725
"3645001","3655000",3650000.5,"Fst",0.023473869126043,0,0.0176186965555553,0.0327400452232343
"3646001","3656000",3651000.5,"Fst",0.0270893918320898,0,0.0175713083161061,0.0312252521859508
"3647001","3657000",3652000.5,"Fst",0.026795867212814,0,0.0171082476438845,0.0294647151790008
"3648001","3658000",3653000.5,"Fst",0.0200145787774654,0,0.018707900703013,0.0346147186147185
"3649001","3659000",3654000.5,"Fst",0.0195055691388211,0,0.0236453994841221,0.0486639714036456
"3650001","3660000",3655000.5,"Fst",0.0209118076818585,0,0.0212282298655301,0.0430641904924126
"3651001","3661000",3656000.5,"Fst",0.0199224365852461,0,0.0199567114464905,0.0411490794469519
"3652001","3662000",3657000.5,"Fst",0.0168170872814835,0,0.0185033395944017,0.0376607628426545
"3653001","3663000",3658000.5,"Fst",0.0155875980908143,0,0.0177823999710805,0.0342002301495973
"3654001","3664000",3659000.5,"Fst",0.0155450400254095,0,0.0169497341241921,0.0339588013796159
"3655001","3665000",3660000.5,"Fst",0.015779085708883,0,0.0188071315303429,0.0363300499742312
"3656001","3666000",3661000.5,"Fst",0.00846792801107521,0,0.0183462151288638,0.0355414569407804
"3657001","3667000",3662000.5,"Fst",0.00846792801107521,0,0.0182750122426515,0.0355858045697617
"3658001","3668000",3663000.5,"Fst",0.00723254099050286,0,0.0172428957521943,0.0310531871938197
"3659001","3669000",3664000.5,"Fst",0.00722242184692767,0,0.0162890415887861,0.029859358095925
"3660001","3670000",3665000.5,"Fst",0.00681280569548715,0,0.0162679238415135,0.0441614091454331
"3661001","3671000",3666000.5,"Fst",0.0101190629701269,0,0.016890307256316,0.0475135378723071
"3662001","3672000",3667000.5,"Fst",0.0282261055479198,0,0.0207998305632324,0.0473454152546534
"3663001","3673000",3668000.5,"Fst",0.029388519339739,0,0.0218638855022595,0.0494531262599384
"3664001","3674000",3669000.5,"Fst",0.0289444302860402,0,0.0201332532512176,0.0445753409053439
"3665001","3675000",3670000.5,"Fst",0.0291076288458488,0,0.0202306909523714,0.044823646793208
"3666001","3676000",3671000.5,"Fst",0.0329767159343998,0,0.0198240443501229,0.0411971962367742
"3667001","3677000",3672000.5,"Fst",0.0324732667544395,0,0.0194058110452283,0.0406043706496826
"3668001","3678000",3673000.5,"Fst",0.03420109580927,0,0.0190682481301698,0.0414272111129783
"3669001","3679000",3674000.5,"Fst",0.0354425571816875,0,0.0205699385659589,0.0447879375716427
"3670001","3680000",3675000.5,"Fst",0.0311273418247676,0,0.0189025633161473,0.042111391943161
"3671001","3681000",3676000.5,"Fst",0.0302686164277861,0,0.0169727262076604,0.043148104954705
"3672001","3682000",3677000.5,"Fst",0.0176246260647165,0,0.0176111185048237,0.0388713996236794
"3673001","3683000",3678000.5,"Fst",0.0158659428248659,0,0.015962899021556,0.036010973729546
"3674001","3684000",3679000.5,"Fst",0.0167102219175735,0,0.0166088526943567,0.0365426661845628
"3675001","3685000",3680000.5,"Fst",0.0153014311985288,0,0.0154694437606395,0.0339577724824629
"3676001","3686000",3681000.5,"Fst",0.0105569953618667,0,0.0159775867173728,0.0287081339712919
"3677001","3687000",3682000.5,"Fst",0.0089618858318512,0,0.0151309175531915,0.0271008140262993
"3678001","3688000",3683000.5,"Fst",0.017233068209207,0,0.0167803477959347,0.0324612066851132
"3679001","3689000",3684000.5,"Fst",0.0167732593218294,0,0.0174898049364865,0.0324697485797532
"3680001","3690000",3685000.5,"Fst",0.023440610484406,0,0.0167926907826071,0.0350404249318417
"3681001","3691000",3686000.5,"Fst",0.023466112158035,0,0.0186783141772324,0.0388809740779246
"3682001","3692000",3687000.5,"Fst",0.0232592627465749,0,0.018131244596046,0.0427321711170839
"3683001","3693000",3688000.5,"Fst",0.0258136924803591,0,0.0185977664638189,0.0484099892616988
"3684001","3694000",3689000.5,"Fst",0.0208352959648296,0,0.0172306126574063,0.0417056312069162
"3685001","3695000",3690000.5,"Fst",0.0388075082811925,0,0.0186079390728313,0.0387127467253063
"3686001","3696000",3691000.5,"Fst",0.0363108390856294,0,0.0193105953367704,0.0371905607046606
"3687001","3697000",3692000.5,"Fst",0.0356552123194174,0,0.0203772063380921,0.0388997171717171
"3688001","3698000",3693000.5,"Fst",0.0306253378619585,0,0.0211263153855704,0.039367557310844
"3689001","3699000",3694000.5,"Fst",0.0317578555316581,0,0.021010658307514,0.039870578295976
"3690001","3700000",3695000.5,"Fst",0.0233355532022519,0,0.0209197152376173,0.0531829175902598
"3691001","3701000",3696000.5,"Fst",0.0205107676485615,0,0.0215669379949108,0.0496549441930698
"3692001","3702000",3697000.5,"Fst",0.0203028268814799,0,0.022773711933049,0.0533589935493068
"3693001","3703000",3698000.5,"Fst",0.0248826851189057,0,0.0225008188009204,0.0545222746847369
"3694001","3704000",3699000.5,"Fst",0.0275316455696202,0,0.0230593510796567,0.0483304600595118
"3695001","3705000",3700000.5,"Fst",0.00478009472176832,0,0.0210573775373582,0.035849528794314
"3696001","3706000",3701000.5,"Fst",0.00435871743486982,0,0.0216626711573993,0.0402243391480062
"3697001","3707000",3702000.5,"Fst",0.00526054941942811,0,0.0222460956590712,0.0434650620697132
"3698001","3708000",3703000.5,"Fst",0.00552231829866789,0,0.0212666641634152,0.0441103045665783
"3699001","3709000",3704000.5,"Fst",0.00548285303262341,0,0.0211176831742162,0.0437994340586841
"3700001","3710000",3705000.5,"Fst",0,0,0.0255901025873873,0.0575727131576981
"3701001","3711000",3706000.5,"Fst",0.0110145150043821,0,0.0293516087291287,0.0818153203422325
"3702001","3712000",3707000.5,"Fst",0.00855905205905216,0,0.0316038055042959,0.088483885955024
"3703001","3713000",3708000.5,"Fst",0.00547785547785551,0,0.0326179080016986,0.0906606620232774
"3704001","3714000",3709000.5,"Fst",0.00412849969353957,0,0.0329089243875787,0.0915623747026275
"3705001","3715000",3710000.5,"Fst",0.00463478695338582,0,0.0345916445743052,0.0947209485844602
"3706001","3716000",3711000.5,"Fst",0.00715510696434007,0,0.0340929670036805,0.0937377887888493
"3707001","3717000",3712000.5,"Fst",0.00751126166853522,0,0.0348163677368581,0.0958565790353869
"3708001","3718000",3713000.5,"Fst",0.00610634350794392,0,0.0350235955442401,0.0943583324405753
"3709001","3719000",3714000.5,"Fst",0.00610912562227317,0,0.0350235955442401,0.0943583324405753
"3710001","3720000",3715000.5,"Fst",0.0115666530900151,0,0.0260791692816301,0.0600192020160442
"3711001","3721000",3716000.5,"Fst",0.00307128816636482,0,0.0268542068837577,0.0537873212884425
"3712001","3722000",3717000.5,"Fst",0.0058616281607583,0,0.0268905713180196,0.0611271093471748
"3713001","3723000",3718000.5,"Fst",0.00668794931759409,0,0.026649588366977,0.0614708767394874
"3714001","3724000",3719000.5,"Fst",0.0100927905732139,0,0.0323928590529714,0.0818001644162912
"3715001","3725000",3720000.5,"Fst",0.0177320465836912,0,0.0286697305946642,0.0727934370033126
"3716001","3726000",3721000.5,"Fst",0.0163759827068076,0,0.0302075580425899,0.059936398080728
"3717001","3727000",3722000.5,"Fst",0.0165838403686975,0,0.0305867404709366,0.0607413589036292
"3718001","3728000",3723000.5,"Fst",0.0178655064657759,0,0.0319127399049051,0.0693771218677315
"3719001","3729000",3724000.5,"Fst",0.0132193441699077,0,0.0347287599707387,0.0716800873481643
"3720001","3730000",3725000.5,"Fst",0.0199942201304599,0,0.0415709219529966,0.0850775904203322
"3721001","3731000",3726000.5,"Fst",0.0136676791222247,0,0.0473625928088158,0.0904781062571389
"3722001","3732000",3727000.5,"Fst",0.0149198996332756,0,0.0437331336918016,0.0846759900125491
"3723001","3733000",3728000.5,"Fst",0.0146818613485279,0,0.0431773735811189,0.0846142379522562
"3724001","3734000",3729000.5,"Fst",0.00907259628964019,0,0.0369206973567276,0.0916995786069382
"3725001","3735000",3730000.5,"Fst",0.00552816060465577,0,0.0388657744751616,0.100913311386849
"3726001","3736000",3731000.5,"Fst",0,0,0.0346980340605736,0.0982043315772886
"3727001","3737000",3732000.5,"Fst",0,0,0.0331973382441582,0.093252924445585
"3728001","3738000",3733000.5,"Fst",0.00124782159958026,0,0.0317062366952849,0.0904055969043239
"3729001","3739000",3734000.5,"Fst",0.0116407395252159,0,0.0252066791223905,0.0743909851779117
"3730001","3740000",3735000.5,"Fst",0.0111921438371002,0,0.0213379928303057,0.0564054801916717
"3731001","3741000",3736000.5,"Fst",0.0159559280954795,0,0.0228628111488643,0.0555833456975914
"3732001","3742000",3737000.5,"Fst",0.0146185025165918,0,0.0235863241795678,0.0580943140482654
"3733001","3743000",3738000.5,"Fst",0.0138593761576646,0,0.0231177330389051,0.0573697302816674
"3734001","3744000",3739000.5,"Fst",0.0234146705231255,0,0.0283132291346016,0.0845825053816858
"3735001","3745000",3740000.5,"Fst",0.020904544970935,0,0.0263532420456226,0.0782549227685412
"3736001","3746000",3741000.5,"Fst",0.020294346176699,0,0.0255222465051235,0.0751265780508984
"3737001","3747000",3742000.5,"Fst",0.0179615469335096,0,0.024518072905797,0.0691183652995763
"3738001","3748000",3743000.5,"Fst",0.0170108730618284,0,0.0253916154492701,0.0716866900009459
"3739001","3749000",3744000.5,"Fst",0.0114772610614926,0,0.0183413144326848,0.0613517015617541
"3740001","3750000",3745000.5,"Fst",0.0122499655124846,0,0.0150537287907623,0.042059870723649
"3741001","3751000",3746000.5,"Fst",0.00887866246032432,0,0.0275467956787845,0.0715643068346612
"3742001","3752000",3747000.5,"Fst",0.00917515340940245,0,0.0284807882331246,0.0740614051757321
"3743001","3753000",3748000.5,"Fst",0.0135334576880624,0,0.0278741965543965,0.0723934097529602
"3744001","3754000",3749000.5,"Fst",0.0146280011372215,0,0.0294289385054995,0.0733815372329423
"3745001","3755000",3750000.5,"Fst",0.0196134650100882,0,0.0294305244571267,0.0728645833333332
"3746001","3756000",3751000.5,"Fst",0.0206054493497762,0,0.0304966298402045,0.076043190525949
"3747001","3757000",3752000.5,"Fst",0.0221635196532032,0,0.031648971568962,0.077767402939991
"3748001","3758000",3753000.5,"Fst",0.0221724285104566,0,0.0305692285217803,0.0764687081760252
"3749001","3759000",3754000.5,"Fst",0.0206262846088743,0,0.0313103152182181,0.0758497316636851
"3750001","3760000",3755000.5,"Fst",0.0210227615770089,0,0.0316578191466036,0.0762639831957405
"3751001","3761000",3756000.5,"Fst",0.0260660907719731,0,0.0163380386972607,0.0316670182099417
"3752001","3762000",3757000.5,"Fst",0.0235981308411215,0,0.0165929049684412,0.0308345978755691
"3753001","3763000",3758000.5,"Fst",0.0312932883559637,0,0.0178597243266989,0.0401612693458187
"3754001","3764000",3759000.5,"Fst",0.0257530037855926,0,0.0183917753422082,0.0455730489250041
"3755001","3765000",3760000.5,"Fst",0.0206144976446601,0,0.0198809722731495,0.0434249696969697
"3756001","3766000",3761000.5,"Fst",0.0198562643550418,0,0.0204482798131715,0.0437735311476077
"3757001","3767000",3762000.5,"Fst",0.020723502453928,0,0.0198162201642935,0.0408526674327836
"3758001","3768000",3763000.5,"Fst",0.0192098544950829,0,0.0196080505776857,0.0439519248580738
"3759001","3769000",3764000.5,"Fst",0.0234664810589948,0,0.0179906108779045,0.0402183691325618
"3760001","3770000",3765000.5,"Fst",0.0159885274020752,0,0.0161965994564248,0.0357183526285821
"3761001","3771000",3766000.5,"Fst",0.0143426495812733,0,0.0146364600403481,0.0324035812672175
"3762001","3772000",3767000.5,"Fst",0.0160508856865131,0,0.0137437355477667,0.0247462826804322
"3763001","3773000",3768000.5,"Fst",0.00439999999999996,0,0.0168860595313844,0.0429445669963708
"3764001","3774000",3769000.5,"Fst",0.00640895659483021,0,0.0166597150509433,0.0410152466337365
"3765001","3775000",3770000.5,"Fst",0.000719669764438713,0,0.0220245065203995,0.0517341312981164
"3766001","3776000",3771000.5,"Fst",0.00660379040453563,0,0.0180647347190413,0.0434387236715419
"3767001","3777000",3772000.5,"Fst",0.0122894856622668,0,0.0159648206455572,0.0370721110150517
"3768001","3778000",3773000.5,"Fst",0.0163367022013012,0,0.01555117256633,0.0383214414502019
"3769001","3779000",3774000.5,"Fst",0.0116647889765144,0,0.0162257915821968,0.0495304640848387
"3770001","3780000",3775000.5,"Fst",0.0129182326053834,0,0.0167520301676244,0.0468674575813551
"3771001","3781000",3776000.5,"Fst",0.0103002378919445,0,0.016300045922859,0.040915932510236
"3772001","3782000",3777000.5,"Fst",0.00930102183828962,0,0.0175136366637117,0.0368667844635904
"3773001","3783000",3778000.5,"Fst",0.00595493002158254,0,0.0187458232609373,0.0438612943625775
"3774001","3784000",3779000.5,"Fst",0.00388585724696311,0,0.0207494869726686,0.0483852814974697
"3775001","3785000",3780000.5,"Fst",0.00663997330664001,0,0.0208929382654561,0.0471685650499594
"3776001","3786000",3781000.5,"Fst",0.00500665662716349,0,0.0219841396023248,0.0491183108399091
"3777001","3787000",3782000.5,"Fst",0.00149716931954558,0,0.023639765858004,0.0542373196104826
"3778001","3788000",3783000.5,"Fst",0,0,0.0244029508822225,0.0583158076488723
"3779001","3789000",3784000.5,"Fst",0,0,0.0262733736534403,0.0679487295708397
"3780001","3790000",3785000.5,"Fst",0,0,0.025406262762642,0.0658530779653569
"3781001","3791000",3786000.5,"Fst",0.000291128293388732,0,0.0225203810477871,0.0569086223803335
"3782001","3792000",3787000.5,"Fst",0,0,0.023285844618944,0.0579872635527133
"3783001","3793000",3788000.5,"Fst",0.00323928944618601,0,0.0246312911778244,0.0516391255904461
"3784001","3794000",3789000.5,"Fst",0.00433391385115534,0,0.0224319953675792,0.0513870109670636
"3785001","3795000",3790000.5,"Fst",0,0,0.0258581777835142,0.0686700728602957
"3786001","3796000",3791000.5,"Fst",0,0,0.0255880154740919,0.0728718858870702
"3787001","3797000",3792000.5,"Fst",0.00717681159420291,0,0.0306383999581,0.0783360953282829
"3788001","3798000",3793000.5,"Fst",0.0095376368103639,0,0.0267748417964211,0.0687408036648817
"3789001","3799000",3794000.5,"Fst",0.0142814931547325,0,0.0272652144907253,0.0595844693052552
"3790001","3800000",3795000.5,"Fst",0.0206133863037629,0,0.0256684999133629,0.0522728409034094
"3791001","3801000",3796000.5,"Fst",0.01327379187903,0,0.0257390697675697,0.046719160104987
"3792001","3802000",3797000.5,"Fst",0.0133923630326507,0,0.0293726313044925,0.0491887848538782
"3793001","3803000",3798000.5,"Fst",0.012520319563433,0,0.0289738842370958,0.0467166445245777
"3794001","3804000",3799000.5,"Fst",0.0193368715402614,0,0.0277343389938576,0.0421697494424766
"3795001","3805000",3800000.5,"Fst",0.019760650809496,0,0.0272440954027476,0.0423997574100129
"3796001","3806000",3801000.5,"Fst",0.019913587867031,0,0.0283247110421236,0.0432364607787582
"3797001","3807000",3802000.5,"Fst",0.0277832560172928,0,0.0299976387769889,0.0497104199191385
"3798001","3808000",3803000.5,"Fst",0.0319955610445866,0,0.0351269411211871,0.0819732506299671
"3799001","3809000",3804000.5,"Fst",0.0280317892977525,0,0.033007890834462,0.0750467075146598
"3800001","3810000",3805000.5,"Fst",0.0230538799762329,0,0.0293298790877296,0.0630827950132615
"3801001","3811000",3806000.5,"Fst",0.0245004898275352,0,0.030972320961092,0.0684871414262094
"3802001","3812000",3807000.5,"Fst",0.0253159072857245,0,0.0351024252071906,0.075533399977195
"3803001","3813000",3808000.5,"Fst",0.0256543294898752,0,0.0348672745432932,0.0806422593513425
"3804001","3814000",3809000.5,"Fst",0.0249407525592275,0,0.037130364954617,0.0884856773005908
"3805001","3815000",3810000.5,"Fst",0.0256273009411085,0,0.0371834156736869,0.0885208355934859
"3806001","3816000",3811000.5,"Fst",0.0247268233774259,0,0.036493324664637,0.0867905026697352
"3807001","3817000",3812000.5,"Fst",0.0177203350197696,0,0.0349573992931224,0.0796932047299874
"3808001","3818000",3813000.5,"Fst",0.00775852152908252,0,0.0378460131010964,0.0855775803144224
"3809001","3819000",3814000.5,"Fst",0.00971680292762167,0,0.0410232445808153,0.0922880216220444
"3810001","3820000",3815000.5,"Fst",0.0109327205643083,0,0.0371212495341101,0.0841941012831672
"3811001","3821000",3816000.5,"Fst",0.0124417270045589,0,0.0366198973278248,0.078385614108916
"3812001","3822000",3817000.5,"Fst",0.027303989628254,0,0.0389818743740852,0.0777428449128401
"3813001","3823000",3818000.5,"Fst",0.0273434519782034,0,0.040474119527609,0.105090187433414
"3814001","3824000",3819000.5,"Fst",0.0313806419613123,0,0.0471773390859264,0.122492009335915
"3815001","3825000",3820000.5,"Fst",0.0330129488719798,0,0.0481826084750749,0.122934068706728
"3816001","3826000",3821000.5,"Fst",0.0348772660525963,0,0.0496735956694934,0.124704845779931
"3817001","3827000",3822000.5,"Fst",0.0359548859020579,0,0.0487457869533999,0.126598643905204
"3818001","3828000",3823000.5,"Fst",0.0383329505142536,0,0.0510092613640445,0.136452838422343
"3819001","3829000",3824000.5,"Fst",0.0382026976452092,0,0.0509136733136211,0.13617771968549
"3820001","3830000",3825000.5,"Fst",0.0408121562839454,0,0.0495987648753272,0.135367320014654
"3821001","3831000",3826000.5,"Fst",0.0421264447756252,0,0.0487449891620612,0.129984018710761
"3822001","3832000",3827000.5,"Fst",0.0359881045411132,0,0.0475085953635909,0.133549973418394
"3823001","3833000",3828000.5,"Fst",0.0363356788836744,0,0.0404261995379894,0.104665948503475
"3824001","3834000",3829000.5,"Fst",0.0289084411322033,0,0.0394146437218953,0.0974276295605371
"3825001","3835000",3830000.5,"Fst",0.0229415174527161,0,0.0322149048005482,0.0869289914066034
"3826001","3836000",3831000.5,"Fst",0.0101078127824328,0,0.0401237502211829,0.0768756889782169
"3827001","3837000",3832000.5,"Fst",0.00884548418167008,0,0.0499945630979077,0.0843667123914037
"3828001","3838000",3833000.5,"Fst",0.00869803178612782,0,0.0478645658797536,0.0896350058069607
"3829001","3839000",3834000.5,"Fst",0.00936929288541855,0,0.0462075105110046,0.0845590579108285
"3830001","3840000",3835000.5,"Fst",0.00936639118457305,0,0.0465977045955575,0.0843123486504589
"3831001","3841000",3836000.5,"Fst",0.0106659377277933,0,0.0468272633706041,0.0852682722054947
"3832001","3842000",3837000.5,"Fst",0.0125210689548064,0,0.0455610495677016,0.084473403168188
"3833001","3843000",3838000.5,"Fst",0.0151495354570886,0,0.0451432539565684,0.0793016744533575
"3834001","3844000",3839000.5,"Fst",0.0159575478868956,0,0.0438697774610809,0.0804194462611729
"3835001","3845000",3840000.5,"Fst",0.016000253670292,0,0.0385418128555831,0.0737791831357049
"3836001","3846000",3841000.5,"Fst",0.0199930629933566,0,0.0409414047547715,0.105349329009641
"3837001","3847000",3842000.5,"Fst",0.0212500387946797,0,0.0466526943472937,0.120457362695536
"3838001","3848000",3843000.5,"Fst",0.0258574296555564,0,0.0541201398351444,0.13849995067125
"3839001","3849000",3844000.5,"Fst",0.0332897215485177,0,0.0592217978911313,0.152615924448648
"3840001","3850000",3845000.5,"Fst",0.0341694184568332,0,0.0602908599586354,0.148581653905952
"3841001","3851000",3846000.5,"Fst",0.0268088805127497,0,0.057035531554784,0.135134784425372
"3842001","3852000",3847000.5,"Fst",0.0211630911603871,0,0.0456911807907607,0.10509358770833
"3843001","3853000",3848000.5,"Fst",0.0370281115267727,0,0.043891926181688,0.0853200957199943
"3844001","3854000",3849000.5,"Fst",0.0362036798965851,0,0.0430664431787417,0.0839701903042768
"3845001","3855000",3850000.5,"Fst",0.0361369741245723,0,0.0436507309230699,0.0820641881022635
"3846001","3856000",3851000.5,"Fst",0.0375586340794972,0,0.0389644777993324,0.0709339587390898
"3847001","3857000",3852000.5,"Fst",0.0380439758519258,0,0.0402946471399049,0.0701693845548967
"3848001","3858000",3853000.5,"Fst",0.0373297647107166,0,0.0392495671625281,0.0724941457032711
"3849001","3859000",3854000.5,"Fst",0.0357103078866637,0,0.0367335121197336,0.0741203651565268
"3850001","3860000",3855000.5,"Fst",0.0346773853538358,0,0.0397018901531089,0.084373383845097
"3851001","3861000",3856000.5,"Fst",0.0417745987532919,0,0.0461655568173373,0.0982103830002703
"3852001","3862000",3857000.5,"Fst",0.0567947971497124,0,0.051735218338499,0.118361856606999
"3853001","3863000",3858000.5,"Fst",0.0114885867258212,0,0.033018201581842,0.0926262116239396
"3854001","3864000",3859000.5,"Fst",0.0133802562714312,0,0.0342991840277444,0.112503332444681
"3855001","3865000",3860000.5,"Fst",0.0133858086718944,0,0.0361382484421651,0.118982514439434
"3856001","3866000",3861000.5,"Fst",0.00982919693532236,0,0.0422304499850841,0.136893834737549
"3857001","3867000",3862000.5,"Fst",0.00780175501273517,0,0.0436513768168018,0.143369621460728
"3858001","3868000",3863000.5,"Fst",0.00769596688137197,0,0.0455974037182719,0.147974540046385
"3859001","3869000",3864000.5,"Fst",0.00229190640583055,0,0.0459456578356646,0.145709862291876
"3860001","3870000",3865000.5,"Fst",0.002957906712173,0,0.046011199329333,0.142832026957732
"3861001","3871000",3866000.5,"Fst",0.00747887733714925,0,0.0466319672783916,0.142784769244058
"3862001","3872000",3867000.5,"Fst",0.0121553338346275,0,0.044052850175054,0.132848145499792
"3863001","3873000",3868000.5,"Fst",0.0165200631675808,0,0.0382161590168515,0.127196526389947
"3864001","3874000",3869000.5,"Fst",0.0173849829375624,0,0.0362626010544743,0.0894411192239527
"3865001","3875000",3870000.5,"Fst",0.0162291169451074,0,0.0326602875107295,0.0798349811016706
"3866001","3876000",3871000.5,"Fst",0.018673647469459,0,0.0349293059980501,0.0749060415475511
"3867001","3877000",3872000.5,"Fst",0.031050875328549,0,0.0320986109031385,0.0740880399754941
"3868001","3878000",3873000.5,"Fst",0.0276264246142924,0,0.0309437833006303,0.0693257813510065
"3869001","3879000",3874000.5,"Fst",0.0299129912991299,0,0.0371350377237259,0.0933777380686144
"3870001","3880000",3875000.5,"Fst",0.0301947011922027,0,0.03747649176468,0.0941971405233298
"3871001","3881000",3876000.5,"Fst",0.0217315064839818,0,0.0376179880769175,0.0885677508680461
"3872001","3882000",3877000.5,"Fst",0.00708180113484169,0,0.03145505821823,0.0737151780485764
"3873001","3883000",3878000.5,"Fst",0.00733014970849311,0,0.033259068157446,0.0746928746928748
"3874001","3884000",3879000.5,"Fst",0.00747270686664614,0,0.03428613247154,0.0785520044445746
"3875001","3885000",3880000.5,"Fst",0.0217178830559113,0,0.0286168868412708,0.0795890764544938
"3876001","3886000",3881000.5,"Fst",0.0217178830559113,0,0.0286168868412708,0.0795890764544938
"3877001","3887000",3882000.5,"Fst",0.0748900406219357,0,0.0306331872232232,0.0810656904616637
"3878001","3888000",3883000.5,"Fst",0.0960754716981131,0,0.0347591436575012,0.0920907641003335
"3879001","3889000",3884000.5,"Fst",0.0786282048588496,0,0.0337278109983066,0.0817204301075271
"3880001","3890000",3885000.5,"Fst",0.0629951690821257,0,0.0444915915305956,0.123956213748445
"3881001","3891000",3886000.5,"Fst",0.0563842542817576,0,0.0490447718987036,0.133435031349797
"3882001","3892000",3887000.5,"Fst",0.0570253629025042,0,0.049633505086281,0.134960598744152
"3883001","3893000",3888000.5,"Fst",0.0556287743264489,0,0.047705182714825,0.130586560102889
"3884001","3894000",3889000.5,"Fst",0.0543426190656917,0,0.0459882079768359,0.129639531256962
"3885001","3895000",3890000.5,"Fst",0.0605148962549686,0,0.0444765737813867,0.12338141129293
"3886001","3896000",3891000.5,"Fst",0.0546674999677372,0,0.0449157591479712,0.127639703008988
"3887001","3897000",3892000.5,"Fst",0.0434415281761626,0,0.0430116528424077,0.124410430899092
"3888001","3898000",3893000.5,"Fst",0.0434415281761626,0,0.0430116528424077,0.124359680723317
"3889001","3899000",3894000.5,"Fst",0.0427185664976876,0,0.0418584553168566,0.124304815157043
"3890001","3900000",3895000.5,"Fst",0.0402080975732428,0,0.039551142722457,0.100689917498459
"3891001","3901000",3896000.5,"Fst",0.0405036141377424,0,0.0349094294017145,0.0922351265963601
"3892001","3902000",3897000.5,"Fst",0.0402625468200981,0,0.034725821028164,0.0917635079797241
"3893001","3903000",3898000.5,"Fst",0.0341079530761454,0,0.0400588131670256,0.115065818783395
"3894001","3904000",3899000.5,"Fst",0.0351105609804551,0,0.0409730512558931,0.120033506173277
"3895001","3905000",3900000.5,"Fst",0.0274760942760942,0,0.0438294365729991,0.131922224480513
"3896001","3906000",3901000.5,"Fst",0.0335632346248607,0,0.0423207420969374,0.136272496586986
"3897001","3907000",3902000.5,"Fst",0.0333936495022747,0,0.0470383770262012,0.156906591507352
"3898001","3908000",3903000.5,"Fst",0.0303113747971243,0,0.044027757972251,0.14174205672829
"3899001","3909000",3904000.5,"Fst",0.0325998841922408,0,0.0451512246648247,0.129672006102212
"3900001","3910000",3905000.5,"Fst",0.0195965008423147,0,0.047828572005171,0.129109127734008
"3901001","3911000",3906000.5,"Fst",0.0275665939899518,0,0.042823986754983,0.115093820070021
"3902001","3912000",3907000.5,"Fst",0.0277984896281426,0,0.0431525786468033,0.116031038904385
"3903001","3913000",3908000.5,"Fst",0.05002749942989,0,0.0382576580086098,0.0865248226950357
"3904001","3914000",3909000.5,"Fst",0.0621025462784172,0,0.0463837292449506,0.114656104664663
"3905001","3915000",3910000.5,"Fst",0.0585191787152571,0,0.0477524160248085,0.113445198657256
"3906001","3916000",3911000.5,"Fst",0.0592470319773427,0,0.0490707510807923,0.116139827479607
"3907001","3917000",3912000.5,"Fst",0.0592470319773427,0,0.0490707510807923,0.116139827479607
"3908001","3918000",3913000.5,"Fst",0.0642788878596739,0,0.0534143362890547,0.125987150421351
"3909001","3919000",3914000.5,"Fst",0.0641323072431124,0,0.049451825974148,0.108690109243722
"3910001","3920000",3915000.5,"Fst",0.0759372018916562,0,0.0437379405636045,0.0980020560225676
"3911001","3921000",3916000.5,"Fst",0.0810279065938591,0,0.0520888857743256,0.134136654160607
"3912001","3922000",3917000.5,"Fst",0.0801119463522796,0,0.0513025929530454,0.132555516329852
"3913001","3923000",3918000.5,"Fst",0.0675164261543831,0,0.0528435849633941,0.13909585251601
"3914001","3924000",3919000.5,"Fst",0.0687189413748995,0,0.0392515301700531,0.104987990348308
"3915001","3925000",3920000.5,"Fst",0.0723595640196431,0,0.0421585460131764,0.111056099637197
"3916001","3926000",3921000.5,"Fst",0.0701282118252047,0,0.0408455846254959,0.107885436594746
"3917001","3927000",3922000.5,"Fst",0.053883490838103,0,0.0339653238004968,0.0884236385756142
"3918001","3928000",3923000.5,"Fst",0.0453039430449068,0,0.0348214572560244,0.0805464698586916
"3919001","3929000",3924000.5,"Fst",0.0476034937206056,0,0.0369500849018837,0.0847954387606227
"3920001","3930000",3925000.5,"Fst",0.0469255794216896,0,0.0356718482945115,0.082532877135025
"3921001","3931000",3926000.5,"Fst",0.032774762550882,0,0.0381583732787339,0.0864770211660009
"3922001","3932000",3927000.5,"Fst",0.0321145881013252,0,0.0376576447331294,0.0850722311396469
"3923001","3933000",3928000.5,"Fst",0.0351693745462724,0,0.0390709804412867,0.0869880340927306
"3924001","3934000",3929000.5,"Fst",0.0150930845086882,0,0.0356880412443662,0.0805479774345952
"3925001","3935000",3930000.5,"Fst",0.0119890096762632,0,0.0317371553487651,0.0731868577218122
"3926001","3936000",3931000.5,"Fst",0.0250703446170868,0,0.0280702506006764,0.0572219658514075
"3927001","3937000",3932000.5,"Fst",0.0297808509030455,0,0.0293025220102023,0.0633531539837945
"3928001","3938000",3933000.5,"Fst",0.033713232027015,0,0.0234395251140632,0.0584076915478582
"3929001","3939000",3934000.5,"Fst",0.0421124427555297,0,0.0235256490008283,0.0629876363636364
"3930001","3940000",3935000.5,"Fst",0.0365141600418223,0,0.0244423017657774,0.0570016563202755
"3931001","3941000",3936000.5,"Fst",0.0395975415865785,0,0.0247309218302735,0.0582216531512306
"3932001","3942000",3937000.5,"Fst",0.0405981846379728,0,0.0253473560488396,0.0596538324992828
"3933001","3943000",3938000.5,"Fst",0.0366188318227593,0,0.0261412018982282,0.0727617340960782
"3934001","3944000",3939000.5,"Fst",0.0323770775884152,0,0.0311925345748415,0.0608172807860664
"3935001","3945000",3940000.5,"Fst",0.0330829250589729,0,0.0316568525985519,0.0639389535014856
"3936001","3946000",3941000.5,"Fst",0.0231521564854898,0,0.0361575904416701,0.0682201958797704
"3937001","3947000",3942000.5,"Fst",0.0178365221329106,0,0.0373177888268892,0.0649281441348628
"3938001","3948000",3943000.5,"Fst",0.0162853019995879,0,0.0319580618335869,0.0657534532513008
"3939001","3949000",3944000.5,"Fst",0.0092412676382142,0,0.0321726464098902,0.065207356116447
"3940001","3950000",3945000.5,"Fst",0.0109018230270729,0,0.033263064980589,0.0673582388631202
"3941001","3951000",3946000.5,"Fst",0.012089293195284,0,0.0330638989288788,0.0664072030206215
"3942001","3952000",3947000.5,"Fst",0.0121452621452621,0,0.0332129655640659,0.0667484089449407
"3943001","3953000",3948000.5,"Fst",0.0136582920869619,0,0.0349328917817937,0.0693653581926014
"3944001","3954000",3949000.5,"Fst",0.00869047964483627,0,0.02721192743604,0.0771650018187414
"3945001","3955000",3950000.5,"Fst",0.0124224843370412,0,0.0240206963746771,0.0784359379262385
"3946001","3956000",3951000.5,"Fst",0.0122528444807023,0,0.0236924397041526,0.0774732927268932
"3947001","3957000",3952000.5,"Fst",0.0180975310136428,0,0.0237823946856219,0.048159446817165
"3948001","3958000",3953000.5,"Fst",0.0268417771346139,0,0.0296030960660766,0.0633501135129799
"3949001","3959000",3954000.5,"Fst",0.0282362276127862,0,0.0288150203857911,0.0618807453299803
"3950001","3960000",3955000.5,"Fst",0.0273383706476346,0,0.0291813113949966,0.0604101099449581
"3951001","3961000",3956000.5,"Fst",0.0231787936398203,0,0.0258448639598409,0.0469885265245663
"3952001","3962000",3957000.5,"Fst",0.0275352806038726,0,0.0244124772306892,0.0441715059012967
"3953001","3963000",3958000.5,"Fst",0.0276883411540246,0,0.0245472374425023,0.0444175727258945
"3954001","3964000",3959000.5,"Fst",0.0249657434238606,0,0.0266112560081602,0.046596495932779
"3955001","3965000",3960000.5,"Fst",0.0166784120272493,0,0.0318685278493694,0.067520529435352
"3956001","3966000",3961000.5,"Fst",0.0264358379868949,0,0.0337951338966158,0.0690194268401648
"3957001","3967000",3962000.5,"Fst",0.0484089234273465,0,0.0357813651467179,0.064497757180684
"3958001","3968000",3963000.5,"Fst",0.0579140718146111,0,0.0436239729698302,0.0861757468335291
"3959001","3969000",3964000.5,"Fst",0.0545749440133777,0,0.0421004223732068,0.0762336469929676
"3960001","3970000",3965000.5,"Fst",0.0560999797506738,0,0.0416587003734115,0.0773772355063416
"3961001","3971000",3966000.5,"Fst",0.0488535644999697,0,0.0388158622306275,0.0695231390667824
"3962001","3972000",3967000.5,"Fst",0.0403530489216308,0,0.036867483149285,0.0711612657609284
"3963001","3973000",3968000.5,"Fst",0.0374128723525814,0,0.037427784866567,0.0757468339426534
"3964001","3974000",3969000.5,"Fst",0.0372670401070998,0,0.0376047961267838,0.0756368977847679
"3965001","3975000",3970000.5,"Fst",0.0431961107190464,0,0.0407235595780524,0.0832319313405638
"3966001","3976000",3971000.5,"Fst",0.0393400793758255,0,0.0427488422140653,0.0884287622780535
"3967001","3977000",3972000.5,"Fst",0.0219313094046478,0,0.0367665662889412,0.0880969616536968
"3968001","3978000",3973000.5,"Fst",0.00102517714458006,0,0.0440014757166533,0.111494085399725
"3969001","3979000",3974000.5,"Fst",0,0,0.0528944043619719,0.125919628461847
"3970001","3980000",3975000.5,"Fst",0,0,0.0565438907722656,0.130691416370671
"3971001","3981000",3976000.5,"Fst",0,0,0.0570719405833516,0.135413342074316
"3972001","3982000",3977000.5,"Fst",0,0,0.0626421793825404,0.129984245378234
"3973001","3983000",3978000.5,"Fst",0,0,0.0639329566373291,0.126637972794646
"3974001","3984000",3979000.5,"Fst",0,0,0.0641308828162241,0.126964579786195
"3975001","3985000",3980000.5,"Fst",0,0,0.0631431049584091,0.129364942732437
"3976001","3986000",3981000.5,"Fst",0,0,0.0621710074789967,0.131795978359446
"3977001","3987000",3982000.5,"Fst",0,0,0.0665853242303014,0.139647851916871
"3978001","3988000",3983000.5,"Fst",0,0,0.0639222916215184,0.137960152377755
"3979001","3989000",3984000.5,"Fst",0,0,0.0582933515535007,0.138651616839536
"3980001","3990000",3985000.5,"Fst",0,0,0.0522380007985073,0.132520209899305
"3981001","3991000",3986000.5,"Fst",0,0,0.0491264037766727,0.125219989056007
"3982001","3992000",3987000.5,"Fst",0.012100122582941,0,0.0404472048263389,0.10613242993021
"3983001","3993000",3988000.5,"Fst",0.0120147632384892,0,0.0401188108995357,0.105424687814454
"3984001","3994000",3989000.5,"Fst",0.0147436352591259,0,0.0364846534234484,0.101526896875734
"3985001","3995000",3990000.5,"Fst",0.0218712975994531,0,0.0359016211531306,0.101838215615657
"3986001","3996000",3991000.5,"Fst",0.0231666165514016,0,0.0301157586526025,0.0902399911524
"3987001","3997000",3992000.5,"Fst",0.0228538203707502,0,0.0301883682081941,0.092691622103387
"3988001","3998000",3993000.5,"Fst",0.0229891916981632,0,0.0294538406024187,0.0905638665132334
"3989001","3999000",3994000.5,"Fst",0.0223413687226437,0,0.0291282321230231,0.0895104895104895
"3990001","4e+06",3995000.5,"Fst",0.022016605315802,0,0.0296768568550202,0.0907346384958324
"3991001","4001000",3996000.5,"Fst",0.024658591774258,0,0.0294518386479169,0.0836363636363637
"3992001","4002000",3997000.5,"Fst",0.0241471364506053,0,0.03105485587872,0.0766278703994967
"3993001","4003000",3998000.5,"Fst",0.0244460777558303,0,0.0314441462180481,0.0777033492822966
"3994001","4004000",3999000.5,"Fst",0.0211363174145357,0,0.0352213978129549,0.0771610173355584
"3995001","4005000",4000000.5,"Fst",0.0117201131099212,0,0.0297462263758744,0.0635748345795472
"3996001","4006000",4001000.5,"Fst",0.00479707096673676,0,0.0373946142266529,0.0867431894704622
"3997001","4007000",4002000.5,"Fst",0.00603015840393362,0,0.0368617229645541,0.0840396080977219
"3998001","4008000",4003000.5,"Fst",0.00546574834520663,0,0.0374466376125324,0.0884438648782913
"3999001","4009000",4004000.5,"Fst",0.00164576802507843,0,0.0453817666227205,0.120325554854792
"4000001","4010000",4005000.5,"Fst",0.00207694926796054,0,0.0448449594143225,0.11837920327129
"4001001","4011000",4006000.5,"Fst",0,0,0.0639571636849624,0.162884381676911
"4002001","4012000",4007000.5,"Fst",0,0,0.0630990186842592,0.160205766653698
"4003001","4013000",4008000.5,"Fst",0,0,0.0624068631887594,0.158014006960932
"4004001","4014000",4009000.5,"Fst",0,0,0.0618792952423768,0.156934284977794
"4005001","4015000",4010000.5,"Fst",0,0,0.06194172460154,0.161080793291628
"4006001","4016000",4011000.5,"Fst",0.0108230231307156,0,0.0514880247112823,0.148166761076172
"4007001","4017000",4012000.5,"Fst",0.010172109443954,0,0.0531333676171057,0.152167939007029
"4008001","4018000",4013000.5,"Fst",0.00995503421309851,0,0.0503710839617975,0.140245605274595
"4009001","4019000",4014000.5,"Fst",0.0152874167225373,0,0.0450994504472763,0.124729396016525
"4010001","4020000",4015000.5,"Fst",0.0127392445474497,0,0.038223284786082,0.103816246432554
"4011001","4021000",4016000.5,"Fst",0.0541852047571155,0,0.0335985150588562,0.066706079749558
"4012001","4022000",4017000.5,"Fst",0.0607833111770119,0,0.0347947428819811,0.0792121212121213
"4013001","4023000",4018000.5,"Fst",0.0576499822506212,0,0.0328296190153735,0.0743453203926026
"4014001","4024000",4019000.5,"Fst",0.05724616812262,0,0.0320934431421163,0.0743438569798404
"4015001","4025000",4020000.5,"Fst",0.0542247306770588,0,0.0321728036881476,0.0717849061626515
"4016001","4026000",4021000.5,"Fst",0.0492116044079094,0,0.0302697325938913,0.0727987843032092
"4017001","4027000",4022000.5,"Fst",0.0487268462994057,0,0.0299871930516897,0.0721850299276315
"4018001","4028000",4023000.5,"Fst",0.0517785556672327,0,0.0320207517145794,0.0768809310854977
"4019001","4029000",4024000.5,"Fst",0.0503671987818103,0,0.0310988791729299,0.0747441934231323
"4020001","4030000",4025000.5,"Fst",0.0611526658995014,0,0.0315942597257659,0.0755812231600771
"4021001","4031000",4026000.5,"Fst",0.0334650856389987,0,0.02948263725609,0.0771397990539654
"4022001","4032000",4027000.5,"Fst",0,0,0.0184414290104575,0.0511645379413975
"4023001","4033000",4028000.5,"Fst",0,0,0.013249285991922,0.0298100660701799
"4024001","4034000",4029000.5,"Fst",0,0,0.0164829912887236,0.0315306270814437
"4025001","4035000",4030000.5,"Fst",0.00509090909090915,0,0.00693009118541044,0.00717612992572081
"4026001","4036000",4031000.5,"Fst",0.0109875735775015,0,0.0124199743918052,0.0146557819631036
"4027001","4037000",4032000.5,"Fst",0.0126571840857554,0,0.0123192725659078,0.0161702127659573
"4028001","4038000",4033000.5,"Fst",0.0457315159701472,0,0.0476328166166864,0.13269918263855
"4029001","4039000",4034000.5,"Fst",0.0478425327224198,0,0.0498099131499481,0.138437525671568
"4030001","4040000",4035000.5,"Fst",0.0307018381222092,0,0.0419138071783558,0.0999201431233324
"4031001","4041000",4036000.5,"Fst",0.030184153996955,0,0.0411209154721699,0.0983182169810746
"4032001","4042000",4037000.5,"Fst",0.0306437558133844,0,0.0392006378443593,0.0906736119601592
"4033001","4043000",4038000.5,"Fst",0.0298498850165049,0,0.0373189610322102,0.0817328294830338
"4034001","4044000",4039000.5,"Fst",0.0299374585595757,0,0.0400945380435211,0.0852101326501096
"4035001","4045000",4040000.5,"Fst",0.0299374585595757,0,0.0401773430737992,0.0854325488896255
"4036001","4046000",4041000.5,"Fst",0.0230720288825756,0,0.0330797543769558,0.0809629881601615
"4037001","4047000",4042000.5,"Fst",0.0228142814281427,0,0.0337564739295435,0.0814972386263001
"4038001","4048000",4043000.5,"Fst",0.00132126956771506,0,0.0329925733696434,0.0911199035740489
"4039001","4049000",4044000.5,"Fst",0.00310370137359761,0,0.032670200449912,0.0859540891459412
"4040001","4050000",4045000.5,"Fst",0.0102858235350348,0,0.0270998539185292,0.0588277989475594
"4041001","4051000",4046000.5,"Fst",0,0,0.0303249526619714,0.0792338261792512
"4042001","4052000",4047000.5,"Fst",0,0,0.0316123356346879,0.0810160427807488
"4043001","4053000",4048000.5,"Fst",0,0,0.0304524046347492,0.0816153955821113
"4044001","4054000",4049000.5,"Fst",0,0,0.0254839537800195,0.0697172150327738
"4045001","4055000",4050000.5,"Fst",0,0,0.0261900702523275,0.071585772533413
"4046001","4056000",4051000.5,"Fst",0,0,0.0342630269756822,0.086205819744433
"4047001","4057000",4052000.5,"Fst",0.0291108134558732,0,0.0304800326972049,0.0709674393518355
"4048001","4058000",4053000.5,"Fst",0.0629293666133858,0,0.028228538720264,0.0539271433337793
"4049001","4059000",4054000.5,"Fst",0.0644321194574384,0,0.0294472497856044,0.0567333771745872
"4050001","4060000",4055000.5,"Fst",0.064041661562852,0,0.0287638100632786,0.0553832673678333
"4051001","4061000",4056000.5,"Fst",0.0953444885976414,0,0.0255702822925186,0.0665904090340366
"4052001","4062000",4057000.5,"Fst",0.10007492929269,0,0.025714172701046,0.0558235125588736
"4053001","4063000",4058000.5,"Fst",0.108164045326577,0,0.0276217268465898,0.0588934809728596
"4054001","4064000",4059000.5,"Fst",0.124359739123519,0,0.0325805607642912,0.0656626337121217
"4055001","4065000",4060000.5,"Fst",0.124359739123519,0,0.0325805607642912,0.0656626337121217
"4056001","4066000",4061000.5,"Fst",0.113956901212636,0,0.0290412285167326,0.057572600106896
"4057001","4067000",4062000.5,"Fst",0.0953808822254962,0,0.031948741993709,0.0647977100362971
"4058001","4068000",4063000.5,"Fst",0.0416142779779143,0,0.0179013257575757,0.0449567591127017
"4059001","4069000",4064000.5,"Fst",0.0399832592441774,0,0.0172496968188175,0.0433488166334881
"4060001","4070000",4065000.5,"Fst",0.0400121774155776,0,0.0169285437529711,0.0450351422974997
"4061001","4071000",4066000.5,"Fst",0.0758494031221304,0,0.0283497523469091,0.0693168296941881
"4062001","4072000",4067000.5,"Fst",0.0684368694085755,0,0.031765697310475,0.0612541993281074
"4063001","4073000",4068000.5,"Fst",0.07139930342143,0,0.0333582792138354,0.0667601121345616
"4064001","4074000",4069000.5,"Fst",0.0728611766075743,0,0.0339601981839705,0.0768806846184865
"4065001","4075000",4070000.5,"Fst",0.0698822435483759,0,0.0318186826495823,0.0726633422835955
"4066001","4076000",4071000.5,"Fst",0.0702535865453048,0,0.0342388909891424,0.0776564641388763
"4067001","4077000",4072000.5,"Fst",0.0714992558654167,0,0.0357459271144516,0.0823579768387511
"4068001","4078000",4073000.5,"Fst",0.0801681410377063,0,0.0412708218651899,0.0939639713445659
"4069001","4079000",4074000.5,"Fst",0.0756580097437886,0,0.0360975914983734,0.0830012506505714
"4070001","4080000",4075000.5,"Fst",0.0730914671307208,0,0.0346120399156084,0.0801256814619843
"4071001","4081000",4076000.5,"Fst",0.0338758258033381,0,0.0201893002927404,0.0404032915709097
"4072001","4082000",4077000.5,"Fst",0.0347908267221571,0,0.0208706985760319,0.0416773554935389
"4073001","4083000",4078000.5,"Fst",0.0347908267221571,0,0.0208706985760319,0.0416773554935389
"4074001","4084000",4079000.5,"Fst",0.0184495557989535,0,0.0127954787609096,0.0259258087312387
"4075001","4085000",4080000.5,"Fst",0.0192237835770959,0,0.0135970033515293,0.0273842302878597
"4076001","4086000",4081000.5,"Fst",0.018717008797654,0,0.0142063521175229,0.0287894938813797
"4077001","4087000",4082000.5,"Fst",0.0168762088974854,0,0.013337581808742,0.0279309110840329
"4078001","4088000",4083000.5,"Fst",0.016567766437218,0,0.0131320116169698,0.0274401776535665
"4079001","4089000",4084000.5,"Fst",0.00684407222297267,0,0.00816642169691167,0.0124878553155835
"4080001","4090000",4085000.5,"Fst",0,0,0.0263517952938528,0.055094229263971
"4081001","4091000",4086000.5,"Fst",0,0,0.0333083604486032,0.0746011466011466
"4082001","4092000",4087000.5,"Fst",0,0,0.0326831063646387,0.0733067216070049
"4083001","4093000",4088000.5,"Fst",0,0,0.0280434880129661,0.0652438413420936
"4084001","4094000",4089000.5,"Fst",0,0,0.0272043693897059,0.0671995867150645
"4085001","4095000",4090000.5,"Fst",0,0,0.0269035143555813,0.0664689943589434
"4086001","4096000",4091000.5,"Fst",0,0,0.0225308613709736,0.0516012614836143
"4087001","4097000",4092000.5,"Fst",0,0,0.0227139052793335,0.0522702313088834
"4088001","4098000",4093000.5,"Fst",0,0,0.0234132032487675,0.0472365083323785
"4089001","4099000",4094000.5,"Fst",0,0,0.0234090231044038,0.0472365083323785
"4090001","4100000",4095000.5,"Fst",0.00205488491723682,0,0.0227287168541133,0.0514228274657157
"4091001","4101000",4096000.5,"Fst",0,0,0.0224934733021376,0.0514020405032717
"4092001","4102000",4097000.5,"Fst",0,0,0.0227395329590008,0.0520372297593824
"4093001","4103000",4098000.5,"Fst",0.000583480369629963,0,0.0237397963505859,0.0454862728697892
"4094001","4104000",4099000.5,"Fst",0.00447443587546403,0,0.024879598220221,0.0492512550330757
"4095001","4105000",4100000.5,"Fst",0.00496925378095403,0,0.0237139313749672,0.0474169088338713
"4096001","4106000",4101000.5,"Fst",0.00809864662609339,0,0.0269383205100122,0.0564871109090445
"4097001","4107000",4102000.5,"Fst",0.0115621156211563,0,0.0263698847714026,0.059773909853553
"4098001","4108000",4103000.5,"Fst",0.000483907553494478,0,0.0275368406374749,0.0561695573452183
"4099001","4109000",4104000.5,"Fst",0.000476509567418626,0,0.0271739498617726,0.0554521175494305
"4100001","4110000",4105000.5,"Fst",0.000476509567418626,0,0.0271739498617726,0.0554521175494305
"4101001","4111000",4106000.5,"Fst",0,0,0.0280550073165329,0.0574904160944527
"4102001","4112000",4107000.5,"Fst",0,0,0.0269222672711942,0.0553567511672362
"4103001","4113000",4108000.5,"Fst",0.00233249131364732,0,0.0301377282320974,0.0686276512190549
"4104001","4114000",4109000.5,"Fst",0.0058494180050096,0,0.0295103221493183,0.0681986762017993
"4105001","4115000",4110000.5,"Fst",0.00585772515169958,0,0.0296564956991817,0.0673028237585199
"4106001","4116000",4111000.5,"Fst",0.00695317896507186,0,0.0287158038264862,0.0662338495639747
"4107001","4117000",4112000.5,"Fst",0.00913677730766438,0,0.0296893135492317,0.0914712553646316
"4108001","4118000",4113000.5,"Fst",0.0143196327758139,0,0.0345889413453185,0.11854529063454
"4109001","4119000",4114000.5,"Fst",0.0138094370559301,0,0.0339191626411285,0.117928583873229
"4110001","4120000",4115000.5,"Fst",0.0137132519222072,0,0.0336490681714136,0.117052140515976
"4111001","4121000",4116000.5,"Fst",0.0145614205421964,0,0.0351679340121705,0.114609356607137
"4112001","4122000",4117000.5,"Fst",0.0148324780501742,0,0.0357853910191376,0.116694576000712
"4113001","4123000",4118000.5,"Fst",0.0148324780501742,0,0.0357853910191376,0.116694576000712
"4114001","4124000",4119000.5,"Fst",0.0151317523056653,0,0.036656639566771,0.11415418907787
"4115001","4125000",4120000.5,"Fst",0.0150308393671227,0,0.0375393579606945,0.116184573002755
"4116001","4126000",4121000.5,"Fst",0.0137056842939196,0,0.0397733194546054,0.120976018135726
"4117001","4127000",4122000.5,"Fst",0.0206259916342132,0,0.0371637278456395,0.0883211633160012
"4118001","4128000",4123000.5,"Fst",0.0280555478354316,0,0.0410654904357069,0.0902497511495831
"4119001","4129000",4124000.5,"Fst",0.0292426555632663,0,0.0406085165771351,0.0913488151771886
"4120001","4130000",4125000.5,"Fst",0.026738663827342,0,0.0376426040979444,0.0827790707290276
"4121001","4131000",4126000.5,"Fst",0.0340895869691682,0,0.0278336338625237,0.0557482567495083
"4122001","4132000",4127000.5,"Fst",0.0265316643307075,0,0.0291173075240316,0.0604873477186292
"4123001","4133000",4128000.5,"Fst",0.0263657282888052,0,0.0262720557893107,0.0577317993804294
"4124001","4134000",4129000.5,"Fst",0.0264539222932337,0,0.025358956082114,0.0568577032342269
"4125001","4135000",4130000.5,"Fst",0.0172262980684034,0,0.0296774532550527,0.0853901085628941
"4126001","4136000",4131000.5,"Fst",0.0189159158849247,0,0.0296302936234958,0.0824795916340595
"4127001","4137000",4132000.5,"Fst",0.013948493948494,0,0.0292990017130888,0.0864361499122205
"4128001","4138000",4133000.5,"Fst",0.0140310792799919,0,0.0294979622443334,0.0869939310132903
"4129001","4139000",4134000.5,"Fst",0.0147246630297477,0,0.0281839118311012,0.08214979738289
"4130001","4140000",4135000.5,"Fst",0.0186461774139498,0,0.0289278363385962,0.0814749987708343
"4131001","4141000",4136000.5,"Fst",0.0140833978571475,0,0.0280908841942768,0.0741226983733797
"4132001","4142000",4137000.5,"Fst",0.0152623710024432,0,0.0288726998586383,0.0676445217415599
"4133001","4143000",4138000.5,"Fst",0.0152856834724371,0,0.029512392322823,0.0677671913109087
"4134001","4144000",4139000.5,"Fst",0.0143348722614755,0,0.0301695357772244,0.0699599417859047
"4135001","4145000",4140000.5,"Fst",0.0244344374090415,0,0.0220303007680098,0.0425786814208386
"4136001","4146000",4141000.5,"Fst",0.0212534961852275,0,0.0224813368799285,0.0430646083476272
"4137001","4147000",4142000.5,"Fst",0.0201322804886279,0,0.0233897172788627,0.0558625497191125
"4138001","4148000",4143000.5,"Fst",0.0196348497190203,0,0.0227831206186843,0.054219101973239
"4139001","4149000",4144000.5,"Fst",0.0185614534607823,0,0.0219805633550958,0.0523499638467101
"4140001","4150000",4145000.5,"Fst",0.0103541438481198,0,0.0232698942154,0.0455218755677915
"4141001","4151000",4146000.5,"Fst",0.0167704886120303,0,0.0178316614534517,0.0404660097911632
"4142001","4152000",4147000.5,"Fst",0.0167704886120303,0,0.0178988859104608,0.0404660097911632
"4143001","4153000",4148000.5,"Fst",0.00209512903704645,0,0.0365138037415985,0.0927824429447219
"4144001","4154000",4149000.5,"Fst",0.00216952129995629,0,0.037883406308531,0.0957794532148073
"4145001","4155000",4150000.5,"Fst",0,0,0.0416402517115759,0.108144982517083
"4146001","4156000",4151000.5,"Fst",0,0,0.0409649160162922,0.105876206660081
"4147001","4157000",4152000.5,"Fst",0,0,0.0431147913421597,0.11168373569783
"4148001","4158000",4153000.5,"Fst",0,0,0.0642287744882536,0.171707495515089
"4149001","4159000",4154000.5,"Fst",0,0,0.0643417702159988,0.171320155504769
"4150001","4160000",4155000.5,"Fst",0,0,0.0637737339300931,0.171349020081338
"4151001","4161000",4156000.5,"Fst",0,0,0.0654889658034864,0.175561773515304
"4152001","4162000",4157000.5,"Fst",0.00657918037339522,0,0.0577826670743218,0.133804732127509
"4153001","4163000",4158000.5,"Fst",0.0246870131922057,0,0.0518874882992997,0.123224964804438
"4154001","4164000",4159000.5,"Fst",0.0272208726874554,0,0.0462202384841754,0.104315724645162
"4155001","4165000",4160000.5,"Fst",0.0270006972563419,0,0.0458484251707347,0.103510934800962
"4156001","4166000",4161000.5,"Fst",0.0274769400266957,0,0.0466692387076611,0.105442965095358
"4157001","4167000",4162000.5,"Fst",0.0278361673342707,0,0.0469227263234641,0.105149941146615
"4158001","4168000",4163000.5,"Fst",0.0307740464159549,0,0.0284527942968127,0.0974537991712328
"4159001","4169000",4164000.5,"Fst",0.031276605414249,0,0.0289588051448967,0.0991404068707513
"4160001","4170000",4165000.5,"Fst",0.0411237245848735,0,0.0263230498321542,0.0838721217356404
"4161001","4171000",4166000.5,"Fst",0.0470236926500426,0,0.0251022811947472,0.0781974168310241
"4162001","4172000",4167000.5,"Fst",0.0489744445680798,0,0.0243717194527883,0.0564857435110598
"4163001","4173000",4168000.5,"Fst",0.0420559182990121,0,0.0252965539970022,0.0574999552348381
"4164001","4174000",4169000.5,"Fst",0.0429383850838845,0,0.0284287723648513,0.0657188691185777
"4165001","4175000",4170000.5,"Fst",0.0412419624142955,0,0.0266213121498158,0.0620966951064037
"4166001","4176000",4171000.5,"Fst",0.0407074681085327,0,0.0262696408881894,0.0613031271178236
"4167001","4177000",4172000.5,"Fst",0.0401674696513855,0,0.0267769809473146,0.0608965049859619
"4168001","4178000",4173000.5,"Fst",0.051762941919192,0,0.0419517834910734,0.114149939055436
"4169001","4179000",4174000.5,"Fst",0.051762941919192,0,0.0419517834910734,0.114149939055436
"4170001","4180000",4175000.5,"Fst",0.0338863555512434,0,0.0311552353943377,0.107251411202779
"4171001","4181000",4176000.5,"Fst",0.0134438595112752,0,0.0323704222199723,0.129786479820797
"4172001","4182000",4177000.5,"Fst",0.0144897248345524,0,0.0339805224868331,0.133360751074754
"4173001","4183000",4178000.5,"Fst",0.0166932949885498,0,0.0330342481049915,0.134598986487352
"4174001","4184000",4179000.5,"Fst",0.0166932949885498,0,0.0330342481049915,0.134598986487352
"4175001","4185000",4180000.5,"Fst",0.0170089813114708,0,0.0356131058814314,0.144641472748975
"4176001","4186000",4181000.5,"Fst",0.0170650901093879,0,0.0354658088197638,0.144641472748975
"4177001","4187000",4182000.5,"Fst",0.0172540083014567,0,0.0340247169059964,0.137910226120402
"4178001","4188000",4183000.5,"Fst",0.010351966873706,0,0.00929276840940641,0.0107801418439716
"4179001","4189000",4184000.5,"Fst",0.0155801921655579,0,0.0108737240807435,0.0169521299956082
"4180001","4190000",4185000.5,"Fst",0.0820577871740661,0,0.0377470060891242,0.0972664242424242
"4181001","4191000",4186000.5,"Fst",0.0779110251450676,0,0.0339620665963288,0.0899855357608099
"4182001","4192000",4187000.5,"Fst",0.0804795204795202,0,0.0351213800501673,0.0928767478951077
"4183001","4193000",4188000.5,"Fst",0.0742706568793524,0,0.0336596003183112,0.0848519510229548
"4184001","4194000",4189000.5,"Fst",0.072690689592098,0,0.0320507701729924,0.0818686868686868
"4185001","4195000",4190000.5,"Fst",0.072690689592098,0,0.0319864939942595,0.0817098066890138
"4186001","4196000",4191000.5,"Fst",0.0633298105966916,0,0.0293426221889074,0.0720095114379445
"4187001","4197000",4192000.5,"Fst",0.0654733137829913,0,0.0303221363790636,0.0752645895718564
"4188001","4198000",4193000.5,"Fst",0.0671721183238261,0,0.0312195301691978,0.0773055972952666
"4189001","4199000",4194000.5,"Fst",0.0659300547526267,0,0.0323060690648219,0.0793602693602693
"4190001","4200000",4195000.5,"Fst",0.0113148653921186,0,0.0227609312514761,0.0445201047870184
"4191001","4201000",4196000.5,"Fst",0.00771379388742743,0,0.0266266736132462,0.0513887267779397
"4192001","4202000",4197000.5,"Fst",0.0215849468017795,0,0.0341014458930085,0.0895502871112628
"4193001","4203000",4198000.5,"Fst",0.0222347243825221,0,0.0391274699820637,0.101937722934542
"4194001","4204000",4199000.5,"Fst",0.0278863961718272,0,0.0354979216661892,0.0913566372902743
"4195001","4205000",4200000.5,"Fst",0.0284791232159655,0,0.0360773186000303,0.0928364638116703
"4196001","4206000",4201000.5,"Fst",0.0350379539740397,0,0.0350678757535716,0.0975161835068955
"4197001","4207000",4202000.5,"Fst",0.0362152845954142,0,0.0334906964686776,0.0899703326976053
"4198001","4208000",4203000.5,"Fst",0.0368655407131041,0,0.0340839963253917,0.0917671724376433
"4199001","4209000",4204000.5,"Fst",0.0364159393285606,0,0.0333994184103744,0.0931463276655247
"4200001","4210000",4205000.5,"Fst",0.0364188582867397,0,0.0332721802802507,0.0992203918378415
"4201001","4211000",4206000.5,"Fst",0.0363223296960516,0,0.0332745619421499,0.0994800339847068
"4202001","4212000",4207000.5,"Fst",0.0309377853136819,0,0.015994313503038,0.0365692321444533
"4203001","4213000",4208000.5,"Fst",0.0365403018034597,0,0.0170066332154798,0.0395418201869814
"4204001","4214000",4209000.5,"Fst",0.0246230420143462,0,0.019066095174708,0.0344919654738586
"4205001","4215000",4210000.5,"Fst",0.0178032055866392,0,0.0155333325050585,0.0239629233511585
"4206001","4216000",4211000.5,"Fst",0.00284552845528452,0,0.0255414410046092,0.0564072093483858
"4207001","4217000",4212000.5,"Fst",0.0112390467417747,0,0.0331967935176279,0.10473526967226
"4208001","4218000",4213000.5,"Fst",0.0111177308941378,0,0.0328805336610652,0.103659485537695
"4209001","4219000",4214000.5,"Fst",0.0166203075531434,0,0.0314376046887776,0.100550427185196
"4210001","4220000",4215000.5,"Fst",0.0189763132734543,0,0.0312099835157508,0.088327418973267
"4211001","4221000",4216000.5,"Fst",0.0373077821921008,0,0.0273699234760629,0.0782978434676408
"4212001","4222000",4217000.5,"Fst",0.0373077821921008,0,0.0273699234760629,0.0782978434676408
"4213001","4223000",4218000.5,"Fst",0.037041162002877,0,0.0271697298288777,0.0777561906901005
"4214001","4224000",4219000.5,"Fst",0.0375484105531053,0,0.0277318900894416,0.0834332292592508
"4215001","4225000",4220000.5,"Fst",0.0406304743548559,0,0.0305126065881315,0.0851014233992958
"4216001","4226000",4221000.5,"Fst",0.0563121047877143,0,0.0259070377053041,0.081580618863999
"4217001","4227000",4222000.5,"Fst",0.0678401256522363,0,0.0269278803221687,0.0694134864347631
"4218001","4228000",4223000.5,"Fst",0.0688002082998294,0,0.0273149621323289,0.070246031999198
"4219001","4229000",4224000.5,"Fst",0.0673687789536316,0,0.0293344491306148,0.0762537889052297
"4220001","4230000",4225000.5,"Fst",0.0904837852206274,0,0.0254195525725708,0.0517676767676768
"4221001","4231000",4226000.5,"Fst",0.0143365192264948,0,0.0342193196672735,0.0770059091964796
"4222001","4232000",4227000.5,"Fst",0.0146248377986413,0,0.0316296769106958,0.0719657412442989
"4223001","4233000",4228000.5,"Fst",0.0146248377986413,0,0.0316296769106958,0.0721439232721389
"4224001","4234000",4229000.5,"Fst",0.0123598641223283,0,0.0346481946728327,0.0786618266886734
"4225001","4235000",4230000.5,"Fst",0.0138244234916569,0,0.0432030031862245,0.100621983380604
"4226001","4236000",4231000.5,"Fst",0.00875210273177429,0,0.046647057213322,0.105790774174966
"4227001","4237000",4232000.5,"Fst",0.00901525320317265,0,0.0479375081691334,0.108644108695483
"4228001","4238000",4233000.5,"Fst",0.00888172922026409,0,0.0472306164706685,0.107103447746649
"4229001","4239000",4234000.5,"Fst",0.00899834356425988,0,0.0478275187158877,0.108449106449106
"4230001","4240000",4235000.5,"Fst",0.00911806086935052,0,0.0484415845030245,0.109829009387566
"4231001","4241000",4236000.5,"Fst",0.0155216005276465,0,0.0498984097836478,0.141514459665145
"4232001","4242000",4237000.5,"Fst",0.0179666487358796,0,0.0537425237768409,0.155152273675428
"4233001","4243000",4238000.5,"Fst",0.0186534284827801,0,0.0556003693280681,0.160060253927265
"4234001","4244000",4239000.5,"Fst",0.0173286447224302,0,0.0519877215685094,0.150536328678405
"4235001","4245000",4240000.5,"Fst",0.0114942528735632,0,0.0123123447456528,0.0131109833237493
"4236001","4246000",4241000.5,"Fst",0.0114942528735632,0,0.0123123447456528,0.0131109833237493
"4237001","4247000",4242000.5,"Fst",0.00630015570727038,0,0.0169580419580417,0.0193269475290327
"4238001","4248000",4243000.5,"Fst",0.0119144385026737,0,0.0140947560854009,0.0230303030303032
"4239001","4249000",4244000.5,"Fst",0.0811529933481153,0,0.0309703207265971,0.0662542469412205
"4240001","4250000",4245000.5,"Fst",0.0758995628292792,0,0.0289421145673268,0.0620329508679022
"4241001","4251000",4246000.5,"Fst",0.0772783241384826,0,0.0256733665270668,0.0569748189883115
"4242001","4252000",4247000.5,"Fst",0.07463152930079,0,0.0246386885209078,0.0551858849731189
"4243001","4253000",4248000.5,"Fst",0.0707760259420775,0,0.0234834087499266,0.0526558730545806
"4244001","4254000",4249000.5,"Fst",0.0687989076203981,0,0.0229490208951627,0.0515657977297359
"4245001","4255000",4250000.5,"Fst",0.0741999433588219,0,0.0245963957846371,0.055589718361825
"4246001","4256000",4251000.5,"Fst",0.0665790132732282,0,0.0222442999395625,0.048629612057954
"4247001","4257000",4252000.5,"Fst",0.0634320114879043,0,0.0295041016422948,0.0833975068912878
"4248001","4258000",4253000.5,"Fst",0.100660731021556,0,0.0354697627657093,0.0947752537866923
"4249001","4259000",4254000.5,"Fst",0.0827906393123783,0,0.0311293509640229,0.0895615851404745
"4250001","4260000",4255000.5,"Fst",0.0985127084136985,0,0.0413246745848071,0.120405758479579
"4251001","4261000",4256000.5,"Fst",0.0996217683442352,0,0.0447994681065725,0.123187771970873
"4252001","4262000",4257000.5,"Fst",0.103852404167862,0,0.0479540525800273,0.128529664261352
"4253001","4263000",4258000.5,"Fst",0.106541139550848,0,0.049021756432374,0.131200410531718
"4254001","4264000",4259000.5,"Fst",0.111819223159429,0,0.0508388303439775,0.139356759262998
"4255001","4265000",4260000.5,"Fst",0.11030303030303,0,0.0502445494342459,0.137841325541968
"4256001","4266000",4261000.5,"Fst",0.11603128054741,0,0.05257936810523,0.144823632489264
"4257001","4267000",4262000.5,"Fst",0.136094590767488,0,0.0489670830562376,0.130230134607034
"4258001","4268000",4263000.5,"Fst",0.0625661822687846,0,0.036270163669211,0.118104507534114
"4259001","4269000",4264000.5,"Fst",0.0640662076477223,0,0.0371331662446548,0.121031437889646
"4260001","4270000",4265000.5,"Fst",0,0,0.0489932955076714,0.164784898161947
"4261001","4271000",4266000.5,"Fst",0,0,0.052930450638187,0.178698752228164
"4262001","4272000",4267000.5,"Fst",0.0297741046831955,0,0.0373080541687528,0.12414605418139
"4263001","4273000",4268000.5,"Fst",0.0136327301794926,0,0.0452588549692701,0.152027120520271
"4264001","4274000",4269000.5,"Fst",0.0122682599955328,0,0.0404728969282608,0.141258056475448
"4265001","4275000",4270000.5,"Fst",0.0118849909388439,0,0.0391453480489294,0.137305089732274
"4266001","4276000",4271000.5,"Fst",0.0113416963502142,0,0.0374939219676525,0.131019734126001
"4267001","4277000",4272000.5,"Fst",0.0112080399959189,0,0.037092053216106,0.129293472504013
"4268001","4278000",4273000.5,"Fst",0.024828817016317,0,0.0293613863205303,0.0890613026819923
"4269001","4279000",4274000.5,"Fst",0.024828817016317,0,0.0293598069643221,0.089240810058547
"4270001","4280000",4275000.5,"Fst",0.0245262775510893,0,0.0267065674909814,0.082386921423066
"4271001","4281000",4276000.5,"Fst",0.0163139011750412,0,0.0331224517146178,0.105691530691531
"4272001","4282000",4277000.5,"Fst",0.000504571329998149,0,0.0368796381165122,0.120941790056456
"4273001","4283000",4278000.5,"Fst",0.00609822620995792,0,0.0284390086138784,0.0944182432554526
"4274001","4284000",4279000.5,"Fst",0.00675804842182659,0,0.0306122849142058,0.10011655011655
"4275001","4285000",4280000.5,"Fst",0.00703100241506294,0,0.0316613837872985,0.103231287231287
"4276001","4286000",4281000.5,"Fst",0.00638536137427481,0,0.0330989575836265,0.107424031693851
"4277001","4287000",4282000.5,"Fst",0.00706209931849056,0,0.0325349405738402,0.107711020236972
"4278001","4288000",4283000.5,"Fst",0,0,0.0345845305946039,0.132021357742181
"4279001","4289000",4284000.5,"Fst",0,0,0.0336614097454263,0.129531507259392
"4280001","4290000",4285000.5,"Fst",0,0,0.0378196446237979,0.147650551314673
"4281001","4291000",4286000.5,"Fst",0.00208015202416079,0,0.0385964498619608,0.151869240132151
"4282001","4292000",4287000.5,"Fst",0.00197194878723539,0,0.0364638812643844,0.143982855258819
"4283001","4293000",4288000.5,"Fst",0.00186784892667258,0,0.0345516246551947,0.137327044025157
"4284001","4294000",4289000.5,"Fst",0.00186784892667258,0,0.0345516246551947,0.137327044025157
"4285001","4295000",4290000.5,"Fst",0.00191502655420184,0,0.0354201125735258,0.141052971576227
"4286001","4296000",4291000.5,"Fst",0.00408641499743201,0,0.0348202519843287,0.142662682602922
"4287001","4297000",4292000.5,"Fst",0.00331471135940409,0,0.0373159995343008,0.150414681489324
"4288001","4298000",4293000.5,"Fst",0.00323871906841344,0,0.0361936447607124,0.146611627106983
"4289001","4299000",4294000.5,"Fst",0.00403448836830966,0,0.0326537527344192,0.130617283950617
"4290001","4300000",4295000.5,"Fst",0.00958943439563598,0,0.0293843141815802,0.116997245179063
"4291001","4301000",4296000.5,"Fst",0.0132474747474747,0,0.0164730247128436,0.0216917488323819
"4292001","4302000",4297000.5,"Fst",0.0138114419608772,0,0.0173913043478262,0.0225726320336969
"4293001","4303000",4298000.5,"Fst",0.0150167240776795,0,0.015360986667586,0.0232556402769167
"4294001","4304000",4299000.5,"Fst",0.00949757313393673,0,0.0159720784428082,0.028160200250313
"4295001","4305000",4300000.5,"Fst",0.0127663734115346,0,0.0162415557114248,0.0351944420909936
"4296001","4306000",4301000.5,"Fst",0.012937062937063,0,0.015794593419052,0.0333148991080671
"4297001","4307000",4302000.5,"Fst",0.0128957304676155,0,0.0157678193382855,0.0333148991080671
"4298001","4308000",4303000.5,"Fst",0.0125743415463042,0,0.0153709299791671,0.0324641766502231
"4299001","4309000",4304000.5,"Fst",0.0134155110426296,0,0.0163025991071917,0.0329362591431557
"4300001","4310000",4305000.5,"Fst",0.00764678030303034,0,0.0188768639573129,0.0397669783841791
"4301001","4311000",4306000.5,"Fst",0.0147613281308396,0,0.0174322053842324,0.0370768288950106
"4302001","4312000",4307000.5,"Fst",0.0209734638853413,0,0.0145572072803435,0.0343310023310024
"4303001","4313000",4308000.5,"Fst",0.0209804798092684,0,0.0147870838333573,0.0351710654936462
"4304001","4314000",4309000.5,"Fst",0.0212844400958579,0,0.0167871783540638,0.0378115627262385
"4305001","4315000",4310000.5,"Fst",0.0215340096241383,0,0.0150160375111705,0.0251410971689979
"4306001","4316000",4311000.5,"Fst",0.021578801715788,0,0.0158369295591704,0.0277252936827406
"4307001","4317000",4312000.5,"Fst",0.0216653642441608,0,0.0157657254590044,0.0275855022860209
"4308001","4318000",4313000.5,"Fst",0.0229544994572316,0,0.0167798626783352,0.0296270286284881
"4309001","4319000",4314000.5,"Fst",0.0240161616161617,0,0.0179121771906256,0.0314949210512004
"4310001","4320000",4315000.5,"Fst",0.023093061864886,0,0.016684592003741,0.0272773132811632
"4311001","4321000",4316000.5,"Fst",0.0258328101800642,0,0.0353988978651799,0.0854007861359983
"4312001","4322000",4317000.5,"Fst",0.0217771685222954,0,0.0371884534986533,0.0915616367830659
"4313001","4323000",4318000.5,"Fst",0.0229903198653196,0,0.0346158012331691,0.0863359664651459
"4314001","4324000",4319000.5,"Fst",0.0262303210611131,0,0.0364787745795538,0.0913213416645127
"4315001","4325000",4320000.5,"Fst",0.0257741717376605,0,0.0400381825683508,0.100043905430364
"4316001","4326000",4321000.5,"Fst",0.0257741717376605,0,0.0400381825683508,0.100043905430364
"4317001","4327000",4322000.5,"Fst",0.0251318565400844,0,0.0390341711941013,0.0974836503863918
"4318001","4328000",4323000.5,"Fst",0.0257011866235167,0,0.0399480591584024,0.0993324118318863
"4319001","4329000",4324000.5,"Fst",0.0257011866235167,0,0.0399480591584024,0.0993324118318863
"4320001","4330000",4325000.5,"Fst",0.0239666063314986,0,0.0389182833401484,0.100687042977114
"4321001","4331000",4326000.5,"Fst",0,0,0.042982991975087,0.13155763550068
"4322001","4332000",4327000.5,"Fst",0,0,0.0406018892511276,0.120012212808183
"4323001","4333000",4328000.5,"Fst",0,0,0.0370407720086615,0.111879910213243
"4324001","4334000",4329000.5,"Fst",0,0,0.0379517496346093,0.114857702500288
"4325001","4335000",4330000.5,"Fst",0,0,0.0353513669485931,0.107024183374936
"4326001","4336000",4331000.5,"Fst",0,0,0.0353513669485931,0.107024183374936
"4327001","4337000",4332000.5,"Fst",0,0,0.0362982888593408,0.109398191969491
"4328001","4338000",4333000.5,"Fst",0,0,0.0362982888593408,0.109398191969491
"4329001","4339000",4334000.5,"Fst",0,0,0.0354640987879659,0.107024183374936
"4330001","4340000",4335000.5,"Fst",0,0,0.0340933849021655,0.109705753184014
"4331001","4341000",4336000.5,"Fst",0.00660352305921919,0,0.00947220549869554,0.0113554864929476
"4332001","4342000",4337000.5,"Fst",0.00542299349240782,0,0.00960564258436603,0.0103655210038189
"4333001","4343000",4338000.5,"Fst",0.00323624595469263,0,0.00330004342162393,0.00347000273947584
"4334001","4344000",4339000.5,"Fst",0.0171568627450981,0,0.0138851198552692,0.0177974039876889
"4335001","4345000",4340000.5,"Fst",0.0202898550724637,0,0.0167635067863033,0.0211969081201691
"4336001","4346000",4341000.5,"Fst",0.0147802633666507,0,0.0153402881271734,0.0235836627140975
"4337001","4347000",4342000.5,"Fst",0.0147802633666507,0,0.0153216551599859,0.0237558062375581
"4338001","4348000",4343000.5,"Fst",0.0140589158517446,0,0.0144726958457909,0.0224451410658307
"4339001","4349000",4344000.5,"Fst",0.0139615741989629,0,0.0145084250535696,0.02260101010101
"4340001","4350000",4345000.5,"Fst",0.0147802633666507,0,0.0153407250775717,0.0239304812834225
"4341001","4351000",4346000.5,"Fst",0.0155796374339421,0,0.0162102994723253,0.0254261363636364
"4342001","4352000",4347000.5,"Fst",0.0176219120039344,0,0.0183104452767373,0.0285486443381181
"4343001","4353000",4348000.5,"Fst",0.0186126669538992,0,0.0252100840336134,0.0326086956521738
"4344001","4354000",4349000.5,"Fst",0,0,0.0169617616426126,0.0177046125174716
"4345001","4355000",4350000.5,"Fst",0,0,0.0195988960381057,0.0227749475576866
"4346001","4356000",4351000.5,"Fst",0,0,0.0136265837915373,0.0143522598514415
"4347001","4357000",4352000.5,"Fst",0,0,0.0149724192277385,0.0158531497705464
"4348001","4358000",4353000.5,"Fst",0,0,0.0123123447456528,0.0129017655047532
"4349001","4359000",4354000.5,"Fst",0,0,0.0285328472127574,0.0367504835589942
"4350001","4360000",4355000.5,"Fst",0,0,0.0418992635258239,0.12502872148367
"4351001","4361000",4356000.5,"Fst",0,0,0.0396156775549163,0.119273524346328
"4352001","4362000",4357000.5,"Fst",0,0,0.0367263485124984,0.110448633640216
"4353001","4363000",4358000.5,"Fst",0,0,0.0367263485124984,0.110448633640216
"4354001","4364000",4359000.5,"Fst",0,0,0.0375623814707472,0.113228464419476
"4355001","4365000",4360000.5,"Fst",0,0,0.0512809580996195,0.151091045899172
"4356001","4366000",4361000.5,"Fst",0,0,0.0458475653211218,0.138899848929175
"4357001","4367000",4362000.5,"Fst",0,0,0.0437947856757813,0.132898003605074
"4358001","4368000",4363000.5,"Fst",0,0,0.0454233335903328,0.136932201459521
"4359001","4369000",4364000.5,"Fst",0,0,0.0507138713546888,0.149027560499836
"4360001","4370000",4365000.5,"Fst",0.00317717231663828,0,0.0413016039260279,0.105797421081264
"4361001","4371000",4366000.5,"Fst",0.00336347770902734,0,0.0437309571441877,0.111079207767949
"4362001","4372000",4367000.5,"Fst",0.00153082549634276,0,0.0371620723073624,0.0943563148261134
"4363001","4373000",4368000.5,"Fst",0.00153082549634276,0,0.0371620723073624,0.0943563148261134
"4364001","4374000",4369000.5,"Fst",0.00149916215766788,0,0.0362861752777778,0.0924560026902813
"4365001","4375000",4370000.5,"Fst",0.0254327354052879,0,0.0322312390483002,0.0961714884241702
"4366001","4376000",4371000.5,"Fst",0.0307199895488023,0,0.031945346908834,0.0686825703846982
"4367001","4377000",4372000.5,"Fst",0.0319372410868644,0,0.03304381127345,0.0684227243118699
"4368001","4378000",4373000.5,"Fst",0.0319372410868644,0,0.0330443788391901,0.0685079180276619
"4369001","4379000",4374000.5,"Fst",0.0319372410868644,0,0.0330443788391901,0.0685079180276619
"4370001","4380000",4375000.5,"Fst",0.0323023374738127,0,0.0333825403853784,0.0691971820250656
"4371001","4381000",4376000.5,"Fst",0.0323023374738127,0,0.0333825403853784,0.0691971820250656
"4372001","4382000",4377000.5,"Fst",0.0367055059827184,0,0.0326694335785503,0.0748402779942032
"4373001","4383000",4378000.5,"Fst",0.0367055059827184,0,0.0326694335785503,0.0748402779942032
"4374001","4384000",4379000.5,"Fst",0.0353486540122102,0,0.0309553690627871,0.0722033183775483
"4375001","4385000",4380000.5,"Fst",0.0359557525312578,0,0.0280439191613703,0.0837447320891029
"4376001","4386000",4381000.5,"Fst",0.0127030303030305,0,0.0370481898768289,0.108198354352201
"4377001","4387000",4382000.5,"Fst",0.0109055087259742,0,0.0395329327650545,0.114664145790662
"4378001","4388000",4383000.5,"Fst",0.0105508263478241,0,0.0380100637766675,0.110379065934622
"4379001","4389000",4384000.5,"Fst",0.0148970432041663,0,0.0360133834405973,0.0911266891703478
"4380001","4390000",4385000.5,"Fst",0.0151013121609324,0,0.0364987300923337,0.0923314094222113
"4381001","4391000",4386000.5,"Fst",0.0139281298250336,0,0.0335293044957224,0.0851546379813196
"4382001","4392000",4387000.5,"Fst",0.00621056994898528,0,0.0354581104319199,0.0917085929178054
"4383001","4393000",4388000.5,"Fst",0.00582567406901269,0,0.0332017232001823,0.0860722789346599
"4384001","4394000",4389000.5,"Fst",0.00650449435094735,0,0.0355081902193633,0.0935829375723514
"4385001","4395000",4390000.5,"Fst",0.0441303226413439,0,0.032646187135599,0.0900029409681077
"4386001","4396000",4391000.5,"Fst",0.0716619798586705,0,0.026758002185894,0.0580398313215806
"4387001","4397000",4392000.5,"Fst",0.0716619798586705,0,0.026758002185894,0.0580398313215806
"4388001","4398000",4393000.5,"Fst",0.0730065423576941,0,0.0272608989695668,0.0595268684426352
"4389001","4399000",4394000.5,"Fst",0.0982898289828982,0,0.0374396953098217,0.0631014827101348
"4390001","4400000",4395000.5,"Fst",0.0922767497988738,0,0.0334308691927762,0.0606180089271359
"4391001","4401000",4396000.5,"Fst",0.105325987144169,0,0.038479484461388,0.0707804398355086
"4392001","4402000",4397000.5,"Fst",0.113959264778937,0,0.0417784134930568,0.0756177519059638
"4393001","4403000",4398000.5,"Fst",0.130340909090909,0,0.0477568741163974,0.0852625315999044
"4394001","4404000",4399000.5,"Fst",0.13632527809743,0,0.047133138718208,0.0864956547587824
"4395001","4405000",4400000.5,"Fst",0.0715778474399165,0,0.032948376270852,0.0515200469966222
"4396001","4406000",4401000.5,"Fst",0.066247582205029,0,0.0303570486753047,0.0477408818726184
"4397001","4407000",4402000.5,"Fst",0.066247582205029,0,0.0303570486753047,0.0477408818726184
"4398001","4408000",4403000.5,"Fst",0.0719915922228062,0,0.032948376270852,0.0515200469966222
"4399001","4409000",4404000.5,"Fst",0.0666018473505104,0,0.0305132775721011,0.0477408818726184
"4400001","4410000",4405000.5,"Fst",0.0661530559835645,0,0.0293793289229118,0.0508490759053398
"4401001","4411000",4406000.5,"Fst",0.0692845615922539,0,0.0306891303007742,0.053078949241831
"4402001","4412000",4407000.5,"Fst",0.0665289256198347,0,0.0295815526658592,0.0513887931628645
"4403001","4413000",4408000.5,"Fst",0.0460064563157346,0,0.0282091704902462,0.0774902096790508
"4404001","4414000",4409000.5,"Fst",0.00903426791277251,0,0.0380829572318935,0.0968094875251548
"4405001","4415000",4410000.5,"Fst",0.0341852456044952,0,0.0325973022303096,0.0786556233364744
"4406001","4416000",4411000.5,"Fst",0.0351210428305401,0,0.0334847145466825,0.0811343599188281
"4407001","4417000",4412000.5,"Fst",0.0341852456044952,0,0.0324774448050473,0.0789571509177205
"4408001","4418000",4413000.5,"Fst",0.0191274446593596,0,0.0271355747783038,0.0538698657772279
"4409001","4419000",4414000.5,"Fst",0.0173736016530776,0,0.0263797954637592,0.0504887370886901
"4410001","4420000",4415000.5,"Fst",0.0157547745530578,0,0.0259367938391032,0.0517589916032486
"4411001","4421000",4416000.5,"Fst",0.0152269343079807,0,0.0250040967945285,0.0501639031827713
"4412001","4422000",4417000.5,"Fst",0.0154687883699227,0,0.025405038955191,0.0510631280797734
"4413001","4423000",4418000.5,"Fst",0.0150816339495586,0,0.0288364321437884,0.051419381325258
"4414001","4424000",4419000.5,"Fst",0.0144456614336134,0,0.0276297903806426,0.0491070304490926
"4415001","4425000",4420000.5,"Fst",0,0,0.0247552786991343,0.0488067855089132
"4416001","4426000",4421000.5,"Fst",0.0544206365716661,0,0.0246660074185127,0.0439393939393939
"4417001","4427000",4422000.5,"Fst",0.0553065539112051,0,0.0251152487099919,0.0446368446368446
"4418001","4428000",4423000.5,"Fst",0.0841247002398081,0,0.0279766361539078,0.0541060747796016
"4419001","4429000",4424000.5,"Fst",0.0945280371570951,0,0.0298950822219901,0.0612451790633609
"4420001","4430000",4425000.5,"Fst",0.100748663101604,0,0.0322188863208312,0.0658526049973419
"4421001","4431000",4426000.5,"Fst",0.104011777695988,0,0.0331418435677376,0.0676705078958599
"4422001","4432000",4427000.5,"Fst",0.0733786016483778,0,0.031156854123884,0.0822786828357861
"4423001","4433000",4428000.5,"Fst",0.0733786016483778,0,0.0312240396610731,0.0826367498422208
"4424001","4434000",4429000.5,"Fst",0.0746969210876814,0,0.0317134522247274,0.0841007352870687
"4425001","4435000",4430000.5,"Fst",0.0788847279614325,0,0.0341034656553458,0.0932133507159741
"4426001","4436000",4431000.5,"Fst",0.0257183791528127,0,0.0392215897856774,0.111010971786834
"4427001","4437000",4432000.5,"Fst",0.0250916475459556,0,0.0383911478387015,0.10839455157637
"4428001","4438000",4433000.5,"Fst",0.0254859555624212,0,0.0380358238460599,0.105466551607699
"4429001","4439000",4434000.5,"Fst",0.0254859555624212,0,0.0380540027329655,0.105466551607699
"4430001","4440000",4435000.5,"Fst",0.0261070232349605,0,0.0389713479623588,0.107961746745017
"4431001","4441000",4436000.5,"Fst",0.0265930582419944,0,0.0398037325142107,0.110243940701232
"4432001","4442000",4437000.5,"Fst",0.00813008130081305,0,0.00813174730107961,0.00875643290575301
"4433001","4443000",4438000.5,"Fst",0.0099009900990098,0,0.00994218695500533,0.0105918424231161
"4434001","4444000",4439000.5,"Fst",0.00497070497070484,0,0.0131638000318877,0.0149724192277383
"4435001","4445000",4440000.5,"Fst",0.00226901972415849,0,0.0109947783993669,0.013028669181775
"4436001","4446000",4441000.5,"Fst",0.00301184165413937,0,0.0106472982680181,0.0148189209164817
"4437001","4447000",4442000.5,"Fst",0.0379357935793579,0,0.0379531531742045,0.0984407401042562
"4438001","4448000",4443000.5,"Fst",0.0350673716527377,0,0.036107337223346,0.091928168998912
"4439001","4449000",4444000.5,"Fst",0.0357242146232972,0,0.0368863994807728,0.0937954078324046
"4440001","4450000",4445000.5,"Fst",0.0357242146232972,0,0.0368863994807728,0.0937954078324046
"4441001","4451000",4446000.5,"Fst",0.034086808175585,0,0.034485414241329,0.087739955531895
"4442001","4452000",4447000.5,"Fst",0.035429311873423,0,0.0357646595460766,0.0912608709814013
"4443001","4453000",4448000.5,"Fst",0.0529493915009643,0,0.0443173787376464,0.130013260645351
"4444001","4454000",4449000.5,"Fst",0.0562757552990459,0,0.0454069361926393,0.133565656565657
"4445001","4455000",4450000.5,"Fst",0.0599715398791612,0,0.0459741655424059,0.13661411762957
"4446001","4456000",4451000.5,"Fst",0.0618201506127872,0,0.0490102200049058,0.144196477409474
"4447001","4457000",4452000.5,"Fst",0.0570439494280554,0,0.0397111811755903,0.117970009868342
"4448001","4458000",4453000.5,"Fst",0.0620802620802621,0,0.0433898056960521,0.129095386722505
"4449001","4459000",4454000.5,"Fst",0.0592766373411534,0,0.0415317908700578,0.12382179443455
"4450001","4460000",4455000.5,"Fst",0.0580531515662098,0,0.0405203718953106,0.120997346170462
"4451001","4461000",4456000.5,"Fst",0.0581928231733679,0,0.0437081234789205,0.12417704011065
"4452001","4462000",4457000.5,"Fst",0.0568172224567327,0,0.0428033851450211,0.121702589128372
"4453001","4463000",4458000.5,"Fst",0.0108758821087589,0,0.0119596702317291,0.0186307519640851
"4454001","4464000",4459000.5,"Fst",0.00687291765825793,0,0.0134510541805375,0.0176310731092995
"4455001","4465000",4460000.5,"Fst",0.0187526369344552,0,0.0160540893510007,0.0256086880364336
"4456001","4466000",4461000.5,"Fst",0.0187526369344552,0,0.0160540893510007,0.0256086880364336
"4457001","4467000",4462000.5,"Fst",0.0188024501470627,0,0.019286345017459,0.0269151138716356
"4458001","4468000",4463000.5,"Fst",0.018920386662322,0,0.0191638167720013,0.0269151138716356
"4459001","4469000",4464000.5,"Fst",0.0171590229040857,0,0.0191415632910255,0.0288545835715648
"4460001","4470000",4465000.5,"Fst",0.0171590229040857,0,0.0191415632910255,0.0288545835715648
"4461001","4471000",4466000.5,"Fst",0.0210595590654821,0,0.0200833850049651,0.0261526735782697
"4462001","4472000",4467000.5,"Fst",0.0211687537268933,0,0.0199577074605175,0.0254436709481322
"4463001","4473000",4468000.5,"Fst",0.0331164859605226,0,0.0250298015524181,0.0528985112068496
"4464001","4474000",4469000.5,"Fst",0.0332588787134241,0,0.0250270896386802,0.0531215772179626
"4465001","4475000",4470000.5,"Fst",0.023707051393476,0,0.0363417934492203,0.094447803982172
"4466001","4476000",4471000.5,"Fst",0.023707051393476,0,0.0363417934492203,0.094447803982172
"4467001","4477000",4472000.5,"Fst",0.023707051393476,0,0.0362474876993059,0.0946927593833856
"4468001","4478000",4473000.5,"Fst",0.023707051393476,0,0.03624989360481,0.0946927593833856
"4469001","4479000",4474000.5,"Fst",0.0249197583309733,0,0.0374676767857213,0.0960707223984918
"4470001","4480000",4475000.5,"Fst",0.0248520152986172,0,0.037470249572736,0.0960707223984918
"4471001","4481000",4476000.5,"Fst",0.0233299086379656,0,0.0353514439044527,0.0903147019409503
"4472001","4482000",4477000.5,"Fst",0.0305146463057757,0,0.0379711870565024,0.0876003429194919
"4473001","4483000",4478000.5,"Fst",0.0260891265597146,0,0.0462839135448939,0.108612935885663
"4474001","4484000",4479000.5,"Fst",0.0371260251819338,0,0.0499083598463406,0.12576746341275
"4475001","4485000",4480000.5,"Fst",0.045279960094775,0,0.0516166507263286,0.123110785033015
"4476001","4486000",4481000.5,"Fst",0.045279960094775,0,0.0516166507263286,0.123110785033015
"4477001","4487000",4482000.5,"Fst",0.0466230097586028,0,0.0530140558221345,0.126092277304249
"4478001","4488000",4483000.5,"Fst",0.0478652759240035,0,0.0544963741161706,0.129221765055337
"4479001","4489000",4484000.5,"Fst",0.0493686160539777,0,0.0560564102616261,0.132510548047201
"4480001","4490000",4485000.5,"Fst",0.0509694513168745,0,0.0580209388720025,0.135971106429282
"4481001","4491000",4486000.5,"Fst",0.0545287009696133,0,0.0500942990230575,0.130061483322278
"4482001","4492000",4487000.5,"Fst",0.0511317770607959,0,0.0464614894879647,0.121257875887346
"4483001","4493000",4488000.5,"Fst",0.0505113562468226,0,0.0463563118929393,0.116141661515768
"4484001","4494000",4489000.5,"Fst",0.0412918327323337,0,0.051913873248097,0.14024267183649
"4485001","4495000",4490000.5,"Fst",0.0451923591417412,0,0.0573870036571681,0.154280704842236
"4486001","4496000",4491000.5,"Fst",0.0451923591417412,0,0.0573870036571681,0.154280704842236
"4487001","4497000",4492000.5,"Fst",0.0475334742776603,0,0.0515161681989125,0.116507754248648
"4488001","4498000",4493000.5,"Fst",0.0468908260689083,0,0.0475873622813783,0.109043708021914
"4489001","4499000",4494000.5,"Fst",0.0409760210803689,0,0.0419604491583502,0.0970718799433508
"4490001","4500000",4495000.5,"Fst",0.04411045943304,0,0.044562067326631,0.102202804979141
"4491001","4501000",4496000.5,"Fst",0.0388851198552691,0,0.0394379569717795,0.10635017821609
"4492001","4502000",4497000.5,"Fst",0.0397946047588051,0,0.0403928099086502,0.109147575612637
"4493001","4503000",4498000.5,"Fst",0.0406654403459515,0,0.0460908072725171,0.117154399599862
"4494001","4504000",4499000.5,"Fst",0.0396313943797076,0,0.0447453276791692,0.113868080319747
"4495001","4505000",4500000.5,"Fst",0.0429785543312885,0,0.0527021372612945,0.129321296616494
"4496001","4506000",4501000.5,"Fst",0.0415010095080538,0,0.0489402876553826,0.119545747471723
"4497001","4507000",4502000.5,"Fst",0.0377396743233042,0,0.0448891192309334,0.107833231324626
"4498001","4508000",4503000.5,"Fst",0.0371323858049522,0,0.045628483191935,0.112239602639188
"4499001","4509000",4504000.5,"Fst",0.04195385224797,0,0.0502430007397811,0.123321434143675
"4500001","4510000",4505000.5,"Fst",0.0363898302309972,0,0.0447023690674189,0.107389876443299
"4501001","4511000",4506000.5,"Fst",0.0375251118426606,0,0.0459742826009703,0.110117238384716
"4502001","4512000",4507000.5,"Fst",0.0375251118426606,0,0.0457363068219455,0.110117238384716
"4503001","4513000",4508000.5,"Fst",0.0420741623527365,0,0.0503054232652619,0.122894552256254
"4504001","4514000",4509000.5,"Fst",0.0363968148639682,0,0.0454620623811067,0.110731918689056
"4505001","4515000",4510000.5,"Fst",0.0285146547441627,0,0.0260573567608862,0.0675181066157026
"4506001","4516000",4511000.5,"Fst",0.0282349561970415,0,0.0296907585899638,0.07772555998113
"4507001","4517000",4512000.5,"Fst",0.0278427842784278,0,0.0297938178266928,0.0790893865144843
"4508001","4518000",4513000.5,"Fst",0.0325822325822325,0,0.0291147515766805,0.0774509115841644
"4509001","4519000",4514000.5,"Fst",0.0270214026156974,0,0.0272274407401578,0.0665157599488148
"4510001","4520000",4515000.5,"Fst",0.0262450052085763,0,0.026512214806679,0.0646200607902737
"4511001","4521000",4516000.5,"Fst",0.0256013589346923,0,0.0258358778281503,0.063023921936179
"4512001","4522000",4517000.5,"Fst",0.0262450052085763,0,0.0265570560679256,0.0647979286277158
"4513001","4523000",4518000.5,"Fst",0.0121305146631318,0,0.0187464803748001,0.0378142384339131
"4514001","4524000",4519000.5,"Fst",0.02018936427707,0,0.0155215624497921,0.0262446284456556
"4515001","4525000",4520000.5,"Fst",0.0169358144110173,0,0.0153518928527709,0.0241258741258742
"4516001","4526000",4521000.5,"Fst",0.0177186963979418,0,0.0160571373504831,0.0252593044539352
"4517001","4527000",4522000.5,"Fst",0.0177186963979418,0,0.0161604897548294,0.0254699191472142
"4518001","4528000",4523000.5,"Fst",0.00607600785491513,0,0.0155049349407467,0.0185864514551234
"4519001","4529000",4524000.5,"Fst",0.0147058823529412,0,0.0149724192277385,0.0155482815057283
"4520001","4530000",4525000.5,"Fst",0.037741046831956,0,0.0379511021649643,0.0936639837196864
"4521001","4531000",4526000.5,"Fst",0.0375070456558497,0,0.0379448874097919,0.0929459463657876
"4522001","4532000",4527000.5,"Fst",0.0359469053866338,0,0.0362718714295671,0.0892950417622214
"4523001","4533000",4528000.5,"Fst",0.0328259337561663,0,0.0333325620299745,0.0816755546657445
"4524001","4534000",4529000.5,"Fst",0.0365138993238165,0,0.045912690621114,0.108687078360145
"4525001","4535000",4530000.5,"Fst",0.0294295178505706,0,0.03594012008497,0.096197604430722
"4526001","4536000",4531000.5,"Fst",0.0281529469755651,0,0.0342977737114864,0.092680860323582
"4527001","4537000",4532000.5,"Fst",0.0257023087029969,0,0.0317064383587572,0.090580428202181
"4528001","4538000",4533000.5,"Fst",0.0238629102526865,0,0.0296372513416455,0.0844914749619574
"4529001","4539000",4534000.5,"Fst",0.0238629102526865,0,0.0296372513416455,0.0844914749619574
"4530001","4540000",4535000.5,"Fst",0.0204136449100188,0,0.0231671034903191,0.0387347069694979
"4531001","4541000",4536000.5,"Fst",0.0213783403656822,0,0.0242208949527639,0.0406765524376258
"4532001","4542000",4537000.5,"Fst",0.0204136449100188,0,0.0233036750483558,0.0384449211318207
"4533001","4543000",4538000.5,"Fst",0.0224387363448479,0,0.0255904842820731,0.0422097436161626
"4534001","4544000",4539000.5,"Fst",0.021505376344086,0,0.0243177781366057,0.0403844574057339
"4535001","4545000",4540000.5,"Fst",0.0239501312335959,0,0.0193205152137391,0.0354267009586158
"4536001","4546000",4541000.5,"Fst",0.0241162867525602,0,0.0193237144546078,0.0354267009586158
"4537001","4547000",4542000.5,"Fst",0.0273224043715847,0,0.0219435736677116,0.0291881096858437
"4538001","4548000",4543000.5,"Fst",0.0236716945237124,0,0.018543645409317,0.0330788804071246
"4539001","4549000",4544000.5,"Fst",0.0254673783066469,0,0.0201612903225807,0.0295143212951431
"4540001","4550000",4545000.5,"Fst",0.0459374834155921,0,0.0268673153905922,0.0554867153458836
"4541001","4551000",4546000.5,"Fst",0.0459374834155921,0,0.0268673153905922,0.0554867153458836
"4542001","4552000",4547000.5,"Fst",0.0479968948404449,0,0.028280924228144,0.0574866986162067
"4543001","4553000",4548000.5,"Fst",0.0479968948404449,0,0.028280924228144,0.0574866986162067
"4544001","4554000",4549000.5,"Fst",0.0432128859573655,0,0.0243323998183317,0.0501552458661275
"4545001","4555000",4550000.5,"Fst",0.0344535783365572,0,0.0241007174442128,0.0421593201687351
"4546001","4556000",4551000.5,"Fst",0.034623644072463,0,0.0223882405148944,0.0414603069082046
"4547001","4557000",4552000.5,"Fst",0.0358392704474207,0,0.0231915027545082,0.0427364093193239
"4548001","4558000",4553000.5,"Fst",0.0169741789298075,0,0.0300831283107119,0.0717798510161278
"4549001","4559000",4554000.5,"Fst",0.0154655940809157,0,0.0295985860432103,0.0732543865983104
"4550001","4560000",4555000.5,"Fst",0,0,0.0321125853465879,0.0786148661734515
"4551001","4561000",4556000.5,"Fst",0.0028438228438229,0,0.0363965792787459,0.06921749136939
"4552001","4562000",4557000.5,"Fst",0.00509442248572667,0,0.0339649622672596,0.0656445735860383
"4553001","4563000",4558000.5,"Fst",0.00499784575613949,0,0.0333287530009371,0.064419781214711
"4554001","4564000",4559000.5,"Fst",0.00437378713240788,0,0.035127858441959,0.0669113942273087
"4555001","4565000",4560000.5,"Fst",0.00615996025832088,0,0.0397299503433155,0.0779863222769798
"4556001","4566000",4561000.5,"Fst",0.00436468809570756,0,0.0416717293336687,0.0856202948060983
"4557001","4567000",4562000.5,"Fst",0.00427383435029993,0,0.0407796750364962,0.0839036849675147
"4558001","4568000",4563000.5,"Fst",0.0206060606060605,0,0.0330074256679458,0.0793629282584426
"4559001","4569000",4564000.5,"Fst",0.0217551234892276,0,0.0357100853813138,0.0910932303505023
"4560001","4570000",4565000.5,"Fst",0.0206241519674355,0,0.0444252653113413,0.116542073988882
"4561001","4571000",4566000.5,"Fst",0.0158730158730159,0,0.016613232293792,0.0173252279635258
"4562001","4572000",4567000.5,"Fst",0,0,0,0
"4563001","4573000",4568000.5,"Fst",0,0,0,0
"4564001","4574000",4569000.5,"Fst",0.0152727272727273,0,0.0188679245283017,0.0200457183049059
"4565001","4575000",4570000.5,"Fst",0.0133971291866029,0,0.0166666666666667,0.0177046125174716
"4566001","4576000",4571000.5,"Fst",0.0143405889884763,0,0.0165071770334928,0.0184802431610941
"4567001","4577000",4572000.5,"Fst",0.0159090909090909,0,0.0181818181818182,0.0203398902716445
"4568001","4578000",4573000.5,"Fst",0.0143405889884763,0,0.0165071770334928,0.0184802431610941
"4569001","4579000",4574000.5,"Fst",0.0143405889884763,0,0.0165071770334928,0.0184802431610941
"4570001","4580000",4575000.5,"Fst",0.0128883774453394,0,0.0149350649350649,0.0166703224391314
"4571001","4581000",4576000.5,"Fst",0.00998217468805707,0,0.0117274891393213,0.0130404941660948
"4572001","4582000",4577000.5,"Fst",0.0332556332556332,0,0.0415496410734803,0.101375084334332
"4573001","4583000",4578000.5,"Fst",0.0401871059589181,0,0.0447023910917493,0.120655477732258
"4574001","4584000",4579000.5,"Fst",0.041428507735521,0,0.0500804331119905,0.132745823797195
"4575001","4585000",4580000.5,"Fst",0.0412867679729849,0,0.0500760455269159,0.132201535681398
"4576001","4586000",4581000.5,"Fst",0.042387008076989,0,0.0489148413213395,0.127305325098162
"4577001","4587000",4582000.5,"Fst",0.042387008076989,0,0.0489148413213395,0.127305325098162
"4578001","4588000",4583000.5,"Fst",0.0433918282974886,0,0.0500755262315865,0.130617239078352
"4579001","4589000",4584000.5,"Fst",0.0407461341099784,0,0.0400972685057135,0.107076701735455
"4580001","4590000",4585000.5,"Fst",0.0398940864960281,0,0.0392208147796601,0.105165314345642
"4581001","4591000",4586000.5,"Fst",0.0416353716431659,0,0.0410882936878012,0.109058854506531
"4582001","4592000",4587000.5,"Fst",0.0360769612437289,0,0.0332451973018532,0.111846715064832
"4583001","4593000",4588000.5,"Fst",0.0242424242424243,0,0.0408557339649321,0.083
"4584001","4594000",4589000.5,"Fst",0.0258013202895091,0,0.0340356422127752,0.0702967444540479
"4585001","4595000",4590000.5,"Fst",0.108085935497103,0,0.0401492890243963,0.0645099171962256
"4586001","4596000",4591000.5,"Fst",0.111159761370478,0,0.0417836242480281,0.0695296523517381
"4587001","4597000",4592000.5,"Fst",0.104550602285597,0,0.0392751003085846,0.0653218059558116
"4588001","4598000",4593000.5,"Fst",0.102603706972639,0,0.0342257294225913,0.0544437966243589
"4589001","4599000",4594000.5,"Fst",0.129048625792812,0,0.0412042034653552,0.0746125300152808
"4590001","4600000",4595000.5,"Fst",0.139424394700777,0,0.0444843920062597,0.0797294145089807
"4591001","4601000",4596000.5,"Fst",0.144507575757576,0,0.0460983931991688,0.08256038647343
"4592001","4602000",4597000.5,"Fst",0.145264159923846,0,0.0462313847433902,0.0829813061422676
"4593001","4603000",4598000.5,"Fst",0.140128558310376,0,0.0445882750173129,0.0801218940459446
"4594001","4604000",4599000.5,"Fst",0.152439650744735,0,0.0515619444573869,0.0913833992094862
"4595001","4605000",4600000.5,"Fst",0.0403059723448073,0,0.0227291485153787,0.0491079014443501
"4596001","4606000",4601000.5,"Fst",0.0437001594896331,0,0.0243021926358172,0.0525454545454546
"4597001","4607000",4602000.5,"Fst",0.0477185649599443,0,0.0264783473710753,0.0571146245059287
"4598001","4608000",4603000.5,"Fst",0.00740740740740742,0,0.00770010131712262,0.00792657488527315
"4599001","4609000",4604000.5,"Fst",0.00641025641025617,0,0.00668190610163522,0.0068517850703208
"4600001","4610000",4605000.5,"Fst",0.00980392156862742,0,0.00966183574879231,0.0103655210038187
"4601001","4611000",4606000.5,"Fst",0.00980392156862742,0,0.00966183574879231,0.0103655210038187
"4602001","4612000",4607000.5,"Fst",0.0174427198817442,0,0.0166853722409277,0.0202127659574468
"4603001","4613000",4608000.5,"Fst",0.0190707070707071,0,0.0182648508876003,0.0219703977798335
"4604001","4614000",4609000.5,"Fst",0.0190707070707071,0,0.0182648508876003,0.0219703977798335
"4605001","4615000",4610000.5,"Fst",0.0190707070707071,0,0.0201212121212121,0.0216450216450216
"4606001","4616000",4611000.5,"Fst",0.0174427198817442,0,0.018393758029643,0.0198412698412698
"4607001","4617000",4612000.5,"Fst",0.0190707070707071,0,0.0201279516835748,0.021745549283543
"4608001","4618000",4613000.5,"Fst",0.0190707070707071,0,0.0201279516835748,0.021745549283543
"4609001","4619000",4614000.5,"Fst",0.0293653516295025,0,0.0310643277844775,0.047621619119621
"4610001","4620000",4615000.5,"Fst",0.0143724636393256,0,0.0278065768299631,0.0540103638616648
"4611001","4621000",4616000.5,"Fst",0.0143724636393256,0,0.0278065768299631,0.0540103638616648
"4612001","4622000",4617000.5,"Fst",0.0106821641068215,0,0.0329604589865357,0.0651547876169906
"4613001","4623000",4618000.5,"Fst",0.0100403173364546,0,0.0311760497227268,0.0614392396469788
"4614001","4624000",4619000.5,"Fst",0.00896319517009159,0,0.0281423909990452,0.0558641975308641
"4615001","4625000",4620000.5,"Fst",0.00753674079854327,0,0.0307544692306724,0.0642611683848798
"4616001","4626000",4621000.5,"Fst",0.00753674079854327,0,0.0305242805915801,0.0642611683848798
"4617001","4627000",4622000.5,"Fst",0.00753674079854327,0,0.0305242805915801,0.0642611683848798
"4618001","4628000",4623000.5,"Fst",0.00710955710955719,0,0.0289135601825711,0.0611710827608767
"4619001","4629000",4624000.5,"Fst",0,0,0.0321347741989741,0.0668453677332888
"4620001","4630000",4625000.5,"Fst",0,0,2.22044604925031e-16,2.22044604925031e-16
"4621001","4631000",4626000.5,"Fst",0,0,0.00518276050190936,0.00539007092198573
"4622001","4632000",4627000.5,"Fst",0.10736501907475,0,0.0385373277650168,0.0922609051033054
"4623001","4633000",4628000.5,"Fst",0.107779784600976,0,0.0385373277650168,0.0927151436951708
"4624001","4634000",4629000.5,"Fst",0.0975766680323518,0,0.0350168487948505,0.0834132612856017
"4625001","4635000",4630000.5,"Fst",0.100391862988463,0,0.0360391952370704,0.0854384694503507
"4626001","4636000",4631000.5,"Fst",0.100391862988463,0,0.0360436521879819,0.085829194158203
"4627001","4637000",4632000.5,"Fst",0.0979199025430182,0,0.0351786409562921,0.0834132612856017
"4628001","4638000",4633000.5,"Fst",0.0941774062463718,0,0.0343463084816972,0.0804460819507916
"4629001","4639000",4634000.5,"Fst",0.0967728465759963,0,0.0353062076244944,0.0826677034000142
"4630001","4640000",4635000.5,"Fst",0.0967728465759963,0,0.0353062076244944,0.0826677034000142
"4631001","4641000",4636000.5,"Fst",0.100071750248073,0,0.0356397099748163,0.083785641916341
"4632001","4642000",4637000.5,"Fst",0.00205726994717814,0,0.0149075987144168,0.0174247982391783
"4633001","4643000",4638000.5,"Fst",0.00222389181066884,0,0.0160836354656578,0.0187155240346729
"4634001","4644000",4639000.5,"Fst",0.0057851239669422,0,0.00770010131712262,0.00792657488527315
"4635001","4645000",4640000.5,"Fst",0.00783838383838387,0,0.00877192982456143,0.0092401215805471
"4636001","4646000",4641000.5,"Fst",0.00864527629233514,0,0.00966183574879231,0.0101699451358223
"4637001","4647000",4642000.5,"Fst",0.0186809269162209,0,0.0172325666301568,0.020520574576088
"4638001","4648000",4643000.5,"Fst",0.0187793427230045,0,0.0188488080900765,0.0203398902716445
"4639001","4649000",4644000.5,"Fst",0.0153256704980843,0,0.0154886070002347,0.0169321599643533
"4640001","4650000",4645000.5,"Fst",0.0140350877192983,0,0.0142561983471075,0.0154002026342452
"4641001","4651000",4646000.5,"Fst",0.00961188692623083,0,0.0164957849168373,0.0190082644628099
"4642001","4652000",4647000.5,"Fst",0.00961188692623083,0,0.0164957849168373,0.0190082644628099
"4643001","4653000",4648000.5,"Fst",0.00361103833726306,0,0.0194854070472085,0.0231235431235431
"4644001","4654000",4649000.5,"Fst",0.00347099806933593,0,0.0187967874127981,0.0222122704881325
"4645001","4655000",4650000.5,"Fst",0.00218320120520621,0,0.0210215838213353,0.0244514106583071
"4646001","4656000",4651000.5,"Fst",0.0020879094924301,0,0.0202181375895522,0.0235057759919638
"4647001","4657000",4652000.5,"Fst",0,0,0.019495990340949,0.0203844787431413
"4648001","4658000",4653000.5,"Fst",0,0,0.019495990340949,0.0203655072619111
"4649001","4659000",4654000.5,"Fst",0.000781268058155926,0,0.0183838383838382,0.0220211058365493
"4650001","4660000",4655000.5,"Fst",0.000816129421707168,0,0.0191413246869147,0.0230032678339541
"4651001","4661000",4656000.5,"Fst",0.00580737739512105,0,0.0159150527749538,0.0238204833141542
"4652001","4662000",4657000.5,"Fst",0.00555465848538672,0,0.0151274843275284,0.0226725082146768
"4653001","4663000",4658000.5,"Fst",0.0137592137592137,0,0.0156811273832551,0.0183752417794972
"4654001","4664000",4659000.5,"Fst",0.018475073313783,0,0.0199818210215059,0.0240946878962942
"4655001","4665000",4660000.5,"Fst",0.0132929666694699,0,0.0159437288627635,0.0228089125574619
"4656001","4666000",4661000.5,"Fst",0.0107470645541712,0,0.0165539718171606,0.0218160973800452
"4657001","4667000",4662000.5,"Fst",0.0107470645541712,0,0.016652100663731,0.0218160973800452
"4658001","4668000",4663000.5,"Fst",0.00832920646150215,0,0.0148391140089596,0.0215362301972775
"4659001","4669000",4664000.5,"Fst",0.00495154875931214,0,0.0138412158412743,0.0195982202169687
"4660001","4670000",4665000.5,"Fst",0.00412438472484655,0,0.0115507104151329,0.0165060893036979
"4661001","4671000",4666000.5,"Fst",0.005517011181842,0,0.0122035624375677,0.0226059338780027
"4662001","4672000",4667000.5,"Fst",0.00573823339780799,0,0.0127801538409436,0.0234946192393001
"4663001","4673000",4668000.5,"Fst",0.00601382608243661,0,0.0133103212746096,0.0246451289443174
"4664001","4674000",4669000.5,"Fst",0.00163559044815187,0,0.0130704467968708,0.0223713646532439
"4665001","4675000",4670000.5,"Fst",0.00386697602474861,0,0.0151033806118552,0.0192837465564738
"4666001","4676000",4671000.5,"Fst",0.00611995104039165,0,0.0113981762917933,0.012535048655781
"4667001","4677000",4672000.5,"Fst",0.00611995104039165,0,0.0114068998914258,0.012535048655781
"4668001","4678000",4673000.5,"Fst",0.0106382978723403,0,0.0112359550561798,0.0118898623279099
"4669001","4679000",4674000.5,"Fst",0.0106382978723403,0,0.0112391470888662,0.0117175454825779
"4670001","4680000",4675000.5,"Fst",0.0142857142857141,0,0.0149724192277385,0.0155482815057283
"4671001","4681000",4676000.5,"Fst",0.0125701459034793,0,0.0154482499294958,0.0166703224391314
"4672001","4682000",4677000.5,"Fst",0.0164222873900292,0,0.0171998776247075,0.0202305293490704
"4673001","4683000",4678000.5,"Fst",0.00958364129095823,0,0.0301494034399985,0.0710911681076001
"4674001","4684000",4679000.5,"Fst",0.00981347672660049,0,0.0271046561546641,0.0634090389305659
"4675001","4685000",4680000.5,"Fst",0.0101641817021523,0,0.027936359901933,0.0652068143993595
"4676001","4686000",4681000.5,"Fst",0.0145594271242684,0,0.0253164266025988,0.0641423849208198
"4677001","4687000",4682000.5,"Fst",0.0149825658722456,0,0.0261394646602009,0.0658720672108193
"4678001","4688000",4683000.5,"Fst",0.0141041909886129,0,0.0246376444730682,0.0619072226162928
"4679001","4689000",4684000.5,"Fst",0.0145594271242684,0,0.0253189558823897,0.0638281326267056
"4680001","4690000",4685000.5,"Fst",0.0149825658722456,0,0.0260792998303577,0.0655406817413408
"4681001","4691000",4686000.5,"Fst",0.0117825427766948,0,0.0273532513083352,0.0714100378085847
"4682001","4692000",4687000.5,"Fst",0.0052485640720934,0,0.029362479419748,0.071577933280061
"4683001","4693000",4688000.5,"Fst",0.00543309198176445,0,0.0234266577359507,0.0402396053558844
"4684001","4694000",4689000.5,"Fst",0.00419400939131442,0,0.0242880774225736,0.0422299922299922
"4685001","4695000",4690000.5,"Fst",0.00419400939131442,0,0.0242880774225736,0.0422299922299922
"4686001","4696000",4691000.5,"Fst",0,0,0.0305341501356446,0.0439414814736909
"4687001","4697000",4692000.5,"Fst",0,0,0.0272326792150579,0.0391947164996811
"4688001","4698000",4693000.5,"Fst",0,0,0.0114054074738541,0.0231934546805548
"4689001","4699000",4694000.5,"Fst",0,0,0.0114054074738541,0.0231934546805548
"4690001","4700000",4695000.5,"Fst",0,0,0.00861053114138281,0.0158270462081326
"4691001","4701000",4696000.5,"Fst",0,0,0.00807391347595407,0.0160639857809377
"4692001","4702000",4697000.5,"Fst",0.000747613194362451,0,0.00527727256630668,0.00904248697526966
"4693001","4703000",4698000.5,"Fst",0.000737572158312272,0,0.00517729196231544,0.00891814584068029
"4694001","4704000",4699000.5,"Fst",0.000749069989118278,0,0.00524790823600699,0.00904248697526966
"4695001","4705000",4700000.5,"Fst",0.000737572158312272,0,0.00516789576241486,0.00891814584068029
"4696001","4706000",4701000.5,"Fst",0.000747613194362451,0,0.00524816727602328,0.00906618795211434
"4697001","4707000",4702000.5,"Fst",0.000770077961721682,0,0.00540532427063129,0.00935216916085224
"4698001","4708000",4703000.5,"Fst",0.00173314043578199,0,0.00698130851806214,0.0114971187943261
"4699001","4709000",4704000.5,"Fst",0.00168734136488757,0,0.00682444615654677,0.0112243058059863
"4700001","4710000",4705000.5,"Fst",0.00269839217207635,0,0.00934247866291973,0.0144719187272379
"4701001","4711000",4706000.5,"Fst",0.0036011351404247,0,0.00936227951153323,0.0103655210038189
"4702001","4712000",4707000.5,"Fst",0,0,0.00518276050190936,0.00539007092198573
"4703001","4713000",4708000.5,"Fst",0,0,0,0
"4704001","4714000",4709000.5,"Fst",0,0,0.0470957613814758,0.0625137091467427
"4705001","4715000",4710000.5,"Fst",0,0,0.0516518305922499,0.0681329189576859
"4706001","4716000",4711000.5,"Fst",0,0,0.0516518305922499,0.0681329189576859
"4707001","4717000",4712000.5,"Fst",0,0,0.0471115491651207,0.0615617237282644
"4708001","4718000",4713000.5,"Fst",0,0,0.0367183017785427,0.0484500757032433
"4709001","4719000",4714000.5,"Fst",0,0,0.0397515527950312,0.0515385267440873
"4710001","4720000",4715000.5,"Fst",0,0,0.0427387128679632,0.0550475328202806
"4711001","4721000",4716000.5,"Fst",0,0,0.0372411112077021,0.0538151345983846
"4712001","4722000",4717000.5,"Fst",0.0195002475312018,0,0.0289640808069959,0.0514489409443181
"4713001","4723000",4718000.5,"Fst",0.0195002475312018,0,0.0289640808069959,0.0514489409443181
"4714001","4724000",4719000.5,"Fst",0.0304987441693578,0,0.0296132052229613,0.0366955856599368
"4715001","4725000",4720000.5,"Fst",0.0367158138190229,0,0.0248887351392488,0.0364942528735631
"4716001","4726000",4721000.5,"Fst",0.0367158138190229,0,0.0248887351392488,0.0364942528735631
"4717001","4727000",4722000.5,"Fst",0.0385900941962929,0,0.0260927015705361,0.0383454106280193
"4718001","4728000",4723000.5,"Fst",0.0494791666666666,0,0.0313992830331202,0.0457680250783699
"4719001","4729000",4724000.5,"Fst",0.0401606425702811,0,0.0250831829034042,0.0369097333761645
"4720001","4730000",4725000.5,"Fst",0.0381041181041181,0,0.0221015371419225,0.0353320438426821
"4721001","4731000",4726000.5,"Fst",0.0396478754020654,0,0.0236394638497185,0.0398760330578511
"4722001","4732000",4727000.5,"Fst",0.0269301712779972,0,0.0186163744972841,0.0284900284900284
"4723001","4733000",4728000.5,"Fst",0.0253849975161449,0,0.017481503770748,0.0268817204301074
"4724001","4734000",4729000.5,"Fst",0.0292166952544309,0,0.0198791906588164,0.0303030303030302
"4725001","4735000",4730000.5,"Fst",0.0148239148239147,0,0.0165071770334928,0.0184802431610941
"4726001","4736000",4731000.5,"Fst",0.0148239148239147,0,0.0165071770334928,0.0184802431610941
"4727001","4737000",4732000.5,"Fst",0.0133776792313376,0,0.0149350649350649,0.0169321599643533
"4728001","4738000",4733000.5,"Fst",0.0121885521885521,0,0.0137862137862138,0.0156233939767704
"4729001","4739000",4734000.5,"Fst",0.0146853146853145,0,0.0190986764952252,0.0200457183049059
"4730001","4740000",4735000.5,"Fst",0,0,0,0
"4731001","4741000",4736000.5,"Fst",0,0,0,0
"4732001","4742000",4737000.5,"Fst",0,0,0,0
"4733001","4743000",4738000.5,"Fst",0.0289806023001474,0,0.0394098899900504,0.0863653531411306
"4734001","4744000",4739000.5,"Fst",0.0169467401285585,0,0.0413383839928693,0.0735233120823411
"4735001","4745000",4740000.5,"Fst",0.0169467401285585,0,0.0413383839928693,0.0735233120823411
"4736001","4746000",4741000.5,"Fst",0.0169467401285585,0,0.0413383839928693,0.0735233120823411
"4737001","4747000",4742000.5,"Fst",0.0217834230036792,0,0.0369715390991986,0.0796156485929993
"4738001","4748000",4743000.5,"Fst",0.0225540305136011,0,0.038259894478584,0.0823185026548223
"4739001","4749000",4744000.5,"Fst",0.0225540305136011,0,0.038259894478584,0.0823185026548223
"4740001","4750000",4745000.5,"Fst",0.0217834230036792,0,0.0369715390991986,0.0796156485929993
"4741001","4751000",4746000.5,"Fst",0.0216907839022056,0,0.0369715390991986,0.0792050234713162
"4742001","4752000",4747000.5,"Fst",0.0242906884545109,0,0.035214575629005,0.0752400445975404
"4743001","4753000",4748000.5,"Fst",0.0145622895622896,0,0.0299558398050861,0.0526779076337467
"4744001","4754000",4749000.5,"Fst",0.0310432569974554,0,0.0391424917922983,0.0626482213438735
"4745001","4755000",4750000.5,"Fst",0.0330676164631387,0,0.0494837825491091,0.0677243347603459
"4746001","4756000",4751000.5,"Fst",0.0330676164631387,0,0.0494837825491091,0.0677243347603459
"4747001","4757000",4752000.5,"Fst",0.0317290552584668,0,0.0348978153629317,0.0554926983291671
"4748001","4758000",4753000.5,"Fst",0.0293693911223791,0,0.0321099727661781,0.051332603139832
"4749001","4759000",4754000.5,"Fst",0.0275750018892161,0,0.0297345982947039,0.048172681589767
"4750001","4760000",4755000.5,"Fst",0.0267488893309461,0,0.0281413294357192,0.0419726477133582
"4751001","4761000",4756000.5,"Fst",0.025204623555139,0,0.0264665608345206,0.039871826972752
"4752001","4762000",4757000.5,"Fst",0.019237579766797,0,0.0261861256686674,0.0438558402084238
"4753001","4763000",4758000.5,"Fst",0.0155235630324597,0,0.0208428236863452,0.0363107494198778
"4754001","4764000",4759000.5,"Fst",0.0146749393040195,0,0.0159789440735289,0.0319556013894919
"4755001","4765000",4760000.5,"Fst",0.00846333154025458,0,0.00909228650137747,0.0104189515244572
"4756001","4766000",4761000.5,"Fst",0.0077733860342557,0,0.00829285355528442,0.00962512664640325
"4757001","4767000",4762000.5,"Fst",0.00690967647489371,0,0.00736141906873622,0.0085829154808692
"4758001","4768000",4763000.5,"Fst",0.00718745241358287,0,0.007660359944624,0.00888473228898756
"4759001","4769000",4764000.5,"Fst",0.0153138528138528,0,0.0103072975921913,0.0156096046243602
"4760001","4770000",4765000.5,"Fst",0.014961206265554,0,0.0104296454897136,0.0151523951496849
"4761001","4771000",4766000.5,"Fst",0.0162145010312549,0,0.0112232607714885,0.0164821665485023
"4762001","4772000",4767000.5,"Fst",0.0175964187327823,0,0.0122543862539958,0.0179316033052802
"4763001","4773000",4768000.5,"Fst",0.0213584117032393,0,0.0147258034221007,0.0219593172784661
"4764001","4774000",4769000.5,"Fst",0.024456958970233,0,0.019939417627516,0.0256410256410255
"4765001","4775000",4770000.5,"Fst",0.025974025974026,0,0.025974025974026,0.0277203647416414
"4766001","4776000",4771000.5,"Fst",0.0322580645161289,0,0.0322655497874182,0.0346504559270515
"4767001","4777000",4772000.5,"Fst",0.0512820512820513,0,0.051063829787234,0.0527289546716003
"4768001","4778000",4773000.5,"Fst",0.0425531914893618,0,0.0425531914893618,0.0449172576832151
"4769001","4779000",4774000.5,"Fst",0.0174767280649631,0,0.0269759450171821,0.0486443381180223
"4770001","4780000",4775000.5,"Fst",0.063445001574498,0,0.030587975491907,0.0712755110649386
"4771001","4781000",4776000.5,"Fst",0.063445001574498,0,0.030587975491907,0.0712755110649386
"4772001","4782000",4777000.5,"Fst",0.063445001574498,0,0.030587975491907,0.0712755110649386
"4773001","4783000",4778000.5,"Fst",0.0407622404201653,0,0.0291339292991656,0.058715019390001
"4774001","4784000",4779000.5,"Fst",0.0383156322063074,0,0.0274780564458229,0.0556449530166677
"4775001","4785000",4780000.5,"Fst",0.031791650532777,0,0.0301108705559519,0.05746964878683
"4776001","4786000",4781000.5,"Fst",0.0320890319120408,0,0.0292097817797408,0.054680563597761
"4777001","4787000",4782000.5,"Fst",0.0320890319120408,0,0.0292097817797408,0.054680563597761
"4778001","4788000",4783000.5,"Fst",0.032904361216521,0,0.0299899069371003,0.0559273516928239
"4779001","4789000",4784000.5,"Fst",0.036969696969697,0,0.0295622970364138,0.0621114116586303
"4780001","4790000",4785000.5,"Fst",0,0,0.0379717239399436,0.0639175422221159
"4781001","4791000",4786000.5,"Fst",0,0,0.0303399087674025,0.0518140076311194
"4782001","4792000",4787000.5,"Fst",0,0,0.0259952633559559,0.0503221415075517
"4783001","4793000",4788000.5,"Fst",0.00622040719696959,0,0.0207175613703804,0.0328962223187146
"4784001","4794000",4789000.5,"Fst",0.00622040719696959,0,0.0205079073155343,0.0326166510242214
"4785001","4795000",4790000.5,"Fst",0.012121212121212,0,0.0124168514412417,0.0158730158730157
"4786001","4796000",4791000.5,"Fst",0.00681818181818172,0,0.00908438919435817,0.00951188986232798
"4787001","4797000",4792000.5,"Fst",0.00681818181818172,0,0.00908438919435817,0.00951188986232798
"4788001","4798000",4793000.5,"Fst",0.0191919191919191,0,0.0156830608415974,0.0208333333333333
"4789001","4799000",4794000.5,"Fst",0.0176027793862188,0,0.0142887154861944,0.0187499999999999
"4790001","4800000",4795000.5,"Fst",0.0176027793862188,0,0.0142887154861944,0.0187499999999999
"4791001","4801000",4796000.5,"Fst",0.0230303030303032,0,0.0189773326304691,0.0245901639344261
"4792001","4802000",4797000.5,"Fst",0.0176991150442476,0,0.0176991150442476,0.019023779724656
"4793001","4803000",4798000.5,"Fst",0.0176991150442476,0,0.0176991150442476,0.019023779724656
"4794001","4804000",4799000.5,"Fst",0.024793388429752,0,0.0245901639344261,0.0262692987172594
"4795001","4805000",4800000.5,"Fst",0.0283018867924527,0,0.0277777777777777,0.0297003907946157
"4796001","4806000",4801000.5,"Fst",0.0303030303030303,0,0.03,0.0317755272693486
"4797001","4807000",4802000.5,"Fst",0.0283018867924527,0,0.0277777777777777,0.0293411118737134
"4798001","4808000",4803000.5,"Fst",0.0123456790123455,0,0.0123123447456528,0.0129017655047532
"4799001","4809000",4804000.5,"Fst",0.0147058823529412,0,0.0149724192277385,0.0158531497705464
"4800001","4810000",4805000.5,"Fst",0.0272108843537415,0,0.0203259068374478,0.0273972602739725
"4801001","4811000",4806000.5,"Fst",0.0310880829015543,0,0.0253408335891755,0.0315306270814437
"4802001","4812000",4807000.5,"Fst",0.032085561497326,0,0.026486790703616,0.0329570125922709
"4803001","4813000",4808000.5,"Fst",0.0335195530726257,0,0.0277242972660762,0.0342622408137472
"4804001","4814000",4809000.5,"Fst",0.030674846625767,0,0.0247589162712384,0.031450174583637
"4805001","4815000",4810000.5,"Fst",0.030674846625767,0,0.0247589162712384,0.031450174583637
"4806001","4816000",4811000.5,"Fst",0.030674846625767,0,0.0247589162712384,0.031450174583637
"4807001","4817000",4812000.5,"Fst",0.032051282051282,0,0.025878314015212,0.0331872481798261
"4808001","4818000",4813000.5,"Fst",0.030674846625767,0,0.0245651076269207,0.031450174583637
"4809001","4819000",4814000.5,"Fst",0.0313241106719366,0,0.0206783328502508,0.0313241106719366
"4810001","4820000",4815000.5,"Fst",0.00556461773091987,0,0.0357946543436809,0.0902061920835387
"4811001","4821000",4816000.5,"Fst",0.01577169364191,0,0.0362095470461812,0.087457026404395
"4812001","4822000",4817000.5,"Fst",0.015456645542255,0,0.0355292905734916,0.0860480524462112
"4813001","4823000",4818000.5,"Fst",0.0137137801371378,0,0.0339210843811632,0.0833611793611793
"4814001","4824000",4819000.5,"Fst",0.0108491554549648,0,0.0304294571211832,0.0739192642807101
"4815001","4825000",4820000.5,"Fst",0.0108491554549648,0,0.0304294571211832,0.0739192642807101
"4816001","4826000",4821000.5,"Fst",0.0108491554549648,0,0.0304294571211832,0.0739192642807101
"4817001","4827000",4822000.5,"Fst",0.0106683976796184,0,0.0298558976932314,0.0727583527583527
"4818001","4828000",4823000.5,"Fst",0.0492822966507178,0,0.0311344786928555,0.0644332269790623
"4819001","4829000",4824000.5,"Fst",0.0476676881171263,0,0.0317511725672364,0.0649207673060882
"4820001","4830000",4825000.5,"Fst",0.0844662345576422,0,0.0298986800719231,0.0765008284595043
"4821001","4831000",4826000.5,"Fst",0.0833498117985809,0,0.0390899553990559,0.0984333487923839
"4822001","4832000",4827000.5,"Fst",0.0886797327723028,0,0.041755866763213,0.104667065091057
"4823001","4833000",4828000.5,"Fst",0.0843474655333264,0,0.0381375025450472,0.0993022154829946
"4824001","4834000",4829000.5,"Fst",0.108067187130352,0,0.0464960783679795,0.111952350250223
"4825001","4835000",4830000.5,"Fst",0.097530108185344,0,0.0399495604020174,0.101656048199548
"4826001","4836000",4831000.5,"Fst",0.089727928928373,0,0.0366214506093262,0.0917616994931949
"4827001","4837000",4832000.5,"Fst",0.0750018063322785,0,0.0308857750383504,0.0837983837277978
"4828001","4838000",4833000.5,"Fst",0.000178325965003667,0,0.0357107275200526,0.0797794740901158
"4829001","4839000",4834000.5,"Fst",6.54414571630291e-05,0,0.0513785546219887,0.116373511385719
"4830001","4840000",4835000.5,"Fst",6.54414571630291e-05,0,0.0513785546219887,0.116373511385719
"4831001","4841000",4836000.5,"Fst",0.00137291975403264,0,0.0482721279137894,0.109137881963718
"4832001","4842000",4837000.5,"Fst",0.00133611829454272,0,0.0470398403677952,0.106011822028074
"4833001","4843000",4838000.5,"Fst",0.00140533204764204,0,0.050002965497627,0.113201082673793
"4834001","4844000",4839000.5,"Fst",0.00138533167868049,0,0.0493246309698996,0.111495435908685
"4835001","4845000",4840000.5,"Fst",0,0,0.0496555072358627,0.109574949528667
"4836001","4846000",4841000.5,"Fst",0,0,0.048333544487459,0.106866608860605
"4837001","4847000",4842000.5,"Fst",0,0,0.0534308797083362,0.118436340981603
"4838001","4848000",4843000.5,"Fst",0.0480580788212575,0,0.0373291457152406,0.0801726470717032
"4839001","4849000",4844000.5,"Fst",0.0480580788212575,0,0.034137133744542,0.0801726470717032
"4840001","4850000",4845000.5,"Fst",0.0453129214998651,0,0.0320880881990379,0.0756456450411643
"4841001","4851000",4846000.5,"Fst",0.0475311366088066,0,0.0349222280092881,0.0829993825096135
"4842001","4852000",4847000.5,"Fst",0.0445483187260124,0,0.0341404822075051,0.0789490848846159
"4843001","4853000",4848000.5,"Fst",0.0445483187260124,0,0.0341404822075051,0.0789490848846159
"4844001","4854000",4849000.5,"Fst",0.0453891768221507,0,0.0347724053628696,0.0805920559829815
"4845001","4855000",4850000.5,"Fst",0.042896634997299,0,0.0314790437416852,0.0724458280223552
"4846001","4856000",4851000.5,"Fst",0.0466462376574737,0,0.0344054824454942,0.0784321593253551
"4847001","4857000",4852000.5,"Fst",0.0280005634861006,0,0.0336060429048263,0.0606966300615117
"4848001","4858000",4853000.5,"Fst",0,0,0.036759370283398,0.0639832786942117
"4849001","4859000",4854000.5,"Fst",0,0,0.0364225863797762,0.0896896823950932
"4850001","4860000",4855000.5,"Fst",0,0,0.0364035311114166,0.0924795308559146
"4851001","4861000",4856000.5,"Fst",0,0,0.0347411359907694,0.0862647330781746
"4852001","4862000",4857000.5,"Fst",0.00198451233784025,0,0.03486225938215,0.0871869976781569
"4853001","4863000",4858000.5,"Fst",0.00194534958932868,0,0.0340784412307828,0.0855400574752927
"4854001","4864000",4859000.5,"Fst",0.000141552063938177,0,0.0327340684531047,0.0751397876484263
"4855001","4865000",4860000.5,"Fst",0.00174376905146123,0,0.0329851637761472,0.0793757185310514
"4856001","4866000",4861000.5,"Fst",0.00164176584789388,0,0.03121891575369,0.0750510177921345
"4857001","4867000",4862000.5,"Fst",0.00610566632871468,0,0.0137042518846175,0.0207546312300045
"4858001","4868000",4863000.5,"Fst",0.00644087938205595,0,0.0144423700178635,0.0217913754160893
"4859001","4869000",4864000.5,"Fst",0.00659939424379397,0,0.0148674282153156,0.0224977756014834
"4860001","4870000",4865000.5,"Fst",0.00566462631300535,0,0.0143526308608849,0.0214660104237264
"4861001","4871000",4866000.5,"Fst",0.00323580258994682,0,0.014973311276043,0.0209777960949976
"4862001","4872000",4867000.5,"Fst",0,0,0.0154641070903205,0.0230112415403655
"4863001","4873000",4868000.5,"Fst",0,0,0.0159386339371545,0.0237809837749902
"4864001","4874000",4869000.5,"Fst",0.00246849309125607,0,0.0108664267089275,0.018301342398324
"4865001","4875000",4870000.5,"Fst",0,0,0.0128943771721753,0.0173565544276146
"4866001","4876000",4871000.5,"Fst",0,0,0.0151841561103748,0.0206324603957405
"4867001","4877000",4872000.5,"Fst",0,0,2.22044604925031e-16,2.22044604925031e-16
"4868001","4878000",4873000.5,"Fst",0,0,2.22044604925031e-16,2.22044604925031e-16
"4869001","4879000",4874000.5,"Fst",0,0,2.22044604925031e-16,2.22044604925031e-16
"4870001","4880000",4875000.5,"Fst",0,0,2.22044604925031e-16,2.22044604925031e-16
"4871001","4881000",4876000.5,"Fst",0,0,0,1.11022302462516e-16
"4872001","4882000",4877000.5,"Fst",0,0,0,1.11022302462516e-16
"4873001","4883000",4878000.5,"Fst",0,0,0,1.11022302462516e-16
"4874001","4884000",4879000.5,"Fst",0,0,1.11022302462516e-16,1.11022302462516e-16
"4875001","4885000",4880000.5,"Fst",0,0,1.11022302462516e-16,1.11022302462516e-16
"4876001","4886000",4881000.5,"Fst",0.110414742490214,0,0.0479771537363159,0.119174532074868
"4877001","4887000",4882000.5,"Fst",0.11097849391066,0,0.0482296650717704,0.118426574760591
"4878001","4888000",4883000.5,"Fst",0.107148954332053,0,0.0465159206275957,0.113899200675176
"4879001","4889000",4884000.5,"Fst",0.111548031636008,0,0.0484848484848482,0.117687947475182
"4880001","4890000",4885000.5,"Fst",0.107148954332053,0,0.0467532467532468,0.114590896225835
"4881001","4891000",4886000.5,"Fst",0.121526769290348,0,0.052672187290485,0.128654324399005
"4882001","4892000",4887000.5,"Fst",0.0950677189905486,0,0.0422083622678196,0.107809840890005
"4883001","4893000",4888000.5,"Fst",0.0921635305675205,0,0.0409109716220799,0.104736876304067
"4884001","4894000",4889000.5,"Fst",0.0851035956838005,0,0.0365678285224531,0.0950282832131055
"4885001","4895000",4890000.5,"Fst",0.0879037139906704,0,0.0376463103451074,0.0976517924755461
"4886001","4896000",4891000.5,"Fst",0.0104758739128026,0,0.0187520526341186,0.0330009775171065
"4887001","4897000",4892000.5,"Fst",0.0109670871393359,0,0.0198015583481018,0.0345618345618345
"4888001","4898000",4893000.5,"Fst",0.0274886717643725,0,0.0366647216645521,0.074005700164461
"4889001","4899000",4894000.5,"Fst",0.0274886717643725,0,0.0366647216645521,0.074005700164461
"4890001","4900000",4895000.5,"Fst",0.0302057805267048,0,0.0403223512768968,0.0810298143860257
"4891001","4901000",4896000.5,"Fst",0.0313319614251705,0,0.0418300844808516,0.0835166629093823
"4892001","4902000",4897000.5,"Fst",0.0428538933960118,0,0.0523807420887876,0.101639928698752
"4893001","4903000",4898000.5,"Fst",0.0428538933960118,0,0.0526838341553929,0.101045543150806
"4894001","4904000",4899000.5,"Fst",0.0408903544929926,0,0.0542734713776204,0.0978404737025426
"4895001","4905000",4900000.5,"Fst",0.0408903544929926,0,0.0542734713776204,0.0978404737025426
"4896001","4906000",4901000.5,"Fst",0.0342967244701349,0,0.0627988737522131,0.104523222376064
"4897001","4907000",4902000.5,"Fst",0.0342967244701349,0,0.0627988737522131,0.104523222376064
"4898001","4908000",4903000.5,"Fst",0,0,2.22044604925031e-16,2.22044604925031e-16
"4899001","4909000",4904000.5,"Fst",0,0,2.22044604925031e-16,2.22044604925031e-16
"4900001","4910000",4905000.5,"Fst",0,0,0.00470064324591779,0.00496832150269932
"4901001","4911000",4906000.5,"Fst",0,0,0.00470064324591779,0.00496832150269932
"4902001","4912000",4907000.5,"Fst",0,0,0.00470064324591779,0.00496832150269932
"4903001","4913000",4908000.5,"Fst",0,0,0.00518276050190936,0.00548515339784805
"4904001","4914000",4909000.5,"Fst",0,0,0.00783874580067179,0.00820616181975242
"4905001","4915000",4910000.5,"Fst",0,0,0.00783874580067179,0.00820616181975242
"4906001","4916000",4911000.5,"Fst",0,0,0.0093940236704676,0.00971867007672644
"4907001","4917000",4912000.5,"Fst",0,0,0.0093940236704676,0.00971867007672644
"4908001","4918000",4913000.5,"Fst",0,0,0.0217391304347826,0.0217391304347826
"4909001","4919000",4914000.5,"Fst",0,0,0.0217391304347826,0.0217391304347826
"4910001","4920000",4915000.5,"Fst",0,0,0,0
"4911001","4921000",4916000.5,"Fst",0,0,0,0
"4912001","4922000",4917000.5,"Fst",0,0,0,0
"4913001","4923000",4918000.5,"Fst",0,0,0,0
"4914001","4924000",4919000.5,"Fst",0,0,0,0
"4915001","4925000",4920000.5,"Fst",0,0,0,0
"4916001","4926000",4921000.5,"Fst",0,0,0,0
"4917001","4927000",4922000.5,"Fst",0,0,0,0
"4918001","4928000",4923000.5,"Fst",0,0,0,0
"4919001","4929000",4924000.5,"Fst",0,0,0,0
"4920001","4930000",4925000.5,"Fst",0,0,0.0111111111111111,0.0115501519756838
"4921001","4931000",4926000.5,"Fst",0,0,0.0141843971631206,0.0149724192277383
"4922001","4932000",4927000.5,"Fst",0,0,0.00966183574879231,0.0103655210038187
"4923001","4933000",4928000.5,"Fst",0,0,0.0288164665523154,0.0350557244174264
"4924001","4934000",4929000.5,"Fst",0,0,0.0226282389108476,0.0283384598583986
"4925001","4935000",4930000.5,"Fst",0,0,0.0203636363636364,0.0256505300615316
"4926001","4936000",4931000.5,"Fst",0,0,0.0178628389154704,0.0223759943089956
"4927001","4937000",4932000.5,"Fst",0,0,0.0171220400728598,0.021414130300238
"4928001","4938000",4933000.5,"Fst",8.08080808079037e-05,0,0.0143487041114782,0.0206177576250824
"4929001","4939000",4934000.5,"Fst",7.60745530620222e-05,0,0.0133842487373735,0.0194821840553703
"4930001","4940000",4935000.5,"Fst",0.00251226922178049,0,0.014058026103669,0.0203216527501192
"4931001","4941000",4936000.5,"Fst",0.00145903479236797,0,0.0139790845046684,0.0209375264897854
"4932001","4942000",4937000.5,"Fst",0.00163134411600663,0,0.0156709175928708,0.0234612462006077
"4933001","4943000",4938000.5,"Fst",0.00644204280567906,0,0.00649391646298003,0.00719742407980295
"4934001","4944000",4939000.5,"Fst",0.000627825213460387,0,0.016958102148243,0.028109747232434
"4935001","4945000",4940000.5,"Fst",0.000680457267283607,0,0.018311810047015,0.030289602076899
"4936001","4946000",4941000.5,"Fst",0.000730193501277787,0,0.019785960513806,0.0328359657422909
"4937001","4947000",4942000.5,"Fst",0.000764584448352146,0,0.0207369319448766,0.0341767676767676
"4938001","4948000",4943000.5,"Fst",0.00150367309458221,0,0.0217140106241039,0.0330313151630345
"4939001","4949000",4944000.5,"Fst",0.00165749351553113,0,0.024085441530134,0.0363407503654377
"4940001","4950000",4945000.5,"Fst",0,0,0.0266477623562742,0.0401422457959135
"4941001","4951000",4946000.5,"Fst",0,0,0.023992522210764,0.0365211669225708
"4942001","4952000",4947000.5,"Fst",0,0,0.023992522210764,0.0365211669225708
"4943001","4953000",4948000.5,"Fst",0,0,0.0209506405862322,0.0320593049003562
"4944001","4954000",4949000.5,"Fst",0,0,0.0133718133718133,0.0155982759800232
"4945001","4955000",4950000.5,"Fst",0.00205437323163982,0,0.0243416873777053,0.091785238460518
"4946001","4956000",4951000.5,"Fst",0.00197937655564773,0,0.0234466688267755,0.0895755938309128
"4947001","4957000",4952000.5,"Fst",0.00191810716131624,0,0.0226692901886671,0.086997878900527
"4948001","4958000",4953000.5,"Fst",0,0,0.0257360020791414,0.0918435727448962
"4949001","4959000",4954000.5,"Fst",0,0,0.0232136295952505,0.0834642843549326
"4950001","4960000",4955000.5,"Fst",0,0,0.0226859474205904,0.0849037487335359
"4951001","4961000",4956000.5,"Fst",0.00089364518976176,0,0.0203017058852024,0.0778541487353983
"4952001","4962000",4957000.5,"Fst",0.00089364518976176,0,0.0203017058852024,0.0778541487353983
"4953001","4963000",4958000.5,"Fst",0.00089364518976176,0,0.0203852443145974,0.0782587026260556
"4954001","4964000",4959000.5,"Fst",0.00751822017644799,0,0.0213469907764219,0.0796558593129407
"4955001","4965000",4960000.5,"Fst",0.00742334588488425,0,0.00778431295148618,0.00846607998217663
"4956001","4966000",4961000.5,"Fst",0.0127375449409348,0,0.0103010240868151,0.0131078224101481
"4957001","4967000",4962000.5,"Fst",0.0116815826660386,0,0.00950186894411877,0.012056392805056
"4958001","4968000",4963000.5,"Fst",0.0112727272727272,0,0.00914965051909344,0.0116213683223994
"4959001","4969000",4964000.5,"Fst",0.0117424242424242,0,0.0095284394749634,0.012056392805056
"4960001","4970000",4965000.5,"Fst",0.0113293741434445,0,0.00913178955429512,0.0115617715617715
"4961001","4971000",4966000.5,"Fst",0.0112994350282486,0,0.0100784019301921,0.011919075748863
"4962001","4972000",4967000.5,"Fst",0.0100000000000001,0,0.00890725436179973,0.0105918424231162
"4963001","4973000",4968000.5,"Fst",0.0113636363636364,0,0.0100779220779219,0.0120075837370971
"4964001","4974000",4969000.5,"Fst",0.00735294117647067,0,0.00763358778625944,0.00808510638297866
"4965001","4975000",4970000.5,"Fst",0.00883002207505501,0,0.00859277708592776,0.00948399575715964
"4966001","4976000",4971000.5,"Fst",0.00248756218905477,0,0.0026044759820629,0.00272225804140691
"4967001","4977000",4972000.5,"Fst",0.00262467191601057,0,0.00273145485911441,0.00281711023797182
"4968001","4978000",4973000.5,"Fst",0.00245098039215697,0,0.00256670043904095,0.00266835194157711
"4969001","4979000",4974000.5,"Fst",0.00260416666666663,0,0.00270404895751797,0.0027879677182685
"4970001","4980000",4975000.5,"Fst",0.00277777777777788,0,0.00288753799392094,0.00298343408965995
"4971001","4981000",4976000.5,"Fst",0,0,0.0413490216519728,0.0832508465746289
"4972001","4982000",4977000.5,"Fst",0,0,0.0527067447348985,0.110725584404314
"4973001","4983000",4978000.5,"Fst",0,0,0.0511255087366242,0.107588406197058
"4974001","4984000",4979000.5,"Fst",0,0,0.0458909055709033,0.0972425260443177
"4975001","4985000",4980000.5,"Fst",0,0,0.0479433790301687,0.100337952010815
"4976001","4986000",4981000.5,"Fst",0,0,0.0485096381446174,0.101493430189082
"4977001","4987000",4982000.5,"Fst",0,0,0.0490921484039624,0.102846998203035
"4978001","4988000",4983000.5,"Fst",0,0,0.0445418019890231,0.0978881708493571
"4979001","4989000",4984000.5,"Fst",0,0,0.0409182966462937,0.09080534301647
"4980001","4990000",4985000.5,"Fst",0,0,0.0408718490088278,0.0901237729406743
"4981001","4991000",4986000.5,"Fst",0,0,0.0322451895051712,0.0756494161212855
"4982001","4992000",4987000.5,"Fst",0.0120592990059506,0,0.0269465254809994,0.0646274903733467
"4983001","4993000",4988000.5,"Fst",0.012823467017794,0,0.0286388260229647,0.068326961200793
"4984001","4994000",4989000.5,"Fst",0.0126975682206113,0,0.0252281046294632,0.0465611292944136
"4985001","4995000",4990000.5,"Fst",0.0125419803126808,0,0.0222961230767281,0.0417799003164856
"4986001","4996000",4991000.5,"Fst",0.0125419803126808,0,0.0222961230767281,0.0417799003164856
"4987001","4997000",4992000.5,"Fst",0.0163425904744475,0,0.023499529192942,0.0400263668656389
"4988001","4998000",4993000.5,"Fst",0.0157616926175879,0,0.0244412940829373,0.0758500736199489
"4989001","4999000",4994000.5,"Fst",0.0101167841268233,0,0.0283696661167468,0.0851322236901182
"4990001","5e+06",4995000.5,"Fst",0.00913645121737605,0,0.0294640529879247,0.0864620893533746
"4991001","5001000",4996000.5,"Fst",0.00888480079036569,0,0.0286772290875343,0.0838434182093034
"4992001","5002000",4997000.5,"Fst",0.0083585725045271,0,0.0270288324308726,0.0790547660670885
"4993001","5003000",4998000.5,"Fst",0.0083585725045271,0,0.0270288324308726,0.0790547660670885
"4994001","5004000",4999000.5,"Fst",0.00687862228845837,0,0.026795470548883,0.0780022769172466
"4995001","5005000",5000000.5,"Fst",0.00611846387502701,0,0.0300839643126992,0.0832521622795179
"4996001","5006000",5001000.5,"Fst",0.00855732309380153,0,0.0269944233565236,0.0757647583726052
"4997001","5007000",5002000.5,"Fst",0.00191843554675408,0,0.0245193448848802,0.0708397499773531
"4998001","5008000",5003000.5,"Fst",0.00543719271184817,0,0.0103184343996714,0.0127124314197778
"4999001","5009000",5004000.5,"Fst",0.00429968981150075,0,0.0099087668915417,0.0131934121684082
"5000001","5010000",5005000.5,"Fst",0.00447224083587727,0,0.0103007566292784,0.0137278288638375
"5001001","5011000",5006000.5,"Fst",0.00802208784321701,0,0.0200105637294868,0.0488448196871524
"5002001","5012000",5007000.5,"Fst",0.00664112388250304,0,0.0195213638289761,0.0466891133557801
"5003001","5013000",5008000.5,"Fst",0.00725146198830418,0,0.0188004200882332,0.0440115440115441
"5004001","5014000",5009000.5,"Fst",0.00771746239372129,0,0.0202176064179109,0.0454013822434876
"5005001","5015000",5010000.5,"Fst",0.00771746239372129,0,0.0202199371290252,0.0457222400685298
"5006001","5016000",5011000.5,"Fst",0.00628260628260624,0,0.0208412107466367,0.0470647773279351
"5007001","5017000",5012000.5,"Fst",0.0518631695102283,0,0.0251620602659921,0.0554046488986248
"5008001","5018000",5013000.5,"Fst",0.0426809940408267,0,0.0280450259735276,0.0509025339425041
"5009001","5019000",5014000.5,"Fst",0.0463063199147387,0,0.0296840183464168,0.0526956621371162
"5010001","5020000",5015000.5,"Fst",0.0456863719158802,0,0.0292262372111105,0.0519101880937544
"5011001","5021000",5016000.5,"Fst",0.0532418650843327,0,0.029281475482515,0.0484337626254713
"5012001","5022000",5017000.5,"Fst",0.0534069439332597,0,0.0286283601644818,0.0478307208847714
"5013001","5023000",5018000.5,"Fst",0.0729245562844468,0,0.0290227868356215,0.0659193167086097
"5014001","5024000",5019000.5,"Fst",0.0856107226107226,0,0.0358083763060086,0.0797498611963413
"5015001","5025000",5020000.5,"Fst",0.0857261231611318,0,0.0356859416414801,0.0797498611963413
"5016001","5026000",5021000.5,"Fst",0.0852768003547898,0,0.0354159623329813,0.0799967328269214
"5017001","5027000",5022000.5,"Fst",0.072388698918857,0,0.0344302233138199,0.0660831921701487
"5018001","5028000",5023000.5,"Fst",0.0792311745665319,0,0.0409147306847648,0.0787547164511303
"5019001","5029000",5024000.5,"Fst",0.0816399286987521,0,0.0409649215729636,0.0787809765160487
"5020001","5030000",5025000.5,"Fst",0.0814794007490637,0,0.0409649215729636,0.0787809765160487
"5021001","5031000",5026000.5,"Fst",0.0844312037956525,0,0.046356681630868,0.0893113809687691
"5022001","5032000",5027000.5,"Fst",0.0885851150835378,0,0.0493890881491206,0.0930157854703367
"5023001","5033000",5028000.5,"Fst",0.0640536562419387,0,0.0380620242941802,0.0650537389907074
"5024001","5034000",5029000.5,"Fst",0.000742115027829282,0,0.0442657574388374,0.116034107109234
"5025001","5035000",5030000.5,"Fst",0.000779220779220768,0,0.0466709336916541,0.12018198078225
"5026001","5036000",5031000.5,"Fst",0.000879765395894516,0,0.0517657923372086,0.134205262060834
"5027001","5037000",5032000.5,"Fst",0.00749385749385745,0,0.043007891925818,0.114135747091038
"5028001","5038000",5033000.5,"Fst",0.0235151515151514,0,0.0235151515151514,0.0268014576231339
"5029001","5039000",5034000.5,"Fst",0.0144927536231885,0,0.0149253731343284,0.0155482815057283
"5030001","5040000",5035000.5,"Fst",0.0147058823529412,0,0.0149265492866637,0.0155482815057283
"5031001","5041000",5036000.5,"Fst",0.0147058823529412,0,0.0149724192277385,0.0155482815057283
"5032001","5042000",5037000.5,"Fst",0.0166666666666667,0,0.0169617616426126,0.0177046125174716
"5033001","5043000",5038000.5,"Fst",0.0121951219512195,0,0.0123456790123455,0.0129017655047532
"5034001","5044000",5039000.5,"Fst",0.0102040816326532,0,0.0103214124038027,0.0107324421012993
"5035001","5045000",5040000.5,"Fst",0.0067567567567568,0,0.0122324177991098,0.0130404941660948
"5036001","5046000",5041000.5,"Fst",0.00414876033057854,0,0.0112580050722901,0.0157290680485658
"5037001","5047000",5042000.5,"Fst",0,0,0.0107822962791883,0.0127124314197778
"5038001","5048000",5043000.5,"Fst",0,0,0.0107822962791883,0.0127124314197778
"5039001","5049000",5044000.5,"Fst",0,0,0.00956861659277919,0.0139720558882235
"5040001","5050000",5045000.5,"Fst",0,0,0.00951016051138335,0.0138888888888888
"5041001","5051000",5046000.5,"Fst",0.000189238315778995,0,0.00968682642322816,0.0150659133709981
"5042001","5052000",5047000.5,"Fst",0.000173290466744191,0,0.00890442890442877,0.013888888888889
"5043001","5053000",5048000.5,"Fst",0.000188156070508927,0,0.00968682642322816,0.0149812734082396
"5044001","5054000",5049000.5,"Fst",0.000207107041639287,0,0.0105960040827605,0.0162601626016259
"5045001","5055000",5050000.5,"Fst",0.0146048457852467,0,0.0308588560441556,0.0515477719323473
"5046001","5056000",5051000.5,"Fst",0.0173837461973055,0,0.0340227414294215,0.0601689471009561
"5047001","5057000",5052000.5,"Fst",0.0145181026416179,0,0.0301008019169645,0.0578099332424591
"5048001","5058000",5053000.5,"Fst",0.0145181026416179,0,0.0301008019169645,0.0578099332424591
"5049001","5059000",5054000.5,"Fst",0.0195881689232752,0,0.0336745641593337,0.064523367536362
"5050001","5060000",5055000.5,"Fst",0.0188006420297421,0,0.032335330810206,0.0621459713181507
"5051001","5061000",5056000.5,"Fst",0.0173732766663213,0,0.0295268313670169,0.052513968293637
"5052001","5062000",5057000.5,"Fst",0.0185582991916731,0,0.0314162698150049,0.0559173749937361
"5053001","5063000",5058000.5,"Fst",0.0200067951269232,0,0.0281827784138237,0.0527413983042039
"5054001","5064000",5059000.5,"Fst",0.0200067951269232,0,0.0281827784138237,0.0527413983042039
"5055001","5065000",5060000.5,"Fst",0.00910561929979403,0,0.0139201474676208,0.025706446579253
"5056001","5066000",5061000.5,"Fst",0.00701581027667975,0,0.017367333981221,0.0289614039112231
"5057001","5067000",5062000.5,"Fst",0.0090543406713961,0,0.0176899254750912,0.0258264462809917
"5058001","5068000",5063000.5,"Fst",0.0161666894966743,0,0.0301975121373377,0.0658839882290324
"5059001","5069000",5064000.5,"Fst",0.0149160314804485,0,0.0310368215291023,0.0674687689216504
"5060001","5070000",5065000.5,"Fst",0.0677605652941975,0,0.0344162118757631,0.0671837333612829
"5061001","5071000",5066000.5,"Fst",0.0748766588901212,0,0.0388257866158376,0.0758405091030649
"5062001","5072000",5067000.5,"Fst",0.0715073596552102,0,0.0371859487953026,0.0729864562320754
"5063001","5073000",5068000.5,"Fst",0.0706828516667293,0,0.038714850968962,0.0725924589836277
"5064001","5074000",5069000.5,"Fst",0.0660664001390578,0,0.0351899810996249,0.0680416524271977
"5065001","5075000",5070000.5,"Fst",0.0680863105765829,0,0.033769749985589,0.0667490614966803
"5066001","5076000",5071000.5,"Fst",0.0710809444725251,0,0.0354552341497547,0.0665313127033583
"5067001","5077000",5072000.5,"Fst",0.0726977328114614,0,0.0362665041495742,0.0680500491166908
"5068001","5078000",5073000.5,"Fst",0.0896474672991974,0,0.0379215877146978,0.0947715991340666
"5069001","5079000",5074000.5,"Fst",0.0900497253842023,0,0.0378323174578155,0.0972036474164134
"5070001","5080000",5075000.5,"Fst",0.0107535532314291,0,0.0109031039882106,0.0119117589436148
"5071001","5081000",5076000.5,"Fst",0.0148171164772727,0,0.0129911686377874,0.0244691816120387
"5072001","5082000",5077000.5,"Fst",0.0145877689845874,0,0.0137707505727338,0.024969696969697
"5073001","5083000",5078000.5,"Fst",0.0160799421393671,0,0.0151228525488942,0.0275089881869542
"5074001","5084000",5079000.5,"Fst",0.0168176106786768,0,0.0158725671686596,0.0296626643796454
"5075001","5085000",5080000.5,"Fst",0.0178255154282551,0,0.0168192329415275,0.0315686990385786
"5076001","5086000",5081000.5,"Fst",0.0129705543498645,0,0.0222175486027263,0.0527884525260101
"5077001","5087000",5082000.5,"Fst",0.00505774591796093,0,0.025122783085982,0.0497095959595959
"5078001","5088000",5083000.5,"Fst",0.0100351393315355,0,0.0224129019979433,0.0518729599346424
"5079001","5089000",5084000.5,"Fst",0.00945232137892682,0,0.021672321108435,0.0507308952816938
"5080001","5090000",5085000.5,"Fst",0.00767304536148739,0,0.0246561787263015,0.0585290583097119
"5081001","5091000",5086000.5,"Fst",0.00454156455440158,0,0.0262234917481825,0.0646235455830251
"5082001","5092000",5087000.5,"Fst",0.00411790910177401,0,0.0288141098134052,0.0708222712485511
"5083001","5093000",5088000.5,"Fst",0.00316478094255868,0,0.0271895519596993,0.0651500201509234
"5084001","5094000",5089000.5,"Fst",0.00311387015260944,0,0.0267540477018681,0.0639593977884346
"5085001","5095000",5090000.5,"Fst",0.00311387015260944,0,0.0267540477018681,0.0639593977884346
"5086001","5096000",5091000.5,"Fst",0.0306824324988451,0,0.0242180911772096,0.0543027145436784
"5087001","5097000",5092000.5,"Fst",0.053074433656958,0,0.0270118292453195,0.0523892272853873
"5088001","5098000",5093000.5,"Fst",0.0666666666666667,0,0.0253476276355098,0.0498450842590494
"5089001","5099000",5094000.5,"Fst",0.0762585641942212,0,0.0292939071254656,0.0571626657422653
"5090001","5100000",5095000.5,"Fst",0.0762585641942212,0,0.0294289600879858,0.0571626657422653
"5091001","5101000",5096000.5,"Fst",0.0693203357703763,0,0.0267466329966328,0.0516482656017541
"5092001","5102000",5097000.5,"Fst",0.0663040663040662,0,0.0254936840015953,0.0495567242674682
"5093001","5103000",5098000.5,"Fst",0.0733277357962497,0,0.026320506357475,0.0563305785123968
"5094001","5104000",5099000.5,"Fst",0.0690580771107857,0,0.0243490348636611,0.0482375757575757
"5095001","5105000",5100000.5,"Fst",0.0690580771107857,0,0.0243490348636611,0.0482375757575757
"5096001","5106000",5101000.5,"Fst",0.0511976911976912,0,0.0224126580492667,0.0472863851320571
"5097001","5107000",5102000.5,"Fst",0.0518317503392131,0,0.0220464870410444,0.0505424015384716
"5098001","5108000",5103000.5,"Fst",0.0518317503392131,0,0.0220464870410444,0.0505424015384716
"5099001","5109000",5104000.5,"Fst",0.046403162055336,0,0.0197749765122563,0.0428232038086738
"5100001","5110000",5105000.5,"Fst",0.040172570858901,0,0.0186765022895528,0.0371213086087427
"5101001","5111000",5106000.5,"Fst",0.0416613190730839,0,0.0191375710886992,0.0383594095980336
"5102001","5112000",5107000.5,"Fst",0.0416614896113757,0,0.018666495814641,0.0382995847424975
"5103001","5113000",5108000.5,"Fst",0.0338030543912896,0,0.0263757941346094,0.0585269084940065
"5104001","5114000",5109000.5,"Fst",0.0340525675604209,0,0.0283051272859532,0.061379580387345
"5105001","5115000",5110000.5,"Fst",0.0284258514347012,0,0.0388322722322281,0.0736059840961665
"5106001","5116000",5111000.5,"Fst",0.00971757232380455,0,0.0506434055814339,0.0919777878671464
"5107001","5117000",5112000.5,"Fst",0.00927108927108933,0,0.0483142355044739,0.0884114408486639
"5108001","5118000",5113000.5,"Fst",0.00888679541529291,0,0.046549029672016,0.0853236570984255
"5109001","5119000",5114000.5,"Fst",0.00311613862448457,0,0.0477553241147439,0.0887532083345032
"5110001","5120000",5115000.5,"Fst",0.0266024733314453,0,0.041631185448857,0.0811768532489545
"5111001","5121000",5116000.5,"Fst",0.0272920206376768,0,0.041656310306439,0.0741249931198131
"5112001","5122000",5117000.5,"Fst",0.0271247694060909,0,0.04171640999978,0.0744995794577785
"5113001","5123000",5118000.5,"Fst",0.0296874170779601,0,0.0404319240086842,0.0856379637782625
"5114001","5124000",5119000.5,"Fst",0.0289275002585583,0,0.0393879623916188,0.0833179238850302
"5115001","5125000",5120000.5,"Fst",0.032014901640089,0,0.0375180750033448,0.0973281109471131
"5116001","5126000",5121000.5,"Fst",0.0325616642176568,0,0.038072151889634,0.0989694429956296
"5117001","5127000",5122000.5,"Fst",0.0290265670402657,0,0.0394775525532769,0.0834965048126236
"5118001","5128000",5123000.5,"Fst",0.0281971427159028,0,0.0371234373067358,0.0797441508071156
"5119001","5129000",5124000.5,"Fst",0.0396198830409356,0,0.0230320910902513,0.0493409333808338
"5120001","5130000",5125000.5,"Fst",0.00927817500851214,0,0.0272129776310723,0.0556854720841858
"5121001","5131000",5126000.5,"Fst",0.00462346659795876,0,0.0303334554008009,0.0521296884933249
"5122001","5132000",5127000.5,"Fst",0.00474909208533669,0,0.0311356100081821,0.053348369188064
"5123001","5133000",5128000.5,"Fst",0.00488173505629874,0,0.031875495988008,0.0548128342245989
"5124001","5134000",5129000.5,"Fst",0.00343452675576095,0,0.0281857416408898,0.0526442985459379
"5125001","5135000",5130000.5,"Fst",0.00360633490695417,0,0.0296454087393274,0.0553930917567281
"5126001","5136000",5131000.5,"Fst",0.00360633490695417,0,0.0296454087393274,0.0553930917567281
"5127001","5137000",5132000.5,"Fst",0.0164620179490069,0,0.0171220718910446,0.0338599811390995
"5128001","5138000",5133000.5,"Fst",0.0148563486402955,0,0.0204949663761903,0.037140109373392
"5129001","5139000",5134000.5,"Fst",0.0160828871385058,0,0.0212535090393708,0.0392980273219794
"5130001","5140000",5135000.5,"Fst",0.0162841542741938,0,0.0215333469187372,0.0398433598780521
"5131001","5141000",5136000.5,"Fst",0.0163866887845299,0,0.0216664061549906,0.040121741431785
"5132001","5142000",5137000.5,"Fst",0.0245915637274435,0,0.0220706915362625,0.036456933870727
"5133001","5143000",5138000.5,"Fst",0.0225534028812718,0,0.0200669605720101,0.032185116153052
"5134001","5144000",5139000.5,"Fst",0.0226593565913841,0,0.0198783567687085,0.0325692825692825
"5135001","5145000",5140000.5,"Fst",0.0225407782664365,0,0.0194862386557098,0.0323328218897839
"5136001","5146000",5141000.5,"Fst",0.0224445676274944,0,0.0194025290521369,0.0322138887561906
"5137001","5147000",5142000.5,"Fst",0.0225353999849931,0,0.0222112450165568,0.0379258814924731
"5138001","5148000",5143000.5,"Fst",0.0319110840849969,0,0.0162587586612185,0.0354190640583045
"5139001","5149000",5144000.5,"Fst",0.0331592520954224,0,0.017364525329889,0.0347851272582455
"5140001","5150000",5145000.5,"Fst",0.0328794271832247,0,0.0172338578589667,0.0344966250179519
"5141001","5151000",5146000.5,"Fst",0.0326794920155917,0,0.0167769645365966,0.0342632161026321
"5142001","5152000",5147000.5,"Fst",0.0206183629358142,0,0.0185013661301694,0.0247487863081802
"5143001","5153000",5148000.5,"Fst",0.0305129120552184,0,0.0265473457341715,0.0520270003552679
"5144001","5154000",5149000.5,"Fst",0.0345121751154234,0,0.0275956585654893,0.0559429594068688
"5145001","5155000",5150000.5,"Fst",0.035155412647374,0,0.0289396447008075,0.0571611787863556
"5146001","5156000",5151000.5,"Fst",0.0359649122807016,0,0.0295043728104926,0.0582413900390111
"5147001","5157000",5152000.5,"Fst",0.031744979420458,0,0.028210776629692,0.0570887269996644
"5148001","5158000",5153000.5,"Fst",0.0268328934995601,0,0.0275849155428149,0.0548289788985676
"5149001","5159000",5154000.5,"Fst",0.0197677427210324,0,0.0273471878807509,0.0481461254063883
"5150001","5160000",5155000.5,"Fst",0.0203398324328556,0,0.0281151153222358,0.049472529054607
