"start","end","position","variable","value","Q1Fst","Q3Fst","maxFst"
"1","10000",5000.5,"Fst",0,0,0,0
"1001","11000",6000.5,"Fst",0,0,0,0
"2001","12000",7000.5,"Fst",0,0,0,0
"3001","13000",8000.5,"Fst",0.0723224478285579,0,0.0438102533034545,0.137692770183454
"4001","14000",9000.5,"Fst",0.0686875531757989,0,0.0416080150744993,0.130913378117278
"5001","15000",10000.5,"Fst",0.0683415031279727,0,0.0413684723046965,0.13021630203336
"6001","16000",11000.5,"Fst",0.0678885656994568,0,0.0408175615878344,0.128922571551979
"7001","17000",12000.5,"Fst",0.067554005443745,0,0.0405873868357991,0.128249095431931
"8001","18000",13000.5,"Fst",0.067554005443745,0,0.0405873868357991,0.128249095431931
"9001","19000",14000.5,"Fst",0.066477583032498,0,0.0399958975782336,0.126270233562665
"10001","20000",15000.5,"Fst",0.0659771772619773,0,0.0394763904124114,0.124904949779847
"11001","21000",16000.5,"Fst",0.0686885019526501,0,0.0400699489129251,0.123132103044126
"12001","22000",17000.5,"Fst",0.0682608867527437,0,0.0398784409820506,0.122300914429571
"13001","23000",18000.5,"Fst",0.0513865349248134,0,0.0222109433413735,0.0583528936674994
"14001","24000",19000.5,"Fst",0.0606089356563739,0,0.0257262828062248,0.0688319871684711
"15001","25000",20000.5,"Fst",0.0606089356563739,0,0.0257262828062248,0.0688319871684711
"16001","26000",21000.5,"Fst",0.0605028238294771,0,0.0262333845511084,0.072771298349421
"17001","27000",22000.5,"Fst",0.0605028238294771,0,0.0263541410589475,0.0730960091501869
"18001","28000",23000.5,"Fst",0.0609397707088649,0,0.0365147517249244,0.0836338992598068
"19001","29000",24000.5,"Fst",0.0561467963181119,0,0.049239066558781,0.110128949065119
"20001","30000",25000.5,"Fst",0.0570373857921709,0,0.0499491364181836,0.112308789728145
"21001","31000",26000.5,"Fst",0.0540246462509815,0,0.0554938893608245,0.125307831163344
"22001","32000",27000.5,"Fst",0.0549781199618333,0,0.0571326652648177,0.12918776521067
"23001","33000",28000.5,"Fst",0.0544482079429047,0,0.0576397458907872,0.129640841295368
"24001","34000",29000.5,"Fst",0.0551835889211854,0,0.0584007921469615,0.131314728310776
"25001","35000",30000.5,"Fst",0.0559391060648393,0,0.0593237589731637,0.133032406283874
"26001","36000",31000.5,"Fst",0.0568282885626059,0,0.060276382102875,0.134795616429374
"27001","37000",32000.5,"Fst",0.0576298389769893,0,0.0612601148677289,0.136868825580718
"28001","38000",33000.5,"Fst",0.0515330986401601,0,0.0516371668905068,0.120730571740229
"29001","39000",34000.5,"Fst",0.085896239542917,0,0.0416038645779865,0.118346302271146
"30001","40000",35000.5,"Fst",0.0812852450889261,0,0.0394905468248234,0.112197681915643
"31001","41000",36000.5,"Fst",0.0654801769399311,0,0.0489491525423728,0.141170389938551
"32001","42000",37000.5,"Fst",0.0699591616214584,0,0.0375077071396999,0.106714317623409
"33001","43000",38000.5,"Fst",0.0864486535647911,0,0.0327766557050841,0.0941229319882432
"34001","44000",39000.5,"Fst",0.0891908047374446,0,0.0304966042575423,0.0745894363071461
"35001","45000",40000.5,"Fst",0.0875515907350498,0,0.0300026208006521,0.0733922917349055
"36001","46000",41000.5,"Fst",0.0907857242146234,0,0.0279509312662302,0.0683420104643524
"37001","47000",42000.5,"Fst",0.0774594266757276,0,0.0232634256720632,0.0574052105319919
"38001","48000",43000.5,"Fst",0.0734203447518664,0,0.0231562651298101,0.0574001781764102
"39001","49000",44000.5,"Fst",0.0506344043067206,0,0.0200571654523942,0.0458872845009561
"40001","50000",45000.5,"Fst",0.0481214794830194,0,0.0188507460533877,0.0443639735833364
"41001","51000",46000.5,"Fst",0.0463604882996957,0,0.0188010782053924,0.0432949155092069
"42001","52000",47000.5,"Fst",0.0386042876805002,0,0.0176716716845241,0.0356796462058402
"43001","53000",48000.5,"Fst",0.0275523620807793,0,0.0168071689325327,0.0292714476806762
"44001","54000",49000.5,"Fst",0.0161301110917234,0,0.0178583958803932,0.0301060429380181
"45001","55000",50000.5,"Fst",0.0161572465826251,0,0.0178567505365846,0.0300428047896341
"46001","56000",51000.5,"Fst",0.00460052903671904,0,0.0187004261905205,0.0344045644354319
"47001","57000",52000.5,"Fst",0.0264330244865524,0,0.0181806955368798,0.0366817925151612
"48001","58000",53000.5,"Fst",0.0277290401362512,0,0.0202643724773289,0.036168287898803
"49001","59000",54000.5,"Fst",0.0369731377030647,0,0.0190424382989578,0.0406742269318957
"50001","60000",55000.5,"Fst",0.0582528848158522,0,0.0238978175228077,0.0604052802101115
"51001","61000",56000.5,"Fst",0.062225637388186,0,0.0262652067733179,0.0605323638475543
"52001","62000",57000.5,"Fst",0.0737132416313304,0,0.0287254901299323,0.0709242273448637
"53001","63000",58000.5,"Fst",0.0729981634527089,0,0.0295474242424242,0.0704189663851635
"54001","64000",59000.5,"Fst",0.0700273079633543,0,0.0284202412794856,0.0675651582913459
"55001","65000",60000.5,"Fst",0.0672888098865753,0,0.0273775957896701,0.0651339240142412
"56001","66000",61000.5,"Fst",0.0672888098865753,0,0.0274301509187514,0.0651339240142412
"57001","67000",62000.5,"Fst",0.0435579528286574,0,0.0293067710135703,0.0769568937399255
"58001","68000",63000.5,"Fst",0.0651312495529648,0,0.0254253432845886,0.0742679917294738
"59001","69000",64000.5,"Fst",0.0645872074664048,0,0.0250888182055109,0.0733221721957642
"60001","70000",65000.5,"Fst",0.0423034200526161,0,0.0203239423317945,0.0477650520957607
"61001","71000",66000.5,"Fst",0.0423034200526161,0,0.0203239423317945,0.0479854577415554
"62001","72000",67000.5,"Fst",0.0396276013143484,0,0.0189974985009064,0.0450736466835538
"63001","73000",68000.5,"Fst",0.0450858855939071,0,0.0198683187451318,0.046165971833323
"64001","74000",69000.5,"Fst",0.045511798143377,0,0.019813418763593,0.046165971833323
"65001","75000",70000.5,"Fst",0.0803947313575925,0,0.030638428221657,0.081745337995338
"66001","76000",71000.5,"Fst",0.0790625224172739,0,0.0300340275437978,0.0803925782649187
"67001","77000",72000.5,"Fst",0.0818359273061304,0,0.0306027232619393,0.081745337995338
"68001","78000",73000.5,"Fst",0.114619459956441,0,0.0301416654741113,0.0889150729629294
"69001","79000",74000.5,"Fst",0.112608052563902,0,0.0292786780948723,0.0875695427215072
"70001","80000",75000.5,"Fst",0.115381510505913,0,0.0300254377291047,0.0897427043286754
"71001","81000",76000.5,"Fst",0.112793049043355,0,0.0293256911679626,0.0881623162316232
"72001","82000",77000.5,"Fst",0.114160406639377,0,0.0298248205074841,0.0892447400590723
"73001","83000",78000.5,"Fst",0.112408371165984,0,0.0295248410191718,0.0881623162316232
"74001","84000",79000.5,"Fst",0.113766361843285,0,0.0300308522231348,0.0892447400590723
"75001","85000",80000.5,"Fst",0.113956831141901,0,0.0433308148096862,0.112268200044684
"76001","86000",81000.5,"Fst",0.116170023661106,0,0.0442067534047136,0.114444284618335
"77001","87000",82000.5,"Fst",0.120129959387691,0,0.0460106105197909,0.118783865141481
"78001","88000",83000.5,"Fst",0.000446229361891981,0,0.00628930817610041,0.00676577939998235
"79001","89000",84000.5,"Fst",0.000477554918815626,0,0.00673400673400648,0.00725121648697646
"80001","90000",85000.5,"Fst",0.00824217912185554,0,0.0229650736124282,0.0397282317182193
"81001","91000",86000.5,"Fst",0.0451844092838635,0,0.0396065911579238,0.0968271743187756
"82001","92000",87000.5,"Fst",0.0467728128745079,0,0.0410259606532108,0.100166042398733
"83001","93000",88000.5,"Fst",0.0436404288835816,0,0.0369305532611399,0.0873375503162738
"84001","94000",89000.5,"Fst",0.0412210809254103,0,0.0349408879811153,0.083029017515471
"85001","95000",90000.5,"Fst",0.043303237312696,0,0.0338061829647488,0.081213920501402
"86001","96000",91000.5,"Fst",0.0431445343487229,0,0.0339726544082981,0.081213920501402
"87001","97000",92000.5,"Fst",0.0431445343487229,0,0.0339726544082981,0.081213920501402
"88001","98000",93000.5,"Fst",0.0431445343487229,0,0.0339726544082981,0.081213920501402
"89001","99000",94000.5,"Fst",0.0456543272055737,0,0.0359998508975408,0.0854534726319809
"90001","1e+05",95000.5,"Fst",0.0511576672070498,0,0.0445008213703966,0.106887201845173
"91001","101000",96000.5,"Fst",0.000705973855036013,0,0.0278960505065337,0.0658174097664543
"92001","102000",97000.5,"Fst",0.0437407184427052,0,0.0243704321808444,0.0465130345369866
"93001","103000",98000.5,"Fst",0.0519840669591085,0,0.029228877991417,0.0548763064892096
"94001","104000",99000.5,"Fst",0.059622947027527,0,0.033321015377124,0.0628866867729427
"95001","105000",100000.5,"Fst",0.0610675280726042,0,0.034442594776306,0.0640761974095306
"96001","106000",101000.5,"Fst",0.0612137786248997,0,0.0325830979693373,0.0563192904656318
"97001","107000",102000.5,"Fst",0.0612137786248997,0,0.0325830979693373,0.0563192904656318
"98001","108000",103000.5,"Fst",0.0539803176459125,0,0.0283534070285431,0.0497172683775555
"99001","109000",104000.5,"Fst",0.0458638278997561,0,0.0231654488333396,0.0422149784699586
"100001","110000",105000.5,"Fst",0.0404939446824264,0,0.0254892785781727,0.0515100023171391
"101001","111000",106000.5,"Fst",0.0479755775020397,0,0.0189762093508928,0.0377451574735663
"102001","112000",107000.5,"Fst",0.0494271335260733,0,0.0332988342343133,0.0874622885617111
"103001","113000",108000.5,"Fst",0.0458209251538615,0,0.0307895952869095,0.0807806201651512
"104001","114000",109000.5,"Fst",0.0580161061909491,0,0.0300336884008341,0.0753286951993868
"105001","115000",110000.5,"Fst",0.0577722048066875,0,0.0297763197881614,0.0739537895959923
"106001","116000",111000.5,"Fst",0.0584191991652536,0,0.0312410946374252,0.0752272605855774
"107001","117000",112000.5,"Fst",0.056988358038043,0,0.0304905189953217,0.0734438190950636
"108001","118000",113000.5,"Fst",0.0590118577075098,0,0.0317093319260095,0.0763933007919297
"109001","119000",114000.5,"Fst",0.0624909231453936,0,0.0333533105573998,0.0812628096796233
"110001","120000",115000.5,"Fst",0.0710798883184725,0,0.0358500525815407,0.0780250559020738
"111001","121000",116000.5,"Fst",0.0720241549550458,0,0.0364055959125142,0.0789250369687043
"112001","122000",117000.5,"Fst",0.0575253502139383,0,0.0296379185563836,0.0812602318666265
"113001","123000",118000.5,"Fst",0.0522108843537415,0,0.0304148328230429,0.0805149172682552
"114001","124000",119000.5,"Fst",0.0264331263776015,0,0.0213234285328149,0.0408989207136425
"115001","125000",120000.5,"Fst",0.0249909578399459,0,0.0202150716429266,0.0366032372158621
"116001","126000",121000.5,"Fst",0.02378151889263,0,0.0191913595595319,0.034562763356396
"117001","127000",122000.5,"Fst",0.0250820707070706,0,0.0202854717724287,0.0362651878213596
"118001","128000",123000.5,"Fst",0.0239893195377362,0,0.0176074943976366,0.032116704145765
"119001","129000",124000.5,"Fst",0.0239893195377362,0,0.0176074943976366,0.032116704145765
"120001","130000",125000.5,"Fst",0.00272949544343182,0,0.0228493784398427,0.0446117469573667
"121001","131000",126000.5,"Fst",0.0020021074815596,0,0.0256604596705008,0.0470711231782294
"122001","132000",127000.5,"Fst",0,0,0.0284295439659528,0.0509728866434712
"123001","133000",128000.5,"Fst",0.00343118946241372,0,0.0261363991211518,0.0549755517378088
"124001","134000",129000.5,"Fst",0.00329838671070892,0,0.0249824271146929,0.0525632296061267
"125001","135000",130000.5,"Fst",0.0217731937681326,0,0.04780417003242,0.115039325909747
"126001","136000",131000.5,"Fst",0.02223266254274,0,0.0489221493430625,0.117966416997112
"127001","137000",132000.5,"Fst",0.0208498555832966,0,0.0459450271638508,0.111355260573713
"128001","138000",133000.5,"Fst",0.0214294501168656,0,0.0510070159117961,0.125035831285831
"129001","139000",134000.5,"Fst",0.0218912011683096,0,0.0464195885480238,0.111946076736951
"130001","140000",135000.5,"Fst",0.0281795623731107,0,0.0555161227422294,0.131656575065983
"131001","141000",136000.5,"Fst",0.0274175848294631,0,0.054046253145482,0.128309880466031
"132001","142000",137000.5,"Fst",0.0281795623731107,0,0.0551615631969276,0.13122872175797
"133001","143000",138000.5,"Fst",0.0281795623731107,0,0.0551615631969276,0.13122872175797
"134001","144000",139000.5,"Fst",0.0266957302218233,0,0.0526467101474478,0.124742571344513
"135001","145000",140000.5,"Fst",0.00877192982456132,0,0.00917431192660556,0.00951188986232798
"136001","146000",141000.5,"Fst",0.00588668138337012,0,0.0139999134199132,0.0162242937451079
"137001","147000",142000.5,"Fst",0.00660066006600668,0,0.0157496186712529,0.0181687783887163
"138001","148000",143000.5,"Fst",0.00622325943212765,0,0.014785948228421,0.0171415683031351
"139001","149000",144000.5,"Fst",0.0588960838729572,0,0.0291529493809129,0.0611641932258219
"140001","150000",145000.5,"Fst",0.0588960838729572,0,0.0291529493809129,0.0611641932258219
"141001","151000",146000.5,"Fst",0.0563421828908554,0,0.0279596053297352,0.0580789197622186
"142001","152000",147000.5,"Fst",0.0563421828908554,0,0.0277709043354204,0.0580789197622186
"143001","153000",148000.5,"Fst",0.054442732408834,0,0.0249074069923339,0.0560382590899213
"144001","154000",149000.5,"Fst",0.0621518616241571,0,0.0285149701778065,0.064518385022998
"145001","155000",150000.5,"Fst",0.059584035975267,0,0.0273118724212495,0.0618894525263053
"146001","156000",151000.5,"Fst",0.0702947845804989,0,0.0304433891150309,0.073072390050245
"147001","157000",152000.5,"Fst",0.0743405275779376,0,0.0321085920722978,0.076647797514477
"148001","158000",153000.5,"Fst",0.0782828282828283,0,0.0342424242424242,0.0805910925634535
"149001","159000",154000.5,"Fst",0.0120481927710844,0,0.0123123447456528,0.0131109833237493
"150001","160000",155000.5,"Fst",0.0120481927710844,0,0.0123123447456528,0.0131109833237493
"151001","161000",156000.5,"Fst",0.0147058823529412,0,0.0149724192277385,0.0158531497705464
"152001","162000",157000.5,"Fst",0.0147058823529412,0,0.0149724192277385,0.0158531497705464
"153001","163000",158000.5,"Fst",2.22044604925031e-16,0,2.22044604925031e-16,2.22044604925031e-16
"154001","164000",159000.5,"Fst",2.22044604925031e-16,0,2.22044604925031e-16,2.22044604925031e-16
"155001","165000",160000.5,"Fst",0,0,0.0238139477867722,0.0555555555555555
"156001","166000",161000.5,"Fst",0,0,0.0180994845468746,0.042016806722689
"157001","167000",162000.5,"Fst",0,0,0.0170713911917775,0.0393700787401576
"158001","168000",163000.5,"Fst",0,0,0.0160006797013497,0.0373134328358209
"159001","169000",164000.5,"Fst",0,0,0.0180416943157622,0.03921302578019
"160001","170000",165000.5,"Fst",0,0,0.0180416943157622,0.03921302578019
"161001","171000",166000.5,"Fst",0.00107999425534988,0,0.0173478444568816,0.0353146853146854
"162001","172000",167000.5,"Fst",0.00119936204146731,0,0.0191691834689839,0.0387964148527529
"163001","173000",168000.5,"Fst",0.00126458816802877,0,0.0201467684144154,0.0411126187245592
"164001","174000",169000.5,"Fst",0.00126458816802877,0,0.0201467684144154,0.0411126187245592
"165001","175000",170000.5,"Fst",0.00702337112186202,0,0.0242953340179481,0.0480836236933798
"166001","176000",171000.5,"Fst",0.00565465530004527,0,0.0255113873723332,0.0466140802087053
"167001","177000",172000.5,"Fst",0.00544442911665965,0,0.0245837933762436,0.0445575766700858
"168001","178000",173000.5,"Fst",0.00544442911665965,0,0.0245837933762436,0.044249338245773
"169001","179000",174000.5,"Fst",0.00418532778083336,0,0.0271603225227873,0.0517985991806527
"170001","180000",175000.5,"Fst",0.00596597629954621,0,0.0215040361515345,0.0450299931996585
"171001","181000",176000.5,"Fst",0.00524900350573876,0,0.0237353615839673,0.0488308165514235
"172001","182000",177000.5,"Fst",0.00505281649446399,0,0.0227245433976442,0.0470319837083933
"173001","183000",178000.5,"Fst",0.00505281649446399,0,0.0227245433976442,0.0470319837083933
"174001","184000",179000.5,"Fst",0.00516977897051696,0,0.0187750108707573,0.0393731003039514
"175001","185000",180000.5,"Fst",0.00528770555155778,0,0.00956930126594657,0.01366391184573
"176001","186000",181000.5,"Fst",0.00916860916860929,0,0.00866913299759135,0.0100673839275661
"177001","187000",182000.5,"Fst",0.0101439931227164,0,0.00965483177863948,0.0110946680018076
"178001","188000",183000.5,"Fst",0.00841354723707677,0,0.00795430571725486,0.00921421579811155
"179001","189000",184000.5,"Fst",0.00803541028260124,0,0.00758388461767667,0.00880896093662054
"180001","190000",185000.5,"Fst",0.000858757062146887,0,0.0172612460020578,0.0438144329896908
"181001","191000",186000.5,"Fst",0.000710413161338574,0,0.0143414934236564,0.0366972477064219
"182001","192000",187000.5,"Fst",0.000730488273740781,0,0.0147481874019734,0.0376940133037693
"183001","193000",188000.5,"Fst",0.0344665041216764,0,0.0275521210158566,0.0515116670731848
"184001","194000",189000.5,"Fst",0.0648803827751195,0,0.0228086057781765,0.052412669330628
"185001","195000",190000.5,"Fst",0.0665122946300584,0,0.0230225018069792,0.0537684435763374
"186001","196000",191000.5,"Fst",0.0658930150309461,0,0.0234070804496568,0.0531118267610832
"187001","197000",192000.5,"Fst",0.0635336743393008,0,0.0225741679365005,0.0512905524926593
"188001","198000",193000.5,"Fst",0.0691006026889196,0,0.0247299565965281,0.0560098686635246
"189001","199000",194000.5,"Fst",0.0704728132387707,0,0.0251733957249059,0.0571720683409256
"190001","2e+05",195000.5,"Fst",0.0825485625485626,0,0.0294079534079533,0.0660657085563983
"191001","201000",196000.5,"Fst",0.0916603618311898,0,0.0327682279140611,0.0735363540743563
"192001","202000",197000.5,"Fst",0.0836961160904821,0,0.0284155088019058,0.0643025454689465
"193001","203000",198000.5,"Fst",0.072140762463343,0,0.0225838908014968,0.049178090689163
"194001","204000",199000.5,"Fst",0.0122474747474746,0,0.0119514138343926,0.0134518418743963
"195001","205000",200000.5,"Fst",0.0128732581287326,0,0.0126680337206653,0.0142312008978674
"196001","206000",201000.5,"Fst",0.0153359683794465,0,0.0151788151788154,0.0169010320986004
"197001","207000",202000.5,"Fst",0.0166380789022297,0,0.016200466200466,0.018181818181818
"198001","208000",203000.5,"Fst",0.022039434470591,0,0.0187776528010745,0.0330811044384756
"199001","209000",204000.5,"Fst",0.0144903242629116,0,0.0156458193314062,0.0283196284452564
"200001","210000",205000.5,"Fst",0.010963684737915,0,0.0154817251466483,0.0272026274453807
"201001","211000",206000.5,"Fst",0.010963684737915,0,0.0154825240510082,0.0270663872411466
"202001","212000",207000.5,"Fst",0.00983365048186113,0,0.0180460333884834,0.0343144053926598
"203001","213000",208000.5,"Fst",0.0143798812870978,0,0.0237977174677718,0.0434886549075449
"204001","214000",209000.5,"Fst",0.0131027573289192,0,0.0218255420263301,0.0419231980756565
"205001","215000",210000.5,"Fst",0.0131027573289192,0,0.0218255420263301,0.0419231980756565
"206001","216000",211000.5,"Fst",0.0131027573289192,0,0.0218255420263301,0.0419231980756565
"207001","217000",212000.5,"Fst",0.0134177892764743,0,0.0223666841330001,0.0428458544294535
"208001","218000",213000.5,"Fst",0.0077394220535375,0,0.0170702276333649,0.0338518386077836
"209001","219000",214000.5,"Fst",0.0139767142369051,0,0.0215068176229895,0.035
"210001","220000",215000.5,"Fst",0.0581695479743202,0,0.0247013998886938,0.0544573643410852
"211001","221000",216000.5,"Fst",0.056332199208102,0,0.0218908880305184,0.052710957241489
"212001","222000",217000.5,"Fst",0.0443843640869662,0,0.0175738903348262,0.0412878787878789
"213001","223000",218000.5,"Fst",0.0513468013468014,0,0.0220796468218492,0.0507119909698707
"214001","224000",219000.5,"Fst",0.0617318359428369,0,0.0267704982788782,0.0622676678351672
"215001","225000",220000.5,"Fst",0.0617318359428369,0,0.0267704982788782,0.0622676678351672
"216001","226000",221000.5,"Fst",0.0617318359428369,0,0.0267704982788782,0.0622676678351672
"217001","227000",222000.5,"Fst",0.0617318359428369,0,0.0267704982788782,0.0622676678351672
"218001","228000",223000.5,"Fst",0.0617318359428369,0,0.0267704982788782,0.0622676678351672
"219001","229000",224000.5,"Fst",0.0617318359428369,0,0.0267704982788782,0.0622676678351672
"220001","230000",225000.5,"Fst",0.00562459123610193,0,0.0215077605321506,0.0242553191489361
"221001","231000",226000.5,"Fst",0,0,0.0190986764952252,0.019560741249142
"222001","232000",227000.5,"Fst",0,0,0,0
"223001","233000",228000.5,"Fst",0,0,0,0
"224001","234000",229000.5,"Fst",0,0,0,0
"225001","235000",230000.5,"Fst",0,0,0,0
"226001","236000",231000.5,"Fst",0,0,0,0
"227001","237000",232000.5,"Fst",0,0,0,0
"228001","238000",233000.5,"Fst",0,0,0,0
"229001","239000",234000.5,"Fst",0,0,0,0
"230001","240000",235000.5,"Fst",0,0,0,0
"231001","241000",236000.5,"Fst",0,0,0.0892857142857143,0.106382978723404
"232001","242000",237000.5,"Fst",0.0397929472662567,0,0.0384920419497982,0.0778440139095878
"233001","243000",238000.5,"Fst",0.0562108335479439,0,0.0222953369484267,0.064500038968124
"234001","244000",239000.5,"Fst",0.0544822192268649,0,0.0216970862653315,0.0624710642323718
"235001","245000",240000.5,"Fst",0.0458279982927871,0,0.0172039974133587,0.0490664350846722
"236001","246000",241000.5,"Fst",0.044684822912671,0,0.0166953063621479,0.0478211765419279
"237001","247000",242000.5,"Fst",0.043779673544039,0,0.016361941845894,0.0468857990056554
"238001","248000",243000.5,"Fst",0.043779673544039,0,0.016361941845894,0.0468857990056554
"239001","249000",244000.5,"Fst",0.043779673544039,0,0.016361941845894,0.0468857990056554
"240001","250000",245000.5,"Fst",0.043779673544039,0,0.016361941845894,0.0468857990056554
"241001","251000",246000.5,"Fst",0.0975684000201973,0,0.0274679467854625,0.0738614800759012
"242001","252000",247000.5,"Fst",0.0728459929002986,0,0.0213578524564714,0.0575119193452843
"243001","253000",248000.5,"Fst",0.0839465307605751,0,0.0338087343550516,0.0739407817982313
"244001","254000",249000.5,"Fst",0.0846313094528681,0,0.0340837985490704,0.0744629925661925
"245001","255000",250000.5,"Fst",0.0898167833621528,0,0.0362052501544479,0.0801742307151889
"246001","256000",251000.5,"Fst",0.0840460108456639,0,0.0339643859801852,0.0744891472164199
"247001","257000",252000.5,"Fst",0.0840460108456639,0,0.0339635024806476,0.0745636363636365
"248001","258000",253000.5,"Fst",0.0830712800325362,0,0.0312882098175342,0.0649202602337499
"249001","259000",254000.5,"Fst",0.0830712800325362,0,0.0312882098175342,0.0649202602337499
"250001","260000",255000.5,"Fst",0.0830712800325362,0,0.0312882098175342,0.0649202602337499
"251001","261000",256000.5,"Fst",0.0614830206168924,0,0.0334788976132943,0.0654494310190511
"252001","262000",257000.5,"Fst",0.0754782045049426,0,0.0421544896465125,0.0807309835617658
"253001","263000",258000.5,"Fst",0.114315464654065,0,0.027207853158573,0.073784608676695
"254001","264000",259000.5,"Fst",0.0981073378975217,0,0.0280850226744937,0.0877802575131486
"255001","265000",260000.5,"Fst",0.0981073378975217,0,0.0280850226744937,0.0877802575131486
"256001","266000",261000.5,"Fst",0.104642331240797,0,0.0309857831757644,0.094602890859172
"257001","267000",262000.5,"Fst",0.102631451888622,0,0.0303548984716164,0.0928982544900531
"258001","268000",263000.5,"Fst",0.0983136825376372,0,0.0422904760095239,0.0817996143752073
"259001","269000",264000.5,"Fst",0.0983136825376372,0,0.0422904760095239,0.0817996143752073
"260001","270000",265000.5,"Fst",0.0983136825376372,0,0.0422904760095239,0.0817996143752073
"261001","271000",266000.5,"Fst",0.0974914653599031,0,0.0419308642423032,0.0810196080833517
"262001","272000",267000.5,"Fst",0.10054804726085,0,0.0432870263444942,0.0837005547953233
"263001","273000",268000.5,"Fst",0.0533098518191846,0,0.0492103437387334,0.113998052386157
"264001","274000",269000.5,"Fst",0.0427378291107799,0,0.0569063641127823,0.126085846066015
"265001","275000",270000.5,"Fst",0.0386465678616167,0,0.0514833761850773,0.114089822960791
"266001","276000",271000.5,"Fst",0.0405936448814009,0,0.0520492418700841,0.115953654188948
"267001","277000",272000.5,"Fst",0.0417063439089871,0,0.0532109705065702,0.119016580903373
"268001","278000",273000.5,"Fst",0.00015032834876183,0,0.0104049342987395,0.0114826072272879
"269001","279000",274000.5,"Fst",0.00015032834876183,0,0.0104049342987395,0.0114826072272879
"270001","280000",275000.5,"Fst",0.00264129972867833,0,0.00979020979020984,0.0116755793226381
"271001","281000",276000.5,"Fst",0.00262150412043338,0,0.00979020979020984,0.0116755793226381
"272001","282000",277000.5,"Fst",0.00724553224553215,0,0.00979091355380019,0.0115903561159035
"273001","283000",278000.5,"Fst",0.00946938366293204,0,0.00880894429496998,0.012408104715797
"274001","284000",279000.5,"Fst",0.00946938366293204,0,0.00880894429496998,0.012408104715797
"275001","285000",280000.5,"Fst",0.00870087008700859,0,0.008759913195539,0.0116717325227963
"276001","286000",281000.5,"Fst",0.00864639236732268,0,0.00882862473765425,0.0116717325227963
"277001","287000",282000.5,"Fst",0.0049457788588223,0,0.0221804837978817,0.0438497813771723
"278001","288000",283000.5,"Fst",0.0049457788588223,0,0.0221804837978817,0.0438497813771723
"279001","289000",284000.5,"Fst",0.114584759731203,0,0.0297185521590335,0.0856819314218417
"280001","290000",285000.5,"Fst",0.116834151281452,0,0.0300688251892485,0.0872579001019369
"281001","291000",286000.5,"Fst",0.118252779310889,0,0.0304063567894914,0.0882019577537353
"282001","292000",287000.5,"Fst",0.119377552175969,0,0.0303324544757364,0.0886304543090815
"283001","293000",288000.5,"Fst",0.125907815290416,0,0.0322367243091563,0.0940669102371231
"284001","294000",289000.5,"Fst",0.124757667137625,0,0.0318650364390802,0.0938051221166892
"285001","295000",290000.5,"Fst",0.124166006696956,0,0.0314201739985214,0.0937253420632923
"286001","296000",291000.5,"Fst",0.125780799166772,0,0.031791862264864,0.0947976142465986
"287001","297000",292000.5,"Fst",0.136243699520253,0,0.0326126598463379,0.103234111021722
"288001","298000",293000.5,"Fst",0.137936811687763,0,0.0330343393798929,0.104716827158479
"289001","299000",294000.5,"Fst",0.00504050405040501,0,0.00628930817610041,0.00668190610163522
"290001","3e+05",295000.5,"Fst",0,0,0.0245214049054214,0.0591059105910591
"291001","301000",296000.5,"Fst",0.139149340943063,0,0.0390922556173023,0.108627343518075
"292001","302000",297000.5,"Fst",0.136160450940552,0,0.0369956410632193,0.106221931545672
"293001","303000",298000.5,"Fst",0.136160450940552,0,0.0369956410632193,0.106221931545672
"294001","304000",299000.5,"Fst",0.132899937591013,0,0.039639143905524,0.110156358101564
"295001","305000",300000.5,"Fst",0.136208464872385,0,0.0406762220236968,0.1140805288997
"296001","306000",301000.5,"Fst",0.128529953800712,0,0.0384113480772434,0.107864297689152
"297001","307000",302000.5,"Fst",0.130560328247211,0,0.039052671800352,0.109787175661539
"298001","308000",303000.5,"Fst",0.121783028717176,0,0.0350293014661813,0.0961815817472514
"299001","309000",304000.5,"Fst",0.121597424275412,0,0.0350283732025759,0.0961815817472514
"300001","310000",305000.5,"Fst",0.121266395296246,0,0.0332990768877298,0.0910560541032643
"301001","311000",306000.5,"Fst",0.061632144227081,0,0.0308583091000665,0.0695453149859043
"302001","312000",307000.5,"Fst",0.0639042244305402,0,0.0328760260339247,0.0744472281873858
"303001","313000",308000.5,"Fst",0.0628649589154068,0,0.0322561110280927,0.0731041080912214
"304001","314000",309000.5,"Fst",0.0469781772953415,0,0.038104844608169,0.0954188169908694
"305001","315000",310000.5,"Fst",0.0482381284105424,0,0.0390093219490493,0.0975051722039674
"306001","316000",311000.5,"Fst",0.0548590479963029,0,0.0441740711578985,0.111031042128603
"307001","317000",312000.5,"Fst",0.0581867198851601,0,0.0466439404220866,0.117288830332308
"308001","318000",313000.5,"Fst",0.00772282645871814,0,0.028125,0.0576704545454545
"309001","319000",314000.5,"Fst",0.00824388462942682,0,0.0297582644628099,0.0610067618332081
"310001","320000",315000.5,"Fst",0.00446570972886762,0,0.00577507598784188,0.00603366147983475
"311001","321000",316000.5,"Fst",0.0051948051948052,0,0.00668190610163522,0.0068517850703208
"312001","322000",317000.5,"Fst",0,0,0.00966183574879231,0.0103655210038187
"313001","323000",318000.5,"Fst",0.00942513368983944,0,0.0170012358462206,0.020520574576088
"314001","324000",319000.5,"Fst",0.00864632837651391,0,0.0155369754562712,0.0187155240346729
"315001","325000",320000.5,"Fst",0.00230354941275723,0,0.0237960043131025,0.0415032679738563
"316001","326000",321000.5,"Fst",0.00230354941275723,0,0.0237960043131025,0.0415032679738563
"317001","327000",322000.5,"Fst",0.00208480150340629,0,0.0215384711009711,0.037396937573616
"318001","328000",323000.5,"Fst",0.000417736688923087,0,0.0235421326632707,0.045653616456536
"319001","329000",324000.5,"Fst",0.000395821166699117,0,0.022398364157954,0.0431347962382445
"320001","330000",325000.5,"Fst",0,0,0.022068179593904,0.0441395082904518
"321001","331000",326000.5,"Fst",0,0,0.0199325572521003,0.0405675249605885
"322001","332000",327000.5,"Fst",0.000639118457300136,0,0.0198014960003616,0.0405008165487207
"323001","333000",328000.5,"Fst",0,0,0.0194430737108514,0.037037037037037
"324001","334000",329000.5,"Fst",0.0451142440447253,0,0.0381391060308924,0.0988452719309085
"325001","335000",330000.5,"Fst",0.0558133785406513,0,0.0439518621706002,0.12071524304534
"326001","336000",331000.5,"Fst",0.051216982660833,0,0.0403995898018647,0.110685489913977
"327001","337000",332000.5,"Fst",0.0510259763323162,0,0.0401727268588766,0.111070005263554
"328001","338000",333000.5,"Fst",0.0495477276646444,0,0.0390107310889015,0.108433168898285
"329001","339000",334000.5,"Fst",0.0508363893714212,0,0.040162968003748,0.111457201497042
"330001","340000",335000.5,"Fst",0.0513249781768299,0,0.0387663450615577,0.110264214194345
"331001","341000",336000.5,"Fst",0.0544627497684267,0,0.0409529861949423,0.115768999212708
"332001","342000",337000.5,"Fst",0.0706802615193026,0,0.0338609835705965,0.0967576641046028
"333001","343000",338000.5,"Fst",0.074852095658695,0,0.036151049104834,0.102596053997923
"334001","344000",339000.5,"Fst",0.0571992110453647,0,0.022849614153962,0.0574124478316094
"335001","345000",340000.5,"Fst",0.0546139359698682,0,0.0217692307692308,0.0551027516544758
"336001","346000",341000.5,"Fst",0.059670781893004,0,0.0238882329791422,0.0599242424242424
"337001","347000",342000.5,"Fst",0.0657596371882088,0,0.0264752706089023,0.065670402656704
"338001","348000",343000.5,"Fst",0.067953507679535,0,0.0283422459893049,0.0683501683501683
"339001","349000",344000.5,"Fst",0.064844523668053,0,0.0269548633184997,0.0647527910685806
"340001","350000",345000.5,"Fst",0.0743246417665024,0,0.0300038499751615,0.0753562546875616
"341001","351000",346000.5,"Fst",0.0670481034117399,0,0.0268527964028563,0.0682639013052029
"342001","352000",347000.5,"Fst",0.00397727272727277,0,0.00518276050190936,0.00539007092198573
"343001","353000",348000.5,"Fst",0,0,0.00793650793650791,0.00846607998217663
"344001","354000",349000.5,"Fst",0.016584618750684,0,0.0174048174048174,0.0219257122250269
"345001","355000",350000.5,"Fst",0.0464145484604258,0,0.0186600095201492,0.0401319467740131
"346001","356000",351000.5,"Fst",0.043756088057666,0,0.017447580147118,0.0378506644167899
"347001","357000",352000.5,"Fst",0.043756088057666,0,0.017447580147118,0.0378506644167899
"348001","358000",353000.5,"Fst",0.0427146981208933,0,0.0170262630986034,0.0365205565435714
"349001","359000",354000.5,"Fst",0.0422122190690544,0,0.015739721889572,0.0324441448382127
"350001","360000",355000.5,"Fst",0.0402214232722705,0,0.0145667716656872,0.0297187257456781
"351001","361000",356000.5,"Fst",0.0432120905565518,0,0.0156529639639847,0.0320505026888004
"352001","362000",357000.5,"Fst",0.0421669807652039,0,0.0152214818592867,0.0311402492492083
"353001","363000",358000.5,"Fst",0.0454655761988055,0,0.0154084974000153,0.033875252228551
"354001","364000",359000.5,"Fst",0.0421321650237313,0,0.0142107061196004,0.0298525307055257
"355001","365000",360000.5,"Fst",0.0172727272727272,0,0.0104301133617938,0.017052855958631
"356001","366000",361000.5,"Fst",0.0198822759973839,0,0.0120716038614526,0.019656735161895
"357001","367000",362000.5,"Fst",0.0188002473716761,0,0.011416900153357,0.0187581415544941
"358001","368000",363000.5,"Fst",0.0207792207792207,0,0.0126739288110437,0.0208423795049937
"359001","369000",364000.5,"Fst",0.0190476190476191,0,0.0169621579876432,0.019560741249142
"360001","370000",365000.5,"Fst",0.0133333333333333,0,0.0136265837915373,0.0141019297377535
"361001","371000",366000.5,"Fst",0.0322314049586776,0,0.0272949278568798,0.0393656865088852
"362001","372000",367000.5,"Fst",0.031941031941032,0,0.0275653762399271,0.0389282899921196
"363001","373000",368000.5,"Fst",0.0139638666954581,0,0.0222303931552045,0.0469397168027303
"364001","374000",369000.5,"Fst",0.00965187262827927,0,0.0258991333751525,0.0548943038633761
"365001","375000",370000.5,"Fst",0.00965187262827927,0,0.0259002137990885,0.0548943038633761
"366001","376000",371000.5,"Fst",0.0137998132004981,0,0.0470150766229242,0.0906013834527237
"367001","377000",372000.5,"Fst",0.0137998132004981,0,0.0470196841340526,0.0908597173362958
"368001","378000",373000.5,"Fst",0.0137998132004981,0,0.0470196841340526,0.0908597173362958
"369001","379000",374000.5,"Fst",0.0125268065268066,0,0.0425864649168079,0.0811280690112807
"370001","380000",375000.5,"Fst",0.0123276672860321,0,0.0418264195522538,0.0799032742957977
"371001","381000",376000.5,"Fst",0.00639881965724665,0,0.0421689106680605,0.0804568361803782
"372001","382000",377000.5,"Fst",0.00606490894030831,0,0.0398051502186219,0.0756888218452729
"373001","383000",378000.5,"Fst",0.00862714710060697,0,0.0405705339244692,0.079754832000177
"374001","384000",379000.5,"Fst",0.00865060865060863,0,0.0404677165766203,0.0799591818625494
"375001","385000",380000.5,"Fst",0.00844393881936545,0,0.039624659143876,0.0783531150819529
"376001","386000",381000.5,"Fst",0.000440044004400453,0,0.00522547872547874,0.0063537181791582
"377001","387000",382000.5,"Fst",0.000456933973040918,0,0.00541573778352404,0.00660008684324787
"378001","388000",383000.5,"Fst",0.0152019641475801,0,0.0141363832284683,0.0218274670935379
"379001","389000",384000.5,"Fst",0.0175946723410962,0,0.0166466946856411,0.0233488127022574
"380001","390000",385000.5,"Fst",0.0187920875420875,0,0.0179834309961608,0.0247410996831321
"381001","391000",386000.5,"Fst",0.0194396798170383,0,0.0190794090481995,0.029070045421946
"382001","392000",387000.5,"Fst",0.0219797979797979,0,0.0218462174782883,0.0328329193217409
"383001","393000",388000.5,"Fst",0.023911308203991,0,0.0244123932945233,0.0405381378533752
"384001","394000",389000.5,"Fst",0.0264391487692457,0,0.027239789196311,0.0445051727503416
"385001","395000",390000.5,"Fst",0.0630915900578821,0,0.0237785262831093,0.0649186962244009
"386001","396000",391000.5,"Fst",0.0612840547356236,0,0.0230736048952859,0.0624099737262378
"387001","397000",392000.5,"Fst",0.0550964187327825,0,0.0197968192178187,0.0550349215340188
"388001","398000",393000.5,"Fst",0.0620792374143582,0,0.0297493416678161,0.0688377220073551
"389001","399000",394000.5,"Fst",0.0643149216453375,0,0.0252787008479543,0.0649658347938861
"390001","4e+05",395000.5,"Fst",0.0654851523028278,0,0.0257475899569821,0.0663558695473591
"391001","401000",396000.5,"Fst",0.0661795735129069,0,0.0250095482899138,0.0670398684583081
"392001","402000",397000.5,"Fst",0.0648348506839073,0,0.0245523262363411,0.0658572467434979
"393001","403000",398000.5,"Fst",0.0701997466627693,0,0.0265250507971198,0.0714285714285714
"394001","404000",399000.5,"Fst",0.0701997466627693,0,0.0265250507971198,0.0714285714285714
"395001","405000",400000.5,"Fst",0.0761436562682316,0,0.0285664095573839,0.0730874420405105
"396001","406000",401000.5,"Fst",0.0796149774835387,0,0.029838078535161,0.0765081042988019
"397001","407000",402000.5,"Fst",0.0835659499559913,0,0.0314342480353466,0.0799767559277147
"398001","408000",403000.5,"Fst",0.0801332830378474,0,0.0342493570009572,0.0958866774251389
"399001","409000",404000.5,"Fst",0.0793593426620948,0,0.0397065897065896,0.119722428315803
"400001","410000",405000.5,"Fst",0.0774256739448186,0,0.0387144635667363,0.116970834044005
"401001","411000",406000.5,"Fst",0.0762653888461944,0,0.038913322026889,0.118186092234047
"402001","412000",407000.5,"Fst",0.0958077560167592,0,0.0346368317858652,0.10271220492215
"403001","413000",408000.5,"Fst",0.0963711717530544,0,0.0314895370896055,0.0992736024504977
"404001","414000",409000.5,"Fst",0.0870869545224628,0,0.0270116045661645,0.0841711119264673
"405001","415000",410000.5,"Fst",0.0739299610894941,0,0.0205352073757202,0.0435382970303698
"406001","416000",411000.5,"Fst",0.0723962743437766,0,0.0200897469709958,0.0425943773115544
"407001","417000",412000.5,"Fst",0.0739299610894941,0,0.0205374001413,0.0437199589094952
"408001","418000",413000.5,"Fst",0.0772009029345373,0,0.0214929690808458,0.0457564053215823
"409001","419000",414000.5,"Fst",0.0792033348772578,0,0.0220995214413622,0.0468474671474323
"410001","420000",415000.5,"Fst",0.0792033348772578,0,0.0220995214413622,0.0468474671474323
"411001","421000",416000.5,"Fst",0.0802840821367916,0,0.0222107322887795,0.0456950254295947
"412001","422000",417000.5,"Fst",0.0543255432554327,0,0.0218543187983932,0.0413675606347748
"413001","423000",418000.5,"Fst",0.0199999999999998,0,0.026098594778632,0.0443829990545994
"414001","424000",419000.5,"Fst",0.00555555555555554,0,0.00577507598784188,0.00603366147983475
"415001","425000",420000.5,"Fst",0.0142777990879255,0,0.0335896398219346,0.0518330128403944
"416001","426000",421000.5,"Fst",0.0142777990879255,0,0.0340233654437384,0.0512060005882931
"417001","427000",422000.5,"Fst",0.00836052836052847,0,0.0235214943149202,0.0397320859800157
"418001","428000",423000.5,"Fst",0.0072201197090479,0,0.0202988272477627,0.0347395725584428
"419001","429000",424000.5,"Fst",0.0400730347876225,0,0.0183158211705599,0.0442572338032213
"420001","430000",425000.5,"Fst",0.0380272756105295,0,0.0162670898853037,0.0416430546253841
"421001","431000",426000.5,"Fst",0.0383325781603987,0,0.0165053460363075,0.0378020805838478
"422001","432000",427000.5,"Fst",0.0393305439330544,0,0.0169548095208731,0.0387918456703334
"423001","433000",428000.5,"Fst",0.0349519805608053,0,0.0150906294562632,0.0347777507088584
"424001","434000",429000.5,"Fst",0.0277062751317019,0,0.0148126062791953,0.0293882860775213
"425001","435000",430000.5,"Fst",0.0278063956992672,0,0.0151772591870238,0.0314116947285973
"426001","436000",431000.5,"Fst",0.0283761274112742,0,0.0154900943350403,0.032143136935862
"427001","437000",432000.5,"Fst",0.031995195193067,0,0.0165264610568451,0.0343746469700896
"428001","438000",433000.5,"Fst",0.0344230148825139,0,0.0177512305797614,0.0369863503435651
"429001","439000",434000.5,"Fst",0.0184452369553324,0,0.0172890671787258,0.0305745852415464
"430001","440000",435000.5,"Fst",0.0182076410481109,0,0.0196415038270301,0.0367335707843527
"431001","441000",436000.5,"Fst",0.0159382388206752,0,0.0224346153822833,0.0376355091941543
"432001","442000",437000.5,"Fst",0.0829732693025945,0,0.0306569115610245,0.0584292716597076
"433001","443000",438000.5,"Fst",0.114350057565325,0,0.0331037178036428,0.0680597316815508
"434001","444000",439000.5,"Fst",0.118522092290098,0,0.0343528010363626,0.0707966869872454
"435001","445000",440000.5,"Fst",0.119013344406679,0,0.0345010144376176,0.071097348944463
"436001","446000",441000.5,"Fst",0.119013344406679,0,0.0345010144376176,0.071097348944463
"437001","447000",442000.5,"Fst",0.119579785617522,0,0.0346721440423938,0.071400575517557
"438001","448000",443000.5,"Fst",0.136149879653788,0,0.0350045637207007,0.0692643557038167
"439001","449000",444000.5,"Fst",0.138283517121337,0,0.0361060624842437,0.0714634410633151
"440001","450000",445000.5,"Fst",0.138283517121337,0,0.0361254596996468,0.0714634410633151
"441001","451000",446000.5,"Fst",0.135031669784414,0,0.0352411429115021,0.0695832560670303
"442001","452000",447000.5,"Fst",0.181471056645248,0,0.038175131232369,0.0718822189687348
"443001","453000",448000.5,"Fst",0.153236286877733,0,0.0339064877963204,0.073058897213691
"444001","454000",449000.5,"Fst",0.153236286877733,0,0.0339064877963204,0.073058897213691
"445001","455000",450000.5,"Fst",0.151979593739872,0,0.0336378412207386,0.0724004063285857
"446001","456000",451000.5,"Fst",0.151979593739872,0,0.0336378412207386,0.0724004063285857
"447001","457000",452000.5,"Fst",0.151979593739872,0,0.0336378412207386,0.0724004063285857
"448001","458000",453000.5,"Fst",0.0135247208931421,0,0.0272109946266098,0.0523283665917801
"449001","459000",454000.5,"Fst",0.0459419729206962,0,0.0310593682967291,0.0666666666666665
"450001","460000",455000.5,"Fst",0.0415380777591674,0,0.0285938594307949,0.0618958030125542
"451001","461000",456000.5,"Fst",0.0485782482357824,0,0.0305895582634105,0.0709600291075418
"452001","462000",457000.5,"Fst",0.0508645396139793,0,0.0320604592654749,0.0740728683432353
"453001","463000",458000.5,"Fst",0.0497713981924508,0,0.0312465519327769,0.0724830433109013
"454001","464000",459000.5,"Fst",0.0485782482357824,0,0.0305895582634105,0.0707476647622008
"455001","465000",460000.5,"Fst",0.0579478383251969,0,0.035916644654433,0.0860644330793583
"456001","466000",461000.5,"Fst",0.0570209377407321,0,0.03541890124842,0.0848707854085718
"457001","467000",462000.5,"Fst",0.0541008220723523,0,0.0342503667700507,0.0819647562582345
"458001","468000",463000.5,"Fst",0.0601931726019317,0,0.0408083194146176,0.0942666448226002
"459001","469000",464000.5,"Fst",0.0432811723795329,0,0.0309777037973139,0.0711380608529285
"460001","470000",465000.5,"Fst",0.0510235094305891,0,0.0367905659644117,0.0808993157380254
"461001","471000",466000.5,"Fst",0.0408984954439499,0,0.0352031553798791,0.0836822953948938
"462001","472000",467000.5,"Fst",0.0389300167801797,0,0.0317987746735083,0.0769425019425021
"463001","473000",468000.5,"Fst",0.0388036206218024,0,0.0316729526411516,0.0766966792525897
"464001","474000",469000.5,"Fst",0.0398383838383838,0,0.032528868749453,0.0787083954297069
"465001","475000",470000.5,"Fst",0.04961112724691,0,0.0366392885622595,0.110489510489511
"466001","476000",471000.5,"Fst",0.0497967380917674,0,0.0367151885930503,0.110104529616725
"467001","477000",472000.5,"Fst",0.0521763689526847,0,0.03857987320151,0.113357034027425
"468001","478000",473000.5,"Fst",0.0521763689526847,0,0.0387273800935131,0.112955465587045
"469001","479000",474000.5,"Fst",0.0503631354871023,0,0.0370388837461704,0.106397306397306
"470001","480000",475000.5,"Fst",0.0489473043689911,0,0.0361241221724965,0.103606557377049
"471001","481000",476000.5,"Fst",0.0657717584546854,0,0.0490372333197444,0.135192212506187
"472001","482000",477000.5,"Fst",0.0690584491852991,0,0.0512172449128969,0.142566501023093
"473001","483000",478000.5,"Fst",0.0718957735832277,0,0.0532762296330134,0.147892534416884
"474001","484000",479000.5,"Fst",0.0637808472519217,0,0.0471883525355311,0.130762274589074
"475001","485000",480000.5,"Fst",0.00740740740740742,0,0.0072838796243051,0.00781169698838524
"476001","486000",481000.5,"Fst",0.0666363852659354,0,0.04165785600676,0.102827199452758
"477001","487000",482000.5,"Fst",0.0689919269054631,0,0.0434606021340686,0.107081894060564
"478001","488000",483000.5,"Fst",0.0715840836479813,0,0.045113353287075,0.111777539266648
"479001","489000",484000.5,"Fst",0.0732370242743685,0,0.0445617119944234,0.0923438142957422
"480001","490000",485000.5,"Fst",0.0735836107554417,0,0.0445690068223565,0.0917955473745631
"481001","491000",486000.5,"Fst",0.06870642245708,0,0.0414929044245543,0.0863283305141797
"482001","492000",487000.5,"Fst",0.0809218612291883,0,0.0353913756594623,0.0862333629364747
"483001","493000",488000.5,"Fst",0.0779009702125694,0,0.0339538600566788,0.0826405289174215
"484001","494000",489000.5,"Fst",0.083708383259829,0,0.0377621223293941,0.0889244859653091
"485001","495000",490000.5,"Fst",0.0799985610906933,0,0.0362471759804358,0.0853099026916692
"486001","496000",491000.5,"Fst",0.0664720030530829,0,0.0437450832041646,0.119211863220558
"487001","497000",492000.5,"Fst",0.0649192150336314,0,0.0425526254324454,0.116191576784797
"488001","498000",493000.5,"Fst",0.0649192150336314,0,0.0425526254324454,0.116191576784797
"489001","499000",494000.5,"Fst",0.0788469746216225,0,0.0399943263679116,0.11063751438435
"490001","5e+05",495000.5,"Fst",0.0774671809768718,0,0.039186826814616,0.106707289753125
"491001","501000",496000.5,"Fst",0.0819760800913794,0,0.0412900081733595,0.112530712530712
"492001","502000",497000.5,"Fst",0.0606553338260655,0,0.0299088445429909,0.0743246417665024
"493001","503000",498000.5,"Fst",0.0684459271615234,0,0.0340628507295174,0.083372859025033
"494001","504000",499000.5,"Fst",0.16503108003108,0,0.0442088167768832,0.128447661998576
"495001","505000",500000.5,"Fst",0.168047313869768,0,0.0449685781238574,0.130838974854932
"496001","506000",501000.5,"Fst",0.159583565718535,0,0.0431965255663006,0.124503461582113
"497001","507000",502000.5,"Fst",0.16166638416483,0,0.0439024392549505,0.126437112807953
"498001","508000",503000.5,"Fst",0.16166638416483,0,0.0439024392549505,0.126437112807953
"499001","509000",504000.5,"Fst",0.152121015412155,0,0.0457456558592921,0.129518434009848
"500001","510000",505000.5,"Fst",0.154523364861337,0,0.0467910420529319,0.131173783596395
"501001","511000",506000.5,"Fst",0.149328054803559,0,0.0451048973543476,0.126697590136004
"502001","512000",507000.5,"Fst",0.149328054803559,0,0.0452136999899411,0.126697590136004
"503001","513000",508000.5,"Fst",0.147021284726203,0,0.0443603495799321,0.124711607437135
"504001","514000",509000.5,"Fst",0.00425785634118947,0,0.0139858703688492,0.0159051273107778
"505001","515000",510000.5,"Fst",0.00429263463102436,0,0.0139858703688492,0.0159051273107778
"506001","516000",511000.5,"Fst",0.045143972669595,0,0.0225430698313753,0.0478424596845649
"507001","517000",512000.5,"Fst",0.0470737913486005,0,0.0235039169258318,0.0496197762308452
"508001","518000",513000.5,"Fst",0.0485703094398747,0,0.02018680708224,0.0457540106951871
"509001","519000",514000.5,"Fst",0.0529067335842742,0,0.0217194755760905,0.0493827160493827
"510001","520000",515000.5,"Fst",0.0545846817691477,0,0.0225803864509526,0.0509229789942713
"511001","521000",516000.5,"Fst",0.0484023444885611,0,0.0198118620077655,0.0439098398430016
"512001","522000",517000.5,"Fst",0.0484023444885611,0,0.0198118620077655,0.0439098398430016
"513001","523000",518000.5,"Fst",0.0484023444885611,0,0.0198155388227763,0.0439098398430016
"514001","524000",519000.5,"Fst",0.0497860754570205,0,0.0203893244021326,0.0451402381573415
"515001","525000",520000.5,"Fst",0.0512512512512512,0,0.0211153913560677,0.0464415783564721
"516001","526000",521000.5,"Fst",0.0247023076291367,0,0.0155380924651892,0.0260750891265598
"517001","527000",522000.5,"Fst",0.0264446920539204,0,0.0158346862667832,0.026762052597242
"518001","528000",523000.5,"Fst",0.0157575757575755,0,0.0171168512768142,0.0268097643097642
"519001","529000",524000.5,"Fst",0.0211298918836607,0,0.0212813535814555,0.0330653473510617
"520001","530000",525000.5,"Fst",0.0201381632416114,0,0.020276454064322,0.0315623770169223
"521001","531000",526000.5,"Fst",0.0263668551984182,0,0.0211822687905717,0.0450857473384715
"522001","532000",527000.5,"Fst",0.0263668551984182,0,0.0210647831191604,0.0450857473384715
"523001","533000",528000.5,"Fst",0.0273849607182939,0,0.0219909329610601,0.0467339696326425
"524001","534000",529000.5,"Fst",0.0263668551984182,0,0.0211822687905717,0.0450857473384715
"525001","535000",530000.5,"Fst",0.0254217374919643,0,0.0204366409842143,0.0432734147585752
"526001","536000",531000.5,"Fst",0.0191598863903304,0,0.0188750080084412,0.040808915602304
"527001","537000",532000.5,"Fst",0.0156756325325246,0,0.0230265692262816,0.0495771670190275
"528001","538000",533000.5,"Fst",0.0143525285004384,0,0.0210519455576948,0.0456003889158968
"529001","539000",534000.5,"Fst",0.00875757575757574,0,0.0194989273045722,0.0413798059647861
"530001","540000",535000.5,"Fst",0.0117702638860766,0,0.01818413729128,0.0410611452604335
"531001","541000",536000.5,"Fst",0.00150303030303045,0,0.0161998924947927,0.0187229437229437
"532001","542000",537000.5,"Fst",0.0189076392669209,0,0.0213117497957774,0.0354169419849346
"533001","543000",538000.5,"Fst",0.0189076392669209,0,0.0213117497957774,0.0354169419849346
"534001","544000",539000.5,"Fst",0.0117087609481524,0,0.0193566239397511,0.0421290530879572
"535001","545000",540000.5,"Fst",0.0117087609481524,0,0.0193689711994963,0.0419058105659166
"536001","546000",541000.5,"Fst",0.0121868686868687,0,0.0201959817565964,0.0435201067276537
"537001","547000",542000.5,"Fst",0.0117087609481524,0,0.0193689711994963,0.0416849215041987
"538001","548000",543000.5,"Fst",0.0127834286925195,0,0.0210348360981156,0.0450061591525006
"539001","549000",544000.5,"Fst",0.0183501683501682,0,0.0233208332070392,0.0415454545454546
"540001","550000",545000.5,"Fst",0.0351182649437014,0,0.0299991962673733,0.0766482376747297
"541001","551000",546000.5,"Fst",0.0351182649437014,0,0.0299991962673733,0.0766482376747297
"542001","552000",547000.5,"Fst",0.0527972027972028,0,0.0449580669736834,0.117472215559287
"543001","553000",548000.5,"Fst",0.0527972027972028,0,0.0449580669736834,0.117472215559287
"544001","554000",549000.5,"Fst",0.0718553413114084,0,0.0407997773411369,0.113377229384533
"545001","555000",550000.5,"Fst",0.0718553413114084,0,0.040916324368639,0.113377229384533
"546001","556000",551000.5,"Fst",0.0875557606522072,0,0.0367513850836987,0.103013703178042
"547001","557000",552000.5,"Fst",0.0875557606522072,0,0.0367532990978426,0.103013703178042
"548001","558000",553000.5,"Fst",0.0861945383877644,0,0.0361755003412739,0.101457520988139
"549001","559000",554000.5,"Fst",0.0882001836547291,0,0.0351062375548761,0.0991207034372501
"550001","560000",555000.5,"Fst",0.144918352425055,0,0.0330635574373726,0.096645547861107
"551001","561000",556000.5,"Fst",0.127470277648073,0,0.0309365149093658,0.0916271316835492
"552001","562000",557000.5,"Fst",0.135268013633753,0,0.0311354842921849,0.078900684561062
"553001","563000",558000.5,"Fst",0.130750713202693,0,0.0301505628491315,0.0762302733940875
"554001","564000",559000.5,"Fst",0.132715894449743,0,0.0332906953261987,0.0883109533364201
"555001","565000",560000.5,"Fst",0.132715894449743,0,0.0332884678253062,0.0883109533364201
"556001","566000",561000.5,"Fst",0.128098727645507,0,0.0361021410482086,0.0953267856429911
"557001","567000",562000.5,"Fst",0.124345611693316,0,0.0342582789875967,0.091766322226092
"558001","568000",563000.5,"Fst",0.12461812868826,0,0.0341818252645731,0.0915616824505004
"559001","569000",564000.5,"Fst",0.133391587645771,0,0.0376558018755082,0.104543274471332
"560001","570000",565000.5,"Fst",0.00338730927791242,0,0.0170325385468142,0.0450002028315281
"561001","571000",566000.5,"Fst",0.00870931537598207,0,0.00893273545288528,0.0101699451358223
"562001","572000",567000.5,"Fst",0.00925793366738248,0,0.00951682213604443,0.0107087501761306
"563001","573000",568000.5,"Fst",0.00815231965674434,0,0.00869366277739636,0.00929322572756164
"564001","574000",569000.5,"Fst",0.00815231965674434,0,0.00869366277739636,0.00929322572756164
"565001","575000",570000.5,"Fst",0.0086906803887935,0,0.00926100200036363,0.0099001302648718
"566001","576000",571000.5,"Fst",0.00877344877344888,0,0.00925925925925919,0.0099001302648718
"567001","577000",572000.5,"Fst",0.00660537963908736,0,0.0072473143819119,0.00781169698838524
"568001","578000",573000.5,"Fst",0.0065319865319865,0,0.00724637681159412,0.00792657488527315
"569001","579000",574000.5,"Fst",0.00288560916118885,0,0.00877344877344888,0.00978037062457093
"570001","580000",575000.5,"Fst",0,0,0.00518276050190936,0.00539007092198573
"571001","581000",576000.5,"Fst",0.000628930817610063,0,0.00877192982456143,0.00940128649183558
"572001","582000",577000.5,"Fst",0.000628930817610063,0,0.00877233555674573,0.0092401215805471
"573001","583000",578000.5,"Fst",0.000703234880450099,0,0.00966529307879913,0.0101699451358223
"574001","584000",579000.5,"Fst",0.000628930817610063,0,0.00877192982456143,0.0092401215805471
"575001","585000",580000.5,"Fst",0.00385914134105148,0,0.00943297348286354,0.0105918424231161
"576001","586000",581000.5,"Fst",0.0041536863966769,0,0.0102356902356902,0.0113874737788431
"577001","587000",582000.5,"Fst",0.00360360360360357,0,0.00877344877344888,0.0099001302648718
"578001","588000",583000.5,"Fst",0.00559284116331094,0,0.00925958316517874,0.0107087501761306
"579001","589000",584000.5,"Fst",0.0346746150024839,0,0.0191865175822395,0.0417150225660864
"580001","590000",585000.5,"Fst",0.0346746150024839,0,0.0191865175822395,0.0417150225660864
"581001","591000",586000.5,"Fst",0.0335025380710661,0,0.017363646797462,0.0372776389689706
"582001","592000",587000.5,"Fst",0.030844382414515,0,0.0170443137742932,0.0347182603662819
"583001","593000",588000.5,"Fst",0.0268865617780477,0,0.0140358532775516,0.029039429039429
"584001","594000",589000.5,"Fst",0.0268865617780477,0,0.0139839079936692,0.029039429039429
"585001","595000",590000.5,"Fst",0.0281062458324071,0,0.0160153262089274,0.0322522228219188
"586001","596000",591000.5,"Fst",0.0238493931136983,0,0.0149606166730342,0.0323627142495108
"587001","597000",592000.5,"Fst",0.0259793430724853,0,0.0155976730336516,0.0296292750640212
"588001","598000",593000.5,"Fst",0.0255164926397803,0,0.0149614279339709,0.0316090888872415
"589001","599000",594000.5,"Fst",0.00755807907489447,0,0.00976177124223709,0.0155801921655579
"590001","6e+05",595000.5,"Fst",0.00755807907489447,0,0.00976177124223709,0.0155801921655579
"591001","601000",596000.5,"Fst",0.00378436607184673,0,0.0105765398297042,0.0160622619639011
"592001","602000",597000.5,"Fst",0.00336603444517103,0,0.0131999155744432,0.0182370820668692
"593001","603000",598000.5,"Fst",0.0519432655796292,0,0.0200789304635773,0.0482674003997643
"594001","604000",599000.5,"Fst",0.0537936618089289,0,0.0207172832216929,0.0500703111617474
"595001","605000",600000.5,"Fst",0.0521675733273511,0,0.0200789304635773,0.0485433893474122
"596001","606000",601000.5,"Fst",0.0589951177306717,0,0.0206959843714153,0.0544511808591909
"597001","607000",602000.5,"Fst",0.0497403704564829,0,0.0215588025915872,0.0507378037391113
"598001","608000",603000.5,"Fst",0.0526460398996536,0,0.0232940058978975,0.0538478142921318
"599001","609000",604000.5,"Fst",0.049037498609102,0,0.0217328858103807,0.0504581137521593
"600001","610000",605000.5,"Fst",0.0459390563011733,0,0.020313678734683,0.0473942712212403
"601001","611000",606000.5,"Fst",0.048512697335213,0,0.0205675080131815,0.0497612794183961
"602001","612000",607000.5,"Fst",0.0542420449804679,0,0.023002664194756,0.0559430190981826
"603001","613000",608000.5,"Fst",0.00268954606304006,0,0.0194558613758801,0.0295454545454543
"604001","614000",609000.5,"Fst",0.000379266822087221,0,0.0158428789465242,0.0297943355852699
"605001","615000",610000.5,"Fst",0.000364348351621024,0,0.0151686142976183,0.0286324394900225
"606001","616000",611000.5,"Fst",0.000379266822087221,0,0.0157738161999156,0.0297943355852699
"607001","617000",612000.5,"Fst",0.154578952808506,0,0.0413404755148641,0.0851050835194934
"608001","618000",613000.5,"Fst",0.158313812716879,0,0.0423680621842164,0.0860174808480827
"609001","619000",614000.5,"Fst",0.172305357236591,0,0.046325886733713,0.0933332292016483
"610001","620000",615000.5,"Fst",0.177150902310885,0,0.0485222777151246,0.0965711010787972
"611001","621000",616000.5,"Fst",0.164421066170832,0,0.0436098929212518,0.0894062243507516
"612001","622000",617000.5,"Fst",0.164421066170832,0,0.0437766482299034,0.0890845711429934
"613001","623000",618000.5,"Fst",0.140109230772441,0,0.0348735926830249,0.0767647952312863
"614001","624000",619000.5,"Fst",0.144073647871116,0,0.0364321943415799,0.0795923601268812
"615001","625000",620000.5,"Fst",0.146862170087977,0,0.0372854582695094,0.0813683280896397
"616001","626000",621000.5,"Fst",0.175377309063868,0,0.0456038835630284,0.098172037571036
"617001","627000",622000.5,"Fst",0.129839807219288,0,0.0331848991150163,0.0799354260994589
"618001","628000",623000.5,"Fst",0.127270279531992,0,0.0324059563281661,0.0780885192134966
"619001","629000",624000.5,"Fst",0.122664043838696,0,0.031483444612233,0.07418069140066
"620001","630000",625000.5,"Fst",0.125031329442515,0,0.0322768832816725,0.0753237364281691
"621001","631000",626000.5,"Fst",0.131970203709334,0,0.033784764695543,0.080943015504074
"622001","632000",627000.5,"Fst",0.131970203709334,0,0.0339112381164534,0.080943015504074
"623001","633000",628000.5,"Fst",0.137495122902848,0,0.0354227302575997,0.0791611047150489
"624001","634000",629000.5,"Fst",0.143983656792645,0,0.0370594150137748,0.0829170541027942
"625001","635000",630000.5,"Fst",0.147701077161658,0,0.0379341877532112,0.0851092025646953
"626001","636000",631000.5,"Fst",0.0126577495654802,0,0.0302482665680684,0.0447618346462491
"627001","637000",632000.5,"Fst",0.0134814278240574,0,0.0322204968944099,0.0473852388746007
"628001","638000",633000.5,"Fst",0.0153000594177064,0,0.0313633851780624,0.0473947025618761
"629001","639000",634000.5,"Fst",0.0144197658402202,0,0.0347467300414726,0.0512060005882931
"630001","640000",635000.5,"Fst",0.0154984964145269,0,0.0373161507213896,0.0554545333881948
"631001","641000",636000.5,"Fst",0.0154984964145269,0,0.0373059866962307,0.0554545333881948
"632001","642000",637000.5,"Fst",0.122179376924571,0,0.0416481438799174,0.085577256334598
"633001","643000",638000.5,"Fst",0.131468063082263,0,0.0441291998517878,0.0961528147368855
"634001","644000",639000.5,"Fst",0.128683940857854,0,0.0436176523277128,0.0924087867819359
"635001","645000",640000.5,"Fst",0.123414961422342,0,0.0408788763729426,0.0875530611663485
"636001","646000",641000.5,"Fst",0.125302982998893,0,0.0416189698259756,0.0889184653665875
"637001","647000",642000.5,"Fst",0.123414961422342,0,0.0409705727622483,0.0875530611663485
"638001","648000",643000.5,"Fst",0.12908836014627,0,0.0437063475185316,0.0925902659367617
"639001","649000",644000.5,"Fst",0.117650623885918,0,0.0387932023975907,0.087446924333152
"640001","650000",645000.5,"Fst",0.115744248035915,0,0.0381292053353129,0.0860049255808972
"641001","651000",646000.5,"Fst",0.117408899680693,0,0.0387904704768268,0.0872640356357118
"642001","652000",647000.5,"Fst",0.0125730310820283,0,0.0186166189858869,0.0296157742966253
"643001","653000",648000.5,"Fst",0.0122622991044044,0,0.0140671524902477,0.0257040954372155
"644001","654000",649000.5,"Fst",0.00500014810865257,0,0.0140438871473354,0.0181687783887162
"645001","655000",650000.5,"Fst",0.00339789330615003,0,0.0132900432900432,0.0169448337367817
"646001","656000",651000.5,"Fst",0.00785871398979243,0,0.018151224871358,0.0279743245260485
"647001","657000",652000.5,"Fst",0.00782013685239491,0,0.0181541247210019,0.0279743245260485
"648001","658000",653000.5,"Fst",0.00598529440910078,0,0.0171219700650153,0.0251038301799722
"649001","659000",654000.5,"Fst",0.00638833475824074,0,0.0206158701367417,0.0302289674654332
"650001","660000",655000.5,"Fst",0.00593268933880298,0,0.0189672182622098,0.0278207897637845
"651001","661000",656000.5,"Fst",0.00572840137140918,0,0.0182385164324969,0.0267550740268654
"652001","662000",657000.5,"Fst",0.0141643799817065,0,0.0369819588302346,0.106107226107226
"653001","663000",658000.5,"Fst",0.0144417799094056,0,0.0378280046833842,0.108046522667933
"654001","664000",659000.5,"Fst",0.0153889835320842,0,0.0403110151204849,0.114949494949495
"655001","665000",660000.5,"Fst",0.0150924155513065,0,0.0358586339702728,0.107712504102396
"656001","666000",661000.5,"Fst",0.0138263367621165,0,0.0417322776232739,0.117976118803933
"657001","667000",662000.5,"Fst",0.0135772135772134,0,0.0408627208130477,0.115960253470424
"658001","668000",663000.5,"Fst",0.0455044227969992,0,0.0315700252533894,0.103060148431127
"659001","669000",664000.5,"Fst",0.0434320425208807,0,0.0305842067687694,0.100638517788661
"660001","670000",665000.5,"Fst",0.0414852214157988,0,0.0299433670638464,0.0978874618763816
"661001","671000",666000.5,"Fst",0.0413937867338371,0,0.0299417059934984,0.0976770158588341
"662001","672000",667000.5,"Fst",0.0479574791192103,0,0.0161448962690146,0.0503102545067443
"663001","673000",668000.5,"Fst",0.0372592822422174,0,0.0219480395452304,0.0442993621539048
"664001","674000",669000.5,"Fst",0.037489095318896,0,0.0203561832075886,0.0412901702717856
"665001","675000",670000.5,"Fst",0.0385964912280702,0,0.0190467980555398,0.0418901245031562
"666001","676000",671000.5,"Fst",0.0374149659863946,0,0.0184677793574326,0.0405027118961373
"667001","677000",672000.5,"Fst",0.038515406162465,0,0.0190480979691799,0.0417771454439632
"668001","678000",673000.5,"Fst",0.0100741457124435,0,0.0191646959855601,0.0346860461167522
"669001","679000",674000.5,"Fst",0.0270862122344803,0,0.0269290098129612,0.0645312134673836
"670001","680000",675000.5,"Fst",0.0286186581429602,0,0.0283296934879011,0.0676326211560553
"671001","681000",676000.5,"Fst",0.028260650931062,0,0.0279760262783558,0.0668254690388275
"672001","682000",677000.5,"Fst",0.0285326304017892,0,0.0273919833530749,0.0621304195354019
"673001","683000",678000.5,"Fst",0.033293096202509,0,0.0324087726038482,0.0765704373683558
"674001","684000",679000.5,"Fst",0.0235999683519267,0,0.0297476560505994,0.0645624582498331
"675001","685000",680000.5,"Fst",0.023443910875605,0,0.0332659201402415,0.0760872906379001
"676001","686000",681000.5,"Fst",0.0236554221459884,0,0.033784935308597,0.0795059453037682
"677001","687000",682000.5,"Fst",0.0236554221459884,0,0.033784935308597,0.0795059453037682
"678001","688000",683000.5,"Fst",0.0236034648334617,0,0.0338766137102031,0.0792856394208454
"679001","689000",684000.5,"Fst",0,0,0.0314921929716146,0.0583356958046101
"680001","690000",685000.5,"Fst",0,0,0.0303001806237953,0.057821930672703
"681001","691000",686000.5,"Fst",0.00210702061941737,0,0.0297593490663948,0.0533003917234204
"682001","692000",687000.5,"Fst",0,0,0.0370984060882443,0.0680323785803237
"683001","693000",688000.5,"Fst",0,0,0.0383798845701424,0.0711004099694149
"684001","694000",689000.5,"Fst",0.00925213940220748,0,0.0134342078627312,0.0155482815057283
"685001","695000",690000.5,"Fst",0.00730012721401307,0,0.0104783023874611,0.0122501611863313
"686001","696000",691000.5,"Fst",0.0937608318890815,0,0.0463016633716252,0.0768686479694156
"687001","697000",692000.5,"Fst",0.0902261712439419,0,0.0438694860533516,0.0744248425406575
"688001","698000",693000.5,"Fst",0.092314049586777,0,0.0449141851456243,0.0762163189024891
"689001","699000",694000.5,"Fst",0.0577610818933133,0,0.0324744278459458,0.061673525377229
"690001","7e+05",695000.5,"Fst",0.0598075112459461,0,0.0333980443520805,0.0650602409638554
"691001","701000",696000.5,"Fst",0.0983478698423349,0,0.03123035154548,0.0711821432410961
"692001","702000",697000.5,"Fst",0.0981893538191028,0,0.0311785705674717,0.0713295861154736
"693001","703000",698000.5,"Fst",0.0980313479623823,0,0.0311772094273991,0.0713295861154736
"694001","704000",699000.5,"Fst",0.100456151622229,0,0.0320253649997509,0.073096002752767
"695001","705000",700000.5,"Fst",0.105318933967983,0,0.0337497034814763,0.0767336102183047
"696001","706000",701000.5,"Fst",0.0927387451538888,0,0.0297753892539414,0.0634831584494272
"697001","707000",702000.5,"Fst",0.0957014900385066,0,0.0321356617902072,0.064866797782943
"698001","708000",703000.5,"Fst",0.092138136686009,0,0.031083530584183,0.0624051416753346
"699001","709000",704000.5,"Fst",0.15748716181851,0,0.0398440430733372,0.0844403743919697
"700001","710000",705000.5,"Fst",0.133795630725863,0,0.0337598353584386,0.0748774447869813
"701001","711000",706000.5,"Fst",0.0524178493798747,0,0.0276340925649963,0.0551070162107397
"702001","712000",707000.5,"Fst",0.0553611484970838,0,0.0241013404418698,0.0554183044408696
"703001","713000",708000.5,"Fst",0.0575291375291375,0,0.0250792411276173,0.0573115988274615
"704001","714000",709000.5,"Fst",0.0556231688077531,0,0.0242164183836683,0.0554183044408696
"705001","715000",710000.5,"Fst",0.0464237516869097,0,0.0198030274086527,0.0457059350131452
"706001","716000",711000.5,"Fst",0.0107202680067005,0,0.0170658774353382,0.0290917591057844
"707001","717000",712000.5,"Fst",0.0116406354291816,0,0.0149175757244511,0.0238052045655642
"708001","718000",713000.5,"Fst",0.012523337641821,0,0.0159605779956267,0.0254314547148058
"709001","719000",714000.5,"Fst",0.0107752904617698,0,0.0164459432326145,0.0258898677734405
"710001","720000",715000.5,"Fst",0.0142656667982285,0,0.014303411428716,0.0239337806579879
"711001","721000",716000.5,"Fst",0.0148681383975502,0,0.0148181205535262,0.0249266667551532
"712001","722000",717000.5,"Fst",0,0,0.00830824804334729,0.00900847507852764
"713001","723000",718000.5,"Fst",0,0,0.00755750273822564,0.00827120857593722
"714001","724000",719000.5,"Fst",0,0,0.00755750273822564,0.00827120857593722
"715001","725000",720000.5,"Fst",0.00342071016917644,0,0.00833950794550526,0.00897293558779089
"716001","726000",721000.5,"Fst",0,0,0.0227398620757562,0.0362914862914864
"717001","727000",722000.5,"Fst",0,0,0.0244036194132164,0.0360752778243145
"718001","728000",723000.5,"Fst",0,0,0.0338069517222553,0.0664982329498459
"719001","729000",724000.5,"Fst",0.071184676244014,0,0.030046017157556,0.0522074468085107
"720001","730000",725000.5,"Fst",0.0747812773403324,0,0.0315727187563205,0.0549913857100837
"721001","731000",726000.5,"Fst",0.0747812773403324,0,0.0315036433550817,0.0549913857100837
"722001","732000",727000.5,"Fst",0.0731809976155309,0,0.0301665589057313,0.0537720056161571
"723001","733000",728000.5,"Fst",0.075713629372166,0,0.0312234188549792,0.0557897833120895
"724001","734000",729000.5,"Fst",0.075713629372166,0,0.0311524853846894,0.0556249956357492
"725001","735000",730000.5,"Fst",0.0761809269162211,0,0.0312625948867437,0.0571440725431948
"726001","736000",731000.5,"Fst",0.0863619027806671,0,0.0293536656003677,0.0583304609406824
"727001","737000",732000.5,"Fst",0.0870458670974579,0,0.029551015170892,0.0577908222363506
"728001","738000",733000.5,"Fst",0.0953554059109615,0,0.0259311783712932,0.0505698025874107
"729001","739000",734000.5,"Fst",0.041644385026738,0,0.0207627423557482,0.0387579068430133
"730001","740000",735000.5,"Fst",0.10480405527108,0,0.0312046425184552,0.0764129301355578
"731001","741000",736000.5,"Fst",0.106492012445421,0,0.0317436417214295,0.0774990481830871
"732001","742000",737000.5,"Fst",0.110657930657931,0,0.0326495094793555,0.0806451612903224
"733001","743000",738000.5,"Fst",0.109614006191762,0,0.0297282345865154,0.0813111802872893
"734001","744000",739000.5,"Fst",0.1109824358232,0,0.0301854401467416,0.0823489193603524
"735001","745000",740000.5,"Fst",0.106354196861923,0,0.0295021378894014,0.0782988004362049
"736001","746000",741000.5,"Fst",0.105718475073314,0,0.0311256572087587,0.0771788683293109
"737001","747000",742000.5,"Fst",0.109856459330143,0,0.0328344608780567,0.0803011574334194
"738001","748000",743000.5,"Fst",0.131283487849885,0,0.0393063771732882,0.0954843441984138
"739001","749000",744000.5,"Fst",0.124263468013468,0,0.0370934372493118,0.0902289514155132
"740001","750000",745000.5,"Fst",0.0474628803585265,0,0.0193474176757953,0.0426755059230765
"741001","751000",746000.5,"Fst",0.0386914026895517,0,0.015985645849906,0.0371245950442168
"742001","752000",747000.5,"Fst",0.0386914026895517,0,0.015985645849906,0.0371245950442168
"743001","753000",748000.5,"Fst",0.0194751143672823,0,0.0228533872731825,0.0342950715655658
"744001","754000",749000.5,"Fst",0.0325706195336941,0,0.0211478868540824,0.0460162717332004
"745001","755000",750000.5,"Fst",0.0538249496216874,0,0.0246621866123767,0.0541921893307292
"746001","756000",751000.5,"Fst",0.0567553881056556,0,0.0265333018547724,0.0578656908480059
"747001","757000",752000.5,"Fst",0.0528022764963064,0,0.0246101656741587,0.0542688934917196
"748001","758000",753000.5,"Fst",0.0536192362526432,0,0.0250649897443516,0.0550947992899449
"749001","759000",754000.5,"Fst",0.0530212073340036,0,0.0257373800746458,0.0543400812908846
"750001","760000",755000.5,"Fst",0.0540111590859801,0,0.0260947243673016,0.0568243940354762
"751001","761000",756000.5,"Fst",0.0843261465510853,0,0.0283688830164769,0.0875379939209727
"752001","762000",757000.5,"Fst",0.0830819486646045,0,0.0279394486138554,0.086058259148287
"753001","763000",758000.5,"Fst",0.0825910303030303,0,0.0276042686028519,0.0848271549279388
"754001","764000",759000.5,"Fst",0.0880965342043186,0,0.0278853522122341,0.0905434936888853
"755001","765000",760000.5,"Fst",0.0746615087040617,0,0.0344049426094243,0.104838298955946
"756001","766000",761000.5,"Fst",0.0684276729559747,0,0.0305580426417848,0.0934346139488078
"757001","767000",762000.5,"Fst",0.0516543868809345,0,0.0415070323301956,0.0738109572546658
"758001","768000",763000.5,"Fst",0.0507476014059085,0,0.0407958592358333,0.0726877470355732
"759001","769000",764000.5,"Fst",0.0392646697278992,0,0.0422594145648226,0.0769157133217205
"760001","770000",765000.5,"Fst",0.0390574027026032,0,0.0385662582432412,0.0737984158128043
"761001","771000",766000.5,"Fst",0.0112091883556137,0,0.0457192746330552,0.0967488428162586
"762001","772000",767000.5,"Fst",0.0113833323725525,0,0.046409183117835,0.0982102155961589
"763001","773000",768000.5,"Fst",0.0111604073058845,0,0.0457218011012534,0.0965436179981635
"764001","774000",769000.5,"Fst",0.0115369634649841,0,0.0472205137366931,0.0994984195483881
"765001","775000",770000.5,"Fst",0.0117215247479695,0,0.0480579172001708,0.101044700093225
"766001","776000",771000.5,"Fst",0.0107464093265311,0,0.0489372022037247,0.104828921627341
"767001","777000",772000.5,"Fst",0,0,0.0379858967733594,0.0791657144598319
"768001","778000",773000.5,"Fst",8.53606487409841e-05,0,0.0359769444039108,0.0760561348852639
"769001","779000",774000.5,"Fst",0.0116383754558029,0,0.0139382622909595,0.0225108225108225
"770001","780000",775000.5,"Fst",0.00413564929693955,0,0.016612554112554,0.02143778207608
"771001","781000",776000.5,"Fst",0.00413564929693955,0,0.016612554112554,0.02143778207608
"772001","782000",777000.5,"Fst",0.00389863547758285,0,0.0155082989718403,0.0202127659574467
"773001","783000",778000.5,"Fst",0.00420875420875411,0,0.0164983164983165,0.0216841933643106
"774001","784000",779000.5,"Fst",0,0,0.0185377176015474,0.034105907819017
"775001","785000",780000.5,"Fst",0.00061498016571615,0,0.0178630751964085,0.0316373728029602
"776001","786000",781000.5,"Fst",0.00553543823984082,0,0.0163844352800623,0.031839521980367
"777001","787000",782000.5,"Fst",0.00525072551798589,0,0.0238260131961644,0.0489420899385312
"778001","788000",783000.5,"Fst",0.00385944131872473,0,0.0254804149946139,0.0516565342381828
"779001","789000",784000.5,"Fst",0.00355543431312366,0,0.0233642772972394,0.0479987738658261
"780001","790000",785000.5,"Fst",0.00511100589225599,0,0.0222331886333302,0.0375303951367781
"781001","791000",786000.5,"Fst",0.00553144665751748,0,0.0209855451680169,0.0360798875953433
"782001","792000",787000.5,"Fst",0.00186658249158234,0,0.0195174844752168,0.0384677481626035
"783001","793000",788000.5,"Fst",0.0075402923907476,0,0.0190849408570573,0.0350792545212532
"784001","794000",789000.5,"Fst",0.0100751195588251,0,0.0212118002534882,0.040639855239056
"785001","795000",790000.5,"Fst",0.0095948297290579,0,0.0215275595184888,0.0407314351644515
"786001","796000",791000.5,"Fst",0.00748433652697533,0,0.0226922496362759,0.0454202174277883
"787001","797000",792000.5,"Fst",0.00803769401330368,0,0.0207419273270895,0.0510648412726511
"788001","798000",793000.5,"Fst",0.00786974219810033,0,0.0202312284017034,0.049700355635406
"789001","799000",794000.5,"Fst",0.00778181818181811,0,0.0239853973915143,0.0518162527957791
"790001","8e+05",795000.5,"Fst",0.00763256411689117,0,0.0200018876230551,0.0443373699926815
"791001","801000",796000.5,"Fst",0.00695641833640526,0,0.0221315950432608,0.0457293125234792
"792001","802000",797000.5,"Fst",0.0179286335944299,0,0.0176106531308042,0.029913166755272
"793001","803000",798000.5,"Fst",0.0030772325020112,0,0.0140962031198976,0.01737978333723
"794001","804000",799000.5,"Fst",0.0030772325020112,0,0.0140962031198976,0.01737978333723
"795001","805000",800000.5,"Fst",0.0363425045433413,0,0.0220925494435906,0.0455229042267641
"796001","806000",801000.5,"Fst",0.030538740021959,0,0.0190277559826852,0.0386452453321753
"797001","807000",802000.5,"Fst",0.084851768270264,0,0.0363735790256027,0.0701325468178104
"798001","808000",803000.5,"Fst",0.0824781654538832,0,0.0350835159717553,0.0690692648226848
"799001","809000",804000.5,"Fst",0.0811919534847421,0,0.0346848202738993,0.0685036513042551
"800001","810000",805000.5,"Fst",0.0828251615327009,0,0.0354605501770575,0.0698818340451076
"801001","811000",806000.5,"Fst",0.0827063279409006,0,0.0354605501770575,0.0697815560366383
"802001","812000",807000.5,"Fst",0.155133123901601,0,0.0469655197535088,0.107919290671329
"803001","813000",808000.5,"Fst",0.152331302925486,0,0.0460590452684342,0.104840638420574
"804001","814000",809000.5,"Fst",0.150628100900889,0,0.0482937011451277,0.0990836867058058
"805001","815000",810000.5,"Fst",0.154380885786605,0,0.0512537183982301,0.103226292528641
"806001","816000",811000.5,"Fst",0.155866567583189,0,0.0510404478084589,0.104383263735963
"807001","817000",812000.5,"Fst",0.171248161923709,0,0.0531365365984635,0.112493891374834
"808001","818000",813000.5,"Fst",0.172788268830991,0,0.0537799903959539,0.112909031063919
"809001","819000",814000.5,"Fst",0.177466823147062,0,0.0551876266024758,0.117704842456159
"810001","820000",815000.5,"Fst",0.174436386124698,0,0.0539412142303544,0.109522144522144
"811001","821000",816000.5,"Fst",0.169652377655476,0,0.0521241336520507,0.106563772048847
"812001","822000",817000.5,"Fst",0.076779507092976,0,0.0265694649042354,0.0759015271552494
"813001","823000",818000.5,"Fst",0.0626314211376452,0,0.0269162421817388,0.0778048569223742
"814001","824000",819000.5,"Fst",0.0250954586075229,0,0.0198346388526814,0.0376850933797116
"815001","825000",820000.5,"Fst",0.02281219998523,0,0.0181883563470075,0.0344602076381715
"816001","826000",821000.5,"Fst",0.024727580763159,0,0.0185247719485908,0.0336821426637897
"817001","827000",822000.5,"Fst",0.0207453384805592,0,0.0179252815559278,0.0358601975304899
"818001","828000",823000.5,"Fst",0.0216936452025699,0,0.0186199007161907,0.0373504914538351
"819001","829000",824000.5,"Fst",0.022811524543521,0,0.0199723846374297,0.0392230854300285
"820001","830000",825000.5,"Fst",0,0,0.0213459467126329,0.0471605266048998
"821001","831000",826000.5,"Fst",0,0,0.0217224966946696,0.0473711936151565
"822001","832000",827000.5,"Fst",0,0,0.0217224966946696,0.0473711936151565
"823001","833000",828000.5,"Fst",0,0,0.0230817283969661,0.0570543524048751
"824001","834000",829000.5,"Fst",0,0,0.0242652195814984,0.0597300816822898
"825001","835000",830000.5,"Fst",0,0,0.0270353150657829,0.0659123866326938
"826001","836000",831000.5,"Fst",0.00807820472768928,0,0.02548786718552,0.0664146509667697
"827001","837000",832000.5,"Fst",0.0114607614607615,0,0.0297298458660095,0.0706410874833641
"828001","838000",833000.5,"Fst",0.0122313522600467,0,0.0296390394070253,0.0678999324709816
"829001","839000",834000.5,"Fst",0.0132584754912547,0,0.0294430063180063,0.0687415059972594
"830001","840000",835000.5,"Fst",0.0229501757693593,0,0.0298633081341726,0.0860911706014978
"831001","841000",836000.5,"Fst",0.0265657323421763,0,0.0341546568907737,0.0974908290535583
"832001","842000",837000.5,"Fst",0.0265657323421763,0,0.0341546568907737,0.0974908290535583
"833001","843000",838000.5,"Fst",0.0277307135568686,0,0.0354224680444938,0.101480044599899
"834001","844000",839000.5,"Fst",0.0290025562752836,0,0.0369863323817591,0.105101637269635
"835001","845000",840000.5,"Fst",0.0302151204881579,0,0.0384821620613582,0.108991289227185
"836001","846000",841000.5,"Fst",0.0143385070214337,0,0.0147676449690128,0.0161702127659573
"837001","847000",842000.5,"Fst",0.0132107592781749,0,0.0136363636363636,0.0147673175944816
"838001","848000",843000.5,"Fst",0.0446626711916626,0,0.0261887923252934,0.0555287193168897
"839001","849000",844000.5,"Fst",0.0450643559339213,0,0.0287948248141169,0.0575419383280354
"840001","850000",845000.5,"Fst",0.0492211838006231,0,0.0319743344077655,0.0627804313214647
"841001","851000",846000.5,"Fst",0.0429687499999999,0,0.0269152903223798,0.0503969364901616
"842001","852000",847000.5,"Fst",0.0371272063298845,0,0.0237084979888787,0.0480207657365349
"843001","853000",848000.5,"Fst",0.0407829151807129,0,0.0305853404576876,0.0650022777682353
"844001","854000",849000.5,"Fst",0.0364953886693018,0,0.0284855462026167,0.0580590328296288
"845001","855000",850000.5,"Fst",0.0359483485821817,0,0.0280476040408667,0.0570319177237042
"846001","856000",851000.5,"Fst",0.0354312354312354,0,0.0266128829812163,0.0558984703496265
"847001","857000",852000.5,"Fst",0.0353577266440337,0,0.0266684399124372,0.0558984703496265
"848001","858000",853000.5,"Fst",0.0374831969889003,0,0.0285813187424963,0.0607610099457259
"849001","859000",854000.5,"Fst",0.0368296916864786,0,0.0280295520320303,0.059839224712668
"850001","860000",855000.5,"Fst",0.0375665194337789,0,0.0286393553986058,0.0620925032824595
"851001","861000",856000.5,"Fst",0.0328492409859376,0,0.0265636066620758,0.0543933885610981
"852001","862000",857000.5,"Fst",0.0346315136928855,0,0.0300601691144078,0.0612142636888243
"853001","863000",858000.5,"Fst",0.0272083136513935,0,0.0229283406261901,0.0481386098949839
"854001","864000",859000.5,"Fst",0.0316414686825054,0,0.0259154039221385,0.0534682501917904
"855001","865000",860000.5,"Fst",0.0310251188051595,0,0.0244523958050658,0.0499053619980641
"856001","866000",861000.5,"Fst",0.0296169790389442,0,0.0231720391311011,0.0473824621377864
"857001","867000",862000.5,"Fst",0.0301580789847936,0,0.0218136774485413,0.0443645183072195
"858001","868000",863000.5,"Fst",0.00980771844000539,0,0.0215220851826901,0.0489475006527318
"859001","869000",864000.5,"Fst",0.0104373696478959,0,0.019143561973331,0.0422753784455911
"860001","870000",865000.5,"Fst",0.0405954809944833,0,0.033119247111491,0.104702677802479
"861001","871000",866000.5,"Fst",0.052713647717811,0,0.0307842370722774,0.114657670816814
"862001","872000",867000.5,"Fst",0.0516598049033788,0,0.0301808566927807,0.112547935229122
"863001","873000",868000.5,"Fst",0.0518077667013837,0,0.030183611829459,0.112547935229122
"864001","874000",869000.5,"Fst",0.0641316263409286,0,0.0349388340427331,0.120383152052281
"865001","875000",870000.5,"Fst",0.0613587934135877,0,0.0334972520776255,0.116234918532481
"866001","876000",871000.5,"Fst",0.0637741046831957,0,0.0351678442895721,0.122492631278996
"867001","877000",872000.5,"Fst",0.0585531357909874,0,0.0312453041014583,0.113466855810151
"868001","878000",873000.5,"Fst",0.0557767179287522,0,0.0294321336687013,0.107048930012079
"869001","879000",874000.5,"Fst",0.0588459132610508,0,0.030263235343171,0.11117231294175
"870001","880000",875000.5,"Fst",0.042135309263337,0,0.0201579948087497,0.0463561792420855
"871001","881000",876000.5,"Fst",0.0397814293783084,0,0.0203887332319356,0.0509151794208302
"872001","882000",877000.5,"Fst",0.0903809615818117,0,0.0335362115344523,0.0980847232010024
"873001","883000",878000.5,"Fst",0.084085263966039,0,0.0311102791520916,0.0916390716293582
"874001","884000",879000.5,"Fst",0.0790142084747895,0,0.0344536796790583,0.0881235902009129
"875001","885000",880000.5,"Fst",0.0804336468129573,0,0.0355924799007364,0.0938626774069813
"876001","886000",881000.5,"Fst",0.0989253216789084,0,0.030031018166183,0.0842587712262529
"877001","887000",882000.5,"Fst",0.104751940012207,0,0.0309379963034928,0.0883021390374331
"878001","888000",883000.5,"Fst",0.11349296845306,0,0.0333218350368053,0.0967824164390688
"879001","889000",884000.5,"Fst",0.101825426825427,0,0.030627499264877,0.0883105586132726
"880001","890000",885000.5,"Fst",0.103329177854494,0,0.0309547795442148,0.0897866968973363
"881001","891000",886000.5,"Fst",0.0782346321627281,0,0.0437000007847972,0.143456192541051
"882001","892000",887000.5,"Fst",0.0495242914446254,0,0.0373158679354596,0.131402816237554
"883001","893000",888000.5,"Fst",0.0530704815073272,0,0.0383744784301533,0.135148577862633
"884001","894000",889000.5,"Fst",0.0535280661622382,0,0.0387077418663398,0.136226949514688
"885001","895000",890000.5,"Fst",0.0457458563535911,0,0.0380904880644549,0.125141808920827
"886001","896000",891000.5,"Fst",0.0221695569494508,0,0.04183422454012,0.122671525563437
"887001","897000",892000.5,"Fst",0.0246547346532623,0,0.0396774954987589,0.118630122215725
"888001","898000",893000.5,"Fst",0.0246547346532623,0,0.0396774954987589,0.118630122215725
"889001","899000",894000.5,"Fst",0.0269321646162446,0,0.0426389855126133,0.121817569370623
"890001","9e+05",895000.5,"Fst",0.026727499716264,0,0.0414022751766673,0.118654309844353
"891001","901000",896000.5,"Fst",0.0123824583113717,0,0.0372941723263671,0.0910371424912811
"892001","902000",897000.5,"Fst",0.0123281270858363,0,0.0372080033321167,0.0942839436952223
"893001","903000",898000.5,"Fst",0.00402918568178445,0,0.0455947495088967,0.106355238702877
"894001","904000",899000.5,"Fst",0.00775162083993897,0,0.0388497947366394,0.0918816865953429
"895001","905000",900000.5,"Fst",0.0064022923255751,0,0.0275697255562493,0.069650252743965
"896001","906000",901000.5,"Fst",0.0107734319943621,0,0.0230931642223986,0.0633769882736839
"897001","907000",902000.5,"Fst",0.00122228492401277,0,0.0247461411640057,0.0643495746353301
"898001","908000",903000.5,"Fst",0.00122228492401277,0,0.0247461411640057,0.0643495746353301
"899001","909000",904000.5,"Fst",0.00122228492401277,0,0.0247461411640057,0.0642275900718944
"900001","910000",905000.5,"Fst",0,0,0.0247713308362733,0.0657606939918384
"901001","911000",906000.5,"Fst",0,0,0.0246073494295514,0.0668496155837642
"902001","912000",907000.5,"Fst",0.00175387782450787,0,0.0271979726551248,0.06803784270977
"903001","913000",908000.5,"Fst",0.00100145334550361,0,0.034046245114379,0.0776075993912561
"904001","914000",909000.5,"Fst",0,0,0.0443975287389963,0.0994172540039957
"905001","915000",910000.5,"Fst",0,0,0.0506296915502432,0.110370805739559
"906001","916000",911000.5,"Fst",0,0,0.0502762130718399,0.109442769590657
"907001","917000",912000.5,"Fst",0.0112523793416768,0,0.0446411641074714,0.0982054173543537
"908001","918000",913000.5,"Fst",0.0107669157326692,0,0.0436499996690341,0.0960192549260296
"909001","919000",914000.5,"Fst",0.0107669157326692,0,0.0436801786174702,0.0961059757784465
"910001","920000",915000.5,"Fst",0.0275992685475445,0,0.0377301267033108,0.0943975193636887
"911001","921000",916000.5,"Fst",0.0296641180321735,0,0.0367162979161992,0.0926284879613637
"912001","922000",917000.5,"Fst",0.0297059066911607,0,0.0389543965244341,0.0885348933881996
"913001","923000",918000.5,"Fst",0.0430840627656398,0,0.027957314578973,0.082768019123738
"914001","924000",919000.5,"Fst",0.0633762386539604,0,0.0273968282697451,0.075198681273726
"915001","925000",920000.5,"Fst",0.0492541974629328,0,0.026203607687978,0.0579653120350793
"916001","926000",921000.5,"Fst",0.0643644840008476,0,0.0233956243077652,0.0503082424413314
"917001","927000",922000.5,"Fst",0.0568690938392791,0,0.0289065502978628,0.0597274350819892
"918001","928000",923000.5,"Fst",0.0560471294905858,0,0.0283096078531197,0.0586915922933267
"919001","929000",924000.5,"Fst",0.0554667728267979,0,0.0281856380611845,0.0574653715943154
"920001","930000",925000.5,"Fst",0.0396508436970865,0,0.023847452837302,0.0531074823300024
"921001","931000",926000.5,"Fst",0.0355745015573359,0,0.0242642343540783,0.0577667219458263
"922001","932000",927000.5,"Fst",0.034076477629716,0,0.0232695907799698,0.0553440799708715
"923001","933000",928000.5,"Fst",0.0326922542452962,0,0.02515857112671,0.0686030252085507
"924001","934000",929000.5,"Fst",0.0334803893664256,0,0.0257366243819151,0.0703832247042441
"925001","935000",930000.5,"Fst",0.0644197485880853,0,0.029055410443382,0.0683167301781885
"926001","936000",931000.5,"Fst",0.0492502475234827,0,0.0294302625484617,0.0599717535122276
"927001","937000",932000.5,"Fst",0.0559644257913013,0,0.0339808358125392,0.0695412262129947
"928001","938000",933000.5,"Fst",0.0928595732756895,0,0.0440669391677892,0.0892947835963545
"929001","939000",934000.5,"Fst",0.0932117987322509,0,0.0447588486629115,0.0897506414459543
"930001","940000",935000.5,"Fst",0.104,0,0.044399731977112,0.0930588967737449
"931001","941000",936000.5,"Fst",0.136327536047228,0,0.0520693221879541,0.118495552453268
"932001","942000",937000.5,"Fst",0.137096119759967,0,0.0523471319781802,0.119192545805449
"933001","943000",938000.5,"Fst",0.155222900381911,0,0.0572647688610389,0.134154664562188
"934001","944000",939000.5,"Fst",0.153451609716165,0,0.0564737032101628,0.132477531596474
"935001","945000",940000.5,"Fst",0.149091888846705,0,0.0504831230914201,0.121553869043898
"936001","946000",941000.5,"Fst",0.128637304724261,0,0.0470155083705176,0.114205821120954
"937001","947000",942000.5,"Fst",0.122108816105859,0,0.0454478902017692,0.118848991104361
"938001","948000",943000.5,"Fst",0.108692969502853,0,0.0443694543301695,0.108769217914438
"939001","949000",944000.5,"Fst",0.108606005188472,0,0.0443694543301695,0.108681812963755
"940001","950000",945000.5,"Fst",0.103826417195401,0,0.0456158812007504,0.110668670172802
"941001","951000",946000.5,"Fst",0.0388038803880388,0,0.0548177914676418,0.109003848236103
"942001","952000",947000.5,"Fst",0.0390647678666992,0,0.0548595220651324,0.108880710427538
"943001","953000",948000.5,"Fst",0.039592942039504,0,0.0555916218232676,0.110280034123363
"944001","954000",949000.5,"Fst",0.0398477936997959,0,0.0546860431202819,0.108639914486737
"945001","955000",950000.5,"Fst",0.0410898046148965,0,0.0569956859237939,0.117122736261245
"946001","956000",951000.5,"Fst",0.0421237746391119,0,0.056858725337478,0.115473317243229
"947001","957000",952000.5,"Fst",0.0337840116769305,0,0.0485940026329068,0.101006025033905
"948001","958000",953000.5,"Fst",0.0338080424011984,0,0.0479067835892753,0.0997790231832786
"949001","959000",954000.5,"Fst",0.0341718491603196,0,0.0483525146585018,0.100805594062989
"950001","960000",955000.5,"Fst",0.0315979702235627,0,0.0496935101722195,0.102586927879934
"951001","961000",956000.5,"Fst",0.00919080919080917,0,0.0157730490173443,0.0245766488413548
"952001","962000",957000.5,"Fst",0.0151697699890471,0,0.014198541041223,0.0264255345385568
"953001","963000",958000.5,"Fst",0.0151697699890471,0,0.014198541041223,0.0264255345385568
"954001","964000",959000.5,"Fst",0.0134545454545455,0,0.0144574576849357,0.0263929912390488
"955001","965000",960000.5,"Fst",0.0131907308377897,0,0.0140978726470796,0.0259173319699532
"956001","966000",961000.5,"Fst",0.0121560613980897,0,0.0155352422462436,0.0248500573073376
"957001","967000",962000.5,"Fst",0.0173964069693961,0,0.0184774712384087,0.0305357983768875
"958001","968000",963000.5,"Fst",0.0173562345796164,0,0.0191216456028549,0.0331072688348746
"959001","969000",964000.5,"Fst",0.0178787878787879,0,0.0196921956228805,0.0339681295629751
"960001","970000",965000.5,"Fst",0.0184337835113888,0,0.0203946667466511,0.0350504008794033
"961001","971000",966000.5,"Fst",0.0234408033826637,0,0.0250048764468906,0.0449696716168166
"962001","972000",967000.5,"Fst",0.0297156052503645,0,0.0274819306235693,0.0511555581472195
"963001","973000",968000.5,"Fst",0.0229218252564557,0,0.0270970280317377,0.0528546570800092
"964001","974000",969000.5,"Fst",0.0190838344534843,0,0.024199036610513,0.0469910772827047
"965001","975000",970000.5,"Fst",0.0190190807738069,0,0.024096822638171,0.0471463097229969
"966001","976000",971000.5,"Fst",0.0175026864388568,0,0.0244481634453443,0.0489931394606006
"967001","977000",972000.5,"Fst",0.0134771134771137,0,0.0190191563082739,0.0378230465186987
"968001","978000",973000.5,"Fst",0.0404341327876583,0,0.0285015553731428,0.0600031730921785
"969001","979000",974000.5,"Fst",0.0404341327876583,0,0.0285015553731428,0.0600031730921785
"970001","980000",975000.5,"Fst",0.0428566126667781,0,0.0254153490961647,0.054311581293794
"971001","981000",976000.5,"Fst",0.0403487163360327,0,0.0239242879266536,0.0510778324784561
"972001","982000",977000.5,"Fst",0.0355508259856084,0,0.0273795628815564,0.0515678090658864
"973001","983000",978000.5,"Fst",0.0400274676590465,0,0.0272183998191301,0.0551770864068015
"974001","984000",979000.5,"Fst",0.0441120061373227,0,0.0288569379719655,0.0592477704536641
"975001","985000",980000.5,"Fst",0.0396794557731186,0,0.0494262917030624,0.103058557604012
"976001","986000",981000.5,"Fst",0.0408585858585859,0,0.0506738026685108,0.105398471827435
"977001","987000",982000.5,"Fst",0.0418759390427131,0,0.0583850504411381,0.124486220130306
"978001","988000",983000.5,"Fst",0.0314832170502275,0,0.0560088370529735,0.125475444096134
"979001","989000",984000.5,"Fst",0.0418327905773503,0,0.0505264002147319,0.11325579913644
"980001","990000",985000.5,"Fst",0.0427021616936096,0,0.0556819320111208,0.113052706048815
"981001","991000",986000.5,"Fst",0.0436943362411075,0,0.0569757433115159,0.115857735529867
"982001","992000",987000.5,"Fst",0.0450287307915473,0,0.0584657978789254,0.119072328126075
"983001","993000",988000.5,"Fst",0.0467690813821406,0,0.057265063527529,0.117017146554513
"984001","994000",989000.5,"Fst",0.0464551758428114,0,0.055686663521038,0.113053680152126
"985001","995000",990000.5,"Fst",0.0549152489923489,0,0.0469164054458964,0.090396374795479
"986001","996000",991000.5,"Fst",0.0523417302076279,0,0.0442894777296516,0.0859948165869219
"987001","997000",992000.5,"Fst",0.0582803107896998,0,0.0314654577972436,0.0611712239382636
"988001","998000",993000.5,"Fst",0.0502562673232064,0,0.0428727018405785,0.0814026147359481
"989001","999000",994000.5,"Fst",0.0340973840973841,0,0.0479308009867066,0.096696204092354
"990001","1e+06",995000.5,"Fst",0.0249254272253351,0,0.0402270749308518,0.0760136350492987
"991001","1001000",996000.5,"Fst",0.0245588841464225,0,0.0391766296034157,0.0733616917935715
"992001","1002000",997000.5,"Fst",0.0135237446293036,0,0.0332257875565754,0.0877343054375158
"993001","1003000",998000.5,"Fst",0.00993244298656681,0,0.0332830254647937,0.0911797659264025
"994001","1004000",999000.5,"Fst",0.0108953252599661,0,0.0306765170171662,0.0859036324679856
"995001","1005000",1000000.5,"Fst",0.0259909060994943,0,0.0314422719152649,0.0673529768489762
"996001","1006000",1001000.5,"Fst",0.0582253645814641,0,0.0366631373457662,0.0645947657864048
"997001","1007000",1002000.5,"Fst",0.0564879143740933,0,0.0344582564343092,0.0605183356076852
"998001","1008000",1003000.5,"Fst",0.0622363452150686,0,0.0359512474371584,0.0740091507558061
"999001","1009000",1004000.5,"Fst",0.0635893092414832,0,0.0367512126648096,0.0755821060310327
"1000001","1010000",1005000.5,"Fst",0.0635893092414832,0,0.0367512126648096,0.0755821060310327
"1001001","1011000",1006000.5,"Fst",0.0645983645983647,0,0.0380767696413282,0.0769450450268411
"1002001","1012000",1007000.5,"Fst",0.0819417530260904,0,0.0382572999145452,0.0785096501767033
"1003001","1013000",1008000.5,"Fst",0.0813630346916963,0,0.0381331903689103,0.0781551075211221
"1004001","1014000",1009000.5,"Fst",0.0857721973371706,0,0.0406168176737701,0.0844844090830627
"1005001","1015000",1010000.5,"Fst",0.0865814948443444,0,0.0318497209320619,0.0581813664230072
"1006001","1016000",1011000.5,"Fst",0.0394263144263144,0,0.0162195468780948,0.0356455393207998
"1007001","1017000",1012000.5,"Fst",0.0414439819166555,0,0.0194714896424886,0.0469615945551773
"1008001","1018000",1013000.5,"Fst",0.0371161817376957,0,0.0209582742486469,0.0432292956816116
"1009001","1019000",1014000.5,"Fst",0.0616550715163965,0,0.0218326261778341,0.0409273648917068
"1010001","1020000",1015000.5,"Fst",0.0461102392856709,0,0.0185465611834315,0.0445498439419413
"1011001","1021000",1016000.5,"Fst",0.0644529317796646,0,0.0283652398440599,0.0817215214344402
"1012001","1022000",1017000.5,"Fst",0.06307990284994,0,0.0353220325505511,0.0938764084260619
"1013001","1023000",1018000.5,"Fst",0.0655631890078286,0,0.0366427646647934,0.0970130903305129
"1014001","1024000",1019000.5,"Fst",0.0582347015865021,0,0.0296954617351808,0.0642947042308065
"1015001","1025000",1020000.5,"Fst",0.0635571243336694,0,0.0302285050917569,0.0611076280041798
"1016001","1026000",1021000.5,"Fst",0.0636453806063011,0,0.0301541146426429,0.0611076280041798
"1017001","1027000",1022000.5,"Fst",0.0636453806063011,0,0.0301541146426429,0.0611076280041798
"1018001","1028000",1023000.5,"Fst",0.0678045502543919,0,0.0312321008113263,0.0654603741787516
"1019001","1029000",1024000.5,"Fst",0.0565084893339138,0,0.0302058752385463,0.0620884450036698
"1020001","1030000",1025000.5,"Fst",0.06537822671156,0,0.035071464806929,0.0708122223958217
"1021001","1031000",1026000.5,"Fst",0.0675292473457612,0,0.0415310639499154,0.0777516093578269
"1022001","1032000",1027000.5,"Fst",0.0706313743563028,0,0.0381660336700336,0.0721901730654466
"1023001","1033000",1028000.5,"Fst",0.106977824219203,0,0.0380933344368966,0.057272507844557
"1024001","1034000",1029000.5,"Fst",0.08495767266176,0,0.0359946879794382,0.0642736889733238
"1025001","1035000",1030000.5,"Fst",0.0834382015016975,0,0.0365934352045315,0.066071611544373
"1026001","1036000",1031000.5,"Fst",0.0844448423667923,0,0.0370798584137827,0.0670115353971571
"1027001","1037000",1032000.5,"Fst",0.0828105851506789,0,0.0364159721860341,0.0657796572679661
"1028001","1038000",1033000.5,"Fst",0.0828105851506789,0,0.0364159721860341,0.0657796572679661
"1029001","1039000",1034000.5,"Fst",0.0849758557262575,0,0.0373750734231242,0.0683859820397791
"1030001","1040000",1035000.5,"Fst",0.0759728073283725,0,0.0409032131352837,0.0790237444855473
"1031001","1041000",1036000.5,"Fst",0.0724720034269029,0,0.0375180730681171,0.0732452681388013
"1032001","1042000",1037000.5,"Fst",0.0718327502853378,0,0.0394967728349899,0.078045634069541
"1033001","1043000",1038000.5,"Fst",0.0365356497806829,0,0.0470411976127247,0.0859381200185934
"1034001","1044000",1039000.5,"Fst",0.0482716613369881,0,0.0409986454704356,0.0906844658060721
"1035001","1045000",1040000.5,"Fst",0.0466906367678658,0,0.0395488123540615,0.0881439945332978
"1036001","1046000",1041000.5,"Fst",0.0496573777980813,0,0.0409888562934906,0.088977991505811
"1037001","1047000",1042000.5,"Fst",0.0533492336420951,0,0.046938861443126,0.0933741540151315
"1038001","1048000",1043000.5,"Fst",0.0521792593999069,0,0.045755973345194,0.0913225213614933
"1039001","1049000",1044000.5,"Fst",0.0896208461425854,0,0.0448989677049108,0.0863661396999794
"1040001","1050000",1045000.5,"Fst",0.100735022629257,0,0.0493291452982121,0.0987502623108779
"1041001","1051000",1046000.5,"Fst",0.110690674023409,0,0.0531296084394212,0.0910225831456289
"1042001","1052000",1047000.5,"Fst",0.0887161894709065,0,0.0467219805712741,0.0976619089960351
"1043001","1053000",1048000.5,"Fst",0.0816907128111991,0,0.0460273187185039,0.118326508998426
"1044001","1054000",1049000.5,"Fst",0.119032325742782,0,0.0522915969993192,0.107063956034332
"1045001","1055000",1050000.5,"Fst",0.114184359612432,0,0.0499314296490869,0.099763899154143
"1046001","1056000",1051000.5,"Fst",0.125249760303299,0,0.0455063101974387,0.0996090333480351
"1047001","1057000",1052000.5,"Fst",0.129302058562509,0,0.0451084206447547,0.101076348946604
"1048001","1058000",1053000.5,"Fst",0.127521053151089,0,0.0442008635790357,0.0994294989361502
"1049001","1059000",1054000.5,"Fst",0.10174737061335,0,0.0406527544895217,0.0970202371175268
"1050001","1060000",1055000.5,"Fst",0.104394262224518,0,0.0401355260669763,0.0930299208987735
"1051001","1061000",1056000.5,"Fst",0.107778747355415,0,0.0408968385969956,0.0906683659020108
"1052001","1062000",1057000.5,"Fst",0.109617290406115,0,0.0408103914118033,0.0853614453537473
"1053001","1063000",1058000.5,"Fst",0.121966215344939,0,0.0430385254374574,0.0679107333620406
"1054001","1064000",1059000.5,"Fst",0.082555863819171,0,0.0349010021091313,0.0657605707822828
"1055001","1065000",1060000.5,"Fst",0.0847104351958721,0,0.036789017212592,0.0710162028012481
"1056001","1066000",1061000.5,"Fst",0.0714007625928156,0,0.0364557907772517,0.0727252552152684
"1057001","1067000",1062000.5,"Fst",0.0688529412685148,0,0.037665108855163,0.067343555739743
"1058001","1068000",1063000.5,"Fst",0.0711639361816041,0,0.0381673407399888,0.0687717137232315
"1059001","1069000",1064000.5,"Fst",0.0969433126156189,0,0.0338228229496829,0.078237657315258
"1060001","1070000",1065000.5,"Fst",0.105361527848881,0,0.033271161713068,0.0750228329079249
"1061001","1071000",1066000.5,"Fst",0.074353171418311,0,0.0285010555133586,0.079835411149648
"1062001","1072000",1067000.5,"Fst",0.0931340280273086,0,0.0299163757043909,0.0797391552799205
"1063001","1073000",1068000.5,"Fst",0.120470753357312,0,0.0377331569446286,0.0746306111818906
"1064001","1074000",1069000.5,"Fst",0.126517893354404,0,0.0391373723954503,0.0810427346712569
"1065001","1075000",1070000.5,"Fst",0.144425817324537,0,0.0475739515495338,0.082675714794725
"1066001","1076000",1071000.5,"Fst",0.14189315815539,0,0.0470172824872209,0.0798073598753687
"1067001","1077000",1072000.5,"Fst",0.145053881053572,0,0.0478652938494831,0.0829459097392435
"1068001","1078000",1073000.5,"Fst",0.145187946834094,0,0.0480462114962349,0.0826161412263475
"1069001","1079000",1074000.5,"Fst",0.141236411293474,0,0.049266779353043,0.0880588713435735
"1070001","1080000",1075000.5,"Fst",0.138403749021706,0,0.0495001474129222,0.0884313404768406
"1071001","1081000",1076000.5,"Fst",0.161616130587248,0,0.0549080064359828,0.0982966296193356
"1072001","1082000",1077000.5,"Fst",0.151066021100759,0,0.0507294757753837,0.0910990996228829
"1073001","1083000",1078000.5,"Fst",0.141058180116388,0,0.050286564345269,0.0950742936704753
"1074001","1084000",1079000.5,"Fst",0.139029010575756,0,0.0503648352380105,0.0918396634925879
"1075001","1085000",1080000.5,"Fst",0.0467107811746476,0,0.0283358771151162,0.0592917300732541
"1076001","1086000",1081000.5,"Fst",0.0843497418430513,0,0.0332841556576781,0.0637152450559499
"1077001","1087000",1082000.5,"Fst",0.0865105769497353,0,0.0341881819091057,0.0652945889489798
"1078001","1088000",1083000.5,"Fst",0.0851472855525084,0,0.0336743182502143,0.0642331348787456
"1079001","1089000",1084000.5,"Fst",0.116332611195806,0,0.0321140976278137,0.0684969763728713
"1080001","1090000",1085000.5,"Fst",0.116332611195806,0,0.0321678970303612,0.068409063128535
"1081001","1091000",1086000.5,"Fst",0.115601743708718,0,0.0323297984438278,0.0682104891711879
"1082001","1092000",1087000.5,"Fst",0.13818652881856,0,0.0330616190409144,0.0525371404223561
"1083001","1093000",1088000.5,"Fst",0.127910199556541,0,0.0313819428056808,0.0523382223614418
"1084001","1094000",1089000.5,"Fst",0.12912208192501,0,0.0320650810738781,0.053652078244168
"1085001","1095000",1090000.5,"Fst",0.142440594156545,0,0.0361430764563265,0.0591353810202951
"1086001","1096000",1091000.5,"Fst",0.129829545454545,0,0.0340616413260326,0.067718562064666
"1087001","1097000",1092000.5,"Fst",0.127832167832168,0,0.0335214580070347,0.0666642347928192
"1088001","1098000",1093000.5,"Fst",0.130119991864958,0,0.0341591951676723,0.067718562064666
"1089001","1099000",1094000.5,"Fst",0.0746244735174625,0,0.030658807921463,0.0710451336994186
"1090001","1100000",1095000.5,"Fst",0.0746244735174625,0,0.0307249712479495,0.0710451336994186
"1091001","1101000",1096000.5,"Fst",0.0452574227119682,0,0.030844507944604,0.0712042663544787
"1092001","1102000",1097000.5,"Fst",0.0481151723419764,0,0.0328696653088757,0.0763570084393776
"1093001","1103000",1098000.5,"Fst",0.059082444557305,0,0.0354913162881493,0.092293171185471
"1094001","1104000",1099000.5,"Fst",0.0640955004591368,0,0.0386926644594007,0.0999260658835128
"1095001","1105000",1100000.5,"Fst",0.0650772184656483,0,0.0381413109060168,0.0984723865829286
"1096001","1106000",1101000.5,"Fst",0.0633664975939654,0,0.0371372002177547,0.095991192590288
"1097001","1107000",1102000.5,"Fst",0.0977598934238501,0,0.0400074768424165,0.097324589984643
"1098001","1108000",1103000.5,"Fst",0.0904560724829482,0,0.0376468530055454,0.0913209894222889
"1099001","1109000",1104000.5,"Fst",0.0908904428904429,0,0.0333878097023517,0.0842804281749702
"1100001","1110000",1105000.5,"Fst",0.0997500781005936,0,0.0310811099231088,0.067445839925096
"1101001","1111000",1106000.5,"Fst",0.0997500781005936,0,0.0310811099231088,0.067445839925096
"1102001","1112000",1107000.5,"Fst",0.101850079744817,0,0.031753688279656,0.0686967674043869
"1103001","1113000",1108000.5,"Fst",0.101850079744817,0,0.031753688279656,0.0686967674043869
"1104001","1114000",1109000.5,"Fst",0.0969093924317804,0,0.0297386787714233,0.0657033381247581
"1105001","1115000",1110000.5,"Fst",0.0937619757291888,0,0.0276031248287756,0.060076703516911
"1106001","1116000",1111000.5,"Fst",0.0917459109927731,0,0.0254851881882767,0.0529104028465799
"1107001","1117000",1112000.5,"Fst",0.0531690649213148,0,0.0181543259724349,0.0363346773801144
"1108001","1118000",1113000.5,"Fst",0.0942894289428943,0,0.0334439768049017,0.0657338386151944
"1109001","1119000",1114000.5,"Fst",0.091863977394524,0,0.0326893782730053,0.0640897586855604
"1110001","1120000",1115000.5,"Fst",0.0805230730541934,0,0.0275186415180854,0.0573749654600718
"1111001","1121000",1116000.5,"Fst",0.0761021984551397,0,0.025859472553621,0.053942275218871
"1112001","1122000",1117000.5,"Fst",0.0730877548721415,0,0.0243857219482445,0.0520707610607264
"1113001","1123000",1118000.5,"Fst",0.0662136687206325,0,0.0205545510593526,0.0496653119770499
"1114001","1124000",1119000.5,"Fst",0.070421212121212,0,0.0215178275629026,0.0523949902955287
"1115001","1125000",1120000.5,"Fst",0.0740479115479115,0,0.0250003360377448,0.058463648601739
"1116001","1126000",1121000.5,"Fst",0.0734795358918782,0,0.0277757621749559,0.0585790057974589
"1117001","1127000",1122000.5,"Fst",0.0734795358918782,0,0.0276023241855584,0.0588585238891987
"1118001","1128000",1123000.5,"Fst",0.00816103270976931,0,0.0115514115514115,0.0141348013688439
"1119001","1129000",1124000.5,"Fst",0.00875073313782981,0,0.0122865013774104,0.0151406486572635
"1120001","1130000",1125000.5,"Fst",0.00823036187113846,0,0.0115456153881051,0.0141348013688439
"1121001","1131000",1126000.5,"Fst",0.0466478495374899,0,0.0425691119835238,0.0816723971943337
"1122001","1132000",1127000.5,"Fst",0.0475320558997264,0,0.0433764922813758,0.084924195105332
"1123001","1133000",1128000.5,"Fst",0.0494250379691906,0,0.0451996407120507,0.0878858280783272
"1124001","1134000",1129000.5,"Fst",0.048499041941665,0,0.0443658507937781,0.0864794252122796
"1125001","1135000",1130000.5,"Fst",0.0502647837599294,0,0.0460762197984252,0.0895502198173825
"1126001","1136000",1131000.5,"Fst",0.0521639569498512,0,0.04781015317621,0.0930755711775043
"1127001","1137000",1132000.5,"Fst",0.0711472703690603,0,0.04850534288584,0.0921047745040675
"1128001","1138000",1133000.5,"Fst",0.0682270465852555,0,0.0464017580164463,0.08822415721677
"1129001","1139000",1134000.5,"Fst",0.0630977775760602,0,0.0439942653604257,0.0818358038514376
"1130001","1140000",1135000.5,"Fst",0.063879124834394,0,0.0446325494217327,0.0828073889577619
"1131001","1141000",1136000.5,"Fst",0.0624444551390025,0,0.0388847364922484,0.0879450757575757
"1132001","1142000",1137000.5,"Fst",0.0624444551390025,0,0.0388847364922484,0.0879450757575757
"1133001","1143000",1138000.5,"Fst",0.0641073781291173,0,0.0401474515414022,0.0905872024970737
"1134001","1144000",1139000.5,"Fst",0.0661197173529012,0,0.0414907004082732,0.0930328074129728
"1135001","1145000",1140000.5,"Fst",0.0602851381670502,0,0.0344224397365148,0.082930925887046
"1136001","1146000",1141000.5,"Fst",0.058743600387436,0,0.0335315399413923,0.0808399164995294
"1137001","1147000",1142000.5,"Fst",0.0410153192441015,0,0.0247117691414836,0.0540278819107644
"1138001","1148000",1143000.5,"Fst",0.0590904401489359,0,0.0376872817659772,0.117590444899131
"1139001","1149000",1144000.5,"Fst",0.0652130984008712,0,0.041583710240895,0.125729032360365
"1140001","1150000",1145000.5,"Fst",0.0641571030863826,0,0.0408230562163142,0.123435000719987
"1141001","1151000",1146000.5,"Fst",0.0716742807899799,0,0.0481238133663386,0.134135506424038
"1142001","1152000",1147000.5,"Fst",0.0690386036727499,0,0.046334600068988,0.129050947516268
"1143001","1153000",1148000.5,"Fst",0.0690386036727499,0,0.046334600068988,0.129050947516268
"1144001","1154000",1149000.5,"Fst",0.0690386036727499,0,0.046334600068988,0.129050947516268
"1145001","1155000",1150000.5,"Fst",0.0733066707685996,0,0.0514729841747522,0.146703738120537
"1146001","1156000",1151000.5,"Fst",0.0683066993789093,0,0.0443321169423273,0.128175292589453
"1147001","1157000",1152000.5,"Fst",0.0557030983997275,0,0.0489215922045654,0.137270059911802
"1148001","1158000",1153000.5,"Fst",0.0165810853161688,0,0.0210387500543385,0.0486959212274539
"1149001","1159000",1154000.5,"Fst",0.0172536624523379,0,0.0218644401703856,0.0505106760558063
"1150001","1160000",1155000.5,"Fst",0.0450277654192824,0,0.0259995383497261,0.0592261761833869
"1151001","1161000",1156000.5,"Fst",0.0415484498776019,0,0.023990482983154,0.0547704697191752
"1152001","1162000",1157000.5,"Fst",0.0424424881022974,0,0.0239744149714836,0.0557198076185418
"1153001","1163000",1158000.5,"Fst",0.0401842654574247,0,0.0227674814238549,0.0528386356641204
"1154001","1164000",1159000.5,"Fst",0.0382407444440001,0,0.02154981666462,0.0485109943263523
"1155001","1165000",1160000.5,"Fst",0.0390832788314801,0,0.0220994543045007,0.049558609452836
"1156001","1166000",1161000.5,"Fst",0.0766965269025967,0,0.028058678141989,0.0578968234647673
"1157001","1167000",1162000.5,"Fst",0.100626236423902,0,0.03327590284112,0.126385885914269
"1158001","1168000",1163000.5,"Fst",0.10725282171823,0,0.0369067943038347,0.130692786458935
"1159001","1169000",1164000.5,"Fst",0.101826862373737,0,0.0336441149893697,0.123543036972605
"1160001","1170000",1165000.5,"Fst",0.102402450453746,0,0.0355408253614537,0.134931892378701
"1161001","1171000",1166000.5,"Fst",0.120655075194386,0,0.0365008930172239,0.124480155377306
"1162001","1172000",1167000.5,"Fst",0.114252342546916,0,0.0339542295117997,0.11940247895458
"1163001","1173000",1168000.5,"Fst",0.114423725928665,0,0.0317025973632736,0.113265163122138
"1164001","1174000",1169000.5,"Fst",0.115221531943678,0,0.0316895302884393,0.114256130322131
"1165001","1175000",1170000.5,"Fst",0.115221531943678,0,0.0316895302884393,0.114256130322131
"1166001","1176000",1171000.5,"Fst",0.108007224563516,0,0.033087270469989,0.12360546256261
"1167001","1177000",1172000.5,"Fst",0.0870698913767555,0,0.0256539987733648,0.0458256599140576
"1168001","1178000",1173000.5,"Fst",0.0913132754074267,0,0.0311743833036128,0.0720499879836577
"1169001","1179000",1174000.5,"Fst",0.0938014438773165,0,0.0334640425039227,0.0765331475676302
"1170001","1180000",1175000.5,"Fst",0.0955781237188271,0,0.0341055472466267,0.0782112432073276
"1171001","1181000",1176000.5,"Fst",0.0603385452700521,0,0.0332450549574417,0.100016315875347
"1172001","1182000",1177000.5,"Fst",0.0732286897754523,0,0.0378635637866592,0.115176151761517
"1173001","1183000",1178000.5,"Fst",0.0566913415952758,0,0.0297007250946298,0.0895833333333333
"1174001","1184000",1179000.5,"Fst",0.0631637475674173,0,0.0328215662800846,0.0988505747126436
"1175001","1185000",1180000.5,"Fst",0.0601588702559576,0,0.0310798301819038,0.0936819172113289
"1176001","1186000",1181000.5,"Fst",0.0601588702559576,0,0.0310798301819038,0.0936819172113289
"1177001","1187000",1182000.5,"Fst",0.0806293706293706,0,0.0305920703787472,0.0659099859637076
"1178001","1188000",1183000.5,"Fst",0.0672887230071981,0,0.037925997507118,0.0640544915025627
"1179001","1189000",1184000.5,"Fst",0.0298764537808364,0,0.041507470516558,0.0977365891929001
"1180001","1190000",1185000.5,"Fst",0.0298764537808364,0,0.041507470516558,0.0977365891929001
"1181001","1191000",1186000.5,"Fst",0.0298764537808364,0,0.041507470516558,0.0977365891929001
"1182001","1192000",1187000.5,"Fst",0.0293981962717669,0,0.040794656696483,0.0959968406249398
"1183001","1193000",1188000.5,"Fst",0.0301764012733253,0,0.0358888662023572,0.0849713583579945
"1184001","1194000",1189000.5,"Fst",0.040636956076386,0,0.0421456684895747,0.0885246843300579
"1185001","1195000",1190000.5,"Fst",0.0410239736419994,0,0.041264319949753,0.0880327713003627
"1186001","1196000",1191000.5,"Fst",0.0407237846086768,0,0.0397655020582187,0.0846724504477846
"1187001","1197000",1192000.5,"Fst",0.0305811147916412,0,0.0443179556029913,0.0919039635123419
"1188001","1198000",1193000.5,"Fst",0.0466047074742726,0,0.041894647563894,0.0844689498535651
"1189001","1199000",1194000.5,"Fst",0.067135555458477,0,0.0349979145792307,0.0768460611831238
"1190001","1200000",1195000.5,"Fst",0.067135555458477,0,0.0349979145792307,0.0768460611831238
"1191001","1201000",1196000.5,"Fst",0.0645040115958597,0,0.0322503778641966,0.0777658677992382
"1192001","1202000",1197000.5,"Fst",0.0687807760488477,0,0.0315979501820498,0.0726775449054002
"1193001","1203000",1198000.5,"Fst",0.0811844077961019,0,0.0332578620187325,0.082517225232457
"1194001","1204000",1199000.5,"Fst",0.0903983496941242,0,0.0254524581279447,0.0561234232876022
"1195001","1205000",1200000.5,"Fst",0.0823419378974934,0,0.0308289300980426,0.0795060191944092
"1196001","1206000",1201000.5,"Fst",0.084022038567493,0,0.0315126450981161,0.0841349459114127
"1197001","1207000",1202000.5,"Fst",0.0856913505920127,0,0.032106359970959,0.0856469179832013
"1198001","1208000",1203000.5,"Fst",0.0760536965748693,0,0.0379347545004508,0.0920784777756593
"1199001","1209000",1204000.5,"Fst",0.0750755139822664,0,0.0374564559192065,0.090883742234295
"1200001","1210000",1205000.5,"Fst",0.0734229083285688,0,0.0365744060060929,0.088584930027792
"1201001","1211000",1206000.5,"Fst",0.0743551388742583,0,0.0366638771492214,0.0860110582260977
"1202001","1212000",1207000.5,"Fst",0.0772253364746662,0,0.034563760102479,0.0795286206720892
"1203001","1213000",1208000.5,"Fst",0.0636973969300254,0,0.0373673648232631,0.091097615616561
"1204001","1214000",1209000.5,"Fst",0.0604736541181425,0,0.043662869418556,0.0986273512963904
"1205001","1215000",1210000.5,"Fst",0.0603004528885454,0,0.027493021510587,0.0464585172109443
"1206001","1216000",1211000.5,"Fst",0.0887443312940096,0,0.0364190558974046,0.0776434941943768
"1207001","1217000",1212000.5,"Fst",0.0887443312940096,0,0.0364190558974046,0.0776434941943768
"1208001","1218000",1213000.5,"Fst",0.0887443312940096,0,0.0364190558974046,0.0776434941943768
"1209001","1219000",1214000.5,"Fst",0.0899322558912286,0,0.0369174949243034,0.0786922244584589
"1210001","1220000",1215000.5,"Fst",0.092089485380236,0,0.0379547823772466,0.0808770358464974
"1211001","1221000",1216000.5,"Fst",0.0952434883223036,0,0.0391391888679996,0.0836366200029532
"1212001","1222000",1217000.5,"Fst",0.0928710108659623,0,0.0456195948800135,0.0948588755074929
"1213001","1223000",1218000.5,"Fst",0.0973022580085693,0,0.0485709906204788,0.099752997417563
"1214001","1224000",1219000.5,"Fst",0.0973022580085693,0,0.0485709906204788,0.099752997417563
"1215001","1225000",1220000.5,"Fst",0.102641114347381,0,0.0513456647796362,0.105391233173264
"1216001","1226000",1221000.5,"Fst",0,0,0,0
"1217001","1227000",1222000.5,"Fst",0,0,0,0
"1218001","1228000",1223000.5,"Fst",0,0,0,0
"1219001","1229000",1224000.5,"Fst",0.0748287557358515,0,0.0336889189178867,0.0786929120262452
"1220001","1230000",1225000.5,"Fst",0.0748287557358515,0,0.0336889189178867,0.0786929120262452
"1221001","1231000",1226000.5,"Fst",0.0722393425783255,0,0.0323906497866687,0.0760391249035433
"1222001","1232000",1227000.5,"Fst",0.0722393425783255,0,0.0323906497866687,0.0760391249035433
"1223001","1233000",1228000.5,"Fst",0.0669264599454434,0,0.029743059606436,0.0702427550214086
"1224001","1234000",1229000.5,"Fst",0.0703913887159962,0,0.0307264977860219,0.0808308619826945
"1225001","1235000",1230000.5,"Fst",0.0703913887159962,0,0.0307264977860219,0.0808308619826945
"1226001","1236000",1231000.5,"Fst",0.0690291541002441,0,0.0301495861999611,0.0792665996457466
"1227001","1237000",1232000.5,"Fst",0.0662805529699728,0,0.0290584024429892,0.0763129392787187
"1228001","1238000",1233000.5,"Fst",0.0662805529699728,0,0.0290584024429892,0.0763129392787187
"1229001","1239000",1234000.5,"Fst",0.0507122507122507,0,0.0245249814808554,0.0499377094628978
"1230001","1240000",1235000.5,"Fst",0.0507122507122507,0,0.0245249814808554,0.0499377094628978
"1231001","1241000",1236000.5,"Fst",0.0505107832009082,0,0.0244606103961173,0.0497361154800603
"1232001","1242000",1237000.5,"Fst",0.0365423274514183,0,0.0305187336976988,0.0807406403829654
"1233001","1243000",1238000.5,"Fst",0.0368258859784284,0,0.0306691056666606,0.084444688062415
"1234001","1244000",1239000.5,"Fst",0.0221902241594022,0,0.0393064685614153,0.113227358191097
"1235001","1245000",1240000.5,"Fst",0.0221902241594022,0,0.0393064685614153,0.113227358191097
"1236001","1246000",1241000.5,"Fst",0.0216707205837641,0,0.0383808919583054,0.110424480562005
"1237001","1247000",1242000.5,"Fst",0.0217343243758337,0,0.0383772854165032,0.110424480562005
"1238001","1248000",1243000.5,"Fst",0.0217343243758337,0,0.0383772854165032,0.110424480562005
"1239001","1249000",1244000.5,"Fst",0.0181258454218945,0,0.0437621251278509,0.127946127946128
"1240001","1250000",1245000.5,"Fst",0.0161687256976917,0,0.0460770025053668,0.133726052114844
"1241001","1251000",1246000.5,"Fst",0.0181361466968097,0,0.042799597770962,0.126388304880442
"1242001","1252000",1247000.5,"Fst",0.0164210251728184,0,0.0371492291524026,0.108260165545264
"1243001","1253000",1248000.5,"Fst",0.0166502644851766,0,0.0327502162679584,0.102429029632821
"1244001","1254000",1249000.5,"Fst",0.0166502644851766,0,0.0327502162679584,0.102429029632821
"1245001","1255000",1250000.5,"Fst",0.0176937156802929,0,0.0306827881366233,0.0920773375815032
"1246001","1256000",1251000.5,"Fst",0.0194189642866585,0,0.0297056946188544,0.0869762683103338
"1247001","1257000",1252000.5,"Fst",0.0381457195732139,0,0.0282561590012061,0.0881337412587411
"1248001","1258000",1253000.5,"Fst",0.0353735875859769,0,0.0270166348731906,0.0831617412085087
"1249001","1259000",1254000.5,"Fst",0.034963822623397,0,0.0266514804403582,0.0821076313154177
"1250001","1260000",1255000.5,"Fst",0.0476822276822277,0,0.0197572282977463,0.0359657628017271
"1251001","1261000",1256000.5,"Fst",0.0459727711901624,0,0.0211533315959768,0.0391051611766778
"1252001","1262000",1257000.5,"Fst",0.0668705593525368,0,0.0309051217641409,0.0531254317995812
"1253001","1263000",1258000.5,"Fst",0.0684887529554673,0,0.0335943286551287,0.0558444709099732
"1254001","1264000",1259000.5,"Fst",0.0671430090377458,0,0.0329984146868017,0.0548661444621402
"1255001","1265000",1260000.5,"Fst",0.0664096365880278,0,0.0317412954315912,0.053738611859143
"1256001","1266000",1261000.5,"Fst",0.0677509923516314,0,0.0335309534503994,0.0574267975774972
"1257001","1267000",1262000.5,"Fst",0.0473622127313402,0,0.021012109813699,0.0390334210269901
"1258001","1268000",1263000.5,"Fst",0.0514690735620966,0,0.021784214884675,0.038280000556274
"1259001","1269000",1264000.5,"Fst",0.0514107410741075,0,0.0210781720469279,0.0426330613830614
"1260001","1270000",1265000.5,"Fst",0.051527859610208,0,0.0208472002152032,0.0401208854039042
"1261001","1271000",1266000.5,"Fst",0.0539766676348146,0,0.0216443777463967,0.0415777890638226
"1262001","1272000",1267000.5,"Fst",0.0263204416203865,0,0.025000512159469,0.0468159859464208
"1263001","1273000",1268000.5,"Fst",0.0236308628193305,0,0.0234391504076095,0.0474706621319362
"1264001","1274000",1269000.5,"Fst",0.0223764439133499,0,0.0222651152517897,0.0452297541892919
"1265001","1275000",1270000.5,"Fst",0.0179315927949807,0,0.014352967555522,0.0265505438775693
"1266001","1276000",1271000.5,"Fst",0.0171717171717172,0,0.0150717577444966,0.0286481183243552
"1267001","1277000",1272000.5,"Fst",0.0188015335329027,0,0.0159084520315678,0.0251004426285325
"1268001","1278000",1273000.5,"Fst",0.0166564605021433,0,0.014605331901493,0.0280484268522545
"1269001","1279000",1274000.5,"Fst",0.00963144963144957,0,0.00963275825232341,0.012280701754386
"1270001","1280000",1275000.5,"Fst",0.00652680652680648,0,0.00825608949400047,0.00876434296257844
"1271001","1281000",1276000.5,"Fst",0.00683343502135447,0,0.00865936080248306,0.00916159363510338
"1272001","1282000",1277000.5,"Fst",0.00692640692640689,0,0.00863677373579885,0.00916159363510338
"1273001","1283000",1278000.5,"Fst",0.00687960687960676,0,0.00908438919435817,0.0094012864918358
"1274001","1284000",1279000.5,"Fst",0.0675111229165282,0,0.0581907536641168,0.146007155177921
"1275001","1285000",1280000.5,"Fst",0.0665922381711854,0,0.0592756705924498,0.143200882720073
"1276001","1286000",1281000.5,"Fst",0.066253527361257,0,0.0610596482611496,0.148648581744626
"1277001","1287000",1282000.5,"Fst",0.0672650115735487,0,0.0621330023284664,0.151616572128167
"1278001","1288000",1283000.5,"Fst",0.0692002342682371,0,0.0616978714517966,0.149208080410755
"1279001","1289000",1284000.5,"Fst",0.0695487246566382,0,0.0620097251836486,0.149930530602467
"1280001","1290000",1285000.5,"Fst",0.0692002342682371,0,0.0616978714517966,0.149105441204498
"1281001","1291000",1286000.5,"Fst",0.0688062115820123,0,0.0613891387195866,0.148390901681855
"1282001","1292000",1287000.5,"Fst",0.0694987255734918,0,0.0620982622991585,0.149826895398141
"1283001","1293000",1288000.5,"Fst",0.0675261169148699,0,0.0613729488645165,0.148398442662112
"1284001","1294000",1289000.5,"Fst",0.0613969289305614,0,0.0597778757283584,0.143543872459535
"1285001","1295000",1290000.5,"Fst",0.059831606434442,0,0.0566863079975069,0.143967556606962
"1286001","1296000",1291000.5,"Fst",0.0575307274941865,0,0.0497494880022294,0.131346413059757
"1287001","1297000",1292000.5,"Fst",0.058254832295707,0,0.0550565678023061,0.140146945937054
"1288001","1298000",1293000.5,"Fst",0.0499634287332184,0,0.0532185902672425,0.132494844119285
"1289001","1299000",1294000.5,"Fst",0.0463772598402001,0,0.050735681236436,0.125939620610027
"1290001","1300000",1295000.5,"Fst",0.0447965326961302,0,0.049075591680174,0.12453997516941
"1291001","1301000",1296000.5,"Fst",0.0453985499341869,0,0.0497305481275604,0.125952581369248
"1292001","1302000",1297000.5,"Fst",0.0445842796518935,0,0.0483648244823843,0.119666553021947
"1293001","1303000",1298000.5,"Fst",0.0362134660211583,0,0.0405249796528854,0.0993395345165576
"1294001","1304000",1299000.5,"Fst",0.0368915556175724,0,0.0427193830024413,0.103936480604582
"1295001","1305000",1300000.5,"Fst",0.0393208155171345,0,0.0453003996531759,0.110014175779668
"1296001","1306000",1301000.5,"Fst",0.0548864125122189,0,0.0537225268017994,0.112790109504518
"1297001","1307000",1302000.5,"Fst",0.0752574286554869,0,0.03316660411776,0.0667995114426553
"1298001","1308000",1303000.5,"Fst",0.0749921085858586,0,0.0312199744753728,0.0638873936114892
"1299001","1309000",1304000.5,"Fst",0.0776715737575291,0,0.0318904571058071,0.0647004782066694
"1300001","1310000",1305000.5,"Fst",0.0743543839478799,0,0.031171617269857,0.0653652746092168
"1301001","1311000",1306000.5,"Fst",0.0730608051041212,0,0.0305427495056847,0.0641526445525238
"1302001","1312000",1307000.5,"Fst",0.0740441233332229,0,0.030598669174922,0.0648113379491471
"1303001","1313000",1308000.5,"Fst",0.0741387225052127,0,0.0306377745237644,0.0648218001724072
"1304001","1314000",1309000.5,"Fst",0.0734815594439329,0,0.0303198518968082,0.0641706753635005
"1305001","1315000",1310000.5,"Fst",0.0735747257029632,0,0.0303188731517143,0.0641706753635005
"1306001","1316000",1311000.5,"Fst",0.0571938563719385,0,0.028351195335471,0.0632378580323786
"1307001","1317000",1312000.5,"Fst",0.0122526418434077,0,0.0296127819571874,0.0619077612149206
"1308001","1318000",1313000.5,"Fst",0.00266534416765229,0,0.0356036704010616,0.0692418346893056
"1309001","1319000",1314000.5,"Fst",0.00831142821379405,0,0.0318211925380864,0.0634736053110611
"1310001","1320000",1315000.5,"Fst",0.0232652986908944,0,0.0506530253371865,0.0999091639590539
"1311001","1321000",1316000.5,"Fst",0.0234958811415121,0,0.051216744695135,0.101012170417637
"1312001","1322000",1317000.5,"Fst",0.0234958811415121,0,0.0512144080758233,0.101012170417637
"1313001","1323000",1318000.5,"Fst",0.0179616392476701,0,0.0488293381368206,0.107446927238761
"1314001","1324000",1319000.5,"Fst",0.0181130187322138,0,0.0492377687627328,0.108419140508331
"1315001","1325000",1320000.5,"Fst",0.030905407893929,0,0.0559160257564821,0.101902766560936
"1316001","1326000",1321000.5,"Fst",0.0341929190652176,0,0.0528745006379528,0.0998007206264216
"1317001","1327000",1322000.5,"Fst",0.0338283984485858,0,0.0524524532529446,0.0992059772639022
"1318001","1328000",1323000.5,"Fst",0.0338283984485858,0,0.0524524532529446,0.0992059772639022
"1319001","1329000",1324000.5,"Fst",0.0333567204570512,0,0.0562311302725561,0.103100530816018
"1320001","1330000",1325000.5,"Fst",0.0314077227120706,0,0.0411092796169129,0.0835539864666077
"1321001","1331000",1326000.5,"Fst",0.0457466301409625,0,0.0512080145506375,0.0994215421542154
"1322001","1332000",1327000.5,"Fst",0.0456828145947317,0,0.0511173676732753,0.09955954548459
"1323001","1333000",1328000.5,"Fst",0.0633794852739228,0,0.0621225971129948,0.120135482363934
"1324001","1334000",1329000.5,"Fst",0.0628323403164839,0,0.0615833729549929,0.119112963927972
"1325001","1335000",1330000.5,"Fst",0.0570012822463216,0,0.0554562719285668,0.108145241842183
"1326001","1336000",1331000.5,"Fst",0.0430398976573119,0,0.057788379365593,0.105491417750901
"1327001","1337000",1332000.5,"Fst",0.0465395754982061,0,0.0617993828641852,0.113330829443361
"1328001","1338000",1333000.5,"Fst",0.0454173384596304,0,0.0585621510756451,0.108717372299238
"1329001","1339000",1334000.5,"Fst",0.0454173384596304,0,0.0585621510756451,0.108717372299238
"1330001","1340000",1335000.5,"Fst",0.0453554619767154,0,0.0585621510756451,0.108717372299238
"1331001","1341000",1336000.5,"Fst",0.0785285445308891,0,0.0518051391727624,0.0935078681231446
"1332001","1342000",1337000.5,"Fst",0.0785285445308891,0,0.0518930466789863,0.0935078681231446
"1333001","1343000",1338000.5,"Fst",0.0776466588966589,0,0.0493021559294348,0.0886250556598842
"1334001","1344000",1339000.5,"Fst",0.0814584779088596,0,0.0513127504100187,0.0944361532338504
"1335001","1345000",1340000.5,"Fst",0.0827600568813998,0,0.053277539273043,0.0976233514251126
"1336001","1346000",1341000.5,"Fst",0.094287111364655,0,0.0440812806132345,0.0849335655078449
"1337001","1347000",1342000.5,"Fst",0.0953340337432792,0,0.044617908549886,0.0860490524281091
"1338001","1348000",1343000.5,"Fst",0.0981695196419122,0,0.0471933946529651,0.0892190503279322
"1339001","1349000",1344000.5,"Fst",0.0971285413501772,0,0.051176150059685,0.0953971155580563
"1340001","1350000",1345000.5,"Fst",0.0827937936772764,0,0.0519583233573405,0.111011679755605
"1341001","1351000",1346000.5,"Fst",0.0417904980940821,0,0.0598952715500455,0.112928219694456
"1342001","1352000",1347000.5,"Fst",0.0421220277573868,0,0.0603033030183456,0.113672801362771
"1343001","1353000",1348000.5,"Fst",0.0419893499272275,0,0.0615031342543075,0.115735524157139
"1344001","1354000",1349000.5,"Fst",0.0286258260836072,0,0.0594236276627053,0.11662958668881
"1345001","1355000",1350000.5,"Fst",0.0280552454604778,0,0.0583295675081355,0.114528332982166
"1346001","1356000",1351000.5,"Fst",0.0274165133112499,0,0.0670367764232488,0.12795597512298
"1347001","1357000",1352000.5,"Fst",0.0271701122928855,0,0.0665933259933972,0.126840421347818
"1348001","1358000",1353000.5,"Fst",0.0271396232281129,0,0.0666649836315719,0.126840421347818
"1349001","1359000",1354000.5,"Fst",0.00659508281387,0,0.0642548087061449,0.124635466622693
"1350001","1360000",1355000.5,"Fst",0,0,0.0680754548748767,0.112713088702687
"1351001","1361000",1356000.5,"Fst",0,0,0.0692539111518669,0.114365736958805
"1352001","1362000",1357000.5,"Fst",0,0,0.0726641955048403,0.123170394918531
"1353001","1363000",1358000.5,"Fst",0,0,0.0745094553123315,0.128652482269503
"1354001","1364000",1359000.5,"Fst",0,0,0.071973447723675,0.124605249024311
"1355001","1365000",1360000.5,"Fst",0,0,0.0723328471921357,0.125296129612961
"1356001","1366000",1361000.5,"Fst",0,0,0.065405274200599,0.110585252885284
"1357001","1367000",1362000.5,"Fst",0,0,0.0651685073538669,0.110667440658019
"1358001","1368000",1363000.5,"Fst",0.00220837284920739,0,0.0639833753311542,0.106755076157758
"1359001","1369000",1364000.5,"Fst",0.00108292780959762,0,0.0663962703294841,0.115247602591085
"1360001","1370000",1365000.5,"Fst",0.00590498422167463,0,0.061387269846132,0.110364847131195
"1361001","1371000",1366000.5,"Fst",0.00598650188447714,0,0.0622182283765835,0.11182176301613
"1362001","1372000",1367000.5,"Fst",0.013825400153771,0,0.0508229246346922,0.0885521219499562
"1363001","1373000",1368000.5,"Fst",0.0220451527224436,0,0.0410629101203791,0.0803682478772733
"1364001","1374000",1369000.5,"Fst",0.00926347760060742,0,0.0456068151312206,0.0899703096281634
"1365001","1375000",1370000.5,"Fst",0.00926347760060742,0,0.0456072391670185,0.0899703096281634
"1366001","1376000",1371000.5,"Fst",0.0146267140680548,0,0.0562133073623348,0.106126769882228
"1367001","1377000",1372000.5,"Fst",0.0197311352307793,0,0.0525494614346787,0.0997337394332384
"1368001","1378000",1373000.5,"Fst",0.00818737837086458,0,0.0562259267050194,0.102537810817739
"1369001","1379000",1374000.5,"Fst",0.0159409339176615,0,0.0521028527626885,0.103000730565602
"1370001","1380000",1375000.5,"Fst",0.0159144790723738,0,0.052103909050242,0.103212763176556
"1371001","1381000",1376000.5,"Fst",0.0103719378204606,0,0.0587086496546749,0.111941466610851
"1372001","1382000",1377000.5,"Fst",0.0070091013704362,0,0.064024932700789,0.117156264563125
"1373001","1383000",1378000.5,"Fst",0.0039513701760191,0,0.0597567692252157,0.105444605373207
"1374001","1384000",1379000.5,"Fst",0.00381929371625267,0,0.057763690581835,0.101947524012596
"1375001","1385000",1380000.5,"Fst",0.00381593714927042,0,0.0577624442089245,0.101947524012596
"1376001","1386000",1381000.5,"Fst",0,0,0.0537121099692912,0.0964989013865259
"1377001","1387000",1382000.5,"Fst",0.0103128125812434,0,0.0525446569112697,0.0929587085414875
"1378001","1388000",1383000.5,"Fst",0.0105371345866547,0,0.0530719114639993,0.0937748661341947
"1379001","1389000",1384000.5,"Fst",0.00987968063629263,0,0.0507621480078952,0.0891712091905515
"1380001","1390000",1385000.5,"Fst",0.00992620452761706,0,0.0509677251966657,0.0895754828073481
"1381001","1391000",1386000.5,"Fst",0.00653441703497304,0,0.0445664921790922,0.077940150650138
"1382001","1392000",1387000.5,"Fst",0.00825398551153789,0,0.0399510529988775,0.0728502691609995
"1383001","1393000",1388000.5,"Fst",0.0106842288804546,0,0.0406983480244876,0.0727816911997764
"1384001","1394000",1389000.5,"Fst",0.0173646977368306,0,0.0547537915594341,0.101382090230366
"1385001","1395000",1390000.5,"Fst",0.0131747060951836,0,0.0600990832647148,0.110795227467078
"1386001","1396000",1391000.5,"Fst",0.015176392012697,0,0.0606692759664237,0.11329973272937
"1387001","1397000",1392000.5,"Fst",0.0111587106830542,0,0.0645940299395496,0.120341165376051
"1388001","1398000",1393000.5,"Fst",0.0109085063181749,0,0.062655329782703,0.116276769902318
"1389001","1399000",1394000.5,"Fst",0.0127089580455512,0,0.0608985200440204,0.112993883488854
"1390001","1400000",1395000.5,"Fst",0.0126563454839702,0,0.0606680692324769,0.11255477590883
"1391001","1401000",1396000.5,"Fst",0.0154489606035206,0,0.0622920296219991,0.119579085465914
"1392001","1402000",1397000.5,"Fst",0.0153860731144858,0,0.0620450330143786,0.119085983729744
"1393001","1403000",1398000.5,"Fst",0.0153503667448792,0,0.0619224875873893,0.118824655338328
"1394001","1404000",1399000.5,"Fst",0.0042650997580721,0,0.0633282138779748,0.116605695488368
"1395001","1405000",1400000.5,"Fst",0.0140284722791487,0,0.0368141972851907,0.0700271263875505
"1396001","1406000",1401000.5,"Fst",0.0140284722791487,0,0.0368141972851907,0.0700271263875505
"1397001","1407000",1402000.5,"Fst",0.0188950231055495,0,0.0343365912154255,0.0642197677711697
"1398001","1408000",1403000.5,"Fst",0.0347428591716816,0,0.0360147504598351,0.0713544048372415
"1399001","1409000",1404000.5,"Fst",0.0241485306774867,0,0.0434248739156865,0.078785673327158
"1400001","1410000",1405000.5,"Fst",0.0245030719190459,0,0.0424620487459481,0.0767452702336423
"1401001","1411000",1406000.5,"Fst",0.023952641165756,0,0.0409223398781561,0.0733546561692704
"1402001","1412000",1407000.5,"Fst",0.0145183067270271,0,0.0559607103899914,0.103042905954181
"1403001","1413000",1408000.5,"Fst",0.00795263816411851,0,0.0637344869879039,0.111330534845352
"1404001","1414000",1409000.5,"Fst",0.0117683496767269,0,0.061038591697431,0.104782923723192
"1405001","1415000",1410000.5,"Fst",0.0115470608665451,0,0.0599124396144448,0.102874143884376
"1406001","1416000",1411000.5,"Fst",0.0113339405657916,0,0.0589164459811033,0.101188833677397
"1407001","1417000",1412000.5,"Fst",0.00364108996382528,0,0.0663203000903491,0.120667745066321
"1408001","1418000",1413000.5,"Fst",0,0,0.0705467539907889,0.128009570809032
"1409001","1419000",1414000.5,"Fst",0,0,0.0671871114367461,0.121404712467274
"1410001","1420000",1415000.5,"Fst",0,0,0.0684339101074944,0.124370279568192
"1411001","1421000",1416000.5,"Fst",0,0,0.0687050963254101,0.124919463324837
"1412001","1422000",1417000.5,"Fst",0,0,0.0644982571158903,0.115556301017556
"1413001","1423000",1418000.5,"Fst",0,0,0.0472134461232032,0.104084114154924
"1414001","1424000",1419000.5,"Fst",0,0,0.0470443921735825,0.104371525909987
"1415001","1425000",1420000.5,"Fst",0,0,0.0503715918058153,0.11112214119354
"1416001","1426000",1421000.5,"Fst",0,0,0.0514513161223236,0.113798631476051
"1417001","1427000",1422000.5,"Fst",0,0,0.0303030303030303,0.0405607343627696
"1418001","1428000",1423000.5,"Fst",0,0,0.0300673403340588,0.0405607343627696
"1419001","1429000",1424000.5,"Fst",0.00187490986010286,0,0.0555555002164433,0.13789800443459
"1420001","1430000",1425000.5,"Fst",0.00187490986010286,0,0.0555555002164433,0.13789800443459
"1421001","1431000",1426000.5,"Fst",0.00198513692354674,0,0.0586950748074484,0.144821162444113
"1422001","1432000",1427000.5,"Fst",0.00197738680728077,0,0.0587022327434005,0.144821162444113
"1423001","1433000",1428000.5,"Fst",0,0,0.0707885621656292,0.136220422544136
"1424001","1434000",1429000.5,"Fst",0,0,0.0715470283614647,0.137630691021775
"1425001","1435000",1430000.5,"Fst",0,0,0.0706841988376722,0.136021311465037
"1426001","1436000",1431000.5,"Fst",0,0,0.0705801508067783,0.135822781610938
"1427001","1437000",1432000.5,"Fst",0,0,0.0780367392267654,0.142440659415829
"1428001","1438000",1433000.5,"Fst",0,0,0.0765747541786592,0.140702984285853
"1429001","1439000",1434000.5,"Fst",0,0,0.076185688697686,0.139331747887898
"1430001","1440000",1435000.5,"Fst",0,0,0.0766985488482834,0.140488612346847
"1431001","1441000",1436000.5,"Fst",0,0,0.0768898045093189,0.141339815346573
"1432001","1442000",1437000.5,"Fst",0,0,0.0772693334419981,0.142302598644472
"1433001","1443000",1438000.5,"Fst",0.000476840134212342,0,0.0741898920955497,0.138356563400437
"1434001","1444000",1439000.5,"Fst",0.000476840134212342,0,0.0741898920955497,0.138356563400437
"1435001","1445000",1440000.5,"Fst",0.00207237203549859,0,0.0734489205116286,0.135036445551863
"1436001","1446000",1441000.5,"Fst",0.0020744128465241,0,0.0735286184042317,0.135178948113784
"1437001","1447000",1442000.5,"Fst",0.00733002337077682,0,0.0697661312115405,0.122533179326901
"1438001","1448000",1443000.5,"Fst",0.0141540374268505,0,0.0621526745340182,0.122798809305858
"1439001","1449000",1444000.5,"Fst",0.0146685916197133,0,0.0653892673422571,0.126945653695347
"1440001","1450000",1445000.5,"Fst",0.0161011523687579,0,0.0634773709617214,0.126258801841167
"1441001","1451000",1446000.5,"Fst",0.0249408647932634,0,0.0597622249422745,0.129865450287034
"1442001","1452000",1447000.5,"Fst",0.0299009047824214,0,0.0553790655312394,0.160261829227347
"1443001","1453000",1448000.5,"Fst",0.0406286205907657,0,0.0571230345061553,0.182710309731733
"1444001","1454000",1449000.5,"Fst",0.0401094693215605,0,0.0558378990697104,0.179870056322656
"1445001","1455000",1450000.5,"Fst",0.0468350739997597,0,0.0498916123937774,0.17250722997611
"1446001","1456000",1451000.5,"Fst",0.0428376474144406,0,0.0533655232282987,0.173965645152086
"1447001","1457000",1452000.5,"Fst",0.0421452218825575,0,0.052553795432225,0.171383594760218
"1448001","1458000",1453000.5,"Fst",0.0428091700999407,0,0.0578057767460429,0.190868332715091
"1449001","1459000",1454000.5,"Fst",0.043209389386351,0,0.0583532927801537,0.192497448190178
"1450001","1460000",1455000.5,"Fst",0.0403925988802767,0,0.0523960632181863,0.181003790543681
"1451001","1461000",1456000.5,"Fst",0.0364938164460836,0,0.0501708276490669,0.179199968840072
"1452001","1462000",1457000.5,"Fst",0.0440263824879209,0,0.0509573343562886,0.152480782669462
"1453001","1463000",1458000.5,"Fst",0.0206418738245032,0,0.0452349535436175,0.135977635478467
"1454001","1464000",1459000.5,"Fst",0.0208977025153495,0,0.04624736373677,0.139437706598482
"1455001","1465000",1460000.5,"Fst",0.0445480991072323,0,0.043387525798634,0.153928903105975
"1456001","1466000",1461000.5,"Fst",0.0452942688254947,0,0.044761105929118,0.157611790761443
"1457001","1467000",1462000.5,"Fst",0.0464473961627662,0,0.0458077994733414,0.161379496524263
"1458001","1468000",1463000.5,"Fst",0.0502820150488544,0,0.0368140755369607,0.149142664124716
"1459001","1469000",1464000.5,"Fst",0.0497270696718864,0,0.0364585760539415,0.147581252797181
"1460001","1470000",1465000.5,"Fst",0.0545695311089264,0,0.0420627439318716,0.159482394210689
"1461001","1471000",1466000.5,"Fst",0.0638520435673461,0,0.043776539760169,0.159103727631646
"1462001","1472000",1467000.5,"Fst",0.065254349951124,0,0.0437728533841405,0.161395479723925
"1463001","1473000",1468000.5,"Fst",0.0617687914801667,0,0.0417033309964255,0.131048752101384
"1464001","1474000",1469000.5,"Fst",0.061133069828722,0,0.0412730630146885,0.129756722151088
"1465001","1475000",1470000.5,"Fst",0.0209057963395229,0,0.0606148494052221,0.135027086875717
"1466001","1476000",1471000.5,"Fst",0.0444118079013072,0,0.0496705944361542,0.133112026556813
"1467001","1477000",1472000.5,"Fst",0.0456826327794068,0,0.0522645410004948,0.133910375077133
"1468001","1478000",1473000.5,"Fst",0.0461165248139468,0,0.052765331197419,0.135300362288314
"1469001","1479000",1474000.5,"Fst",0.0461791831357048,0,0.0528534713089893,0.135476142269015
"1470001","1480000",1475000.5,"Fst",0.0462155804621557,0,0.0540211145616583,0.133744896943144
"1471001","1481000",1476000.5,"Fst",0.0458492055321048,0,0.0535519488138407,0.132727272727273
"1472001","1482000",1477000.5,"Fst",0.0472179077204203,0,0.0577771838316883,0.135170666231795
"1473001","1483000",1478000.5,"Fst",0.0490019435953369,0,0.0583285842858436,0.140425348122041
"1474001","1484000",1479000.5,"Fst",0.0459203433296695,0,0.0572616712913176,0.144602351053964
"1475001","1485000",1480000.5,"Fst",0.0557678832182786,0,0.0577427796244874,0.138439396126706
"1476001","1486000",1481000.5,"Fst",0.0415391079896753,0,0.0564258758358695,0.128151182962389
"1477001","1487000",1482000.5,"Fst",0.0395869770816329,0,0.0557915744007198,0.126325209968333
"1478001","1488000",1483000.5,"Fst",0.0359656206737424,0,0.0521202369543895,0.115861501260483
"1479001","1489000",1484000.5,"Fst",0.0343425378703834,0,0.0557518869176294,0.130988752347976
"1480001","1490000",1485000.5,"Fst",0.0349394623435255,0,0.0567931065069997,0.133075826550789
"1481001","1491000",1486000.5,"Fst",0.0353302483866281,0,0.0575098822203332,0.134504554749953
"1482001","1492000",1487000.5,"Fst",0.0366529185999885,0,0.0535052827110612,0.125100057175529
"1483001","1493000",1488000.5,"Fst",0.032386951597184,0,0.0503148299323994,0.115519591572568
"1484001","1494000",1489000.5,"Fst",0.0339937031572487,0,0.0433907721456211,0.0979456544897322
"1485001","1495000",1490000.5,"Fst",0.0342598358815328,0,0.0436846398552639,0.0986929237882916
"1486001","1496000",1491000.5,"Fst",0.034473485382064,0,0.0438980954556727,0.0994742034994817
"1487001","1497000",1492000.5,"Fst",0.0321095638975663,0,0.0379078952468081,0.105007769577489
"1488001","1498000",1493000.5,"Fst",0.0349754315232456,0,0.0395363163337208,0.101440552144778
"1489001","1499000",1494000.5,"Fst",0.0376136802556271,0,0.0293338996308304,0.0859410276482534
"1490001","1500000",1495000.5,"Fst",0.0358363332150282,0,0.0278687450321401,0.0831161024127661
"1491001","1501000",1496000.5,"Fst",0.0341895491598068,0,0.0249623316831122,0.0727782268930209
"1492001","1502000",1497000.5,"Fst",0.0294019197091618,0,0.0273882295737955,0.0796929781977842
"1493001","1503000",1498000.5,"Fst",0.0346994577568475,0,0.0388669871375938,0.104438016083954
"1494001","1504000",1499000.5,"Fst",0.0335333888728316,0,0.0423557101579877,0.110285958173282
"1495001","1505000",1500000.5,"Fst",0.0335333888728316,0,0.0423557101579877,0.110285958173282
"1496001","1506000",1501000.5,"Fst",0.0633047684685505,0,0.0420466850644787,0.10965989441424
"1497001","1507000",1502000.5,"Fst",0.0732829451718539,0,0.051947358921029,0.123343972226889
"1498001","1508000",1503000.5,"Fst",0.0785306133002378,0,0.0474070838796946,0.111548279037571
"1499001","1509000",1504000.5,"Fst",0.0776036077469466,0,0.0468224842125668,0.110444509717531
"1500001","1510000",1505000.5,"Fst",0.0679180963167771,0,0.039608551209945,0.0944812859472917
"1501001","1511000",1506000.5,"Fst",0.0783359966284439,0,0.0419884172385892,0.100610820244328
"1502001","1512000",1507000.5,"Fst",0.0737570306499169,0,0.0479630214174644,0.1137825936512
"1503001","1513000",1508000.5,"Fst",0.0728173700502225,0,0.0529536262887669,0.127499197214758
"1504001","1514000",1509000.5,"Fst",0.0711317343093043,0,0.0517487653698291,0.124819033909943
"1505001","1515000",1510000.5,"Fst",0.0706771250471431,0,0.0502382361271201,0.122987922296617
"1506001","1516000",1511000.5,"Fst",0.0496351346161231,0,0.0518789370825766,0.127098772904365
"1507001","1517000",1512000.5,"Fst",0.0461202262150129,0,0.0477706262741332,0.10878356384227
"1508001","1518000",1513000.5,"Fst",0.0400346212826809,0,0.0475782693096105,0.108241595643939
"1509001","1519000",1514000.5,"Fst",0.0378205074961584,0,0.0496899897177913,0.107231123254598
"1510001","1520000",1515000.5,"Fst",0.0397963286404005,0,0.0496960243590436,0.107722243633732
"1511001","1521000",1516000.5,"Fst",0.0360971549586013,0,0.0515504229376865,0.112230412230412
"1512001","1522000",1517000.5,"Fst",0.0378530446048492,0,0.0507462544256408,0.114718335967531
"1513001","1523000",1518000.5,"Fst",0.0448370334122283,0,0.0527037922337959,0.118645837361277
"1514001","1524000",1519000.5,"Fst",0.047577221490265,0,0.0504527848007786,0.121033390202291
"1515001","1525000",1520000.5,"Fst",0.0494681956762748,0,0.0487658742184153,0.117050140508423
"1516001","1526000",1521000.5,"Fst",0.043645178197065,0,0.0500835827207837,0.112353685680618
"1517001","1527000",1522000.5,"Fst",0.0460718489240229,0,0.0470465163749257,0.106685510800737
"1518001","1528000",1523000.5,"Fst",0.0551452020202021,0,0.0475333039399355,0.118296814296814
"1519001","1529000",1524000.5,"Fst",0.0632452308018502,0,0.0518376173506265,0.109736766046377
"1520001","1530000",1525000.5,"Fst",0.0626834665582802,0,0.0527167255577285,0.111102132435466
"1521001","1531000",1526000.5,"Fst",0.0621164571690692,0,0.0521681160691767,0.110103049211142
"1522001","1532000",1527000.5,"Fst",0.0605528857338463,0,0.0482584265160082,0.0994778554778555
"1523001","1533000",1528000.5,"Fst",0.041123274631128,0,0.0302740779616149,0.0568593111500293
"1524001","1534000",1529000.5,"Fst",0.0252290345313601,0,0.0329496628937029,0.0610377177867126
"1525001","1535000",1530000.5,"Fst",0.0938145007559325,0,0.0398305609837884,0.105635035567084
"1526001","1536000",1531000.5,"Fst",0.128385899814471,0,0.0426843542723371,0.128912071535022
"1527001","1537000",1532000.5,"Fst",0.0693564160719117,0,0.0637905810155236,0.153145778008506
"1528001","1538000",1533000.5,"Fst",0.0739378663764297,0,0.0579996320429799,0.141350649350649
"1529001","1539000",1534000.5,"Fst",0.0816284987277354,0,0.0539010775433457,0.144664162283997
"1530001","1540000",1535000.5,"Fst",0.0864503505625306,0,0.0528546948150513,0.139446361743334
"1531001","1541000",1536000.5,"Fst",0.0758175313199236,0,0.0550683641760901,0.143537259386316
"1532001","1542000",1537000.5,"Fst",0.0734446942927508,0,0.0536636782672366,0.139638865004299
"1533001","1543000",1538000.5,"Fst",0.0739674323304216,0,0.0539970773718932,0.140606060606061
"1534001","1544000",1539000.5,"Fst",0.0740332982541352,0,0.0539970773718932,0.140484429065744
"1535001","1545000",1540000.5,"Fst",0.0533934385174053,0,0.0559877952131051,0.130684086372709
"1536001","1546000",1541000.5,"Fst",0.0531633183499984,0,0.054397513180205,0.127590505529426
"1537001","1547000",1542000.5,"Fst",0.106555137682099,0,0.0426479480003324,0.124666729467727
"1538001","1548000",1543000.5,"Fst",0.0964317194006261,0,0.0388307101109151,0.106738127910805
"1539001","1549000",1544000.5,"Fst",0.0942083874219897,0,0.0385707652342369,0.092966197032196
"1540001","1550000",1545000.5,"Fst",0.0916213295748178,0,0.0392679608200566,0.0978465585514993
"1541001","1551000",1546000.5,"Fst",0.10809632297102,0,0.0322889750692722,0.0888564806375167
"1542001","1552000",1547000.5,"Fst",0.114695132563671,0,0.0342623838249252,0.094379941171969
"1543001","1553000",1548000.5,"Fst",0.159052599643131,0,0.0416749202979751,0.117148760549165
"1544001","1554000",1549000.5,"Fst",0.157555382366275,0,0.0413155690029054,0.115998066192573
"1545001","1555000",1550000.5,"Fst",0.158863893168978,0,0.0417282394613024,0.116965556579583
"1546001","1556000",1551000.5,"Fst",0.175036169845631,0,0.0397052896283447,0.119056800481474
"1547001","1557000",1552000.5,"Fst",0.153653547172899,0,0.0440363860723588,0.105472531769306
"1548001","1558000",1553000.5,"Fst",0.166690783682427,0,0.0461942694924848,0.115576247885216
"1549001","1559000",1554000.5,"Fst",0.166690783682427,0,0.0461942694924848,0.115576247885216
"1550001","1560000",1555000.5,"Fst",0.184511895511024,0,0.0474216465080207,0.123702648794153
"1551001","1561000",1556000.5,"Fst",0.174982951764949,0,0.043184866995266,0.116470462015954
"1552001","1562000",1557000.5,"Fst",0.168165730368245,0,0.0430433845636904,0.117204323300866
"1553001","1563000",1558000.5,"Fst",0.146117929063665,0,0.04075833128408,0.10544597442666
"1554001","1564000",1559000.5,"Fst",0.147076595796046,0,0.0410429925747283,0.10616423031718
"1555001","1565000",1560000.5,"Fst",0.146117929063665,0,0.0408020594872887,0.10544597442666
"1556001","1566000",1561000.5,"Fst",0.113114813426868,0,0.038979003581973,0.0987238947590341
"1557001","1567000",1562000.5,"Fst",0.14074958008635,0,0.0352053339347878,0.0895094969503756
"1558001","1568000",1563000.5,"Fst",0.148141090311251,0,0.0388514342149897,0.106147129890193
"1559001","1569000",1564000.5,"Fst",0.145627180899908,0,0.0382637962310442,0.104294592718196
"1560001","1570000",1565000.5,"Fst",0.0429131409561003,0,0.0284233205750529,0.0523411739757754
"1561001","1571000",1566000.5,"Fst",0.0420034850609885,0,0.0373073293488518,0.0648681304159034
"1562001","1572000",1567000.5,"Fst",0.0534404821697639,0,0.0276316347669474,0.0537373737373738
"1563001","1573000",1568000.5,"Fst",0.0514506769825918,0,0.0264611845833908,0.0514506769825918
"1564001","1574000",1569000.5,"Fst",0.108233028406355,0,0.0395473860027039,0.0835752563879055
"1565001","1575000",1570000.5,"Fst",0.105738476011289,0,0.0385097928091189,0.0816212318839507
"1566001","1576000",1571000.5,"Fst",0.123098330241187,0,0.048475621708362,0.0891284089505653
"1567001","1577000",1572000.5,"Fst",0.116556873078612,0,0.0459346664311226,0.0842482186010396
"1568001","1578000",1573000.5,"Fst",0.122757239148461,0,0.04880001237559,0.0867045558865994
"1569001","1579000",1574000.5,"Fst",0.127530049094295,0,0.0505254782417097,0.0976347352504499
"1570001","1580000",1575000.5,"Fst",0.134296313836925,0,0.0543854762165729,0.104557796460049
"1571001","1581000",1576000.5,"Fst",0.132755930087391,0,0.0536902840108807,0.103173579769325
"1572001","1582000",1577000.5,"Fst",0.132466493589604,0,0.0490596644262694,0.0913491054771407
"1573001","1583000",1578000.5,"Fst",0.126685075049561,0,0.0423994522989463,0.0746368124335257
"1574001","1584000",1579000.5,"Fst",0.114092380111798,0,0.0394880959483644,0.0634927340317674
"1575001","1585000",1580000.5,"Fst",0.11558867362146,0,0.0399537440211194,0.0643297380585518
"1576001","1586000",1581000.5,"Fst",0.098681213202739,0,0.034409321602507,0.0598227652313347
"1577001","1587000",1582000.5,"Fst",0.0994368681728748,0,0.0320835024433148,0.0524350649350651
"1578001","1588000",1583000.5,"Fst",0.0915199072629186,0,0.0329447461399848,0.0636185428821583
"1579001","1589000",1584000.5,"Fst",0.109532623785285,0,0.0313416171838891,0.0665866020430776
"1580001","1590000",1585000.5,"Fst",0.108304735758408,0,0.0308926706415727,0.0656114844399365
"1581001","1591000",1586000.5,"Fst",0.107848801221475,0,0.0301590594343394,0.0643389821075772
"1582001","1592000",1587000.5,"Fst",0.0968648751667619,0,0.0271378824514378,0.0592414661520354
"1583001","1593000",1588000.5,"Fst",0.0954854314027441,0,0.0223313149623322,0.0472171221738446
"1584001","1594000",1589000.5,"Fst",0.151313089478341,0,0.0261041423487136,0.0650578535931324
"1585001","1595000",1590000.5,"Fst",0.14933746582856,0,0.0248426504496493,0.0614236835537352
"1586001","1596000",1591000.5,"Fst",0.165373150998583,0,0.0296455541493428,0.0729600950758112
"1587001","1597000",1592000.5,"Fst",0.171149664584779,0,0.0298408556623189,0.0603123317178244
"1588001","1598000",1593000.5,"Fst",0.171411361319618,0,0.0299023551042166,0.0604099244875944
"1589001","1599000",1594000.5,"Fst",0.162260845431996,0,0.0351793327750846,0.0807485476879913
"1590001","1600000",1595000.5,"Fst",0.164568764568765,0,0.0357812307413739,0.0821336416447216
"1591001","1601000",1596000.5,"Fst",0.16850255687465,0,0.0371924452349331,0.0840598381822611
"1592001","1602000",1597000.5,"Fst",0.182028166974403,0,0.0365433712508588,0.0847408718402524
"1593001","1603000",1598000.5,"Fst",0.16486150863962,0,0.033719024341054,0.0680744442568699
"1594001","1604000",1599000.5,"Fst",0.0967322018708341,0,0.0346654867565784,0.0643403707041598
"1595001","1605000",1600000.5,"Fst",0.088620349839862,0,0.0352174654051456,0.0631716842157298
"1596001","1606000",1601000.5,"Fst",0.0849926162206864,0,0.0337601185788414,0.0605989011443361
"1597001","1607000",1602000.5,"Fst",0.060463006576996,0,0.0410305192803244,0.080315995090667
"1598001","1608000",1603000.5,"Fst",0.060463006576996,0,0.0411918888797988,0.080315995090667
"1599001","1609000",1604000.5,"Fst",0.0797236614853195,0,0.0303624218506921,0.0699687562491187
"1600001","1610000",1605000.5,"Fst",0.0811864560639071,0,0.0310231064543809,0.0714279981963247
"1601001","1611000",1606000.5,"Fst",0.0829253592953175,0,0.0317103626296966,0.0729494033943487
"1602001","1612000",1607000.5,"Fst",0.0767355326002445,0,0.0273282710883767,0.0731501217066679
"1603001","1613000",1608000.5,"Fst",0.0791684587813621,0,0.0300645534098261,0.0877406281661601
"1604001","1614000",1609000.5,"Fst",0.0818801897983392,0,0.0310819798745229,0.090582429888141
"1605001","1615000",1610000.5,"Fst",0.0905498281786942,0,0.0355348696470577,0.100527763538831
"1606001","1616000",1611000.5,"Fst",0.0942923599928431,0,0.0373623972976031,0.104499230740365
"1607001","1617000",1612000.5,"Fst",0.0942923599928431,0,0.0373623972976031,0.104499230740365
"1608001","1618000",1613000.5,"Fst",0.0977225861232411,0,0.0403738978908827,0.12609531202804
"1609001","1619000",1614000.5,"Fst",0.107139145533123,0,0.029227560625175,0.0747743324394756
"1610001","1620000",1615000.5,"Fst",0.104687248455128,0,0.0285462740311516,0.0730742258147862
"1611001","1621000",1616000.5,"Fst",0.106826395733819,0,0.0291415722906081,0.0747743324394756
"1612001","1622000",1617000.5,"Fst",0.109054787981991,0,0.0297622283385512,0.0765554309578129
"1613001","1623000",1618000.5,"Fst",0.106826395733819,0,0.0291415722906081,0.0749924242424242
"1614001","1624000",1619000.5,"Fst",0.102989255100809,0,0.0271013569772575,0.0727636654778369
"1615001","1625000",1620000.5,"Fst",0.097961930178716,0,0.0258129776641962,0.0692354154557991
"1616001","1626000",1621000.5,"Fst",0.0921787467826013,0,0.0238395932103068,0.0662433313894467
"1617001","1627000",1622000.5,"Fst",0.109078597935243,0,0.030722800541455,0.0727499585547384
"1618001","1628000",1623000.5,"Fst",0.111040522966083,0,0.0366593868757246,0.0824269993337469
"1619001","1629000",1624000.5,"Fst",0.0911074212444075,0,0.0327344575222573,0.0915953722380655
"1620001","1630000",1625000.5,"Fst",0.0951630775160188,0,0.034080939373559,0.0956955647603128
"1621001","1631000",1626000.5,"Fst",0.0915953722380655,0,0.0326379177349361,0.0915953722380655
"1622001","1632000",1627000.5,"Fst",0.0882855099669257,0,0.0312501021505901,0.0882855099669257
"1623001","1633000",1628000.5,"Fst",0.0800843076433626,0,0.0283667929899396,0.0776997699769977
"1624001","1634000",1629000.5,"Fst",0.141153061353814,0,0.0308178066694375,0.0806971677559911
"1625001","1635000",1630000.5,"Fst",0.145963109354414,0,0.0331238924990757,0.0837525944375259
"1626001","1636000",1631000.5,"Fst",0.146825770659967,0,0.0329653078681306,0.0853804070720851
"1627001","1637000",1632000.5,"Fst",0.129255365978202,0,0.0409062658907281,0.0911140929591114
"1628001","1638000",1633000.5,"Fst",0.149722577891592,0,0.0305145060035281,0.0718208399787347
"1629001","1639000",1634000.5,"Fst",0.153278330377567,0,0.0312529428567111,0.0733982586963312
"1630001","1640000",1635000.5,"Fst",0.146050509154938,0,0.0304539691709859,0.0693022772714288
"1631001","1641000",1636000.5,"Fst",0.149017538569777,0,0.0311074323420306,0.0710059329023331
"1632001","1642000",1637000.5,"Fst",0.15210761871786,0,0.0319175517762295,0.0725668529167857
"1633001","1643000",1638000.5,"Fst",0.140768558539408,0,0.0301279081579527,0.0670829306969946
"1634001","1644000",1639000.5,"Fst",0.0861793004226238,0,0.0328963079343691,0.0565787361549576
"1635001","1645000",1640000.5,"Fst",0.0865388088272475,0,0.0329269531651939,0.0563465842481082
"1636001","1646000",1641000.5,"Fst",0.097795200464605,0,0.0367530836627124,0.0624804334738109
"1637001","1647000",1642000.5,"Fst",0.097795200464605,0,0.0366998810841841,0.0624804334738109
"1638001","1648000",1643000.5,"Fst",0.00476985275026898,0,0.00979944801905288,0.0107034303082933
"1639001","1649000",1644000.5,"Fst",0.00195765706601614,0,0.0101564237526875,0.0110269360269359
"1640001","1650000",1645000.5,"Fst",0.00449996500804817,0,0.00923105188337874,0.0100232792184687
"1641001","1651000",1646000.5,"Fst",0.00195765706601614,0,0.00965367965367958,0.0106837995741039
"1642001","1652000",1647000.5,"Fst",0.0373967448177587,0,0.0182679550155534,0.0414820171523486
"1643001","1653000",1648000.5,"Fst",0.0497150033813157,0,0.0258118079680446,0.0593428860906066
"1644001","1654000",1649000.5,"Fst",0.068945124467061,0,0.0319240403806388,0.0755536257056014
"1645001","1655000",1650000.5,"Fst",0.0685819823517341,0,0.0320991733807089,0.0760474402526969
"1646001","1656000",1651000.5,"Fst",0.0548001018589254,0,0.0269166611763071,0.0609501544627202
"1647001","1657000",1652000.5,"Fst",0.171745523313155,0,0.0323178071027599,0.0853346124499176
"1648001","1658000",1653000.5,"Fst",0.157049253842896,0,0.0289506770951136,0.0773207760167266
"1649001","1659000",1654000.5,"Fst",0.161855538213545,0,0.029807599177413,0.0790273556231004
"1650001","1660000",1655000.5,"Fst",0.161855538213545,0,0.029807599177413,0.0790273556231004
"1651001","1661000",1656000.5,"Fst",0.162663127626631,0,0.0305498265542002,0.0803058089495375
"1652001","1662000",1657000.5,"Fst",0.167320523850492,0,0.0320311585800167,0.0915300034155256
"1653001","1663000",1658000.5,"Fst",0.167320523850492,0,0.0320311585800167,0.0915300034155256
"1654001","1664000",1659000.5,"Fst",0.179955632129545,0,0.0349458993541747,0.0783468134578419
"1655001","1665000",1660000.5,"Fst",0.179955632129545,0,0.0348249583502723,0.0780678888846138
"1656001","1666000",1661000.5,"Fst",0.180768313051778,0,0.033335378237026,0.0823677750638054
"1657001","1667000",1662000.5,"Fst",0,0,0.0176178025725852,0.022136835464816
"1658001","1668000",1663000.5,"Fst",0.235132520797059,0,0.0501859262162556,0.11604298713343
"1659001","1669000",1664000.5,"Fst",0.199857744853316,0,0.0445175379664831,0.123037219705225
"1660001","1670000",1665000.5,"Fst",0.195021083785129,0,0.0433764257929,0.119815758279778
"1661001","1671000",1666000.5,"Fst",0.185133363585943,0,0.0409293180048146,0.111810967012689
"1662001","1672000",1667000.5,"Fst",0.185133363585943,0,0.0409293180048146,0.111810967012689
"1663001","1673000",1668000.5,"Fst",0.169292309123468,0,0.0375904855198751,0.101168714414145
"1664001","1674000",1669000.5,"Fst",0.157968339534566,0,0.0319970380008519,0.0874826173291539
"1665001","1675000",1670000.5,"Fst",0.158325503092945,0,0.0320702778780836,0.0877510604099457
"1666001","1676000",1671000.5,"Fst",0.16984606984607,0,0.0345595438928325,0.094518494374723
"1667001","1677000",1672000.5,"Fst",0.154116326665346,0,0.0305942055283962,0.0874186877720174
"1668001","1678000",1673000.5,"Fst",0.0409665344846756,0,0.0232957804740816,0.052131631501259
"1669001","1679000",1674000.5,"Fst",0.0291866028708133,0,0.0267610769900318,0.0528509797133896
"1670001","1680000",1675000.5,"Fst",0.0244479680526192,0,0.0299821458291497,0.0542708209584465
"1671001","1681000",1676000.5,"Fst",0.0367804767137824,0,0.0236079598648585,0.0421830104532074
"1672001","1682000",1677000.5,"Fst",0.0359414923162378,0,0.0230520563660499,0.0413605959520887
"1673001","1683000",1678000.5,"Fst",0.0359414923162378,0,0.0230520563660499,0.0413605959520887
"1674001","1684000",1679000.5,"Fst",0.0363043880762822,0,0.0223627031336517,0.0410930110352076
"1675001","1685000",1680000.5,"Fst",0.0326849786205614,0,0.0242925792549802,0.0431136764470096
"1676001","1686000",1681000.5,"Fst",0.0486388130729933,0,0.0235580318471951,0.0477819628593645
"1677001","1687000",1682000.5,"Fst",0.0526716872870718,0,0.0263672569112871,0.0546529234289302
"1678001","1688000",1683000.5,"Fst",0.0568582255733094,0,0.0254789791145922,0.063030588223259
"1679001","1689000",1684000.5,"Fst",0.053625140291807,0,0.0250672597981647,0.0596063339543093
"1680001","1690000",1685000.5,"Fst",0.113467362210109,0,0.0278405907132796,0.0474663439721676
"1681001","1691000",1686000.5,"Fst",0.121360110066711,0,0.031471711541807,0.0552093973442288
"1682001","1692000",1687000.5,"Fst",0.112041676608606,0,0.0301113182386285,0.0674847478355127
"1683001","1693000",1688000.5,"Fst",0.121359057901574,0,0.0320357788602254,0.0723737149387803
"1684001","1694000",1689000.5,"Fst",0.125796921965504,0,0.0352571873734351,0.0775482611745331
"1685001","1695000",1690000.5,"Fst",0.13944192742516,0,0.0389230147174577,0.0848213853375629
"1686001","1696000",1691000.5,"Fst",0.147563232572486,0,0.0431774644553223,0.0950134006299272
"1687001","1697000",1692000.5,"Fst",0.147563232572486,0,0.0431774644553223,0.0950134006299272
"1688001","1698000",1693000.5,"Fst",0.152162849872774,0,0.044663096892718,0.0985771986441779
"1689001","1699000",1694000.5,"Fst",0.164193328795099,0,0.0475708690441014,0.104882276786694
"1690001","1700000",1695000.5,"Fst",0.0434474616292798,0,0.0595417383821,0.108317214700193
"1691001","1701000",1696000.5,"Fst",0.0484848484848485,0,0.0657894736842105,0.119148936170213
"1692001","1702000",1697000.5,"Fst",0,0,0,0
"1693001","1703000",1698000.5,"Fst",0,0,0,0
"1694001","1704000",1699000.5,"Fst",0,0,0,0
"1695001","1705000",1700000.5,"Fst",0,0,0,0
"1696001","1706000",1701000.5,"Fst",0,0,0,0
"1697001","1707000",1702000.5,"Fst",0,0,0,0
"1698001","1708000",1703000.5,"Fst",0,0,0,0
"1699001","1709000",1704000.5,"Fst",0,0,0,0
"1700001","1710000",1705000.5,"Fst",0,0,0,0
"1701001","1711000",1706000.5,"Fst",0,0,0,0
"1702001","1712000",1707000.5,"Fst",0,0,0,0
"1703001","1713000",1708000.5,"Fst",0,0,0,0
"1704001","1714000",1709000.5,"Fst",0,0,0,0
"1705001","1715000",1710000.5,"Fst",0,0,0,0
"1706001","1716000",1711000.5,"Fst",0,0,0,0
"1707001","1717000",1712000.5,"Fst",0,0,0,0
"1708001","1718000",1713000.5,"Fst",0,0,0,0
"1709001","1719000",1714000.5,"Fst",0,0,0,0
"1710001","1720000",1715000.5,"Fst",0,0,0,0
"1711001","1721000",1716000.5,"Fst",0,0,0,0
"1712001","1722000",1717000.5,"Fst",0,0,0,0
"1713001","1723000",1718000.5,"Fst",0,0,0,0
"1714001","1724000",1719000.5,"Fst",0,0,0,0
"1715001","1725000",1720000.5,"Fst",0,0,0,0
"1716001","1726000",1721000.5,"Fst",0,0,0,0
"1717001","1727000",1722000.5,"Fst",0,0,0,0
"1718001","1728000",1723000.5,"Fst",0,0,0,0
"1719001","1729000",1724000.5,"Fst",0,0,0,0
"1720001","1730000",1725000.5,"Fst",0,0,0,0
"1721001","1731000",1726000.5,"Fst",0,0,0,0
"1722001","1732000",1727000.5,"Fst",0,0,0,0
"1723001","1733000",1728000.5,"Fst",0,0,0,0
"1724001","1734000",1729000.5,"Fst",0,0,0,0
"1725001","1735000",1730000.5,"Fst",0,0,0,0
"1726001","1736000",1731000.5,"Fst",0,0,0,0
"1727001","1737000",1732000.5,"Fst",0,0,0,0
"1728001","1738000",1733000.5,"Fst",0,0,0,0
"1729001","1739000",1734000.5,"Fst",0,0,0,0
"1730001","1740000",1735000.5,"Fst",0,0,0,0
"1731001","1741000",1736000.5,"Fst",0,0,0,0
"1732001","1742000",1737000.5,"Fst",0,0,0,0
"1733001","1743000",1738000.5,"Fst",0,0,0,0
"1734001","1744000",1739000.5,"Fst",0,0,0,0
"1735001","1745000",1740000.5,"Fst",0,0,0,0
"1736001","1746000",1741000.5,"Fst",0,0,0,0
"1737001","1747000",1742000.5,"Fst",0,0,0,0
"1738001","1748000",1743000.5,"Fst",0,0,0,0
"1739001","1749000",1744000.5,"Fst",0,0,0,0
"1740001","1750000",1745000.5,"Fst",0,0,0,0
"1741001","1751000",1746000.5,"Fst",0,0,0,0
"1742001","1752000",1747000.5,"Fst",0,0,0,0
"1743001","1753000",1748000.5,"Fst",0.0717598908594816,0,0.071081081081081,0.160123715895283
"1744001","1754000",1749000.5,"Fst",0.029259685462217,0,0.0385345919412453,0.080273321449792
"1745001","1755000",1750000.5,"Fst",0.0216542402441685,0,0.0338904125361476,0.0664644765569913
"1746001","1756000",1751000.5,"Fst",0.0184501429994536,0,0.0323399146224071,0.0634777008027396
"1747001","1757000",1752000.5,"Fst",0.0182135407992512,0,0.031873051072587,0.0626815893772639
"1748001","1758000",1753000.5,"Fst",0.0242689283505609,0,0.0319410679067837,0.077332455691265
"1749001","1759000",1754000.5,"Fst",0.0390929612148574,0,0.025380582257537,0.0672023262932355
"1750001","1760000",1755000.5,"Fst",0.0513833992094861,0,0.0259196631463215,0.0620945525637607
"1751001","1761000",1756000.5,"Fst",0.0506493506493506,0,0.0255512238979919,0.0611530467126137
"1752001","1762000",1757000.5,"Fst",0.0383468820691863,0,0.0246014254787253,0.0503648031847354
"1753001","1763000",1758000.5,"Fst",0.0335200344679019,0,0.0245755652822729,0.0507676110374199
"1754001","1764000",1759000.5,"Fst",0.0409453652547574,0,0.0225170365807539,0.0421027505770072
"1755001","1765000",1760000.5,"Fst",0.0427153378162024,0,0.0235038711042162,0.0438003973916815
"1756001","1766000",1761000.5,"Fst",0.0443409090909092,0,0.0212335940902126,0.0399255878256805
"1757001","1767000",1762000.5,"Fst",0.0461315847593808,0,0.0203377850861246,0.0437687096265952
"1758001","1768000",1763000.5,"Fst",0.0458893072910559,0,0.0206926118402496,0.0464154156241312
"1759001","1769000",1764000.5,"Fst",0.0351621946335603,0,0.024000478099219,0.0566493811026615
"1760001","1770000",1765000.5,"Fst",0.0202721829069136,0,0.0253913784539999,0.0619736581501287
"1761001","1771000",1766000.5,"Fst",0.0206178717749972,0,0.0258432753993657,0.0631289593673082
"1762001","1772000",1767000.5,"Fst",0.031503374552702,0,0.027558017049979,0.0665852967459297
"1763001","1773000",1768000.5,"Fst",0.0543913713405237,0,0.0255445232113947,0.0561986126323475
"1764001","1774000",1769000.5,"Fst",0.0457404527388974,0,0.0215560847984485,0.0489493869173012
"1765001","1775000",1770000.5,"Fst",0.0525905896971447,0,0.0227264421171593,0.0453700350114694
"1766001","1776000",1771000.5,"Fst",0.05277014346577,0,0.0227132107750508,0.0456146834195613
"1767001","1777000",1772000.5,"Fst",0.0507412587412587,0,0.0243460678202613,0.046191710151101
"1768001","1778000",1773000.5,"Fst",0.0496714129244249,0,0.0238922994947992,0.0452032746262782
"1769001","1779000",1774000.5,"Fst",0.0533182290191636,0,0.020922267938252,0.0468493456394561
"1770001","1780000",1775000.5,"Fst",0.0519953970080552,0,0.0203234779000532,0.0455087409609639
"1771001","1781000",1776000.5,"Fst",0.0519953970080552,0,0.0203234779000532,0.0455087409609639
"1772001","1782000",1777000.5,"Fst",0.0573973404700175,0,0.0287082997350097,0.045942510353877
"1773001","1783000",1778000.5,"Fst",0.0205203035497566,0,0.0327837172874891,0.0634534929413579
"1774001","1784000",1779000.5,"Fst",0.0193535727300761,0,0.0321070534305411,0.0655477732258491
"1775001","1785000",1780000.5,"Fst",0.0193535727300761,0,0.0321070534305411,0.0655477732258491
"1776001","1786000",1781000.5,"Fst",0.0197556299539302,0,0.0327764227961832,0.0669641716869118
"1777001","1787000",1782000.5,"Fst",0.0197556299539302,0,0.0327764227961832,0.0669641716869118
"1778001","1788000",1783000.5,"Fst",0.0199060058241791,0,0.0329932249950656,0.0674772036474165
"1779001","1789000",1784000.5,"Fst",0.0199060058241791,0,0.0330329873687541,0.0675589281572841
"1780001","1790000",1785000.5,"Fst",0.0183780106244535,0,0.0319473832325002,0.0642404047650512
"1781001","1791000",1786000.5,"Fst",0.0167061923583663,0,0.0305654172743196,0.0638040949096803
"1782001","1792000",1787000.5,"Fst",0,0,0.036777622017833,0.0616490633560829
"1783001","1793000",1788000.5,"Fst",0,0,0.0476294457060743,0.109785806736237
"1784001","1794000",1789000.5,"Fst",0.00441499496365327,0,0.0326851638115782,0.0676402854732425
"1785001","1795000",1790000.5,"Fst",0.0017905965118461,0,0.033253517993072,0.0607567230767387
"1786001","1796000",1791000.5,"Fst",0.00174455125911444,0,0.0322911774222815,0.0592615563463191
"1787001","1797000",1792000.5,"Fst",0,0,0.0307957609907536,0.0559725889601409
"1788001","1798000",1793000.5,"Fst",0,0,0.0301219073472138,0.0548572344017647
"1789001","1799000",1794000.5,"Fst",0.0159190853122252,0,0.0275676649161877,0.0483511505207039
"1790001","1800000",1795000.5,"Fst",0.0182536121331778,0,0.0288513229989778,0.0507980569049273
"1791001","1801000",1796000.5,"Fst",0.0207644628099174,0,0.0253913634274828,0.0465831221967389
"1792001","1802000",1797000.5,"Fst",0.0270224024842358,0,0.0256905777969833,0.0488653765836004
"1793001","1803000",1798000.5,"Fst",0.0293830634298201,0,0.0253450096090809,0.0458922907154073
"1794001","1804000",1799000.5,"Fst",0.0329611908559275,0,0.023548610853619,0.0527323992972848
"1795001","1805000",1800000.5,"Fst",0.0441103996176064,0,0.0238206832720206,0.0624150992685475
"1796001","1806000",1801000.5,"Fst",0.0274097881840326,0,0.0291799445903714,0.0665777265770601
"1797001","1807000",1802000.5,"Fst",0.0325362406949568,0,0.0321850114542779,0.0733896340453718
"1798001","1808000",1803000.5,"Fst",0.0332628932902406,0,0.0329086393854509,0.0751135516236188
"1799001","1809000",1804000.5,"Fst",0.0165331097796517,0,0.0325777804745224,0.0867921240634257
"1800001","1810000",1805000.5,"Fst",0.0479665874032071,0,0.036476029828992,0.0674673529692117
"1801001","1811000",1806000.5,"Fst",0.0481991303844733,0,0.0369788311484191,0.0698622911874338
"1802001","1812000",1807000.5,"Fst",0.0440486337673535,0,0.0351276405705866,0.0726768242695888
"1803001","1813000",1808000.5,"Fst",0.048465319142011,0,0.0378126269642515,0.0682923393739304
"1804001","1814000",1809000.5,"Fst",0.0407921252841038,0,0.0394726003665454,0.0617634999858767
"1805001","1815000",1810000.5,"Fst",0.045523467617944,0,0.0379584876879759,0.065909454487282
"1806001","1816000",1811000.5,"Fst",0.0585379691524944,0,0.0384957765707746,0.0678116513245659
"1807001","1817000",1812000.5,"Fst",0.0569892473118279,0,0.0367323713331835,0.0636518424511218
"1808001","1818000",1813000.5,"Fst",0.0611630721390044,0,0.0397388836997224,0.0685302834209494
"1809001","1819000",1814000.5,"Fst",0.059053862286353,0,0.0365408679195524,0.0632130504277109
"1810001","1820000",1815000.5,"Fst",0.0558929111106197,0,0.0335048859699862,0.0554670919066899
"1811001","1821000",1816000.5,"Fst",0.0565072863799603,0,0.0337390259185559,0.0561097551023723
"1812001","1822000",1817000.5,"Fst",0.0582174995588841,0,0.031833058183778,0.0569440402187528
"1813001","1823000",1818000.5,"Fst",0.0545315524785649,0,0.0289962384381503,0.055450383521763
"1814001","1824000",1819000.5,"Fst",0.0627046169786665,0,0.0303247013215743,0.0523606281569695
"1815001","1825000",1820000.5,"Fst",0.0644974986457636,0,0.0309424211269647,0.0538946190133527
"1816001","1826000",1821000.5,"Fst",0.0654001025852287,0,0.0313809903775968,0.0546516671734063
"1817001","1827000",1822000.5,"Fst",0.06833648677058,0,0.0336944311263023,0.0590497376668953
"1818001","1828000",1823000.5,"Fst",0.0645273526576862,0,0.0309269391735197,0.0543251891871452
"1819001","1829000",1824000.5,"Fst",0.0690409806595166,0,0.0300025600191411,0.0681916899845455
"1820001","1830000",1825000.5,"Fst",0.0473799023094799,0,0.0297577345680851,0.0702831096672695
"1821001","1831000",1826000.5,"Fst",0.0578920843252052,0,0.0315555693232971,0.0651062419340052
"1822001","1832000",1827000.5,"Fst",0.058273451426025,0,0.0337219438684728,0.0710093823245075
"1823001","1833000",1828000.5,"Fst",0.0696361000771852,0,0.0397397951959506,0.0750404523103463
"1824001","1834000",1829000.5,"Fst",0.0712895330236861,0,0.0405782834666739,0.07660014781966
"1825001","1835000",1830000.5,"Fst",0.0653938367463652,0,0.0350144126008138,0.0723063236711395
"1826001","1836000",1831000.5,"Fst",0.0633316164477637,0,0.0344602771513957,0.0700585122654466
"1827001","1837000",1832000.5,"Fst",0.0629972378475373,0,0.0335328400700214,0.065776334472353
"1828001","1838000",1833000.5,"Fst",0.0610082786629178,0,0.0324491681753212,0.0637118636432296
"1829001","1839000",1834000.5,"Fst",0.0618451002513707,0,0.0327992181050396,0.0643854692500302
"1830001","1840000",1835000.5,"Fst",0.095356442119032,0,0.0429758185149968,0.0698083412290763
"1831001","1841000",1836000.5,"Fst",0.107231943851662,0,0.0425521215537483,0.0668484523867492
"1832001","1842000",1837000.5,"Fst",0.104847191032003,0,0.0490435373804018,0.082188055642715
"1833001","1843000",1838000.5,"Fst",0.0959562252109527,0,0.043812357674373,0.0809429664828367
"1834001","1844000",1839000.5,"Fst",0.0924459910105845,0,0.0504891472237558,0.0906310138762282
"1835001","1845000",1840000.5,"Fst",0.0901252104377105,0,0.049449721488788,0.088333823097267
"1836001","1846000",1841000.5,"Fst",0.0897682709447416,0,0.0478982508006898,0.0856627763544927
"1837001","1847000",1842000.5,"Fst",0.0938087774294671,0,0.0531258427229544,0.092345747994645
"1838001","1848000",1843000.5,"Fst",0.0846898034398035,0,0.0490927585100049,0.083005447452107
"1839001","1849000",1844000.5,"Fst",0.0776746411483252,0,0.0455262709296959,0.0771923072297126
"1840001","1850000",1845000.5,"Fst",0.0917806505421183,0,0.0502456549280196,0.0803665734700217
"1841001","1851000",1846000.5,"Fst",0.0767286455494316,0,0.0507818928927195,0.0861677545484255
"1842001","1852000",1847000.5,"Fst",0.0664608569524482,0,0.0437538066866493,0.0750985066015248
"1843001","1853000",1848000.5,"Fst",0.0654240591203342,0,0.043062485393621,0.0734435812473676
"1844001","1854000",1849000.5,"Fst",0.0616507150548996,0,0.0326083732723542,0.0564622973925299
"1845001","1855000",1850000.5,"Fst",0.0573044280611358,0,0.0304224972285221,0.0524277839830732
"1846001","1856000",1851000.5,"Fst",0.056141915939524,0,0.0311093241542827,0.0538798602251926
"1847001","1857000",1852000.5,"Fst",0.0600825104742106,0,0.039941983432392,0.073103203027763
"1848001","1858000",1853000.5,"Fst",0.0664608189099871,0,0.0433162359157462,0.0814119731224091
"1849001","1859000",1854000.5,"Fst",0.0727603497139593,0,0.0465431411140541,0.0887206212046976
"1850001","1860000",1855000.5,"Fst",0.0542486227879487,0,0.0465771326091461,0.0834952285755781
"1851001","1861000",1856000.5,"Fst",0.0534934573002754,0,0.045794229551477,0.0823575016011056
"1852001","1862000",1857000.5,"Fst",0.0532041035529732,0,0.0449311215813383,0.081733545753261
"1853001","1863000",1858000.5,"Fst",0.0563159050188731,0,0.0495604239725018,0.0896903980174836
"1854001","1864000",1859000.5,"Fst",0.0562069638426584,0,0.0493485628274662,0.085946075965975
"1855001","1865000",1860000.5,"Fst",0.0569019582517097,0,0.0488127434215723,0.085871846001945
"1856001","1866000",1861000.5,"Fst",0.028215993191732,0,0.043719679624068,0.0846425293745072
"1857001","1867000",1862000.5,"Fst",0.0285789359326127,0,0.0364709114071745,0.0813099361466506
"1858001","1868000",1863000.5,"Fst",0.028119422278569,0,0.035905941812971,0.0800685630757094
"1859001","1869000",1864000.5,"Fst",0.0257471519969608,0,0.0332222898240528,0.0766434409724642
"1860001","1870000",1865000.5,"Fst",0.0239567595728055,0,0.0315988874413328,0.0738066724702279
"1861001","1871000",1866000.5,"Fst",0.0187656915980616,0,0.0330432597328056,0.0812040396117265
"1862001","1872000",1867000.5,"Fst",0.0193016825754101,0,0.0310457407581639,0.0767357292967549
"1863001","1873000",1868000.5,"Fst",0.0132263069567146,0,0.0345221775470846,0.085616721077714
"1864001","1874000",1869000.5,"Fst",0.00745795834913054,0,0.035151421064896,0.0858020389761108
"1865001","1875000",1870000.5,"Fst",0.00802452909089479,0,0.0346437364900457,0.0853156295507457
"1866001","1876000",1871000.5,"Fst",0.0349975194691258,0,0.0210786101407095,0.0348971373291381
"1867001","1877000",1872000.5,"Fst",0.00834168066722152,0,0.021849954020769,0.0355825112838479
"1868001","1878000",1873000.5,"Fst",0.00898717721781594,0,0.0236014618507179,0.0381855799293016
"1869001","1879000",1874000.5,"Fst",0.0126499590002963,0,0.0207910724800026,0.0377700442520649
"1870001","1880000",1875000.5,"Fst",0.0194867153174559,0,0.0224118861512702,0.0482816818053041
"1871001","1881000",1876000.5,"Fst",0.0217653293839208,0,0.019882774361357,0.0437377065506966
"1872001","1882000",1877000.5,"Fst",0.021549898989899,0,0.0218503867992635,0.0559631139796507
"1873001","1883000",1878000.5,"Fst",0.0148351653175921,0,0.0208774080655613,0.0574818236562279
"1874001","1884000",1879000.5,"Fst",0.0173880202432208,0,0.0217341907967775,0.0592491067288548
"1875001","1885000",1880000.5,"Fst",0.0171276100738673,0,0.0224737355814062,0.0615356812398797
"1876001","1886000",1881000.5,"Fst",0.0163255270760341,0,0.0229182391928403,0.0632162465495798
"1877001","1887000",1882000.5,"Fst",0.01612518877733,0,0.0226013793492779,0.0624504625987938
"1878001","1888000",1883000.5,"Fst",0.01612518877733,0,0.0226013793492779,0.0624504625987938
"1879001","1889000",1884000.5,"Fst",0.0339305724435545,0,0.0194144798131776,0.0519376514256389
"1880001","1890000",1885000.5,"Fst",0.0338839187395463,0,0.0194413495801004,0.0518661541670391
"1881001","1891000",1886000.5,"Fst",0.0343509817980553,0,0.0200745968498572,0.0534238610574488
"1882001","1892000",1887000.5,"Fst",0.0379058515909299,0,0.0245388327958374,0.0661421911421911
"1883001","1893000",1888000.5,"Fst",0.0663406607054148,0,0.0214726732870193,0.0404895348469017
"1884001","1894000",1889000.5,"Fst",0.0533105658462947,0,0.0354371695647518,0.0858849155057685
"1885001","1895000",1890000.5,"Fst",0.0509791393040124,0,0.0340717472130713,0.0824651520897255
"1886001","1896000",1891000.5,"Fst",0.0519057722648387,0,0.0314325251563725,0.0805335387050883
"1887001","1897000",1892000.5,"Fst",0.0757152839070314,0,0.0391392971751386,0.0886265487048855
"1888001","1898000",1893000.5,"Fst",0.0563305449535598,0,0.0281473499214574,0.0608357174831162
"1889001","1899000",1894000.5,"Fst",0.0437150941075164,0,0.0259504074741327,0.057721796276013
"1890001","1900000",1895000.5,"Fst",0.0611970296401296,0,0.0292664138423457,0.0649519720364408
"1891001","1901000",1896000.5,"Fst",0.0603676983942286,0,0.0297545585454204,0.0648468342067979
"1892001","1902000",1897000.5,"Fst",0.0596870685687988,0,0.0293521707549769,0.0640329788245522
"1893001","1903000",1898000.5,"Fst",0.0595910866069378,0,0.0294135344630115,0.0639326810282281
"1894001","1904000",1899000.5,"Fst",0.0663962332488229,0,0.0208766538964888,0.0450244537835778
"1895001","1905000",1900000.5,"Fst",0.0684319239479382,0,0.0214876888545482,0.0462497791017645
"1896001","1906000",1901000.5,"Fst",0.0667747080310748,0,0.0222228704250504,0.0473663675380412
"1897001","1907000",1902000.5,"Fst",0.0433284214958047,0,0.0161991757895101,0.0330825704704069
"1898001","1908000",1903000.5,"Fst",0.0642851766547743,0,0.0199106638364063,0.0394265771231544
"1899001","1909000",1904000.5,"Fst",0.0737231698260223,0,0.0198712789757236,0.0353440951571792
"1900001","1910000",1905000.5,"Fst",0.0455553156265746,0,0.0210424412757292,0.0372782369146006
"1901001","1911000",1906000.5,"Fst",0.0686131168617602,0,0.023516390996989,0.0556422210268365
"1902001","1912000",1907000.5,"Fst",0.0703128351257775,0,0.0241901122120594,0.0572223246665438
"1903001","1913000",1908000.5,"Fst",0.0918075452056034,0,0.0219633368685541,0.0521859461487945
"1904001","1914000",1909000.5,"Fst",0.123274605253404,0,0.0351561145357822,0.0559100373410424
"1905001","1915000",1910000.5,"Fst",0.119003944304519,0,0.0334653566427978,0.0530525725408686
"1906001","1916000",1911000.5,"Fst",0.119093729434991,0,0.0330773166936183,0.0518141892167168
"1907001","1917000",1912000.5,"Fst",0.119093729434991,0,0.0330545241889318,0.0517676091209441
"1908001","1918000",1913000.5,"Fst",0.126596690980253,0,0.0364792314913412,0.0578879599252126
"1909001","1919000",1914000.5,"Fst",0.12896138482024,0,0.0416030278810304,0.0697308794969019
"1910001","1920000",1915000.5,"Fst",0.125074882327771,0,0.0401745151194358,0.0667222685571309
"1911001","1921000",1916000.5,"Fst",0.114371812702828,0,0.0410238356223641,0.0776677738721018
"1912001","1922000",1917000.5,"Fst",0.114371812702828,0,0.0410238356223641,0.0776677738721018
"1913001","1923000",1918000.5,"Fst",0.100961827472197,0,0.0357238125778342,0.0704168759417377
"1914001","1924000",1919000.5,"Fst",0.0739175471307232,0,0.0243291824011322,0.054993962394342
"1915001","1925000",1920000.5,"Fst",0.0739175471307232,0,0.0241380365165853,0.0524360885016623
"1916001","1926000",1921000.5,"Fst",0.0691374713679546,0,0.0245950318105332,0.050189155107188
"1917001","1927000",1922000.5,"Fst",0.0546947064508631,0,0.0288175856899244,0.0820372695271153
"1918001","1928000",1923000.5,"Fst",0.0758904593311217,0,0.0289688174959561,0.074999766396621
"1919001","1929000",1924000.5,"Fst",0.0765137372480247,0,0.029611716742439,0.0767487255292133
"1920001","1930000",1925000.5,"Fst",0.0753647415001996,0,0.0290777111475617,0.0754279115680467
"1921001","1931000",1926000.5,"Fst",0.0761456887352804,0,0.0299717471686916,0.077342438469199
"1922001","1932000",1927000.5,"Fst",0.0649405027886732,0,0.025619379386551,0.0679445052939029
"1923001","1933000",1928000.5,"Fst",0.0556186868686868,0,0.0254369810830641,0.067786675040561
"1924001","1934000",1929000.5,"Fst",0.0349198260633238,0,0.0227106759777754,0.0678437832458216
"1925001","1935000",1930000.5,"Fst",0.0353925421360579,0,0.0230378116838226,0.0704649292575802
"1926001","1936000",1931000.5,"Fst",0.0376166730597111,0,0.0237147391154906,0.0730781304821524
"1927001","1937000",1932000.5,"Fst",0.0320891845282087,0,0.0192469802299863,0.0382742888637129
"1928001","1938000",1933000.5,"Fst",0,0,0.0223814180912525,0.0506054117189021
"1929001","1939000",1934000.5,"Fst",0,0,0.022686660215327,0.0537179019106729
"1930001","1940000",1935000.5,"Fst",0,0,0.0221988143315472,0.0525684795553791
"1931001","1941000",1936000.5,"Fst",0,0,0.022556911995983,0.0538367546432063
"1932001","1942000",1937000.5,"Fst",0.00134648504775314,0,0.0212846191604346,0.0436892802513539
"1933001","1943000",1938000.5,"Fst",0.00559412525738445,0,0.0191529866288927,0.0339433183350676
"1934001","1944000",1939000.5,"Fst",0.00557067682816192,0,0.0191531610795214,0.0339433183350676
"1935001","1945000",1940000.5,"Fst",0.00554742415207532,0,0.0191531610795214,0.0337648779933529
"1936001","1946000",1941000.5,"Fst",0.00536816520659567,0,0.0186246410454453,0.0326769197991069
"1937001","1947000",1942000.5,"Fst",0.0125380013729529,0,0.0189697082279946,0.0355038029596016
"1938001","1948000",1943000.5,"Fst",0.0460979762819643,0,0.0230589371909194,0.039636322262332
"1939001","1949000",1944000.5,"Fst",0.0469632738120728,0,0.0215816596581235,0.0368758495150781
"1940001","1950000",1945000.5,"Fst",0.0484185464792128,0,0.0221789492758087,0.0395358640427752
"1941001","1951000",1946000.5,"Fst",0.0469032836005312,0,0.0231059876280738,0.0417242332135949
"1942001","1952000",1947000.5,"Fst",0.0525986508685471,0,0.0246516188133998,0.0499004297243476
"1943001","1953000",1948000.5,"Fst",0.0312162723121628,0,0.0269757047435017,0.0511380274191401
"1944001","1954000",1949000.5,"Fst",0.0321374837005582,0,0.0262704965438099,0.0485319128453614
"1945001","1955000",1950000.5,"Fst",0.0271489419768609,0,0.0290692053432623,0.0527979519715057
"1946001","1956000",1951000.5,"Fst",0.0212844670251073,0,0.036821225573264,0.0616711365948396
"1947001","1957000",1952000.5,"Fst",0.0258313115455973,0,0.0328211241460888,0.0745183708927386
"1948001","1958000",1953000.5,"Fst",0.00954472258820083,0,0.0315602632582112,0.0759504132231406
"1949001","1959000",1954000.5,"Fst",0.00825338815288557,0,0.0318540168292962,0.0789956477162392
"1950001","1960000",1955000.5,"Fst",0.0190561072914014,0,0.0284257683046888,0.0650051849291393
"1951001","1961000",1956000.5,"Fst",0.0192175997260742,0,0.0287090802865208,0.065704702676263
"1952001","1962000",1957000.5,"Fst",0.0186480186480187,0,0.0303592640926401,0.0688427047473331
"1953001","1963000",1958000.5,"Fst",0.0220868140868142,0,0.0294921598301237,0.0665277700268493
"1954001","1964000",1959000.5,"Fst",0.0216181466293124,0,0.0300062751437802,0.0691026797423251
"1955001","1965000",1960000.5,"Fst",0.0247474747474747,0,0.030772959700714,0.0688343286883434
"1956001","1966000",1961000.5,"Fst",0.0311071883887418,0,0.0284690429467324,0.0630571168290965
"1957001","1967000",1962000.5,"Fst",0.0347996089931573,0,0.0275747330402619,0.0558208374563384
"1958001","1968000",1963000.5,"Fst",0.0409455814691417,0,0.0264825418773909,0.0547028786474688
"1959001","1969000",1964000.5,"Fst",0.0513713319708323,0,0.0267944161063447,0.0434590241616466
"1960001","1970000",1965000.5,"Fst",0.0314055851292918,0,0.0292256837108225,0.0679497062199154
"1961001","1971000",1966000.5,"Fst",0.0310350697991149,0,0.0288284982556401,0.067021483302498
"1962001","1972000",1967000.5,"Fst",0.0426968742758217,0,0.0304216714243888,0.061221023797295
"1963001","1973000",1968000.5,"Fst",0.0471463097229968,0,0.0324751889239656,0.0655875299760191
"1964001","1974000",1969000.5,"Fst",0.0424299184776824,0,0.0295818581576971,0.0591294661982693
"1965001","1975000",1970000.5,"Fst",0.0440735969079635,0,0.0277671970694791,0.0565143412736995
"1966001","1976000",1971000.5,"Fst",0.043072141016309,0,0.0271319278766764,0.0551383399209485
"1967001","1977000",1972000.5,"Fst",0.0395110525545309,0,0.0237116529720322,0.0674411226357535
"1968001","1978000",1973000.5,"Fst",0.0407355234693364,0,0.0244102251538551,0.069397287795078
"1969001","1979000",1974000.5,"Fst",0.02854710072943,0,0.0211378472559622,0.0728192992835074
"1970001","1980000",1975000.5,"Fst",0.0600685345696432,0,0.0271191965675531,0.0439234720832284
"1971001","1981000",1976000.5,"Fst",0.0619929269814854,0,0.0280619645394957,0.0455998282323707
"1972001","1982000",1977000.5,"Fst",0.0484156756325325,0,0.0203626085212239,0.0371573208514908
"1973001","1983000",1978000.5,"Fst",0.0660855126608552,0,0.030869845927164,0.052032468294348
"1974001","1984000",1979000.5,"Fst",0.067052861725822,0,0.02995996450563,0.0536322700506974
"1975001","1985000",1980000.5,"Fst",0.0665419353401713,0,0.0327400393663168,0.0504422824330765
"1976001","1986000",1981000.5,"Fst",0.067370089993524,0,0.0321263715995757,0.0497132553946373
"1977001","1987000",1982000.5,"Fst",0.0541825346759811,0,0.0294179263064911,0.0637715740077944
"1978001","1988000",1983000.5,"Fst",0.0432792226320733,0,0.0267634803001646,0.0610847264437691
"1979001","1989000",1984000.5,"Fst",0.0436695573801122,0,0.0274963639831764,0.0640798631799255
"1980001","1990000",1985000.5,"Fst",0.0330897810593243,0,0.0278269351589713,0.061821686585643
"1981001","1991000",1986000.5,"Fst",0.031053881150369,0,0.0249029567209221,0.0576651151571931
"1982001","1992000",1987000.5,"Fst",0.0313931354118635,0,0.0251823714697832,0.0584039809309019
"1983001","1993000",1988000.5,"Fst",0.0190895160166875,0,0.0305241602124585,0.0676555428261524
"1984001","1994000",1989000.5,"Fst",0.01987332842596,0,0.0320911466826095,0.0709189793727959
"1985001","1995000",1990000.5,"Fst",0.01987332842596,0,0.0320911466826095,0.0709189793727959
"1986001","1996000",1991000.5,"Fst",0.0359541177500724,0,0.0296718179178372,0.065908593831443
"1987001","1997000",1992000.5,"Fst",0.0389562485660332,0,0.0316566084122827,0.0760040095712347
"1988001","1998000",1993000.5,"Fst",0.0580316438723519,0,0.0296212892361829,0.0443097042417622
"1989001","1999000",1994000.5,"Fst",0.0537939393939394,0,0.0257355026438832,0.0415287562181975
"1990001","2e+06",1995000.5,"Fst",0.0537939393939394,0,0.0257355026438832,0.0415287562181975
"1991001","2001000",1996000.5,"Fst",0.0691872427983539,0,0.0364898247461403,0.0511079315520563
"1992001","2002000",1997000.5,"Fst",0.0295003666488297,0,0.0368730187638905,0.0973003256835415
"1993001","2003000",1998000.5,"Fst",0.0428095700773148,0,0.033046147693055,0.0884350897906293
"1994001","2004000",1999000.5,"Fst",0.0361858793458022,0,0.0369863332962291,0.0909205918038665
"1995001","2005000",2000000.5,"Fst",0.0361858793458022,0,0.0369863332962291,0.0909205918038665
"1996001","2006000",2001000.5,"Fst",0.0203744525761983,0,0.0403699979383503,0.0938371014942404
"1997001","2007000",2002000.5,"Fst",0.0266762109281794,0,0.0393879715140845,0.0768026039315354
"1998001","2008000",2003000.5,"Fst",0.027175498298493,0,0.0401846748518376,0.0783150333037804
"1999001","2009000",2004000.5,"Fst",0.0273514902789869,0,0.0413865208061591,0.0795483571345641
"2000001","2010000",2005000.5,"Fst",0.0268375025422006,0,0.0404791079703695,0.0780824415649537
"2001001","2011000",2006000.5,"Fst",0.0268375025422006,0,0.0404791079703695,0.0780824415649537
"2002001","2012000",2007000.5,"Fst",0.0396507739511152,0,0.0365183966224152,0.0675624171955065
"2003001","2013000",2008000.5,"Fst",0.0246846406227711,0,0.0423964274278431,0.0786017038062865
"2004001","2014000",2009000.5,"Fst",0.0545670310701957,0,0.0412843516376853,0.0858648744251858
"2005001","2015000",2010000.5,"Fst",0.0545670310701957,0,0.0412843516376853,0.0858648744251858
"2006001","2016000",2011000.5,"Fst",0.0567676767676768,0,0.0432336433191213,0.0895224045731146
"2007001","2017000",2012000.5,"Fst",0.068866713810534,0,0.0272576011476304,0.0708440495674539
"2008001","2018000",2013000.5,"Fst",0.068866713810534,0,0.0272576011476304,0.0708440495674539
"2009001","2019000",2014000.5,"Fst",0.0767809139784946,0,0.023325756535494,0.0450968092145917
"2010001","2020000",2015000.5,"Fst",0.0807705903145988,0,0.0246692530095548,0.0474407689788583
"2011001","2021000",2016000.5,"Fst",0.0767809139784946,0,0.0233020438586419,0.0450968092145917
"2012001","2022000",2017000.5,"Fst",0.0813746438746439,0,0.0247565219422191,0.0474407689788583
"2013001","2023000",2018000.5,"Fst",0.0622329489586128,0,0.0210063162143013,0.0394061875536641
"2014001","2024000",2019000.5,"Fst",0.0432758281555533,0,0.020819953614098,0.0440460809898395
"2015001","2025000",2020000.5,"Fst",0.0432758281555533,0,0.020819953614098,0.0440460809898395
"2016001","2026000",2021000.5,"Fst",0.0396558612790667,0,0.0199672828591302,0.055380849761886
"2017001","2027000",2022000.5,"Fst",0.0396726461943854,0,0.0189674639281471,0.0523791390588376
"2018001","2028000",2023000.5,"Fst",0.0400976382108458,0,0.0188464371801897,0.0437207387971396
"2019001","2029000",2024000.5,"Fst",0.0240558717020176,0,0.0256395403131121,0.0602849377726608
"2020001","2030000",2025000.5,"Fst",0.0230941147256022,0,0.0246385679853864,0.0577761764286411
"2021001","2031000",2026000.5,"Fst",0.0217028380634391,0,0.0233556160626067,0.0561161880837917
"2022001","2032000",2027000.5,"Fst",0.0235872520099487,0,0.0269855972118751,0.060852357239863
"2023001","2033000",2028000.5,"Fst",0.02696870876422,0,0.0297595109211577,0.0684493678303177
"2024001","2034000",2029000.5,"Fst",0.0225546968620614,0,0.0315232266148042,0.0819627332838979
"2025001","2035000",2030000.5,"Fst",0.0224969163583024,0,0.029349201225424,0.076008022909952
"2026001","2036000",2031000.5,"Fst",0.0213922751912622,0,0.0319390878045026,0.0873938520352209
"2027001","2037000",2032000.5,"Fst",0.0204816622601859,0,0.0332702619815498,0.0896016336876307
"2028001","2038000",2033000.5,"Fst",0.0092664348402054,0,0.0319158852477667,0.088919248844108
"2029001","2039000",2034000.5,"Fst",0.0109366834591024,0,0.033831551996885,0.0968075136094438
"2030001","2040000",2035000.5,"Fst",0.0112257815349626,0,0.0346625258194777,0.0990896844511574
"2031001","2041000",2036000.5,"Fst",0.0119892685930423,0,0.0354659843064299,0.10110827296456
"2032001","2042000",2037000.5,"Fst",0.00241876914332617,0,0.0350894304319721,0.0823637765164029
"2033001","2043000",2038000.5,"Fst",0.00233365829880583,0,0.0338772444078254,0.0794250243756456
"2034001","2044000",2039000.5,"Fst",0.0251360485765022,0,0.031684421293346,0.0673150477103047
"2035001","2045000",2040000.5,"Fst",0.0250958565244279,0,0.0332103064281725,0.0727906180448553
"2036001","2046000",2041000.5,"Fst",0.0243504350435044,0,0.0322262520440459,0.0706937689653738
"2037001","2047000",2042000.5,"Fst",0.024692710234879,0,0.032677877041577,0.0716570600330335
"2038001","2048000",2043000.5,"Fst",0.0359775311686531,0,0.0244783692112024,0.0454810495626823
"2039001","2049000",2044000.5,"Fst",0.058674039749793,0,0.0342746832439368,0.0842364236423642
"2040001","2050000",2045000.5,"Fst",0.0594950071820433,0,0.0348392689791688,0.08559234193037
"2041001","2051000",2046000.5,"Fst",0.0435213001409592,0,0.04425427232268,0.119288295802057
"2042001","2052000",2047000.5,"Fst",0.0455112118513721,0,0.0471815739899295,0.126504867681338
"2043001","2053000",2048000.5,"Fst",0.0625970400618288,0,0.041339682506184,0.114305373115656
"2044001","2054000",2049000.5,"Fst",0.0535324579867027,0,0.046417205275913,0.126062429974726
"2045001","2055000",2050000.5,"Fst",0.0534499552993608,0,0.046417205275913,0.125873025164719
"2046001","2056000",2051000.5,"Fst",0.0527989771573939,0,0.0458368548709626,0.124378032713133
"2047001","2057000",2052000.5,"Fst",0.0516971245676527,0,0.0448819264037737,0.121668552747391
"2048001","2058000",2053000.5,"Fst",0.0533371372950476,0,0.0434667333853461,0.134933048939448
"2049001","2059000",2054000.5,"Fst",0.0322015474135176,0,0.0425502988548489,0.152174436814842
"2050001","2060000",2055000.5,"Fst",0.0322015474135176,0,0.0425502988548489,0.152174436814842
"2051001","2061000",2056000.5,"Fst",0.0428224626859957,0,0.0378407378680057,0.153700704687705
"2052001","2062000",2057000.5,"Fst",0.0537986963136663,0,0.0343062640717071,0.140410505407195
"2053001","2063000",2058000.5,"Fst",0.0309720359096068,0,0.0371910288235746,0.152753322559637
"2054001","2064000",2059000.5,"Fst",0.0297886065899167,0,0.0355448046474372,0.146756888281232
"2055001","2065000",2060000.5,"Fst",0.0294510130991514,0,0.035085328220787,0.144691448285316
"2056001","2066000",2061000.5,"Fst",0.0432195518402414,0,0.0272675708981652,0.113863732589917
"2057001","2067000",2062000.5,"Fst",0.0494608563190251,0,0.0260670460936886,0.106343337683051
"2058001","2068000",2063000.5,"Fst",0.0476760267713813,0,0.0216819744750734,0.0733714770078407
"2059001","2069000",2064000.5,"Fst",0.0634484378670426,0,0.023794495159058,0.0473950717528639
"2060001","2070000",2065000.5,"Fst",0.0613594198009783,0,0.0227190932743595,0.0460157467242217
"2061001","2071000",2066000.5,"Fst",0.063115891741846,0,0.0233570966344098,0.0474358320318994
"2062001","2072000",2067000.5,"Fst",0.0518635377637546,0,0.021482716986911,0.0477687115946409
"2063001","2073000",2068000.5,"Fst",0.0509788718743942,0,0.0211572579984658,0.0470716696446297
"2064001","2074000",2069000.5,"Fst",0.0525474525474525,0,0.021908238233164,0.0486958307660711
"2065001","2075000",2070000.5,"Fst",0.0532496456772625,0,0.0222084149133161,0.0495506792058517
"2066001","2076000",2071000.5,"Fst",0.0429515151515152,0,0.0216405326775944,0.0402614496395345
"2067001","2077000",2072000.5,"Fst",0.024314370385597,0,0.0209724068546353,0.0450410126160636
"2068001","2078000",2073000.5,"Fst",0.0363984674329502,0,0.0259757841436543,0.0426286473504011
"2069001","2079000",2074000.5,"Fst",0.0324786324786324,0,0.0228515113106492,0.0379276637341154
"2070001","2080000",2075000.5,"Fst",0.0348837209302326,0,0.0246053347849754,0.0413941995057876
"2071001","2081000",2076000.5,"Fst",0.0356130108423687,0,0.0201939875896138,0.0359427609427608
"2072001","2082000",2077000.5,"Fst",0.0263481812662141,0,0.0235995136989978,0.0436407975502627
"2073001","2083000",2078000.5,"Fst",0.0264324376704459,0,0.0235278754869759,0.0436407975502627
"2074001","2084000",2079000.5,"Fst",0.0269495137683308,0,0.0241719035576024,0.0449352279860754
"2075001","2085000",2080000.5,"Fst",0.0263481812662141,0,0.023628267966436,0.0437809285515707
"2076001","2086000",2081000.5,"Fst",0.0130523186515782,0,0.0224060513954132,0.0457376253639598
"2077001","2087000",2082000.5,"Fst",0.0202773211952628,0,0.033174257742409,0.0778704551642204
"2078001","2088000",2083000.5,"Fst",0.0200046568872035,0,0.0327367485616271,0.0768452933418007
"2079001","2089000",2084000.5,"Fst",0.021426754427804,0,0.0308911854595037,0.0747158361535768
"2080001","2090000",2085000.5,"Fst",0.0208523839363768,0,0.0300609079321262,0.0727545454545454
"2081001","2091000",2086000.5,"Fst",0.0192860454334723,0,0.0331650818792494,0.0777453170647877
"2082001","2092000",2087000.5,"Fst",0.0192860454334723,0,0.0331650818792494,0.0777453170647877
"2083001","2093000",2088000.5,"Fst",0.0198265179677819,0,0.0342466988666115,0.0800141492748496
"2084001","2094000",2089000.5,"Fst",0.0192588535962032,0,0.0329744501878594,0.0766781536669416
"2085001","2095000",2090000.5,"Fst",0.010614263752423,0,0.0389565411748117,0.0847389983753619
"2086001","2096000",2091000.5,"Fst",0.0111437330503479,0,0.037685324487682,0.0825646612597345
"2087001","2097000",2092000.5,"Fst",0.00160157030320407,0,0.0350247273208254,0.0782809978795481
"2088001","2098000",2093000.5,"Fst",0.00160157030320407,0,0.0350923212343667,0.0782809978795481
"2089001","2099000",2094000.5,"Fst",0.00992585568856752,0,0.0400379140932552,0.0948395721925134
"2090001","2100000",2095000.5,"Fst",0.0222406323256871,0,0.0370629499022297,0.0873820168902135
"2091001","2101000",2096000.5,"Fst",0.0222406323256871,0,0.0370128344656394,0.0873820168902135
"2092001","2102000",2097000.5,"Fst",0.0243103340747979,0,0.039431429506587,0.0975901368695744
"2093001","2103000",2098000.5,"Fst",0.0194765054251503,0,0.0344820638311889,0.0778510393881693
"2094001","2104000",2099000.5,"Fst",0.0194963506438915,0,0.0348965844934146,0.0791814108972426
"2095001","2105000",2100000.5,"Fst",0.0295331619392815,0,0.0310499788816719,0.0690050107372944
"2096001","2106000",2101000.5,"Fst",0.0316691123378288,0,0.0410508276552517,0.0997513597513597
"2097001","2107000",2102000.5,"Fst",0.0294227718127528,0,0.0392333617104412,0.0928561314075332
"2098001","2108000",2103000.5,"Fst",0.0296757044125464,0,0.0396128947487216,0.0936217296641325
"2099001","2109000",2104000.5,"Fst",0.0677862967019595,0,0.0349049731247129,0.0754010695187166
"2100001","2110000",2105000.5,"Fst",0.0625418168826528,0,0.0364919038704946,0.078493603406627
"2101001","2111000",2106000.5,"Fst",0.0609396142106422,0,0.0356103807794898,0.0759619709215595
"2102001","2112000",2107000.5,"Fst",0.0619038486127094,0,0.0361428965257891,0.0770718968422861
"2103001","2113000",2108000.5,"Fst",0.0737526287688099,0,0.0425083882520256,0.0861281626554938
"2104001","2114000",2109000.5,"Fst",0.0781992301607293,0,0.0358795204806387,0.0779108255451714
"2105001","2115000",2110000.5,"Fst",0.0797300168626441,0,0.0363970071150696,0.0794370354274748
"2106001","2116000",2111000.5,"Fst",0.0943907406429195,0,0.0369063692640688,0.078501541587211
"2107001","2117000",2112000.5,"Fst",0.0838565059928571,0,0.0386184515659404,0.122559376455305
"2108001","2118000",2113000.5,"Fst",0.071592290390079,0,0.0389503805638141,0.12330496748305
"2109001","2119000",2114000.5,"Fst",0.047622207476222,0,0.0548244671274105,0.176219275984473
"2110001","2120000",2115000.5,"Fst",0.0557067850384252,0,0.052844463135068,0.174440735650239
"2111001","2121000",2116000.5,"Fst",0.057946127946128,0,0.0571943168261866,0.184502761149009
"2112001","2122000",2117000.5,"Fst",0.0570334167472198,0,0.054809188810896,0.178568348426046
"2113001","2123000",2118000.5,"Fst",0.0623135575683289,0,0.0545000635358044,0.173983618911629
"2114001","2124000",2119000.5,"Fst",0.0560191908434721,0,0.0522461986070073,0.170830225169222
"2115001","2125000",2120000.5,"Fst",0.056048497622222,0,0.0515859089593255,0.169893292872821
"2116001","2126000",2121000.5,"Fst",0.056048497622222,0,0.0515859089593255,0.169893292872821
"2117001","2127000",2122000.5,"Fst",0.0523972159938442,0,0.0467598336366484,0.151147552722976
"2118001","2128000",2123000.5,"Fst",0.0593554252661268,0,0.0467788604055768,0.152817441726247
"2119001","2129000",2124000.5,"Fst",0.0557910762384354,0,0.049063313303001,0.140062976130015
"2120001","2130000",2125000.5,"Fst",0.0503167307493997,0,0.0474052422992384,0.149176653999805
"2121001","2131000",2126000.5,"Fst",0.0479799211929001,0,0.0483311543679246,0.153263951954961
"2122001","2132000",2127000.5,"Fst",0.0488459957106822,0,0.0540422086569044,0.155138927133735
"2123001","2133000",2128000.5,"Fst",0.0411205996502887,0,0.0521821034939423,0.157031513124756
"2124001","2134000",2129000.5,"Fst",0.0412775360414295,0,0.0485749645002858,0.136358087487284
"2125001","2135000",2130000.5,"Fst",0.0412704077080916,0,0.0496177747392671,0.137876127796607
"2126001","2136000",2131000.5,"Fst",0.0406193291576421,0,0.0488439958550473,0.135524773673185
"2127001","2137000",2132000.5,"Fst",0.0415631869473891,0,0.0488555737158706,0.133545151947434
"2128001","2138000",2133000.5,"Fst",0.0418465109873896,0,0.0491114691253047,0.134311551671667
"2129001","2139000",2134000.5,"Fst",0.0417466080927619,0,0.0434583571970694,0.130057042251021
"2130001","2140000",2135000.5,"Fst",0.0348325096784635,0,0.039806208464647,0.104870842815507
"2131001","2141000",2136000.5,"Fst",0.0308788853161844,0,0.0364383790053647,0.0699951024444982
"2132001","2142000",2137000.5,"Fst",0.00934484509903521,0,0.0307124572163063,0.0741582988550576
"2133001","2143000",2138000.5,"Fst",0.00950413223140478,0,0.030962301304735,0.0752415953785682
"2134001","2144000",2139000.5,"Fst",0.00508991350880461,0,0.0233738755423855,0.059078619574194
"2135001","2145000",2140000.5,"Fst",0.00912816104305469,0,0.0257786702077643,0.0554081608009689
"2136001","2146000",2141000.5,"Fst",0.00945680166841067,0,0.0267752269164259,0.0572806731584763
"2137001","2147000",2142000.5,"Fst",0.012255198869372,0,0.0238520312596628,0.051902674544184
"2138001","2148000",2143000.5,"Fst",0.0124397991597501,0,0.0242082580472113,0.052675693101225
"2139001","2149000",2144000.5,"Fst",0.0104123721606468,0,0.0261702372498211,0.0543277607285443
"2140001","2150000",2145000.5,"Fst",0.0133453436807096,0,0.0293878987357248,0.0640153718368575
"2141001","2151000",2146000.5,"Fst",0.0146089718142119,0,0.0299167949984073,0.0677563692813442
"2142001","2152000",2147000.5,"Fst",0.0322506246396309,0,0.0250760403445246,0.0479270589980686
"2143001","2153000",2148000.5,"Fst",0.033234303822539,0,0.0259626060661931,0.0493546102434346
"2144001","2154000",2149000.5,"Fst",0.0335727850714227,0,0.0306110803285463,0.0609730159286657
"2145001","2155000",2150000.5,"Fst",0.0352047014018845,0,0.0382856906687827,0.0642102995044173
"2146001","2156000",2151000.5,"Fst",0.0342943951387223,0,0.0373119674798972,0.0626972438459921
"2147001","2157000",2152000.5,"Fst",0.0499341238471674,0,0.0319701171430441,0.0845575192079751
"2148001","2158000",2153000.5,"Fst",0.0484592763073776,0,0.0309542242361904,0.0820003361674114
"2149001","2159000",2154000.5,"Fst",0.0483838383838384,0,0.0298726723822454,0.0811562179446427
"2150001","2160000",2155000.5,"Fst",0.0312877024956568,0,0.0306194787518614,0.0933439488353509
"2151001","2161000",2156000.5,"Fst",0.0315651655897931,0,0.0308761863885599,0.0956733565228841
"2152001","2162000",2157000.5,"Fst",0.0255497968903207,0,0.0444827372123582,0.131686544366099
"2153001","2163000",2158000.5,"Fst",0.0570535626535628,0,0.0366493787769776,0.0987253774726881
"2154001","2164000",2159000.5,"Fst",0.0582886519268229,0,0.0375076835835323,0.100930475246488
"2155001","2165000",2160000.5,"Fst",0.033940117377897,0,0.032822555257393,0.0828532067962651
"2156001","2166000",2161000.5,"Fst",0.0334165809705697,0,0.0322326546810243,0.0817243524317403
"2157001","2167000",2162000.5,"Fst",0.0263595218629603,0,0.0306316877120955,0.0627322145013089
"2158001","2168000",2163000.5,"Fst",0.0268230483554367,0,0.031246483657969,0.0640038134439029
"2159001","2169000",2164000.5,"Fst",0.0268545487088534,0,0.0315625799067174,0.0640824474862475
"2160001","2170000",2165000.5,"Fst",0.0367691937038228,0,0.0330135284521227,0.0690816562572287
"2161001","2171000",2166000.5,"Fst",0.0413948297627108,0,0.0300356837466599,0.0621565043225406
"2162001","2172000",2167000.5,"Fst",0.0413948297627108,0,0.0300356837466599,0.0621565043225406
"2163001","2173000",2168000.5,"Fst",0.0100277764700344,0,0.0313181173904632,0.066547642888458
"2164001","2174000",2169000.5,"Fst",0.049701828361878,0,0.028703943971948,0.0483333044127089
"2165001","2175000",2170000.5,"Fst",0.0944867523401555,0,0.0296121842522762,0.103129158587126
"2166001","2176000",2171000.5,"Fst",0.0950218110535165,0,0.0308192504999146,0.0997268124656659
"2167001","2177000",2172000.5,"Fst",0.0844838761951062,0,0.0347633751844868,0.0929715103082071
"2168001","2178000",2173000.5,"Fst",0.0728316825940051,0,0.0321824484070164,0.0765223905638514
"2169001","2179000",2174000.5,"Fst",0.0723428206192254,0,0.0318033800990405,0.0746703833876395
"2170001","2180000",2175000.5,"Fst",0.0750388659583873,0,0.0334791453862661,0.0781450613779696
"2171001","2181000",2176000.5,"Fst",0.0574095754243347,0,0.0301413235915744,0.0836270322856145
"2172001","2182000",2177000.5,"Fst",0.0564663352138557,0,0.0292576829606639,0.0820483172656888
"2173001","2183000",2178000.5,"Fst",0.0466846987270587,0,0.0260518737299959,0.0700848126694078
"2174001","2184000",2179000.5,"Fst",0.0224800115508871,0,0.0232465204546245,0.0596475788818109
"2175001","2185000",2180000.5,"Fst",0.0155585852139777,0,0.0219054758171421,0.0519403493338251
"2176001","2186000",2181000.5,"Fst",0.0119110765513698,0,0.0254466319474692,0.0524676082291419
"2177001","2187000",2182000.5,"Fst",0.0233350556114541,0,0.0253407924928551,0.0850647458050546
"2178001","2188000",2183000.5,"Fst",0.0248369135389629,0,0.0297307139734587,0.0977924802713234
"2179001","2189000",2184000.5,"Fst",0.0245322698397132,0,0.0303671422458529,0.0992487512776602
"2180001","2190000",2185000.5,"Fst",0.0230603911454975,0,0.0284884404431802,0.0934066494400041
"2181001","2191000",2186000.5,"Fst",0.0335631741140217,0,0.0290837689189486,0.115697461346893
"2182001","2192000",2187000.5,"Fst",0.0338380565211416,0,0.0293583908207537,0.117602668360081
"2183001","2193000",2188000.5,"Fst",0.0346333237455515,0,0.0314238735621947,0.11383977497881
"2184001","2194000",2189000.5,"Fst",0.0319039260783602,0,0.0286092435888097,0.100757386221484
"2185001","2195000",2190000.5,"Fst",0.0323058736531842,0,0.0306437830169228,0.105860202400565
"2186001","2196000",2191000.5,"Fst",0.0371740063524766,0,0.0316456691152976,0.116501309130145
"2187001","2197000",2192000.5,"Fst",0.0119555745091131,0,0.0354454737165315,0.0761531511732962
"2188001","2198000",2193000.5,"Fst",0.0110945025743232,0,0.0447299487963575,0.091703530323885
"2189001","2199000",2194000.5,"Fst",0.014415323216211,0,0.0437582778534725,0.0931656553698839
"2190001","2200000",2195000.5,"Fst",0.014623355901689,0,0.0443928406054729,0.0942638487418851
"2191001","2201000",2196000.5,"Fst",0.0148460146648679,0,0.0442470999405388,0.0930811830123702
"2192001","2202000",2197000.5,"Fst",0.0145988468740151,0,0.0431454836454097,0.0907571430612741
"2193001","2203000",2198000.5,"Fst",0.0148759509224624,0,0.046864198879285,0.100641476813251
"2194001","2204000",2199000.5,"Fst",0.0122870930848837,0,0.0358358802485098,0.0786029289859077
"2195001","2205000",2200000.5,"Fst",0.011939577446591,0,0.0356951888100127,0.0786631026138485
"2196001","2206000",2201000.5,"Fst",0.0119596058437719,0,0.0352429972391509,0.0777834682863719
"2197001","2207000",2202000.5,"Fst",0.0111252104931325,0,0.0344620345438174,0.0750751787783812
"2198001","2208000",2203000.5,"Fst",0.0171852093728848,0,0.0294096271092116,0.0605872388481083
"2199001","2209000",2204000.5,"Fst",0.0121166892808682,0,0.0333778580993795,0.0787001979461427
"2200001","2210000",2205000.5,"Fst",0.0124952775406831,0,0.0345177962107275,0.0812776116126552
"2201001","2211000",2206000.5,"Fst",0.0113132545713386,0,0.0343051281303958,0.0794288434079009
"2202001","2212000",2207000.5,"Fst",0.0118024925253841,0,0.0361962076901801,0.0830615313439742
"2203001","2213000",2208000.5,"Fst",0.012735523330374,0,0.0322293998872299,0.0684681338409634
"2204001","2214000",2209000.5,"Fst",0.0257035135719591,0,0.0263470944746069,0.0622372193412131
"2205001","2215000",2210000.5,"Fst",0.0233879075111302,0,0.0249924137129171,0.0624597906900496
"2206001","2216000",2211000.5,"Fst",0.0238853623516964,0,0.0263557667600041,0.0646752271310358
"2207001","2217000",2212000.5,"Fst",0.0245063602627454,0,0.027587907011834,0.067446954875663
"2208001","2218000",2213000.5,"Fst",0.00735606769283115,0,0.0371785624782367,0.0884160150174896
"2209001","2219000",2214000.5,"Fst",0.00885186298507035,0,0.0365042441023058,0.0903197173896069
"2210001","2220000",2215000.5,"Fst",0.00918591055246998,0,0.0324014524755295,0.0759255712746572
"2211001","2221000",2216000.5,"Fst",0.0107976314872866,0,0.0329978023113239,0.0774125018391391
"2212001","2222000",2217000.5,"Fst",0.00992115926708936,0,0.0293696471515234,0.0689362985977153
"2213001","2223000",2218000.5,"Fst",0.00862368175143502,0,0.0123245898402345,0.0226087590708528
"2214001","2224000",2219000.5,"Fst",0.00537810537810546,0,0.012408776017157,0.0242686606322969
"2215001","2225000",2220000.5,"Fst",0,0,0.0269677390813781,0.0583108133825601
"2216001","2226000",2221000.5,"Fst",0.000623741466529104,0,0.0248518506052754,0.0514015268422323
"2217001","2227000",2222000.5,"Fst",0.0150018970713514,0,0.0278778530775445,0.0469138437675654
"2218001","2228000",2223000.5,"Fst",0.0146142837672073,0,0.0257596936614384,0.0463785210773163
"2219001","2229000",2224000.5,"Fst",0.0139062231319232,0,0.0252569998914804,0.0462551487089169
"2220001","2230000",2225000.5,"Fst",0.0121212121212121,0,0.0250611704894617,0.0446609445075469
"2221001","2231000",2226000.5,"Fst",0.012248302156559,0,0.0257980126491855,0.0460442900564481
"2222001","2232000",2227000.5,"Fst",0.00946559501594246,0,0.0263424621819908,0.0485229225242113
"2223001","2233000",2228000.5,"Fst",0.01075548151181,0,0.0259374876122594,0.0483373953387901
"2224001","2234000",2229000.5,"Fst",0.011010132080572,0,0.026104289682845,0.0476288938252976
"2225001","2235000",2230000.5,"Fst",0.015620927857355,0,0.0257235847463072,0.0548064279763518
"2226001","2236000",2231000.5,"Fst",0.0165223542289482,0,0.0263786569766921,0.0572350482199095
"2227001","2237000",2232000.5,"Fst",0.0471069051691525,0,0.0268026131474366,0.0423622795912589
"2228001","2238000",2233000.5,"Fst",0.0546985067598061,0,0.0226702527187268,0.0445016663649104
"2229001","2239000",2234000.5,"Fst",0.0564217443249702,0,0.0242825277390925,0.0451690069759885
"2230001","2240000",2235000.5,"Fst",0.0571274312816937,0,0.0240783693283878,0.0414141414141415
"2231001","2241000",2236000.5,"Fst",0.0567247016359804,0,0.0219608645444151,0.0379653138302575
"2232001","2242000",2237000.5,"Fst",0.0701240083888027,0,0.0196183525644374,0.039758951391657
"2233001","2243000",2238000.5,"Fst",0.0714127322182072,0,0.0203370037011996,0.0424225828935577
"2234001","2244000",2239000.5,"Fst",0.07523458359822,0,0.0220967204303694,0.0444931593682319
"2235001","2245000",2240000.5,"Fst",0.0801487265290944,0,0.023816052247493,0.0476614699331848
"2236001","2246000",2241000.5,"Fst",0.109907490301403,0,0.0322542557907981,0.0619898608310987
"2237001","2247000",2242000.5,"Fst",0.088839488391753,0,0.028966584683937,0.0861083395802297
"2238001","2248000",2243000.5,"Fst",0.10502546456165,0,0.0349913062514216,0.105517733471199
"2239001","2249000",2244000.5,"Fst",0.10502546456165,0,0.0350250906100037,0.104924012158055
"2240001","2250000",2245000.5,"Fst",0.107350600085812,0,0.0349035066232029,0.104043226501481
"2241001","2251000",2246000.5,"Fst",0.105052403736614,0,0.036208513114343,0.105349568359913
"2242001","2252000",2247000.5,"Fst",0.107210514389304,0,0.036988277553165,0.107630053391538
"2243001","2253000",2248000.5,"Fst",0.104101037158385,0,0.0338376963024819,0.0992033741187072
"2244001","2254000",2249000.5,"Fst",0.098469207102219,0,0.0313286070421383,0.0921911191093278
"2245001","2255000",2250000.5,"Fst",0.0936921516419424,0,0.0280035047177365,0.0810686892710542
"2246001","2256000",2251000.5,"Fst",0.0810223910462058,0,0.0285292767918059,0.0774957841848775
"2247001","2257000",2252000.5,"Fst",0.0539882141184013,0,0.027504854160705,0.061094510592591
"2248001","2258000",2253000.5,"Fst",0.0214386995863116,0,0.0277947221771818,0.0615333585708364
"2249001","2259000",2254000.5,"Fst",0.0200701105589584,0,0.026957438845126,0.0596508714370751
"2250001","2260000",2255000.5,"Fst",0.0134997125562206,0,0.0334998009500032,0.0800009575362592
"2251001","2261000",2256000.5,"Fst",0.0143142767885036,0,0.0338182506969799,0.0817259129759129
"2252001","2262000",2257000.5,"Fst",0.022378180701534,0,0.030193830067081,0.0717653846048685
"2253001","2263000",2258000.5,"Fst",0.0174501687843618,0,0.0326714117673238,0.0733018542248124
"2254001","2264000",2259000.5,"Fst",0.0167055247732228,0,0.0341001666946621,0.0771610393117076
"2255001","2265000",2260000.5,"Fst",0.00784526577024036,0,0.034825824403971,0.0835386352934978
"2256001","2266000",2261000.5,"Fst",0.00707144924632064,0,0.0341913963723541,0.0773385096516769
"2257001","2267000",2262000.5,"Fst",0.0130090768684391,0,0.0317229695256764,0.075248112579328
"2258001","2268000",2263000.5,"Fst",0.0184624771201952,0,0.0269113559566463,0.0652904809664235
"2259001","2269000",2264000.5,"Fst",0.0187636599917301,0,0.0256088664838016,0.0630638445523942
"2260001","2270000",2265000.5,"Fst",0.0404619673436878,0,0.0183552765558814,0.0525787119101881
"2261001","2271000",2266000.5,"Fst",0.0494549775833197,0,0.0187708320338696,0.0462382070344767
"2262001","2272000",2267000.5,"Fst",0.0396550064275722,0,0.0188716623681863,0.047406924773956
"2263001","2273000",2268000.5,"Fst",0.0713450906291554,0,0.0218422178979205,0.0457137853092703
"2264001","2274000",2269000.5,"Fst",0.0727148407148406,0,0.0219441943939713,0.0467778929097245
"2265001","2275000",2270000.5,"Fst",0.0800045366904842,0,0.0240065028636997,0.0558914660942091
"2266001","2276000",2271000.5,"Fst",0.0902654047639722,0,0.0277136444865075,0.0535371605139047
"2267001","2277000",2272000.5,"Fst",0.102715155911275,0,0.0281701552108916,0.0555069395647599
"2268001","2278000",2273000.5,"Fst",0.100751783914533,0,0.0276948188811847,0.0544789226751198
"2269001","2279000",2274000.5,"Fst",0.105748577880676,0,0.0274868381249072,0.0552912144583614
"2270001","2280000",2275000.5,"Fst",0.101552989452429,0,0.0269268774154534,0.0543397605654414
"2271001","2281000",2276000.5,"Fst",0.0953279427049802,0,0.0260334298676468,0.0528627212022716
"2272001","2282000",2277000.5,"Fst",0.098261799980928,0,0.0251777309452314,0.0625632766644399
"2273001","2283000",2278000.5,"Fst",0.0559262076316139,0,0.0148226011784246,0.0304201642251016
"2274001","2284000",2279000.5,"Fst",0.0500264128679334,0,0.014005083297724,0.026736452471234
"2275001","2285000",2280000.5,"Fst",0.0501011482076379,0,0.0139770242095471,0.026736452471234
"2276001","2286000",2281000.5,"Fst",0.049374985729211,0,0.0138998191450452,0.0265514664131251
"2277001","2287000",2282000.5,"Fst",0.0167324400753047,0,0.0117623199955974,0.0240303030303031
"2278001","2288000",2283000.5,"Fst",0.0169156429156428,0,0.0119184945180833,0.0244522721027254
"2279001","2289000",2284000.5,"Fst",0.0185665614915095,0,0.01298920337531,0.0266572253390708
"2280001","2290000",2285000.5,"Fst",0.0149457538346427,0,0.0166927170854317,0.0357987166497805
"2281001","2291000",2286000.5,"Fst",0.0115023151331775,0,0.0174490725736031,0.0352174275557308
"2282001","2292000",2287000.5,"Fst",0.0085053107709705,0,0.0255396074297466,0.0500535125647503
"2283001","2293000",2288000.5,"Fst",0.00182586615883207,0,0.030780928775893,0.0563030673785556
"2284001","2294000",2289000.5,"Fst",0.00367701404286758,0,0.0342920387351715,0.0593288987327454
"2285001","2295000",2290000.5,"Fst",0.00659623259623277,0,0.0307196944184039,0.0539550347547609
"2286001","2296000",2291000.5,"Fst",0.00785788923719966,0,0.0307801068189764,0.0522661048318119
"2287001","2297000",2292000.5,"Fst",0.0105607835466788,0,0.0282754769683769,0.0488413547237077
"2288001","2298000",2293000.5,"Fst",0.0103190276981445,0,0.0274912842649505,0.047672901261418
"2289001","2299000",2294000.5,"Fst",0.0113722527108353,0,0.0257660441692873,0.0473451812315884
"2290001","2300000",2295000.5,"Fst",0.0137210252817188,0,0.0188590150781165,0.041653798256538
"2291001","2301000",2296000.5,"Fst",0.014880062046424,0,0.0186005561283528,0.0393868537282411
"2292001","2302000",2297000.5,"Fst",0.0113119875327944,0,0.0273948345694562,0.0578384442261195
"2293001","2303000",2298000.5,"Fst",0.0207070707070707,0,0.0257813644936275,0.0579034462911
"2294001","2304000",2299000.5,"Fst",0.0196939238261552,0,0.0256970262394741,0.0579690851268396
"2295001","2305000",2300000.5,"Fst",0.0181876331072781,0,0.0266551726116082,0.0613013972055887
"2296001","2306000",2301000.5,"Fst",0.0205256689684205,0,0.0268352226183243,0.0608173206308198
"2297001","2307000",2302000.5,"Fst",0.0187983765441684,0,0.0288170327365983,0.0625250125962714
"2298001","2308000",2303000.5,"Fst",0.0192002833990169,0,0.0292770064111922,0.062079444636479
"2299001","2309000",2304000.5,"Fst",0.0179357233727502,0,0.0295267416703144,0.0590304920445264
"2300001","2310000",2305000.5,"Fst",0.0107807172398826,0,0.0272527170187362,0.0657254413761883
"2301001","2311000",2306000.5,"Fst",0.0103231894314697,0,0.0278771395228629,0.0684494481979073
"2302001","2312000",2307000.5,"Fst",0.0132729160766545,0,0.021038632154458,0.058173332330674
"2303001","2313000",2308000.5,"Fst",0.00750056448074155,0,0.0264478350704764,0.0691158979780627
"2304001","2314000",2309000.5,"Fst",0.00661766811044717,0,0.0250261153759344,0.0660679240367791
"2305001","2315000",2310000.5,"Fst",0.00676466653287844,0,0.0255999456342492,0.0675776948519988
"2306001","2316000",2311000.5,"Fst",0.00408010233337741,0,0.0272210764113012,0.071827699487274
"2307001","2317000",2312000.5,"Fst",0.00418168517656448,0,0.0270847666934845,0.07249898639837
"2308001","2318000",2313000.5,"Fst",0.00406603970741903,0,0.0250439314295978,0.0682939074030231
"2309001","2319000",2314000.5,"Fst",0.00312015951665789,0,0.0255769149777883,0.0714573411794255
"2310001","2320000",2315000.5,"Fst",0.00563283235002809,0,0.0239690180759064,0.0525428252786565
"2311001","2321000",2316000.5,"Fst",0.0582876461988303,0,0.0338652848906711,0.108852940576488
"2312001","2322000",2317000.5,"Fst",0.0733388610142585,0,0.0418905705340765,0.134938655297594
"2313001","2323000",2318000.5,"Fst",0.0825035092065064,0,0.0469276240961323,0.152152273224824
"2314001","2324000",2319000.5,"Fst",0.0861446887618267,0,0.0458721451778076,0.156529309416973
"2315001","2325000",2320000.5,"Fst",0.0843989940764134,0,0.0448337201966914,0.153116882001342
"2316001","2326000",2321000.5,"Fst",0.0721588524777781,0,0.0356707423831783,0.116815279342583
"2317001","2327000",2322000.5,"Fst",0.065602996127742,0,0.0313543126549862,0.103362188383766
"2318001","2328000",2323000.5,"Fst",0.0641777869322778,0,0.0273742982862963,0.089292959457806
"2319001","2329000",2324000.5,"Fst",0.0598603534607079,0,0.0245139185865175,0.0808760425696705
"2320001","2330000",2325000.5,"Fst",0.0512554542072091,0,0.0217634047608542,0.0689243677587936
"2321001","2331000",2326000.5,"Fst",0.0293418751271101,0,0.0126362739263632,0.026644912150265
"2322001","2332000",2327000.5,"Fst",0.0171576959395656,0,0.0103942162576347,0.0202778203621375
"2323001","2333000",2328000.5,"Fst",0.0161802373608609,0,0.0100115278715951,0.0187463763447787
"2324001","2334000",2329000.5,"Fst",0.0177026248578989,0,0.0113540879673764,0.0161599528963269
"2325001","2335000",2330000.5,"Fst",0.0183417415162807,0,0.0120930625455149,0.0167381903681414
"2326001","2336000",2331000.5,"Fst",0.0152513247929208,0,0.012633049212402,0.0172026641294006
"2327001","2337000",2332000.5,"Fst",0.0133302448550877,0,0.0137832911247484,0.0270536537181932
"2328001","2338000",2333000.5,"Fst",0.0100935711666906,0,0.0140022263414997,0.0295758934137245
"2329001","2339000",2334000.5,"Fst",0.009740619491312,0,0.0151999690456069,0.0309084475156528
"2330001","2340000",2335000.5,"Fst",0.0113738279657563,0,0.0156167630634721,0.0321974194702996
"2331001","2341000",2336000.5,"Fst",0.0152947736823296,0,0.0149742882402585,0.0349625855661263
"2332001","2342000",2337000.5,"Fst",0.0153390583358008,0,0.0152378884482542,0.035695393995118
"2333001","2343000",2338000.5,"Fst",0.0159170618947033,0,0.0162455017709388,0.0378353531371365
"2334001","2344000",2339000.5,"Fst",0.0137893036952598,0,0.0182355232838313,0.0436888094437055
"2335001","2345000",2340000.5,"Fst",0.01874458324185,0,0.0188030651120975,0.044943896826975
"2336001","2346000",2341000.5,"Fst",0.0213019294281244,0,0.0205781142493091,0.03859441372471
"2337001","2347000",2342000.5,"Fst",0.0280260852637725,0,0.0227533276585323,0.0506121953401583
"2338001","2348000",2343000.5,"Fst",0.0288788773856052,0,0.0232689773124835,0.0520142640949458
"2339001","2349000",2344000.5,"Fst",0.0294349382010646,0,0.022733516292295,0.0527241667575328
"2340001","2350000",2345000.5,"Fst",0.0187486664936712,0,0.0293442318069375,0.0531385582261312
"2341001","2351000",2346000.5,"Fst",0.0179301667190941,0,0.0338392388412814,0.0605349577047689
"2342001","2352000",2347000.5,"Fst",0.0148654291730171,0,0.0319021851694271,0.0578071021754694
"2343001","2353000",2348000.5,"Fst",0.0154467980797962,0,0.0324314814699587,0.0582850521436848
"2344001","2354000",2349000.5,"Fst",0.0162246783047644,0,0.0342153531683444,0.0611104361559957
"2345001","2355000",2350000.5,"Fst",0.00119203884796049,0,0.0399817605070831,0.0795831524099002
"2346001","2356000",2351000.5,"Fst",0.00118120594143645,0,0.0396691999852239,0.0789813894427175
"2347001","2357000",2352000.5,"Fst",0.000936743962674735,0,0.0413991436329861,0.0823298030100651
"2348001","2358000",2353000.5,"Fst",0.000570918292884914,0,0.0399229222981233,0.0792435372502561
"2349001","2359000",2354000.5,"Fst",0.00431477306027739,0,0.0381603741480782,0.0781248905200526
"2350001","2360000",2355000.5,"Fst",0.0157426141508495,0,0.0181292275089998,0.0308754499119541
"2351001","2361000",2356000.5,"Fst",0.00405406760120974,0,0.0281521726048597,0.0638328928570505
"2352001","2362000",2357000.5,"Fst",0.0122151977737148,0,0.0292837323231623,0.0636858783917609
"2353001","2363000",2358000.5,"Fst",0.0123930435857041,0,0.0310214335744881,0.0663034454130343
"2354001","2364000",2359000.5,"Fst",0.0119046029449946,0,0.0298125864290964,0.0636862041467305
"2355001","2365000",2360000.5,"Fst",0.0117436133857289,0,0.0294142930175331,0.0628591105863833
"2356001","2366000",2361000.5,"Fst",0.0111156860620507,0,0.0286167520049604,0.0626619896716361
"2357001","2367000",2362000.5,"Fst",0.00908514684132689,0,0.0259849679678974,0.0572467674082886
"2358001","2368000",2363000.5,"Fst",0.0330957181941252,0,0.0256503585723661,0.0607679139153826
"2359001","2369000",2364000.5,"Fst",0.0298658297681258,0,0.0261409004512377,0.0673869749141781
"2360001","2370000",2365000.5,"Fst",0.0312777069290097,0,0.0266451033573387,0.0689002916996821
"2361001","2371000",2366000.5,"Fst",0.0402360402360401,0,0.0246670582182139,0.0840351093401251
"2362001","2372000",2367000.5,"Fst",0.0416481015690501,0,0.0283684669352334,0.0947247403540661
"2363001","2373000",2368000.5,"Fst",0.0416481015690501,0,0.0284186648965656,0.0947247403540661
"2364001","2374000",2369000.5,"Fst",0.0428332101502834,0,0.0292377038568377,0.0973448925503719
"2365001","2375000",2370000.5,"Fst",0.0416244337803291,0,0.026477082050508,0.087914489934206
"2366001","2376000",2371000.5,"Fst",0.0399267699538213,0,0.0243899583679711,0.0796019105098024
"2367001","2377000",2372000.5,"Fst",0.0370897976470842,0,0.0228056805649875,0.0732280682177463
"2368001","2378000",2373000.5,"Fst",0.00162035995781673,0,0.0188299883259132,0.0579080515056276
"2369001","2379000",2374000.5,"Fst",0.00422219135043855,0,0.0185584876698597,0.0565831399682425
"2370001","2380000",2375000.5,"Fst",0.00394849158408217,0,0.0171882005460513,0.0526137326535212
"2371001","2381000",2376000.5,"Fst",0.0042122898591761,0,0.0158134387669046,0.0503879647868531
"2372001","2382000",2377000.5,"Fst",0.00450122560183019,0,0.0169295086812493,0.0505308173338088
"2373001","2383000",2378000.5,"Fst",0.0048143996436053,0,0.016462619114748,0.0498702467495059
"2374001","2384000",2379000.5,"Fst",0.00475991798482089,0,0.0162303702874064,0.0492572337839191
"2375001","2385000",2380000.5,"Fst",0.00394578726291162,0,0.0159602374531218,0.0517490328016816
"2376001","2386000",2381000.5,"Fst",0.00321596908312582,0,0.016900378174926,0.0552543186556705
"2377001","2387000",2382000.5,"Fst",0,0,0.0178041721272374,0.0496154419754138
"2378001","2388000",2383000.5,"Fst",0.000859160234986556,0,0.0186628345935818,0.0530066168492794
"2379001","2389000",2384000.5,"Fst",0.0496571480815531,0,0.0232687842159246,0.0969663812168786
"2380001","2390000",2385000.5,"Fst",0.0706308911377551,0,0.0276799893035926,0.0906782621636053
"2381001","2391000",2386000.5,"Fst",0.0647790127342092,0,0.027317140506556,0.0772359345856606
"2382001","2392000",2387000.5,"Fst",0.059032039683136,0,0.032126405751812,0.0804592597342111
"2383001","2393000",2388000.5,"Fst",0.05808780392992,0,0.0323268873378107,0.0791289529694433
"2384001","2394000",2389000.5,"Fst",0.057673539787749,0,0.0317027568938436,0.077680339310238
"2385001","2395000",2390000.5,"Fst",0.0565078867947855,0,0.0311883758746382,0.0776370817745368
"2386001","2396000",2391000.5,"Fst",0.0565762087445055,0,0.0312198242815032,0.0777885064921039
"2387001","2397000",2392000.5,"Fst",0.056207758583161,0,0.0312432494523839,0.0772329299153773
"2388001","2398000",2393000.5,"Fst",0.0560345647914081,0,0.0311724372569238,0.0770617263677563
"2389001","2399000",2394000.5,"Fst",0.0532515337654087,0,0.0306587094471635,0.0760134295010461
"2390001","2400000",2395000.5,"Fst",0.0435940893666169,0,0.0339310381059687,0.0899374203068551
"2391001","2401000",2396000.5,"Fst",0.0405691933035582,0,0.03746488757095,0.0949362632013321
"2392001","2402000",2397000.5,"Fst",0.0196540013868391,0,0.0197873759414214,0.0502880033021876
"2393001","2403000",2398000.5,"Fst",0.0105606782597932,0,0.0173701983180883,0.0315621632603725
"2394001","2404000",2399000.5,"Fst",0.00808439033357355,0,0.0181939830248476,0.0339040960284194
"2395001","2405000",2400000.5,"Fst",0.0221481930143347,0,0.0159043661179377,0.0351792967039602
"2396001","2406000",2401000.5,"Fst",0.0251911352893122,0,0.0158031810379527,0.0319821387561053
"2397001","2407000",2402000.5,"Fst",0.0288866011170296,0,0.0158016728802993,0.0282315380065958
"2398001","2408000",2403000.5,"Fst",0.0257213475537497,0,0.015607948902363,0.0287012857479644
"2399001","2409000",2404000.5,"Fst",0.0304930407380295,0,0.0163680893169584,0.0274092585138406
"2400001","2410000",2405000.5,"Fst",0.0254111361549378,0,0.0181827571811906,0.0311780461646767
"2401001","2411000",2406000.5,"Fst",0.0255180984841276,0,0.0179343075691745,0.030460539677185
"2402001","2412000",2407000.5,"Fst",0.0266886983276829,0,0.0197058108740526,0.0329344613907521
"2403001","2413000",2408000.5,"Fst",0.0276391440345565,0,0.0184717232852111,0.0344265678737077
"2404001","2414000",2409000.5,"Fst",0.024086854671592,0,0.01787176709448,0.0324043171028068
"2405001","2415000",2410000.5,"Fst",0.0148939159758325,0,0.0187455007050155,0.0367531354939084
"2406001","2416000",2411000.5,"Fst",0.0050638674842497,0,0.0210303075109067,0.0444264426452415
"2407001","2417000",2412000.5,"Fst",0.00281921655580186,0,0.0239531093254204,0.0533272601455812
"2408001","2418000",2413000.5,"Fst",0.00443832262014077,0,0.0232328902718045,0.0669647292598112
"2409001","2419000",2414000.5,"Fst",0.00443832262014077,0,0.0232328902718045,0.0669647292598112
"2410001","2420000",2415000.5,"Fst",0.00464741309811734,0,0.021671716321345,0.0627527180198936
"2411001","2421000",2416000.5,"Fst",0.000699038395962526,0,0.0243972855167842,0.0590270521305004
"2412001","2422000",2417000.5,"Fst",0,0,0.0258531662630173,0.0796352583586627
"2413001","2423000",2418000.5,"Fst",0,0,0.028091428880593,0.0862766016192723
"2414001","2424000",2419000.5,"Fst",0,0,0.0343819535460194,0.102250670480958
"2415001","2425000",2420000.5,"Fst",0.0121494783223178,0,0.0294956136181052,0.0878178221643268
"2416001","2426000",2421000.5,"Fst",0.0118661374463132,0,0.0278060434112152,0.0846829414712716
"2417001","2427000",2422000.5,"Fst",0.00900147618175362,0,0.0258767090221557,0.075043850485635
"2418001","2428000",2423000.5,"Fst",0.0105415987337704,0,0.0276431434458056,0.0842182977653422
"2419001","2429000",2424000.5,"Fst",0.0105415987337704,0,0.0276431434458056,0.0842182977653422
"2420001","2430000",2425000.5,"Fst",0.0105254999857236,0,0.0283652073967768,0.0867379732023668
"2421001","2431000",2426000.5,"Fst",0.0170478785837492,0,0.0232178915007369,0.0822364685599843
"2422001","2432000",2427000.5,"Fst",0.0361083840565483,0,0.0227741866278795,0.0415741121623474
"2423001","2433000",2428000.5,"Fst",0.0337797795424913,0,0.0237494730277783,0.0436755643406475
"2424001","2434000",2429000.5,"Fst",0.0317489148169812,0,0.0275772482703877,0.0526697509499772
"2425001","2435000",2430000.5,"Fst",0.0134764732754682,0,0.0336539071186465,0.0703152792165908
"2426001","2436000",2431000.5,"Fst",0.0110014640032833,0,0.0318594266967122,0.0820899526442253
"2427001","2437000",2432000.5,"Fst",0.0153078488060822,0,0.0345881890043971,0.0761794079333861
"2428001","2438000",2433000.5,"Fst",0.016219389466622,0,0.033374809340521,0.0739035049717016
"2429001","2439000",2434000.5,"Fst",0.00326870449837535,0,0.0281282199493336,0.0716570752687327
"2430001","2440000",2435000.5,"Fst",0,0,0.0385283395032213,0.0769725675289868
"2431001","2441000",2436000.5,"Fst",0,0,0.042311520352142,0.0854333732134772
"2432001","2442000",2437000.5,"Fst",0,0,0.0448647858052291,0.092095287378454
"2433001","2443000",2438000.5,"Fst",0,0,0.0479995665533588,0.095330649369422
"2434001","2444000",2439000.5,"Fst",0,0,0.0484349241276602,0.0955375031653259
"2435001","2445000",2440000.5,"Fst",0,0,0.0475990532918058,0.0934570567657844
"2436001","2446000",2441000.5,"Fst",0,0,0.0479254267348039,0.0922545028512964
"2437001","2447000",2442000.5,"Fst",0,0,0.0464547827470896,0.0904456456789458
"2438001","2448000",2443000.5,"Fst",0,0,0.0469217133597765,0.0912382555961311
"2439001","2449000",2444000.5,"Fst",0,0,0.0442421097429267,0.0837834274464817
"2440001","2450000",2445000.5,"Fst",0,0,0.0425836669309072,0.0831442437227118
"2441001","2451000",2446000.5,"Fst",0,0,0.0375744722069071,0.0812429705324721
"2442001","2452000",2447000.5,"Fst",0,0,0.0326056603485804,0.0643127934088769
"2443001","2453000",2448000.5,"Fst",0,0,0.0342607520232904,0.0813101334721101
"2444001","2454000",2449000.5,"Fst",0,0,0.0343361837452865,0.0825725743854564
"2445001","2455000",2450000.5,"Fst",0,0,0.0351111179665309,0.0850645937466333
"2446001","2456000",2451000.5,"Fst",0,0,0.0412815883435465,0.101933853968367
"2447001","2457000",2452000.5,"Fst",0,0,0.0404955079477804,0.103526997518857
"2448001","2458000",2453000.5,"Fst",0,0,0.0404955079477804,0.103526997518857
"2449001","2459000",2454000.5,"Fst",0,0,0.040543870989873,0.102828339966928
"2450001","2460000",2455000.5,"Fst",0,0,0.0397630906503618,0.100804290270621
"2451001","2461000",2456000.5,"Fst",0,0,0.0412506657883308,0.10501063723733
"2452001","2462000",2457000.5,"Fst",0,0,0.0208907743559696,0.0570049321843636
"2453001","2463000",2458000.5,"Fst",0,0,0.0197416137553899,0.050365672053938
"2454001","2464000",2459000.5,"Fst",0,0,0.0208063961911222,0.052390031960463
"2455001","2465000",2460000.5,"Fst",0,0,0.0213728204668882,0.045379276845971
"2456001","2466000",2461000.5,"Fst",0,0,0.0181503660645995,0.037161384362571
"2457001","2467000",2462000.5,"Fst",0,0,0.0177801229239288,0.0365407266231758
"2458001","2468000",2463000.5,"Fst",0,0,0.0170798688735778,0.0352893447193849
"2459001","2469000",2464000.5,"Fst",0,0,0.0179203307889725,0.0383506991517218
"2460001","2470000",2465000.5,"Fst",0,0,0.0170502178447191,0.0344900674986179
"2461001","2471000",2466000.5,"Fst",0,0,0.0169858784324197,0.0329344640036692
"2462001","2472000",2467000.5,"Fst",0,0,0.0171863672897617,0.0293629198064826
"2463001","2473000",2468000.5,"Fst",0,0,0.0182851656433121,0.0316075929228733
"2464001","2474000",2469000.5,"Fst",0,0,0.0169703856721696,0.0289773010386893
"2465001","2475000",2470000.5,"Fst",0.00238349885408695,0,0.0166526390468885,0.0353623686641884
"2466001","2476000",2471000.5,"Fst",0.00671874681298057,0,0.0186541309826342,0.0428876531270148
"2467001","2477000",2472000.5,"Fst",0.00711938663745892,0,0.0234785748506551,0.0428687269123343
"2468001","2478000",2473000.5,"Fst",0.00462645560684771,0,0.0242256953995813,0.0487845161800775
"2469001","2479000",2474000.5,"Fst",0.001679984128793,0,0.0213598273591222,0.0382952740474864
"2470001","2480000",2475000.5,"Fst",0.0177945653102956,0,0.0202985236303207,0.037655320630212
"2471001","2481000",2476000.5,"Fst",0.0167607062229381,0,0.0197560936519812,0.040300386260701
"2472001","2482000",2477000.5,"Fst",0.0248962774492275,0,0.0210547881171422,0.0428770365054548
"2473001","2483000",2478000.5,"Fst",0.033318582547854,0,0.0221129839322443,0.0488598871957688
"2474001","2484000",2479000.5,"Fst",0.0318703870387039,0,0.0223966413530864,0.0473738247183731
"2475001","2485000",2480000.5,"Fst",0.0513975303213513,0,0.0250517764543197,0.0601014648556517
"2476001","2486000",2481000.5,"Fst",0.0498386207696881,0,0.0234342745988876,0.0613780894619856
"2477001","2487000",2482000.5,"Fst",0.0511305116421912,0,0.0242339252841458,0.0624006287104947
"2478001","2488000",2483000.5,"Fst",0.0552280954830215,0,0.0255993985235515,0.0655045074399914
"2479001","2489000",2484000.5,"Fst",0.0619148583444582,0,0.027330795905611,0.0731362811922491
"2480001","2490000",2485000.5,"Fst",0.0593520193117273,0,0.0302396174278785,0.0783537279204524
"2481001","2491000",2486000.5,"Fst",0.0543084553624538,0,0.0306233602449047,0.0760486140977243
"2482001","2492000",2487000.5,"Fst",0.0435596804317955,0,0.0279548847197494,0.0610482368575955
"2483001","2493000",2488000.5,"Fst",0.0368915393042427,0,0.0287937487214674,0.059959737033804
"2484001","2494000",2489000.5,"Fst",0.037409897048132,0,0.0283155536870326,0.0587201035901082
"2485001","2495000",2490000.5,"Fst",0.00500973571687169,0,0.0270842769169317,0.0572455158669324
"2486001","2496000",2491000.5,"Fst",0.0158110807012353,0,0.0294365687685646,0.0597909566336212
"2487001","2497000",2492000.5,"Fst",0.0153495290034704,0,0.0287833907181088,0.0593976043972337
"2488001","2498000",2493000.5,"Fst",0.0142906106977962,0,0.0296104448603771,0.0556588692602267
"2489001","2499000",2494000.5,"Fst",0.0131908540897305,0,0.0266322779401824,0.0514216980530238
"2490001","2500000",2495000.5,"Fst",0.0139693228582116,0,0.0265278344999142,0.0529172110000198
"2491001","2501000",2496000.5,"Fst",0.017580210183316,0,0.0250358872777809,0.0500243281233105
"2492001","2502000",2497000.5,"Fst",0.0302451300390731,0,0.0362971554606813,0.0809159138669796
"2493001","2503000",2498000.5,"Fst",0.0322672443085287,0,0.0367111322283882,0.0817049168152109
"2494001","2504000",2499000.5,"Fst",0.0318677685950415,0,0.0368831449038852,0.0831769067856757
"2495001","2505000",2500000.5,"Fst",0.0311948101907709,0,0.0368706779839159,0.0818689919787196
"2496001","2506000",2501000.5,"Fst",0.0304307833818795,0,0.0348805761464274,0.0778428596439146
"2497001","2507000",2502000.5,"Fst",0.0304031042707456,0,0.0352553518597062,0.0781027201220786
"2498001","2508000",2503000.5,"Fst",0.0301689246503961,0,0.0370907525885212,0.0741110549871372
"2499001","2509000",2504000.5,"Fst",0.0321613738066179,0,0.0397696012836085,0.0797247800350607
"2500001","2510000",2505000.5,"Fst",0.0336430174465157,0,0.040943295120483,0.0835457823922394
"2501001","2511000",2506000.5,"Fst",0.0273670279604998,0,0.0355470331635032,0.077493816615954
"2502001","2512000",2507000.5,"Fst",0.00180522599325017,0,0.0306457854502918,0.0685634900850172
"2503001","2513000",2508000.5,"Fst",0.00661372603072685,0,0.0324050820361044,0.0676193182045546
"2504001","2514000",2509000.5,"Fst",0.00683409883058073,0,0.0334293764747837,0.0681111667051952
"2505001","2515000",2510000.5,"Fst",0.0254672655455945,0,0.041287765117056,0.111977366586556
"2506001","2516000",2511000.5,"Fst",0.0225287063276493,0,0.0411182964615714,0.117286942607552
"2507001","2517000",2512000.5,"Fst",0.0239009261658129,0,0.038190308807269,0.115242589253758
"2508001","2518000",2513000.5,"Fst",0.0243411878955987,0,0.0382763453009733,0.11524629019179
"2509001","2519000",2514000.5,"Fst",0.0243411878955987,0,0.0382763453009733,0.11524629019179
"2510001","2520000",2515000.5,"Fst",0.0238722229362311,0,0.0379016126685734,0.113337135268067
"2511001","2521000",2516000.5,"Fst",0.0333674607802178,0,0.0383917195751222,0.105492748240029
"2512001","2522000",2517000.5,"Fst",0.0403516704880155,0,0.0446700700947833,0.107389064835873
"2513001","2523000",2518000.5,"Fst",0.0391709548313323,0,0.0476691621887155,0.107744817507424
"2514001","2524000",2519000.5,"Fst",0.035191870570932,0,0.0421361212339801,0.0975288155208077
"2515001","2525000",2520000.5,"Fst",0.0206042418646296,0,0.0226233672621657,0.0740192342987442
"2516001","2526000",2521000.5,"Fst",0.0221187711406353,0,0.0259740798169364,0.0645449669229393
"2517001","2527000",2522000.5,"Fst",0.0173105009606911,0,0.0277901042715535,0.0655016576241059
"2518001","2528000",2523000.5,"Fst",0.0173310306511102,0,0.0285116619361682,0.0707313022457603
"2519001","2529000",2524000.5,"Fst",0.0174820422271864,0,0.0282612799109959,0.0707489844735577
"2520001","2530000",2525000.5,"Fst",0.0188181886756223,0,0.0292670838461665,0.0719213923545061
"2521001","2531000",2526000.5,"Fst",0.00541133852281939,0,0.027370133347651,0.083296868530502
"2522001","2532000",2527000.5,"Fst",0.00410372416593263,0,0.0267171722488234,0.0820750563034403
"2523001","2533000",2528000.5,"Fst",0.00479750474375584,0,0.0267378426644023,0.0630133038758947
"2524001","2534000",2529000.5,"Fst",0.00877388085713815,0,0.0319893044967568,0.0660878385455427
"2525001","2535000",2530000.5,"Fst",0.0115461181154611,0,0.0324383623885279,0.0754685974460351
"2526001","2536000",2531000.5,"Fst",0,0,0.0326652986299078,0.0921577102242712
"2527001","2537000",2532000.5,"Fst",0,0,0.0379746951185261,0.100095540239945
"2528001","2538000",2533000.5,"Fst",0,0,0.0374136044091312,0.0986005143899881
"2529001","2539000",2534000.5,"Fst",0,0,0.0343188983417056,0.0962149953000211
"2530001","2540000",2535000.5,"Fst",0,0,0.0340410911972969,0.0954691269651901
"2531001","2541000",2536000.5,"Fst",0,0,0.0333617781772737,0.0962932073023816
"2532001","2542000",2537000.5,"Fst",0,0,0.0339639528470737,0.10779664613123
"2533001","2543000",2538000.5,"Fst",0,0,0.0335422238300648,0.106307962485521
"2534001","2544000",2539000.5,"Fst",0.00572014749507888,0,0.0271300270522698,0.0816239799019843
"2535001","2545000",2540000.5,"Fst",0.00605394361348921,0,0.026773091050732,0.0812977941374317
"2536001","2546000",2541000.5,"Fst",0.0144687380130417,0,0.0238378495727435,0.0606586142632414
"2537001","2547000",2542000.5,"Fst",0.0174574429554507,0,0.0236824214843873,0.0615004798119646
"2538001","2548000",2543000.5,"Fst",0.0171548419758445,0,0.0236950702607863,0.0594855915665355
"2539001","2549000",2544000.5,"Fst",0.0203536271570548,0,0.0238871720945052,0.0620394528563475
"2540001","2550000",2545000.5,"Fst",0.0184222934741607,0,0.0226558203485914,0.0610603835561998
"2541001","2551000",2546000.5,"Fst",0.0207438973063974,0,0.0235112760966773,0.0649522417599674
"2542001","2552000",2547000.5,"Fst",0.0207438973063974,0,0.0235112760966773,0.0649522417599674
"2543001","2553000",2548000.5,"Fst",0.0213938851360514,0,0.0241900036814221,0.0671243026460441
"2544001","2554000",2549000.5,"Fst",0.0157816121555499,0,0.020481846698381,0.0279243063045398
"2545001","2555000",2550000.5,"Fst",0.015193897012079,0,0.0220406340996957,0.0275995974423355
"2546001","2556000",2551000.5,"Fst",0.0116426619737877,0,0.0210306232977654,0.0318576274172945
"2547001","2557000",2552000.5,"Fst",0.0184883315917799,0,0.0181737375390663,0.0288857655212522
"2548001","2558000",2553000.5,"Fst",0.020594471742912,0,0.0143390689369916,0.0291227278202627
"2549001","2559000",2554000.5,"Fst",0.0164410780987381,0,0.0137342347621493,0.0281648140181067
"2550001","2560000",2555000.5,"Fst",0.0189366900611139,0,0.0144184455993663,0.0317854986273983
"2551001","2561000",2556000.5,"Fst",0.0189366900611139,0,0.0144184455993663,0.0317854986273983
"2552001","2562000",2557000.5,"Fst",0.0189366900611139,0,0.0144184455993663,0.0317854986273983
"2553001","2563000",2558000.5,"Fst",0.0175089952221192,0,0.013287594817804,0.0291569887868476
"2554001","2564000",2559000.5,"Fst",0.0219448940618804,0,0.0136399926238255,0.0239263632889513
"2555001","2565000",2560000.5,"Fst",0.0190484138027271,0,0.0113986562132495,0.0201078803286632
"2556001","2566000",2561000.5,"Fst",0.0207274154612943,0,0.0109616509908734,0.0171294176588996
"2557001","2567000",2562000.5,"Fst",0.0425721475896506,0,0.0190915153632574,0.0467453017389168
"2558001","2568000",2563000.5,"Fst",0.044480819273063,0,0.0204784541228328,0.0530722050160929
"2559001","2569000",2564000.5,"Fst",0.0412323645452479,0,0.0249279374469202,0.0527631681623097
"2560001","2570000",2565000.5,"Fst",0.0398590556730091,0,0.024519823003332,0.0517627717225841
"2561001","2571000",2566000.5,"Fst",0.0395372409213238,0,0.0242939241071971,0.051341516812369
"2562001","2572000",2567000.5,"Fst",0.0385435648241884,0,0.0232523151220303,0.0493060319035595
"2563001","2573000",2568000.5,"Fst",0.0394665008119969,0,0.0238662734457335,0.0505559296670409
"2564001","2574000",2569000.5,"Fst",0.0418666866686669,0,0.0294666714610644,0.0619320962933299
"2565001","2575000",2570000.5,"Fst",0.0421127946127946,0,0.0325817750507677,0.0666412016126259
"2566001","2576000",2571000.5,"Fst",0.059526297457332,0,0.0346232951793472,0.103556424320224
"2567001","2577000",2572000.5,"Fst",0.046368681922061,0,0.0309729475992439,0.0932133613075797
"2568001","2578000",2573000.5,"Fst",0.0482716535737183,0,0.0321495973243076,0.0967586459806761
"2569001","2579000",2574000.5,"Fst",0.0516137125244164,0,0.0321312805110665,0.101236377596873
"2570001","2580000",2575000.5,"Fst",0.0481871112875479,0,0.0295832501342542,0.092862256759257
"2571001","2581000",2576000.5,"Fst",0.0801931322739883,0,0.0444057888474082,0.127853008337316
"2572001","2582000",2577000.5,"Fst",0.0802476644988225,0,0.0444877374059429,0.129513108614232
"2573001","2583000",2578000.5,"Fst",0.07851713357445,0,0.0433935760408983,0.127593818984547
"2574001","2584000",2579000.5,"Fst",0.0824826552881012,0,0.0458057488501379,0.134665099882491
"2575001","2585000",2580000.5,"Fst",0.0886652915429895,0,0.0456940404040403,0.128589743589743
"2576001","2586000",2581000.5,"Fst",0.0667818716698555,0,0.0381758501501793,0.0885761256287573
"2577001","2587000",2582000.5,"Fst",0.0673419113261661,0,0.0385036628084511,0.0893867585810714
"2578001","2588000",2583000.5,"Fst",0.0666599961882981,0,0.0393872013715904,0.0939829338381301
"2579001","2589000",2584000.5,"Fst",0.0608597219640163,0,0.0383549463586379,0.090236295889643
"2580001","2590000",2585000.5,"Fst",0.0637336743228463,0,0.041287102019022,0.0952359227991223
"2581001","2591000",2586000.5,"Fst",0.0337690067939178,0,0.0423626785729957,0.105972029571081
"2582001","2592000",2587000.5,"Fst",0.0353127720432782,0,0.0416529896237405,0.107478569256012
"2583001","2593000",2588000.5,"Fst",0.0359436460798295,0,0.0417156805067126,0.107902995928395
"2584001","2594000",2589000.5,"Fst",0.0322371546066013,0,0.0315527634281024,0.0934474103223727
"2585001","2595000",2590000.5,"Fst",0.0176782992931589,0,0.0433882929225209,0.111298730806238
"2586001","2596000",2591000.5,"Fst",0.0229080986513129,0,0.040019112428718,0.10094246791017
"2587001","2597000",2592000.5,"Fst",0.0313205320950767,0,0.0351948766432392,0.0840147156752508
"2588001","2598000",2593000.5,"Fst",0.027741394229291,0,0.0337491914535899,0.0760740519312261
"2589001","2599000",2594000.5,"Fst",0.0280776014109348,0,0.034780414443363,0.072970783303513
"2590001","2600000",2595000.5,"Fst",0.0254582547680132,0,0.0333921059033609,0.0682430940376281
"2591001","2601000",2596000.5,"Fst",0.0250428074374675,0,0.0315591969286209,0.0650932488732838
"2592001","2602000",2597000.5,"Fst",0.0296428444563728,0,0.0316089230859631,0.0635179763835386
"2593001","2603000",2598000.5,"Fst",0.0319275709974465,0,0.0308210823134017,0.0593643913217786
"2594001","2604000",2599000.5,"Fst",0.0369811342015487,0,0.0291382277656109,0.0564883711870349
"2595001","2605000",2600000.5,"Fst",0.0674818545379225,0,0.0354173069978456,0.055310692757865
"2596001","2606000",2601000.5,"Fst",0.0625428188452565,0,0.0361354197748621,0.0529773572152753
"2597001","2607000",2602000.5,"Fst",0.0570601754464116,0,0.0388900361060172,0.0582430230022488
"2598001","2608000",2603000.5,"Fst",0.063605805958747,0,0.0422740747452814,0.0663759337465876
"2599001","2609000",2604000.5,"Fst",0.056770863821733,0,0.041093245731855,0.068072224882375
"2600001","2610000",2605000.5,"Fst",0.0592938717672716,0,0.0411549531552275,0.068248141621952
"2601001","2611000",2606000.5,"Fst",0.0594592525274719,0,0.0421313323326489,0.0684852912578685
"2602001","2612000",2607000.5,"Fst",0.056367513083931,0,0.0408264922976106,0.0694522795615644
"2603001","2613000",2608000.5,"Fst",0.0573170569363277,0,0.0397920101100687,0.0654966860922561
"2604001","2614000",2609000.5,"Fst",0.0539041870992077,0,0.0364826832174862,0.0605294150636531
"2605001","2615000",2610000.5,"Fst",0.01790726052471,0,0.0251666823062696,0.045188061953288
"2606001","2616000",2611000.5,"Fst",0.0340252053887383,0,0.0241904457564491,0.0406604112364068
"2607001","2617000",2612000.5,"Fst",0.0364429656842924,0,0.0228175863880271,0.0421907583394252
"2608001","2618000",2613000.5,"Fst",0.0329309488325882,0,0.0222280480633303,0.0403951580186023
"2609001","2619000",2614000.5,"Fst",0.0461651770607321,0,0.025899275349672,0.0637732980655928
"2610001","2620000",2615000.5,"Fst",0.0414188968052164,0,0.0308255411953196,0.0698428652404356
"2611001","2621000",2616000.5,"Fst",0.0341928374655647,0,0.0321815382931415,0.0745002953167712
"2612001","2622000",2617000.5,"Fst",0.028294589423116,0,0.0318014281307488,0.0778412502606356
"2613001","2623000",2618000.5,"Fst",0.024757689002578,0,0.0320395169844693,0.0695595688918933
"2614001","2624000",2619000.5,"Fst",0.0206057601298058,0,0.0338541564198129,0.0706050905509167
"2615001","2625000",2620000.5,"Fst",0.0204097298853332,0,0.032590042551516,0.068148231792413
"2616001","2626000",2621000.5,"Fst",0.0225236211001335,0,0.0317519065332028,0.0630168759827815
"2617001","2627000",2622000.5,"Fst",0.0215833441404056,0,0.0310800251488137,0.0620630689128093
"2618001","2628000",2623000.5,"Fst",0.0251483677657338,0,0.0293250550604737,0.0585767242257058
"2619001","2629000",2624000.5,"Fst",0.0217376570864061,0,0.0288122406661612,0.0644725160222099
"2620001","2630000",2625000.5,"Fst",0.023404553923585,0,0.0290265911498141,0.0626188779081341
"2621001","2631000",2626000.5,"Fst",0.0444989743190258,0,0.0270473640358927,0.0546978524899406
"2622001","2632000",2627000.5,"Fst",0.051383064833988,0,0.0267422345684957,0.0486704761018975
"2623001","2633000",2628000.5,"Fst",0.0551946151594966,0,0.0255515555318205,0.0451584889274858
"2624001","2634000",2629000.5,"Fst",0.0592953094121241,0,0.0208937833771595,0.0385641763768233
"2625001","2635000",2630000.5,"Fst",0.0618096005824839,0,0.0219656058934525,0.0412942761005096
"2626001","2636000",2631000.5,"Fst",0.0542986699369414,0,0.0231898677603531,0.0390142438958995
"2627001","2637000",2632000.5,"Fst",0.0561724182876246,0,0.0224196670273999,0.0373468543673989
"2628001","2638000",2633000.5,"Fst",0.0578592003687061,0,0.0233406188380534,0.0477924156448818
"2629001","2639000",2634000.5,"Fst",0.0556103386085105,0,0.0222468796181319,0.0458710618238546
"2630001","2640000",2635000.5,"Fst",0.0534438147848311,0,0.0218992592003276,0.0467882350321732
"2631001","2641000",2636000.5,"Fst",0.0289290339290339,0,0.0230525182303471,0.048325151839174
"2632001","2642000",2637000.5,"Fst",0.0210797410161985,0,0.0308665523176277,0.0760794991204956
"2633001","2643000",2638000.5,"Fst",0.0172161132710832,0,0.0411502574632373,0.0953366868362859
"2634001","2644000",2639000.5,"Fst",0.00582951194952142,0,0.0440991159269841,0.111085231821821
"2635001","2645000",2640000.5,"Fst",0.011050814961474,0,0.034424863051901,0.0807949656546919
"2636001","2646000",2641000.5,"Fst",0.0117663579524558,0,0.0327780602969393,0.07333090666424
"2637001","2647000",2642000.5,"Fst",0.0173918489898337,0,0.0322914192267106,0.0648496334156473
"2638001","2648000",2643000.5,"Fst",0.0172824522503596,0,0.0320714031860204,0.0644223217426856
"2639001","2649000",2644000.5,"Fst",0.0174040837560152,0,0.0312362606824541,0.0708234287601731
"2640001","2650000",2645000.5,"Fst",0.0229444860892117,0,0.0308561280708341,0.0725489307035441
"2641001","2651000",2646000.5,"Fst",0.0200411643634225,0,0.0317197811775931,0.07513067024008
"2642001","2652000",2647000.5,"Fst",0.0267893552696338,0,0.0311440873946738,0.0828254384348101
"2643001","2653000",2648000.5,"Fst",0.0303581330228174,0,0.0276173412992138,0.0896822189442772
"2644001","2654000",2649000.5,"Fst",0.0437993473193472,0,0.0263760289170231,0.0957824893227578
"2645001","2655000",2650000.5,"Fst",0.0506882978167179,0,0.0284136002233148,0.101779065555958
"2646001","2656000",2651000.5,"Fst",0.0541551235083483,0,0.0276940657039684,0.089014948629303
"2647001","2657000",2652000.5,"Fst",0.0554565717120479,0,0.0302759835840181,0.106188072536923
"2648001","2658000",2653000.5,"Fst",0.0542311502852653,0,0.0295265667851899,0.103903706142758
"2649001","2659000",2654000.5,"Fst",0.0602060072656153,0,0.0255127560826251,0.078656976720983
"2650001","2660000",2655000.5,"Fst",0.0559140060691543,0,0.0215183629208143,0.0364329499425997
"2651001","2661000",2656000.5,"Fst",0.0459793677457317,0,0.0211549952375935,0.0446955430006278
"2652001","2662000",2657000.5,"Fst",0.0403658117002029,0,0.0198296552538119,0.0365935881407394
"2653001","2663000",2658000.5,"Fst",0.0431260352356572,0,0.0216717631882796,0.0395780973551694
"2654001","2664000",2659000.5,"Fst",0.0224649192480806,0,0.0282078827901945,0.0524372125928545
"2655001","2665000",2660000.5,"Fst",0.0265269273041292,0,0.0254206323834188,0.0484359188212399
"2656001","2666000",2661000.5,"Fst",0.024389144776487,0,0.0250682702555841,0.0552632297111303
"2657001","2667000",2662000.5,"Fst",0.0319618784681196,0,0.0226803135096233,0.0435538929155951
"2658001","2668000",2663000.5,"Fst",0.0304402461218477,0,0.0229711978943277,0.0396454486357328
"2659001","2669000",2664000.5,"Fst",0.0305516950076301,0,0.0226236437049008,0.0372814212714682
"2660001","2670000",2665000.5,"Fst",0.0262874847677588,0,0.0221558673228479,0.0411453763102264
"2661001","2671000",2666000.5,"Fst",0.0366576563759662,0,0.0213916627500379,0.0431341511673924
"2662001","2672000",2667000.5,"Fst",0.0377134493413563,0,0.0219635333132676,0.0441664345227544
"2663001","2673000",2668000.5,"Fst",0.0324793052975979,0,0.0200654034548622,0.0440667249177887
"2664001","2674000",2669000.5,"Fst",0.0277173650379393,0,0.0202632555491986,0.037877874417415
"2665001","2675000",2670000.5,"Fst",0.0260657421674371,0,0.0211167654017164,0.0394337778154162
"2666001","2676000",2671000.5,"Fst",0.0271989809600428,0,0.0205414570318759,0.037598588625986
"2667001","2677000",2672000.5,"Fst",0.0177130260675369,0,0.0205647493406326,0.0367388007771561
"2668001","2678000",2673000.5,"Fst",0.0179079891751971,0,0.0220879441822002,0.0371011632903133
"2669001","2679000",2674000.5,"Fst",0.0109575984069912,0,0.0220447149746765,0.0347284018537164
"2670001","2680000",2675000.5,"Fst",0.0122301531274782,0,0.0206813771089738,0.0331685299450801
"2671001","2681000",2676000.5,"Fst",0.00504563595840213,0,0.0202251017480358,0.0378417574325315
"2672001","2682000",2677000.5,"Fst",0.00690609052320323,0,0.0198918882945733,0.0353249852156197
"2673001","2683000",2678000.5,"Fst",0.0036289670156946,0,0.0202787962630203,0.0496561987476727
"2674001","2684000",2679000.5,"Fst",0.00805535671677415,0,0.0185640731126601,0.0400092218897985
"2675001","2685000",2680000.5,"Fst",0.00822371626230145,0,0.0189530994420991,0.0410286790412149
"2676001","2686000",2681000.5,"Fst",0.00904919760268708,0,0.0208402488886263,0.0433616482305434
"2677001","2687000",2682000.5,"Fst",0.00904508220198208,0,0.0229922813812492,0.0445938494872726
"2678001","2688000",2683000.5,"Fst",0.0101075997627721,0,0.0208756035644391,0.0382896015549079
"2679001","2689000",2684000.5,"Fst",0.0182378829927397,0,0.0144465325149476,0.0311409259808911
"2680001","2690000",2685000.5,"Fst",0.0263295332748709,0,0.0171851507462564,0.0326880541799603
"2681001","2691000",2686000.5,"Fst",0.0420800295039645,0,0.0171637716350537,0.0370256463719767
"2682001","2692000",2687000.5,"Fst",0.0422737667428944,0,0.0188255209528168,0.0349387396985554
"2683001","2693000",2688000.5,"Fst",0.0401871059589179,0,0.0175530735581103,0.0333325669405754
"2684001","2694000",2689000.5,"Fst",0.044730846055788,0,0.0176387328569489,0.0296377428907548
"2685001","2695000",2690000.5,"Fst",0.0439284935687814,0,0.0155174061581942,0.0289575257388186
"2686001","2696000",2691000.5,"Fst",0.0380992086469792,0,0.0145230840214316,0.0266955632920634
"2687001","2697000",2692000.5,"Fst",0.0353310002916303,0,0.02062888255979,0.0452861952861954
"2688001","2698000",2693000.5,"Fst",0.0309201835324961,0,0.0238983769235155,0.0601475078877156
"2689001","2699000",2694000.5,"Fst",0.0318842075832849,0,0.0240586080494518,0.051266085512661
"2690001","2700000",2695000.5,"Fst",0.0291416553849821,0,0.0240395495881181,0.0519187358916479
"2691001","2701000",2696000.5,"Fst",0.0254301363338691,0,0.0287917675891596,0.0717230732187498
"2692001","2702000",2697000.5,"Fst",0.0274082722709826,0,0.0347187543330567,0.08561692585804
"2693001","2703000",2698000.5,"Fst",0.0269315180597404,0,0.0347031072776507,0.0859697634862264
"2694001","2704000",2699000.5,"Fst",0.0293225601018946,0,0.0352293267728042,0.088036974092751
"2695001","2705000",2700000.5,"Fst",0.0283546831955923,0,0.0374324607345497,0.0916819542493076
"2696001","2706000",2701000.5,"Fst",0.026900080545167,0,0.0352219886305629,0.0871452337640127
"2697001","2707000",2702000.5,"Fst",0.0266473812967626,0,0.0375384363893654,0.0937575691577651
"2698001","2708000",2703000.5,"Fst",0.02819410088237,0,0.0358906241248518,0.0897568290969836
"2699001","2709000",2704000.5,"Fst",0.0274048579792706,0,0.0333011794968799,0.0797724591206832
"2700001","2710000",2705000.5,"Fst",0.0262803716550628,0,0.0296075534180447,0.0711884071604677
"2701001","2711000",2706000.5,"Fst",0.027621346205417,0,0.0202720300228135,0.038994343686467
"2702001","2712000",2707000.5,"Fst",0.0255790370777911,0,0.0169620866844825,0.0416989805667015
"2703001","2713000",2708000.5,"Fst",0.0269370101821278,0,0.0168751201866065,0.0436310175868597
"2704001","2714000",2709000.5,"Fst",0.0188677036880976,0,0.0168189857891029,0.0435128535762298
"2705001","2715000",2710000.5,"Fst",0.0183564927750974,0,0.0169395875546781,0.0434677567545585
"2706001","2716000",2711000.5,"Fst",0.0239235199066066,0,0.0193345489905019,0.0539321393675418
"2707001","2717000",2712000.5,"Fst",0.0291495927556028,0,0.0203599107543831,0.0606572814263622
"2708001","2718000",2713000.5,"Fst",0.0305880117792343,0,0.0188160007805569,0.0384828619904776
"2709001","2719000",2714000.5,"Fst",0.0169899509231128,0,0.0185094088806646,0.0458319853337649
"2710001","2720000",2715000.5,"Fst",0.0167895167895169,0,0.0192168588507723,0.0463639250555732
"2711001","2721000",2716000.5,"Fst",0.00245569005584267,0,0.0204723983532674,0.0590299841709087
"2712001","2722000",2717000.5,"Fst",0.00146863151154997,0,0.0194189701473737,0.0534622240504593
"2713001","2723000",2718000.5,"Fst",0.00641415537738443,0,0.0193646326607081,0.0428722002635046
"2714001","2724000",2719000.5,"Fst",0.00641415537738443,0,0.0193197789208428,0.0427908047110652
"2715001","2725000",2720000.5,"Fst",0.00610350794399872,0,0.0180259870109256,0.0350204219125017
"2716001","2726000",2721000.5,"Fst",0.00239745521513457,0,0.0229135863638578,0.050307139921701
"2717001","2727000",2722000.5,"Fst",0.000432666895533118,0,0.0211885204985488,0.0508289751863804
"2718001","2728000",2723000.5,"Fst",0.00575068315026361,0,0.0200996235108096,0.047398178653124
"2719001","2729000",2724000.5,"Fst",0.0121661128905119,0,0.01939665154037,0.041497291472937
"2720001","2730000",2725000.5,"Fst",0.0201514091227177,0,0.0180182581367414,0.0375754195609186
"2721001","2731000",2726000.5,"Fst",0.0295125164690382,0,0.0179016648350146,0.035477434377814
"2722001","2732000",2727000.5,"Fst",0.0315610983481019,0,0.018388390799901,0.0370867141358946
"2723001","2733000",2728000.5,"Fst",0.0436209418621792,0,0.018035856899374,0.0325846612210822
"2724001","2734000",2729000.5,"Fst",0.0387524834380955,0,0.0222947526925235,0.0359831045011607
"2725001","2735000",2730000.5,"Fst",0.0161705026807666,0,0.04052542453886,0.114155245702124
"2726001","2736000",2731000.5,"Fst",0.0196528390703148,0,0.0380365894613973,0.119846309989851
"2727001","2737000",2732000.5,"Fst",0.0181806302935275,0,0.0392211603349606,0.109963158827425
"2728001","2738000",2733000.5,"Fst",0.0172653916567354,0,0.0419499394514052,0.11694449366964
"2729001","2739000",2734000.5,"Fst",0.0220159860666189,0,0.0421852234344828,0.119303495963947
"2730001","2740000",2735000.5,"Fst",0.0184393573066736,0,0.0449505586604832,0.124419333806753
"2731001","2741000",2736000.5,"Fst",0.0124938645775254,0,0.0484479259694849,0.128759824517224
"2732001","2742000",2737000.5,"Fst",0.00617042662497191,0,0.037037537393024,0.102563536917593
"2733001","2743000",2738000.5,"Fst",0.00111945161923965,0,0.0369755471768826,0.100991011038259
"2734001","2744000",2739000.5,"Fst",0.0123976032983336,0,0.0325364369770312,0.0801353787918088
"2735001","2745000",2740000.5,"Fst",0.0380857882551521,0,0.0234549156098913,0.0625070567622337
"2736001","2746000",2741000.5,"Fst",0.0439684877578668,0,0.023624768653237,0.0621921609434617
"2737001","2747000",2742000.5,"Fst",0.0502164502164503,0,0.0261516709623004,0.0706084695143591
"2738001","2748000",2743000.5,"Fst",0.049195952730362,0,0.0254909073837528,0.0692003614473163
"2739001","2749000",2744000.5,"Fst",0.0423622030399299,0,0.0274857243713585,0.0707587543542599
"2740001","2750000",2745000.5,"Fst",0.0407454361720277,0,0.0263776362323476,0.070102673736259
"2741001","2751000",2746000.5,"Fst",0.0321688877674561,0,0.0234247233076041,0.056977536776315
"2742001","2752000",2747000.5,"Fst",0.0470293875151826,0,0.0189603540943244,0.0378732648477484
"2743001","2753000",2748000.5,"Fst",0.0474320644844396,0,0.0207734791010421,0.0420904198681976
"2744001","2754000",2749000.5,"Fst",0.0454072673240579,0,0.0258136369177491,0.0631303928045267
"2745001","2755000",2750000.5,"Fst",0.0325396613626728,0,0.0265626392935432,0.0669337346186492
"2746001","2756000",2751000.5,"Fst",0.0188737962521002,0,0.025177051061884,0.0574568015049397
"2747001","2757000",2752000.5,"Fst",0.0180463942740918,0,0.0246505432210756,0.0545129067733676
"2748001","2758000",2753000.5,"Fst",0.0185805895349466,0,0.0238408673389125,0.0542548521528141
"2749001","2759000",2754000.5,"Fst",0.0196409656018287,0,0.0240066688332765,0.0535911116453759
"2750001","2760000",2755000.5,"Fst",0.0209082598352396,0,0.0248702071657785,0.0555387018609107
"2751001","2761000",2756000.5,"Fst",0.0284953712403072,0,0.0259489762135402,0.0699838869154429
"2752001","2762000",2757000.5,"Fst",0.0267537292428933,0,0.0302905756700271,0.0850610493230174
"2753001","2763000",2758000.5,"Fst",0.026913388160332,0,0.0302278216590855,0.0839978126864188
"2754001","2764000",2759000.5,"Fst",0.0151946311241085,0,0.0205607485709702,0.0374415319588649
"2755001","2765000",2760000.5,"Fst",0.0145001050661429,0,0.0217303976024018,0.0397664142798966
"2756001","2766000",2761000.5,"Fst",0.0228276703807236,0,0.0191833873816928,0.0403186015366179
"2757001","2767000",2762000.5,"Fst",0.0254156487915944,0,0.0234147281147957,0.0476400367309459
"2758001","2768000",2763000.5,"Fst",0.0203733333333334,0,0.0253349365433556,0.0482704220611899
"2759001","2769000",2764000.5,"Fst",0.020224358974359,0,0.0251170098057102,0.0487065666615645
"2760001","2770000",2765000.5,"Fst",0.0197547787678014,0,0.0241404288338999,0.0468893688243512
"2761001","2771000",2766000.5,"Fst",0.0184468131390038,0,0.0236248277431164,0.0451311247530811
"2762001","2772000",2767000.5,"Fst",0.019045362398968,0,0.0232308580749161,0.0452824433903725
"2763001","2773000",2768000.5,"Fst",0.0188892625390774,0,0.0210270742980176,0.0461390291203807
"2764001","2774000",2769000.5,"Fst",0.00587167338263284,0,0.0136833320133534,0.0327277174415588
"2765001","2775000",2770000.5,"Fst",0.00603632721809966,0,0.0140589138995519,0.0335930940044806
"2766001","2776000",2771000.5,"Fst",0.00588170063651894,0,0.0137403564599257,0.0325838242041506
"2767001","2777000",2772000.5,"Fst",0.00580242861831315,0,0.013554878730982,0.0322062231510847
"2768001","2778000",2773000.5,"Fst",0.00823349145027463,0,0.0090997991897902,0.0144024179098878
"2769001","2779000",2774000.5,"Fst",0.00970350868136227,0,0.00969602789387854,0.0163258828639204
"2770001","2780000",2775000.5,"Fst",0.0091928458900935,0,0.0100899016538328,0.0171160871141353
"2771001","2781000",2776000.5,"Fst",0.0109279490180777,0,0.0103732046967872,0.0164945925399123
"2772001","2782000",2777000.5,"Fst",0.0108088629659425,0,0.0109199968730349,0.0169754176972388
"2773001","2783000",2778000.5,"Fst",0.0181114369501465,0,0.0189788607130406,0.0305332292885941
"2774001","2784000",2779000.5,"Fst",0.0124281750453343,0,0.0199830562586708,0.0478604288748707
"2775001","2785000",2780000.5,"Fst",0.0125389189218977,0,0.020184065529547,0.048337160290202
"2776001","2786000",2781000.5,"Fst",0.0126354251697847,0,0.0203891617160575,0.0488234845762695
"2777001","2787000",2782000.5,"Fst",0.013142674364339,0,0.0193987952852701,0.0457383316655121
"2778001","2788000",2783000.5,"Fst",0.0117642773892773,0,0.0199651125375375,0.0443279857397504
"2779001","2789000",2784000.5,"Fst",0.0111314662015934,0,0.0200364105595341,0.0409660081557373
"2780001","2790000",2785000.5,"Fst",0.0454246692274861,0,0.0189449593166057,0.0350573229049668
"2781001","2791000",2786000.5,"Fst",0.0623195672252276,0,0.0202224368983244,0.0401970549438717
"2782001","2792000",2787000.5,"Fst",0.0595204178537512,0,0.0189902695289411,0.0421099437687116
"2783001","2793000",2788000.5,"Fst",0.0636043997367678,0,0.0203905689641769,0.0489069515702364
"2784001","2794000",2789000.5,"Fst",0.103176441683339,0,0.0220863785380183,0.0472498847857015
"2785001","2795000",2790000.5,"Fst",0.10273205382146,0,0.0225584830365483,0.0457899890765031
"2786001","2796000",2791000.5,"Fst",0.102479596375081,0,0.0225921256414007,0.0457761612999801
"2787001","2797000",2792000.5,"Fst",0.10555521294934,0,0.0236552525561959,0.0476497933884298
"2788001","2798000",2793000.5,"Fst",0.10853906957571,0,0.0248402516045373,0.0488717358345757
"2789001","2799000",2794000.5,"Fst",0.11326138267093,0,0.0270865362332011,0.0522985177937957
"2790001","2800000",2795000.5,"Fst",0.123923865300146,0,0.0241696237971347,0.0526599141701686
"2791001","2801000",2796000.5,"Fst",0.107867000638475,0,0.0232121013559798,0.0573917942282799
"2792001","2802000",2797000.5,"Fst",0.112442438473972,0,0.0262623142270084,0.0586656566430213
"2793001","2803000",2798000.5,"Fst",0.102969940098174,0,0.0242118785569946,0.0607584434934623
"2794001","2804000",2799000.5,"Fst",0.0835964984797966,0,0.0268016479941294,0.0666161691306759
"2795001","2805000",2800000.5,"Fst",0.118748278463731,0,0.0262956861660943,0.0594797314264778
"2796001","2806000",2801000.5,"Fst",0.242517113005884,0,0.0315499167268777,0.0713921492196862
"2797001","2807000",2802000.5,"Fst",0.242666709392124,0,0.0315499167268777,0.071344563517483
"2798001","2808000",2803000.5,"Fst",0.227274158911954,0,0.0321885608835452,0.0797898894518068
"2799001","2809000",2804000.5,"Fst",0.230192345337094,0,0.0325969547955532,0.0807911796813965
"2800001","2810000",2805000.5,"Fst",0.230418043903643,0,0.0347404131263002,0.0805202534179501
"2801001","2811000",2806000.5,"Fst",0.236895046498387,0,0.0365581898048243,0.0833167451092853
"2802001","2812000",2807000.5,"Fst",0.243711260721711,0,0.0356057782966981,0.0874644805846826
"2803001","2813000",2808000.5,"Fst",0.233616742969261,0,0.0330885925354984,0.0866909416904613
"2804001","2814000",2809000.5,"Fst",0.228902026259597,0,0.0343167412086434,0.0892497041133541
"2805001","2815000",2810000.5,"Fst",0.215518235524759,0,0.0354242615290092,0.0875906858641665
"2806001","2816000",2811000.5,"Fst",0.0432874787164577,0,0.0321715379950503,0.097018833219311
"2807001","2817000",2812000.5,"Fst",0.0397242932748255,0,0.024186762797273,0.067162484607589
"2808001","2818000",2813000.5,"Fst",0.0371893085370971,0,0.0238781874519814,0.0698519882460338
"2809001","2819000",2814000.5,"Fst",0.036736842183857,0,0.0228321695229772,0.0651486356982857
"2810001","2820000",2815000.5,"Fst",0.0371780413225086,0,0.023319366561796,0.0662252181588606
"2811001","2821000",2816000.5,"Fst",0.0371819846462805,0,0.0228297941335433,0.0654971089995583
"2812001","2822000",2817000.5,"Fst",0.0380681267866859,0,0.023221215365772,0.0660935837558088
"2813001","2823000",2818000.5,"Fst",0.0401283778746871,0,0.0230086989540911,0.0666034358599668
"2814001","2824000",2819000.5,"Fst",0.0418000567538163,0,0.0232156602962557,0.055307028537167
"2815001","2825000",2820000.5,"Fst",0.035707350597351,0,0.0274971379379122,0.0619609159052371
"2816001","2826000",2821000.5,"Fst",0.0286999254328043,0,0.0335785203981102,0.0840590675796667
"2817001","2827000",2822000.5,"Fst",0.0276633444957216,0,0.0464535432758534,0.118507383695059
"2818001","2828000",2823000.5,"Fst",0.026258595072734,0,0.0435292457154794,0.108955818582556
"2819001","2829000",2824000.5,"Fst",0.0371804384316294,0,0.0448380095673032,0.109169761078639
"2820001","2830000",2825000.5,"Fst",0.036859209041228,0,0.0441518889354945,0.107891693735871
"2821001","2831000",2826000.5,"Fst",0.0366694284996281,0,0.044332076629889,0.108706986214017
"2822001","2832000",2827000.5,"Fst",0.0373695694812201,0,0.0437069965491043,0.106679913440612
"2823001","2833000",2828000.5,"Fst",0.036227828018404,0,0.0454675188049494,0.109597871148158
"2824001","2834000",2829000.5,"Fst",0.0350213176605763,0,0.0387490932789081,0.089036099236715
"2825001","2835000",2830000.5,"Fst",0.0601799345333359,0,0.025314635701448,0.0482986863186149
"2826001","2836000",2831000.5,"Fst",0.0639141414141415,0,0.025699463885252,0.0504933230711699
"2827001","2837000",2832000.5,"Fst",0.0574019685965591,0,0.0233824082508263,0.0529244175281415
"2828001","2838000",2833000.5,"Fst",0.0665245419014262,0,0.0217946315554203,0.051301855766972
"2829001","2839000",2834000.5,"Fst",0.0220417877404179,0,0.0274532206266121,0.0410724593820581
"2830001","2840000",2835000.5,"Fst",0.0207375681164665,0,0.0260627039536926,0.0429725396175069
"2831001","2841000",2836000.5,"Fst",0.0206848822957608,0,0.0279037274548389,0.0442052413864313
"2832001","2842000",2837000.5,"Fst",0.0151821025913464,0,0.0295329173000905,0.0458978978978978
"2833001","2843000",2838000.5,"Fst",0.0117837104986082,0,0.0254352555871056,0.0496384159359604
"2834001","2844000",2839000.5,"Fst",0.0014876674886658,0,0.0266192474737424,0.0503009999492413
"2835001","2845000",2840000.5,"Fst",0.00545406786541525,0,0.0250738060867019,0.0486076071722004
"2836001","2846000",2841000.5,"Fst",0.0281020146213515,0,0.0203612386973991,0.0563165438165438
"2837001","2847000",2842000.5,"Fst",0.0333900522570351,0,0.0191189453380079,0.0606552187724609
"2838001","2848000",2843000.5,"Fst",0.0352048823602554,0,0.0193161095590778,0.0519706265105039
"2839001","2849000",2844000.5,"Fst",0.0362542570910084,0,0.020013142462373,0.0561733322130734
"2840001","2850000",2845000.5,"Fst",0.0385031294540498,0,0.0226207223987912,0.0588794970578651
"2841001","2851000",2846000.5,"Fst",0.0382671931325108,0,0.0224942951665295,0.0588674953286211
"2842001","2852000",2847000.5,"Fst",0.0414837308365492,0,0.0240093111489223,0.054936801354608
"2843001","2853000",2848000.5,"Fst",0.0396199592959632,0,0.022391052606566,0.0660736192160929
"2844001","2854000",2849000.5,"Fst",0.0402759881385576,0,0.0220832765046738,0.0660175838711107
"2845001","2855000",2850000.5,"Fst",0.0386225120402335,0,0.0230283426358395,0.0686200272040159
"2846001","2856000",2851000.5,"Fst",0.0225905068382943,0,0.0247272031903979,0.0896407856002687
"2847001","2857000",2852000.5,"Fst",0.0182139131830219,0,0.0273583076303665,0.0920136662221488
"2848001","2858000",2853000.5,"Fst",0.0128633836653029,0,0.0290115512397728,0.0914071255230462
"2849001","2859000",2854000.5,"Fst",0.0140524865883719,0,0.0298889761001107,0.0960831052647068
"2850001","2860000",2855000.5,"Fst",0.057705597046957,0,0.0275139525934436,0.0770030816640985
"2851001","2861000",2856000.5,"Fst",0.0587436815768752,0,0.0263505009389744,0.0727597747205589
"2852001","2862000",2857000.5,"Fst",0.0616777941384109,0,0.0279529087087439,0.085235380906694
"2853001","2863000",2858000.5,"Fst",0.0977108090309516,0,0.0311996546380529,0.0962299613045883
"2854001","2864000",2859000.5,"Fst",0.0938814658651699,0,0.029668030356567,0.0948815073815074
"2855001","2865000",2860000.5,"Fst",0.0918621926947549,0,0.0302652098394676,0.0954125639264178
"2856001","2866000",2861000.5,"Fst",0.0831994679490458,0,0.0273778131098736,0.0878116415958142
"2857001","2867000",2862000.5,"Fst",0.0820199749674321,0,0.0279998900902415,0.0867732900557548
"2858001","2868000",2863000.5,"Fst",0.0841762422157951,0,0.0278243980910341,0.0890818261961369
"2859001","2869000",2864000.5,"Fst",0.0796075376150364,0,0.0268646388391792,0.084075956937799
"2860001","2870000",2865000.5,"Fst",0.0154498351389543,0,0.011737021562695,0.0206394084384515
"2861001","2871000",2866000.5,"Fst",0.022636672064153,0,0.0267633708208558,0.0521679205191523
"2862001","2872000",2867000.5,"Fst",0.022636672064153,0,0.0267633708208558,0.0521679205191523
"2863001","2873000",2868000.5,"Fst",0.0313345902116767,0,0.0332622112918887,0.0622483684162148
"2864001","2874000",2869000.5,"Fst",0.0243007336272602,0,0.0324008328047211,0.0753659277964832
"2865001","2875000",2870000.5,"Fst",0.0251262626262627,0,0.033324138569586,0.0757671087596372
"2866001","2876000",2871000.5,"Fst",0.0274272601258814,0,0.0361699990684155,0.0824861831917636
"2867001","2877000",2872000.5,"Fst",0.0332702082235343,0,0.0339890295630845,0.0888742727472528
"2868001","2878000",2873000.5,"Fst",0.03150819555519,0,0.0312688248602754,0.0826191572609274
"2869001","2879000",2874000.5,"Fst",0.0310723397791138,0,0.0325974395458473,0.0834599545711108
"2870001","2880000",2875000.5,"Fst",0.0323720188329595,0,0.0326699408088673,0.0863611019055316
"2871001","2881000",2876000.5,"Fst",0.028176988073788,0,0.0361148405304061,0.0822415651333903
"2872001","2882000",2877000.5,"Fst",0.0265363056159417,0,0.0347324876944028,0.0789034537839318
"2873001","2883000",2878000.5,"Fst",0.0198802426822899,0,0.0389341685149428,0.0810884940259079
"2874001","2884000",2879000.5,"Fst",0.0246294214342428,0,0.0299089451215619,0.0742431134206516
"2875001","2885000",2880000.5,"Fst",0.0240084118228824,0,0.0289534904314678,0.072542741429979
"2876001","2886000",2881000.5,"Fst",0.0248772683966548,0,0.0287305845923484,0.0675417832279867
"2877001","2887000",2882000.5,"Fst",0.00855170518940818,0,0.0100273726199198,0.0196914033798677
"2878001","2888000",2883000.5,"Fst",0.0102516429742676,0,0.0094043032364928,0.0213283275230177
"2879001","2889000",2884000.5,"Fst",0.0115773460953381,0,0.0100591027460547,0.0214638694638695
"2880001","2890000",2885000.5,"Fst",0.00738970924235904,0,0.00817733441039118,0.0154244105588535
"2881001","2891000",2886000.5,"Fst",0.00817317470002032,0,0.00792517837313441,0.0158998792961057
"2882001","2892000",2887000.5,"Fst",0.0186723939628665,0,0.0109547020472509,0.0190423458029093
"2883001","2893000",2888000.5,"Fst",0.0204295016278487,0,0.0104795315083582,0.0190435157259801
"2884001","2894000",2889000.5,"Fst",0.0265615628480848,0,0.0115602160291131,0.0252160079258478
"2885001","2895000",2890000.5,"Fst",0.0289127587110296,0,0.0117386055011061,0.0241191337965532
"2886001","2896000",2891000.5,"Fst",0.0262922582163305,0,0.0108571688373746,0.0212218877908886
"2887001","2897000",2892000.5,"Fst",0.0215162000629128,0,0.0136014528196516,0.0304117543976264
"2888001","2898000",2893000.5,"Fst",0.02790202342918,0,0.015003677008645,0.0411754695987957
"2889001","2899000",2894000.5,"Fst",0.0259347024749867,0,0.014194601166471,0.0388350101211516
"2890001","2900000",2895000.5,"Fst",0.0242102175675908,0,0.0137275873479693,0.0371863799283154
"2891001","2901000",2896000.5,"Fst",0.02369832439455,0,0.0133589443700293,0.0346464459651069
"2892001","2902000",2897000.5,"Fst",0.020658851378008,0,0.0148262707427369,0.0362616252186805
"2893001","2903000",2898000.5,"Fst",0.0376119097559727,0,0.0285098930996019,0.0498471954209017
"2894001","2904000",2899000.5,"Fst",0.0365721307853751,0,0.0291365740442501,0.0423124462402511
"2895001","2905000",2900000.5,"Fst",0.03914949583516,0,0.029262600256686,0.039336790164757
"2896001","2906000",2901000.5,"Fst",0.0398967636771147,0,0.0299657491631108,0.0404610078477016
"2897001","2907000",2902000.5,"Fst",0.0430379746835443,0,0.0317400292312751,0.0431443850267379
"2898001","2908000",2903000.5,"Fst",0.0413927971894846,0,0.0301574797856287,0.0464374066727585
"2899001","2909000",2904000.5,"Fst",0.042674705985875,0,0.0307914266612815,0.0481817416396857
"2900001","2910000",2905000.5,"Fst",0.0455488075840615,0,0.0277269357377748,0.0480793411291337
"2901001","2911000",2906000.5,"Fst",0.0453759936799486,0,0.0281930757483002,0.0479224594310131
"2902001","2912000",2907000.5,"Fst",0.0480907237972186,0,0.0274567921765636,0.0446474192308561
"2903001","2913000",2908000.5,"Fst",0.0380605225044564,0,0.0224086265972288,0.0583005552864114
"2904001","2914000",2909000.5,"Fst",0.0279317112750957,0,0.0274783185560533,0.0477171280862245
"2905001","2915000",2910000.5,"Fst",0.0215282792975835,0,0.0241344080929745,0.0461146944540265
"2906001","2916000",2911000.5,"Fst",0.0211302871520526,0,0.0231466230767008,0.0437674554903683
"2907001","2917000",2912000.5,"Fst",0.0192137710255612,0,0.0208865073864498,0.0413699684198714
"2908001","2918000",2913000.5,"Fst",0.017371976849101,0,0.0220292628558096,0.0377906103781739
"2909001","2919000",2914000.5,"Fst",0.0189278559655129,0,0.0205923116589355,0.0355588903260586
"2910001","2920000",2915000.5,"Fst",0.0116800864535445,0,0.0206250102416251,0.0370097847810933
"2911001","2921000",2916000.5,"Fst",0.0130373925214957,0,0.0191540182808347,0.0333789113723572
"2912001","2922000",2917000.5,"Fst",0.0165438673109524,0,0.017701698365195,0.031080244346484
"2913001","2923000",2918000.5,"Fst",0.0130033923948888,0,0.0231413248484592,0.0490921528978749
"2914001","2924000",2919000.5,"Fst",0.0151867075837344,0,0.0260594402750907,0.060587197177787
"2915001","2925000",2920000.5,"Fst",0.0141931097850825,0,0.0274747275758079,0.0636846542781595
"2916001","2926000",2921000.5,"Fst",0.0169659510375452,0,0.0278544238087514,0.0650030440778928
"2917001","2927000",2922000.5,"Fst",0.0180597963832511,0,0.0296479605369549,0.068011787312952
"2918001","2928000",2923000.5,"Fst",0.0189579288025891,0,0.0306408696376478,0.0690628352246914
"2919001","2929000",2924000.5,"Fst",0.0145899145899147,0,0.0321326360776211,0.0791578055358643
"2920001","2930000",2925000.5,"Fst",0.0158248216430034,0,0.0322177373951566,0.0802181070637447
"2921001","2931000",2926000.5,"Fst",0.0140998579420052,0,0.0297152977826682,0.0678550720095282
"2922001","2932000",2927000.5,"Fst",0.0126803602031944,0,0.0304847011954262,0.0712483165741978
"2923001","2933000",2928000.5,"Fst",0.016682191619882,0,0.0208015377448338,0.0712234774295599
"2924001","2934000",2929000.5,"Fst",0.0176826229401046,0,0.0200238399791059,0.0707754677295256
"2925001","2935000",2930000.5,"Fst",0.0180053813241586,0,0.0210290172217706,0.077639326958008
"2926001","2936000",2931000.5,"Fst",0.0135406966778316,0,0.0223270956095013,0.0824241903616527
"2927001","2937000",2932000.5,"Fst",0.0126850920386156,0,0.0209148869378363,0.0791480788602676
"2928001","2938000",2933000.5,"Fst",0.0129369403817354,0,0.022015337260428,0.0796677292829397
"2929001","2939000",2934000.5,"Fst",0.0103425353503698,0,0.0230176084499754,0.058557633633043
"2930001","2940000",2935000.5,"Fst",0.0183829324636501,0,0.0230743521378197,0.0548083996058347
"2931001","2941000",2936000.5,"Fst",0.0218208901938335,0,0.0192786047143863,0.0457340483693616
"2932001","2942000",2937000.5,"Fst",0.0146813957837579,0,0.0202125992836938,0.052086411934417
"2933001","2943000",2938000.5,"Fst",0.017733274776753,0,0.0185047359392434,0.0467579015966112
"2934001","2944000",2939000.5,"Fst",0.00949737179953014,0,0.0202707125149867,0.0689700363938074
"2935001","2945000",2940000.5,"Fst",0.0155817301735812,0,0.0186165762022663,0.0627202255109233
"2936001","2946000",2941000.5,"Fst",0.0277049139373954,0,0.017729500119442,0.0521313825823789
"2937001","2947000",2942000.5,"Fst",0.0282461015902423,0,0.0171715619936341,0.0501113392320547
"2938001","2948000",2943000.5,"Fst",0.0236472349509729,0,0.0179198498528511,0.048709382082339
"2939001","2949000",2944000.5,"Fst",0.0219132209660186,0,0.0174061803997471,0.0305757949407763
"2940001","2950000",2945000.5,"Fst",0.0167175517331509,0,0.0165798232749923,0.0311358784551832
"2941001","2951000",2946000.5,"Fst",0.0133540524730253,0,0.0180614699673722,0.0382708022590227
"2942001","2952000",2947000.5,"Fst",0.00985284864722247,0,0.0245947636808945,0.0479123551927906
"2943001","2953000",2948000.5,"Fst",0.0163654314339244,0,0.0256662283975689,0.0488475735218636
"2944001","2954000",2949000.5,"Fst",0.0193110064748691,0,0.0264159611667165,0.050288970950399
"2945001","2955000",2950000.5,"Fst",0.0156266245952938,0,0.0261410407081138,0.049481251686268
"2946001","2956000",2951000.5,"Fst",0.00295714836070249,0,0.0248358256113888,0.0519462813022695
"2947001","2957000",2952000.5,"Fst",0.00254484725173687,0,0.021477786407319,0.0444341138840985
"2948001","2958000",2953000.5,"Fst",0.00170881862409444,0,0.0208794249659421,0.0411225356111784
"2949001","2959000",2954000.5,"Fst",0.00251104955127779,0,0.0224417577409808,0.0475220889639889
"2950001","2960000",2955000.5,"Fst",0.000122827513140966,0,0.0208469409185344,0.0403276705964508
"2951001","2961000",2956000.5,"Fst",0.0008183077269307,0,0.0181154320179444,0.0356929469507158
"2952001","2962000",2957000.5,"Fst",0.00357468390789195,0,0.0174541428967556,0.0444264489221206
"2953001","2963000",2958000.5,"Fst",0,0,0.0187111696239108,0.0448325333156786
"2954001","2964000",2959000.5,"Fst",0,0,0.018400238160063,0.040103086815922
"2955001","2965000",2960000.5,"Fst",0,0,0.0207021334680641,0.0448467335987802
"2956001","2966000",2961000.5,"Fst",0,0,0.0302419325436748,0.061590259681133
"2957001","2967000",2962000.5,"Fst",0,0,0.0341448168633388,0.0688773303563948
"2958001","2968000",2963000.5,"Fst",0,0,0.0354144542065765,0.0712189455203071
"2959001","2969000",2964000.5,"Fst",0,0,0.0345287800431032,0.0698596720594565
"2960001","2970000",2965000.5,"Fst",0,0,0.0367224716342497,0.070923231209823
"2961001","2971000",2966000.5,"Fst",0,0,0.0362275059710915,0.0732849785414599
"2962001","2972000",2967000.5,"Fst",0,0,0.036872991411422,0.0731798296256383
"2963001","2973000",2968000.5,"Fst",0,0,0.0366045463891159,0.0755482755482755
"2964001","2974000",2969000.5,"Fst",0,0,0.0368136330670661,0.0797639174940825
"2965001","2975000",2970000.5,"Fst",0,0,0.039005080376429,0.0846227495643476
"2966001","2976000",2971000.5,"Fst",0,0,0.0313468866170635,0.07804821280133
"2967001","2977000",2972000.5,"Fst",0.00548976096866793,0,0.0231494687561844,0.0574774825018821
"2968001","2978000",2973000.5,"Fst",0.0029398794649419,0,0.025986763222724,0.0637333723139892
"2969001","2979000",2974000.5,"Fst",0,0,0.0309058125410511,0.0758090470230645
"2970001","2980000",2975000.5,"Fst",0,0,0.0346817907159147,0.0845390392819119
"2971001","2981000",2976000.5,"Fst",0,0,0.0420168583311368,0.101798935973608
"2972001","2982000",2977000.5,"Fst",0,0,0.0499539337162145,0.134937734856938
"2973001","2983000",2978000.5,"Fst",0,0,0.0380971297652915,0.0644352440375532
"2974001","2984000",2979000.5,"Fst",0,0,0.0465544576200236,0.108314106495185
"2975001","2985000",2980000.5,"Fst",0,0,0.0418306486456195,0.0982970682654175
"2976001","2986000",2981000.5,"Fst",0,0,0.037933617769031,0.0858841939921174
"2977001","2987000",2982000.5,"Fst",0,0,0.0358099672604479,0.0784317514977951
"2978001","2988000",2983000.5,"Fst",0,0,0.0329178482343778,0.0726356480819345
"2979001","2989000",2984000.5,"Fst",0,0,0.0269202539016477,0.0615089714144951
"2980001","2990000",2985000.5,"Fst",0.00164013117822426,0,0.0254433737818158,0.0649343480291792
"2981001","2991000",2986000.5,"Fst",0.00139319445758013,0,0.0267904848806861,0.0636736255982068
"2982001","2992000",2987000.5,"Fst",0.000431222074195881,0,0.0305159793229793,0.0675999352178013
"2983001","2993000",2988000.5,"Fst",0,0,0.0376569231216235,0.0933759383078246
"2984001","2994000",2989000.5,"Fst",0,0,0.0410592399158709,0.108910247979911
"2985001","2995000",2990000.5,"Fst",7.32525088009695e-05,0,0.042065804064045,0.111244316768079
"2986001","2996000",2991000.5,"Fst",0.000650011566042052,0,0.0428200313293864,0.114053820447001
"2987001","2997000",2992000.5,"Fst",0,0,0.0440255108194039,0.120878610553238
"2988001","2998000",2993000.5,"Fst",0,0,0.0431620151992298,0.119581470419086
"2989001","2999000",2994000.5,"Fst",0.00303762858973056,0,0.0398609463612855,0.105018727072644
"2990001","3e+06",2995000.5,"Fst",0,0,0.0359854065752669,0.0878395453922558
"2991001","3001000",2996000.5,"Fst",0,0,0.0340150370536067,0.0779320428377809
"2992001","3002000",2997000.5,"Fst",0.00041484245104817,0,0.0329524110512144,0.0891066457725853
"2993001","3003000",2998000.5,"Fst",0.00254141873248692,0,0.0395327133553807,0.0977696300831901
"2994001","3004000",2999000.5,"Fst",0.00261025653972058,0,0.0393396825206556,0.0976743444804451
"2995001","3005000",3000000.5,"Fst",0.00262800654163986,0,0.0395650376244479,0.0983126293804126
"2996001","3006000",3001000.5,"Fst",0.00240650101680251,0,0.0407759523202492,0.102341026450059
"2997001","3007000",3002000.5,"Fst",0.01360881088315,0,0.0379049816060209,0.0868661299543712
"2998001","3008000",3003000.5,"Fst",0.0147662726208448,0,0.0393847435627661,0.0877830609306122
"2999001","3009000",3004000.5,"Fst",0.0126670962910066,0,0.039648616309784,0.0932793409880321
"3000001","3010000",3005000.5,"Fst",0.0289501284102675,0,0.0323845104697656,0.0574691457588405
"3001001","3011000",3006000.5,"Fst",0.0443055555555555,0,0.031110377503217,0.0710934921888831
"3002001","3012000",3007000.5,"Fst",0.0421080733710526,0,0.0341876321093996,0.0781112038810581
"3003001","3013000",3008000.5,"Fst",0.0431807572864225,0,0.0343599959181405,0.0794485606704723
"3004001","3014000",3009000.5,"Fst",0.0422929797785622,0,0.0346469200410478,0.0816657662825646
"3005001","3015000",3010000.5,"Fst",0.0412450947990625,0,0.033943105211044,0.0800241886716386
"3006001","3016000",3011000.5,"Fst",0.040838327825389,0,0.033937046759192,0.079529628874607
"3007001","3017000",3012000.5,"Fst",0.0186646469906038,0,0.0209382371815772,0.032558069146317
"3008001","3018000",3013000.5,"Fst",0.0182815017444624,0,0.0205385003654454,0.0318624882087832
"3009001","3019000",3014000.5,"Fst",0.0220303867403316,0,0.0164546615521878,0.0263682918435963
"3010001","3020000",3015000.5,"Fst",0.0239935261986647,0,0.0166952601860496,0.0292379424483677
"3011001","3021000",3016000.5,"Fst",0.00721033868092691,0,0.0148799944240309,0.025094356881192
"3012001","3022000",3017000.5,"Fst",0.0100199962707919,0,0.012991416891643,0.0238249011410846
"3013001","3023000",3018000.5,"Fst",0.00994235549209377,0,0.0098033192125876,0.0167594160819421
"3014001","3024000",3019000.5,"Fst",0.0129247567900332,0,0.0113229184841,0.0251975249881008
"3015001","3025000",3020000.5,"Fst",0.00713381118378964,0,0.0166778378575871,0.0616193805486349
"3016001","3026000",3021000.5,"Fst",0.0027410014868865,0,0.0231359722988856,0.0898112685793293
"3017001","3027000",3022000.5,"Fst",0.00103194103194126,0,0.0195398627194179,0.0750695616475847
"3018001","3028000",3023000.5,"Fst",0.00454214032413081,0,0.0250381500395426,0.0514193197858392
"3019001","3029000",3024000.5,"Fst",0.00461907667276817,0,0.0243647839264174,0.0506848028760379
"3020001","3030000",3025000.5,"Fst",0,0,0.0462759025844646,0.0937525416430776
"3021001","3031000",3026000.5,"Fst",0,0,0.0445917219392419,0.0898003421426566
"3022001","3032000",3027000.5,"Fst",0,0,0.0567275241476645,0.123446206978449
"3023001","3033000",3028000.5,"Fst",0,0,0.0564193051307628,0.124961865883046
"3024001","3034000",3029000.5,"Fst",0,0,0.0563144714018057,0.124778965931645
"3025001","3035000",3030000.5,"Fst",0,0,0.0567122969690542,0.126879163462964
"3026001","3036000",3031000.5,"Fst",0,0,0.0558620507443898,0.127999718483146
"3027001","3037000",3032000.5,"Fst",0,0,0.0567650924977326,0.128572454817034
"3028001","3038000",3033000.5,"Fst",0,0,0.0572065701233865,0.130544960168987
"3029001","3039000",3034000.5,"Fst",0,0,0.0537877478515543,0.123919206535524
"3030001","3040000",3035000.5,"Fst",0,0,0.0535005258770021,0.129347548135338
"3031001","3041000",3036000.5,"Fst",0,0,0.0511770710510706,0.129163658232354
"3032001","3042000",3037000.5,"Fst",0.0057719960244097,0,0.02281534544405,0.0679841755898396
"3033001","3043000",3038000.5,"Fst",0.00836740026056937,0,0.0160396007089408,0.0355253457236258
"3034001","3044000",3039000.5,"Fst",0.00728922627295114,0,0.0141411829130782,0.0335100424578572
"3035001","3045000",3040000.5,"Fst",0.00564613498688926,0,0.013656187766061,0.030067579402731
"3036001","3046000",3041000.5,"Fst",0.0030076193550459,0,0.0195520666920903,0.0396989960404307
"3037001","3047000",3042000.5,"Fst",0.00579685386972806,0,0.0219882510029214,0.0430380318353024
"3038001","3048000",3043000.5,"Fst",0.0194363529138445,0,0.0287319677163316,0.0733591946951507
"3039001","3049000",3044000.5,"Fst",0.0187815769744775,0,0.0352492998871879,0.0913877177980215
"3040001","3050000",3045000.5,"Fst",0.0152706169766161,0,0.0376365224540806,0.10072114939631
"3041001","3051000",3046000.5,"Fst",0.0252877562366614,0,0.037325896631431,0.0993057638210717
"3042001","3052000",3047000.5,"Fst",0.0277348310592991,0,0.0359388970925333,0.0925683324364803
"3043001","3053000",3048000.5,"Fst",0.0168876117448263,0,0.0351234787052767,0.0979317395761981
"3044001","3054000",3049000.5,"Fst",0.00965707003784988,0,0.0392429256888362,0.144543288386959
"3045001","3055000",3050000.5,"Fst",0.00676926989628146,0,0.0389406824784013,0.154577044953676
"3046001","3056000",3051000.5,"Fst",0.00728361763847507,0,0.0400063762081021,0.159391461784428
"3047001","3057000",3052000.5,"Fst",0.00668891340063194,0,0.0398550440555295,0.158309647996332
"3048001","3058000",3053000.5,"Fst",0.00179636933353489,0,0.038901576542813,0.153658643537351
"3049001","3059000",3054000.5,"Fst",0.000416498990885139,0,0.0369117570648627,0.147070065691818
"3050001","3060000",3055000.5,"Fst",0.00104758764664659,0,0.0377815942402241,0.149719852580116
"3051001","3061000",3056000.5,"Fst",0,0,0.0410460194078925,0.149645361456963
"3052001","3062000",3057000.5,"Fst",0,0,0.0399879064978525,0.15162942342468
"3053001","3063000",3058000.5,"Fst",0,0,0.039691507565395,0.12438682818111
"3054001","3064000",3059000.5,"Fst",0,0,0.038270308604482,0.0785592593213926
"3055001","3065000",3060000.5,"Fst",0.00320819531345862,0,0.0446955819547235,0.101440771726564
"3056001","3066000",3061000.5,"Fst",0.00281346662824788,0,0.0451504458706552,0.103299711322532
"3057001","3067000",3062000.5,"Fst",0.003024941633889,0,0.0458915038619456,0.10098216629139
"3058001","3068000",3063000.5,"Fst",0.00313365248291508,0,0.0480230259613455,0.104369843478957
"3059001","3069000",3064000.5,"Fst",0.0132603612682639,0,0.0384291107417916,0.109839015642657
"3060001","3070000",3065000.5,"Fst",0.0152092569166655,0,0.0320525334965922,0.0946350341099802
"3061001","3071000",3066000.5,"Fst",0.016264724395288,0,0.0184178977402058,0.0482660030708953
"3062001","3072000",3067000.5,"Fst",0.0194751093522184,0,0.0160992952006313,0.033292113217917
"3063001","3073000",3068000.5,"Fst",0.0179657827798879,0,0.0145702994955987,0.0259210466472461
"3064001","3074000",3069000.5,"Fst",0.0189999165205775,0,0.0150222427841976,0.0271672856216996
"3065001","3075000",3070000.5,"Fst",0.0189310251382845,0,0.014615123444554,0.0261829346587477
"3066001","3076000",3071000.5,"Fst",0.0193344082020753,0,0.0148086102502434,0.0260206859009254
"3067001","3077000",3072000.5,"Fst",0.00949773047360625,0,0.019560492879112,0.0519381238242448
"3068001","3078000",3073000.5,"Fst",0.0058287501348,0,0.0208727256246602,0.0514064477700841
"3069001","3079000",3074000.5,"Fst",0.00305983266540111,0,0.0196098569872063,0.0493626473062583
"3070001","3080000",3075000.5,"Fst",0.0156097400838757,0,0.0216103105342867,0.0471965495995073
"3071001","3081000",3076000.5,"Fst",0.0205293464802523,0,0.0210444637425059,0.0536462314630789
"3072001","3082000",3077000.5,"Fst",0.0250261036056105,0,0.0209658598664224,0.0512802996816552
"3073001","3083000",3078000.5,"Fst",0.0246363526450576,0,0.0206049615369536,0.0495438288233001
"3074001","3084000",3079000.5,"Fst",0.0193977886197638,0,0.0202463251667404,0.0414819854296002
"3075001","3085000",3080000.5,"Fst",0.020027864855451,0,0.0206531704671292,0.0409136882478885
"3076001","3086000",3081000.5,"Fst",0.0206011804742969,0,0.0204892173358907,0.0386361821810923
"3077001","3087000",3082000.5,"Fst",0.0236428978830149,0,0.019287562153411,0.0383044491740143
"3078001","3088000",3083000.5,"Fst",0.0275009053289597,0,0.0185026987542864,0.0350325313729472
"3079001","3089000",3084000.5,"Fst",0.0335804769777648,0,0.0195634810958218,0.0378750972342879
"3080001","3090000",3085000.5,"Fst",0.0263079624279895,0,0.0244078309421829,0.0485051814926406
"3081001","3091000",3086000.5,"Fst",0.0184205668113286,0,0.0244653892547032,0.045386481281486
"3082001","3092000",3087000.5,"Fst",0.0169526618208441,0,0.0253548847339217,0.0446303274276219
"3083001","3093000",3088000.5,"Fst",0.0198649449019571,0,0.025284067940956,0.0418658957206728
"3084001","3094000",3089000.5,"Fst",0.0228044933963297,0,0.023343349374336,0.0418469637306889
"3085001","3095000",3090000.5,"Fst",0.0233183933296959,0,0.0235987059258875,0.0615629516962524
"3086001","3096000",3091000.5,"Fst",0.013656230883316,0,0.0271348197534387,0.0734961762103882
"3087001","3097000",3092000.5,"Fst",0.0112820215055222,0,0.0274987910632491,0.0765955452676915
"3088001","3098000",3093000.5,"Fst",0.0101103750769446,0,0.0287317813587152,0.0776654204145139
"3089001","3099000",3094000.5,"Fst",0.00878219563021276,0,0.0295413665043685,0.0771067526168666
"3090001","3100000",3095000.5,"Fst",0.0114316472453774,0,0.0256057881472762,0.0677731563397093
"3091001","3101000",3096000.5,"Fst",0.00962464342416069,0,0.037640907107466,0.104136908478175
"3092001","3102000",3097000.5,"Fst",0,0,0.0506556205999929,0.112435031472248
"3093001","3103000",3098000.5,"Fst",0,0,0.0539188337232065,0.129180671666415
"3094001","3104000",3099000.5,"Fst",0,0,0.0564202219101797,0.133784154006995
"3095001","3105000",3100000.5,"Fst",0,0,0.0588781819247506,0.139844915961778
"3096001","3106000",3101000.5,"Fst",0,0,0.0584085703910621,0.143531326685418
"3097001","3107000",3102000.5,"Fst",0,0,0.0602634382864692,0.145365002806543
"3098001","3108000",3103000.5,"Fst",0,0,0.0573508451160059,0.141664923408407
"3099001","3109000",3104000.5,"Fst",0.00166534129203078,0,0.0525294955187687,0.130397640256465
"3100001","3110000",3105000.5,"Fst",0.0013364050114486,0,0.0525395430870669,0.12699230250779
"3101001","3111000",3106000.5,"Fst",0,0,0.0517085439372295,0.127877219561945
"3102001","3112000",3107000.5,"Fst",0.00570319154456489,0,0.0514139696516857,0.105966726210467
"3103001","3113000",3108000.5,"Fst",0.00943673443873494,0,0.0497921407836001,0.0935459603812044
"3104001","3114000",3109000.5,"Fst",0.0121680757154864,0,0.0451539171229413,0.0957643426589694
"3105001","3115000",3110000.5,"Fst",0.0127935860027739,0,0.045644427913038,0.093857884772376
"3106001","3116000",3111000.5,"Fst",0.0208618649363772,0,0.0442355100185632,0.0934905714913346
"3107001","3117000",3112000.5,"Fst",0.0201868587449298,0,0.0438884714636068,0.0966255304944966
"3108001","3118000",3113000.5,"Fst",0.0201762708627962,0,0.0389008756472119,0.0898978628171452
"3109001","3119000",3114000.5,"Fst",0.00149148093463647,0,0.0263328123017606,0.0693635348369963
"3110001","3120000",3115000.5,"Fst",0,0,0.031769844496489,0.0814898086719106
"3111001","3121000",3116000.5,"Fst",0,0,0.0248631947408631,0.0667883469673214
"3112001","3122000",3117000.5,"Fst",0.00159571110960277,0,0.0211234544450127,0.0531056857268067
"3113001","3123000",3118000.5,"Fst",0.0013376127463004,0,0.021225494888052,0.0534048413617977
"3114001","3124000",3119000.5,"Fst",0.000777185238817979,0,0.0208329663048878,0.0519937993350604
"3115001","3125000",3120000.5,"Fst",0.00585231062913116,0,0.0186198570860762,0.0482459492410596
"3116001","3126000",3121000.5,"Fst",0.00330058095591612,0,0.0206611023431382,0.0518960206460207
"3117001","3127000",3122000.5,"Fst",0.00441240817790634,0,0.0227451673279061,0.0520333520896211
"3118001","3128000",3123000.5,"Fst",0.0047824254466321,0,0.0241114381429812,0.0565573784627907
"3119001","3129000",3124000.5,"Fst",0.00634956596394165,0,0.0259488179755995,0.0589996114133557
"3120001","3130000",3125000.5,"Fst",0.00529158204913771,0,0.0316792099219334,0.0825603946115998
"3121001","3131000",3126000.5,"Fst",0.00357435973284381,0,0.0359771070356877,0.0970722359550287
"3122001","3132000",3127000.5,"Fst",0.00299768803029499,0,0.0396740977574524,0.0990876016686032
"3123001","3133000",3128000.5,"Fst",0.00304384268214064,0,0.039616388496563,0.0982123980650439
"3124001","3134000",3129000.5,"Fst",0.00916213045036862,0,0.0386219247249106,0.0980896207774671
"3125001","3135000",3130000.5,"Fst",0.0069379197379198,0,0.0414558611382214,0.098639466739069
"3126001","3136000",3131000.5,"Fst",0.00793816893392818,0,0.0403432173247768,0.0956751699803317
"3127001","3137000",3132000.5,"Fst",0.00824225601881301,0,0.0420512698676203,0.0964510998687269
"3128001","3138000",3133000.5,"Fst",0.00830547710331597,0,0.0373243147462987,0.0824208596991366
"3129001","3139000",3134000.5,"Fst",0.00854820828266944,0,0.0365286000724532,0.0825823194019599
"3130001","3140000",3135000.5,"Fst",0.01582507718806,0,0.0262231731213554,0.0693938361166561
"3131001","3141000",3136000.5,"Fst",0.0121283380542639,0,0.0235642203337066,0.0571207068407518
"3132001","3142000",3137000.5,"Fst",0.01629861812643,0,0.0234788556671351,0.0569583646586198
"3133001","3143000",3138000.5,"Fst",0.0160632877447038,0,0.0224207399405249,0.0495495993368333
"3134001","3144000",3139000.5,"Fst",0.00616804487772238,0,0.0222138569919987,0.0547941813679976
"3135001","3145000",3140000.5,"Fst",0.00591939671403374,0,0.0196879184784066,0.0507003382919241
"3136001","3146000",3141000.5,"Fst",0.00806737459517459,0,0.0218109784561419,0.0515020158880334
"3137001","3147000",3142000.5,"Fst",0.00825151823663839,0,0.0216475530922818,0.0501286803948934
"3138001","3148000",3143000.5,"Fst",0.00845467068630057,0,0.0207955640592782,0.0472990777338603
"3139001","3149000",3144000.5,"Fst",0.00458591031012401,0,0.0216652089885303,0.0406352391045816
"3140001","3150000",3145000.5,"Fst",0.00252033000571017,0,0.0221069613758151,0.0422222949960702
"3141001","3151000",3146000.5,"Fst",0.0132658868835804,0,0.0188182940247036,0.0348106267048127
"3142001","3152000",3147000.5,"Fst",0.0101173058075571,0,0.0191302854122398,0.0299338067622945
"3143001","3153000",3148000.5,"Fst",0.0103314841160937,0,0.0190791409580396,0.0353956777685591
"3144001","3154000",3149000.5,"Fst",0.00864839598630596,0,0.0196533168863475,0.0438408495589568
"3145001","3155000",3150000.5,"Fst",0.0151899007920416,0,0.0198567279843478,0.0491303663006598
"3146001","3156000",3151000.5,"Fst",0.0108021842793417,0,0.0188521595733642,0.0502588299098365
"3147001","3157000",3152000.5,"Fst",0.00142079628523606,0,0.0307431424591972,0.0988728410519797
"3148001","3158000",3153000.5,"Fst",0.000553891733487855,0,0.0444291836815929,0.154172896509402
"3149001","3159000",3154000.5,"Fst",0.00101412470815454,0,0.0448607471660206,0.155383020265732
"3150001","3160000",3155000.5,"Fst",0.00106015359343303,0,0.045081038853578,0.155988753907959
"3151001","3161000",3156000.5,"Fst",0,0,0.0472864355140181,0.166574966084522
"3152001","3162000",3157000.5,"Fst",0.000187040617217638,0,0.0477047065987417,0.167817691603653
"3153001","3163000",3158000.5,"Fst",0.000675859942848356,0,0.0461514939187873,0.163414737781602
"3154001","3164000",3159000.5,"Fst",0.00133109709022172,0,0.0469644372436241,0.167043465778807
"3155001","3165000",3160000.5,"Fst",0,0,0.0482561824302036,0.171857957365311
"3156001","3166000",3161000.5,"Fst",0,0,0.0482628751449393,0.171663585933276
"3157001","3167000",3162000.5,"Fst",0.00310865915087555,0,0.0442447295207901,0.169901487238375
"3158001","3168000",3163000.5,"Fst",0.0104023369520179,0,0.019826455045493,0.0541678067037559
"3159001","3169000",3164000.5,"Fst",0.0139135818849233,0,0.0167443143893591,0.0635017445534218
"3160001","3170000",3165000.5,"Fst",0.0185477310261272,0,0.0156345020065288,0.0548234514649482
"3161001","3171000",3166000.5,"Fst",0.0165938345995983,0,0.0143452358551419,0.0428789945843152
"3162001","3172000",3167000.5,"Fst",0.0162896326674604,0,0.0127818657637398,0.0201453965800404
"3163001","3173000",3168000.5,"Fst",0.0188607270542666,0,0.0128731930177335,0.0263368941605658
"3164001","3174000",3169000.5,"Fst",0.0192249716534383,0,0.0112058955302304,0.025292624670646
"3165001","3175000",3170000.5,"Fst",0.0169715923898879,0,0.0115660540427127,0.0236637025972013
"3166001","3176000",3171000.5,"Fst",0.0180868541257133,0,0.0111024568314407,0.0222849845735112
"3167001","3177000",3172000.5,"Fst",0.0211359428839696,0,0.0106589028273903,0.0194632445294459
"3168001","3178000",3173000.5,"Fst",0.0201421285441493,0,0.0105146855449908,0.0185223620218655
"3169001","3179000",3174000.5,"Fst",0.0198558788205593,0,0.0106081864999049,0.0191449887498519
"3170001","3180000",3175000.5,"Fst",0.0140680734740141,0,0.0110320673418198,0.0215860245794124
"3171001","3181000",3176000.5,"Fst",0.0171478779705347,0,0.0119667833821552,0.0174110721811019
"3172001","3182000",3177000.5,"Fst",0.0183961224939414,0,0.0109373080900171,0.0194306398612226
"3173001","3183000",3178000.5,"Fst",0.0112743703984581,0,0.0139360176199532,0.0362666449115746
"3174001","3184000",3179000.5,"Fst",0.0105054830964895,0,0.0142801269313857,0.0362644644950808
"3175001","3185000",3180000.5,"Fst",0.011333187907873,0,0.0140684392464032,0.036655372191814
"3176001","3186000",3181000.5,"Fst",0.0114950452391211,0,0.0148905300549583,0.0399030148472289
"3177001","3187000",3182000.5,"Fst",0.00394923968931182,0,0.0238589034146003,0.0674001282823387
"3178001","3188000",3183000.5,"Fst",0.00402217416163286,0,0.0242949246488398,0.0682526196544889
"3179001","3189000",3184000.5,"Fst",0.00955638446380558,0,0.0222842539125257,0.0664794733628385
"3180001","3190000",3185000.5,"Fst",0.0266535509523219,0,0.0208356078424509,0.0456645217475445
"3181001","3191000",3186000.5,"Fst",0.0253842223681997,0,0.0213926270336669,0.0451847855408686
"3182001","3192000",3187000.5,"Fst",0.0701207883026066,0,0.0263040344163385,0.0470178648967184
"3183001","3193000",3188000.5,"Fst",0.0823415707615904,0,0.0276372255909184,0.057170000024453
"3184001","3194000",3189000.5,"Fst",0.0812356398115086,0,0.0272735735574483,0.0543147368902642
"3185001","3195000",3190000.5,"Fst",0.0825374888109421,0,0.0280474047699139,0.0550090556235499
"3186001","3196000",3191000.5,"Fst",0.0817932280686657,0,0.0275895686805537,0.0543969459211874
"3187001","3197000",3192000.5,"Fst",0.0912333853960846,0,0.0286884616421876,0.0609990065853983
"3188001","3198000",3193000.5,"Fst",0.100387262844601,0,0.0238329404347632,0.0463158981526315
"3189001","3199000",3194000.5,"Fst",0.0884037441324333,0,0.0261601553888056,0.049030787518509
"3190001","3200000",3195000.5,"Fst",0.0777522606573847,0,0.0262287047538643,0.0534077478428369
"3191001","3201000",3196000.5,"Fst",0.0548589186389533,0,0.0364872795734197,0.0678457006021045
"3192001","3202000",3197000.5,"Fst",0.0266058917869503,0,0.0391029163648124,0.0742612419700214
"3193001","3203000",3198000.5,"Fst",0.022337613694887,0,0.0361216336543204,0.0666553131384188
"3194001","3204000",3199000.5,"Fst",0.0238599227569816,0,0.0347306250064673,0.062307109054305
"3195001","3205000",3200000.5,"Fst",0.0237235865975766,0,0.0345596048670949,0.0622899248787684
"3196001","3206000",3201000.5,"Fst",0.0244166730168406,0,0.0352636484249598,0.0604515607991853
"3197001","3207000",3202000.5,"Fst",0.0221599019537164,0,0.033657261541286,0.0578757327136125
"3198001","3208000",3203000.5,"Fst",0.00221719985972013,0,0.0270687161829733,0.0590441943333913
"3199001","3209000",3204000.5,"Fst",0.0155625172763292,0,0.0236537814446016,0.045194191207465
"3200001","3210000",3205000.5,"Fst",0.0159911985350583,0,0.0238824408077756,0.046794505073796
"3201001","3211000",3206000.5,"Fst",0.0183970754699474,0,0.0202599508080396,0.0382081645543483
"3202001","3212000",3207000.5,"Fst",0.0194314631225406,0,0.0203651048602318,0.0390646110536282
"3203001","3213000",3208000.5,"Fst",0.0212506453906927,0,0.0206556295599399,0.0359646686295204
"3204001","3214000",3209000.5,"Fst",0.0198326215600284,0,0.0208610310730418,0.033365657534172
"3205001","3215000",3210000.5,"Fst",0.0202323843782576,0,0.021018562234063,0.0328523583290533
"3206001","3216000",3211000.5,"Fst",0.0197246838951164,0,0.0206019922784004,0.0318345007657351
"3207001","3217000",3212000.5,"Fst",0.0213807064834962,0,0.0211146300559957,0.0323337876722701
"3208001","3218000",3213000.5,"Fst",0.0366138346234182,0,0.0218307282021491,0.0361712377050021
"3209001","3219000",3214000.5,"Fst",0.0188404350863187,0,0.0136456176297499,0.0279350081156678
"3210001","3220000",3215000.5,"Fst",0.0204792696842906,0,0.0144845267535897,0.0302329885899686
"3211001","3221000",3216000.5,"Fst",0.0392091259599147,0,0.0195494097861542,0.0466277944335591
"3212001","3222000",3217000.5,"Fst",0.0395184957684956,0,0.0212832578438477,0.0486295894238133
"3213001","3223000",3218000.5,"Fst",0.0378916598154745,0,0.0227159758406277,0.0469344608879492
"3214001","3224000",3219000.5,"Fst",0.0565755757245119,0,0.0235136310793334,0.0415625771624647
"3215001","3225000",3220000.5,"Fst",0.0635197731211595,0,0.0272326599754885,0.0521013129150174
"3216001","3226000",3221000.5,"Fst",0.0635197731211595,0,0.0272326599754885,0.0521013129150174
"3217001","3227000",3222000.5,"Fst",0.0580168135318546,0,0.0238281810296232,0.0441787774913359
"3218001","3228000",3223000.5,"Fst",0.0489065296910265,0,0.0202235213413863,0.035801756323441
"3219001","3229000",3224000.5,"Fst",0.0483533394890736,0,0.0199539381569346,0.0353248458045266
"3220001","3230000",3225000.5,"Fst",0.0470666666666666,0,0.0193458535525677,0.0344921707833606
"3221001","3231000",3226000.5,"Fst",0.0357715081853012,0,0.0223658645410252,0.0400279151111559
"3222001","3232000",3227000.5,"Fst",0.0303488601793686,0,0.0211469292420134,0.0373450141222653
"3223001","3233000",3228000.5,"Fst",0.0467853711388677,0,0.0217508266620518,0.0409529448358281
"3224001","3234000",3229000.5,"Fst",0.03395114482071,0,0.0190884485619911,0.0295159846490646
"3225001","3235000",3230000.5,"Fst",0.023431987276749,0,0.0206272931837957,0.0603619298183242
"3226001","3236000",3231000.5,"Fst",0.0232033597624995,0,0.0204281395851502,0.059789058510732
"3227001","3237000",3232000.5,"Fst",0.0207783026446864,0,0.0236344646017499,0.0536143358933144
"3228001","3238000",3233000.5,"Fst",0.0288601068074396,0,0.0238647536366617,0.0586737757867913
"3229001","3239000",3234000.5,"Fst",0.0288328509051661,0,0.0238426431261153,0.0586188304449176
"3230001","3240000",3235000.5,"Fst",0.0275534855376849,0,0.0218008985851267,0.0513725659638208
"3231001","3241000",3236000.5,"Fst",0.0279042087746174,0,0.0220993843277557,0.0520654522099609
"3232001","3242000",3237000.5,"Fst",0.0318610028690105,0,0.0227988469021231,0.0531388708238715
"3233001","3243000",3238000.5,"Fst",0.0192978850225064,0,0.022469768364442,0.0520581187247854
"3234001","3244000",3239000.5,"Fst",0.0288954339098788,0,0.0217513406269749,0.0466521967290489
"3235001","3245000",3240000.5,"Fst",0.0343588538344169,0,0.0239718268271375,0.0558767158767159
"3236001","3246000",3241000.5,"Fst",0.0328642461769396,0,0.0215177390216971,0.0490955191870195
"3237001","3247000",3242000.5,"Fst",0.0387314927576962,0,0.0190410532208881,0.0438218832920819
"3238001","3248000",3243000.5,"Fst",0.0310359174875303,0,0.0207497447089948,0.0466429290425324
"3239001","3249000",3244000.5,"Fst",0.0305060359694503,0,0.0203980275117265,0.0458995549904641
"3240001","3250000",3245000.5,"Fst",0.0212154762037896,0,0.0273533239667732,0.0700267459402688
"3241001","3251000",3246000.5,"Fst",0.0323460308413286,0,0.0288124740578333,0.0858506765704312
"3242001","3252000",3247000.5,"Fst",0.0272353852760506,0,0.0276799250285968,0.0860574059139081
"3243001","3253000",3248000.5,"Fst",0.0323880754239967,0,0.0295718642821685,0.0976007390325799
"3244001","3254000",3249000.5,"Fst",0.0280407058612046,0,0.0344125001051256,0.104063324333475
"3245001","3255000",3250000.5,"Fst",0.0245390790689202,0,0.0517808716108905,0.119708521706555
"3246001","3256000",3251000.5,"Fst",0.0872175225386236,0,0.0451457975834678,0.111199425822562
"3247001","3257000",3252000.5,"Fst",0.0906890115646957,0,0.0428536625114156,0.110898161068523
"3248001","3258000",3253000.5,"Fst",0.0890220455761181,0,0.0393156096547424,0.10214341205996
"3249001","3259000",3254000.5,"Fst",0.0768354957482248,0,0.0350539039770813,0.116440774907913
"3250001","3260000",3255000.5,"Fst",0.0825568093550073,0,0.0377609066699962,0.132136681041088
"3251001","3261000",3256000.5,"Fst",0.0750304602444681,0,0.039680765649804,0.141726463913559
"3252001","3262000",3257000.5,"Fst",0.0706121628149498,0,0.0431959995897661,0.145635394192292
"3253001","3263000",3258000.5,"Fst",0.0707876685326815,0,0.0431710201519778,0.14574870480845
"3254001","3264000",3259000.5,"Fst",0.0644528535931447,0,0.0428425623336474,0.140371842966357
"3255001","3265000",3260000.5,"Fst",0.0701061044631668,0,0.0449850386229976,0.159779064013577
"3256001","3266000",3261000.5,"Fst",0.0389452042549387,0,0.0500567182388657,0.159418490129748
"3257001","3267000",3262000.5,"Fst",0.035072450415074,0,0.0486585406326942,0.149646531660003
"3258001","3268000",3263000.5,"Fst",0.0315288296046718,0,0.0475999312625171,0.134065933210948
"3259001","3269000",3264000.5,"Fst",0.0298292258017371,0,0.0407696336867832,0.100603995351552
"3260001","3270000",3265000.5,"Fst",0.0281421959414556,0,0.0375236527122328,0.0926358815304279
"3261001","3271000",3266000.5,"Fst",0.0184279921726039,0,0.0264136410304036,0.0581936815058373
"3262001","3272000",3267000.5,"Fst",0.00902638527603727,0,0.0244789274130441,0.038633344768421
"3263001","3273000",3268000.5,"Fst",0.00968721591114963,0,0.0235643277106,0.0367529097344521
"3264001","3274000",3269000.5,"Fst",0.0134367928195103,0,0.0232527837783377,0.0434440278500461
"3265001","3275000",3270000.5,"Fst",0.00756394906593238,0,0.027758535826048,0.0598624126995281
"3266001","3276000",3271000.5,"Fst",0.00808136964952177,0,0.0280506865122421,0.0577742906162713
"3267001","3277000",3272000.5,"Fst",0.00312124460034435,0,0.0306665000925362,0.0661175100461483
"3268001","3278000",3273000.5,"Fst",0.00233390765995989,0,0.0307816137583673,0.0696526662242916
"3269001","3279000",3274000.5,"Fst",0,0,0.0365813270256539,0.080383439562846
"3270001","3280000",3275000.5,"Fst",0,0,0.037351495255498,0.0818803711358642
"3271001","3281000",3276000.5,"Fst",0.00115129060902053,0,0.0365494742067353,0.0787537501824856
"3272001","3282000",3277000.5,"Fst",0,0,0.0321677024134223,0.0859163734072272
"3273001","3283000",3278000.5,"Fst",0,0,0.0395601579473418,0.099662153215948
"3274001","3284000",3279000.5,"Fst",0,0,0.0393946774652122,0.0992491122331531
"3275001","3285000",3280000.5,"Fst",0.00260127141594679,0,0.0245711290876669,0.0591435916887934
"3276001","3286000",3281000.5,"Fst",0,0,0.025912652746788,0.0632614113473585
"3277001","3287000",3282000.5,"Fst",0.00146333374787555,0,0.0228506928205265,0.0600126290917239
"3278001","3288000",3283000.5,"Fst",0,0,0.0208280491679011,0.0527454282676987
"3279001","3289000",3284000.5,"Fst",0,0,0.0215194086277118,0.051112198076072
"3280001","3290000",3285000.5,"Fst",0,0,0.0221962767567674,0.053952964268838
"3281001","3291000",3286000.5,"Fst",0.00104605929848645,0,0.0212365316155938,0.0543634462056694
"3282001","3292000",3287000.5,"Fst",0,0,0.0226838628607711,0.0489414694894147
"3283001","3293000",3288000.5,"Fst",0.00730006182816101,0,0.0212805582552488,0.0427122655801635
"3284001","3294000",3289000.5,"Fst",0.00935355006731553,0,0.0219414597729941,0.0421150593786038
"3285001","3295000",3290000.5,"Fst",0.0142534284666264,0,0.0261914852807408,0.0530251383931475
"3286001","3296000",3291000.5,"Fst",0.0148544419884307,0,0.0257500387454939,0.0525163764179583
"3287001","3297000",3292000.5,"Fst",0.0150890153854215,0,0.0249805864451932,0.0508718902580795
"3288001","3298000",3293000.5,"Fst",0.0108986795252625,0,0.0277842651224762,0.0762516832871152
"3289001","3299000",3294000.5,"Fst",0.0259877913705153,0,0.0268924235871201,0.0703657278934238
"3290001","3300000",3295000.5,"Fst",0.0251515873073138,0,0.0256006409581149,0.0687425306550105
"3291001","3301000",3296000.5,"Fst",0.025661209397815,0,0.0251927009691948,0.0689443587275885
"3292001","3302000",3297000.5,"Fst",0.0284918338156539,0,0.0263874175272125,0.0738032791295108
"3293001","3303000",3298000.5,"Fst",0.0311870322231983,0,0.0251813618125238,0.0534507048572787
"3294001","3304000",3299000.5,"Fst",0.031922952061465,0,0.0263300976867899,0.0514673405732758
"3295001","3305000",3300000.5,"Fst",0.0256633883837447,0,0.0227079372819397,0.0439069969215882
"3296001","3306000",3301000.5,"Fst",0.0257557784248176,0,0.0214910081655068,0.0397561666704958
"3297001","3307000",3302000.5,"Fst",0.018170433472796,0,0.0219657803871933,0.0596598812336184
"3298001","3308000",3303000.5,"Fst",0.02476400011734,0,0.0205792055529844,0.0780567111531014
"3299001","3309000",3304000.5,"Fst",0.00735836770132414,0,0.0219846112738864,0.0814499727970176
"3300001","3310000",3305000.5,"Fst",0.00772056547311939,0,0.02222623698407,0.0856173756000693
"3301001","3311000",3306000.5,"Fst",0.00807963518135379,0,0.023518059817986,0.0878377556522926
"3302001","3312000",3307000.5,"Fst",0.00806368772470489,0,0.0230432992487811,0.0856574078488167
"3303001","3313000",3308000.5,"Fst",0,0,0.0245961954034225,0.0877611567708734
"3304001","3314000",3309000.5,"Fst",0,0,0.023316660162796,0.0843243927744888
"3305001","3315000",3310000.5,"Fst",0.000163077224766717,0,0.0257660229404231,0.0857333289747451
"3306001","3316000",3311000.5,"Fst",0,0,0.0267412768100616,0.0815908202394625
"3307001","3317000",3312000.5,"Fst",0,0,0.0267474671398604,0.0499797815985304
"3308001","3318000",3313000.5,"Fst",0,0,0.0274836540676335,0.0509283858860778
"3309001","3319000",3314000.5,"Fst",0,0,0.0281323088757377,0.0518325295740258
"3310001","3320000",3315000.5,"Fst",0,0,0.0282322772577382,0.0520140970979656
"3311001","3321000",3316000.5,"Fst",0,0,0.0292935043298245,0.0536627196048232
"3312001","3322000",3317000.5,"Fst",0,0,0.0304150584135065,0.055757113805424
"3313001","3323000",3318000.5,"Fst",0,0,0.0317224868873946,0.0581079125910678
"3314001","3324000",3319000.5,"Fst",0,0,0.0334372630570985,0.0634772291116286
"3315001","3325000",3320000.5,"Fst",0.00187252781158331,0,0.0303338744133531,0.0558418805196392
"3316001","3326000",3321000.5,"Fst",0.0121340523882898,0,0.0280222548431217,0.0760251421730022
"3317001","3327000",3322000.5,"Fst",0.0223946223439766,0,0.0266318381032785,0.0635840108401085
"3318001","3328000",3323000.5,"Fst",0.0208904850504088,0,0.0257624942768455,0.0587462608921838
"3319001","3329000",3324000.5,"Fst",0.0188851452644844,0,0.0215127982323201,0.0471348509646382
"3320001","3330000",3325000.5,"Fst",0.0195982923927495,0,0.0198024501117389,0.0437069103735771
"3321001","3331000",3326000.5,"Fst",0.0291873721134173,0,0.019417463092047,0.043873237163972
"3322001","3332000",3327000.5,"Fst",0.0296341339819601,0,0.0175330517098376,0.0405148080111116
"3323001","3333000",3328000.5,"Fst",0.0286482748021208,0,0.0173053336670515,0.0392621554322659
"3324001","3334000",3329000.5,"Fst",0.0259313785629576,0,0.0165112861194613,0.0356753014011079
"3325001","3335000",3330000.5,"Fst",0.0266050042725685,0,0.0154521026374339,0.0341135678671427
"3326001","3336000",3331000.5,"Fst",0.0292109696875308,0,0.0158342916986851,0.0280123044701878
"3327001","3337000",3332000.5,"Fst",0.0229118119581421,0,0.0141372669883828,0.0273450132207194
"3328001","3338000",3333000.5,"Fst",0.0281870548272138,0,0.0136697989505363,0.0249246101794646
"3329001","3339000",3334000.5,"Fst",0.0374947494749475,0,0.0151793785437881,0.0310205101301555
"3330001","3340000",3335000.5,"Fst",0.0355934785921074,0,0.0153050494288443,0.0292944615598085
"3331001","3341000",3336000.5,"Fst",0.0201541175549383,0,0.0170758893073816,0.0431122563730183
"3332001","3342000",3337000.5,"Fst",0.0176163664204217,0,0.0176473888953812,0.0447434641911298
"3333001","3343000",3338000.5,"Fst",0.0163408201816981,0,0.0170755581574009,0.0436319199587126
"3334001","3344000",3339000.5,"Fst",0.0183804143126177,0,0.0182416547146991,0.0448483639669482
"3335001","3345000",3340000.5,"Fst",0.0218293021962744,0,0.0186197874104166,0.0444884214209179
"3336001","3346000",3341000.5,"Fst",0.0221704305754282,0,0.0186800147928407,0.0449276450429285
"3337001","3347000",3342000.5,"Fst",0.0163295763929677,0,0.0182475335489737,0.0395082051545861
"3338001","3348000",3343000.5,"Fst",0.0111248149975333,0,0.0184846431380045,0.0399710283065572
"3339001","3349000",3344000.5,"Fst",0.00462988711425993,0,0.0182868006853442,0.0372032249096468
"3340001","3350000",3345000.5,"Fst",0.00906478578892367,0,0.0200930800780541,0.0350492592851599
"3341001","3351000",3346000.5,"Fst",0.0117953056939614,0,0.0206149882400895,0.0395284792244756
"3342001","3352000",3347000.5,"Fst",0.0120444145787335,0,0.0211492456337642,0.0404674255051745
"3343001","3353000",3348000.5,"Fst",0.0145534052510796,0,0.0217452432403235,0.0403042000714136
"3344001","3354000",3349000.5,"Fst",0.0157780489253873,0,0.0231376219108404,0.0417510850567031
"3345001","3355000",3350000.5,"Fst",0.0142904095181751,0,0.0232573935553965,0.0439178331313969
"3346001","3356000",3351000.5,"Fst",0.0268969354562575,0,0.0201530582866719,0.0402213114058536
"3347001","3357000",3352000.5,"Fst",0.0461734221033278,0,0.0190383765909606,0.0404907544118681
"3348001","3358000",3353000.5,"Fst",0.0466474191958314,0,0.0178165203983523,0.0382319222113712
"3349001","3359000",3354000.5,"Fst",0.0486133524595063,0,0.0186404624215282,0.041493076459964
"3350001","3360000",3355000.5,"Fst",0.0452393330091173,0,0.0186500152044966,0.0369704792717884
"3351001","3361000",3356000.5,"Fst",0.0439096247023075,0,0.0169100026135815,0.0360563117947443
"3352001","3362000",3357000.5,"Fst",0.0446347883762385,0,0.0168711171983478,0.0360720500399755
"3353001","3363000",3358000.5,"Fst",0.0458731804739408,0,0.017411910919773,0.0364993462754248
"3354001","3364000",3359000.5,"Fst",0.0481190855927698,0,0.0174957357504111,0.0453895681965857
"3355001","3365000",3360000.5,"Fst",0.0481702010914064,0,0.0178628601601178,0.0453625382126851
"3356001","3366000",3361000.5,"Fst",0.0358237363823956,0,0.0190205122890864,0.0463254983635824
"3357001","3367000",3362000.5,"Fst",0.0273060025153827,0,0.0180184773685408,0.0369345063538612
"3358001","3368000",3363000.5,"Fst",0.0315669625982983,0,0.0266162348564322,0.0656021541494961
"3359001","3369000",3364000.5,"Fst",0.0320446590675126,0,0.0270745469202609,0.0666501118835137
"3360001","3370000",3365000.5,"Fst",0.033013828565723,0,0.0295730761469371,0.0711306428099976
"3361001","3371000",3366000.5,"Fst",0.0376909090909092,0,0.0297414281299184,0.0719903666665176
"3362001","3372000",3367000.5,"Fst",0.036705965678535,0,0.0295259419149138,0.0702319812738009
"3363001","3373000",3368000.5,"Fst",0.0311592865117668,0,0.026336204820426,0.0629679515369548
"3364001","3374000",3369000.5,"Fst",0.0230915714522272,0,0.0206228488141652,0.0492571764997231
"3365001","3375000",3370000.5,"Fst",0.0235746587211022,0,0.0210525349284682,0.0502714937251538
"3366001","3376000",3371000.5,"Fst",0.0270248185696083,0,0.0234118347238421,0.0576436915258468
"3367001","3377000",3372000.5,"Fst",0.0286788114609127,0,0.0247194201989152,0.0603289058476181
"3368001","3378000",3373000.5,"Fst",0.0188200821039499,0,0.0144161038963826,0.0303118180353559
"3369001","3379000",3374000.5,"Fst",0.0173271589893573,0,0.0155011799952542,0.0348541778493469
"3370001","3380000",3375000.5,"Fst",0.0194751143672826,0,0.0161092416134909,0.0357798952699802
"3371001","3381000",3376000.5,"Fst",0,0,0.0135221837076774,0.0228739002932551
"3372001","3382000",3377000.5,"Fst",0,0,0.0166740666198189,0.0281690140845069
"3373001","3383000",3378000.5,"Fst",0,0,0.0193146900646009,0.030995670995671
"3374001","3384000",3379000.5,"Fst",0,0,0.0207935293011943,0.0497803867864659
"3375001","3385000",3380000.5,"Fst",0,0,0.0197070225356572,0.0460391979569685
"3376001","3386000",3381000.5,"Fst",0,0,0.0188549943550437,0.0416358510599346
"3377001","3387000",3382000.5,"Fst",0,0,0.0177690965687067,0.0362995146650746
"3378001","3388000",3383000.5,"Fst",0,0,0.0164511681433385,0.030732804074892
"3379001","3389000",3384000.5,"Fst",0,0,0.0157254213661718,0.0271192245359753
"3380001","3390000",3385000.5,"Fst",0,0,0.0151052973828727,0.0259813916426445
"3381001","3391000",3386000.5,"Fst",0,0,0.0142386206325074,0.0246885903458888
"3382001","3392000",3387000.5,"Fst",0,0,0.0162051101265865,0.0567362428842505
"3383001","3393000",3388000.5,"Fst",0,0,0.0176258404347802,0.0640155498199663
"3384001","3394000",3389000.5,"Fst",0,0,0.0195415838201432,0.0651113703271676
"3385001","3395000",3390000.5,"Fst",0,0,0.0198386916309247,0.0659687101681674
"3386001","3396000",3391000.5,"Fst",0,0,0.02254016343034,0.0801001571809773
"3387001","3397000",3392000.5,"Fst",0,0,0.0238484232367266,0.0845313974312067
"3388001","3398000",3393000.5,"Fst",0,0,0.026073671379154,0.0908679648783698
"3389001","3399000",3394000.5,"Fst",0,0,0.0331411970714634,0.114977444346376
"3390001","3400000",3395000.5,"Fst",0,0,0.0362467357516686,0.126041792649331
"3391001","3401000",3396000.5,"Fst",0,0,0.0429821341430403,0.147720933181184
"3392001","3402000",3397000.5,"Fst",0,0,0.0512146246810732,0.117106136114668
"3393001","3403000",3398000.5,"Fst",0.00265054638456175,0,0.0330835574452594,0.0885696969144606
"3394001","3404000",3399000.5,"Fst",0.0118212324588164,0,0.0290194028670143,0.0731948414967283
"3395001","3405000",3400000.5,"Fst",0.0152335926983815,0,0.0268706013189923,0.0680757028771468
"3396001","3406000",3401000.5,"Fst",0.0154811963281019,0,0.0236927151311637,0.0617659929275128
"3397001","3407000",3402000.5,"Fst",0.00504727181435904,0,0.0240802419152604,0.0685943231194627
"3398001","3408000",3403000.5,"Fst",0.00582493973829201,0,0.0240507959791054,0.0680955205377705
"3399001","3409000",3404000.5,"Fst",0.00636164927968208,0,0.022285042131459,0.0623833499180666
"3400001","3410000",3405000.5,"Fst",0.00611084749862778,0,0.0207577309918393,0.0579165854066251
"3401001","3411000",3406000.5,"Fst",0.00286323734514715,0,0.0186705440397405,0.0553739199964461
"3402001","3412000",3407000.5,"Fst",0.00726198324909044,0,0.0203957086301895,0.0473252850021786
"3403001","3413000",3408000.5,"Fst",0.00590245893276198,0,0.0215054513216441,0.0498360983910117
"3404001","3414000",3409000.5,"Fst",0.00255246379259377,0,0.0211046415687635,0.0501630457128942
"3405001","3415000",3410000.5,"Fst",0.0122308681807638,0,0.0212482756771121,0.0440839877241918
"3406001","3416000",3411000.5,"Fst",0.0120018752930144,0,0.0210150341887104,0.0450281309427334
"3407001","3417000",3412000.5,"Fst",0.0181755320611796,0,0.0248209703685441,0.0474168975656051
"3408001","3418000",3413000.5,"Fst",0.0180166324903167,0,0.026004730408891,0.0466267149621342
"3409001","3419000",3414000.5,"Fst",0.0173400865209001,0,0.0226303987262889,0.0446967135573019
"3410001","3420000",3415000.5,"Fst",0.0181511139024093,0,0.0230222073636967,0.0458848802591678
"3411001","3421000",3416000.5,"Fst",0.0244568686017718,0,0.0230504647321021,0.0598067766837703
"3412001","3422000",3417000.5,"Fst",0.0271535890392826,0,0.0224104504064985,0.0546874322625397
"3413001","3423000",3418000.5,"Fst",0.0189497936066045,0,0.0261689865333381,0.053542394132636
"3414001","3424000",3419000.5,"Fst",0.0216129976876395,0,0.0292495204832714,0.0598574962596471
"3415001","3425000",3420000.5,"Fst",0.00418904766730843,0,0.0322231922517145,0.0654675231977158
"3416001","3426000",3421000.5,"Fst",0.00392025371278482,0,0.0333007576598787,0.0670974647133586
"3417001","3427000",3422000.5,"Fst",0,0,0.036634323221256,0.0750845707367446
"3418001","3428000",3423000.5,"Fst",0,0,0.0365900804050518,0.0749964433063024
"3419001","3429000",3424000.5,"Fst",0,0,0.0442815989490737,0.0859709101968081
"3420001","3430000",3425000.5,"Fst",0,0,0.045091997102772,0.0867425097698654
"3421001","3431000",3426000.5,"Fst",0,0,0.0433310820761392,0.100355367501158
"3422001","3432000",3427000.5,"Fst",0,0,0.0432960815871329,0.100355367501158
"3423001","3433000",3428000.5,"Fst",0,0,0.0406487999617515,0.0878342196709994
"3424001","3434000",3429000.5,"Fst",0.000574551077063612,0,0.0369353472334755,0.0733785967232878
"3425001","3435000",3430000.5,"Fst",0,0,0.0359528422419402,0.072332382874308
"3426001","3436000",3431000.5,"Fst",0,0,0.0351142674815444,0.0658257500675735
"3427001","3437000",3432000.5,"Fst",0.000581496874236032,0,0.0338719280212974,0.0679055012939309
"3428001","3438000",3433000.5,"Fst",0.00218088304054498,0,0.0327572718804401,0.066722620560658
"3429001","3439000",3434000.5,"Fst",0.00193154567255305,0,0.0304734703251873,0.054988649875689
"3430001","3440000",3435000.5,"Fst",0.00170276260066271,0,0.0307221173933552,0.0554064320081032
"3431001","3441000",3436000.5,"Fst",0.0024395361524151,0,0.0334631124117679,0.0641617331052929
"3432001","3442000",3437000.5,"Fst",0.00304921428249794,0,0.0321859352038353,0.0629555165687016
"3433001","3443000",3438000.5,"Fst",0.00315938287540718,0,0.023758384182506,0.0530033430389302
"3434001","3444000",3439000.5,"Fst",0.00142855860948843,0,0.0178160757605835,0.0417390838611198
"3435001","3445000",3440000.5,"Fst",0,0,0.0246827233491881,0.0440989240363545
"3436001","3446000",3441000.5,"Fst",0.00113100848256376,0,0.028209648055717,0.0523234581912365
"3437001","3447000",3442000.5,"Fst",0.00114869176770904,0,0.0287889428272401,0.0534094167574698
"3438001","3448000",3443000.5,"Fst",0,0,0.027070633430676,0.0537219009115242
"3439001","3449000",3444000.5,"Fst",0,0,0.0254426457700066,0.0460231888339118
"3440001","3450000",3445000.5,"Fst",0,0,0.0256972851484272,0.0484215287200362
"3441001","3451000",3446000.5,"Fst",0,0,0.0248898196901888,0.0591962797473143
"3442001","3452000",3447000.5,"Fst",0,0,0.0263460754220032,0.054609019629919
"3443001","3453000",3448000.5,"Fst",0.000209371164536898,0,0.024166446277853,0.0501516545858895
"3444001","3454000",3449000.5,"Fst",0.000256710753948397,0,0.023938788041427,0.0504972582765135
"3445001","3455000",3450000.5,"Fst",0.00305973829374862,0,0.0249915570078277,0.0558607268616601
"3446001","3456000",3451000.5,"Fst",0.00300142871606812,0,0.0245212123408755,0.0547705645015121
"3447001","3457000",3452000.5,"Fst",0.0109621900392792,0,0.0230795578631064,0.0485900860789552
"3448001","3458000",3453000.5,"Fst",0.0098102945796904,0,0.0233803532697434,0.0490613360285996
"3449001","3459000",3454000.5,"Fst",0.0093030414973525,0,0.0243965075473226,0.050350542802685
"3450001","3460000",3455000.5,"Fst",0.0122037531530367,0,0.0234088691211011,0.0572773117407924
"3451001","3461000",3456000.5,"Fst",0.0174233254843277,0,0.0271725289728646,0.0719040404040404
"3452001","3462000",3457000.5,"Fst",0.015757575757576,0,0.0310414824833528,0.0900397455900527
"3453001","3463000",3458000.5,"Fst",0.0162686050536519,0,0.0321773329922577,0.0972410826753509
"3454001","3464000",3459000.5,"Fst",0.0166396253240779,0,0.0343320465757531,0.104259216853675
"3455001","3465000",3460000.5,"Fst",0.0171475850656738,0,0.0352567708517424,0.1073694139842
"3456001","3466000",3461000.5,"Fst",0.0176633522727273,0,0.0362915800203873,0.1108190337106
"3457001","3467000",3462000.5,"Fst",0,0,0.0235819163126021,0.0421253703414937
"3458001","3468000",3463000.5,"Fst",0.00110602041636509,0,0.0174829165711093,0.0313497214450994
"3459001","3469000",3464000.5,"Fst",0.00867389491242709,0,0.0195411165245453,0.0358299849321949
"3460001","3470000",3465000.5,"Fst",0.0120680206318505,0,0.0209444931755538,0.0416976001891477
"3461001","3471000",3466000.5,"Fst",0.012519511276172,0,0.0185735476946847,0.0424438267838715
"3462001","3472000",3467000.5,"Fst",0.0110455063386958,0,0.0185494290078756,0.043932818096719
"3463001","3473000",3468000.5,"Fst",0.0111637850901655,0,0.0176501506908863,0.0432325242974658
"3464001","3474000",3469000.5,"Fst",0.0135455144460196,0,0.0146317655826781,0.0368852888749083
"3465001","3475000",3470000.5,"Fst",0.0105524616309777,0,0.0137704582006721,0.0269862446995554
"3466001","3476000",3471000.5,"Fst",0.0102792931839831,0,0.0134266337744015,0.0262952101661778
"3467001","3477000",3472000.5,"Fst",0.0103048147678552,0,0.0138092547488779,0.0230542636319845
"3468001","3478000",3473000.5,"Fst",0.0100193061154958,0,0.0138489598063334,0.0235679361405915
"3469001","3479000",3474000.5,"Fst",0.00829620926551444,0,0.0120046194195004,0.0231716381734157
"3470001","3480000",3475000.5,"Fst",0.0109435698518919,0,0.0138605724111979,0.0275010134563051
"3471001","3481000",3476000.5,"Fst",0.0110441652570025,0,0.0149924754490011,0.0290099949310493
"3472001","3482000",3477000.5,"Fst",0.0156450872359963,0,0.0143737122901123,0.0290461487765571
"3473001","3483000",3478000.5,"Fst",0.0148327088674161,0,0.014480331062937,0.0298432926626042
"3474001","3484000",3479000.5,"Fst",0.013096410847382,0,0.0151287034986285,0.0310046434786793
"3475001","3485000",3480000.5,"Fst",0.0175622262578784,0,0.0153630940760504,0.026130362337259
"3476001","3486000",3481000.5,"Fst",0.0209202083048896,0,0.017833489380189,0.0345221445221445
"3477001","3487000",3482000.5,"Fst",0.0239942661611023,0,0.0202236090925063,0.0438626920438163
"3478001","3488000",3483000.5,"Fst",0.0225039757750037,0,0.0192317614387366,0.0402022133379685
"3479001","3489000",3484000.5,"Fst",0.0154115763754318,0,0.0230635353964236,0.0619932022335519
"3480001","3490000",3485000.5,"Fst",0.00912617671794047,0,0.0223261024500663,0.0532836248924577
"3481001","3491000",3486000.5,"Fst",0.00854182854182861,0,0.0218034506145118,0.0514277877670437
"3482001","3492000",3487000.5,"Fst",0.00150754015605747,0,0.0195434095412525,0.0391967270820524
"3483001","3493000",3488000.5,"Fst",0.00254062877013694,0,0.0204984985676914,0.039397418501896
"3484001","3494000",3489000.5,"Fst",0.0010014166381711,0,0.0220473819256779,0.0541614162794816
"3485001","3495000",3490000.5,"Fst",0,0,0.0239774126006312,0.0585001535642798
"3486001","3496000",3491000.5,"Fst",0,0,0.0231102779358625,0.0546711470755707
"3487001","3497000",3492000.5,"Fst",0.000701321215623496,0,0.0225476405452085,0.052342838594052
"3488001","3498000",3493000.5,"Fst",0.00178543130315356,0,0.0229247189728938,0.0535543288641755
"3489001","3499000",3494000.5,"Fst",0.00628113622704662,0,0.0212948452462968,0.0574130361364404
"3490001","3500000",3495000.5,"Fst",0.00720585621612013,0,0.02249665970594,0.0628890773373884
"3491001","3501000",3496000.5,"Fst",0.0078297050913092,0,0.0235413268110925,0.0668552534771791
"3492001","3502000",3497000.5,"Fst",0.0131566925536774,0,0.0298362711101773,0.0714112522623161
"3493001","3503000",3498000.5,"Fst",0.00858113848768061,0,0.0224028539207319,0.0553317978104474
"3494001","3504000",3499000.5,"Fst",0.0131778593536314,0,0.0175610675583264,0.0335833583358336
"3495001","3505000",3500000.5,"Fst",0.0195957540820206,0,0.0239285957218327,0.0604856512141283
"3496001","3506000",3501000.5,"Fst",0.0197140707298721,0,0.023163833732437,0.0573752685548042
"3497001","3507000",3502000.5,"Fst",0.0212913417927941,0,0.0218785597775256,0.0572418913317756
"3498001","3508000",3503000.5,"Fst",0.0224218863273888,0,0.0208725874247377,0.0575703878716282
"3499001","3509000",3504000.5,"Fst",0.0223435556768892,0,0.023192298812154,0.0548179669030734
"3500001","3510000",3505000.5,"Fst",0.0190258058144748,0,0.0233777230999452,0.051395406273154
"3501001","3511000",3506000.5,"Fst",0.0197590645602321,0,0.0230904254006341,0.0510818366747527
"3502001","3512000",3507000.5,"Fst",0.0200195552132764,0,0.0239407039644059,0.0520903186998026
"3503001","3513000",3508000.5,"Fst",0.025513886709556,0,0.0235893004329035,0.0640931131181829
"3504001","3514000",3509000.5,"Fst",0.0249396126834309,0,0.0229276705296322,0.0626534758818699
"3505001","3515000",3510000.5,"Fst",0.0191501989058708,0,0.0212903569928125,0.042926215698493
"3506001","3516000",3511000.5,"Fst",0.018130150610969,0,0.0229304230666311,0.0425856383080121
"3507001","3517000",3512000.5,"Fst",0.0117115967911104,0,0.0240134982595218,0.0461289330736907
"3508001","3518000",3513000.5,"Fst",0.00319332026923402,0,0.0203301322855647,0.0414156095842143
"3509001","3519000",3514000.5,"Fst",0.000196053360610349,0,0.0170124672046088,0.0368615097834486
"3510001","3520000",3515000.5,"Fst",0.00858568056312137,0,0.0150980311407667,0.0282687618670786
"3511001","3521000",3516000.5,"Fst",0.0120107991052983,0,0.02635835978121,0.0581417908161702
"3512001","3522000",3517000.5,"Fst",0.0333022859130747,0,0.0365956060482458,0.0832537391385225
"3513001","3523000",3518000.5,"Fst",0.0324155029235277,0,0.037438402065804,0.0849922201522478
"3514001","3524000",3519000.5,"Fst",0.0297028594728783,0,0.0407878551943153,0.0841974922943868
"3515001","3525000",3520000.5,"Fst",0.0303369318181816,0,0.0492005115262567,0.081656279273767
"3516001","3526000",3521000.5,"Fst",0.0304368025766364,0,0.0493588438401879,0.0819295567278594
"3517001","3527000",3522000.5,"Fst",0.0307965097566301,0,0.0505906305217818,0.0802658173422748
"3518001","3528000",3523000.5,"Fst",0.032331082559917,0,0.0532661745321681,0.0839789170571024
"3519001","3529000",3524000.5,"Fst",0.0333809212670292,0,0.0530532121828996,0.0835187112753465
"3520001","3530000",3525000.5,"Fst",0.0340308995327897,0,0.0557464288384714,0.0875480205001091
"3521001","3531000",3526000.5,"Fst",0.035425983689501,0,0.0561994316326159,0.0809631786091739
"3522001","3532000",3527000.5,"Fst",0.0281933540404973,0,0.0605316676254713,0.0718357238541664
"3523001","3533000",3528000.5,"Fst",0.0283685253506781,0,0.0603911187800147,0.0722269581492817
"3524001","3534000",3529000.5,"Fst",0.0301481089200809,0,0.0549097825589401,0.0664397860401037
"3525001","3535000",3530000.5,"Fst",0.039748658178593,0,0.035481707863169,0.0439579155795308
"3526001","3536000",3531000.5,"Fst",0.0365362779272452,0,0.0326386472131522,0.0413049746074493
"3527001","3537000",3532000.5,"Fst",0.0293597203923289,0,0.0125389173783149,0.0266083292821261
"3528001","3538000",3533000.5,"Fst",0.0230989606006708,0,0.0127364066189739,0.027967085917616
"3529001","3539000",3534000.5,"Fst",0.0152828989192626,0,0.0137946116595375,0.0249713815348684
"3530001","3540000",3535000.5,"Fst",0.0141148325358853,0,0.0136169249400152,0.0247642930297005
"3531001","3541000",3536000.5,"Fst",0.0131128469336879,0,0.0122797281190676,0.0238155437929322
"3532001","3542000",3537000.5,"Fst",0.0114143984372992,0,0.0114177049922933,0.0212694288970817
"3533001","3543000",3538000.5,"Fst",0.0310034746887372,0,0.0127954322549856,0.0287141303130917
"3534001","3544000",3539000.5,"Fst",0.0327105642895116,0,0.0132573892649385,0.0274187453123489
"3535001","3545000",3540000.5,"Fst",0.0304875763054466,0,0.0147085289510226,0.0271354538693757
"3536001","3546000",3541000.5,"Fst",0.0324566992881977,0,0.0151947353408784,0.0271500131272908
"3537001","3547000",3542000.5,"Fst",0.0382053285993018,0,0.0163052306208092,0.0325168407748023
"3538001","3548000",3543000.5,"Fst",0.0407976986165303,0,0.0178367891503557,0.0322821790685683
"3539001","3549000",3544000.5,"Fst",0.045282737385841,0,0.0178355754714919,0.0377847052545845
"3540001","3550000",3545000.5,"Fst",0.0457439689861152,0,0.0183583018813811,0.0383856260893608
"3541001","3551000",3546000.5,"Fst",0.0394978267867655,0,0.0438345067914075,0.086486565157325
"3542001","3552000",3547000.5,"Fst",0.041991847028633,0,0.0465089551434971,0.0907204013936341
"3543001","3553000",3548000.5,"Fst",0.0290918952685191,0,0.0537064550894047,0.103179575039156
"3544001","3554000",3549000.5,"Fst",0.0282429272782537,0,0.0521601040684299,0.102012972363881
"3545001","3555000",3550000.5,"Fst",0.0221863517962865,0,0.0535468363518266,0.106257207151906
"3546001","3556000",3551000.5,"Fst",0.0245750130182495,0,0.0536241415938315,0.104900262493902
"3547001","3557000",3552000.5,"Fst",0.00234190312789451,0,0.0465532017590172,0.117389491086571
"3548001","3558000",3553000.5,"Fst",0,0,0.0571340327605777,0.146178890363321
"3549001","3559000",3554000.5,"Fst",0,0,0.0566977520838743,0.148928943938363
"3550001","3560000",3555000.5,"Fst",0,0,0.0572085086220579,0.147048937255423
"3551001","3561000",3556000.5,"Fst",0,0,0.0617511170495246,0.155248696403686
"3552001","3562000",3557000.5,"Fst",0,0,0.0614589937775478,0.154488275204023
"3553001","3563000",3558000.5,"Fst",0,0,0.0593866216400989,0.151212889718038
"3554001","3564000",3559000.5,"Fst",0,0,0.059850644697329,0.148646486678506
"3555001","3565000",3560000.5,"Fst",0,0,0.0554102788656688,0.131939482575222
"3556001","3566000",3561000.5,"Fst",0.0138170502139948,0,0.0498711364935788,0.113646021481944
"3557001","3567000",3562000.5,"Fst",0.0300176827110231,0,0.046182447743387,0.124708769149246
"3558001","3568000",3563000.5,"Fst",0.0523398680018702,0,0.0521720916903636,0.149536116487123
"3559001","3569000",3564000.5,"Fst",0.0535679774821063,0,0.0520828541090153,0.147799641085345
"3560001","3570000",3565000.5,"Fst",0.0554347707987005,0,0.0514191504124671,0.145908566839536
"3561001","3571000",3566000.5,"Fst",0.0569216921692169,0,0.0510520171936789,0.144523751268116
"3562001","3572000",3567000.5,"Fst",0.0555470991781387,0,0.049870500453468,0.142269933499512
"3563001","3573000",3568000.5,"Fst",0.0589734619830883,0,0.0485285840027985,0.139216120531659
"3564001","3574000",3569000.5,"Fst",0.0602592694404048,0,0.0475204797860139,0.136037753107271
"3565001","3575000",3570000.5,"Fst",0.0665404057963686,0,0.0453905754137594,0.130486963595688
"3566001","3576000",3571000.5,"Fst",0.0882915618794445,0,0.0424519041715582,0.116915029595107
"3567001","3577000",3572000.5,"Fst",0.0769796596682444,0,0.0359247540313143,0.124693919056335
"3568001","3578000",3573000.5,"Fst",0.0660700201002469,0,0.0336285465367731,0.112121832005232
"3569001","3579000",3574000.5,"Fst",0.0574563706370639,0,0.0328863886495399,0.110218964810853
"3570001","3580000",3575000.5,"Fst",0.0482190324295588,0,0.0292795057397014,0.0833877719869603
"3571001","3581000",3576000.5,"Fst",0.0450782456057863,0,0.0299028422451307,0.085268610313502
"3572001","3582000",3577000.5,"Fst",0.0564546636718288,0,0.029266783050915,0.0693265262917863
"3573001","3583000",3578000.5,"Fst",0.038045451282816,0,0.029162626281899,0.0619018584293576
"3574001","3584000",3579000.5,"Fst",0.0342856385629746,0,0.0283997731235547,0.0661529221986735
"3575001","3585000",3580000.5,"Fst",0.0408603086346101,0,0.0265633569768985,0.0674836405769803
"3576001","3586000",3581000.5,"Fst",0.0426594269802147,0,0.0272179036411967,0.0753238820834637
"3577001","3587000",3582000.5,"Fst",0.0479602167445453,0,0.0271563991001011,0.0862656877650145
"3578001","3588000",3583000.5,"Fst",0.04520451247965,0,0.0283123978572495,0.0919863399307855
"3579001","3589000",3584000.5,"Fst",0.0482141495311692,0,0.0296721818229818,0.100804533032791
"3580001","3590000",3585000.5,"Fst",0.0484540442131178,0,0.0323140405464085,0.122803111139084
"3581001","3591000",3586000.5,"Fst",0.051863298008088,0,0.0317186326330327,0.130787734301376
"3582001","3592000",3587000.5,"Fst",0.0503412198334112,0,0.0314697483915997,0.137413611106286
"3583001","3593000",3588000.5,"Fst",0.069624971533243,0,0.0381821561023037,0.155699858113941
"3584001","3594000",3589000.5,"Fst",0.0681651932665552,0,0.0373230222899594,0.153481158120113
"3585001","3595000",3590000.5,"Fst",0.0740405985286083,0,0.0318055312172265,0.130400908548609
"3586001","3596000",3591000.5,"Fst",0.0673285806778267,0,0.028802764624227,0.114334049480319
"3587001","3597000",3592000.5,"Fst",0.0668604231352444,0,0.0306493783751287,0.110296977846565
"3588001","3598000",3593000.5,"Fst",0.0580692473073751,0,0.0252243115372113,0.0928949036345638
"3589001","3599000",3594000.5,"Fst",0.051201394307716,0,0.0232418080920795,0.0821312158009924
"3590001","3600000",3595000.5,"Fst",0.046110585223907,0,0.0211108876336499,0.0560950054507142
"3591001","3601000",3596000.5,"Fst",0.0413204844035919,0,0.0195692178446931,0.0492812820246954
"3592001","3602000",3597000.5,"Fst",0.0360523900312176,0,0.0199907230032038,0.0475498824082321
"3593001","3603000",3598000.5,"Fst",0.0323973129697339,0,0.0265682939390661,0.0563790548478431
"3594001","3604000",3599000.5,"Fst",0.0330834743951244,0,0.0295854877702972,0.0593234179267832
"3595001","3605000",3600000.5,"Fst",0.0203018053949731,0,0.0319619215267466,0.0573497051526635
"3596001","3606000",3601000.5,"Fst",0.0208770583701662,0,0.03245347238544,0.0607714640430902
"3597001","3607000",3602000.5,"Fst",0.0209944429223685,0,0.0325649654818311,0.0606346474440912
"3598001","3608000",3603000.5,"Fst",0.0237084244234914,0,0.0365026407948765,0.0725132386672763
"3599001","3609000",3604000.5,"Fst",0.0281719424086491,0,0.0439798944064782,0.0892259376542979
"3600001","3610000",3605000.5,"Fst",0.0372755061814561,0,0.0434667909619675,0.0898633867380747
"3601001","3611000",3606000.5,"Fst",0.0389029476309058,0,0.0456403238242501,0.092212541477704
"3602001","3612000",3607000.5,"Fst",0.0406787169945064,0,0.036990316987416,0.0833148345933418
"3603001","3613000",3608000.5,"Fst",0.0231887907563583,0,0.0310847135837828,0.0693532401256828
"3604001","3614000",3609000.5,"Fst",0.0280869230420799,0,0.0256557049294662,0.0614111146177655
"3605001","3615000",3610000.5,"Fst",0.0197391846998146,0,0.0236996327172768,0.0540795427397498
"3606001","3616000",3611000.5,"Fst",0.0291299119908658,0,0.0217734411140785,0.0401614918487124
"3607001","3617000",3612000.5,"Fst",0.0283651970347251,0,0.0205089590336,0.0378118250138004
"3608001","3618000",3613000.5,"Fst",0.0293489927090145,0,0.0212842911973454,0.038838590950915
"3609001","3619000",3614000.5,"Fst",0.0266127280218751,0,0.020414642831998,0.0404432808998736
"3610001","3620000",3615000.5,"Fst",0.0238887074956853,0,0.0209405746601849,0.0386421395063928
"3611001","3621000",3616000.5,"Fst",0.0235787224116005,0,0.0210019069405963,0.0384139338773886
"3612001","3622000",3617000.5,"Fst",0.0143636277949865,0,0.022972186903568,0.0460228799745723
"3613001","3623000",3618000.5,"Fst",0.0191171570898038,0,0.0216559092580836,0.0481684367813998
"3614001","3624000",3619000.5,"Fst",0.0182281560427466,0,0.0233346694313346,0.0526169729110917
"3615001","3625000",3620000.5,"Fst",0.0255426350122625,0,0.0194886143793389,0.0374013062182631
"3616001","3626000",3621000.5,"Fst",0.0330792431715663,0,0.0342538570199629,0.086079677767415
"3617001","3627000",3622000.5,"Fst",0.0340210616806361,0,0.0351018887470306,0.0916177889353404
"3618001","3628000",3623000.5,"Fst",0.0341391836344518,0,0.0391081703992534,0.100307718970729
"3619001","3629000",3624000.5,"Fst",0.04352047145013,0,0.0398573797192311,0.0992721409865706
"3620001","3630000",3625000.5,"Fst",0.0398057114685998,0,0.0362545691630703,0.0900751185530237
"3621001","3631000",3626000.5,"Fst",0.0316295825386734,0,0.0337712609767367,0.0795414294386669
"3622001","3632000",3627000.5,"Fst",0.0244751524823338,0,0.0328031581038337,0.0686647691381603
"3623001","3633000",3628000.5,"Fst",0.0215522541141869,0,0.0321650109521171,0.0689502174646049
"3624001","3634000",3629000.5,"Fst",0.0430705282917672,0,0.0294048017493856,0.0701391610094999
"3625001","3635000",3630000.5,"Fst",0.0468634617486557,0,0.0302866634723879,0.0708180618156454
"3626001","3636000",3631000.5,"Fst",0.13163634718074,0,0.0323149759244409,0.106947976084118
"3627001","3637000",3632000.5,"Fst",0.16767304616018,0,0.0387829548490957,0.129192637259143
"3628001","3638000",3633000.5,"Fst",0.17467735516516,0,0.0388747858159703,0.119426816849157
"3629001","3639000",3634000.5,"Fst",0.175426891763842,0,0.0376448486085889,0.121922100587022
"3630001","3640000",3635000.5,"Fst",0.17810472758109,0,0.0384451419784994,0.126199834777713
"3631001","3641000",3636000.5,"Fst",0.187214057216712,0,0.0402943161985116,0.1316777920252
"3632001","3642000",3637000.5,"Fst",0.209711967389632,0,0.0462633804002248,0.146676864461393
"3633001","3643000",3638000.5,"Fst",0.21531224594915,0,0.0491904639693963,0.153254980859829
"3634001","3644000",3639000.5,"Fst",0.215252194014707,0,0.0528843202313197,0.15747728351895
"3635001","3645000",3640000.5,"Fst",0.208942874879675,0,0.051828178958099,0.153382463582882
"3636001","3646000",3641000.5,"Fst",0.201653707081374,0,0.0477083006140333,0.11987590092122
"3637001","3647000",3642000.5,"Fst",0.159387189947295,0,0.0390585849251025,0.101187732027362
"3638001","3648000",3643000.5,"Fst",0.148648388648389,0,0.0410278188626086,0.106849123924856
"3639001","3649000",3644000.5,"Fst",0.135526831688101,0,0.0370044092662496,0.105757865668048
"3640001","3650000",3645000.5,"Fst",0.133189170486982,0,0.0344955422586299,0.0884846608667296
"3641001","3651000",3646000.5,"Fst",0.126667200384277,0,0.0319132969796108,0.0790976451727505
"3642001","3652000",3647000.5,"Fst",0.0919309125835098,0,0.0273707457476594,0.0587824257383937
"3643001","3653000",3648000.5,"Fst",0.0517060569074465,0,0.0243208679232323,0.043888576603585
"3644001","3654000",3649000.5,"Fst",0.0512860702515876,0,0.0244100834782364,0.0452637347817729
"3645001","3655000",3650000.5,"Fst",0.155629305998992,0,0.0268508554964671,0.0806090790504619
"3646001","3656000",3651000.5,"Fst",0.14606179243314,0,0.0257953116247685,0.082901205144131
"3647001","3657000",3652000.5,"Fst",0.162044157651673,0,0.028904677167532,0.0873746847284572
"3648001","3658000",3653000.5,"Fst",0.153066306170706,0,0.0281756307907573,0.078829508782934
"3649001","3659000",3654000.5,"Fst",0.148886937499037,0,0.0310797989595797,0.0734573410531295
"3650001","3660000",3655000.5,"Fst",0.146154294711062,0,0.0304329802252167,0.0716648875053987
"3651001","3661000",3656000.5,"Fst",0.156986882413008,0,0.0316653718750188,0.0760307957220423
"3652001","3662000",3657000.5,"Fst",0.182749320247063,0,0.0367494469293287,0.0886545199922455
"3653001","3663000",3658000.5,"Fst",0.176701798795111,0,0.0346812383571482,0.112046920821114
"3654001","3664000",3659000.5,"Fst",0.179112090952319,0,0.0349863760074315,0.113726205198127
"3655001","3665000",3660000.5,"Fst",0.0362689234811568,0,0.0379134785969516,0.0922098089327006
"3656001","3666000",3661000.5,"Fst",0.0295350155825537,0,0.0296437638784417,0.0715937526137449
"3657001","3667000",3662000.5,"Fst",0.0302180238076263,0,0.0293693204649892,0.0728567496165904
"3658001","3668000",3663000.5,"Fst",0.0263161578190693,0,0.0268906631393223,0.0674188593855638
"3659001","3669000",3664000.5,"Fst",0.0292547616950498,0,0.0259816323520309,0.0884590141644245
"3660001","3670000",3665000.5,"Fst",0.0291409776426778,0,0.025911191775652,0.0911857022662922
"3661001","3671000",3666000.5,"Fst",0.0634716706731753,0,0.0251666523182469,0.0643909228944108
"3662001","3672000",3667000.5,"Fst",0.132900064299559,0,0.0243332985730846,0.075461617303912
"3663001","3673000",3668000.5,"Fst",0.231085252069055,0,0.0375078517139804,0.0922461721244188
"3664001","3674000",3669000.5,"Fst",0.230028719010879,0,0.0370725957629744,0.0915389748212129
"3665001","3675000",3670000.5,"Fst",0.230221151044468,0,0.0372260158550842,0.0917124192351931
"3666001","3676000",3671000.5,"Fst",0.231515726252568,0,0.0372223449712295,0.0902633346516004
"3667001","3677000",3672000.5,"Fst",0.230099837836782,0,0.0364795657765717,0.0889658700672545
"3668001","3678000",3673000.5,"Fst",0.226062105606383,0,0.0353784512829537,0.0874190523431284
"3669001","3679000",3674000.5,"Fst",0.223135086333371,0,0.034586473422164,0.0855175070968731
"3670001","3680000",3675000.5,"Fst",0.238804894205666,0,0.0353133445174799,0.0847624453774313
"3671001","3681000",3676000.5,"Fst",0.242537157725493,0,0.0382372878496884,0.0940443001902996
"3672001","3682000",3677000.5,"Fst",0.22704473230111,0,0.0376403437717292,0.0949921373624036
"3673001","3683000",3678000.5,"Fst",0.118735037024665,0,0.0227255871883593,0.0535418358154176
"3674001","3684000",3679000.5,"Fst",0.110801471132723,0,0.0228174751170455,0.0455616897214813
"3675001","3685000",3680000.5,"Fst",0.112295492069845,0,0.0231331525252729,0.0463098937877805
"3676001","3686000",3681000.5,"Fst",0.133132442637235,0,0.0280867392562011,0.0675855338845343
"3677001","3687000",3682000.5,"Fst",0.126057269509884,0,0.027042484288096,0.0658721182683861
"3678001","3688000",3683000.5,"Fst",0.128574571858154,0,0.0267877639518498,0.0653755091233494
"3679001","3689000",3684000.5,"Fst",0.132368251970156,0,0.0289656383848437,0.0701666548433041
"3680001","3690000",3685000.5,"Fst",0.0194958327311269,0,0.0232000035636556,0.0576516837631939
"3681001","3691000",3686000.5,"Fst",0.0260061957189895,0,0.0247168299277814,0.0609010829533445
"3682001","3692000",3687000.5,"Fst",0.0256508749466496,0,0.024976169381542,0.0605328088682283
"3683001","3693000",3688000.5,"Fst",0.0258694903581268,0,0.0254658144478395,0.061216998855436
"3684001","3694000",3689000.5,"Fst",0.00563661304402041,0,0.0258326611885813,0.0585957914826014
"3685001","3695000",3690000.5,"Fst",0.0270660672816756,0,0.0262982707526395,0.0465859238890871
"3686001","3696000",3691000.5,"Fst",0.0261985852763951,0,0.0244089818619882,0.0480590540997632
"3687001","3697000",3692000.5,"Fst",0.0204029884044249,0,0.0228838305950366,0.0475420169180002
"3688001","3698000",3693000.5,"Fst",0.0208120174610795,0,0.0232463887820377,0.0491138912716267
"3689001","3699000",3694000.5,"Fst",0.0196140587647579,0,0.0224392697628248,0.0464424876507227
"3690001","3700000",3695000.5,"Fst",0.0302759538798258,0,0.0295844959617882,0.07230694271731
"3691001","3701000",3696000.5,"Fst",0.0429373214585784,0,0.0236484606207199,0.0598282699934544
"3692001","3702000",3697000.5,"Fst",0.042413515687852,0,0.023073571816953,0.0584689931607563
"3693001","3703000",3698000.5,"Fst",0.0406478048380233,0,0.0226059632051617,0.0572281816184255
"3694001","3704000",3699000.5,"Fst",0.0367532526744674,0,0.0200752471233368,0.055567917628715
"3695001","3705000",3700000.5,"Fst",0.0332764402922506,0,0.019059609492408,0.0453785889450726
"3696001","3706000",3701000.5,"Fst",0.0414363244897596,0,0.0192930638044469,0.0435169114259087
"3697001","3707000",3702000.5,"Fst",0.0577204127893105,0,0.0188754734296631,0.0374378551136364
"3698001","3708000",3703000.5,"Fst",0.0572493719102035,0,0.0187934486430783,0.0372416669410512
"3699001","3709000",3704000.5,"Fst",0.0587018301071917,0,0.0198815315942486,0.0355780785271136
"3700001","3710000",3705000.5,"Fst",0.0582220307338791,0,0.019480047627905,0.034405451740372
"3701001","3711000",3706000.5,"Fst",0.054156338568315,0,0.0222940719099836,0.0410848923568676
"3702001","3712000",3707000.5,"Fst",0.0549520092817213,0,0.0226567240708953,0.0415548615930297
"3703001","3713000",3708000.5,"Fst",0.0567606644962015,0,0.0236045455718594,0.0427986272556182
"3704001","3714000",3709000.5,"Fst",0.0636339744355514,0,0.0261497609984124,0.0539563089770485
"3705001","3715000",3710000.5,"Fst",0.0643677466150869,0,0.0277782335437112,0.0576015366340636
"3706001","3716000",3711000.5,"Fst",0.0556704034241473,0,0.0305008052787349,0.0630030743821942
"3707001","3717000",3712000.5,"Fst",0.0448403422691123,0,0.0335024203699558,0.0633545558918693
"3708001","3718000",3713000.5,"Fst",0.0489007375810896,0,0.0296913289777105,0.0543241438430259
"3709001","3719000",3714000.5,"Fst",0.0480327050423413,0,0.024265300357772,0.0552919553230596
"3710001","3720000",3715000.5,"Fst",0.0468801803593926,0,0.0250174407702725,0.0566682620569271
"3711001","3721000",3716000.5,"Fst",0.0696337262500673,0,0.0216833143326073,0.0630699705156108
"3712001","3722000",3717000.5,"Fst",0.0654803460312641,0,0.0221771271376218,0.0600272596575738
"3713001","3723000",3718000.5,"Fst",0.0662546068796068,0,0.022406961157877,0.0607256861152561
"3714001","3724000",3719000.5,"Fst",0.0606014701072455,0,0.0221302984961104,0.0565618973508812
"3715001","3725000",3720000.5,"Fst",0.0544328989711398,0,0.0225207986645955,0.0542192149103597
"3716001","3726000",3721000.5,"Fst",0.0486083173886734,0,0.0226343280236893,0.0416062911857865
"3717001","3727000",3722000.5,"Fst",0.0469243095187351,0,0.0218696659577728,0.0402886152110558
"3718001","3728000",3723000.5,"Fst",0.045317651981317,0,0.0250041538848115,0.0482362082362081
"3719001","3729000",3724000.5,"Fst",0.0396197303679451,0,0.0233447137460025,0.048578304245228
"3720001","3730000",3725000.5,"Fst",0.0225192595147751,0,0.0293050473924203,0.0599031761464917
"3721001","3731000",3726000.5,"Fst",0.0101714911005863,0,0.0313031541544754,0.0658208729799123
"3722001","3732000",3727000.5,"Fst",0.0175018424974043,0,0.028890076243541,0.0624918143988312
"3723001","3733000",3728000.5,"Fst",0.0201810492467931,0,0.0266618030927142,0.0578230248460974
"3724001","3734000",3729000.5,"Fst",0.0227849317701325,0,0.0250775871365056,0.0527231228630456
"3725001","3735000",3730000.5,"Fst",0.0224235436946202,0,0.0258497460069254,0.0518557653072182
"3726001","3736000",3731000.5,"Fst",0.0236633203197619,0,0.0274642865422171,0.05716884484657
"3727001","3737000",3732000.5,"Fst",0.0222376247550669,0,0.0279206373685083,0.0652509423322353
"3728001","3738000",3733000.5,"Fst",0.0189010822795139,0,0.0262647240327388,0.061684846932638
"3729001","3739000",3734000.5,"Fst",0.0155278066142667,0,0.026481288457438,0.0821309271902158
"3730001","3740000",3735000.5,"Fst",0.0227570360089444,0,0.0253501547976941,0.0590956235039343
"3731001","3741000",3736000.5,"Fst",0.022452749387995,0,0.0263502083562644,0.061277081029654
"3732001","3742000",3737000.5,"Fst",0.0144936664567151,0,0.0297216055445874,0.0675039557637956
"3733001","3743000",3738000.5,"Fst",0.0292104047006009,0,0.0264964241937101,0.0666530778638402
"3734001","3744000",3739000.5,"Fst",0.0564228427613443,0,0.0298730600358468,0.0679341429661532
"3735001","3745000",3740000.5,"Fst",0.0572192917387842,0,0.0277623065588959,0.0709133565574188
"3736001","3746000",3741000.5,"Fst",0.0572620409790157,0,0.0277010388241435,0.0688867609306875
"3737001","3747000",3742000.5,"Fst",0.061053895438502,0,0.0265762369053072,0.0602947803359609
"3738001","3748000",3743000.5,"Fst",0.0592511177347242,0,0.0295762380016442,0.0851614883007289
"3739001","3749000",3744000.5,"Fst",0.0726121608834347,0,0.0285689721055274,0.0806211697894482
"3740001","3750000",3745000.5,"Fst",0.0718785871549275,0,0.0279294568704313,0.0772353897224471
"3741001","3751000",3746000.5,"Fst",0.0708875119454977,0,0.0277090994911693,0.0762047709051377
"3742001","3752000",3747000.5,"Fst",0.0791219370740901,0,0.0276991234203419,0.0771610198028209
"3743001","3753000",3748000.5,"Fst",0.0644015916743189,0,0.0282850966888092,0.0800566259236242
"3744001","3754000",3749000.5,"Fst",0.0470158487008778,0,0.0329402905712628,0.0872472194839408
"3745001","3755000",3750000.5,"Fst",0.0464381412979544,0,0.0329807106949723,0.0820368297949393
"3746001","3756000",3751000.5,"Fst",0.0340832661682555,0,0.0296024980343749,0.0770249183708542
"3747001","3757000",3752000.5,"Fst",0.0253965272560314,0,0.034918321736793,0.0803694240064035
"3748001","3758000",3753000.5,"Fst",0.0210483536735031,0,0.0305952599104425,0.0779286866578098
"3749001","3759000",3754000.5,"Fst",0.0165076176125899,0,0.030522376178383,0.0785367362532238
"3750001","3760000",3755000.5,"Fst",0.0155323775601826,0,0.0305348029804879,0.0797072638084879
"3751001","3761000",3756000.5,"Fst",0.0155519957282073,0,0.0310110870323714,0.0807274581313375
"3752001","3762000",3757000.5,"Fst",0.00650120934818421,0,0.0307865932405914,0.0784105880943825
"3753001","3763000",3758000.5,"Fst",0.00761329691218982,0,0.0321624476381455,0.081613506367066
"3754001","3764000",3759000.5,"Fst",0,0,0.0308584694891739,0.0583844113072912
"3755001","3765000",3760000.5,"Fst",0,0,0.0297423277854327,0.0512718892400089
"3756001","3766000",3761000.5,"Fst",0,0,0.035168570106798,0.0549340913743955
"3757001","3767000",3762000.5,"Fst",6.93601525925125e-05,0,0.0332895175953929,0.0625724802097516
"3758001","3768000",3763000.5,"Fst",0.025303586856849,0,0.0251088815464479,0.0565595921474676
"3759001","3769000",3764000.5,"Fst",0.0303785814889588,0,0.0267564312032457,0.0426789017967739
"3760001","3770000",3765000.5,"Fst",0.0276527331189712,0,0.0259600906183537,0.0427850448488346
"3761001","3771000",3766000.5,"Fst",0.0239103531915946,0,0.0251579807752801,0.044269286497153
"3762001","3772000",3767000.5,"Fst",0.0243252494263512,0,0.0259365765119305,0.0445390667280916
"3763001","3773000",3768000.5,"Fst",0.0201325674555057,0,0.0246787227465416,0.0383820234531488
"3764001","3774000",3769000.5,"Fst",0.00256453949049995,0,0.0394894170235716,0.0805815906130158
"3765001","3775000",3770000.5,"Fst",0,0,0.0437719897034231,0.0791328039779056
"3766001","3776000",3771000.5,"Fst",0,0,0.0482297042618412,0.0873859767310597
"3767001","3777000",3772000.5,"Fst",0,0,0.0568596149727497,0.10150382376576
"3768001","3778000",3773000.5,"Fst",0,0,0.0592525103580931,0.103734050751667
"3769001","3779000",3774000.5,"Fst",0,0,0.062590745831034,0.113220122369417
"3770001","3780000",3775000.5,"Fst",0,0,0.0619195998969993,0.112962358691002
"3771001","3781000",3776000.5,"Fst",0,0,0.0629810686755479,0.112217196921627
"3772001","3782000",3777000.5,"Fst",0,0,0.0606234037185437,0.108441245831956
"3773001","3783000",3778000.5,"Fst",0,0,0.0613777028498471,0.109223186057104
"3774001","3784000",3779000.5,"Fst",0,0,0.0554492537632171,0.0961055894787989
"3775001","3785000",3780000.5,"Fst",0,0,0.0532888821686132,0.105056812827756
"3776001","3786000",3781000.5,"Fst",0,0,0.0496600198621039,0.0965564012957377
"3777001","3787000",3782000.5,"Fst",0.0023276822548105,0,0.026512408550733,0.0559218541509542
"3778001","3788000",3783000.5,"Fst",0.0156413065774136,0,0.0284842181147405,0.0492602237223729
"3779001","3789000",3784000.5,"Fst",0.0215650668608306,0,0.0279534548820564,0.0554241646142597
"3780001","3790000",3785000.5,"Fst",0.0222122428358921,0,0.0291921936561522,0.0593069190994756
"3781001","3791000",3786000.5,"Fst",0.0220842630581348,0,0.0262836238114744,0.0721342595857724
"3782001","3792000",3787000.5,"Fst",0.0224549710386416,0,0.0289348117212066,0.0822351050802347
"3783001","3793000",3788000.5,"Fst",0.0233162612035852,0,0.028180675308913,0.0806629486749413
"3784001","3794000",3789000.5,"Fst",0.0207624066754503,0,0.0300788388513249,0.0845225535856727
"3785001","3795000",3790000.5,"Fst",0.019747393744988,0,0.0304572244170608,0.0770039413960133
"3786001","3796000",3791000.5,"Fst",0.0197594501718212,0,0.0299198571205447,0.0759825353328426
"3787001","3797000",3792000.5,"Fst",0.0220286276930312,0,0.0298992858898117,0.073663016397242
"3788001","3798000",3793000.5,"Fst",0.0172635445362718,0,0.0260033646602475,0.0781975637336998
"3789001","3799000",3794000.5,"Fst",0.0157106172774971,0,0.0275933492135407,0.0625264731264308
"3790001","3800000",3795000.5,"Fst",0.0181128468230825,0,0.0299002540910679,0.062869998380362
"3791001","3801000",3796000.5,"Fst",0.0193431291769661,0,0.0327551585884695,0.0677792179011061
"3792001","3802000",3797000.5,"Fst",0.0198781580285687,0,0.0314373426641805,0.0699921723417187
"3793001","3803000",3798000.5,"Fst",0.0202180854268329,0,0.0314337453889408,0.0709438745430964
"3794001","3804000",3799000.5,"Fst",0.0210330017009227,0,0.0291091039318834,0.0646446316257236
"3795001","3805000",3800000.5,"Fst",0.0232819190265998,0,0.0302121822971215,0.0737616741805608
"3796001","3806000",3801000.5,"Fst",0.0235493978207919,0,0.0305974227003621,0.0753721100357777
"3797001","3807000",3802000.5,"Fst",0.0223138610664274,0,0.03240714778379,0.0783832919285607
"3798001","3808000",3803000.5,"Fst",0.0163353452952366,0,0.0305915352634033,0.0662911973299958
"3799001","3809000",3804000.5,"Fst",0.0192227387758115,0,0.0254393521789159,0.0621980215158875
"3800001","3810000",3805000.5,"Fst",0.0130127182758761,0,0.0218446230212065,0.048555529928994
"3801001","3811000",3806000.5,"Fst",0.0129219657717067,0,0.0213358025351257,0.0470712389453493
"3802001","3812000",3807000.5,"Fst",0.0198892843020957,0,0.0211411291963419,0.051946982600431
"3803001","3813000",3808000.5,"Fst",0.0202324862902602,0,0.0224546001803629,0.0545965475712565
"3804001","3814000",3809000.5,"Fst",0.0218025101663086,0,0.0238531268951783,0.0581480819278065
"3805001","3815000",3810000.5,"Fst",0.0169190166761297,0,0.0314433312545864,0.0811439154227571
"3806001","3816000",3811000.5,"Fst",0.0312144317071004,0,0.0270415673010325,0.0557391557488123
"3807001","3817000",3812000.5,"Fst",0.0322207444906831,0,0.0275903960217009,0.0558108946333954
"3808001","3818000",3813000.5,"Fst",0.0352416328406219,0,0.027511215210362,0.0574376574168002
"3809001","3819000",3814000.5,"Fst",0.0386261447872824,0,0.024662225771672,0.0554323108863352
"3810001","3820000",3815000.5,"Fst",0.0363699414676181,0,0.0230810729100542,0.0531577248442856
"3811001","3821000",3816000.5,"Fst",0.0372765612679673,0,0.0239647970827896,0.0549696958666255
"3812001","3822000",3817000.5,"Fst",0.0332632557316102,0,0.0242456912645428,0.0488886708427458
"3813001","3823000",3818000.5,"Fst",0.0306006754050177,0,0.0275097739949374,0.0621023055163998
"3814001","3824000",3819000.5,"Fst",0.030893157475436,0,0.0279328448274944,0.0626876504068147
"3815001","3825000",3820000.5,"Fst",0.0408537801715539,0,0.0308898231049696,0.0751645794843845
"3816001","3826000",3821000.5,"Fst",0.0345840152616402,0,0.035969349675438,0.101200244820897
"3817001","3827000",3822000.5,"Fst",0.035673004576832,0,0.0352869222342914,0.0966168368206206
"3818001","3828000",3823000.5,"Fst",0.0336279884269833,0,0.0416383505208507,0.100306656592924
"3819001","3829000",3824000.5,"Fst",0.0343097733584162,0,0.0443151255079106,0.106936746329738
"3820001","3830000",3825000.5,"Fst",0.0367940109792965,0,0.0465082644982101,0.113866072085906
"3821001","3831000",3826000.5,"Fst",0.0315006121824304,0,0.0450071149742133,0.112333488689696
"3822001","3832000",3827000.5,"Fst",0.0427223629228526,0,0.0398780991621486,0.112745371665788
"3823001","3833000",3828000.5,"Fst",0.0440345854493662,0,0.0319260392779832,0.0683100904684067
"3824001","3834000",3829000.5,"Fst",0.042672932596998,0,0.0315377217193332,0.0640027458861987
"3825001","3835000",3830000.5,"Fst",0.0201699754277356,0,0.0299999532317024,0.100210427870002
"3826001","3836000",3831000.5,"Fst",0.0201699754277356,0,0.0300006886998873,0.100092978481953
"3827001","3837000",3832000.5,"Fst",0.0174821288741822,0,0.0308971707339121,0.102421912507239
"3828001","3838000",3833000.5,"Fst",0.0177584481564161,0,0.0313867799394575,0.103991491486379
"3829001","3839000",3834000.5,"Fst",0.0176364910492451,0,0.0311785463416963,0.103200734413977
"3830001","3840000",3835000.5,"Fst",0.0176858971946595,0,0.0304822235315331,0.101418599522499
"3831001","3841000",3836000.5,"Fst",0.0157564779637491,0,0.0367552149736855,0.132040735475752
"3832001","3842000",3837000.5,"Fst",0,0,0.040080562482818,0.116656735702834
"3833001","3843000",3838000.5,"Fst",0,0,0.0434081189791785,0.137696246514454
"3834001","3844000",3839000.5,"Fst",0,0,0.0480185361935376,0.157318707333823
"3835001","3845000",3840000.5,"Fst",0,0,0.0452384733970972,0.144289913978328
"3836001","3846000",3841000.5,"Fst",0,0,0.0443864301659526,0.141808396288984
"3837001","3847000",3842000.5,"Fst",0,0,0.0417385382984723,0.148773753451356
"3838001","3848000",3843000.5,"Fst",0,0,0.0379055097819982,0.135953692628712
"3839001","3849000",3844000.5,"Fst",0,0,0.0370533826916354,0.132846491153236
"3840001","3850000",3845000.5,"Fst",0,0,0.0374539686202123,0.133194047669808
"3841001","3851000",3846000.5,"Fst",0,0,0.0364930260797075,0.0798871419225925
"3842001","3852000",3847000.5,"Fst",0,0,0.0389873195313262,0.0833505110205794
"3843001","3853000",3848000.5,"Fst",0,0,0.0377222122826436,0.0807372522397013
"3844001","3854000",3849000.5,"Fst",0,0,0.0322812282108149,0.0673641594093863
"3845001","3855000",3850000.5,"Fst",0,0,0.0340837903335451,0.070053397744993
"3846001","3856000",3851000.5,"Fst",0,0,0.0370013166276189,0.0930146973190787
"3847001","3857000",3852000.5,"Fst",0,0,0.0334905454371126,0.0848714771465988
"3848001","3858000",3853000.5,"Fst",0,0,0.0344528579060632,0.0882455241893902
"3849001","3859000",3854000.5,"Fst",0,0,0.0359722956570151,0.0923061453024658
"3850001","3860000",3855000.5,"Fst",0,0,0.0370646746092317,0.0955832865558079
"3851001","3861000",3856000.5,"Fst",0,0,0.0370646746092317,0.0955832865558079
"3852001","3862000",3857000.5,"Fst",0,0,0.0335842114944686,0.0886732848019043
"3853001","3863000",3858000.5,"Fst",0,0,0.0304867026932571,0.0775823667281075
"3854001","3864000",3859000.5,"Fst",0,0,0.0409495470637105,0.0829586993460363
"3855001","3865000",3860000.5,"Fst",0,0,0.0414329478818236,0.103882454171487
"3856001","3866000",3861000.5,"Fst",0,0,0.039166720802369,0.105410308766756
"3857001","3867000",3862000.5,"Fst",0,0,0.0436164848559449,0.118015222337418
"3858001","3868000",3863000.5,"Fst",0,0,0.0453111933343545,0.128239110442781
"3859001","3869000",3864000.5,"Fst",0,0,0.0421322936752205,0.115962954931086
"3860001","3870000",3865000.5,"Fst",0,0,0.0416561112614933,0.114475581296732
"3861001","3871000",3866000.5,"Fst",0,0,0.0388505717928804,0.107608724417642
"3862001","3872000",3867000.5,"Fst",0,0,0.0402177357042273,0.113859240415089
"3863001","3873000",3868000.5,"Fst",0,0,0.0450118423873154,0.129931674700164
"3864001","3874000",3869000.5,"Fst",0.00567898838976755,0,0.0339646764734037,0.0892511743575574
"3865001","3875000",3870000.5,"Fst",0.0572449056320024,0,0.0200812260378537,0.038273059983872
"3866001","3876000",3871000.5,"Fst",0.0635988200589971,0,0.0296328581630787,0.0776071403602807
"3867001","3877000",3872000.5,"Fst",0.0495440761710881,0,0.0244674812596633,0.0555733397567755
"3868001","3878000",3873000.5,"Fst",0.0433497145430702,0,0.0261023894966032,0.0631774665717225
"3869001","3879000",3874000.5,"Fst",0.0326149844844436,0,0.0311836185660483,0.103828620780294
"3870001","3880000",3875000.5,"Fst",0.0328216219604893,0,0.0313834349605399,0.104462906083652
"3871001","3881000",3876000.5,"Fst",0.0332428528342619,0,0.0319405763528558,0.105731208682028
"3872001","3882000",3877000.5,"Fst",0.0327623159837925,0,0.0315323858221903,0.104258702418364
"3873001","3883000",3878000.5,"Fst",0.0325272199183014,0,0.0313045001769241,0.103537723493268
"3874001","3884000",3879000.5,"Fst",0.0313824998639148,0,0.0332872431003793,0.106983819553726
"3875001","3885000",3880000.5,"Fst",0.0216858935438169,0,0.0353768456514295,0.115706585708019
"3876001","3886000",3881000.5,"Fst",0.00589022275816964,0,0.0356383796198063,0.141325889123367
"3877001","3887000",3882000.5,"Fst",0,0,0.0444852457035487,0.141175315912158
"3878001","3888000",3883000.5,"Fst",0,0,0.0400718042031166,0.162880420194282
"3879001","3889000",3884000.5,"Fst",0.0106577195505138,0,0.0334961479994914,0.106341949475412
"3880001","3890000",3885000.5,"Fst",0.010086896913244,0,0.0318863074972938,0.10109492101524
"3881001","3891000",3886000.5,"Fst",0.0105486984729805,0,0.0315080729090074,0.0988947445469183
"3882001","3892000",3887000.5,"Fst",0.00975236429235238,0,0.0287227234810467,0.0943662211338977
"3883001","3893000",3888000.5,"Fst",0.00947323704333047,0,0.027851454185492,0.0918408553034441
"3884001","3894000",3889000.5,"Fst",0.00904780017750728,0,0.0266482999191667,0.0881344895495837
"3885001","3895000",3890000.5,"Fst",0.00693527623325763,0,0.0276863478502972,0.0958199192600541
"3886001","3896000",3891000.5,"Fst",0.00943967821593139,0,0.0263720947048018,0.0892869921996136
"3887001","3897000",3892000.5,"Fst",0.0087922110495473,0,0.0224938167315972,0.0789736279401284
"3888001","3898000",3893000.5,"Fst",0.0204342638988307,0,0.0143739067073937,0.0255886913562439
"3889001","3899000",3894000.5,"Fst",0.00692392374992756,0,0.012317962894003,0.024202439094051
"3890001","3900000",3895000.5,"Fst",0.00220774133817625,0,0.0173207206116897,0.0293253436168406
"3891001","3901000",3896000.5,"Fst",0.0119355480405811,0,0.0169495001829144,0.0331595392608204
"3892001","3902000",3897000.5,"Fst",0.0120867115174517,0,0.0169030673061172,0.0326020736103737
"3893001","3903000",3898000.5,"Fst",0.00593552788674745,0,0.0241316424581086,0.0567116898522594
"3894001","3904000",3899000.5,"Fst",0.00808443745789356,0,0.0231727372095725,0.0541108961960026
"3895001","3905000",3900000.5,"Fst",0.00766894457099465,0,0.0231246077938024,0.0542609558113435
"3896001","3906000",3901000.5,"Fst",0.0112723247319847,0,0.0227786233747801,0.0443238693238693
"3897001","3907000",3902000.5,"Fst",0.0120913056763733,0,0.0246362891656665,0.0500677683689583
"3898001","3908000",3903000.5,"Fst",0.012219769244921,0,0.0248936110594514,0.0506497100519517
"3899001","3909000",3904000.5,"Fst",0.0127860520314899,0,0.0243124338866572,0.0473265727362469
"3900001","3910000",3905000.5,"Fst",0.0179756298720302,0,0.0231020590421866,0.0488560130628947
"3901001","3911000",3906000.5,"Fst",0.0127820552062976,0,0.0267870204499309,0.0493029297826441
"3902001","3912000",3907000.5,"Fst",0.0135313531353134,0,0.0290343651786361,0.0541604974829731
"3903001","3913000",3908000.5,"Fst",0.0418607847179275,0,0.0223577598404075,0.0575387789260621
"3904001","3914000",3909000.5,"Fst",0.0411697367051722,0,0.0230766372604039,0.0573846573846575
"3905001","3915000",3910000.5,"Fst",0.0404623095018922,0,0.0227719257197865,0.0566195286195286
"3906001","3916000",3911000.5,"Fst",0.0506624869383488,0,0.0209267383498394,0.0442093707898807
"3907001","3917000",3912000.5,"Fst",0.0483715661285755,0,0.019862069991117,0.0432005895801482
"3908001","3918000",3913000.5,"Fst",0.0466614170697606,0,0.0191205113177533,0.0416569786727101
"3909001","3919000",3914000.5,"Fst",0.0656973579786775,0,0.0289933278125881,0.0677544547299515
"3910001","3920000",3915000.5,"Fst",0.051232057783496,0,0.0277842016763843,0.063116077165379
"3911001","3921000",3916000.5,"Fst",0.0508074394923972,0,0.0281258357945074,0.0625883670211861
"3912001","3922000",3917000.5,"Fst",0.0509671107518771,0,0.0281056897457753,0.0624886808358852
"3913001","3923000",3918000.5,"Fst",0.0400638877878645,0,0.0283607932907583,0.0645557344095086
"3914001","3924000",3919000.5,"Fst",0.03882730287403,0,0.0267352922951103,0.0628384548595433
"3915001","3925000",3920000.5,"Fst",0.0392478673415979,0,0.0269790347369286,0.0622479375367653
"3916001","3926000",3921000.5,"Fst",0.0196075088769209,0,0.0227525271965875,0.0508611838635127
"3917001","3927000",3922000.5,"Fst",0.0199097743592135,0,0.0230468908345097,0.0505204228510233
"3918001","3928000",3923000.5,"Fst",0.0201036610448374,0,0.0232685912031838,0.0509676103815003
"3919001","3929000",3924000.5,"Fst",0,0,0.0217528878434604,0.058626677326436
"3920001","3930000",3925000.5,"Fst",0.00274112415251149,0,0.0197627187677432,0.0375163337689005
"3921001","3931000",3926000.5,"Fst",0.0112600879627652,0,0.0224878591664839,0.0403945447423709
"3922001","3932000",3927000.5,"Fst",0.0167636893265941,0,0.0283116560449656,0.0565845630282573
"3923001","3933000",3928000.5,"Fst",0.0259927543878161,0,0.0437705464252451,0.0950287100238624
"3924001","3934000",3929000.5,"Fst",0.0284747136921049,0,0.0483291774094395,0.106814123508387
"3925001","3935000",3930000.5,"Fst",0.0270091372268305,0,0.0479591745546552,0.105516485340798
"3926001","3936000",3931000.5,"Fst",0.0340195450439353,0,0.055902400403231,0.124366267615797
"3927001","3937000",3932000.5,"Fst",0.0344376498442118,0,0.0565313888321072,0.125730940578102
"3928001","3938000",3933000.5,"Fst",0.0341091668877251,0,0.0557586315356683,0.123795800603726
"3929001","3939000",3934000.5,"Fst",0.0338785016329027,0,0.0554778376158412,0.123037397274352
"3930001","3940000",3935000.5,"Fst",0.0333133971291867,0,0.0553436898072137,0.121452787996826
"3931001","3941000",3936000.5,"Fst",0.0313404796110067,0,0.0495576573083137,0.113416405786426
"3932001","3942000",3937000.5,"Fst",0.0327512412258176,0,0.0505736213474923,0.111917478846613
"3933001","3943000",3938000.5,"Fst",0.0217199685576253,0,0.031595454342646,0.0676818405621951
"3934001","3944000",3939000.5,"Fst",0.00181853153578504,0,0.0232902385834716,0.0379939209726442
"3935001","3945000",3940000.5,"Fst",0.00457720541542839,0,0.0102827763496144,0.0131078224101481
"3936001","3946000",3941000.5,"Fst",0.00389209270178614,0,0.00877338213082378,0.0112166440524651
"3937001","3947000",3942000.5,"Fst",0.00352297165200388,0,0.00793650793650791,0.0102015631427396
"3938001","3948000",3943000.5,"Fst",0.00271697775390534,0,0.009044289044289,0.0108041510685685
"3939001","3949000",3944000.5,"Fst",0.0165908743237794,0,0.0283499147006238,0.0564464520986261
"3940001","3950000",3945000.5,"Fst",0.0270778017561502,0,0.0298530207078876,0.0879375894707652
"3941001","3951000",3946000.5,"Fst",0.0239835683402799,0,0.0286091576725764,0.0801051415402826
"3942001","3952000",3947000.5,"Fst",0.024195360952858,0,0.0288712749671215,0.0809271200481179
"3943001","3953000",3948000.5,"Fst",0.0242106322210194,0,0.0288706442696893,0.080979054169349
"3944001","3954000",3949000.5,"Fst",0.0242259227787397,0,0.0288471873384996,0.080979054169349
"3945001","3955000",3950000.5,"Fst",0.0248573698764191,0,0.0280609775851493,0.0759876321956606
"3946001","3956000",3951000.5,"Fst",0.0250823409008486,0,0.0283447990895358,0.0765929335413922
"3947001","3957000",3952000.5,"Fst",0.0252960191761959,0,0.0285997395422728,0.0773034522594791
"3948001","3958000",3953000.5,"Fst",0.0265895186243703,0,0.0296639791565702,0.0779193260525949
"3949001","3959000",3954000.5,"Fst",0.0247077607610779,0,0.0249152936453669,0.0704626459406512
"3950001","3960000",3955000.5,"Fst",0.0273462678173599,0,0.0277629224656747,0.0722581920110666
"3951001","3961000",3956000.5,"Fst",0.0412012292371727,0,0.0368397982623657,0.104423306824679
"3952001","3962000",3957000.5,"Fst",0.0412078261736576,0,0.036840459992242,0.103573809157566
"3953001","3963000",3958000.5,"Fst",0.023888561237959,0,0.0306120673329168,0.0932697997446199
"3954001","3964000",3959000.5,"Fst",0.0234085910345914,0,0.0292565678582109,0.0845073060308852
"3955001","3965000",3960000.5,"Fst",0.022193006993007,0,0.030821496851107,0.0921895881895881
"3956001","3966000",3961000.5,"Fst",0.0228757630754003,0,0.0306734018518593,0.0906165280496832
"3957001","3967000",3962000.5,"Fst",0.0224947271645665,0,0.0302508997291025,0.0890843645319349
"3958001","3968000",3963000.5,"Fst",0.0192479983784331,0,0.0300923724158824,0.0975965236117521
"3959001","3969000",3964000.5,"Fst",0.0213004570419021,0,0.0318521975991058,0.104119943646449
"3960001","3970000",3965000.5,"Fst",0.0103431872239211,0,0.0283211902616347,0.100447054274805
"3961001","3971000",3966000.5,"Fst",0.00078246984721797,0,0.0281859876967908,0.0787291720625053
"3962001","3972000",3967000.5,"Fst",0.000332398091391628,0,0.0288277088487703,0.0792340941129869
"3963001","3973000",3968000.5,"Fst",0.00391589854810526,0,0.0297375990242368,0.064134607530834
"3964001","3974000",3969000.5,"Fst",0.0112281153726426,0,0.0302655253586485,0.0564629834493829
"3965001","3975000",3970000.5,"Fst",0.0112281153726426,0,0.0302655253586485,0.0564629834493829
"3966001","3976000",3971000.5,"Fst",0.0154878960381808,0,0.032409197457033,0.0783719008264462
"3967001","3977000",3972000.5,"Fst",0.0158834759661809,0,0.0333137076399353,0.0805504236478308
"3968001","3978000",3973000.5,"Fst",0.0161028285319286,0,0.033710870963325,0.0814830726929024
"3969001","3979000",3974000.5,"Fst",0.0160750787043256,0,0.033710870963325,0.0813485170173068
"3970001","3980000",3975000.5,"Fst",0.0162525976241432,0,0.0354579258500136,0.0838440710656133
"3971001","3981000",3976000.5,"Fst",0.0251444771562536,0,0.0406555302103038,0.0866534525207674
"3972001","3982000",3977000.5,"Fst",0.0251444771562536,0,0.0406274256978576,0.0866534525207674
"3973001","3983000",3978000.5,"Fst",0.0247477999570723,0,0.0399759416943126,0.085096803673089
"3974001","3984000",3979000.5,"Fst",0.01991341991342,0,0.0506547748563285,0.115174250451018
"3975001","3985000",3980000.5,"Fst",0.0177263969171485,0,0.0452261440837108,0.102853927986907
"3976001","3986000",3981000.5,"Fst",0.0411693404634581,0,0.0366648166815445,0.0935088146884394
"3977001","3987000",3982000.5,"Fst",0.0572351997883912,0,0.0379938432262965,0.101612539184953
"3978001","3988000",3983000.5,"Fst",0.0627569066054871,0,0.0402323258101101,0.109188056428725
"3979001","3989000",3984000.5,"Fst",0.0635589118017234,0,0.0407583203770333,0.110427105702696
"3980001","3990000",3985000.5,"Fst",0.0642328799809113,0,0.0418089133008893,0.110589380038921
"3981001","3991000",3986000.5,"Fst",0.06550024994644,0,0.0446057688023266,0.115309946438038
"3982001","3992000",3987000.5,"Fst",0.06550024994644,0,0.0446057688023266,0.115309946438038
"3983001","3993000",3988000.5,"Fst",0.0661366791051502,0,0.0450599399754162,0.116457425596337
"3984001","3994000",3989000.5,"Fst",0.0672863379089415,0,0.0436357330311496,0.112601057479106
"3985001","3995000",3990000.5,"Fst",0.0670385718839654,0,0.0432924315509849,0.103426939552594
"3986001","3996000",3991000.5,"Fst",0.0757309402339829,0,0.0549394054704983,0.119247943829499
"3987001","3997000",3992000.5,"Fst",0.0684151105516092,0,0.0452111115481662,0.093670120392593
"3988001","3998000",3993000.5,"Fst",0.0627172627172626,0,0.0415059690436484,0.0916140507720102
"3989001","3999000",3994000.5,"Fst",0.0621670250998152,0,0.0411725687551063,0.090832456188946
"3990001","4e+06",3995000.5,"Fst",0.0579259936043856,0,0.0416777397718127,0.0975192896245528
"3991001","4001000",3996000.5,"Fst",0.0566885121858943,0,0.0400772173036461,0.090238760718177
"3992001","4002000",3997000.5,"Fst",0.0534868756299959,0,0.0373883450905897,0.0833866010841342
"3993001","4003000",3998000.5,"Fst",0.0531671029474835,0,0.0371187219484604,0.0829024845612524
"3994001","4004000",3999000.5,"Fst",0.0492945650840387,0,0.038664073161873,0.084283553425449
"3995001","4005000",4000000.5,"Fst",0.0486638204603599,0,0.0371311216541847,0.0834246167243394
"3996001","4006000",4001000.5,"Fst",0.0385088559859045,0,0.0307488018413972,0.0796508456082925
"3997001","4007000",4002000.5,"Fst",0.0345399835871251,0,0.037236466576485,0.0965304047183242
"3998001","4008000",4003000.5,"Fst",0.040811836357259,0,0.030742178611106,0.0594504717961508
"3999001","4009000",4004000.5,"Fst",0.0408363016880904,0,0.030290184013286,0.0589525252525254
"4000001","4010000",4005000.5,"Fst",0.0394724604535925,0,0.0342327412120653,0.0764918812700381
"4001001","4011000",4006000.5,"Fst",0.0360738862730895,0,0.0322922899736879,0.0711323763955343
"4002001","4012000",4007000.5,"Fst",0.03960494003767,0,0.0308913409675954,0.0648660183871451
"4003001","4013000",4008000.5,"Fst",0.0411415140571993,0,0.0351016747190516,0.0766628145865433
"4004001","4014000",4009000.5,"Fst",0.0426987303566155,0,0.0368931531395518,0.0655026348018561
"4005001","4015000",4010000.5,"Fst",0.0474373822647038,0,0.0340269300899674,0.0597949995210268
"4006001","4016000",4011000.5,"Fst",0.0435256279006279,0,0.0307453241083165,0.0538739099929838
"4007001","4017000",4012000.5,"Fst",0.0434923670360563,0,0.0313106388045202,0.0561514951758855
"4008001","4018000",4013000.5,"Fst",0.0356711400914903,0,0.0318707488701927,0.0738379267791032
"4009001","4019000",4014000.5,"Fst",0.0356073428546116,0,0.0322708933304381,0.0795501795501795
"4010001","4020000",4015000.5,"Fst",0.0355318382991339,0,0.0339321258565667,0.0792644084727306
"4011001","4021000",4016000.5,"Fst",0.0371738778155891,0,0.0348526033827028,0.0828025855423117
"4012001","4022000",4017000.5,"Fst",0.0334707200623601,0,0.0335352729463513,0.0670804314976093
"4013001","4023000",4018000.5,"Fst",0.0256522717049034,0,0.031791851087758,0.0659957516453669
"4014001","4024000",4019000.5,"Fst",0.0261462631820266,0,0.0323646371880976,0.0672505074304856
"4015001","4025000",4020000.5,"Fst",0.0166384969393116,0,0.0371221395843468,0.0798177615151733
"4016001","4026000",4021000.5,"Fst",0.0169356761319338,0,0.0380971207611473,0.0813635563720336
"4017001","4027000",4022000.5,"Fst",0.0231883534209116,0,0.0390697758629941,0.0838418349281966
"4018001","4028000",4023000.5,"Fst",0.0893941804681662,0,0.0375006161582472,0.100516383345652
"4019001","4029000",4024000.5,"Fst",0.0948920501375464,0,0.0380459051590653,0.108884446483581
"4020001","4030000",4025000.5,"Fst",0.103784669368692,0,0.0367181648316354,0.119041844672873
"4021001","4031000",4026000.5,"Fst",0.0961172814113991,0,0.0343498161370353,0.110067488621104
"4022001","4032000",4027000.5,"Fst",0.0979691203792684,0,0.0371814735492838,0.114326417950316
"4023001","4033000",4028000.5,"Fst",0.109728220081448,0,0.0377770778846722,0.12175723506142
"4024001","4034000",4029000.5,"Fst",0.108647479823359,0,0.03734058602837,0.120527617477329
"4025001","4035000",4030000.5,"Fst",0.107438126042777,0,0.0370121368941727,0.119322587227097
"4026001","4036000",4031000.5,"Fst",0.106926640212072,0,0.0381436677160178,0.103701819538417
"4027001","4037000",4032000.5,"Fst",0.107935417796253,0,0.0347916016051263,0.108253932668236
"4028001","4038000",4033000.5,"Fst",0.0268581081081082,0,0.0380649232489817,0.0965390189383706
"4029001","4039000",4034000.5,"Fst",0.0318891352549889,0,0.0398775737962468,0.107945108829859
"4030001","4040000",4035000.5,"Fst",0.0345878611184735,0,0.0413102149602688,0.112862886288629
"4031001","4041000",4036000.5,"Fst",0.0388146066254726,0,0.0439837846805843,0.121654625079135
"4032001","4042000",4037000.5,"Fst",0.0420220181722033,0,0.0423459859871478,0.114724047705975
"4033001","4043000",4038000.5,"Fst",0.0402153655001037,0,0.0416167629469719,0.108149020267429
"4034001","4044000",4039000.5,"Fst",0.0389348025711662,0,0.0390515689300702,0.102717900656045
"4035001","4045000",4040000.5,"Fst",0.0396208783873984,0,0.0397415109056732,0.104222137694941
"4036001","4046000",4041000.5,"Fst",0.0436645236098601,0,0.0395261202440671,0.0989035087719297
"4037001","4047000",4042000.5,"Fst",0.0450715488215488,0,0.0409202298519892,0.101124846864907
"4038001","4048000",4043000.5,"Fst",0.0449622655372569,0,0.041130075804447,0.100888888888889
"4039001","4049000",4044000.5,"Fst",0.0413756487343871,0,0.0324625733034247,0.0830513254371122
"4040001","4050000",4045000.5,"Fst",0.0334455667789001,0,0.034107063036884,0.0780150496159726
"4041001","4051000",4046000.5,"Fst",0.0334455667789001,0,0.034014671691306,0.0783160078013752
"4042001","4052000",4047000.5,"Fst",0.0348349968528011,0,0.0355362661953202,0.0816769093431416
"4043001","4053000",4048000.5,"Fst",0.0327916031826646,0,0.0333397991426284,0.0764482201676184
"4044001","4054000",4049000.5,"Fst",0.0356312648473259,0,0.0367076936506661,0.0834730122401355
"4045001","4055000",4050000.5,"Fst",0.0356312648473259,0,0.0367050991290882,0.0832572400519225
"4046001","4056000",4051000.5,"Fst",0.0187888174465354,0,0.0323293492980606,0.0830929989550681
"4047001","4057000",4052000.5,"Fst",0.0283891547049441,0,0.0395868058172497,0.0889201684518904
"4048001","4058000",4053000.5,"Fst",0.0349836159702215,0,0.0439101037109056,0.104264592609292
"4049001","4059000",4054000.5,"Fst",0.0356372120151648,0,0.0447391257465348,0.102343467929503
"4050001","4060000",4055000.5,"Fst",0.0372005230541814,0,0.0377366313857094,0.100381497377205
"4051001","4061000",4056000.5,"Fst",0.0431905259491465,0,0.0410088430189392,0.107501528250808
"4052001","4062000",4057000.5,"Fst",0.0438311688311688,0,0.0386348369973203,0.100718250081619
"4053001","4063000",4058000.5,"Fst",0.043631768400092,0,0.0403442665630081,0.10500338066261
"4054001","4064000",4059000.5,"Fst",0.0450955839385591,0,0.0459283890411842,0.111426409383277
"4055001","4065000",4060000.5,"Fst",0.0450335542495103,0,0.0459267920502493,0.11127904779898
"4056001","4066000",4061000.5,"Fst",0.0404935181532516,0,0.0408235662042953,0.097729466056044
"4057001","4067000",4062000.5,"Fst",0.0393366873888525,0,0.0385526247058115,0.0923347107438016
"4058001","4068000",4063000.5,"Fst",0.0374746528073612,0,0.0353541855906798,0.084573607324156
"4059001","4069000",4064000.5,"Fst",0.0367890259057452,0,0.0363881557308383,0.0832009073953893
"4060001","4070000",4065000.5,"Fst",0.0364443041526374,0,0.0352267576199456,0.0813090174332833
"4061001","4071000",4066000.5,"Fst",0.0314154570305077,0,0.0340744323070238,0.0745359203682754
"4062001","4072000",4067000.5,"Fst",0.0303997083808798,0,0.0370297374882725,0.0772133549232785
"4063001","4073000",4068000.5,"Fst",0.0284669353634871,0,0.0381193901925232,0.0770333213901826
"4064001","4074000",4069000.5,"Fst",0.0208120492268505,0,0.035399943062459,0.0807816852613866
"4065001","4075000",4070000.5,"Fst",0.00947050119024628,0,0.0322622639469382,0.0607277814112346
"4066001","4076000",4071000.5,"Fst",0.000776800260671173,0,0.0323117146243635,0.0949143746756618
"4067001","4077000",4072000.5,"Fst",0.000972300972300943,0,0.0256537178749169,0.0806134510541807
"4068001","4078000",4073000.5,"Fst",0.000938168039471887,0,0.0247554425507514,0.0779083016899462
"4069001","4079000",4074000.5,"Fst",0.000361030110765825,0,0.0261041223195511,0.0810923920514426
"4070001","4080000",4075000.5,"Fst",0.0261399941911125,0,0.0238420578551237,0.0655617128146777
"4071001","4081000",4076000.5,"Fst",0.0254291163382073,0,0.0231429217118547,0.0638290221915864
"4072001","4082000",4077000.5,"Fst",0.0256888162900601,0,0.0211455075559896,0.0592042602883811
"4073001","4083000",4078000.5,"Fst",0.0233674127291149,0,0.0202863126904032,0.0560324319648313
"4074001","4084000",4079000.5,"Fst",0.0231214399635452,0,0.0200304058831881,0.0553521660176546
"4075001","4085000",4080000.5,"Fst",0.0345291811524523,0,0.0212398854534951,0.0443240491022061
"4076001","4086000",4081000.5,"Fst",0.0391244271153977,0,0.0325176044871691,0.0734091072678851
"4077001","4087000",4082000.5,"Fst",0.0493061706524949,0,0.0386351768127035,0.0873035439137133
"4078001","4088000",4083000.5,"Fst",0.0507878073044182,0,0.0445070094196836,0.0974057608121689
"4079001","4089000",4084000.5,"Fst",0.0512793024585476,0,0.0451068096714219,0.100491676514787
"4080001","4090000",4085000.5,"Fst",0.0293556406638447,0,0.040667832104063,0.0971445484142704
"4081001","4091000",4086000.5,"Fst",0.0289547745271287,0,0.0399884254073706,0.0953070843691249
"4082001","4092000",4087000.5,"Fst",0.0271123785382341,0,0.0403943024518937,0.0959620321393008
"4083001","4093000",4088000.5,"Fst",0.0286445469424194,0,0.0415715607942528,0.0996882443108124
"4084001","4094000",4089000.5,"Fst",0.0286117675033811,0,0.0415715607942528,0.099796972529911
"4085001","4095000",4090000.5,"Fst",0.0277749142158666,0,0.0402689079555668,0.0987449693604252
"4086001","4096000",4091000.5,"Fst",0.0238674625038263,0,0.0400007418989977,0.0991959053879123
"4087001","4097000",4092000.5,"Fst",0.015364854390433,0,0.0370961082832192,0.107929147494222
"4088001","4098000",4093000.5,"Fst",0.00787286319201208,0,0.0355756159776314,0.12217960580603
"4089001","4099000",4094000.5,"Fst",0,0,0.0396536217245233,0.143058441786052
"4090001","4100000",4095000.5,"Fst",0.00204331645979239,0,0.014520272534346,0.0231117738143031
"4091001","4101000",4096000.5,"Fst",0.0113672381501224,0,0.0168638920746959,0.0291179955984424
"4092001","4102000",4097000.5,"Fst",0.0219318181818181,0,0.0186679708477176,0.0233428268274976
"4093001","4103000",4098000.5,"Fst",0.0362207321094866,0,0.0314770585857222,0.0763692938722111
"4094001","4104000",4099000.5,"Fst",0.0374900443736489,0,0.0325753305353653,0.0789487151368936
"4095001","4105000",4100000.5,"Fst",0.0416682958618442,0,0.0386250565355043,0.0883140571239066
"4096001","4106000",4101000.5,"Fst",0.0298236999625889,0,0.0356260145141241,0.115067890231289
"4097001","4107000",4102000.5,"Fst",0.0298236999625889,0,0.0356260145141241,0.115067890231289
"4098001","4108000",4103000.5,"Fst",0.0314826259012304,0,0.0335266931076966,0.107164494829693
"4099001","4109000",4104000.5,"Fst",0.0307896206677838,0,0.0349531879854113,0.112296518908089
"4100001","4110000",4105000.5,"Fst",0.0307896206677838,0,0.0349531879854113,0.112296518908089
"4101001","4111000",4106000.5,"Fst",0.0311461915422311,0,0.0298548235984689,0.0934997145420439
"4102001","4112000",4107000.5,"Fst",0.0401515151515152,0,0.0350311170505234,0.101525311793543
"4103001","4113000",4108000.5,"Fst",0.037238956279436,0,0.0308405451738346,0.0915828177634911
"4104001","4114000",4109000.5,"Fst",0.0362251587336663,0,0.0300215403857428,0.0891642194165184
"4105001","4115000",4110000.5,"Fst",0.0356787893297349,0,0.0296587096602577,0.0880022002665708
"4106001","4116000",4111000.5,"Fst",0.043575350823673,0,0.0304748024062781,0.068309280769682
"4107001","4117000",4112000.5,"Fst",0.0428704342867433,0,0.0299734483640948,0.0669888390288805
"4108001","4118000",4113000.5,"Fst",0.041347549050533,0,0.0316089674346446,0.0719562032539133
"4109001","4119000",4114000.5,"Fst",0.0475631894986733,0,0.034157406836358,0.0750987279474511
"4110001","4120000",4115000.5,"Fst",0.0475631894986733,0,0.034157406836358,0.0750987279474511
"4111001","4121000",4116000.5,"Fst",0.051237811642436,0,0.0412582868536769,0.100271603884931
"4112001","4122000",4117000.5,"Fst",0.030022938548835,0,0.0327916601763229,0.0839773312725398
"4113001","4123000",4118000.5,"Fst",0.0642467843906693,0,0.0393127917746239,0.118294164085747
"4114001","4124000",4119000.5,"Fst",0.0661503928170594,0,0.0407177351201254,0.122149586919375
"4115001","4125000",4120000.5,"Fst",0.0689393939393939,0,0.0400423120089787,0.108932165433569
"4116001","4126000",4121000.5,"Fst",0.070854377104377,0,0.041033797457031,0.11148729999855
"4117001","4127000",4122000.5,"Fst",0.0708380097268985,0,0.0365688817590922,0.101284556658589
"4118001","4128000",4123000.5,"Fst",0.0742767480631558,0,0.0384591185016783,0.106072885541593
"4119001","4129000",4124000.5,"Fst",0.087969827025621,0,0.0360242059155731,0.0920438607675635
"4120001","4130000",4125000.5,"Fst",0.087969827025621,0,0.0360242059155731,0.0920438607675635
"4121001","4131000",4126000.5,"Fst",0.0845817181443042,0,0.0346649503656056,0.0885658201447677
"4122001","4132000",4127000.5,"Fst",0.0845817181443042,0,0.0346649503656056,0.0885658201447677
"4123001","4133000",4128000.5,"Fst",0.0438871473354232,0,0.0284844975503221,0.0542005420054199
"4124001","4134000",4129000.5,"Fst",0.0471380471380469,0,0.0302294163778247,0.0574712643678161
"4125001","4135000",4130000.5,"Fst",0.0636507252620997,0,0.0297534605872933,0.0701454545454545
"4126001","4136000",4131000.5,"Fst",0.0571421451355661,0,0.0269626586524356,0.0623286592090752
"4127001","4137000",4132000.5,"Fst",0.050308341447582,0,0.0354887218045112,0.0697643097643099
"4128001","4138000",4133000.5,"Fst",0.050308341447582,0,0.0354887218045112,0.0697643097643099
"4129001","4139000",4134000.5,"Fst",0.0522755646351153,0,0.0360349871482684,0.082422972522501
"4130001","4140000",4135000.5,"Fst",0.0514006039779235,0,0.0342778668635196,0.079126362323281
"4131001","4141000",4136000.5,"Fst",0.0514006039779235,0,0.0342778668635196,0.079126362323281
"4132001","4142000",4137000.5,"Fst",0.0514006039779235,0,0.0342778668635196,0.079126362323281
"4133001","4143000",4138000.5,"Fst",0.0488809665280252,0,0.0328647542165621,0.0758050989600807
"4134001","4144000",4139000.5,"Fst",0.0465202483551107,0,0.0315816632692104,0.0713522208385223
"4135001","4145000",4140000.5,"Fst",0.0298753346322609,0,0.0237835616177428,0.0600847181492341
"4136001","4146000",4141000.5,"Fst",0.0311651241242107,0,0.0204262434270719,0.0537840153973674
"4137001","4147000",4142000.5,"Fst",0.031269255803862,0,0.0204199131903539,0.0536100375287066
"4138001","4148000",4143000.5,"Fst",0.0263909188346488,0,0.0191835099713581,0.0428527462121212
"4139001","4149000",4144000.5,"Fst",0.0115777241440959,0,0.0151548939024721,0.0294337685994024
"4140001","4150000",4145000.5,"Fst",0.0104527262331723,0,0.0248971012001304,0.0602136373188722
"4141001","4151000",4146000.5,"Fst",0.02286643335446,0,0.0263305096883422,0.0802424246887304
"4142001","4152000",4147000.5,"Fst",0.02286643335446,0,0.0263305096883422,0.0802424246887304
"4143001","4153000",4148000.5,"Fst",0.0329912457912457,0,0.0345930558598696,0.1002700270027
"4144001","4154000",4149000.5,"Fst",0.0415319177666004,0,0.0354308466254317,0.0975062060908928
"4145001","4155000",4150000.5,"Fst",0.0432754709017041,0,0.0368741803211424,0.101434696013233
"4146001","4156000",4151000.5,"Fst",0.0432949323831237,0,0.0390449396451913,0.101078418577222
"4147001","4157000",4152000.5,"Fst",0.0437538482019536,0,0.0426352106689461,0.108466202917952
"4148001","4158000",4153000.5,"Fst",0.0475265475265475,0,0.0480447343821255,0.121279007547595
"4149001","4159000",4154000.5,"Fst",0.0485909680462209,0,0.0496606055272651,0.125100927711042
"4150001","4160000",4155000.5,"Fst",0.0516755994037255,0,0.0507700682280948,0.128506761237494
"4151001","4161000",4156000.5,"Fst",0.0470965906782072,0,0.0454389678710131,0.105412679425837
"4152001","4162000",4157000.5,"Fst",0.0470965906782072,0,0.0454389678710131,0.105412679425837
"4153001","4163000",4158000.5,"Fst",0.0457519116397621,0,0.0422478785768574,0.0966488665851725
"4154001","4164000",4159000.5,"Fst",0.0406357643502956,0,0.0432114109903003,0.101000737385442
"4155001","4165000",4160000.5,"Fst",0.0400151536676611,0,0.0430390446213991,0.111868960757247
"4156001","4166000",4161000.5,"Fst",0.0400870102429123,0,0.0470644837140493,0.121433260771915
"4157001","4167000",4162000.5,"Fst",0.037607103304902,0,0.0430709854160335,0.112929581117884
"4158001","4168000",4163000.5,"Fst",0.0306381627685471,0,0.0420649972265328,0.0959749263290578
"4159001","4169000",4164000.5,"Fst",0.0233636059897335,0,0.0370366089612199,0.0764452062891596
"4160001","4170000",4165000.5,"Fst",0.0233636059897335,0,0.0370366089612199,0.0764452062891596
"4161001","4171000",4166000.5,"Fst",0.024287846343521,0,0.0384171434236354,0.109026369168357
"4162001","4172000",4167000.5,"Fst",0.0236670302398003,0,0.0374517023035295,0.106382978723404
"4163001","4173000",4168000.5,"Fst",0.0250921917588585,0,0.0415425035198781,0.109649520112153
"4164001","4174000",4169000.5,"Fst",0.0396289943459754,0,0.0347855203337383,0.0850509087448854
"4165001","4175000",4170000.5,"Fst",0.0382863113897597,0,0.0274733193113657,0.0485045402140047
"4166001","4176000",4171000.5,"Fst",0.024458323694965,0,0.0284891470785751,0.05710327678074
"4167001","4177000",4172000.5,"Fst",0.0246707552811271,0,0.0285615512312287,0.0568637919262519
"4168001","4178000",4173000.5,"Fst",0.0246707552811271,0,0.028562692654627,0.0568637919262519
"4169001","4179000",4174000.5,"Fst",0.0249108321397478,0,0.0288869590748619,0.0575076848284601
"4170001","4180000",4175000.5,"Fst",0.0395297108357165,0,0.0287259535651825,0.0535414540790777
"4171001","4181000",4176000.5,"Fst",0.0378903195684336,0,0.0280102667944038,0.0516048320016413
"4172001","4182000",4177000.5,"Fst",0.0384268444733561,0,0.0279375140290471,0.0517542605782897
"4173001","4183000",4178000.5,"Fst",0.0398645995025341,0,0.0289094835994156,0.056942081927442
"4174001","4184000",4179000.5,"Fst",0.0284417051874679,0,0.0268369585861136,0.049314117737608
"4175001","4185000",4180000.5,"Fst",0.0266762951670277,0,0.0279307014943272,0.0534034282405972
"4176001","4186000",4181000.5,"Fst",0.0461122856471692,0,0.0273681345671032,0.0576102781538146
"4177001","4187000",4182000.5,"Fst",0.0506937453494988,0,0.0313211282622816,0.0657742137144582
"4178001","4188000",4183000.5,"Fst",0.0495253570512272,0,0.0305011931097426,0.0637837973434567
"4179001","4189000",4184000.5,"Fst",0.0676662794074933,0,0.0379738317463624,0.0693375210841621
"4180001","4190000",4185000.5,"Fst",0.04420202020202,0,0.025840433999413,0.051068313528069
"4181001","4191000",4186000.5,"Fst",0.0528949626988842,0,0.02984627676574,0.0565345765345765
"4182001","4192000",4187000.5,"Fst",0.0505247597930526,0,0.0281228837579505,0.0547568710359408
"4183001","4193000",4188000.5,"Fst",0.0498656287647112,0,0.0309056182136205,0.0765753709816517
"4184001","4194000",4189000.5,"Fst",0.055158211953792,0,0.033079149162728,0.0825159810667059
"4185001","4195000",4190000.5,"Fst",0.0458970233306517,0,0.0438019144408141,0.122549547608789
"4186001","4196000",4191000.5,"Fst",0.0491237628257516,0,0.0443938772916337,0.122661026010553
"4187001","4197000",4192000.5,"Fst",0.0476693981848622,0,0.0432001928123547,0.119454002173126
"4188001","4198000",4193000.5,"Fst",0.046888542208355,0,0.04262710479605,0.117609039648755
"4189001","4199000",4194000.5,"Fst",0.0383337549540433,0,0.0499312384437359,0.13875786163522
"4190001","4200000",4195000.5,"Fst",0.0388846120947738,0,0.0506507366936937,0.140615041427661
"4191001","4201000",4196000.5,"Fst",0.0394515317191704,0,0.0512735685487209,0.142522609819122
"4192001","4202000",4197000.5,"Fst",0.0400596082138542,0,0.0507913077207891,0.143925963909848
"4193001","4203000",4198000.5,"Fst",0.0374089351777995,0,0.049133804417223,0.13150990116572
"4194001","4204000",4199000.5,"Fst",0.0384202477920295,0,0.0504656547561432,0.13482448100787
"4195001","4205000",4200000.5,"Fst",0.0418550682154067,0,0.044324351583038,0.115852069077876
"4196001","4206000",4201000.5,"Fst",0.0332836562344758,0,0.0395051203222295,0.10488275937109
"4197001","4207000",4202000.5,"Fst",0.0389480456098318,0,0.0439134570217019,0.118429857614811
"4198001","4208000",4203000.5,"Fst",0.0407217989307541,0,0.0458566072969791,0.122615261886809
"4199001","4209000",4204000.5,"Fst",0.0344119157678481,0,0.0402940473625294,0.10724129778742
"4200001","4210000",4205000.5,"Fst",0.0389461930505345,0,0.0484759604578643,0.116390331393773
"4201001","4211000",4206000.5,"Fst",0.0389461930505345,0,0.0484759604578643,0.116390331393773
"4202001","4212000",4207000.5,"Fst",0.0394248774689396,0,0.0451904305020249,0.108332559507227
"4203001","4213000",4208000.5,"Fst",0.0431586452762923,0,0.0495240007668548,0.118500084645336
"4204001","4214000",4209000.5,"Fst",0.0395737308358667,0,0.0450206817410483,0.108721246291723
"4205001","4215000",4210000.5,"Fst",0.0443554269747659,0,0.0524067626703792,0.12276348683442
"4206001","4216000",4211000.5,"Fst",0.0465973798431091,0,0.0567644407461341,0.131601020471657
"4207001","4217000",4212000.5,"Fst",0.0451311077740556,0,0.0536990457939075,0.127449494949495
"4208001","4218000",4213000.5,"Fst",0.0451311077740556,0,0.0534587205561739,0.127982756434639
"4209001","4219000",4214000.5,"Fst",0.0310821408827349,0,0.0526552914803408,0.137075143325143
"4210001","4220000",4215000.5,"Fst",0.0216290713700041,0,0.0534927468136558,0.143150485020173
"4211001","4221000",4216000.5,"Fst",0.0216290713700041,0,0.0534927468136558,0.143150485020173
"4212001","4222000",4217000.5,"Fst",0.0216290713700041,0,0.0534927468136558,0.143150485020173
"4213001","4223000",4218000.5,"Fst",0.0216290713700041,0,0.0534927468136558,0.143150485020173
"4214001","4224000",4219000.5,"Fst",0.0221650129614731,0,0.0544948981545615,0.147841197226803
"4215001","4225000",4220000.5,"Fst",0.0147007262709743,0,0.0485262662912178,0.13785938547289
"4216001","4226000",4221000.5,"Fst",0.0142303030303031,0,0.0472155538906235,0.133507567216699
"4217001","4227000",4222000.5,"Fst",0.0138427072279214,0,0.0459678405478111,0.129422089749959
"4218001","4228000",4223000.5,"Fst",0.0142303030303031,0,0.0472092683427944,0.133507567216699
"4219001","4229000",4224000.5,"Fst",0.027218349893717,0,0.035407159303694,0.0672075335023542
"4220001","4230000",4225000.5,"Fst",0.027218349893717,0,0.0352584943789057,0.066834750036018
"4221001","4231000",4226000.5,"Fst",0.0355117062093805,0,0.0395542745609458,0.0951965990408328
"4222001","4232000",4227000.5,"Fst",0.0311607168214478,0,0.0347948572187716,0.0891424476690507
"4223001","4233000",4228000.5,"Fst",0.0231696601892152,0,0.0389072844293651,0.105154491067122
"4224001","4234000",4229000.5,"Fst",0.0240789110445734,0,0.040444358400625,0.109031324480763
"4225001","4235000",4230000.5,"Fst",0.0203907990444749,0,0.0399851546431348,0.110476343309529
"4226001","4236000",4231000.5,"Fst",0.0322467771639042,0,0.0407196889068171,0.112385305569663
"4227001","4237000",4232000.5,"Fst",0.0360632648515028,0,0.0449839157383671,0.117660203025505
"4228001","4238000",4233000.5,"Fst",0.0384854707236637,0,0.0471520749109199,0.122365056818182
"4229001","4239000",4234000.5,"Fst",0.0387403185737248,0,0.0512313134282633,0.130170949847164
"4230001","4240000",4235000.5,"Fst",0.0353783388499732,0,0.0487096342628272,0.122147670628134
"4231001","4241000",4236000.5,"Fst",0.0334033172370355,0,0.0467774080048071,0.119259406773098
"4232001","4242000",4237000.5,"Fst",0.0352840404040403,0,0.0511555428239791,0.130114998454186
"4233001","4243000",4238000.5,"Fst",0.0375167144221584,0,0.0512645059941474,0.122969500125762
"4234001","4244000",4239000.5,"Fst",0.0389881316530036,0,0.051657502034824,0.125390785139313
"4235001","4245000",4240000.5,"Fst",0.038669356673695,0,0.051243720621815,0.124420452152606
"4236001","4246000",4241000.5,"Fst",0.0379223788376134,0,0.0516655160412993,0.124224748395365
"4237001","4247000",4242000.5,"Fst",0.0347559835753836,0,0.0475910231390892,0.116048519207054
"4238001","4248000",4243000.5,"Fst",0.0336402524753956,0,0.0440496960202653,0.109258688580723
"4239001","4249000",4244000.5,"Fst",0.0336402524753956,0,0.0440496960202653,0.109258688580723
"4240001","4250000",4245000.5,"Fst",0.0393225821797251,0,0.0480788272416696,0.118458239685861
"4241001","4251000",4246000.5,"Fst",0.0433028927816121,0,0.0445868032894613,0.111276385212493
"4242001","4252000",4247000.5,"Fst",0.0448151242943051,0,0.046814048227151,0.113319046605471
"4243001","4253000",4248000.5,"Fst",0.0468046356186272,0,0.0483085878613896,0.118888885985382
"4244001","4254000",4249000.5,"Fst",0.046569010194272,0,0.0475525555277382,0.116986799491421
"4245001","4255000",4250000.5,"Fst",0.046819156156816,0,0.04786183180299,0.117587755846971
"4246001","4256000",4251000.5,"Fst",0.0462556382832204,0,0.0464526319216503,0.114766075939017
"4247001","4257000",4252000.5,"Fst",0.0469106777833227,0,0.0475349593828392,0.117002427210837
"4248001","4258000",4253000.5,"Fst",0.0476468883157332,0,0.0487048447411605,0.11855779802744
"4249001","4259000",4254000.5,"Fst",0.0476468883157332,0,0.0487048447411605,0.11855779802744
"4250001","4260000",4255000.5,"Fst",0.0477480575459377,0,0.0488263976104512,0.117283775287994
"4251001","4261000",4256000.5,"Fst",0.0472733806067138,0,0.0578075536752863,0.136505158065882
"4252001","4262000",4257000.5,"Fst",0,0,0,0
"4253001","4263000",4258000.5,"Fst",0.0298467630853995,0,0.0539521723256663,0.112018698486899
